Intermediate Zone - Data Zone 2011,Day-to-day activities limited a lot,Day-to-day activities limited a little,Day-to-day activities not limited
S01006506,63,140,766
S01006507,59,115,584
S01006508,33,59,448
S01006509,43,74,439
S01006510,79,80,461
S01006511,63,89,550
S01006512,37,81,480
S01006513,132,94,903
S01006514,63,75,899
S01006515,22,51,665
S01006516,59,67,499
S01006517,81,174,1801
S01006518,25,53,565
S01006519,46,71,697
S01006520,23,36,624
S01006521,22,62,633
S01006522,18,52,624
S01006523,54,107,721
S01006524,151,135,753
S01006525,62,100,650
S01006526,93,139,648
S01006527,66,119,728
S01006528,100,146,904
S01006529,95,109,674
S01006530,88,106,541
S01006531,101,124,647
S01006532,71,87,504
S01006533,41,59,604
S01006534,38,82,759
S01006535,39,87,861
S01006536,46,96,600
S01006537,86,80,653
S01006538,31,66,455
S01006539,56,85,592
S01006540,38,90,735
S01006541,63,111,658
S01006542,74,125,868
S01006543,47,80,637
S01006544,105,85,886
S01006545,66,137,776
S01006546,26,62,487
S01006547,147,193,1936
S01006548,27,82,577
S01006549,34,90,741
S01006550,80,81,716
S01006551,63,83,387
S01006552,41,113,776
S01006553,100,102,592
S01006554,81,105,617
S01006555,59,55,313
S01006556,104,109,529
S01006557,91,117,541
S01006558,30,75,455
S01006559,28,52,440
S01006560,65,109,790
S01006561,32,70,677
S01006562,74,88,772
S01006563,66,84,689
S01006564,87,108,637
S01006565,43,100,589
S01006566,27,105,639
S01006567,65,102,521
S01006568,28,98,754
S01006569,23,54,406
S01006570,25,66,607
S01006571,43,84,885
S01006572,52,79,760
S01006573,19,46,650
S01006574,37,74,870
S01006575,30,80,768
S01006576,32,65,560
S01006577,25,66,654
S01006578,42,90,860
S01006579,37,83,701
S01006580,22,61,569
S01006581,39,86,718
S01006582,37,94,753
S01006583,36,64,774
S01006584,25,57,527
S01006585,62,95,671
S01006586,76,134,969
S01006587,32,67,508
S01006588,30,65,531
S01006589,25,55,534
S01006590,34,72,630
S01006591,25,49,594
S01006592,10,55,568
S01006593,25,59,531
S01006594,39,71,388
S01006595,24,77,748
S01006596,45,76,628
S01006597,23,47,377
S01006598,48,79,720
S01006599,89,127,571
S01006600,105,135,846
S01006601,66,109,725
S01006602,51,107,636
S01006603,76,114,466
S01006604,61,73,480
S01006605,97,102,471
S01006606,81,104,582
S01006607,57,119,671
S01006608,108,213,2090
S01006609,96,133,650
S01006610,62,65,333
S01006611,102,131,652
S01006612,78,97,574
S01006613,30,42,404
S01006614,14,57,537
S01006615,22,62,683
S01006616,29,70,540
S01006617,61,88,596
S01006618,36,63,329
S01006619,51,92,592
S01006620,84,82,585
S01006621,31,55,378
S01006622,27,57,505
S01006623,61,113,793
S01006624,76,102,741
S01006625,44,92,383
S01006626,57,77,353
S01006627,74,91,504
S01006628,78,107,581
S01006629,150,116,586
S01006630,87,111,483
S01006631,99,138,667
S01006632,79,92,462
S01006633,68,88,466
S01006634,41,83,414
S01006635,62,87,463
S01006636,85,119,604
S01006637,50,79,458
S01006638,69,114,560
S01006639,112,143,667
S01006640,34,77,819
S01006641,58,111,825
S01006642,50,169,1146
S01006643,17,84,487
S01006644,44,103,926
S01006645,66,80,432
S01006646,46,106,917
S01006647,51,70,479
S01006648,60,153,1075
S01006649,66,132,775
S01006650,40,81,547
S01006651,62,109,690
S01006652,51,89,845
S01006653,28,73,483
S01006654,86,119,547
S01006655,100,122,831
S01006656,54,96,729
S01006657,26,54,362
S01006658,94,130,1195
S01006659,27,79,515
S01006660,19,41,435
S01006661,26,68,379
S01006662,52,79,573
S01006663,17,70,401
S01006664,18,47,370
S01006665,33,95,760
S01006666,122,158,772
S01006667,81,106,476
S01006668,42,99,691
S01006669,105,126,713
S01006670,63,186,1089
S01006671,53,257,1678
S01006672,76,97,529
S01006673,86,91,577
S01006674,118,139,500
S01006675,78,96,608
S01006676,83,87,416
S01006677,80,147,774
S01006678,179,188,1172
S01006679,42,97,421
S01006680,93,116,666
S01006681,150,147,538
S01006682,74,86,717
S01006683,71,116,679
S01006684,104,91,442
S01006685,65,89,378
S01006686,59,69,337
S01006687,87,112,518
S01006688,110,154,588
S01006689,42,82,973
S01006690,37,70,465
S01006691,38,88,511
S01006692,46,118,483
S01006693,93,128,795
S01006694,160,160,556
S01006695,76,94,525
S01006696,88,115,535
S01006697,86,92,577
S01006698,99,102,441
S01006699,19,41,336
S01006700,72,120,541
S01006701,82,79,442
S01006702,81,95,537
S01006703,81,90,404
S01006704,68,87,356
S01006705,103,121,567
S01006706,68,73,439
S01006707,54,64,342
S01006708,120,100,550
S01006709,115,136,609
S01006710,118,155,538
S01006711,156,134,538
S01006712,66,73,358
S01006713,121,142,646
S01006714,99,98,458
S01006715,58,93,421
S01006716,65,90,397
S01006717,143,130,626
S01006718,68,80,449
S01006719,109,118,717
S01006720,82,85,425
S01006721,91,93,563
S01006722,67,112,490
S01006723,80,86,443
S01006724,87,117,618
S01006725,79,94,466
S01006726,65,83,490
S01006727,180,152,771
S01006728,67,91,595
S01006729,147,152,759
S01006730,67,79,518
S01006731,88,83,331
S01006732,59,161,1387
S01006733,23,79,758
S01006734,76,72,798
S01006735,48,65,406
S01006736,27,71,958
S01006737,80,147,1324
S01006738,62,143,1383
S01006739,95,145,1544
S01006740,71,101,513
S01006741,98,100,448
S01006742,70,53,329
S01006743,73,107,680
S01006744,50,70,389
S01006745,114,141,624
S01006746,110,123,606
S01006747,70,132,941
S01006748,110,177,1282
S01006749,101,127,646
S01006750,91,78,473
S01006751,39,51,304
S01006752,74,102,474
S01006753,77,125,719
S01006754,57,110,665
S01006755,31,82,609
S01006756,65,69,607
S01006757,105,85,599
S01006758,35,67,504
S01006759,31,63,413
S01006760,17,56,392
S01006761,48,108,486
S01006762,133,158,1343
S01006763,32,61,732
S01006764,34,90,569
S01006765,21,55,482
S01006766,20,40,487
S01006767,49,88,496
S01006768,29,39,488
S01006769,73,109,696
S01006770,29,96,494
S01006771,21,40,328
S01006772,41,89,632
S01006773,129,101,692
S01006774,25,75,426
S01006775,76,105,746
S01006776,81,85,345
S01006777,44,74,474
S01006778,61,80,428
S01006779,56,85,386
S01006780,36,61,376
S01006781,54,83,454
S01006782,46,110,657
S01006783,41,82,350
S01006784,31,85,432
S01006785,19,58,427
S01006786,34,81,645
S01006787,57,78,465
S01006788,109,168,1929
S01006789,43,78,441
S01006790,83,150,589
S01006791,43,73,498
S01006792,24,62,356
S01006793,34,84,462
S01006794,49,62,452
S01006795,48,86,614
S01006796,30,114,825
S01006797,42,79,452
S01006798,31,71,515
S01006799,69,133,671
S01006800,21,97,738
S01006801,134,149,1131
S01006802,55,95,626
S01006803,72,81,488
S01006804,49,92,606
S01006805,65,131,901
S01006806,64,143,905
S01006807,32,88,554
S01006808,35,66,614
S01006809,92,150,621
S01006810,78,122,697
S01006811,63,113,945
S01006812,46,87,758
S01006813,59,103,682
S01006814,18,82,663
S01006815,61,77,466
S01006816,57,91,468
S01006817,51,85,696
S01006818,46,92,660
S01006819,47,107,983
S01006820,45,64,595
S01006821,57,128,1694
S01006822,33,103,971
S01006823,66,77,523
S01006824,79,107,662
S01006825,39,83,596
S01006826,68,129,675
S01006827,72,108,605
S01006828,82,153,569
S01006829,9,32,362
S01006830,91,107,504
S01006831,31,53,378
S01006832,70,112,725
S01006833,29,59,376
S01006834,13,23,433
S01006835,91,170,521
S01006836,22,52,462
S01006837,40,73,414
S01006838,38,53,513
S01006839,62,109,630
S01006840,47,96,906
S01006841,44,95,650
S01006842,45,78,569
S01006843,46,76,622
S01006844,45,76,472
S01006845,40,80,718
S01006846,39,65,364
S01006847,67,67,506
S01006848,71,161,1503
S01006849,65,121,1928
S01006850,57,107,734
S01006851,91,106,529
S01006852,39,69,453
S01006853,30,76,861
S01006854,63,129,713
S01006855,27,96,710
S01006856,23,63,647
S01006857,57,115,1056
S01006858,25,51,559
S01006859,37,113,793
S01006860,44,71,295
S01006861,20,43,503
S01006862,47,97,562
S01006863,40,92,503
S01006864,42,77,635
S01006865,83,125,767
S01006866,25,67,424
S01006867,41,100,517
S01006868,65,86,639
S01006869,31,48,415
S01006870,30,40,366
S01006871,68,77,514
S01006872,27,96,1114
S01006873,131,161,766
S01006874,28,59,456
S01006875,74,93,550
S01006876,69,135,764
S01006877,43,110,772
S01006878,56,89,539
S01006879,83,93,571
S01006880,26,56,651
S01006881,29,71,462
S01006882,32,56,231
S01006883,36,61,325
S01006884,76,137,689
S01006885,61,111,965
S01006886,48,120,856
S01006887,38,76,618
S01006888,55,102,754
S01006889,72,125,550
S01006890,39,63,480
S01006891,94,137,755
S01006892,63,91,428
S01006893,41,75,361
S01006894,95,133,680
S01006895,35,61,483
S01006896,57,118,589
S01006897,49,77,514
S01006898,58,96,579
S01006899,15,64,465
S01006900,17,61,377
S01006901,60,95,393
S01006902,70,91,447
S01006903,70,130,647
S01006904,87,118,437
S01006905,66,131,646
S01006906,104,147,513
S01006907,60,96,532
S01006908,71,121,576
S01006909,46,116,1051
S01006910,44,105,894
S01006911,15,50,700
S01006912,35,76,773
S01006913,82,181,2329
S01006914,27,71,583
S01006915,51,102,709
S01006916,24,53,435
S01006917,29,54,947
S01006918,26,62,392
S01006919,28,58,335
S01006920,38,56,344
S01006921,21,65,715
S01006922,24,77,621
S01006923,73,113,584
S01006924,18,63,459
S01006925,36,41,333
S01006926,31,60,654
S01006927,23,69,1039
S01006928,53,106,963
S01006929,32,75,682
S01006930,36,81,703
S01006931,19,42,282
S01006932,33,64,1116
S01006933,18,45,432
S01006934,89,115,1011
S01006935,46,102,504
S01006936,28,82,461
S01006937,41,85,574
S01006938,51,59,318
S01006939,28,62,467
S01006940,52,109,690
S01006941,34,61,473
S01006942,39,83,778
S01006943,14,31,611
S01006944,44,84,1021
S01006945,16,52,359
S01006946,33,76,558
S01006947,33,78,686
S01006948,73,101,738
S01006949,28,83,570
S01006950,33,61,699
S01006951,28,58,354
S01006952,58,106,717
S01006953,29,63,688
S01006954,65,103,722
S01006955,45,59,445
S01006956,44,90,875
S01006957,64,117,899
S01006958,97,159,1114
S01006959,99,103,487
S01006960,25,61,864
S01006961,25,80,837
S01006962,66,110,640
S01006963,42,80,517
S01006964,49,90,545
S01006965,46,83,325
S01006966,50,84,423
S01006967,27,69,517
S01006968,32,61,326
S01006969,115,108,610
S01006970,23,72,556
S01006971,56,90,364
S01006972,22,80,631
S01006973,43,83,689
S01006974,43,135,782
S01006975,54,127,865
S01006976,28,43,395
S01006977,43,63,662
S01006978,62,134,805
S01006979,65,109,845
S01006980,40,87,765
S01006981,46,80,675
S01006982,56,103,756
S01006983,55,86,549
S01006984,38,85,841
S01006985,72,149,772
S01006986,50,85,638
S01006987,64,103,455
S01006988,23,52,416
S01006989,72,147,1074
S01006990,35,67,748
S01006991,44,64,320
S01006992,35,75,501
S01006993,45,89,407
S01006994,38,67,442
S01006995,49,86,749
S01006996,61,93,803
S01006997,26,79,705
S01006998,76,165,1117
S01006999,71,107,687
S01007000,73,124,752
S01007001,109,153,794
S01007002,91,98,500
S01007003,30,67,435
S01007004,51,103,627
S01007005,51,89,769
S01007006,65,117,670
S01007007,56,104,640
S01007008,119,162,721
S01007009,80,153,775
S01007010,100,124,544
S01007011,87,142,558
S01007012,76,106,493
S01007013,34,51,440
S01007014,42,106,906
S01007015,53,71,507
S01007016,44,83,448
S01007017,100,130,729
S01007018,75,103,650
S01007019,50,90,397
S01007020,84,102,461
S01007021,77,116,631
S01007022,42,67,348
S01007023,51,65,362
S01007024,80,139,777
S01007025,108,145,609
S01007026,101,141,625
S01007027,102,175,760
S01007028,89,157,949
S01007029,37,54,465
S01007030,67,118,601
S01007031,74,65,459
S01007032,135,169,633
S01007033,71,67,454
S01007034,59,76,381
S01007035,95,121,607
S01007036,111,140,643
S01007037,94,138,643
S01007038,56,103,457
S01007039,82,113,813
S01007040,55,96,435
S01007041,53,90,570
S01007042,70,88,604
S01007043,93,127,735
S01007044,66,96,491
S01007045,87,105,602
S01007046,76,94,389
S01007047,70,73,450
S01007048,69,112,634
S01007049,82,140,713
S01007050,68,93,508
S01007051,55,98,598
S01007052,54,102,849
S01007053,44,70,415
S01007054,118,136,707
S01007055,35,60,504
S01007056,64,85,540
S01007057,53,70,380
S01007058,65,88,374
S01007059,99,134,785
S01007060,55,75,362
S01007061,51,118,763
S01007062,45,86,564
S01007063,63,103,498
S01007064,45,84,859
S01007065,47,82,491
S01007066,70,105,696
S01007067,41,80,348
S01007068,90,97,482
S01007069,70,87,673
S01007070,72,62,363
S01007071,74,97,612
S01007072,42,65,531
S01007073,90,195,797
S01007074,57,85,438
S01007075,61,91,538
S01007076,51,88,526
S01007077,72,102,536
S01007078,76,112,551
S01007079,115,153,627
S01007080,102,97,561
S01007081,76,111,537
S01007082,65,71,369
S01007083,139,169,695
S01007084,88,114,368
S01007085,85,136,684
S01007086,126,195,794
S01007087,186,147,596
S01007088,79,82,368
S01007089,36,65,378
S01007090,36,55,345
S01007091,61,88,690
S01007092,83,101,360
S01007093,107,105,647
S01007094,76,107,683
S01007095,51,79,427
S01007096,44,95,788
S01007097,79,173,2113
S01007098,55,79,1013
S01007099,66,86,716
S01007100,53,93,590
S01007101,111,125,560
S01007102,59,97,545
S01007103,80,106,637
S01007104,38,58,482
S01007105,66,60,387
S01007106,83,92,459
S01007107,59,86,600
S01007108,80,109,1156
S01007109,105,119,608
S01007110,69,108,590
S01007111,53,63,366
S01007112,51,67,394
S01007113,70,88,397
S01007114,69,119,656
S01007115,84,100,455
S01007116,43,85,763
S01007117,21,47,362
S01007118,70,84,471
S01007119,82,100,477
S01007120,153,138,719
S01007121,89,105,304
S01007122,51,78,422
S01007123,95,95,528
S01007124,86,107,642
S01007125,90,103,615
S01007126,122,131,676
S01007127,145,133,629
S01007128,123,124,494
S01007129,45,92,777
S01007130,60,68,421
S01007131,69,106,570
S01007132,71,93,488
S01007133,52,71,457
S01007134,81,91,471
S01007135,32,54,415
S01007136,33,68,517
S01007137,19,46,669
S01007138,50,84,472
S01007139,64,108,551
S01007140,78,135,931
S01007141,70,113,1011
S01007142,82,78,950
S01007143,18,50,547
S01007144,123,145,642
S01007145,100,152,697
S01007146,58,102,570
S01007147,65,106,503
S01007148,32,62,379
S01007149,54,95,360
S01007150,116,126,544
S01007151,65,135,989
S01007152,70,78,385
S01007153,60,87,512
S01007154,123,139,463
S01007155,65,81,476
S01007156,68,92,539
S01007157,55,77,478
S01007158,70,117,692
S01007159,130,161,887
S01007160,97,118,601
S01007161,83,108,538
S01007162,74,91,337
S01007163,106,122,677
S01007164,63,91,402
S01007165,98,121,581
S01007166,64,91,493
S01007167,51,96,609
S01007168,58,104,725
S01007169,62,105,542
S01007170,44,78,582
S01007171,72,137,1033
S01007172,115,136,733
S01007173,67,92,666
S01007174,92,101,791
S01007175,55,87,544
S01007176,47,88,510
S01007177,65,86,402
S01007178,92,137,514
S01007179,109,122,621
S01007180,58,114,603
S01007181,91,104,501
S01007182,106,118,704
S01007183,135,159,752
S01007184,133,154,686
S01007185,134,112,578
S01007186,87,101,367
S01007187,112,108,487
S01007188,76,66,437
S01007189,134,154,540
S01007190,123,145,523
S01007191,53,66,358
S01007192,102,155,906
S01007193,75,80,524
S01007194,74,82,341
S01007195,72,102,401
S01007196,92,109,724
S01007197,80,88,419
S01007198,61,75,357
S01007199,103,130,467
S01007200,90,130,622
S01007201,90,114,477
S01007202,86,95,518
S01007203,47,68,343
S01007204,86,166,684
S01007205,38,92,525
S01007206,43,42,253
S01007207,77,116,653
S01007208,137,172,701
S01007209,113,108,478
S01007210,64,103,461
S01007211,140,139,680
S01007212,31,59,299
S01007213,85,115,615
S01007214,105,116,447
S01007215,83,81,400
S01007216,67,103,667
S01007217,110,126,672
S01007218,65,113,644
S01007219,78,102,513
S01007220,70,121,563
S01007221,81,113,793
S01007222,66,104,477
S01007223,26,73,458
S01007224,61,60,474
S01007225,67,98,664
S01007226,84,119,546
S01007227,102,154,658
S01007228,48,80,426
S01007229,91,154,894
S01007230,78,112,540
S01007231,64,119,487
S01007232,110,130,473
S01007233,64,89,496
S01007234,60,88,467
S01007235,96,132,580
S01007236,48,87,492
S01007237,58,105,439
S01007238,85,106,610
S01007239,101,135,738
S01007240,48,78,477
S01007241,52,86,469
S01007242,89,127,755
S01007243,51,92,500
S01007244,60,102,540
S01007245,78,107,490
S01007246,73,118,648
S01007247,61,107,511
S01007248,53,96,578
S01007249,63,69,362
S01007250,76,105,540
S01007251,60,72,346
S01007252,55,111,538
S01007253,114,185,991
S01007254,110,129,434
S01007255,98,131,525
S01007256,108,147,544
S01007257,66,79,397
S01007258,82,124,531
S01007259,136,148,590
S01007260,111,113,554
S01007261,75,95,615
S01007262,76,106,512
S01007263,76,106,484
S01007264,97,105,504
S01007265,134,163,677
S01007266,74,84,485
S01007267,32,70,460
S01007268,59,91,461
S01007269,37,40,297
S01007270,57,74,419
S01007271,105,142,685
S01007272,111,132,606
S01007273,60,95,467
S01007274,111,135,527
S01007275,69,102,406
S01007276,85,127,715
S01007277,60,96,571
S01007278,37,73,394
S01007279,45,79,454
S01007280,42,77,449
S01007281,75,115,647
S01007282,33,75,430
S01007283,109,134,660
S01007284,61,138,666
S01007285,71,139,737
S01007286,80,131,834
S01007287,43,74,524
S01007288,58,84,493
S01007289,41,88,695
S01007290,92,109,815
S01007291,93,90,441
S01007292,45,76,536
S01007293,61,104,503
S01007294,86,102,705
S01007295,72,74,265
S01007296,73,80,386
S01007297,48,102,683
S01007298,63,67,381
S01007299,66,101,534
S01007300,44,60,326
S01007301,110,173,977
S01007302,54,96,414
S01007303,97,126,814
S01007304,43,119,570
S01007305,49,97,593
S01007306,69,120,607
S01007307,55,114,731
S01007308,77,99,651
S01007309,52,102,581
S01007310,74,147,604
S01007311,85,99,583
S01007312,65,115,548
S01007313,63,176,808
S01007314,52,77,519
S01007315,73,126,556
S01007316,123,136,576
S01007317,73,115,653
S01007318,70,63,418
S01007319,71,106,524
S01007320,65,97,602
S01007321,64,98,492
S01007322,59,102,537
S01007323,38,61,335
S01007324,29,53,295
S01007325,68,128,627
S01007326,79,121,790
S01007327,69,102,511
S01007328,76,94,500
S01007329,91,137,556
S01007330,104,145,497
S01007331,106,128,813
S01007332,52,67,384
S01007333,43,93,521
S01007334,123,78,351
S01007335,84,119,588
S01007336,106,72,328
S01007337,84,101,429
S01007338,86,83,526
S01007339,65,109,438
S01007340,66,91,343
S01007341,86,139,462
S01007342,79,119,530
S01007343,74,106,496
S01007344,56,62,271
S01007345,91,83,334
S01007346,110,116,271
S01007347,102,101,400
S01007348,93,95,358
S01007349,54,52,320
S01007350,87,90,336
S01007351,68,130,533
S01007352,45,98,419
S01007353,77,101,497
S01007354,102,143,486
S01007355,125,168,751
S01007356,90,116,450
S01007357,76,102,533
S01007358,70,107,639
S01007359,137,132,589
S01007360,71,87,356
S01007361,139,137,664
S01007362,128,148,452
S01007363,105,100,441
S01007364,118,117,555
S01007365,54,89,311
S01007366,100,82,309
S01007367,74,87,326
S01007368,76,99,376
S01007369,92,104,490
S01007370,101,103,446
S01007371,76,100,457
S01007372,138,167,553
S01007373,53,75,412
S01007374,61,56,336
S01007375,41,52,307
S01007376,118,123,531
S01007377,46,81,464
S01007378,46,74,636
S01007379,77,77,444
S01007380,51,72,423
S01007381,55,73,439
S01007382,57,96,479
S01007383,71,113,522
S01007384,50,83,673
S01007385,74,109,648
S01007386,45,107,620
S01007387,45,102,608
S01007388,31,83,469
S01007389,38,57,462
S01007390,32,52,421
S01007391,24,63,417
S01007392,53,77,318
S01007393,127,117,543
S01007394,67,100,464
S01007395,123,170,596
S01007396,107,105,460
S01007397,98,148,671
S01007398,97,87,444
S01007399,75,94,403
S01007400,75,116,461
S01007401,61,114,557
S01007402,44,85,453
S01007403,58,121,1038
S01007404,39,57,446
S01007405,30,63,518
S01007406,64,71,533
S01007407,59,75,496
S01007408,60,63,402
S01007409,111,115,484
S01007410,103,99,463
S01007411,142,138,556
S01007412,55,66,310
S01007413,68,104,708
S01007414,44,79,564
S01007415,142,151,599
S01007416,84,72,392
S01007417,86,107,793
S01007418,105,108,426
S01007419,109,113,657
S01007420,151,229,1107
S01007421,74,75,525
S01007422,87,88,422
S01007423,56,101,639
S01007424,59,91,613
S01007425,75,117,650
S01007426,96,118,642
S01007427,94,93,394
S01007428,144,128,562
S01007429,75,98,704
S01007430,42,69,272
S01007431,43,62,339
S01007432,110,142,649
S01007433,113,152,776
S01007434,63,67,326
S01007435,73,103,476
S01007436,87,102,437
S01007437,50,55,298
S01007438,82,116,414
S01007439,92,101,470
S01007440,84,81,449
S01007441,42,78,357
S01007442,27,66,339
S01007443,91,96,716
S01007444,74,149,850
S01007445,19,66,549
S01007446,18,39,405
S01007447,32,57,402
S01007448,111,140,704
S01007449,113,151,615
S01007450,107,105,466
S01007451,79,90,400
S01007452,89,153,1051
S01007453,34,61,711
S01007454,73,81,399
S01007455,120,112,602
S01007456,122,129,536
S01007457,131,167,675
S01007458,51,56,373
S01007459,73,105,416
S01007460,148,146,495
S01007461,104,105,419
S01007462,77,83,559
S01007463,147,163,738
S01007464,107,105,440
S01007465,132,113,502
S01007466,164,171,602
S01007467,160,161,626
S01007468,60,87,407
S01007469,68,102,714
S01007470,114,93,437
S01007471,37,65,319
S01007472,73,86,417
S01007473,61,57,291
S01007474,34,62,395
S01007475,60,95,647
S01007476,67,102,585
S01007477,38,68,380
S01007478,90,131,700
S01007479,45,98,427
S01007480,58,80,549
S01007481,123,126,666
S01007482,83,79,273
S01007483,80,98,470
S01007484,67,56,345
S01007485,75,61,194
S01007486,102,98,493
S01007487,115,135,432
S01007488,132,135,683
S01007489,104,119,567
S01007490,121,134,665
S01007491,151,143,855
S01007492,82,74,391
S01007493,92,104,523
S01007494,64,103,350
S01007495,73,92,596
S01007496,98,123,570
S01007497,74,91,450
S01007498,112,100,499
S01007499,126,111,615
S01007500,96,117,332
S01007501,90,112,475
S01007502,64,58,298
S01007503,122,158,652
S01007504,78,97,429
S01007505,46,78,248
S01007506,69,78,408
S01007507,126,159,573
S01007508,89,128,440
S01007509,64,103,424
S01007510,138,174,668
S01007511,126,150,449
S01007512,58,92,334
S01007513,137,154,644
S01007514,64,76,388
S01007515,59,100,528
S01007516,60,95,422
S01007517,103,85,276
S01007518,105,132,515
S01007519,47,71,256
S01007520,128,142,731
S01007521,27,67,371
S01007522,155,187,676
S01007523,38,83,451
S01007524,74,139,692
S01007525,65,88,458
S01007526,82,119,464
S01007527,99,149,581
S01007528,83,94,472
S01007529,61,107,441
S01007530,55,88,408
S01007531,56,90,469
S01007532,45,64,409
S01007533,52,60,291
S01007534,132,117,676
S01007535,136,157,681
S01007536,83,137,701
S01007537,127,157,765
S01007538,95,128,651
S01007539,65,119,459
S01007540,111,150,618
S01007541,112,148,532
S01007542,105,131,596
S01007543,115,162,704
S01007544,102,191,725
S01007545,55,117,609
S01007546,49,78,394
S01007547,66,100,460
S01007548,66,87,511
S01007549,74,104,552
S01007550,110,152,641
S01007551,77,120,529
S01007552,137,164,616
S01007553,146,130,508
S01007554,100,83,247
S01007555,78,82,391
S01007556,76,76,308
S01007557,138,144,760
S01007558,48,53,325
S01007559,62,92,519
S01007560,139,148,656
S01007561,113,130,486
S01007562,85,131,562
S01007563,86,128,543
S01007564,61,110,531
S01007565,116,135,752
S01007566,76,79,447
S01007567,53,72,422
S01007568,61,84,499
S01007569,95,135,583
S01007570,87,139,799
S01007571,48,70,403
S01007572,146,150,787
S01007573,35,71,801
S01007574,108,139,653
S01007575,112,117,410
S01007576,94,88,361
S01007577,116,127,467
S01007578,127,133,430
S01007579,87,88,414
S01007580,110,102,557
S01007581,75,87,354
S01007582,115,113,419
S01007583,180,151,648
S01007584,78,82,457
S01007585,113,131,721
S01007586,77,111,559
S01007587,81,145,561
S01007588,64,99,662
S01007589,66,126,506
S01007590,49,89,492
S01007591,68,72,405
S01007592,88,98,441
S01007593,118,161,781
S01007594,109,102,596
S01007595,122,131,751
S01007596,59,85,290
S01007597,55,81,431
S01007598,70,95,440
S01007599,95,131,685
S01007600,145,149,654
S01007601,38,82,500
S01007602,50,71,469
S01007603,49,79,612
S01007604,65,115,614
S01007605,63,97,608
S01007606,61,98,442
S01007607,58,80,454
S01007608,47,114,627
S01007609,106,146,681
S01007610,94,86,371
S01007611,176,169,549
S01007612,195,212,844
S01007613,59,84,526
S01007614,51,118,704
S01007615,114,128,720
S01007616,102,95,474
S01007617,67,86,313
S01007618,66,73,337
S01007619,96,93,472
S01007620,59,90,413
S01007621,55,70,464
S01007622,68,82,370
S01007623,50,83,438
S01007624,51,70,460
S01007625,46,64,355
S01007626,34,61,497
S01007627,84,163,1839
S01007628,69,92,467
S01007629,58,88,517
S01007630,65,131,672
S01007631,50,97,447
S01007632,118,138,657
S01007633,137,151,724
S01007634,62,87,531
S01007635,106,153,490
S01007636,136,182,688
S01007637,82,120,725
S01007638,115,132,554
S01007639,110,117,698
S01007640,78,101,500
S01007641,84,132,645
S01007642,96,140,610
S01007643,88,149,617
S01007644,102,119,567
S01007645,50,76,365
S01007646,66,63,410
S01007647,65,98,509
S01007648,68,122,532
S01007649,95,130,566
S01007650,83,129,649
S01007651,51,81,428
S01007652,63,101,415
S01007653,86,129,587
S01007654,167,172,788
S01007655,67,101,565
S01007656,85,102,580
S01007657,33,49,318
S01007658,56,71,323
S01007659,102,129,601
S01007660,153,143,506
S01007661,77,115,512
S01007662,131,141,593
S01007663,89,109,596
S01007664,75,93,359
S01007665,59,90,554
S01007666,34,59,306
S01007667,52,105,477
S01007668,176,133,669
S01007669,73,71,426
S01007670,81,104,477
S01007671,114,116,676
S01007672,85,142,659
S01007673,56,108,427
S01007674,91,121,509
S01007675,67,111,459
S01007676,45,93,473
S01007677,75,100,622
S01007678,110,112,478
S01007679,137,109,493
S01007680,75,98,596
S01007681,56,50,247
S01007682,67,101,703
S01007683,39,59,609
S01007684,52,105,626
S01007685,40,103,703
S01007686,45,87,541
S01007687,42,97,722
S01007688,58,140,816
S01007689,68,79,411
S01007690,68,148,835
S01007691,100,392,2865
S01007692,53,108,689
S01007693,65,124,982
S01007694,80,145,885
S01007695,119,126,652
S01007696,68,111,625
S01007697,111,140,754
S01007698,112,148,789
S01007699,64,104,620
S01007700,79,119,759
S01007701,54,101,430
S01007702,50,114,849
S01007703,72,100,631
S01007704,111,130,685
S01007705,36,94,795
S01007706,32,125,769
S01007707,54,100,962
S01007708,86,117,486
S01007709,67,123,397
S01007710,74,113,633
S01007711,144,175,807
S01007712,96,122,492
S01007713,82,68,351
S01007714,78,89,514
S01007715,114,120,626
S01007716,206,172,611
S01007717,102,102,481
S01007718,116,123,466
S01007719,151,163,525
S01007720,123,126,520
S01007721,135,132,609
S01007722,171,194,731
S01007723,181,158,562
S01007724,60,107,414
S01007725,102,105,514
S01007726,108,126,607
S01007727,130,161,728
S01007728,90,126,771
S01007729,102,106,698
S01007730,30,116,453
S01007731,65,143,565
S01007732,63,85,509
S01007733,57,123,749
S01007734,79,113,636
S01007735,68,103,609
S01007736,51,80,441
S01007737,140,120,703
S01007738,85,115,551
S01007739,95,89,262
S01007740,45,78,391
S01007741,113,118,381
S01007742,107,100,481
S01007743,99,120,608
S01007744,136,100,474
S01007745,115,98,379
S01007746,101,134,545
S01007747,70,78,290
S01007748,111,109,414
S01007749,50,99,510
S01007750,60,101,667
S01007751,93,114,537
S01007752,107,122,501
S01007753,83,62,361
S01007754,144,127,598
S01007755,134,111,451
S01007756,80,82,362
S01007757,72,116,636
S01007758,83,119,693
S01007759,121,143,633
S01007760,43,69,501
S01007761,49,107,741
S01007762,123,126,527
S01007763,110,107,332
S01007764,54,90,549
S01007765,42,74,530
S01007766,70,98,676
S01007767,72,112,669
S01007768,88,94,482
S01007769,68,88,562
S01007770,62,94,540
S01007771,43,78,447
S01007772,146,161,594
S01007773,57,93,547
S01007774,20,82,856
S01007775,58,92,696
S01007776,39,56,581
S01007777,45,82,1030
S01007778,24,50,659
S01007779,68,117,550
S01007780,67,108,621
S01007781,87,100,765
S01007782,77,78,514
S01007783,165,145,571
S01007784,64,90,496
S01007785,115,92,321
S01007786,99,105,456
S01007787,76,104,468
S01007788,115,99,509
S01007789,97,98,415
S01007790,113,124,525
S01007791,37,61,525
S01007792,126,129,588
S01007793,157,141,664
S01007794,71,72,417
S01007795,80,89,546
S01007796,78,94,514
S01007797,81,95,549
S01007798,33,49,564
S01007799,26,51,525
S01007800,196,179,569
S01007801,202,176,729
S01007802,34,57,425
S01007803,197,168,562
S01007804,97,90,439
S01007805,86,92,386
S01007806,104,84,508
S01007807,65,96,650
S01007808,95,136,644
S01007809,72,130,646
S01007810,147,138,650
S01007811,115,155,895
S01007812,147,153,646
S01007813,130,114,498
S01007814,76,80,404
S01007815,113,130,603
S01007816,42,64,459
S01007817,71,63,301
S01007818,69,85,526
S01007819,110,120,634
S01007820,122,124,675
S01007821,65,82,345
S01007822,124,119,484
S01007823,66,72,457
S01007824,95,120,615
S01007825,101,151,659
S01007826,139,91,502
S01007827,61,70,397
S01007828,159,142,650
S01007829,79,93,312
S01007830,152,169,537
S01007831,166,154,659
S01007832,99,93,353
S01007833,171,137,485
S01007834,75,100,547
S01007835,65,96,502
S01007836,76,80,410
S01007837,67,93,554
S01007838,83,136,826
S01007839,120,91,378
S01007840,108,126,552
S01007841,66,87,519
S01007842,95,105,527
S01007843,83,99,488
S01007844,106,119,516
S01007845,115,126,541
S01007846,89,83,603
S01007847,152,116,571
S01007848,142,130,475
S01007849,114,185,735
S01007850,132,115,478
S01007851,172,132,618
S01007852,81,87,424
S01007853,155,123,537
S01007854,117,118,726
S01007855,73,75,368
S01007856,90,143,756
S01007857,88,84,318
S01007858,227,163,645
S01007859,105,115,430
S01007860,69,91,545
S01007861,84,98,436
S01007862,93,109,494
S01007863,137,125,634
S01007864,121,136,658
S01007865,22,64,886
S01007866,31,51,457
S01007867,41,101,1411
S01007868,63,117,616
S01007869,83,148,734
S01007870,68,50,216
S01007871,118,110,404
S01007872,139,124,400
S01007873,141,110,366
S01007874,120,108,443
S01007875,102,103,526
S01007876,123,120,629
S01007877,125,126,467
S01007878,109,84,264
S01007879,122,104,565
S01007880,55,65,376
S01007881,95,90,363
S01007882,57,112,555
S01007883,121,147,727
S01007884,87,89,421
S01007885,131,129,421
S01007886,127,152,558
S01007887,51,82,437
S01007888,154,125,733
S01007889,64,69,308
S01007890,91,109,478
S01007891,121,144,679
S01007892,99,91,473
S01007893,105,145,665
S01007894,93,98,672
S01007895,55,76,445
S01007896,100,110,475
S01007897,47,49,280
S01007898,40,66,336
S01007899,60,72,466
S01007900,78,66,434
S01007901,96,88,425
S01007902,149,131,508
S01007903,104,113,317
S01007904,67,117,581
S01007905,111,90,420
S01007906,131,120,358
S01007907,102,92,348
S01007908,149,136,581
S01007909,70,74,415
S01007910,127,127,657
S01007911,84,75,502
S01007912,103,96,513
S01007913,98,105,373
S01007914,77,78,392
S01007915,113,125,524
S01007916,143,121,457
S01007917,127,131,526
S01007918,128,121,548
S01007919,75,103,611
S01007920,53,92,580
S01007921,177,121,517
S01007922,142,131,497
S01007923,141,147,701
S01007924,208,149,752
S01007925,37,51,354
S01007926,44,52,347
S01007927,76,89,619
S01007928,115,131,715
S01007929,100,185,1755
S01007930,31,42,409
S01007931,88,139,887
S01007932,63,119,635
S01007933,58,102,638
S01007934,66,79,482
S01007935,102,105,484
S01007936,66,105,784
S01007937,100,123,901
S01007938,75,102,542
S01007939,96,109,615
S01007940,161,143,739
S01007941,64,89,451
S01007942,38,58,464
S01007943,99,114,436
S01007944,106,126,503
S01007945,115,141,454
S01007946,80,96,397
S01007947,72,146,473
S01007948,96,92,403
S01007949,64,76,476
S01007950,64,106,715
S01007951,100,126,661
S01007952,85,96,417
S01007953,123,92,655
S01007954,102,92,475
S01007955,90,123,575
S01007956,89,83,498
S01007957,159,152,660
S01007958,77,73,330
S01007959,95,136,423
S01007960,90,95,444
S01007961,205,222,799
S01007962,67,100,401
S01007963,197,187,660
S01007964,124,124,525
S01007965,67,74,344
S01007966,163,151,701
S01007967,81,85,354
S01007968,120,131,623
S01007969,85,130,551
S01007970,125,144,764
S01007971,131,137,615
S01007972,96,98,594
S01007973,58,108,584
S01007974,126,102,410
S01007975,96,103,491
S01007976,111,109,407
S01007977,49,77,419
S01007978,91,96,398
S01007979,73,123,714
S01007980,56,77,478
S01007981,54,71,395
S01007982,61,65,334
S01007983,130,147,557
S01007984,70,105,525
S01007985,123,136,609
S01007986,70,82,398
S01007987,107,100,519
S01007988,92,104,470
S01007989,103,133,624
S01007990,75,83,558
S01007991,46,90,950
S01007992,22,59,506
S01007993,51,101,567
S01007994,44,81,753
S01007995,45,67,695
S01007996,22,39,272
S01007997,63,106,628
S01007998,43,66,399
S01007999,97,97,464
S01008000,193,126,575
S01008001,168,147,603
S01008002,130,114,497
S01008003,121,81,452
S01008004,58,66,514
S01008005,57,73,640
S01008006,114,91,357
S01008007,58,75,321
S01008008,78,88,486
S01008009,130,133,648
S01008010,111,140,691
S01008011,124,128,278
S01008012,104,135,524
S01008013,155,116,379
S01008014,55,76,335
S01008015,115,121,691
S01008016,116,116,537
S01008017,86,122,680
S01008018,46,97,432
S01008019,63,78,430
S01008020,43,100,654
S01008021,55,93,482
S01008022,56,96,685
S01008023,28,59,505
S01008024,41,70,1063
S01008025,88,95,375
S01008026,131,148,656
S01008027,64,66,410
S01008028,61,74,443
S01008029,152,190,1962
S01008030,110,147,720
S01008031,124,111,510
S01008032,93,119,622
S01008033,22,61,667
S01008034,21,59,595
S01008035,58,62,456
S01008036,52,75,486
S01008037,144,127,710
S01008038,104,83,668
S01008039,129,117,592
S01008040,55,106,694
S01008041,77,97,525
S01008042,29,72,505
S01008043,62,97,867
S01008044,65,114,721
S01008045,78,142,976
S01008046,141,178,541
S01008047,50,64,515
S01008048,38,63,485
S01008049,49,102,683
S01008050,37,72,505
S01008051,45,88,725
S01008052,68,139,1389
S01008053,39,79,489
S01008054,127,128,594
S01008055,38,72,1010
S01008056,71,88,663
S01008057,40,93,795
S01008058,45,69,741
S01008059,40,65,533
S01008060,42,67,579
S01008061,169,132,962
S01008062,60,103,690
S01008063,34,113,787
S01008064,81,98,499
S01008065,44,76,827
S01008066,35,98,754
S01008067,38,76,616
S01008068,58,103,839
S01008069,74,123,693
S01008070,71,127,691
S01008071,55,67,585
S01008072,51,71,607
S01008073,40,43,350
S01008074,117,119,842
S01008075,35,63,498
S01008076,84,109,429
S01008077,65,109,668
S01008078,59,90,749
S01008079,64,116,643
S01008080,37,82,577
S01008081,29,69,501
S01008082,53,90,644
S01008083,44,80,688
S01008084,82,99,723
S01008085,53,95,716
S01008086,85,154,824
S01008087,72,101,639
S01008088,63,118,671
S01008089,54,73,660
S01008090,55,68,581
S01008091,30,45,292
S01008092,68,97,703
S01008093,53,92,579
S01008094,188,195,1064
S01008095,81,90,546
S01008096,77,104,597
S01008097,77,91,415
S01008098,51,93,580
S01008099,34,56,404
S01008100,102,132,645
S01008101,94,100,616
S01008102,104,96,464
S01008103,151,123,530
S01008104,110,149,634
S01008105,161,110,691
S01008106,135,124,605
S01008107,60,108,1392
S01008108,45,83,680
S01008109,53,91,671
S01008110,54,111,635
S01008111,63,130,589
S01008112,77,110,606
S01008113,86,126,720
S01008114,50,74,510
S01008115,79,87,726
S01008116,62,111,689
S01008117,77,110,587
S01008118,89,104,728
S01008119,92,91,409
S01008120,72,71,481
S01008121,37,79,525
S01008122,32,71,608
S01008123,40,96,809
S01008124,46,83,715
S01008125,49,115,647
S01008126,30,84,613
S01008127,36,60,728
S01008128,56,121,611
S01008129,106,130,594
S01008130,131,147,607
S01008131,115,102,535
S01008132,99,150,895
S01008133,92,78,421
S01008134,82,83,429
S01008135,234,187,1077
S01008136,115,115,541
S01008137,191,110,579
S01008138,147,129,543
S01008139,192,153,798
S01008140,101,86,320
S01008141,69,101,544
S01008142,54,83,581
S01008143,141,128,714
S01008144,139,236,3052
S01008145,133,117,716
S01008146,58,74,425
S01008147,109,100,502
S01008148,85,98,504
S01008149,87,84,508
S01008150,127,126,593
S01008151,99,93,430
S01008152,154,123,619
S01008153,43,62,572
S01008154,106,132,666
S01008155,49,90,459
S01008156,87,94,540
S01008157,81,80,701
S01008158,37,84,489
S01008159,171,136,585
S01008160,185,174,637
S01008161,76,115,859
S01008162,103,126,784
S01008163,117,124,598
S01008164,101,195,1297
S01008165,114,186,2043
S01008166,69,68,388
S01008167,85,119,562
S01008168,125,137,587
S01008169,102,116,672
S01008170,26,66,483
S01008171,97,107,572
S01008172,56,94,404
S01008173,55,75,482
S01008174,39,81,352
S01008175,61,97,559
S01008176,91,107,605
S01008177,81,96,579
S01008178,45,78,442
S01008179,20,52,352
S01008180,32,44,342
S01008181,73,85,474
S01008182,81,170,655
S01008183,50,88,494
S01008184,109,119,569
S01008185,98,141,697
S01008186,88,101,522
S01008187,91,97,495
S01008188,139,130,651
S01008189,44,58,318
S01008190,91,150,667
S01008191,73,123,690
S01008192,101,141,821
S01008193,81,126,653
S01008194,61,84,549
S01008195,74,130,540
S01008196,101,121,732
S01008197,56,105,1304
S01008198,77,111,556
S01008199,87,112,563
S01008200,97,91,423
S01008201,133,116,528
S01008202,75,87,360
S01008203,83,102,408
S01008204,163,149,573
S01008205,75,117,502
S01008206,101,112,504
S01008207,68,79,464
S01008208,52,106,719
S01008209,26,54,385
S01008210,112,139,594
S01008211,120,143,625
S01008212,29,76,433
S01008213,73,108,719
S01008214,109,113,501
S01008215,65,71,508
S01008216,24,64,356
S01008217,35,64,455
S01008218,104,209,2178
S01008219,174,136,680
S01008220,75,105,478
S01008221,85,152,622
S01008222,113,95,466
S01008223,98,103,333
S01008224,71,123,609
S01008225,65,94,495
S01008226,127,121,524
S01008227,90,148,597
S01008228,65,95,496
S01008229,88,100,475
S01008230,34,81,647
S01008231,20,57,683
S01008232,46,65,756
S01008233,31,82,664
S01008234,71,62,282
S01008235,122,162,662
S01008236,99,115,610
S01008237,97,173,927
S01008238,112,120,566
S01008239,102,171,913
S01008240,52,88,593
S01008241,37,111,484
S01008242,136,174,807
S01008243,74,121,983
S01008244,51,71,459
S01008245,58,142,847
S01008246,90,116,965
S01008247,46,83,643
S01008248,45,112,656
S01008249,83,133,840
S01008250,177,287,2617
S01008251,42,102,1022
S01008252,50,92,592
S01008253,98,114,547
S01008254,115,149,740
S01008255,50,72,537
S01008256,99,133,685
S01008257,124,116,431
S01008258,61,127,599
S01008259,129,162,610
S01008260,65,100,571
S01008261,114,122,568
S01008262,45,75,491
S01008263,82,68,541
S01008264,70,112,584
S01008265,64,104,752
S01008266,27,113,508
S01008267,56,111,813
S01008268,81,71,605
S01008269,116,150,614
S01008270,84,110,541
S01008271,81,116,434
S01008272,147,268,2410
S01008273,38,103,662
S01008274,64,106,554
S01008275,31,79,429
S01008276,34,75,401
S01008277,42,80,587
S01008278,50,112,842
S01008279,61,86,551
S01008280,68,107,777
S01008281,57,102,599
S01008282,55,86,523
S01008283,48,110,1016
S01008284,158,269,2389
S01008285,85,115,481
S01008286,100,99,573
S01008287,76,108,666
S01008288,99,159,658
S01008289,54,81,420
S01008290,97,150,624
S01008291,94,131,535
S01008292,77,108,553
S01008293,27,66,470
S01008294,46,108,688
S01008295,64,104,694
S01008296,96,99,489
S01008297,59,104,729
S01008298,64,100,828
S01008299,101,112,491
S01008300,104,103,584
S01008301,65,87,600
S01008302,76,113,745
S01008303,86,74,413
S01008304,28,39,330
S01008305,72,88,494
S01008306,39,65,432
S01008307,76,87,694
S01008308,56,74,400
S01008309,150,81,396
S01008310,189,166,653
S01008311,62,58,306
S01008312,44,44,305
S01008313,138,135,527
S01008314,108,80,320
S01008315,157,105,398
S01008316,111,79,432
S01008317,124,104,755
S01008318,130,149,1365
S01008319,132,115,550
S01008320,92,104,447
S01008321,28,42,341
S01008322,137,123,762
S01008323,124,108,430
S01008324,85,108,676
S01008325,80,93,563
S01008326,131,141,683
S01008327,118,126,588
S01008328,191,286,3040
S01008329,43,81,749
S01008330,66,91,681
S01008331,31,51,470
S01008332,68,108,795
S01008333,146,142,721
S01008334,51,75,642
S01008335,78,91,515
S01008336,95,86,603
S01008337,76,84,778
S01008338,63,56,648
S01008339,22,65,477
S01008340,56,72,631
S01008341,25,40,534
S01008342,100,113,583
S01008343,74,85,700
S01008344,52,69,810
S01008345,58,104,886
S01008346,52,96,856
S01008347,92,136,886
S01008348,51,96,594
S01008349,36,78,721
S01008350,46,74,451
S01008351,59,95,774
S01008352,43,71,584
S01008353,37,51,421
S01008354,153,235,2594
S01008355,77,81,571
S01008356,34,50,480
S01008357,57,75,507
S01008358,91,104,534
S01008359,31,85,601
S01008360,48,83,699
S01008361,51,73,768
S01008362,98,146,1145
S01008363,38,77,627
S01008364,42,59,558
S01008365,47,88,521
S01008366,114,111,653
S01008367,114,89,550
S01008368,50,68,553
S01008369,44,84,529
S01008370,47,81,555
S01008371,52,65,631
S01008372,34,101,599
S01008373,40,71,637
S01008374,29,66,663
S01008375,36,71,663
S01008376,26,47,454
S01008377,32,79,648
S01008378,82,112,772
S01008379,25,60,449
S01008380,19,45,594
S01008381,25,51,562
S01008382,38,78,757
S01008383,16,47,424
S01008384,59,79,792
S01008385,33,81,543
S01008386,93,97,647
S01008387,24,51,494
S01008388,39,42,493
S01008389,102,93,455
S01008390,35,38,562
S01008391,73,91,647
S01008392,32,78,785
S01008393,51,98,619
S01008394,25,47,745
S01008395,26,40,435
S01008396,57,96,523
S01008397,33,77,760
S01008398,52,70,516
S01008399,38,70,394
S01008400,35,86,581
S01008401,78,110,712
S01008402,76,138,940
S01008403,27,48,503
S01008404,99,89,723
S01008405,32,58,679
S01008406,133,120,679
S01008407,88,77,359
S01008408,48,64,478
S01008409,140,94,658
S01008410,94,98,440
S01008411,41,57,501
S01008412,60,93,580
S01008413,59,51,361
S01008414,35,51,469
S01008415,71,94,692
S01008416,116,145,648
S01008417,48,96,584
S01008418,38,105,495
S01008419,23,39,405
S01008420,28,50,360
S01008421,96,126,639
S01008422,34,53,481
S01008423,64,125,1295
S01008424,64,137,643
S01008425,104,267,2950
S01008426,52,87,493
S01008427,42,108,840
S01008428,72,111,570
S01008429,51,127,778
S01008430,76,99,770
S01008431,68,105,657
S01008432,49,77,566
S01008433,75,86,604
S01008434,49,88,823
S01008435,44,84,602
S01008436,90,115,736
S01008437,75,97,531
S01008438,23,62,561
S01008439,51,106,959
S01008440,57,108,912
S01008441,27,60,399
S01008442,31,67,595
S01008443,25,77,537
S01008444,51,45,845
S01008445,112,135,664
S01008446,36,104,979
S01008447,26,72,584
S01008448,52,96,568
S01008449,92,125,639
S01008450,56,77,412
S01008451,89,89,500
S01008452,80,65,444
S01008453,35,70,605
S01008454,126,138,593
S01008455,124,133,698
S01008456,115,127,630
S01008457,88,111,401
S01008458,107,143,677
S01008459,93,112,520
S01008460,115,114,594
S01008461,98,136,681
S01008462,115,106,279
S01008463,76,82,379
S01008464,69,112,653
S01008465,82,95,556
S01008466,53,87,544
S01008467,74,103,564
S01008468,129,117,823
S01008469,54,61,445
S01008470,101,128,682
S01008471,124,129,618
S01008472,67,93,492
S01008473,79,93,404
S01008474,122,95,555
S01008475,65,86,438
S01008476,79,112,504
S01008477,102,109,531
S01008478,149,156,878
S01008479,93,103,555
S01008480,50,60,481
S01008481,255,345,1206
S01008482,64,81,395
S01008483,76,92,432
S01008484,54,96,571
S01008485,68,126,890
S01008486,126,121,650
S01008487,62,158,1084
S01008488,75,105,646
S01008489,57,89,529
S01008490,67,112,678
S01008491,56,120,743
S01008492,98,153,1001
S01008493,116,157,1031
S01008494,102,126,682
S01008495,49,92,760
S01008496,58,92,773
S01008497,41,89,662
S01008498,57,96,679
S01008499,45,96,723
S01008500,62,49,312
S01008501,20,58,533
S01008502,21,53,598
S01008503,27,70,709
S01008504,41,101,952
S01008505,31,67,574
S01008506,87,130,719
S01008507,28,125,967
S01008508,39,75,640
S01008509,123,135,871
S01008510,61,100,692
S01008511,73,104,757
S01008512,34,50,437
S01008513,54,65,531
S01008514,88,121,749
S01008515,20,85,704
S01008516,95,144,816
S01008517,41,91,648
S01008518,28,89,756
S01008519,35,63,697
S01008520,52,96,902
S01008521,33,92,789
S01008522,17,54,487
S01008523,38,97,840
S01008524,119,121,651
S01008525,134,125,565
S01008526,87,122,677
S01008527,44,96,537
S01008528,60,85,562
S01008529,138,97,651
S01008530,99,105,586
S01008531,93,129,537
S01008532,52,59,332
S01008533,19,45,382
S01008534,26,57,545
S01008535,40,81,501
S01008536,38,59,506
S01008537,27,82,573
S01008538,24,56,451
S01008539,45,94,638
S01008540,38,93,749
S01008541,32,85,757
S01008542,45,126,1514
S01008543,24,76,600
S01008544,18,40,517
S01008545,36,81,666
S01008546,35,92,644
S01008547,55,113,854
S01008548,83,157,1200
S01008549,247,400,3954
S01008550,102,83,591
S01008551,86,155,661
S01008552,75,114,610
S01008553,101,92,526
S01008554,137,143,737
S01008555,114,149,665
S01008556,95,99,641
S01008557,173,174,1048
S01008558,101,124,630
S01008559,88,94,467
S01008560,86,90,604
S01008561,58,91,497
S01008562,164,147,553
S01008563,101,109,621
S01008564,91,79,396
S01008565,153,164,644
S01008566,123,160,761
S01008567,92,108,532
S01008568,60,102,650
S01008569,110,97,378
S01008570,136,119,577
S01008571,87,119,526
S01008572,125,110,556
S01008573,76,99,538
S01008574,33,88,542
S01008575,40,86,588
S01008576,74,107,575
S01008577,143,128,668
S01008578,28,77,589
S01008579,74,180,1091
S01008580,49,69,405
S01008581,118,123,671
S01008582,130,133,762
S01008583,89,99,518
S01008584,82,110,605
S01008585,58,83,460
S01008586,101,125,684
S01008587,85,129,903
S01008588,45,87,646
S01008589,25,49,346
S01008590,60,102,644
S01008591,27,90,643
S01008592,53,85,706
S01008593,44,78,699
S01008594,92,132,953
S01008595,140,159,572
S01008596,87,117,646
S01008597,76,111,692
S01008598,44,110,651
S01008599,33,101,741
S01008600,53,86,794
S01008601,67,307,2600
S01008602,30,113,556
S01008603,66,216,1372
S01008604,26,110,939
S01008605,20,70,539
S01008606,30,77,690
S01008607,43,72,495
S01008608,65,91,587
S01008609,116,101,777
S01008610,54,102,624
S01008611,24,132,1014
S01008612,27,112,733
S01008613,43,83,602
S01008614,23,72,555
S01008615,39,81,688
S01008616,11,67,577
S01008617,10,63,705
S01008618,17,70,589
S01008619,12,61,445
S01008620,25,78,700
S01008621,10,67,615
S01008622,22,51,414
S01008623,23,113,757
S01008624,46,84,628
S01008625,27,64,505
S01008626,21,81,789
S01008627,71,71,572
S01008628,35,62,476
S01008629,29,69,508
S01008630,39,63,528
S01008631,30,82,719
S01008632,96,136,493
S01008633,55,89,766
S01008634,26,73,656
S01008635,59,111,780
S01008636,36,77,611
S01008637,68,107,690
S01008638,63,113,509
S01008639,37,105,788
S01008640,25,66,741
S01008641,12,89,758
S01008642,28,85,751
S01008643,20,76,616
S01008644,38,100,675
S01008645,37,90,667
S01008646,18,77,793
S01008647,41,67,520
S01008648,24,69,470
S01008649,76,95,663
S01008650,35,80,590
S01008651,81,238,1813
S01008652,35,70,374
S01008653,58,103,624
S01008654,61,97,798
S01008655,45,85,792
S01008656,64,81,502
S01008657,47,85,603
S01008658,101,189,1425
S01008659,36,89,677
S01008660,38,97,940
S01008661,66,130,836
S01008662,36,70,680
S01008663,50,100,733
S01008664,48,86,611
S01008665,75,198,1697
S01008666,39,164,891
S01008667,58,147,1125
S01008668,24,90,554
S01008669,13,52,370
S01008670,27,125,983
S01008671,29,69,655
S01008672,34,78,531
S01008673,114,225,2012
S01008674,35,106,767
S01008675,52,90,723
S01008676,37,98,635
S01008677,93,157,785
S01008678,60,187,1140
S01008679,115,186,1074
S01008680,28,101,646
S01008681,71,157,985
S01008682,73,97,528
S01008683,132,193,1175
S01008684,126,153,848
S01008685,104,212,1783
S01008686,138,185,1053
S01008687,31,88,497
S01008688,56,119,614
S01008689,68,102,565
S01008690,71,148,1121
S01008691,84,173,1053
S01008692,153,185,1224
S01008693,26,50,235
S01008694,40,106,756
S01008695,24,83,561
S01008696,32,70,522
S01008697,58,112,800
S01008698,33,62,346
S01008699,91,125,682
S01008700,34,77,441
S01008701,145,161,1228
S01008702,31,50,462
S01008703,140,142,809
S01008704,261,328,3152
S01008705,81,96,576
S01008706,90,74,568
S01008707,136,120,611
S01008708,184,164,788
S01008709,94,87,496
S01008710,71,64,359
S01008711,119,105,547
S01008712,285,184,656
S01008713,87,85,350
S01008714,69,59,356
S01008715,125,117,434
S01008716,86,102,383
S01008717,40,64,396
S01008718,71,87,642
S01008719,82,120,869
S01008720,96,159,1538
S01008721,31,84,677
S01008722,126,141,823
S01008723,52,92,536
S01008724,92,129,762
S01008725,44,69,563
S01008726,33,63,449
S01008727,99,115,787
S01008728,45,87,457
S01008729,38,81,534
S01008730,53,86,593
S01008731,66,73,334
S01008732,62,85,406
S01008733,101,193,1200
S01008734,54,103,460
S01008735,57,129,812
S01008736,63,97,604
S01008737,49,82,565
S01008738,78,81,652
S01008739,58,76,490
S01008740,25,43,384
S01008741,72,135,793
S01008742,77,86,333
S01008743,92,118,691
S01008744,103,149,751
S01008745,30,61,354
S01008746,111,140,748
S01008747,26,62,357
S01008748,54,74,493
S01008749,137,157,779
S01008750,61,83,482
S01008751,75,100,392
S01008752,82,88,422
S01008753,60,83,363
S01008754,47,74,420
S01008755,117,147,751
S01008756,95,89,415
S01008757,93,96,326
S01008758,109,105,509
S01008759,90,82,354
S01008760,130,148,622
S01008761,69,78,464
S01008762,46,87,445
S01008763,41,94,719
S01008764,49,63,561
S01008765,46,96,685
S01008766,83,105,789
S01008767,49,55,405
S01008768,151,232,1790
S01008769,48,111,895
S01008770,21,75,820
S01008771,99,107,965
S01008772,51,69,642
S01008773,111,122,711
S01008774,99,141,870
S01008775,38,61,486
S01008776,105,100,518
S01008777,151,157,630
S01008778,58,150,862
S01008779,34,88,686
S01008780,9,42,359
S01008781,103,148,900
S01008782,45,88,588
S01008783,21,33,366
S01008784,23,49,326
S01008785,86,97,513
S01008786,62,128,772
S01008787,44,45,218
S01008788,37,69,568
S01008789,130,131,595
S01008790,60,85,499
S01008791,38,82,842
S01008792,65,142,752
S01008793,70,63,298
S01008794,116,129,671
S01008795,43,113,765
S01008796,94,134,764
S01008797,77,93,557
S01008798,67,125,640
S01008799,34,63,561
S01008800,44,116,888
S01008801,43,116,881
S01008802,64,117,756
S01008803,74,99,663
S01008804,126,134,581
S01008805,30,79,491
S01008806,50,113,1047
S01008807,43,99,585
S01008808,66,70,527
S01008809,36,99,706
S01008810,27,78,654
S01008811,30,96,751
S01008812,14,60,444
S01008813,92,142,792
S01008814,44,90,623
S01008815,67,101,681
S01008816,38,60,461
S01008817,73,119,912
S01008818,48,105,852
S01008819,87,84,558
S01008820,126,179,753
S01008821,24,55,641
S01008822,37,70,593
S01008823,58,71,547
S01008824,60,113,822
S01008825,31,75,613
S01008826,31,73,429
S01008827,60,81,572
S01008828,46,93,728
S01008829,43,70,560
S01008830,54,81,755
S01008831,46,103,600
S01008832,44,74,565
S01008833,74,112,763
S01008834,70,136,872
S01008835,58,109,644
S01008836,57,89,581
S01008837,93,171,1370
S01008838,44,134,935
S01008839,63,110,862
S01008840,47,129,804
S01008841,36,78,628
S01008842,25,79,770
S01008843,55,163,1366
S01008844,36,61,590
S01008845,36,108,825
S01008846,25,77,472
S01008847,15,62,458
S01008848,29,73,575
S01008849,25,68,526
S01008850,24,76,608
S01008851,81,107,700
S01008852,35,101,735
S01008853,14,42,502
S01008854,27,84,772
S01008855,51,118,1016
S01008856,23,42,495
S01008857,31,97,606
S01008858,25,62,460
S01008859,83,127,840
S01008860,39,111,709
S01008861,23,61,618
S01008862,38,91,679
S01008863,33,67,648
S01008864,48,113,1119
S01008865,34,86,753
S01008866,25,71,680
S01008867,21,68,693
S01008868,41,103,873
S01008869,48,116,945
S01008870,47,95,695
S01008871,24,74,812
S01008872,18,74,822
S01008873,45,75,785
S01008874,55,100,823
S01008875,68,82,686
S01008876,51,82,464
S01008877,25,49,434
S01008878,90,125,650
S01008879,50,84,623
S01008880,103,86,465
S01008881,42,94,603
S01008882,27,88,852
S01008883,94,88,834
S01008884,46,85,574
S01008885,30,76,763
S01008886,39,114,839
S01008887,45,81,626
S01008888,54,47,502
S01008889,31,82,727
S01008890,53,86,572
S01008891,29,85,708
S01008892,89,128,765
S01008893,36,80,803
S01008894,45,82,768
S01008895,103,77,641
S01008896,15,47,586
S01008897,38,61,636
S01008898,52,93,694
S01008899,127,130,513
S01008900,111,126,691
S01008901,111,108,627
S01008902,148,157,832
S01008903,144,133,651
S01008904,90,134,822
S01008905,116,151,825
S01008906,75,101,595
S01008907,128,139,819
S01008908,112,164,1196
S01008909,74,100,578
S01008910,28,51,362
S01008911,63,114,1228
S01008912,44,80,647
S01008913,42,77,617
S01008914,92,130,641
S01008915,41,61,426
S01008916,166,184,641
S01008917,87,94,460
S01008918,57,60,375
S01008919,81,71,364
S01008920,102,201,1723
S01008921,155,150,637
S01008922,90,151,534
S01008923,160,159,632
S01008924,138,104,591
S01008925,58,73,576
S01008926,43,61,450
S01008927,66,92,726
S01008928,121,175,846
S01008929,130,146,800
S01008930,121,143,663
S01008931,190,206,1280
S01008932,77,87,699
S01008933,81,77,462
S01008934,79,94,553
S01008935,57,120,688
S01008936,14,33,355
S01008937,58,103,702
S01008938,39,88,617
S01008939,48,91,638
S01008940,31,76,504
S01008941,87,111,832
S01008942,37,88,633
S01008943,32,83,762
S01008944,66,113,833
S01008945,38,77,705
S01008946,81,132,797
S01008947,70,121,891
S01008948,42,80,550
S01008949,110,130,700
S01008950,96,131,769
S01008951,102,123,603
S01008952,96,121,628
S01008953,106,127,700
S01008954,127,147,739
S01008955,75,91,479
S01008956,87,116,719
S01008957,96,127,726
S01008958,95,105,656
S01008959,65,105,581
S01008960,36,92,971
S01008961,44,76,500
S01008962,43,62,505
S01008963,48,86,688
S01008964,29,56,468
S01008965,52,99,716
S01008966,47,74,502
S01008967,71,123,843
S01008968,83,175,1490
S01008969,78,118,810
S01008970,57,112,795
S01008971,27,74,579
S01008972,55,66,649
S01008973,92,93,659
S01008974,51,93,610
S01008975,124,110,480
S01008976,30,52,441
S01008977,48,85,436
S01008978,35,76,423
S01008979,34,72,580
S01008980,53,98,611
S01008981,53,106,570
S01008982,53,86,661
S01008983,31,76,519
S01008984,35,64,393
S01008985,52,93,964
S01008986,53,102,632
S01008987,58,121,566
S01008988,74,133,749
S01008989,37,72,573
S01008990,36,113,943
S01008991,41,64,759
S01008992,56,72,391
S01008993,57,110,968
S01008994,80,99,527
S01008995,39,77,637
S01008996,75,84,845
S01008997,81,105,1029
S01008998,70,108,707
S01008999,97,117,618
S01009000,79,173,1560
S01009001,53,85,597
S01009002,145,238,2755
S01009003,59,89,824
S01009004,41,90,478
S01009005,77,96,678
S01009006,88,100,591
S01009007,68,101,528
S01009008,75,111,715
S01009009,65,68,354
S01009010,43,97,821
S01009011,28,70,716
S01009012,39,73,590
S01009013,37,96,666
S01009014,71,73,457
S01009015,55,85,561
S01009016,38,60,403
S01009017,65,70,401
S01009018,63,101,606
S01009019,44,54,382
S01009020,69,93,649
S01009021,72,125,525
S01009022,82,127,643
S01009023,92,129,614
S01009024,107,130,763
S01009025,90,132,681
S01009026,95,132,707
S01009027,77,116,503
S01009028,55,86,341
S01009029,62,91,411
S01009030,61,81,464
S01009031,108,121,541
S01009032,70,119,421
S01009033,91,92,537
S01009034,64,98,506
S01009035,65,119,785
S01009036,84,98,868
S01009037,80,111,672
S01009038,82,124,703
S01009039,57,75,383
S01009040,83,91,437
S01009041,94,134,638
S01009042,88,88,390
S01009043,74,87,402
S01009044,141,83,540
S01009045,76,88,504
S01009046,112,137,810
S01009047,62,96,583
S01009048,61,105,580
S01009049,46,64,386
S01009050,111,113,664
S01009051,53,76,594
S01009052,58,78,427
S01009053,118,101,475
S01009054,59,87,398
S01009055,74,148,943
S01009056,71,75,398
S01009057,78,66,407
S01009058,136,129,521
S01009059,64,86,666
S01009060,47,118,1208
S01009061,92,111,562
S01009062,92,99,463
S01009063,65,106,555
S01009064,57,89,388
S01009065,95,96,432
S01009066,101,109,510
S01009067,48,97,790
S01009068,103,118,629
S01009069,31,77,482
S01009070,43,60,437
S01009071,48,63,331
S01009072,35,56,392
S01009073,142,105,539
S01009074,92,88,522
S01009075,83,73,349
S01009076,79,109,705
S01009077,70,85,405
S01009078,31,80,657
S01009079,163,147,550
S01009080,139,170,636
S01009081,71,79,386
S01009082,127,171,842
S01009083,77,114,523
S01009084,68,82,714
S01009085,33,64,741
S01009086,111,89,454
S01009087,84,83,388
S01009088,112,147,802
S01009089,30,64,748
S01009090,126,185,2039
S01009091,20,55,702
S01009092,110,170,931
S01009093,97,99,538
S01009094,37,92,530
S01009095,96,97,729
S01009096,116,123,791
S01009097,52,83,701
S01009098,22,65,374
S01009099,102,115,480
S01009100,143,114,577
S01009101,151,134,584
S01009102,112,122,621
S01009103,54,54,386
S01009104,108,107,494
S01009105,77,95,574
S01009106,73,64,410
S01009107,57,102,612
S01009108,46,104,509
S01009109,45,89,478
S01009110,69,86,427
S01009111,68,89,638
S01009112,37,73,416
S01009113,135,125,578
S01009114,63,97,620
S01009115,41,68,426
S01009116,30,63,312
S01009117,94,89,534
S01009118,30,59,484
S01009119,112,98,529
S01009120,54,85,405
S01009121,92,113,493
S01009122,133,251,2536
S01009123,39,64,438
S01009124,57,59,407
S01009125,149,96,390
S01009126,116,109,383
S01009127,107,104,436
S01009128,162,123,445
S01009129,85,78,301
S01009130,60,61,380
S01009131,84,94,334
S01009132,57,93,603
S01009133,118,105,445
S01009134,71,96,621
S01009135,25,50,481
S01009136,112,78,546
S01009137,37,58,767
S01009138,55,96,686
S01009139,53,51,288
S01009140,68,100,470
S01009141,133,149,534
S01009142,98,104,541
S01009143,119,67,321
S01009144,25,73,813
S01009145,144,131,681
S01009146,115,140,603
S01009147,110,108,472
S01009148,76,100,484
S01009149,76,86,598
S01009150,249,204,280
S01009151,138,124,576
S01009152,122,141,374
S01009153,40,78,336
S01009154,124,150,720
S01009155,46,83,342
S01009156,36,79,484
S01009157,102,129,650
S01009158,52,60,408
S01009159,77,68,253
S01009160,137,106,369
S01009161,110,80,445
S01009162,132,127,432
S01009163,63,76,339
S01009164,109,123,555
S01009165,67,112,554
S01009166,110,110,408
S01009167,66,71,365
S01009168,58,85,449
S01009169,158,145,473
S01009170,72,103,445
S01009171,54,95,465
S01009172,38,60,567
S01009173,47,87,579
S01009174,14,26,429
S01009175,25,70,688
S01009176,56,114,887
S01009177,120,125,547
S01009178,111,114,522
S01009179,74,84,447
S01009180,138,153,720
S01009181,95,116,550
S01009182,87,134,717
S01009183,34,69,546
S01009184,122,124,599
S01009185,141,133,577
S01009186,88,96,596
S01009187,52,82,451
S01009188,109,123,668
S01009189,109,128,525
S01009190,47,106,1270
S01009191,24,48,654
S01009192,72,114,581
S01009193,86,145,1852
S01009194,47,111,588
S01009195,56,87,658
S01009196,65,92,482
S01009197,82,112,944
S01009198,62,91,512
S01009199,54,69,440
S01009200,80,169,1557
S01009201,56,86,448
S01009202,31,51,405
S01009203,145,110,500
S01009204,100,89,649
S01009205,36,85,669
S01009206,41,84,560
S01009207,72,106,504
S01009208,77,100,444
S01009209,70,110,493
S01009210,37,62,350
S01009211,47,72,385
S01009212,121,95,505
S01009213,83,92,506
S01009214,101,142,772
S01009215,111,134,597
S01009216,129,132,626
S01009217,154,103,422
S01009218,94,93,579
S01009219,73,101,398
S01009220,84,95,328
S01009221,68,80,387
S01009222,60,80,324
S01009223,68,78,434
S01009224,89,87,459
S01009225,81,91,351
S01009226,164,133,511
S01009227,89,91,344
S01009228,95,67,368
S01009229,58,76,382
S01009230,42,55,274
S01009231,99,133,717
S01009232,91,88,350
S01009233,77,70,390
S01009234,123,148,651
S01009235,97,143,692
S01009236,50,71,366
S01009237,72,97,632
S01009238,103,111,452
S01009239,111,127,574
S01009240,81,87,382
S01009241,163,107,619
S01009242,43,95,545
S01009243,109,146,664
S01009244,51,106,621
S01009245,73,89,616
S01009246,110,141,565
S01009247,100,113,791
S01009248,46,96,527
S01009249,150,121,536
S01009250,83,93,434
S01009251,61,83,337
S01009252,24,50,361
S01009253,91,82,302
S01009254,115,124,563
S01009255,76,101,464
S01009256,47,55,341
S01009257,50,106,489
S01009258,82,110,926
S01009259,79,106,701
S01009260,111,136,750
S01009261,89,117,449
S01009262,74,69,393
S01009263,53,115,858
S01009264,50,75,350
S01009265,101,163,743
S01009266,93,113,587
S01009267,128,113,521
S01009268,145,146,921
S01009269,137,152,577
S01009270,91,97,438
S01009271,68,111,631
S01009272,69,124,512
S01009273,44,85,348
S01009274,53,80,436
S01009275,132,145,721
S01009276,92,131,635
S01009277,68,126,1007
S01009278,45,72,482
S01009279,60,107,633
S01009280,165,115,602
S01009281,131,118,501
S01009282,50,110,565
S01009283,81,90,504
S01009284,49,93,591
S01009285,65,95,657
S01009286,63,111,541
S01009287,57,112,549
S01009288,61,128,752
S01009289,52,115,667
S01009290,49,100,483
S01009291,63,115,702
S01009292,71,74,376
S01009293,71,98,491
S01009294,47,81,598
S01009295,46,76,436
S01009296,42,47,334
S01009297,48,76,659
S01009298,173,151,522
S01009299,99,149,860
S01009300,61,93,392
S01009301,156,186,772
S01009302,126,144,515
S01009303,89,116,626
S01009304,111,139,776
S01009305,134,124,549
S01009306,90,145,881
S01009307,99,174,843
S01009308,47,71,402
S01009309,54,88,597
S01009310,83,118,641
S01009311,110,104,576
S01009312,59,100,577
S01009313,87,96,361
S01009314,39,91,447
S01009315,91,111,389
S01009316,32,88,593
S01009317,39,83,650
S01009318,36,57,461
S01009319,76,135,710
S01009320,117,113,480
S01009321,51,103,455
S01009322,80,100,506
S01009323,82,96,474
S01009324,59,84,376
S01009325,99,98,515
S01009326,52,72,391
S01009327,81,102,519
S01009328,41,57,822
S01009329,68,120,1516
S01009330,45,56,440
S01009331,102,189,1983
S01009332,70,106,882
S01009333,121,152,716
S01009334,102,102,424
S01009335,120,156,637
S01009336,90,106,390
S01009337,104,130,509
S01009338,168,195,758
S01009339,142,153,580
S01009340,96,126,462
S01009341,84,97,453
S01009342,97,126,505
S01009343,45,69,423
S01009344,84,114,461
S01009345,75,124,705
S01009346,25,55,641
S01009347,22,45,597
S01009348,13,46,421
S01009349,40,65,686
S01009350,49,59,479
S01009351,18,38,461
S01009352,19,68,672
S01009353,43,89,1142
S01009354,50,176,1908
S01009355,65,98,625
S01009356,65,132,702
S01009357,24,36,429
S01009358,33,67,548
S01009359,34,83,593
S01009360,54,123,617
S01009361,81,102,549
S01009362,67,139,713
S01009363,78,126,579
S01009364,74,123,685
S01009365,66,88,395
S01009366,83,101,494
S01009367,72,94,502
S01009368,50,88,372
S01009369,61,107,468
S01009370,107,137,532
S01009371,45,77,410
S01009372,54,69,341
S01009373,121,155,776
S01009374,179,140,577
S01009375,99,110,496
S01009376,96,92,321
S01009377,83,121,819
S01009378,103,146,719
S01009379,69,102,791
S01009380,60,81,413
S01009381,39,74,465
S01009382,97,121,565
S01009383,89,112,556
S01009384,32,77,411
S01009385,31,45,406
S01009386,70,83,432
S01009387,93,113,630
S01009388,107,127,539
S01009389,112,135,693
S01009390,26,62,558
S01009391,28,49,592
S01009392,19,52,435
S01009393,26,83,523
S01009394,109,133,668
S01009395,57,89,519
S01009396,48,87,541
S01009397,43,100,589
S01009398,55,94,463
S01009399,40,94,496
S01009400,51,77,367
S01009401,51,94,468
S01009402,62,138,671
S01009403,39,80,365
S01009404,110,85,486
S01009405,46,55,344
S01009406,120,129,764
S01009407,55,87,340
S01009408,53,104,793
S01009409,98,107,786
S01009410,109,107,587
S01009411,96,125,522
S01009412,118,137,595
S01009413,147,136,734
S01009414,97,88,496
S01009415,86,115,435
S01009416,35,78,338
S01009417,89,120,1080
S01009418,205,161,670
S01009419,82,81,432
S01009420,111,85,489
S01009421,95,129,535
S01009422,101,128,543
S01009423,87,156,1100
S01009424,114,101,397
S01009425,109,116,477
S01009426,139,120,463
S01009427,89,100,369
S01009428,157,101,455
S01009429,135,109,403
S01009430,119,116,445
S01009431,95,92,401
S01009432,122,108,573
S01009433,114,122,561
S01009434,86,77,408
S01009435,123,123,500
S01009436,105,110,418
S01009437,121,102,451
S01009438,122,124,665
S01009439,130,120,510
S01009440,110,114,415
S01009441,97,121,494
S01009442,45,69,444
S01009443,234,213,1392
S01009444,54,105,515
S01009445,97,120,618
S01009446,156,145,589
S01009447,98,81,329
S01009448,107,129,956
S01009449,45,66,321
S01009450,93,86,347
S01009451,159,164,644
S01009452,122,98,361
S01009453,131,130,574
S01009454,54,120,728
S01009455,66,163,906
S01009456,115,149,751
S01009457,78,85,473
S01009458,87,107,437
S01009459,107,133,529
S01009460,104,141,576
S01009461,34,98,758
S01009462,73,104,540
S01009463,64,106,474
S01009464,71,120,643
S01009465,54,77,433
S01009466,48,78,361
S01009467,53,93,524
S01009468,101,140,504
S01009469,76,106,611
S01009470,37,77,311
S01009471,124,98,359
S01009472,94,139,677
S01009473,127,125,622
S01009474,98,108,633
S01009475,46,55,436
S01009476,24,79,731
S01009477,119,111,570
S01009478,113,115,637
S01009479,141,131,703
S01009480,69,110,615
S01009481,124,127,601
S01009482,105,81,392
S01009483,60,96,569
S01009484,152,155,589
S01009485,96,114,579
S01009486,76,105,419
S01009487,102,140,608
S01009488,74,78,536
S01009489,166,122,500
S01009490,96,132,539
S01009491,174,142,507
S01009492,59,107,386
S01009493,55,112,691
S01009494,60,117,755
S01009495,51,105,665
S01009496,80,103,589
S01009497,127,152,666
S01009498,55,76,514
S01009499,70,116,573
S01009500,90,115,469
S01009501,136,140,628
S01009502,106,121,545
S01009503,79,116,506
S01009504,107,97,438
S01009505,98,129,543
S01009506,111,111,471
S01009507,88,123,643
S01009508,106,136,564
S01009509,118,136,667
S01009510,54,106,520
S01009511,47,83,429
S01009512,45,86,605
S01009513,51,79,439
S01009514,34,81,533
S01009515,101,130,438
S01009516,139,127,519
S01009517,46,61,909
S01009518,29,67,847
S01009519,51,95,806
S01009520,77,114,639
S01009521,140,175,598
S01009522,107,138,743
S01009523,72,91,404
S01009524,99,111,448
S01009525,72,94,387
S01009526,64,80,426
S01009527,77,117,429
S01009528,102,109,294
S01009529,81,76,433
S01009530,49,70,426
S01009531,173,182,877
S01009532,159,147,497
S01009533,165,159,670
S01009534,169,161,568
S01009535,121,126,604
S01009536,80,103,383
S01009537,70,87,344
S01009538,165,147,585
S01009539,123,130,721
S01009540,106,126,564
S01009541,141,170,1009
S01009542,124,134,472
S01009543,95,84,392
S01009544,140,140,612
S01009545,89,117,473
S01009546,90,147,899
S01009547,128,127,557
S01009548,73,98,373
S01009549,74,105,532
S01009550,58,64,413
S01009551,54,70,402
S01009552,126,128,657
S01009553,122,149,588
S01009554,78,99,384
S01009555,94,125,537
S01009556,102,97,486
S01009557,96,99,412
S01009558,94,119,462
S01009559,119,131,482
S01009560,152,149,594
S01009561,76,103,460
S01009562,113,143,507
S01009563,106,144,449
S01009564,88,116,471
S01009565,67,79,382
S01009566,101,154,721
S01009567,105,134,604
S01009568,88,107,510
S01009569,89,125,534
S01009570,73,80,335
S01009571,105,105,437
S01009572,129,151,574
S01009573,106,117,475
S01009574,126,140,661
S01009575,70,66,304
S01009576,97,82,298
S01009577,57,70,416
S01009578,89,106,476
S01009579,103,126,598
S01009580,43,109,800
S01009581,61,87,372
S01009582,47,85,372
S01009583,79,112,624
S01009584,45,59,403
S01009585,115,157,610
S01009586,106,110,365
S01009587,123,126,528
S01009588,182,155,675
S01009589,85,114,705
S01009590,48,94,533
S01009591,44,88,460
S01009592,49,87,428
S01009593,36,78,552
S01009594,48,77,492
S01009595,23,40,342
S01009596,96,107,508
S01009597,119,179,563
S01009598,130,105,398
S01009599,112,146,527
S01009600,132,94,394
S01009601,86,89,478
S01009602,43,97,536
S01009603,41,59,280
S01009604,92,119,574
S01009605,123,97,314
S01009606,106,119,742
S01009607,76,103,604
S01009608,55,73,468
S01009609,76,89,561
S01009610,99,142,700
S01009611,46,76,450
S01009612,86,83,403
S01009613,36,72,344
S01009614,58,87,338
S01009615,38,67,247
S01009616,76,113,493
S01009617,69,89,531
S01009618,110,103,439
S01009619,120,96,420
S01009620,156,154,502
S01009621,123,118,496
S01009622,137,142,462
S01009623,71,74,307
S01009624,140,135,547
S01009625,127,128,613
S01009626,98,101,405
S01009627,102,136,614
S01009628,147,109,239
S01009629,153,125,700
S01009630,107,131,510
S01009631,118,122,381
S01009632,113,93,334
S01009633,145,145,487
S01009634,117,93,290
S01009635,123,153,588
S01009636,140,141,401
S01009637,132,95,363
S01009638,168,191,776
S01009639,122,121,537
S01009640,102,91,431
S01009641,167,188,549
S01009642,110,145,674
S01009643,62,111,992
S01009644,110,114,630
S01009645,83,93,423
S01009646,98,101,466
S01009647,112,114,423
S01009648,95,133,623
S01009649,107,134,788
S01009650,95,107,560
S01009651,102,173,1026
S01009652,92,133,562
S01009653,24,78,355
S01009654,51,102,444
S01009655,115,134,591
S01009656,144,140,440
S01009657,116,135,532
S01009658,118,122,475
S01009659,90,98,360
S01009660,125,164,763
S01009661,80,127,669
S01009662,63,97,490
S01009663,54,97,476
S01009664,79,147,647
S01009665,89,98,500
S01009666,86,106,474
S01009667,39,80,412
S01009668,21,75,466
S01009669,46,70,371
S01009670,84,111,511
S01009671,36,93,454
S01009672,83,127,612
S01009673,77,109,553
S01009674,64,117,676
S01009675,90,118,587
S01009676,66,134,654
S01009677,43,82,431
S01009678,50,92,424
S01009679,101,187,646
S01009680,75,68,584
S01009681,65,100,539
S01009682,44,88,489
S01009683,94,123,603
S01009684,59,152,960
S01009685,94,104,397
S01009686,114,134,704
S01009687,72,98,521
S01009688,112,133,544
S01009689,77,123,504
S01009690,77,113,429
S01009691,50,94,385
S01009692,98,204,724
S01009693,24,84,489
S01009694,103,166,631
S01009695,39,76,421
S01009696,57,122,709
S01009697,64,105,579
S01009698,52,88,486
S01009699,40,77,265
S01009700,75,87,500
S01009701,75,67,371
S01009702,63,95,472
S01009703,69,93,447
S01009704,70,132,639
S01009705,83,124,519
S01009706,67,76,455
S01009707,43,61,365
S01009708,136,136,824
S01009709,96,144,632
S01009710,32,64,345
S01009711,110,111,537
S01009712,81,90,455
S01009713,87,121,600
S01009714,73,139,696
S01009715,54,122,542
S01009716,51,108,503
S01009717,72,109,532
S01009718,65,96,539
S01009719,56,88,509
S01009720,80,131,501
S01009721,8,44,410
S01009722,65,195,1374
S01009723,43,93,535
S01009724,71,132,668
S01009725,14,58,374
S01009726,22,121,936
S01009727,39,79,545
S01009728,45,83,616
S01009729,41,83,459
S01009730,75,62,342
S01009731,41,95,438
S01009732,44,100,625
S01009733,25,69,335
S01009734,39,96,740
S01009735,59,87,539
S01009736,102,460,3113
S01009737,60,121,683
S01009738,33,80,393
S01009739,54,103,728
S01009740,59,74,411
S01009741,30,73,649
S01009742,31,65,380
S01009743,71,128,720
S01009744,49,99,523
S01009745,111,178,1108
S01009746,50,77,391
S01009747,72,110,490
S01009748,79,121,643
S01009749,97,140,724
S01009750,84,93,545
S01009751,89,129,549
S01009752,33,88,482
S01009753,66,119,416
S01009754,74,144,702
S01009755,44,83,441
S01009756,36,77,559
S01009757,46,93,615
S01009758,46,78,419
S01009759,132,144,715
S01009760,150,142,742
S01009761,92,106,565
S01009762,150,144,690
S01009763,79,92,560
S01009764,88,90,495
S01009765,158,131,731
S01009766,50,54,305
S01009767,297,237,1963
S01009768,67,94,613
S01009769,82,106,871
S01009770,70,61,551
S01009771,59,94,664
S01009772,43,74,451
S01009773,40,64,552
S01009774,54,57,483
S01009775,200,197,1492
S01009776,106,109,462
S01009777,71,57,267
S01009778,189,142,524
S01009779,131,83,311
S01009780,119,87,418
S01009781,132,97,331
S01009782,104,104,576
S01009783,121,78,407
S01009784,203,161,670
S01009785,180,118,531
S01009786,211,157,657
S01009787,170,142,594
S01009788,168,120,590
S01009789,145,136,549
S01009790,105,81,384
S01009791,149,116,487
S01009792,78,93,821
S01009793,120,169,1409
S01009794,50,48,454
S01009795,53,91,655
S01009796,81,99,556
S01009797,58,91,649
S01009798,53,55,548
S01009799,179,130,544
S01009800,178,149,695
S01009801,169,127,614
S01009802,198,131,645
S01009803,149,105,450
S01009804,85,57,315
S01009805,273,137,615
S01009806,175,146,539
S01009807,114,107,523
S01009808,113,84,393
S01009809,86,85,465
S01009810,110,85,463
S01009811,232,129,607
S01009812,127,106,494
S01009813,125,134,678
S01009814,121,117,504
S01009815,103,96,436
S01009816,64,84,445
S01009817,117,97,458
S01009818,140,143,600
S01009819,65,79,394
S01009820,133,145,647
S01009821,87,83,524
S01009822,49,66,369
S01009823,177,99,439
S01009824,103,126,678
S01009825,163,136,628
S01009826,84,88,437
S01009827,147,122,685
S01009828,167,96,355
S01009829,156,139,689
S01009830,79,93,530
S01009831,72,76,445
S01009832,119,150,720
S01009833,66,50,352
S01009834,139,102,642
S01009835,89,80,399
S01009836,152,131,677
S01009837,151,108,375
S01009838,143,136,611
S01009839,98,140,584
S01009840,183,137,583
S01009841,133,111,555
S01009842,98,73,439
S01009843,171,130,582
S01009844,128,134,647
S01009845,114,107,567
S01009846,185,132,797
S01009847,119,96,490
S01009848,202,145,621
S01009849,134,126,545
S01009850,148,125,599
S01009851,157,149,607
S01009852,84,82,392
S01009853,123,111,564
S01009854,148,119,614
S01009855,80,64,433
S01009856,82,90,476
S01009857,116,132,626
S01009858,107,101,531
S01009859,225,183,885
S01009860,258,132,613
S01009861,188,149,735
S01009862,182,123,822
S01009863,106,112,691
S01009864,118,114,619
S01009865,79,95,627
S01009866,109,112,721
S01009867,139,135,918
S01009868,66,65,540
S01009869,67,76,616
S01009870,63,80,513
S01009871,184,179,782
S01009872,52,111,690
S01009873,96,119,562
S01009874,158,112,702
S01009875,82,116,627
S01009876,28,45,220
S01009877,77,125,742
S01009878,98,106,650
S01009879,37,83,786
S01009880,91,78,665
S01009881,119,117,686
S01009882,49,107,1042
S01009883,49,76,616
S01009884,63,94,719
S01009885,65,79,565
S01009886,104,117,595
S01009887,118,142,807
S01009888,47,84,542
S01009889,95,105,739
S01009890,77,63,314
S01009891,67,82,586
S01009892,138,138,522
S01009893,65,125,690
S01009894,145,120,646
S01009895,135,119,691
S01009896,154,150,861
S01009897,144,134,822
S01009898,106,72,546
S01009899,88,76,577
S01009900,32,61,615
S01009901,44,111,770
S01009902,166,128,661
S01009903,85,134,724
S01009904,80,111,623
S01009905,59,91,632
S01009906,30,69,387
S01009907,97,133,705
S01009908,56,121,874
S01009909,58,110,784
S01009910,22,49,355
S01009911,67,86,724
S01009912,105,129,701
S01009913,63,86,638
S01009914,72,128,823
S01009915,41,97,745
S01009916,105,119,733
S01009917,41,73,560
S01009918,35,82,581
S01009919,107,135,950
S01009920,49,87,750
S01009921,35,89,608
S01009922,57,105,842
S01009923,71,116,667
S01009924,73,139,755
S01009925,40,77,625
S01009926,45,80,578
S01009927,58,72,436
S01009928,65,112,772
S01009929,38,70,477
S01009930,63,76,646
S01009931,27,59,584
S01009932,51,86,570
S01009933,127,111,600
S01009934,62,106,717
S01009935,176,199,635
S01009936,84,92,374
S01009937,82,60,220
S01009938,165,141,539
S01009939,101,80,371
S01009940,164,137,523
S01009941,81,129,805
S01009942,162,161,583
S01009943,161,142,556
S01009944,89,92,474
S01009945,152,162,696
S01009946,109,115,611
S01009947,92,81,441
S01009948,145,131,553
S01009949,107,111,564
S01009950,40,47,565
S01009951,41,73,558
S01009952,64,68,545
S01009953,66,101,682
S01009954,72,72,605
S01009955,150,162,886
S01009956,84,96,531
S01009957,25,78,622
S01009958,34,92,780
S01009959,36,78,517
S01009960,84,96,572
S01009961,73,78,510
S01009962,100,116,740
S01009963,57,95,599
S01009964,62,114,831
S01009965,68,99,629
S01009966,57,85,520
S01009967,64,104,610
S01009968,61,72,422
S01009969,59,90,647
S01009970,170,158,586
S01009971,195,156,795
S01009972,108,120,637
S01009973,85,99,464
S01009974,117,101,368
S01009975,229,143,571
S01009976,92,71,285
S01009977,191,119,356
S01009978,205,152,683
S01009979,130,71,471
S01009980,215,136,514
S01009981,124,116,424
S01009982,134,153,731
S01009983,113,89,431
S01009984,79,79,534
S01009985,90,96,361
S01009986,83,69,326
S01009987,192,155,492
S01009988,110,102,320
S01009989,113,148,560
S01009990,69,126,447
S01009991,68,109,502
S01009992,151,121,489
S01009993,71,99,550
S01009994,73,99,546
S01009995,50,77,413
S01009996,78,88,416
S01009997,70,92,449
S01009998,68,85,454
S01009999,55,76,521
S01010000,60,63,392
S01010001,79,107,551
S01010002,70,126,534
S01010003,64,93,454
S01010004,49,70,518
S01010005,94,122,949
S01010006,142,173,897
S01010007,62,102,687
S01010008,128,99,504
S01010009,65,87,417
S01010010,87,111,866
S01010011,123,107,495
S01010012,80,124,651
S01010013,70,111,694
S01010014,84,128,770
S01010015,41,96,555
S01010016,129,115,614
S01010017,112,96,438
S01010018,184,174,973
S01010019,161,131,507
S01010020,115,110,502
S01010021,149,107,540
S01010022,200,244,1851
S01010023,161,86,279
S01010024,179,109,548
S01010025,102,78,388
S01010026,160,93,665
S01010027,110,119,663
S01010028,116,78,418
S01010029,129,98,385
S01010030,66,103,647
S01010031,23,58,678
S01010032,37,91,662
S01010033,183,215,1160
S01010034,260,211,1232
S01010035,19,36,265
S01010036,24,62,747
S01010037,164,104,460
S01010038,143,122,754
S01010039,42,91,795
S01010040,83,83,655
S01010041,85,85,664
S01010042,106,99,788
S01010043,110,116,559
S01010044,168,130,799
S01010045,118,81,523
S01010046,207,158,912
S01010047,194,105,532
S01010048,334,261,1606
S01010049,139,108,579
S01010050,367,219,1070
S01010051,173,138,608
S01010052,126,127,803
S01010053,121,96,689
S01010054,173,118,485
S01010055,234,163,654
S01010056,94,90,426
S01010057,93,91,383
S01010058,112,99,497
S01010059,73,79,394
S01010060,142,116,567
S01010061,70,51,379
S01010062,139,144,629
S01010063,216,153,656
S01010064,51,71,349
S01010065,151,105,506
S01010066,145,94,495
S01010067,102,95,480
S01010068,176,159,1274
S01010069,79,105,566
S01010070,60,74,418
S01010071,121,111,496
S01010072,140,108,490
S01010073,100,114,511
S01010074,151,114,451
S01010075,122,88,398
S01010076,112,91,410
S01010077,120,81,377
S01010078,56,70,444
S01010079,103,99,625
S01010080,68,81,484
S01010081,88,84,422
S01010082,85,100,601
S01010083,117,93,375
S01010084,176,136,488
S01010085,74,96,487
S01010086,172,103,548
S01010087,66,77,412
S01010088,143,267,3446
S01010089,100,76,366
S01010090,142,109,611
S01010091,74,93,778
S01010092,172,126,485
S01010093,94,106,525
S01010094,76,85,468
S01010095,64,75,446
S01010096,61,94,487
S01010097,88,109,473
S01010098,66,87,529
S01010099,65,85,500
S01010100,91,112,541
S01010101,89,118,478
S01010102,46,71,540
S01010103,55,99,883
S01010104,62,104,732
S01010105,81,52,261
S01010106,43,32,118
S01010107,119,90,424
S01010108,136,81,423
S01010109,129,90,818
S01010110,186,144,489
S01010111,168,121,405
S01010112,220,149,613
S01010113,112,86,471
S01010114,178,102,453
S01010115,37,63,305
S01010116,112,140,1226
S01010117,134,171,1373
S01010118,157,110,483
S01010119,81,57,366
S01010120,228,194,703
S01010121,86,73,308
S01010122,142,66,267
S01010123,102,106,538
S01010124,61,87,499
S01010125,56,72,302
S01010126,116,94,524
S01010127,137,104,359
S01010128,86,77,400
S01010129,117,115,539
S01010130,97,111,675
S01010131,123,121,572
S01010132,181,145,541
S01010133,135,119,396
S01010134,220,140,642
S01010135,157,121,480
S01010136,131,118,511
S01010137,188,144,567
S01010138,229,140,422
S01010139,181,132,588
S01010140,88,102,577
S01010141,184,146,563
S01010142,139,97,473
S01010143,152,92,481
S01010144,108,105,476
S01010145,115,119,487
S01010146,117,92,432
S01010147,185,143,594
S01010148,167,136,984
S01010149,209,155,843
S01010150,215,144,459
S01010151,181,136,466
S01010152,139,100,476
S01010153,180,150,612
S01010154,194,150,520
S01010155,194,134,436
S01010156,115,71,292
S01010157,154,96,344
S01010158,179,110,517
S01010159,180,129,406
S01010160,55,64,367
S01010161,105,59,460
S01010162,125,119,597
S01010163,172,134,551
S01010164,163,114,561
S01010165,177,99,450
S01010166,148,142,810
S01010167,199,138,386
S01010168,80,61,337
S01010169,122,108,504
S01010170,105,67,287
S01010171,166,161,684
S01010172,167,122,460
S01010173,128,104,518
S01010174,204,290,861
S01010175,75,68,356
S01010176,139,108,455
S01010177,121,102,491
S01010178,169,144,608
S01010179,162,132,486
S01010180,102,93,648
S01010181,119,86,351
S01010182,72,90,419
S01010183,105,76,284
S01010184,124,82,396
S01010185,127,106,547
S01010186,78,81,437
S01010187,51,80,376
S01010188,110,147,1635
S01010189,39,89,806
S01010190,28,75,770
S01010191,51,72,550
S01010192,53,74,713
S01010193,121,116,538
S01010194,132,95,395
S01010195,87,58,421
S01010196,159,99,351
S01010197,121,105,388
S01010198,246,169,601
S01010199,110,94,377
S01010200,140,92,433
S01010201,73,79,460
S01010202,146,102,535
S01010203,63,72,486
S01010204,170,81,432
S01010205,104,83,326
S01010206,0,0,0
S01010207,55,36,163
S01010208,127,125,667
S01010209,224,155,700
S01010210,133,128,580
S01010211,160,121,433
S01010212,223,205,827
S01010213,185,157,528
S01010214,103,127,657
S01010215,189,154,542
S01010216,93,95,386
S01010217,65,75,464
S01010218,151,106,711
S01010219,14,13,101
S01010220,13,48,419
S01010221,173,113,418
S01010222,106,82,534
S01010223,113,69,321
S01010224,177,135,809
S01010225,117,97,604
S01010226,0,0,0
S01010227,0,0,0
S01010228,197,148,742
S01010229,190,182,896
S01010230,158,151,859
S01010231,151,115,703
S01010232,109,89,574
S01010233,131,109,524
S01010234,91,115,773
S01010235,69,83,644
S01010236,55,80,614
S01010237,44,75,558
S01010238,64,95,583
S01010239,124,102,523
S01010240,64,98,503
S01010241,125,154,652
S01010242,89,96,430
S01010243,117,111,746
S01010244,102,85,386
S01010245,178,116,464
S01010246,158,135,558
S01010247,160,101,476
S01010248,54,101,674
S01010249,34,71,544
S01010250,29,56,644
S01010251,17,61,507
S01010252,26,62,503
S01010253,91,96,449
S01010254,176,114,592
S01010255,146,121,727
S01010256,165,118,574
S01010257,100,227,1921
S01010258,26,105,1284
S01010259,134,221,1696
S01010260,126,213,1864
S01010261,119,337,3099
S01010262,155,112,542
S01010263,25,53,598
S01010264,76,84,774
S01010265,28,71,833
S01010266,41,92,545
S01010267,17,76,658
S01010268,52,103,685
S01010269,30,67,391
S01010270,213,270,1610
S01010271,58,171,1198
S01010272,141,144,803
S01010273,20,73,810
S01010274,21,87,1011
S01010275,24,70,684
S01010276,19,83,948
S01010277,125,131,543
S01010278,77,106,536
S01010279,72,77,533
S01010280,45,100,827
S01010281,56,77,723
S01010282,118,147,740
S01010283,45,80,910
S01010284,108,244,2162
S01010285,77,92,670
S01010286,65,234,2234
S01010287,38,71,637
S01010288,50,158,1081
S01010289,33,77,806
S01010290,49,81,594
S01010291,54,158,977
S01010292,31,80,733
S01010293,69,116,847
S01010294,26,83,597
S01010295,53,108,854
S01010296,58,81,540
S01010297,145,157,1053
S01010298,119,133,577
S01010299,95,99,422
S01010300,167,150,615
S01010301,16,44,345
S01010302,101,76,502
S01010303,58,68,579
S01010304,131,121,488
S01010305,150,121,615
S01010306,47,78,493
S01010307,39,97,649
S01010308,76,154,854
S01010309,60,27,161
S01010310,88,77,501
S01010311,133,96,525
S01010312,204,116,553
S01010313,110,96,408
S01010314,246,234,1096
S01010315,85,107,683
S01010316,74,75,454
S01010317,74,118,807
S01010318,150,207,1876
S01010319,71,80,550
S01010320,97,112,604
S01010321,148,121,556
S01010322,49,108,767
S01010323,211,100,325
S01010324,197,133,405
S01010325,206,162,544
S01010326,199,122,912
S01010327,188,117,655
S01010328,192,130,684
S01010329,111,81,395
S01010330,129,100,364
S01010331,196,154,576
S01010332,164,108,581
S01010333,209,154,675
S01010334,141,152,777
S01010335,205,144,554
S01010336,98,81,447
S01010337,142,116,521
S01010338,110,80,331
S01010339,104,81,376
S01010340,143,101,540
S01010341,65,82,490
S01010342,70,73,389
S01010343,77,94,630
S01010344,137,99,475
S01010345,52,76,729
S01010346,96,131,671
S01010347,147,146,873
S01010348,122,128,540
S01010349,154,115,539
S01010350,163,150,716
S01010351,91,101,686
S01010352,93,79,368
S01010353,175,125,721
S01010354,114,112,492
S01010355,136,106,610
S01010356,95,103,618
S01010357,82,55,363
S01010358,179,149,536
S01010359,173,123,616
S01010360,89,101,589
S01010361,131,106,448
S01010362,90,123,490
S01010363,52,96,641
S01010364,53,127,792
S01010365,35,106,769
S01010366,52,122,843
S01010367,73,206,1513
S01010368,80,105,668
S01010369,44,80,547
S01010370,21,74,641
S01010371,45,114,983
S01010372,28,59,535
S01010373,45,83,673
S01010374,42,91,792
S01010375,15,59,542
S01010376,48,74,598
S01010377,45,87,813
S01010378,24,62,679
S01010379,55,125,974
S01010380,62,105,826
S01010381,26,51,464
S01010382,52,97,624
S01010383,84,96,471
S01010384,44,177,1581
S01010385,76,135,621
S01010386,134,177,1166
S01010387,109,241,1859
S01010388,155,153,672
S01010389,56,97,983
S01010390,73,149,897
S01010391,97,90,594
S01010392,21,72,696
S01010393,97,92,794
S01010394,152,164,639
S01010395,90,144,789
S01010396,112,122,834
S01010397,46,66,541
S01010398,79,117,854
S01010399,32,110,964
S01010400,69,111,905
S01010401,55,101,615
S01010402,51,107,869
S01010403,82,115,885
S01010404,73,83,779
S01010405,47,89,831
S01010406,38,96,788
S01010407,34,102,788
S01010408,53,63,474
S01010409,26,35,474
S01010410,35,72,636
S01010411,40,90,962
S01010412,112,80,645
S01010413,64,126,648
S01010414,82,110,807
S01010415,171,126,822
S01010416,41,68,536
S01010417,27,60,495
S01010418,41,86,919
S01010419,41,101,825
S01010420,72,76,560
S01010421,43,84,690
S01010422,117,110,815
S01010423,117,122,555
S01010424,111,123,573
S01010425,192,172,636
S01010426,85,76,497
S01010427,117,131,731
S01010428,59,77,545
S01010429,80,83,888
S01010430,118,138,721
S01010431,41,56,527
S01010432,134,122,561
S01010433,93,76,418
S01010434,85,99,506
S01010435,95,101,421
S01010436,133,104,561
S01010437,90,85,378
S01010438,93,102,632
S01010439,129,94,672
S01010440,118,124,437
S01010441,76,107,766
S01010442,108,105,521
S01010443,86,85,401
S01010444,115,75,437
S01010445,237,127,524
S01010446,87,109,568
S01010447,216,154,592
S01010448,103,109,521
S01010449,159,113,460
S01010450,116,128,527
S01010451,151,112,669
S01010452,137,115,515
S01010453,85,93,464
S01010454,198,129,490
S01010455,181,128,439
S01010456,89,80,367
S01010457,55,63,299
S01010458,108,106,497
S01010459,93,64,307
S01010460,70,94,516
S01010461,119,104,475
S01010462,121,133,718
S01010463,82,118,572
S01010464,72,69,371
S01010465,63,89,735
S01010466,38,104,648
S01010467,95,108,623
S01010468,69,121,717
S01010469,71,88,463
S01010470,124,138,508
S01010471,88,118,485
S01010472,85,93,588
S01010473,93,98,575
S01010474,66,91,515
S01010475,43,85,616
S01010476,175,193,935
S01010477,106,102,613
S01010478,161,137,485
S01010479,174,153,728
S01010480,97,75,453
S01010481,93,91,427
S01010482,125,111,548
S01010483,180,147,784
S01010484,83,70,389
S01010485,115,115,728
S01010486,85,109,666
S01010487,136,139,824
S01010488,91,119,516
S01010489,239,177,661
S01010490,122,89,424
S01010491,135,109,529
S01010492,135,90,387
S01010493,128,106,494
S01010494,73,80,381
S01010495,168,122,520
S01010496,213,143,630
S01010497,106,86,343
S01010498,224,158,545
S01010499,205,146,582
S01010500,149,154,682
S01010501,186,134,794
S01010502,118,95,528
S01010503,122,86,446
S01010504,30,91,478
S01010505,40,82,413
S01010506,53,118,756
S01010507,62,88,554
S01010508,84,158,857
S01010509,65,134,763
S01010510,105,159,741
S01010511,88,110,640
S01010512,62,85,452
S01010513,60,88,598
S01010514,51,89,508
S01010515,78,104,528
S01010516,44,78,514
S01010517,57,105,598
S01010518,43,76,476
S01010519,56,91,582
S01010520,98,90,651
S01010521,79,98,586
S01010522,98,131,532
S01010523,66,106,480
S01010524,41,71,421
S01010525,43,83,507
S01010526,111,121,629
S01010527,126,137,620
S01010528,55,109,535
S01010529,62,101,580
S01010530,37,75,527
S01010531,105,173,836
S01010532,33,56,321
S01010533,58,70,418
S01010534,56,113,646
S01010535,35,67,559
S01010536,83,91,526
S01010537,43,91,496
S01010538,48,111,816
S01010539,72,100,746
S01010540,37,60,425
S01010541,56,142,722
S01010542,57,127,649
S01010543,40,62,416
S01010544,79,103,668
S01010545,82,108,587
S01010546,82,128,495
S01010547,45,92,634
S01010548,71,119,524
S01010549,117,188,1489
S01010550,56,47,409
S01010551,61,106,608
S01010552,37,85,574
S01010553,42,79,467
S01010554,77,84,435
S01010555,75,130,537
S01010556,180,148,578
S01010557,76,98,363
S01010558,84,124,582
S01010559,126,112,527
S01010560,56,78,444
S01010561,66,118,465
S01010562,73,114,497
S01010563,58,63,366
S01010564,81,72,286
S01010565,65,105,392
S01010566,68,159,1027
S01010567,130,160,855
S01010568,115,186,1402
S01010569,78,140,992
S01010570,107,166,675
S01010571,63,84,537
S01010572,61,99,493
S01010573,42,66,376
S01010574,34,77,426
S01010575,52,115,496
S01010576,49,114,636
S01010577,89,98,558
S01010578,72,65,365
S01010579,49,97,499
S01010580,71,82,475
S01010581,37,58,343
S01010582,155,239,1400
S01010583,74,107,690
S01010584,62,91,795
S01010585,42,61,753
S01010586,53,98,601
S01010587,44,103,467
S01010588,103,77,422
S01010589,65,78,314
S01010590,40,70,711
S01010591,74,124,1222
S01010592,34,53,349
S01010593,109,195,1483
S01010594,41,59,538
S01010595,21,73,666
S01010596,61,109,1710
S01010597,30,75,697
S01010598,40,74,836
S01010599,86,155,1708
S01010600,155,131,862
S01010601,86,100,463
S01010602,39,52,393
S01010603,48,83,610
S01010604,24,59,347
S01010605,88,147,778
S01010606,83,114,598
S01010607,49,86,562
S01010608,85,83,463
S01010609,64,73,397
S01010610,56,93,528
S01010611,85,125,642
S01010612,61,109,522
S01010613,112,125,410
S01010614,108,92,411
S01010615,50,85,597
S01010616,45,98,606
S01010617,46,103,655
S01010618,42,80,551
S01010619,67,83,435
S01010620,59,83,481
S01010621,63,106,681
S01010622,94,100,402
S01010623,41,78,710
S01010624,100,82,491
S01010625,65,98,521
S01010626,126,149,675
S01010627,84,110,561
S01010628,81,118,682
S01010629,151,169,632
S01010630,45,86,372
S01010631,84,68,394
S01010632,121,139,605
S01010633,162,156,720
S01010634,67,87,375
S01010635,114,125,506
S01010636,62,108,573
S01010637,78,87,356
S01010638,115,110,525
S01010639,146,165,816
S01010640,47,83,483
S01010641,167,135,558
S01010642,148,207,823
S01010643,103,110,500
S01010644,128,129,421
S01010645,34,49,342
S01010646,51,96,508
S01010647,96,80,401
S01010648,52,77,453
S01010649,44,77,406
S01010650,175,197,1261
S01010651,72,90,419
S01010652,82,104,690
S01010653,41,86,355
S01010654,99,107,515
S01010655,70,137,734
S01010656,56,101,578
S01010657,59,85,518
S01010658,59,98,622
S01010659,39,93,548
S01010660,84,85,438
S01010661,77,96,470
S01010662,84,120,654
S01010663,64,105,724
S01010664,47,111,564
S01010665,90,141,806
S01010666,107,136,831
S01010667,44,86,500
S01010668,97,173,893
S01010669,48,89,445
S01010670,75,118,591
S01010671,55,131,559
S01010672,64,89,497
S01010673,100,131,678
S01010674,85,142,786
S01010675,80,102,539
S01010676,79,139,813
S01010677,48,74,426
S01010678,74,104,551
S01010679,57,112,345
S01010680,78,93,536
S01010681,86,147,766
S01010682,64,149,861
S01010683,97,136,786
S01010684,83,127,605
S01010685,65,86,457
S01010686,55,123,477
S01010687,77,135,635
S01010688,57,127,585
S01010689,75,126,546
S01010690,62,76,456
S01010691,59,112,584
S01010692,59,115,573
S01010693,39,89,387
S01010694,73,111,426
S01010695,54,85,529
S01010696,108,137,764
S01010697,106,165,806
S01010698,76,111,561
S01010699,38,62,438
S01010700,26,88,438
S01010701,103,140,777
S01010702,96,149,679
S01010703,47,131,683
S01010704,68,104,393
S01010705,99,166,1118
S01010706,85,106,600
S01010707,83,144,993
S01010708,54,86,393
S01010709,58,86,527
S01010710,83,104,506
S01010711,57,108,610
S01010712,69,86,547
S01010713,55,73,508
S01010714,86,97,333
S01010715,67,112,549
S01010716,132,157,625
S01010717,42,94,479
S01010718,109,121,857
S01010719,42,89,500
S01010720,111,179,773
S01010721,50,90,484
S01010722,67,136,595
S01010723,60,119,769
S01010724,65,124,742
S01010725,62,113,938
S01010726,92,118,654
S01010727,35,69,569
S01010728,39,73,442
S01010729,35,93,530
S01010730,84,142,715
S01010731,67,116,680
S01010732,106,94,521
S01010733,80,79,396
S01010734,118,142,609
S01010735,55,92,540
S01010736,30,79,420
S01010737,220,209,911
S01010738,62,93,366
S01010739,93,118,587
S01010740,78,102,299
S01010741,91,136,785
S01010742,71,111,524
S01010743,82,106,471
S01010744,118,140,710
S01010745,109,88,357
S01010746,98,127,756
S01010747,97,114,612
S01010748,43,81,480
S01010749,59,88,460
S01010750,71,91,429
S01010751,103,126,511
S01010752,89,115,622
S01010753,198,162,762
S01010754,74,98,386
S01010755,69,82,372
S01010756,60,103,478
S01010757,88,109,467
S01010758,82,115,578
S01010759,68,81,424
S01010760,100,106,561
S01010761,35,62,391
S01010762,58,84,410
S01010763,77,89,525
S01010764,56,94,437
S01010765,115,158,735
S01010766,74,121,598
S01010767,89,122,463
S01010768,58,92,355
S01010769,53,85,365
S01010770,98,117,526
S01010771,111,139,592
S01010772,123,141,531
S01010773,115,131,528
S01010774,118,102,479
S01010775,44,94,682
S01010776,58,67,392
S01010777,77,75,312
S01010778,64,79,360
S01010779,99,106,480
S01010780,58,66,410
S01010781,63,88,555
S01010782,114,82,402
S01010783,74,67,340
S01010784,87,103,475
S01010785,47,77,506
S01010786,73,95,565
S01010787,96,137,623
S01010788,64,84,469
S01010789,70,74,503
S01010790,70,116,511
S01010791,81,150,632
S01010792,75,97,386
S01010793,54,95,459
S01010794,55,60,474
S01010795,99,128,723
S01010796,78,97,665
S01010797,55,87,632
S01010798,49,106,468
S01010799,95,118,417
S01010800,64,98,513
S01010801,87,94,462
S01010802,40,48,356
S01010803,96,74,407
S01010804,54,109,435
S01010805,69,110,698
S01010806,128,119,564
S01010807,44,77,417
S01010808,43,62,374
S01010809,74,95,538
S01010810,59,88,385
S01010811,97,136,594
S01010812,48,83,312
S01010813,54,61,308
S01010814,39,94,489
S01010815,31,64,290
S01010816,64,102,463
S01010817,52,106,714
S01010818,76,134,777
S01010819,86,98,609
S01010820,49,100,501
S01010821,30,69,480
S01010822,90,73,476
S01010823,24,42,295
S01010824,34,79,556
S01010825,39,73,856
S01010826,72,91,512
S01010827,36,75,433
S01010828,74,147,928
S01010829,104,123,664
S01010830,60,74,463
S01010831,22,48,504
S01010832,59,64,434
S01010833,63,81,670
S01010834,95,150,737
S01010835,34,77,418
S01010836,57,111,636
S01010837,72,87,601
S01010838,71,89,562
S01010839,77,98,574
S01010840,67,76,309
S01010841,74,112,529
S01010842,166,156,463
S01010843,120,108,409
S01010844,40,84,493
S01010845,68,64,344
S01010846,96,107,421
S01010847,46,66,431
S01010848,140,105,536
S01010849,164,130,654
S01010850,197,150,480
S01010851,154,143,661
S01010852,124,104,501
S01010853,160,138,660
S01010854,153,144,533
S01010855,81,89,325
S01010856,144,144,551
S01010857,96,83,611
S01010858,72,94,421
S01010859,152,141,581
S01010860,89,77,341
S01010861,118,107,375
S01010862,120,102,399
S01010863,75,111,623
S01010864,45,86,456
S01010865,75,120,634
S01010866,100,97,464
S01010867,71,90,477
S01010868,139,111,464
S01010869,40,86,572
S01010870,104,121,413
S01010871,80,114,632
S01010872,100,121,494
S01010873,112,97,250
S01010874,84,76,536
S01010875,77,58,370
S01010876,136,98,514
S01010877,105,104,596
S01010878,175,174,707
S01010879,105,103,594
S01010880,51,63,351
S01010881,79,99,355
S01010882,34,57,357
S01010883,77,107,534
S01010884,161,116,421
S01010885,167,153,591
S01010886,48,55,181
S01010887,157,117,479
S01010888,140,135,522
S01010889,95,71,239
S01010890,185,129,447
S01010891,139,75,212
S01010892,185,148,507
S01010893,110,89,326
S01010894,139,111,420
S01010895,67,55,269
S01010896,133,135,483
S01010897,161,121,475
S01010898,89,78,421
S01010899,65,49,404
S01010900,109,118,564
S01010901,129,92,356
S01010902,137,142,598
S01010903,190,161,474
S01010904,114,92,360
S01010905,167,160,783
S01010906,127,135,741
S01010907,41,60,613
S01010908,107,90,464
S01010909,89,62,447
S01010910,102,79,308
S01010911,145,120,275
S01010912,132,118,375
S01010913,67,90,500
S01010914,61,79,395
S01010915,70,80,508
S01010916,58,54,223
S01010917,73,82,344
S01010918,123,97,399
S01010919,122,111,479
S01010920,130,93,518
S01010921,138,90,384
S01010922,234,150,517
S01010923,126,106,571
S01010924,99,85,348
S01010925,110,112,414
S01010926,140,145,541
S01010927,96,101,371
S01010928,115,115,492
S01010929,114,97,409
S01010930,52,97,713
S01010931,52,113,887
S01010932,105,113,517
S01010933,64,138,1096
S01010934,63,122,767
S01010935,75,112,453
S01010936,107,102,411
S01010937,54,112,532
S01010938,108,148,580
S01010939,28,56,386
S01010940,41,86,481
S01010941,63,124,586
S01010942,34,87,501
S01010943,72,79,465
S01010944,61,91,389
S01010945,61,105,419
S01010946,110,161,604
S01010947,51,69,382
S01010948,71,121,432
S01010949,79,129,690
S01010950,85,111,552
S01010951,45,90,544
S01010952,41,56,376
S01010953,59,59,389
S01010954,58,69,647
S01010955,67,183,1809
S01010956,106,174,1715
S01010957,38,64,419
S01010958,59,67,348
S01010959,45,76,506
S01010960,119,160,980
S01010961,64,85,440
S01010962,112,93,338
S01010963,76,121,655
S01010964,72,78,544
S01010965,72,54,319
S01010966,75,107,519
S01010967,85,106,450
S01010968,56,108,480
S01010969,83,107,500
S01010970,110,154,792
S01010971,85,120,822
S01010972,116,94,520
S01010973,61,78,331
S01010974,101,101,525
S01010975,68,81,298
S01010976,95,76,304
S01010977,77,105,451
S01010978,101,122,510
S01010979,89,134,656
S01010980,103,111,487
S01010981,101,100,525
S01010982,149,160,872
S01010983,80,110,533
S01010984,75,104,473
S01010985,48,70,508
S01010986,20,44,447
S01010987,32,53,500
S01010988,21,59,484
S01010989,44,72,923
S01010990,76,108,616
S01010991,161,319,3425
S01010992,18,53,488
S01010993,58,77,440
S01010994,131,177,1255
S01010995,43,86,511
S01010996,32,69,399
S01010997,55,81,499
S01010998,44,92,665
S01010999,93,125,744
S01011000,144,221,2534
S01011001,90,95,423
S01011002,88,115,472
S01011003,70,94,518
S01011004,55,73,525
S01011005,105,107,488
S01011006,139,216,1752
S01011007,69,102,522
S01011008,108,123,633
S01011009,68,63,302
S01011010,92,85,362
S01011011,146,140,511
S01011012,141,104,495
S01011013,110,137,597
S01011014,59,112,550
S01011015,54,57,275
S01011016,80,154,1608
S01011017,119,201,1267
S01011018,68,124,609
S01011019,75,161,1200
S01011020,63,115,1177
S01011021,99,106,687
S01011022,85,85,464
S01011023,110,126,610
S01011024,85,103,568
S01011025,89,106,493
S01011026,76,80,389
S01011027,161,161,673
S01011028,131,136,661
S01011029,90,92,430
S01011030,74,111,632
S01011031,114,117,698
S01011032,76,133,531
S01011033,69,84,414
S01011034,112,103,390
S01011035,85,101,417
S01011036,73,103,428
S01011037,121,177,1060
S01011038,135,149,686
S01011039,121,194,949
S01011040,79,83,595
S01011041,150,88,467
S01011042,63,97,600
S01011043,95,123,549
S01011044,82,95,493
S01011045,46,106,459
S01011046,53,120,658
S01011047,65,120,755
S01011048,93,123,638
S01011049,58,94,511
S01011050,37,88,451
S01011051,92,165,730
S01011052,108,99,553
S01011053,66,68,413
S01011054,30,64,422
S01011055,28,56,410
S01011056,74,94,611
S01011057,39,65,421
S01011058,49,87,489
S01011059,48,64,459
S01011060,92,127,541
S01011061,92,129,586
S01011062,82,109,702
S01011063,122,159,742
S01011064,76,133,722
S01011065,68,108,540
S01011066,40,62,287
S01011067,51,68,307
S01011068,58,82,339
S01011069,41,78,344
S01011070,32,83,369
S01011071,74,93,523
S01011072,142,204,1022
S01011073,49,83,549
S01011074,44,67,504
S01011075,83,76,473
S01011076,81,103,533
S01011077,81,96,542
S01011078,142,187,1502
S01011079,73,132,822
S01011080,101,148,666
S01011081,70,98,553
S01011082,101,68,315
S01011083,94,131,530
S01011084,65,126,513
S01011085,87,132,585
S01011086,77,151,601
S01011087,59,77,385
S01011088,82,127,724
S01011089,63,87,472
S01011090,97,127,751
S01011091,41,100,460
S01011092,104,78,403
S01011093,178,252,2656
S01011094,86,109,1029
S01011095,54,98,664
S01011096,92,121,924
S01011097,49,98,581
S01011098,61,90,524
S01011099,81,125,546
S01011100,47,76,281
S01011101,48,59,390
S01011102,61,59,354
S01011103,45,80,291
S01011104,155,127,355
S01011105,113,126,546
S01011106,65,94,747
S01011107,92,143,864
S01011108,73,55,366
S01011109,65,86,454
S01011110,70,86,444
S01011111,86,108,592
S01011112,19,73,589
S01011113,83,113,650
S01011114,43,80,528
S01011115,63,126,584
S01011116,58,81,449
S01011117,49,95,590
S01011118,53,121,667
S01011119,71,131,641
S01011120,55,94,514
S01011121,63,94,374
S01011122,37,94,466
S01011123,94,143,883
S01011124,40,62,514
S01011125,57,74,289
S01011126,46,61,289
S01011127,5,23,392
S01011128,66,107,610
S01011129,72,123,744
S01011130,81,85,350
S01011131,50,79,449
S01011132,63,102,618
S01011133,45,72,322
S01011134,89,124,499
S01011135,52,112,503
S01011136,55,82,381
S01011137,32,56,370
S01011138,45,81,497
S01011139,36,84,1300
S01011140,54,69,359
S01011141,54,79,364
S01011142,49,112,1003
S01011143,96,159,776
S01011144,41,65,494
S01011145,46,92,523
S01011146,67,101,563
S01011147,72,134,654
S01011148,70,109,531
S01011149,36,119,553
S01011150,54,101,769
S01011151,29,61,447
S01011152,44,91,400
S01011153,93,132,881
S01011154,87,82,300
S01011155,75,105,461
S01011156,35,72,362
S01011157,46,100,376
S01011158,63,86,439
S01011159,92,98,391
S01011160,62,119,619
S01011161,54,75,446
S01011162,39,60,370
S01011163,62,103,508
S01011164,117,124,579
S01011165,96,130,440
S01011166,20,57,288
S01011167,70,113,522
S01011168,101,154,1103
S01011169,85,139,1155
S01011170,95,172,776
S01011171,82,142,681
S01011172,69,134,569
S01011173,58,82,447
S01011174,78,87,285
S01011175,58,93,466
S01011176,46,93,408
S01011177,75,110,588
S01011178,59,83,340
S01011179,86,78,356
S01011180,113,88,408
S01011181,64,119,691
S01011182,73,80,599
S01011183,56,90,389
S01011184,92,127,888
S01011185,67,113,444
S01011186,135,123,616
S01011187,78,89,463
S01011188,132,118,667
S01011189,111,123,532
S01011190,97,82,371
S01011191,69,85,344
S01011192,79,95,442
S01011193,78,110,457
S01011194,102,82,417
S01011195,86,103,541
S01011196,163,132,509
S01011197,124,127,590
S01011198,114,94,473
S01011199,127,114,813
S01011200,73,113,501
S01011201,84,83,441
S01011202,127,114,523
S01011203,123,105,472
S01011204,48,71,374
S01011205,38,43,632
S01011206,55,67,472
S01011207,134,85,441
S01011208,60,93,620
S01011209,83,88,397
S01011210,62,69,476
S01011211,66,72,471
S01011212,69,73,335
S01011213,217,187,799
S01011214,106,123,559
S01011215,79,64,348
S01011216,82,56,306
S01011217,122,104,560
S01011218,171,142,794
S01011219,127,90,437
S01011220,140,121,565
S01011221,135,130,629
S01011222,111,104,541
S01011223,111,99,513
S01011224,138,110,380
S01011225,99,106,521
S01011226,154,151,717
S01011227,107,109,469
S01011228,134,148,513
S01011229,126,82,281
S01011230,167,97,370
S01011231,105,99,345
S01011232,153,124,478
S01011233,100,121,1010
S01011234,178,143,701
S01011235,51,54,178
S01011236,89,79,283
S01011237,105,99,514
S01011238,104,81,365
S01011239,133,110,336
S01011240,140,126,420
S01011241,223,159,585
S01011242,152,114,570
S01011243,209,174,464
S01011244,124,105,326
S01011245,148,115,456
S01011246,157,186,568
S01011247,130,94,556
S01011248,83,108,520
S01011249,78,97,492
S01011250,131,127,750
S01011251,135,136,604
S01011252,120,103,486
S01011253,142,111,585
S01011254,61,117,637
S01011255,46,68,648
S01011256,17,48,424
S01011257,45,60,239
S01011258,58,60,321
S01011259,117,92,434
S01011260,74,104,478
S01011261,129,116,618
S01011262,58,52,294
S01011263,155,149,961
S01011264,101,81,433
S01011265,131,136,710
S01011266,122,148,553
S01011267,70,71,345
S01011268,41,51,209
S01011269,95,91,330
S01011270,127,122,312
S01011271,133,112,479
S01011272,129,119,437
S01011273,111,96,564
S01011274,117,117,599
S01011275,93,90,460
S01011276,143,122,633
S01011277,50,83,448
S01011278,32,40,319
S01011279,80,102,430
S01011280,39,92,405
S01011281,28,60,492
S01011282,86,98,667
S01011283,34,59,601
S01011284,30,44,496
S01011285,112,116,502
S01011286,110,95,380
S01011287,142,141,613
S01011288,115,113,545
S01011289,130,132,575
S01011290,234,203,793
S01011291,149,112,424
S01011292,143,128,374
S01011293,110,92,440
S01011294,191,139,517
S01011295,108,150,830
S01011296,96,87,336
S01011297,125,109,513
S01011298,65,69,520
S01011299,43,78,380
S01011300,113,134,614
S01011301,81,96,569
S01011302,187,134,433
S01011303,109,135,674
S01011304,68,102,510
S01011305,92,78,598
S01011306,72,93,384
S01011307,132,197,1376
S01011308,29,74,395
S01011309,53,102,533
S01011310,88,108,535
S01011311,56,86,564
S01011312,67,153,786
S01011313,87,118,429
S01011314,101,163,751
S01011315,57,41,243
S01011316,111,113,526
S01011317,84,132,563
S01011318,136,149,599
S01011319,80,126,550
S01011320,90,88,401
S01011321,66,94,488
S01011322,58,90,453
S01011323,115,110,555
S01011324,96,74,406
S01011325,140,100,464
S01011326,134,113,403
S01011327,102,133,367
S01011328,115,121,460
S01011329,148,159,651
S01011330,67,107,614
S01011331,74,106,609
S01011332,56,91,535
S01011333,75,118,549
S01011334,36,65,399
S01011335,116,162,670
S01011336,65,78,470
S01011337,62,110,528
S01011338,45,97,511
S01011339,64,71,395
S01011340,104,75,455
S01011341,88,98,464
S01011342,99,99,519
S01011343,131,117,548
S01011344,112,124,585
S01011345,86,113,541
S01011346,94,86,404
S01011347,139,160,667
S01011348,140,137,618
S01011349,63,74,669
S01011350,58,80,423
S01011351,86,93,425
S01011352,89,111,435
S01011353,129,99,386
S01011354,65,76,524
S01011355,132,118,621
S01011356,80,147,920
S01011357,108,121,483
S01011358,27,46,348
S01011359,158,109,451
S01011360,75,88,304
S01011361,25,21,28
S01011362,74,81,628
S01011363,163,115,515
S01011364,71,78,493
S01011365,31,49,549
S01011366,130,82,281
S01011367,121,115,566
S01011368,39,67,826
S01011369,103,98,522
S01011370,52,65,551
S01011371,128,128,590
S01011372,120,117,408
S01011373,88,93,441
S01011374,52,90,560
S01011375,72,68,446
S01011376,100,76,309
S01011377,52,101,975
S01011378,113,104,533
S01011379,79,115,1100
S01011380,65,84,528
S01011381,95,95,506
S01011382,102,111,716
S01011383,145,139,342
S01011384,166,109,441
S01011385,184,130,637
S01011386,153,102,415
S01011387,118,114,567
S01011388,97,121,871
S01011389,133,104,546
S01011390,127,104,481
S01011391,90,80,461
S01011392,100,94,430
S01011393,176,152,538
S01011394,20,48,470
S01011395,150,144,474
S01011396,145,139,491
S01011397,206,135,505
S01011398,143,91,455
S01011399,73,76,350
S01011400,79,104,496
S01011401,81,98,459
S01011402,168,179,623
S01011403,56,67,360
S01011404,124,144,498
S01011405,73,88,440
S01011406,105,98,665
S01011407,143,166,858
S01011408,124,119,582
S01011409,153,116,564
S01011410,80,85,404
S01011411,90,107,471
S01011412,76,113,602
S01011413,46,60,386
S01011414,110,116,563
S01011415,132,142,581
S01011416,52,85,409
S01011417,150,130,626
S01011418,103,98,330
S01011419,107,79,316
S01011420,78,82,349
S01011421,60,62,501
S01011422,111,100,409
S01011423,95,96,341
S01011424,67,92,384
S01011425,158,129,547
S01011426,117,102,1203
S01011427,71,75,356
S01011428,95,98,352
S01011429,149,186,847
S01011430,134,148,648
S01011431,179,170,690
S01011432,133,155,713
S01011433,126,110,631
S01011434,83,79,414
S01011435,113,151,804
S01011436,109,106,456
S01011437,118,103,450
S01011438,94,74,313
S01011439,133,129,697
S01011440,83,81,373
S01011441,110,102,530
S01011442,141,101,519
S01011443,104,95,379
S01011444,112,86,522
S01011445,64,65,328
S01011446,127,145,1731
S01011447,139,88,616
S01011448,120,102,485
S01011449,104,65,321
S01011450,48,61,521
S01011451,162,254,2944
S01011452,105,121,652
S01011453,95,98,502
S01011454,144,112,486
S01011455,133,103,424
S01011456,142,117,547
S01011457,128,119,568
S01011458,103,125,1024
S01011459,127,126,887
S01011460,55,58,401
S01011461,112,119,475
S01011462,134,129,672
S01011463,132,155,1228
S01011464,38,57,492
S01011465,122,97,475
S01011466,99,75,614
S01011467,75,61,403
S01011468,37,70,806
S01011469,94,103,628
S01011470,157,156,821
S01011471,148,132,612
S01011472,78,76,415
S01011473,167,138,418
S01011474,150,118,449
S01011475,155,113,411
S01011476,28,48,307
S01011477,66,116,625
S01011478,62,131,1081
S01011479,104,133,904
S01011480,69,125,778
S01011481,76,83,743
S01011482,151,134,625
S01011483,34,61,377
S01011484,160,139,568
S01011485,157,122,653
S01011486,106,93,355
S01011487,192,122,639
S01011488,138,118,556
S01011489,68,77,583
S01011490,183,158,715
S01011491,70,80,270
S01011492,104,94,560
S01011493,34,45,375
S01011494,125,95,525
S01011495,142,128,566
S01011496,108,73,479
S01011497,58,49,584
S01011498,35,61,487
S01011499,102,99,549
S01011500,75,69,294
S01011501,120,96,393
S01011502,90,85,495
S01011503,88,96,412
S01011504,108,106,711
S01011505,128,89,468
S01011506,64,66,342
S01011507,98,85,462
S01011508,88,133,630
S01011509,91,74,383
S01011510,153,146,691
S01011511,77,82,356
S01011512,131,120,585
S01011513,138,99,504
S01011514,163,142,620
S01011515,62,72,329
S01011516,76,114,665
S01011517,72,80,362
S01011518,106,98,458
S01011519,110,112,480
S01011520,106,82,481
S01011521,162,155,619
S01011522,171,121,552
S01011523,91,110,484
S01011524,91,97,533
S01011525,164,141,577
S01011526,120,131,684
S01011527,88,92,453
S01011528,180,131,590
S01011529,90,84,380
S01011530,151,154,631
S01011531,107,127,831
S01011532,38,52,524
S01011533,134,112,447
S01011534,120,114,524
S01011535,221,124,751
S01011536,46,79,480
S01011537,36,60,393
S01011538,62,93,555
S01011539,145,117,436
S01011540,168,131,742
S01011541,163,135,843
S01011542,168,125,664
S01011543,131,91,512
S01011544,112,105,405
S01011545,101,95,556
S01011546,47,64,558
S01011547,23,42,435
S01011548,103,87,583
S01011549,73,88,492
S01011550,50,81,477
S01011551,69,66,434
S01011552,65,66,470
S01011553,42,57,750
S01011554,152,156,704
S01011555,81,73,369
S01011556,83,86,281
S01011557,115,91,459
S01011558,75,87,417
S01011559,81,62,327
S01011560,119,114,494
S01011561,119,116,551
S01011562,138,105,545
S01011563,121,99,481
S01011564,124,120,691
S01011565,115,120,624
S01011566,120,108,541
S01011567,176,135,578
S01011568,69,84,533
S01011569,95,117,667
S01011570,112,99,438
S01011571,155,81,349
S01011572,81,81,468
S01011573,157,144,786
S01011574,77,90,549
S01011575,71,63,384
S01011576,217,123,405
S01011577,90,91,454
S01011578,107,92,440
S01011579,79,114,813
S01011580,85,95,622
S01011581,148,113,398
S01011582,121,150,850
S01011583,114,84,469
S01011584,102,112,443
S01011585,107,80,447
S01011586,114,98,417
S01011587,92,90,442
S01011588,123,105,520
S01011589,109,117,575
S01011590,104,88,500
S01011591,90,104,343
S01011592,105,77,372
S01011593,89,96,399
S01011594,67,73,295
S01011595,52,73,429
S01011596,183,150,801
S01011597,135,74,360
S01011598,0,0,0
S01011599,122,105,586
S01011600,144,109,371
S01011601,52,85,599
S01011602,84,112,1132
S01011603,188,104,557
S01011604,56,68,250
S01011605,142,108,607
S01011606,65,111,871
S01011607,41,71,473
S01011608,94,102,713
S01011609,165,140,540
S01011610,125,110,549
S01011611,130,141,838
S01011612,25,52,581
S01011613,82,92,574
S01011614,67,43,299
S01011615,120,101,469
S01011616,66,57,344
S01011617,137,111,607
S01011618,107,85,429
S01011619,79,123,797
S01011620,57,112,866
S01011621,75,91,574
S01011622,51,60,564
S01011623,106,92,553
S01011624,92,80,524
S01011625,72,87,366
S01011626,48,80,595
S01011627,35,71,580
S01011628,93,124,865
S01011629,93,82,363
S01011630,106,117,457
S01011631,101,77,437
S01011632,96,112,545
S01011633,114,102,460
S01011634,69,52,353
S01011635,122,108,409
S01011636,102,111,441
S01011637,95,113,409
S01011638,78,60,217
S01011639,101,101,332
S01011640,109,107,466
S01011641,56,54,337
S01011642,83,113,529
S01011643,86,100,650
S01011644,104,110,486
S01011645,76,74,343
S01011646,56,71,448
S01011647,54,92,605
S01011648,79,95,915
S01011649,61,57,416
S01011650,73,93,618
S01011651,113,105,594
S01011652,71,87,480
S01011653,137,113,627
S01011654,150,127,593
S01011655,172,125,486
S01011656,73,85,306
S01011657,92,69,260
S01011658,121,94,514
S01011659,128,116,569
S01011660,115,106,575
S01011661,83,68,328
S01011662,60,66,488
S01011663,93,87,406
S01011664,178,155,693
S01011665,136,99,433
S01011666,147,126,489
S01011667,173,98,456
S01011668,147,131,592
S01011669,93,109,424
S01011670,72,72,319
S01011671,103,108,509
S01011672,91,79,366
S01011673,88,100,421
S01011674,115,132,1012
S01011675,156,116,649
S01011676,115,101,428
S01011677,80,83,590
S01011678,82,78,338
S01011679,35,67,518
S01011680,184,145,664
S01011681,122,102,567
S01011682,58,57,406
S01011683,173,179,1542
S01011684,76,87,386
S01011685,50,88,639
S01011686,71,107,625
S01011687,123,109,591
S01011688,98,119,1185
S01011689,59,92,869
S01011690,78,92,809
S01011691,46,63,630
S01011692,172,137,715
S01011693,77,83,593
S01011694,33,45,454
S01011695,143,232,3111
S01011696,52,81,957
S01011697,84,97,898
S01011698,118,126,697
S01011699,68,126,984
S01011700,123,108,456
S01011701,93,103,759
S01011702,75,83,463
S01011703,91,152,1434
S01011704,46,92,530
S01011705,92,98,604
S01011706,149,138,658
S01011707,83,131,718
S01011708,128,129,654
S01011709,128,155,921
S01011710,84,52,361
S01011711,95,102,412
S01011712,81,77,447
S01011713,106,113,513
S01011714,25,47,370
S01011715,80,77,375
S01011716,49,85,669
S01011717,73,97,447
S01011718,47,68,647
S01011719,34,79,510
S01011720,41,63,346
S01011721,112,108,541
S01011722,140,103,548
S01011723,139,122,763
S01011724,82,67,567
S01011725,41,50,468
S01011726,47,58,429
S01011727,34,53,760
S01011728,106,114,649
S01011729,110,100,408
S01011730,118,102,519
S01011731,120,121,572
S01011732,53,92,498
S01011733,91,124,504
S01011734,102,99,527
S01011735,66,87,514
S01011736,71,97,499
S01011737,78,87,520
S01011738,117,142,755
S01011739,103,95,471
S01011740,134,129,564
S01011741,105,125,456
S01011742,89,108,536
S01011743,94,91,535
S01011744,157,138,607
S01011745,170,144,503
S01011746,99,57,384
S01011747,135,151,617
S01011748,81,115,518
S01011749,102,90,424
S01011750,153,160,531
S01011751,84,93,452
S01011752,100,121,667
S01011753,105,127,580
S01011754,105,115,498
S01011755,107,134,622
S01011756,125,120,658
S01011757,126,125,455
S01011758,73,87,385
S01011759,96,128,545
S01011760,136,137,583
S01011761,82,100,479
S01011762,92,88,422
S01011763,106,107,536
S01011764,44,38,247
S01011765,72,96,694
S01011766,54,73,426
S01011767,131,108,525
S01011768,143,114,573
S01011769,109,114,416
S01011770,117,111,561
S01011771,30,50,523
S01011772,64,95,813
S01011773,30,44,454
S01011774,84,94,661
S01011775,31,75,541
S01011776,111,115,910
S01011777,36,59,497
S01011778,60,54,511
S01011779,75,99,524
S01011780,74,111,682
S01011781,35,61,400
S01011782,57,81,412
S01011783,49,54,355
S01011784,128,130,541
S01011785,98,114,546
S01011786,13,24,416
S01011787,172,148,695
S01011788,32,77,583
S01011789,149,179,2290
S01011790,122,154,1054
S01011791,117,95,437
S01011792,215,163,627
S01011793,147,122,929
S01011794,139,131,531
S01011795,103,82,341
S01011796,132,105,549
S01011797,73,119,739
S01011798,68,80,388
S01011799,91,107,636
S01011800,70,84,388
S01011801,64,63,405
S01011802,93,98,454
S01011803,92,102,573
S01011804,65,93,486
S01011805,42,73,386
S01011806,105,121,658
S01011807,89,139,848
S01011808,68,93,560
S01011809,64,111,597
S01011810,84,148,734
S01011811,61,139,762
S01011812,54,91,498
S01011813,51,97,639
S01011814,69,93,657
S01011815,58,112,903
S01011816,41,98,659
S01011817,93,158,1076
S01011818,107,115,714
S01011819,68,119,581
S01011820,128,132,599
S01011821,45,46,225
S01011822,62,113,434
S01011823,52,97,458
S01011824,63,94,470
S01011825,40,76,369
S01011826,67,98,454
S01011827,79,101,315
S01011828,109,149,730
S01011829,43,64,348
S01011830,62,90,408
S01011831,126,155,600
S01011832,89,132,552
S01011833,60,100,772
S01011834,64,118,937
S01011835,81,118,676
S01011836,50,100,680
S01011837,37,65,530
S01011838,54,110,805
S01011839,87,127,701
S01011840,106,160,884
S01011841,84,138,663
S01011842,115,143,697
S01011843,90,163,1007
S01011844,55,129,779
S01011845,72,121,684
S01011846,65,119,786
S01011847,26,65,352
S01011848,45,79,576
S01011849,94,120,794
S01011850,51,124,1180
S01011851,74,121,615
S01011852,117,133,752
S01011853,67,85,680
S01011854,106,124,605
S01011855,77,115,600
S01011856,64,92,519
S01011857,55,92,528
S01011858,71,142,668
S01011859,108,143,586
S01011860,21,47,373
S01011861,55,87,543
S01011862,76,141,703
S01011863,86,115,563
S01011864,40,110,627
S01011865,60,74,444
S01011866,83,117,569
S01011867,108,130,755
S01011868,77,127,648
S01011869,65,133,573
S01011870,80,110,523
S01011871,112,220,1755
S01011872,43,103,764
S01011873,51,118,595
S01011874,41,74,513
S01011875,79,122,512
S01011876,87,98,772
S01011877,46,74,414
S01011878,79,215,1946
S01011879,31,79,463
S01011880,35,79,478
S01011881,110,126,682
S01011882,129,137,638
S01011883,83,179,1144
S01011884,31,56,371
S01011885,44,84,588
S01011886,55,128,615
S01011887,47,58,480
S01011888,104,116,609
S01011889,99,112,630
S01011890,51,97,486
S01011891,174,203,696
S01011892,48,105,714
S01011893,120,155,821
S01011894,55,96,451
S01011895,47,83,446
S01011896,63,92,703
S01011897,75,122,860
S01011898,25,78,605
S01011899,65,98,560
S01011900,34,84,595
S01011901,55,89,728
S01011902,101,143,760
S01011903,63,107,665
S01011904,106,95,572
S01011905,34,59,582
S01011906,29,68,283
S01011907,54,86,537
S01011908,43,80,628
S01011909,45,106,874
S01011910,90,110,628
S01011911,71,100,456
S01011912,71,95,505
S01011913,62,110,418
S01011914,96,124,687
S01011915,86,142,611
S01011916,63,81,335
S01011917,55,73,397
S01011918,109,117,652
S01011919,89,120,658
S01011920,75,113,379
S01011921,67,94,414
S01011922,80,88,484
S01011923,162,155,596
S01011924,47,53,304
S01011925,36,63,691
S01011926,76,80,492
S01011927,82,95,413
S01011928,69,107,478
S01011929,81,90,415
S01011930,86,78,492
S01011931,160,211,1144
S01011932,46,72,436
S01011933,82,83,459
S01011934,61,102,642
S01011935,80,107,616
S01011936,103,86,547
S01011937,71,113,400
S01011938,52,79,458
S01011939,86,92,494
S01011940,63,89,403
S01011941,84,86,545
S01011942,115,121,598
S01011943,181,220,770
S01011944,32,68,393
S01011945,44,77,621
S01011946,71,121,532
S01011947,41,80,367
S01011948,184,187,767
S01011949,76,119,627
S01011950,123,125,491
S01011951,60,99,510
S01011952,39,54,395
S01011953,62,89,753
S01011954,70,82,344
S01011955,139,151,765
S01011956,60,102,776
S01011957,55,86,595
S01011958,105,148,1078
S01011959,86,120,657
S01011960,36,93,852
S01011961,60,83,723
S01011962,44,76,570
S01011963,47,77,512
S01011964,81,142,788
S01011965,79,113,571
S01011966,68,99,639
S01011967,112,173,947
S01011968,77,136,768
S01011969,115,156,739
S01011970,110,112,605
S01011971,55,93,508
S01011972,79,152,778
S01011973,63,101,534
S01011974,111,127,630
S01011975,35,67,346
S01011976,57,110,565
S01011977,130,175,813
S01011978,117,129,500
S01011979,150,199,1003
S01011980,54,89,559
S01011981,71,125,677
S01011982,87,131,745
S01011983,62,107,557
S01011984,127,114,457
S01011985,75,85,453
S01011986,93,92,391
S01011987,118,161,779
S01011988,65,104,386
S01011989,71,115,577
S01011990,85,131,764
S01011991,71,107,496
S01011992,131,159,711
S01011993,83,115,532
S01011994,155,113,546
S01011995,72,120,953
S01011996,56,74,331
S01011997,80,102,644
S01011998,37,66,465
S01011999,53,77,484
S01012000,35,60,342
S01012001,53,97,503
S01012002,59,74,366
S01012003,51,84,402
S01012004,99,147,666
S01012005,70,92,631
S01012006,107,185,1510
S01012007,76,110,595
S01012008,99,141,745
S01012009,38,74,505
S01012010,139,181,904
S01012011,75,127,820
S01012012,73,111,514
S01012013,67,98,607
S01012014,82,128,546
S01012015,82,116,749
S01012016,47,92,495
S01012017,29,76,402
S01012018,45,97,660
S01012019,74,107,795
S01012020,88,117,423
S01012021,38,66,414
S01012022,64,91,495
S01012023,33,46,359
S01012024,57,90,703
S01012025,79,97,612
S01012026,33,87,959
S01012027,137,97,702
S01012028,49,94,752
S01012029,432,282,1936
S01012030,190,390,5285
S01012031,33,74,678
S01012032,32,43,328
S01012033,92,116,592
S01012034,86,109,562
S01012035,83,129,619
S01012036,83,97,597
S01012037,146,146,875
S01012038,152,98,611
S01012039,168,139,701
S01012040,58,97,486
S01012041,104,106,661
S01012042,137,164,903
S01012043,154,114,602
S01012044,191,144,565
S01012045,153,173,741
S01012046,141,96,447
S01012047,143,111,492
S01012048,174,130,442
S01012049,80,89,424
S01012050,79,112,693
S01012051,82,86,365
S01012052,131,111,556
S01012053,114,117,591
S01012054,81,94,446
S01012055,131,127,648
S01012056,95,115,499
S01012057,79,80,600
S01012058,63,83,505
S01012059,141,126,520
S01012060,116,154,559
S01012061,92,116,695
S01012062,73,121,1225
S01012063,53,72,429
S01012064,106,92,440
S01012065,100,93,464
S01012066,128,130,693
S01012067,92,89,336
S01012068,102,60,311
S01012069,83,56,257
S01012070,117,96,462
S01012071,214,203,887
S01012072,187,172,772
S01012073,83,120,733
S01012074,53,58,534
S01012075,39,61,500
S01012076,105,103,589
S01012077,120,115,550
S01012078,122,104,657
S01012079,159,125,535
S01012080,92,104,576
S01012081,124,112,535
S01012082,106,77,389
S01012083,136,140,428
S01012084,49,70,399
S01012085,69,95,524
S01012086,116,130,590
S01012087,116,112,625
S01012088,54,63,539
S01012089,72,78,641
S01012090,47,103,667
S01012091,38,73,384
S01012092,42,55,366
S01012093,57,62,292
S01012094,69,87,657
S01012095,155,120,753
S01012096,125,149,570
S01012097,82,95,558
S01012098,75,99,410
S01012099,179,111,491
S01012100,198,190,901
S01012101,65,98,545
S01012102,95,101,452
S01012103,73,117,694
S01012104,42,78,743
S01012105,89,129,845
S01012106,80,127,814
S01012107,72,88,547
S01012108,233,163,357
S01012109,129,146,726
S01012110,155,121,565
S01012111,123,94,516
S01012112,123,127,472
S01012113,140,138,695
S01012114,62,100,625
S01012115,69,88,372
S01012116,82,75,495
S01012117,63,124,1237
S01012118,46,69,457
S01012119,68,128,635
S01012120,85,118,919
S01012121,218,163,717
S01012122,98,100,537
S01012123,54,87,413
S01012124,39,65,328
S01012125,135,120,496
S01012126,55,82,591
S01012127,147,224,1227
S01012128,53,84,438
S01012129,100,110,456
S01012130,247,186,667
S01012131,159,178,993
S01012132,92,123,613
S01012133,48,89,478
S01012134,186,147,710
S01012135,192,136,592
S01012136,108,118,539
S01012137,142,153,662
S01012138,98,123,685
S01012139,116,121,672
S01012140,49,73,431
S01012141,59,97,763
S01012142,95,124,656
S01012143,55,111,671
S01012144,87,111,804
S01012145,60,104,828
S01012146,163,146,589
S01012147,124,116,502
S01012148,92,81,452
S01012149,121,107,624
S01012150,144,114,628
S01012151,83,72,401
S01012152,117,126,390
S01012153,110,124,690
S01012154,107,95,485
S01012155,111,107,419
S01012156,155,144,974
S01012157,140,133,775
S01012158,77,138,1061
S01012159,45,55,393
S01012160,51,76,486
S01012161,69,61,291
S01012162,189,123,812
S01012163,84,106,639
S01012164,68,110,830
S01012165,126,136,621
S01012166,66,78,422
S01012167,103,96,497
S01012168,80,85,517
S01012169,120,106,568
S01012170,151,186,704
S01012171,156,136,696
S01012172,78,88,446
S01012173,103,111,441
S01012174,47,94,718
S01012175,72,97,492
S01012176,69,102,539
S01012177,53,88,456
S01012178,47,77,405
S01012179,76,90,360
S01012180,72,114,449
S01012181,82,109,511
S01012182,149,222,2438
S01012183,164,151,985
S01012184,51,98,909
S01012185,116,115,683
S01012186,104,90,489
S01012187,117,84,409
S01012188,91,94,385
S01012189,68,69,442
S01012190,26,45,432
S01012191,54,96,543
S01012192,43,79,548
S01012193,24,60,372
S01012194,29,66,384
S01012195,92,125,803
S01012196,41,58,397
S01012197,103,89,491
S01012198,146,97,585
S01012199,83,81,499
S01012200,80,89,417
S01012201,86,111,510
S01012202,49,82,424
S01012203,85,94,516
S01012204,52,78,522
S01012205,56,79,477
S01012206,64,89,617
S01012207,128,127,661
S01012208,127,142,761
S01012209,81,117,542
S01012210,116,127,522
S01012211,79,112,720
S01012212,56,115,511
S01012213,59,90,573
S01012214,38,93,577
S01012215,40,94,616
S01012216,50,79,586
S01012217,79,65,395
S01012218,81,80,355
S01012219,136,131,565
S01012220,114,105,374
S01012221,96,84,428
S01012222,214,127,521
S01012223,141,101,418
S01012224,105,104,659
S01012225,139,120,701
S01012226,69,87,518
S01012227,75,71,475
S01012228,62,94,506
S01012229,48,85,505
S01012230,63,108,729
S01012231,25,74,630
S01012232,48,80,646
S01012233,45,97,706
S01012234,61,94,840
S01012235,25,58,436
S01012236,50,87,674
S01012237,35,74,670
S01012238,73,90,424
S01012239,61,70,386
S01012240,99,100,622
S01012241,27,73,427
S01012242,50,68,764
S01012243,32,67,578
S01012244,41,78,747
S01012245,80,92,546
S01012246,51,125,862
S01012247,74,92,609
S01012248,76,93,654
S01012249,69,125,663
S01012250,54,140,1021
S01012251,121,116,784
S01012252,46,90,535
S01012253,91,122,653
S01012254,66,110,671
S01012255,97,156,610
S01012256,35,81,524
S01012257,83,109,728
S01012258,24,83,617
S01012259,33,102,543
S01012260,90,149,708
S01012261,37,85,745
S01012262,57,123,1091
S01012263,62,105,539
S01012264,34,63,355
S01012265,66,105,623
S01012266,113,159,822
S01012267,43,116,646
S01012268,59,85,565
S01012269,81,140,757
S01012270,74,118,595
S01012271,138,232,1780
S01012272,69,92,548
S01012273,59,136,685
S01012274,63,101,748
S01012275,74,131,581
S01012276,108,180,758
S01012277,94,129,844
S01012278,116,123,499
S01012279,85,116,542
S01012280,93,126,709
S01012281,50,96,513
S01012282,112,166,775
S01012283,92,94,715
S01012284,97,111,568
S01012285,56,96,431
S01012286,95,165,694
S01012287,102,117,492
S01012288,114,132,495
S01012289,79,125,700
S01012290,70,96,396
S01012291,73,124,956
S01012292,52,121,589
S01012293,45,70,345
S01012294,80,116,654
S01012295,73,65,607
S01012296,56,106,826
S01012297,50,73,587
S01012298,69,127,694
S01012299,33,77,550
S01012300,67,84,455
S01012301,76,126,685
S01012302,62,71,479
S01012303,55,131,803
S01012304,73,126,855
S01012305,164,135,631
S01012306,81,113,418
S01012307,76,90,425
S01012308,52,103,752
S01012309,70,102,475
S01012310,93,172,875
S01012311,62,62,390
S01012312,108,160,778
S01012313,58,97,565
S01012314,93,109,666
S01012315,112,103,491
S01012316,71,87,440
S01012317,64,75,501
S01012318,82,109,605
S01012319,60,92,559
S01012320,68,79,471
S01012321,100,130,733
S01012322,91,158,761
S01012323,83,133,729
S01012324,76,135,800
S01012325,65,97,422
S01012326,65,95,391
S01012327,81,136,559
S01012328,68,102,414
S01012329,72,125,632
S01012330,43,80,447
S01012331,38,85,539
S01012332,69,151,797
S01012333,73,137,803
S01012334,129,124,668
S01012335,55,111,731
S01012336,52,83,468
S01012337,94,138,489
S01012338,93,118,537
S01012339,80,120,426
S01012340,107,169,876
S01012341,71,130,734
S01012342,82,120,723
S01012343,75,138,744
S01012344,71,106,460
S01012345,86,125,698
S01012346,84,130,618
S01012347,65,111,553
S01012348,55,105,470
S01012349,102,120,615
S01012350,89,132,656
S01012351,78,122,649
S01012352,81,109,529
S01012353,80,145,523
S01012354,94,135,550
S01012355,93,159,735
S01012356,58,103,522
S01012357,98,102,729
S01012358,73,122,618
S01012359,111,121,533
S01012360,111,104,504
S01012361,76,89,406
S01012362,75,109,553
S01012363,121,159,723
S01012364,84,103,426
S01012365,55,117,742
S01012366,119,144,544
S01012367,78,111,623
S01012368,58,101,494
S01012369,58,92,659
S01012370,122,121,626
S01012371,181,138,644
S01012372,101,98,436
S01012373,84,131,704
S01012374,68,122,680
S01012375,76,130,646
S01012376,68,132,755
S01012377,28,104,484
S01012378,53,86,441
S01012379,48,73,438
S01012380,94,124,645
S01012381,117,144,549
S01012382,65,133,724
S01012383,101,114,578
S01012384,68,72,405
S01012385,44,93,508
S01012386,148,138,663
S01012387,82,121,664
S01012388,55,128,594
S01012389,77,125,754
S01012390,45,108,667
S01012391,78,127,993
S01012392,50,93,658
S01012393,39,100,600
S01012394,133,85,472
S01012395,44,80,346
S01012396,45,89,421
S01012397,86,124,593
S01012398,90,96,552
S01012399,50,106,573
S01012400,62,90,410
S01012401,88,113,514
S01012402,58,88,698
S01012403,75,127,822
S01012404,80,113,595
S01012405,49,94,667
S01012406,43,84,558
S01012407,67,100,691
S01012408,36,64,499
S01012409,58,96,504
S01012410,89,141,781
S01012411,90,117,767
S01012412,69,91,495
S01012413,98,166,650
S01012414,78,100,525
S01012415,33,52,481
S01012416,23,74,383
S01012417,90,93,392
S01012418,96,116,587
S01012419,111,130,535
S01012420,122,139,504
S01012421,113,102,481
S01012422,118,133,631
S01012423,86,132,539
S01012424,106,134,663
S01012425,105,75,380
S01012426,84,94,342
S01012427,97,92,383
S01012428,92,107,434
S01012429,74,91,383
S01012430,80,94,352
S01012431,128,144,600
S01012432,123,101,456
S01012433,81,104,300
S01012434,83,109,359
S01012435,82,110,450
S01012436,75,79,467
S01012437,57,80,444
S01012438,91,111,621
S01012439,148,131,435
S01012440,39,63,397
S01012441,83,121,618
S01012442,164,188,1393
S01012443,72,89,591
S01012444,84,119,768
S01012445,37,48,435
S01012446,82,71,349
S01012447,75,121,625
S01012448,91,120,708
S01012449,62,72,433
S01012450,112,124,828
S01012451,124,134,731
S01012452,63,96,456
S01012453,56,77,608
S01012454,56,94,508
S01012455,39,62,525
S01012456,40,94,657
S01012457,71,111,616
S01012458,49,108,631
S01012459,31,68,392
S01012460,44,81,406
S01012461,62,116,467
S01012462,99,118,508
S01012463,67,79,423
S01012464,83,75,403
S01012465,91,101,492
S01012466,89,117,515
S01012467,71,101,557
S01012468,73,92,590
S01012469,57,74,558
S01012470,141,129,688
S01012471,76,118,605
S01012472,73,95,520
S01012473,47,75,392
S01012474,111,105,474
S01012475,83,98,424
S01012476,84,131,749
S01012477,40,75,504
S01012478,116,130,697
S01012479,30,83,524
S01012480,80,86,273
S01012481,96,129,713
S01012482,105,130,556
S01012483,129,148,504
S01012484,72,98,621
S01012485,157,128,612
S01012486,143,83,326
S01012487,58,81,343
S01012488,159,158,600
S01012489,156,172,588
S01012490,180,197,626
S01012491,78,73,375
S01012492,129,146,406
S01012493,42,55,268
S01012494,107,132,734
S01012495,130,136,653
S01012496,136,118,459
S01012497,69,80,312
S01012498,135,129,598
S01012499,143,117,446
S01012500,108,97,362
S01012501,103,85,349
S01012502,139,131,419
S01012503,108,99,439
S01012504,127,103,475
S01012505,179,144,650
S01012506,84,94,384
S01012507,117,128,573
S01012508,113,112,601
S01012509,49,87,386
S01012510,95,138,734
S01012511,67,83,329
S01012512,46,53,366
S01012513,43,69,408
S01012514,60,99,836
S01012515,123,92,421
S01012516,87,118,470
S01012517,179,146,775
S01012518,56,66,353
S01012519,65,67,363
S01012520,110,109,503
S01012521,38,52,379
S01012522,63,125,689
S01012523,61,109,610
S01012524,101,127,614
S01012525,58,97,512
S01012526,52,97,585
S01012527,57,100,487
S01012528,87,107,618
S01012529,66,70,430
S01012530,82,102,689
S01012531,75,119,852
S01012532,79,119,841
S01012533,47,87,348
S01012534,128,111,369
S01012535,109,96,608
S01012536,117,103,565
S01012537,109,112,445
S01012538,192,194,804
S01012539,85,74,423
S01012540,108,73,523
S01012541,116,154,879
S01012542,99,167,1093
S01012543,40,101,526
S01012544,169,112,596
S01012545,54,71,311
S01012546,75,104,681
S01012547,70,96,471
S01012548,115,192,1707
S01012549,61,72,372
S01012550,80,99,624
S01012551,60,91,593
S01012552,90,111,639
S01012553,57,80,763
S01012554,20,55,356
S01012555,14,61,389
S01012556,38,65,385
S01012557,45,95,467
S01012558,77,78,399
S01012559,152,126,367
S01012560,73,81,379
S01012561,76,110,526
S01012562,95,119,451
S01012563,44,85,626
S01012564,53,77,485
S01012565,93,106,507
S01012566,132,120,486
S01012567,114,140,636
S01012568,44,57,438
S01012569,101,133,721
S01012570,39,79,321
S01012571,77,127,521
S01012572,62,94,308
S01012573,73,122,691
S01012574,67,122,703
S01012575,53,83,547
S01012576,61,103,520
S01012577,89,139,1000
S01012578,95,160,607
S01012579,70,108,618
S01012580,73,115,679
S01012581,83,115,449
S01012582,65,136,834
S01012583,97,99,503
S01012584,99,123,560
S01012585,111,143,554
S01012586,88,118,707
S01012587,86,109,654
S01012588,63,98,435
S01012589,89,89,485
S01012590,124,133,537
S01012591,133,121,434
S01012592,41,67,622
S01012593,76,120,629
S01012594,60,57,334
S01012595,101,91,406
S01012596,90,116,487
S01012597,44,48,408
S01012598,58,92,471
S01012599,78,101,472
S01012600,53,78,541
S01012601,74,111,689
S01012602,141,115,389
S01012603,97,106,379
S01012604,92,101,469
S01012605,67,78,371
S01012606,27,65,780
S01012607,72,91,545
S01012608,100,141,533
S01012609,113,132,551
S01012610,169,183,596
S01012611,97,127,922
S01012612,113,122,430
S01012613,78,82,452
S01012614,162,135,670
S01012615,104,105,580
S01012616,86,147,779
S01012617,37,79,790
S01012618,55,84,362
S01012619,102,83,348
S01012620,59,97,558
S01012621,65,89,417
S01012622,67,97,630
S01012623,93,94,435
S01012624,96,104,501
S01012625,54,63,408
S01012626,39,81,337
S01012627,63,92,458
S01012628,150,153,990
S01012629,40,48,412
S01012630,151,153,555
S01012631,73,102,509
S01012632,75,100,590
S01012633,46,89,494
S01012634,95,105,473
S01012635,135,149,906
S01012636,46,88,682
S01012637,122,100,531
S01012638,134,122,596
S01012639,155,133,576
S01012640,161,155,492
S01012641,209,157,609
S01012642,126,128,549
S01012643,60,63,298
S01012644,94,96,497
S01012645,136,106,598
S01012646,100,116,695
S01012647,42,83,569
S01012648,77,80,365
S01012649,62,93,445
S01012650,97,78,506
S01012651,100,98,451
S01012652,99,157,766
S01012653,108,140,736
S01012654,103,152,1122
S01012655,194,153,707
S01012656,126,125,494
S01012657,88,62,358
S01012658,104,138,621
S01012659,44,91,841
S01012660,121,112,487
S01012661,67,94,639
S01012662,123,120,559
S01012663,86,102,447
S01012664,133,136,637
S01012665,124,96,569
S01012666,121,112,349
S01012667,101,101,372
S01012668,88,101,559
S01012669,52,94,444
S01012670,61,128,467
S01012671,123,138,639
S01012672,141,116,523
S01012673,112,96,428
S01012674,105,104,408
S01012675,156,117,479
S01012676,87,94,601
S01012677,86,74,425
S01012678,76,82,659
S01012679,118,100,502
S01012680,52,60,430
S01012681,75,113,750
S01012682,114,109,455
S01012683,91,100,546
S01012684,41,53,424
S01012685,118,103,511
S01012686,98,117,767
S01012687,39,88,419
S01012688,87,138,550
S01012689,24,67,397
S01012690,41,60,374
S01012691,47,65,578
S01012692,106,99,549
S01012693,44,99,977
S01012694,49,48,328
S01012695,76,110,656
S01012696,72,89,779
S01012697,52,79,1053
S01012698,90,119,713
S01012699,127,166,1117
S01012700,78,93,601
S01012701,61,111,1210
S01012702,72,117,951
S01012703,40,47,467
S01012704,123,94,508
S01012705,108,94,535
S01012706,117,104,488
S01012707,44,102,601
S01012708,105,84,444
S01012709,90,85,417
S01012710,118,102,439
S01012711,185,155,581
S01012712,48,83,653
S01012713,62,106,570
S01012714,53,82,493
S01012715,71,113,455
S01012716,112,117,639
S01012717,181,173,733
S01012718,120,115,655
S01012719,94,121,761
S01012720,43,46,337
S01012721,85,77,440
S01012722,138,110,435
S01012723,138,103,409
S01012724,106,97,529
S01012725,95,122,669
S01012726,93,95,443
S01012727,110,82,447
S01012728,142,111,547
S01012729,83,99,592
S01012730,70,85,392
S01012731,124,88,552
S01012732,83,103,431
S01012733,94,156,2260
S01012734,19,53,532
S01012735,70,57,312
S01012736,117,130,722
S01012737,71,103,582
S01012738,88,91,402
S01012739,42,69,779
S01012740,45,84,883
S01012741,29,73,382
S01012742,50,65,516
S01012743,49,70,388
S01012744,42,72,477
S01012745,78,108,925
S01012746,58,80,574
S01012747,103,141,558
S01012748,140,116,563
S01012749,119,130,600
S01012750,110,110,628
S01012751,137,119,544
S01012752,89,98,559
S01012753,71,63,321
S01012754,109,98,394
S01012755,105,51,259
S01012756,114,79,252
S01012757,77,66,252
S01012758,93,85,399
S01012759,142,133,444
S01012760,217,141,624
S01012761,116,99,432
S01012762,84,95,449
S01012763,63,69,263
S01012764,148,95,466
S01012765,105,87,467
S01012766,119,99,648
S01012767,39,89,400
S01012768,66,101,483
S01012769,29,36,318
S01012770,122,119,609
S01012771,96,88,396
S01012772,114,95,429
S01012773,149,125,585
S01012774,111,132,577
S01012775,65,52,259
S01012776,101,98,436
S01012777,82,126,744
S01012778,81,86,498
S01012779,78,77,331
S01012780,120,101,453
S01012781,140,106,554
S01012782,100,76,339
S01012783,119,96,437
S01012784,107,98,455
S01012785,131,118,421
S01012786,102,95,415
S01012787,45,47,394
S01012788,105,104,428
S01012789,99,95,512
S01012790,60,55,505
S01012791,65,102,576
S01012792,237,158,574
S01012793,135,87,427
S01012794,105,111,443
S01012795,189,156,619
S01012796,80,92,603
S01012797,100,86,499
S01012798,59,95,893
S01012799,79,80,720
S01012800,61,93,673
S01012801,55,70,299
S01012802,25,41,486
S01012803,40,52,502
S01012804,96,91,493
S01012805,87,132,635
S01012806,80,92,657
S01012807,40,56,533
S01012808,188,242,1775
S01012809,61,80,466
S01012810,193,122,491
S01012811,91,100,558
S01012812,62,75,436
S01012813,68,111,759
S01012814,69,99,636
S01012815,51,107,816
S01012816,56,42,480
S01012817,32,49,473
S01012818,65,85,650
S01012819,147,98,448
S01012820,151,272,4250
S01012821,55,73,690
S01012822,68,50,290
S01012823,48,68,664
S01012824,67,89,517
S01012825,62,70,323
S01012826,100,75,371
S01012827,50,72,620
S01012828,49,86,815
S01012829,146,120,516
S01012830,129,103,491
S01012831,138,94,423
S01012832,101,80,452
S01012833,115,138,481
S01012834,140,114,468
S01012835,172,142,615
S01012836,62,74,587
S01012837,115,104,365
S01012838,140,101,446
S01012839,48,86,450
S01012840,42,81,757
S01012841,44,71,408
S01012842,51,61,351
S01012843,56,94,759
S01012844,35,60,575
S01012845,104,82,600
S01012846,150,152,522
S01012847,80,84,377
S01012848,54,72,598
S01012849,99,98,478
S01012850,137,112,463
S01012851,92,125,588
S01012852,56,80,588
S01012853,75,130,552
S01012854,71,85,556
S01012855,28,70,479
S01012856,191,149,1018
S01012857,193,133,491
S01012858,154,92,436
S01012859,117,128,787
S01012860,164,147,567
S01012861,59,80,521
S01012862,91,69,354
S01012863,116,111,476
S01012864,105,118,459
S01012865,126,126,508
S01012866,116,107,528
S01012867,164,142,390
S01012868,91,83,361
S01012869,99,90,379
S01012870,112,142,634
S01012871,99,124,568
S01012872,57,86,591
S01012873,64,100,523
S01012874,98,131,585
S01012875,77,76,387
S01012876,138,153,770
S01012877,117,116,515
S01012878,87,171,1081
S01012879,45,97,575
S01012880,81,92,708
S01012881,114,135,623
S01012882,63,65,371
S01012883,108,72,292
S01012884,83,67,317
S01012885,103,96,392
S01012886,73,119,618
S01012887,44,112,567
S01012888,83,109,615
S01012889,89,116,863
S01012890,149,114,562
S01012891,77,72,326
S01012892,248,190,822
S01012893,115,100,508
S01012894,144,176,2153
S01012895,57,112,1284
S01012896,152,114,461
S01012897,71,93,925
S01012898,24,46,481
S01012899,83,79,285
S01012900,352,311,2787
S01012901,69,114,515
S01012902,99,89,500
S01012903,101,107,576
S01012904,97,128,660
S01012905,85,83,441
S01012906,79,113,587
S01012907,125,152,625
S01012908,76,102,502
S01012909,103,63,318
S01012910,162,127,550
S01012911,74,101,562
S01012912,85,102,453
S01012913,113,107,570
S01012914,78,115,624
S01012915,105,138,955
S01012916,94,86,456
S01012917,57,77,505
S01012918,55,80,361
S01012919,46,54,293
S01012920,54,75,432
S01012921,74,94,462
S01012922,92,151,1025
S01012923,52,105,520
S01012924,44,52,353
S01012925,27,52,391
S01012926,57,92,508
S01012927,69,85,596
S01012928,91,112,649
S01012929,67,95,545
S01012930,140,116,471
S01012931,129,157,792
S01012932,46,56,385
S01012933,99,124,589
S01012934,99,136,593
S01012935,79,117,675
S01012936,96,95,521
S01012937,73,85,467
S01012938,70,75,521
S01012939,31,60,497
S01012940,35,60,523
S01012941,39,64,632
S01012942,84,102,525
S01012943,49,71,555
S01012944,38,46,362
S01012945,52,97,776
S01012946,43,79,619
S01012947,20,42,329
S01012948,42,61,499
S01012949,42,79,529
S01012950,34,65,732
S01012951,27,76,1033
S01012952,62,98,1029
S01012953,32,66,485
S01012954,31,53,364
S01012955,59,109,896
S01012956,195,147,624
S01012957,66,86,377
S01012958,45,62,491
S01012959,42,80,371
S01012960,56,71,411
S01012961,39,63,438
S01012962,36,64,470
S01012963,50,75,544
S01012964,23,47,619
S01012965,137,74,507
S01012966,153,137,1100
S01012967,59,78,327
S01012968,78,98,413
S01012969,99,124,550
S01012970,82,87,378
S01012971,107,122,615
S01012972,106,100,537
S01012973,115,103,574
S01012974,246,202,770
S01012975,89,90,380
S01012976,76,97,424
S01012977,84,111,476
S01012978,95,125,445
S01012979,94,88,466
S01012980,79,88,435
S01012981,61,89,522
S01012982,72,109,557
S01012983,56,109,555
S01012984,65,85,440
S01012985,66,106,552
S01012986,99,123,662
S01012987,95,95,477
S01012988,123,101,618
S01012989,152,149,669
S01012990,85,93,408
S01012991,120,115,587
S01012992,101,89,548
S01012993,105,103,476
S01012994,141,137,541
S01012995,100,122,495
S01012996,77,72,419
S01012997,57,72,295
S01012998,95,119,762
S01012999,60,68,312
S01013000,78,78,478
S01013001,14,34,262
S01013002,36,47,421
S01013003,30,64,473
S01013004,49,93,515
S01013005,59,104,776
S01013006,16,41,312
S01013007,92,133,769
S01013008,64,120,735
S01013009,48,78,458
S01013010,30,83,566
S01013011,49,74,539
S01013012,69,105,423
S01013013,75,108,826
S01013014,89,125,610
S01013015,42,97,622
S01013016,34,70,452
S01013017,85,125,650
S01013018,63,118,741
S01013019,41,90,742
S01013020,49,60,375
S01013021,44,75,354
S01013022,37,54,395
S01013023,53,88,658
S01013024,26,66,429
S01013025,81,116,905
S01013026,125,149,722
S01013027,164,150,629
S01013028,35,59,412
S01013029,108,78,442
S01013030,70,84,487
S01013031,97,93,449
S01013032,52,72,677
S01013033,75,68,613
S01013034,97,98,458
S01013035,109,87,471
S01013036,113,103,488
S01013037,96,106,492
S01013038,130,140,659
S01013039,33,62,385
S01013040,89,97,416
S01013041,71,65,389
S01013042,71,82,641
S01013043,110,90,487
S01013044,95,93,515
S01013045,87,84,531
S01013046,67,81,329
S01013047,43,93,730
S01013048,54,80,531
S01013049,66,103,629
S01013050,141,94,488
S01013051,122,134,593
S01013052,99,114,582
S01013053,106,106,408
S01013054,59,73,383
S01013055,71,80,486
S01013056,155,154,879
S01013057,152,123,684
S01013058,32,67,594
S01013059,91,147,840
S01013060,70,72,389
S01013061,56,109,732
S01013062,93,135,668
S01013063,63,107,624
S01013064,122,107,552
S01013065,106,107,562
S01013066,97,109,658
S01013067,28,128,789
S01013068,92,135,536
S01013069,34,89,620
S01013070,55,94,443
S01013071,35,125,857
S01013072,111,106,431
S01013073,168,174,1088
S01013074,122,148,802
S01013075,182,114,585
S01013076,25,89,622
S01013077,108,119,496
S01013078,89,93,448
S01013079,104,126,946
S01013080,49,91,598
S01013081,49,114,914
S01013082,82,103,621
S01013083,74,259,1856
S01013084,50,87,587
S01013085,50,61,484
S01013086,54,119,679
S01013087,55,78,711
S01013088,37,98,683
S01013089,104,126,538
S01013090,55,81,606
S01013091,25,90,681
S01013092,85,131,608
S01013093,26,75,380
S01013094,32,67,467
S01013095,21,73,611
S01013096,49,64,646
S01013097,43,110,841
S01013098,8,37,640
S01013099,119,118,646
S01013100,38,75,548
S01013101,123,126,623
S01013102,51,90,446
S01013103,38,81,788
S01013104,58,101,695
S01013105,59,117,748
S01013106,60,97,589
S01013107,98,163,1066
S01013108,44,94,523
S01013109,96,135,1091
S01013110,36,69,498
S01013111,34,40,297
S01013112,54,90,407
S01013113,77,124,595
S01013114,71,108,682
S01013115,71,111,410
S01013116,59,99,617
S01013117,58,65,447
S01013118,32,81,373
S01013119,63,88,603
S01013120,89,151,690
S01013121,48,57,256
S01013122,30,20,120
S01013123,145,156,699
S01013124,96,83,420
S01013125,118,131,516
S01013126,120,105,464
S01013127,133,128,571
S01013128,158,122,418
S01013129,203,150,800
S01013130,113,86,582
S01013131,77,85,444
S01013132,108,85,338
S01013133,263,137,631
S01013134,89,118,535
S01013135,139,144,554
S01013136,121,136,581
S01013137,140,105,450
S01013138,120,127,759
S01013139,135,109,467
S01013140,130,111,418
S01013141,140,126,710
S01013142,177,164,555
S01013143,96,96,497
S01013144,143,129,568
S01013145,108,88,479
S01013146,69,66,341
S01013147,97,103,618
S01013148,87,117,468
S01013149,69,112,576
S01013150,101,120,567
S01013151,45,51,357
S01013152,103,122,639
S01013153,120,132,614
S01013154,123,112,627
S01013155,81,104,659
S01013156,119,113,519
S01013157,129,146,760
S01013158,81,81,550
S01013159,47,67,407
S01013160,96,73,654
S01013161,125,140,734
S01013162,136,101,533
S01013163,49,78,444
S01013164,100,128,702
S01013165,125,125,625
S01013166,112,121,510
S01013167,92,122,520
S01013168,146,122,592
S01013169,141,123,566
S01013170,68,62,261
S01013171,46,70,437
S01013172,77,90,512
S01013173,81,93,520
S01013174,42,70,579
S01013175,81,89,665
S01013176,81,73,422
S01013177,79,88,386
S01013178,77,97,463
S01013179,80,111,559
S01013180,30,51,309
S01013181,61,111,489
S01013182,106,91,482
S01013183,128,116,549
S01013184,52,55,237
S01013185,86,93,482
S01013186,72,65,516
S01013187,91,97,520
S01013188,118,144,783
S01013189,52,48,341
S01013190,101,103,592
S01013191,80,125,1097
S01013192,87,93,605
S01013193,130,131,894
S01013194,31,62,372
S01013195,231,191,923
S01013196,48,86,429
S01013197,84,76,465
S01013198,195,143,1048
S01013199,161,129,630
S01013200,95,92,497
S01013201,136,122,556
S01013202,91,80,393
S01013203,104,99,459
S01013204,58,83,535
S01013205,108,88,443
S01013206,95,75,391
S01013207,148,157,731
S01013208,158,129,573
S01013209,113,107,533
S01013210,75,86,476
S01013211,120,99,530
S01013212,29,41,441
S01013213,30,70,400
S01013214,20,38,310
S01013215,119,148,1230
S01013216,52,63,304
S01013217,87,91,489
S01013218,67,69,353
S01013219,65,65,303
S01013220,79,74,409
S01013221,120,141,596
S01013222,114,94,386
S01013223,194,154,650
S01013224,106,99,591
S01013225,112,105,542
S01013226,42,49,420
S01013227,130,120,407
S01013228,118,95,448
S01013229,89,111,515
S01013230,72,87,413
S01013231,100,89,407
S01013232,98,106,486
S01013233,62,97,448
S01013234,23,33,308
S01013235,83,116,485
S01013236,90,125,618
S01013237,81,82,563
S01013238,179,161,602
S01013239,124,123,565
S01013240,78,81,334
S01013241,68,100,624
S01013242,58,82,474
S01013243,87,87,435
S01013244,122,111,437
S01013245,107,133,681
S01013246,59,73,435
S01013247,161,119,446
S01013248,120,105,384
S01013249,58,64,295
S01013250,106,157,1010
S01013251,107,88,559
S01013252,62,74,317
S01013253,101,92,508
S01013254,124,89,383
S01013255,195,300,863
S01013256,109,91,596
S01013257,125,121,476
S01013258,66,107,525
S01013259,90,111,576
S01013260,106,125,640
S01013261,110,118,576
S01013262,93,100,367
S01013263,24,48,391
S01013264,25,51,386
S01013265,31,52,536
S01013266,15,50,471
S01013267,107,96,344
S01013268,79,101,468
S01013269,101,202,1528
S01013270,46,73,635
S01013271,44,65,443
S01013272,20,70,648
S01013273,52,95,778
S01013274,50,94,572
S01013275,93,89,489
S01013276,43,61,448
S01013277,127,136,618
S01013278,187,143,590
S01013279,88,101,439
S01013280,69,101,457
S01013281,113,124,545
S01013282,87,122,583
S01013283,94,126,651
S01013284,35,73,492
S01013285,27,73,452
S01013286,36,80,469
S01013287,26,98,549
S01013288,68,88,487
S01013289,60,135,1068
S01013290,48,77,679
S01013291,42,74,537
S01013292,65,154,1321
S01013293,44,83,481
S01013294,49,80,443
S01013295,43,96,491
S01013296,109,117,425
S01013297,59,101,480
S01013298,156,271,2483
S01013299,125,137,751
S01013300,105,103,492
S01013301,65,84,358
S01013302,59,82,624
S01013303,113,151,542
S01013304,114,118,648
S01013305,110,108,530
S01013306,156,130,641
S01013307,120,151,658
S01013308,135,143,633
S01013309,60,81,726
S01013310,55,90,430
S01013311,94,105,618
S01013312,158,164,755
S01013313,66,85,492
S01013314,93,114,469
S01013315,27,64,669
S01013316,39,79,473
S01013317,100,130,497
S01013318,35,69,481
S01013319,37,67,436
S01013320,37,84,803
S01013321,72,72,258
S01013322,127,99,553
S01013323,139,130,595
S01013324,111,87,411
S01013325,165,148,763
S01013326,59,75,376
S01013327,90,99,483
S01013328,71,91,424
S01013329,75,85,411
S01013330,63,87,843
S01013331,23,51,522
S01013332,87,118,501
S01013333,62,101,634
S01013334,92,127,511
S01013335,105,106,589
S01013336,127,143,543
S01013337,82,119,657
S01013338,22,51,459
S01013339,46,63,398
S01013340,58,110,546
S01013341,58,96,838
S01013342,95,113,448
S01013343,85,87,431
S01013344,160,133,540
S01013345,77,109,589
S01013346,38,88,662
S01013347,53,97,547
S01013348,60,59,635
S01013349,39,61,659
S01013350,86,94,428
S01013351,95,84,450
S01013352,104,91,550
S01013353,93,107,533
S01013354,91,127,491
S01013355,51,73,467
S01013356,104,100,448
S01013357,161,150,738
S01013358,116,132,556
S01013359,102,86,426
S01013360,121,103,457
S01013361,107,84,311
S01013362,72,54,315
S01013363,115,105,509
S01013364,105,143,670
S01013365,111,120,691
S01013366,68,95,641
S01013367,28,45,352
S01013368,147,99,501
S01013369,158,136,534
S01013370,130,130,438
S01013371,114,119,385
S01013372,210,179,804
S01013373,115,130,604
S01013374,160,159,574
S01013375,72,76,279
S01013376,87,85,396
S01013377,116,113,541
S01013378,89,139,637
S01013379,91,111,470
S01013380,144,242,2935
S01013381,62,71,269
S01013382,47,73,415
S01013383,141,109,471
S01013384,137,126,581
S01013385,52,50,326
S01013386,59,77,578
S01013387,89,83,438
S01013388,130,129,468
S01013389,84,72,517
S01013390,43,50,319
S01013391,45,45,311
S01013392,36,71,711
S01013393,103,104,501
S01013394,112,103,406
S01013395,109,116,360
S01013396,31,59,601
S01013397,89,124,612
S01013398,25,60,461
S01013399,115,114,887
S01013400,116,161,551
S01013401,171,286,3004
S01013402,46,85,1072
S01013403,36,96,794
S01013404,52,46,446
S01013405,67,92,403
S01013406,77,85,465
S01013407,62,80,391
S01013408,79,87,445
S01013409,94,130,715
S01013410,125,91,383
S01013411,64,95,556
S01013412,79,110,511
S01013413,71,90,602
S01013414,173,132,456
S01013415,113,114,393
S01013416,99,76,390
S01013417,95,121,553
S01013418,51,106,440
S01013419,34,56,310
S01013420,55,76,363
S01013421,48,77,611
S01013422,84,99,521
S01013423,108,111,621
S01013424,29,41,358
S01013425,33,53,231
S01013426,102,108,482
S01013427,25,36,503
S01013428,115,97,580
S01013429,74,108,536
S01013430,104,122,594
S01013431,95,116,467
S01013432,86,103,590
S01013433,58,108,589
S01013434,23,50,502
S01013435,15,44,517
S01013436,72,111,625
S01013437,61,79,480
S01013438,74,98,420
S01013439,53,107,689
S01013440,37,112,784
S01013441,35,85,636
S01013442,61,91,529
S01013443,41,68,514
S01013444,122,141,623
S01013445,110,66,453
S01013446,65,95,538
S01013447,24,42,480
S01013448,71,111,536
S01013449,29,61,492
S01013450,23,64,450
S01013451,27,75,652
S01013452,20,70,722
S01013453,114,108,525
S01013454,50,95,630
S01013455,96,194,1614
S01013456,93,119,522
S01013457,144,135,593
S01013458,73,149,1056
S01013459,129,129,523
S01013460,87,114,630
S01013461,91,112,860
S01013462,53,117,572
S01013463,141,153,733
S01013464,75,107,478
S01013465,71,95,430
S01013466,26,52,356
S01013467,57,103,747
S01013468,116,92,471
S01013469,65,99,545
S01013470,79,114,496
S01013471,112,116,630
S01013472,71,71,606
S01013473,21,49,585
S01013474,33,56,457
S01013475,37,88,451
S01013476,53,84,404
S01013477,84,87,381
S01013478,74,106,605
S01013479,130,120,426
S01013480,97,106,431
S01013481,53,122,819
,,,
,,,
Cells in this table have been randomly adjusted to avoid the release of confidential data.,,,