Intermediate Zone - Data Zone 2011,Mainly work from home,Less than 2km,2km to less than 5km,5km to less than 10km,10km to less than 20km,20km to less than 30km,30km to less than 40km,40km to less than 60km,60km and over,Other - No fixed place of work or working outside the UK
S01006506,129,27,15,75,133,1,0,1,4,81
S01006507,99,12,14,42,109,1,2,2,2,34
S01006508,82,13,10,43,105,5,2,0,4,44
S01006509,63,16,10,31,91,4,2,0,3,36
S01006510,81,14,10,36,82,0,1,3,2,44
S01006511,99,13,18,50,82,1,0,1,0,28
S01006512,83,3,16,22,85,1,1,1,2,28
S01006513,154,4,19,171,59,3,0,6,4,44
S01006514,155,19,22,122,72,4,0,2,2,53
S01006515,133,4,14,111,35,1,2,2,3,31
S01006516,94,12,11,60,20,2,2,0,3,28
S01006517,347,9,102,412,42,5,3,8,10,117
S01006518,86,6,20,87,13,3,0,0,7,18
S01006519,129,11,21,137,6,2,1,2,4,24
S01006520,116,9,26,106,9,1,1,1,4,27
S01006521,135,2,49,77,9,2,0,0,5,36
S01006522,108,2,61,83,8,5,2,0,5,20
S01006523,111,13,42,120,15,9,1,0,3,33
S01006524,160,13,29,103,11,5,0,2,10,28
S01006525,96,8,27,115,15,3,1,0,2,30
S01006526,82,30,103,64,6,3,0,2,6,66
S01006527,121,33,92,63,8,0,0,2,4,61
S01006528,102,50,142,56,18,1,0,1,4,81
S01006529,112,32,125,33,18,5,2,2,1,56
S01006530,70,25,94,27,5,5,1,3,3,45
S01006531,84,34,127,30,12,5,0,0,0,56
S01006532,85,25,80,41,18,1,1,0,2,34
S01006533,114,28,104,41,16,2,0,1,2,46
S01006534,135,47,108,45,21,9,0,2,5,41
S01006535,150,66,164,58,33,9,1,3,4,55
S01006536,130,65,108,37,21,12,0,2,3,53
S01006537,99,17,118,51,14,4,2,1,5,34
S01006538,79,15,93,56,9,6,0,1,0,19
S01006539,115,21,102,42,19,9,1,0,0,38
S01006540,150,26,128,58,12,7,3,1,7,54
S01006541,125,18,90,61,2,3,0,0,4,38
S01006542,141,20,120,93,13,3,0,1,7,62
S01006543,111,19,102,72,10,7,0,1,2,37
S01006544,185,25,143,116,9,8,1,2,5,51
S01006545,157,32,149,48,8,5,0,4,8,49
S01006546,88,15,76,41,4,0,0,2,8,24
S01006547,327,27,212,296,22,7,1,4,9,136
S01006548,95,21,94,59,0,3,0,1,1,42
S01006549,139,36,92,63,4,4,0,7,5,55
S01006550,125,22,102,66,2,4,1,2,8,41
S01006551,61,21,56,51,2,1,0,0,2,44
S01006552,139,33,134,76,8,10,1,0,10,55
S01006553,103,46,67,45,2,8,0,2,3,31
S01006554,98,68,94,51,3,9,0,1,1,64
S01006555,44,23,46,39,0,0,2,0,0,42
S01006556,82,46,77,66,4,5,0,2,2,53
S01006557,90,32,86,76,7,0,0,0,1,53
S01006558,81,81,62,26,11,10,3,3,4,27
S01006559,79,77,34,32,7,0,1,4,4,24
S01006560,146,95,87,55,6,4,1,4,3,47
S01006561,113,72,72,49,3,5,1,0,2,36
S01006562,116,88,91,59,5,3,1,5,10,35
S01006563,120,103,102,40,7,3,0,2,8,35
S01006564,114,121,73,24,15,8,1,4,2,39
S01006565,89,90,69,31,13,4,1,2,4,36
S01006566,125,124,74,38,7,8,0,6,2,45
S01006567,111,96,61,23,11,3,1,0,3,40
S01006568,136,173,92,49,10,12,0,2,5,62
S01006569,75,72,48,24,7,3,0,0,4,25
S01006570,112,92,65,41,12,10,1,1,2,37
S01006571,158,119,100,41,16,9,1,4,7,62
S01006572,136,46,81,66,4,3,1,2,12,40
S01006573,126,81,65,43,8,3,0,0,7,35
S01006574,168,84,99,63,6,1,0,3,2,51
S01006575,141,58,132,41,12,10,1,1,8,56
S01006576,123,50,72,43,9,5,1,3,6,30
S01006577,132,67,116,57,11,14,0,1,4,41
S01006578,152,102,141,65,19,11,0,5,4,72
S01006579,138,92,118,46,23,7,1,4,4,55
S01006580,122,50,113,36,14,5,0,2,6,41
S01006581,137,30,111,55,12,11,0,1,3,40
S01006582,133,108,88,43,18,11,2,1,4,65
S01006583,95,86,75,43,24,6,0,1,4,60
S01006584,98,105,82,27,18,7,0,0,5,40
S01006585,106,98,66,23,14,5,4,4,1,76
S01006586,172,154,108,41,17,12,0,4,12,95
S01006587,71,98,55,28,14,4,2,0,5,53
S01006588,92,93,38,28,17,2,2,1,9,51
S01006589,83,75,56,36,13,0,1,0,2,54
S01006590,156,98,70,21,20,3,4,0,3,68
S01006591,119,85,86,34,18,6,0,0,3,55
S01006592,129,79,66,47,26,5,1,0,4,46
S01006593,114,100,70,31,23,3,2,3,0,43
S01006594,57,36,65,27,17,5,1,1,4,48
S01006595,144,105,105,51,34,13,0,3,9,61
S01006596,142,76,100,34,13,4,0,0,5,48
S01006597,77,55,78,23,12,9,0,2,3,30
S01006598,121,61,100,25,36,2,0,1,4,52
S01006599,114,28,105,28,15,1,1,3,3,52
S01006600,137,48,163,43,28,7,5,0,2,65
S01006601,126,46,142,39,23,5,0,3,5,79
S01006602,123,50,96,38,21,7,1,0,6,34
S01006603,63,11,118,39,20,4,1,0,1,41
S01006604,79,44,89,26,14,6,1,0,2,65
S01006605,54,30,107,38,13,2,3,0,1,56
S01006606,89,20,110,31,20,1,4,1,4,48
S01006607,101,49,123,40,13,6,2,1,5,82
S01006608,406,81,232,317,123,13,5,14,11,198
S01006609,102,70,120,38,34,3,0,0,2,78
S01006610,51,25,74,24,8,1,0,0,0,29
S01006611,97,43,125,65,25,4,0,0,1,84
S01006612,103,18,115,68,22,2,0,2,3,74
S01006613,71,11,33,67,41,2,1,2,0,39
S01006614,93,10,38,115,48,4,2,1,4,68
S01006615,146,11,55,111,28,5,0,0,2,62
S01006616,116,20,49,111,40,4,0,3,6,44
S01006617,84,21,64,103,35,5,2,3,3,53
S01006618,51,12,34,59,26,3,0,3,0,22
S01006619,115,32,48,112,22,5,4,0,2,58
S01006620,111,41,67,72,36,5,1,0,1,55
S01006621,69,25,56,55,12,3,0,0,0,35
S01006622,101,28,69,74,34,4,1,1,3,49
S01006623,119,57,117,62,28,7,0,1,4,87
S01006624,148,103,128,57,25,4,0,5,2,89
S01006625,54,51,83,20,8,4,4,0,0,42
S01006626,50,40,65,21,8,4,1,1,2,37
S01006627,96,75,112,45,21,6,0,0,3,51
S01006628,100,109,90,44,20,12,0,2,1,53
S01006629,100,51,92,24,6,1,0,1,4,73
S01006630,73,59,76,29,14,1,0,0,5,67
S01006631,92,57,115,35,17,3,2,3,6,73
S01006632,88,43,95,34,8,1,0,0,1,39
S01006633,59,40,81,24,7,3,0,0,3,70
S01006634,65,24,68,34,4,5,0,0,1,38
S01006635,67,38,83,31,18,3,1,1,5,48
S01006636,80,45,89,23,25,4,1,0,4,50
S01006637,77,63,57,28,20,7,1,2,7,47
S01006638,91,61,73,33,12,6,2,2,5,45
S01006639,94,100,76,30,10,3,1,1,4,60
S01006640,139,88,102,46,21,7,0,0,6,56
S01006641,123,102,126,41,23,9,1,3,12,65
S01006642,81,93,59,29,17,9,1,5,15,65
S01006643,77,64,61,30,6,6,1,6,5,49
S01006644,154,103,115,56,24,13,0,8,5,88
S01006645,83,53,49,11,9,2,0,1,6,49
S01006646,81,87,52,21,9,2,0,2,0,40
S01006647,61,67,53,25,6,11,0,1,3,58
S01006648,144,131,82,25,22,9,0,3,5,67
S01006649,131,115,73,47,17,6,1,2,2,54
S01006650,81,64,68,34,7,3,1,2,3,53
S01006651,52,37,38,20,4,3,0,0,2,34
S01006652,60,68,57,32,11,19,0,2,1,37
S01006653,78,56,62,22,12,9,0,0,3,34
S01006654,76,60,84,39,5,3,0,0,9,55
S01006655,161,103,123,42,23,5,3,3,5,63
S01006656,114,127,90,33,14,5,2,1,1,46
S01006657,68,37,50,25,8,3,0,1,3,27
S01006658,180,116,123,61,26,13,2,3,5,76
S01006659,82,38,53,17,5,11,0,2,2,32
S01006660,62,21,48,28,14,2,0,0,2,31
S01006661,51,16,41,10,11,3,0,0,2,26
S01006662,82,21,70,29,9,2,0,0,3,29
S01006663,49,42,38,13,7,1,0,0,1,13
S01006664,44,27,47,15,4,5,0,0,1,15
S01006665,65,46,54,16,8,0,0,1,4,30
S01006666,137,45,145,68,21,9,1,6,6,106
S01006667,70,23,73,46,13,3,1,3,1,51
S01006668,65,32,60,37,17,7,1,5,1,37
S01006669,81,42,56,28,4,6,0,1,2,34
S01006670,84,43,76,22,9,6,0,5,0,40
S01006671,70,30,61,38,9,2,0,0,3,25
S01006672,67,32,65,28,8,0,0,1,1,50
S01006673,82,23,67,38,19,2,1,0,5,44
S01006674,87,13,62,52,16,7,0,0,3,56
S01006675,87,30,77,49,13,7,0,0,5,60
S01006676,79,32,63,28,12,4,0,2,2,44
S01006677,120,43,105,55,6,10,2,3,7,90
S01006678,180,41,218,92,22,13,0,3,7,114
S01006679,82,22,91,30,4,3,1,4,4,44
S01006680,119,23,98,62,17,13,0,2,4,86
S01006681,101,12,119,67,21,9,1,7,2,54
S01006682,99,31,74,36,6,2,2,3,1,86
S01006683,81,39,107,56,16,3,0,3,5,92
S01006684,81,13,92,32,6,5,0,6,4,36
S01006685,65,14,106,42,12,6,0,0,1,47
S01006686,48,21,77,40,5,2,1,1,0,38
S01006687,87,32,115,37,15,6,0,1,2,58
S01006688,108,47,64,39,10,5,3,2,0,46
S01006689,166,106,107,65,13,4,0,2,4,62
S01006690,87,28,86,41,9,4,1,5,1,35
S01006691,84,50,95,35,10,4,0,4,1,37
S01006692,83,40,87,40,12,6,1,5,2,31
S01006693,111,36,137,57,18,5,0,6,7,107
S01006694,74,48,87,41,6,4,0,4,0,61
S01006695,104,55,77,32,5,6,3,5,0,50
S01006696,84,54,80,35,11,4,0,1,1,69
S01006697,89,54,102,37,3,6,1,1,3,68
S01006698,69,45,75,39,5,0,0,1,2,44
S01006699,68,26,41,18,5,2,0,0,2,19
S01006700,93,50,75,24,6,0,0,2,6,42
S01006701,72,33,80,68,2,5,2,1,2,53
S01006702,79,48,93,69,15,3,1,0,1,64
S01006703,61,38,76,40,3,4,1,2,6,49
S01006704,63,18,78,55,6,0,0,2,1,46
S01006705,97,51,90,68,5,3,0,0,1,48
S01006706,64,37,79,49,5,2,1,0,1,56
S01006707,51,32,48,26,5,0,0,0,0,27
S01006708,85,31,86,91,11,3,0,2,5,57
S01006709,93,25,101,85,6,3,0,1,2,68
S01006710,79,20,58,102,8,6,0,0,3,59
S01006711,86,36,76,83,10,2,1,4,3,75
S01006712,48,18,69,49,8,4,0,0,0,39
S01006713,99,28,113,85,8,5,0,3,3,80
S01006714,77,38,68,46,9,1,0,0,0,43
S01006715,52,12,74,45,9,8,0,0,3,49
S01006716,39,25,75,47,9,0,4,1,0,39
S01006717,117,49,77,56,19,1,0,1,2,75
S01006718,51,20,83,42,13,2,0,2,1,51
S01006719,98,29,104,104,13,2,1,0,6,82
S01006720,57,15,78,69,6,3,2,0,0,48
S01006721,95,18,83,69,10,0,0,1,0,73
S01006722,76,20,82,70,12,2,0,0,2,56
S01006723,56,15,87,55,10,1,0,0,2,44
S01006724,94,26,99,53,11,3,1,1,1,56
S01006725,71,15,81,56,11,1,0,0,1,59
S01006726,61,13,84,43,8,3,0,0,0,46
S01006727,94,20,131,81,10,1,0,1,3,77
S01006728,86,17,102,68,10,7,0,3,1,64
S01006729,99,31,133,73,17,1,1,0,4,61
S01006730,76,12,83,83,8,4,0,1,2,55
S01006731,47,9,62,59,8,1,0,2,0,38
S01006732,293,26,138,252,77,14,1,4,5,120
S01006733,150,11,51,148,21,5,1,3,3,50
S01006734,138,12,46,174,26,5,1,4,2,65
S01006735,65,12,15,70,7,0,0,0,2,17
S01006736,163,16,106,186,18,8,0,3,3,77
S01006737,275,22,101,295,34,7,4,2,5,109
S01006738,237,48,242,208,40,9,5,9,8,151
S01006739,274,26,274,254,43,15,4,7,4,149
S01006740,83,18,74,76,17,4,0,3,3,51
S01006741,70,12,72,63,7,2,0,0,0,39
S01006742,38,9,43,59,9,4,0,0,2,25
S01006743,137,30,73,140,26,5,0,5,2,68
S01006744,66,24,55,58,16,1,0,0,0,35
S01006745,95,29,79,95,21,1,0,0,1,67
S01006746,88,22,85,94,19,3,2,0,1,69
S01006747,155,18,94,149,43,5,1,1,2,72
S01006748,219,83,86,219,46,5,1,9,4,129
S01006749,103,55,42,106,29,0,3,2,2,57
S01006750,62,26,39,66,27,2,0,2,0,37
S01006751,41,21,25,62,13,1,0,1,1,26
S01006752,66,41,33,69,36,3,3,2,1,38
S01006753,104,49,31,105,28,4,1,2,5,56
S01006754,92,35,44,97,32,2,3,3,4,68
S01006755,112,27,51,97,56,1,1,5,2,46
S01006756,122,9,101,53,24,3,0,4,2,58
S01006757,112,8,100,86,14,2,0,0,2,46
S01006758,77,19,109,55,12,3,2,1,3,47
S01006759,66,18,83,36,10,3,0,3,2,28
S01006760,67,22,83,49,18,3,1,1,4,29
S01006761,84,12,97,71,12,2,1,2,0,41
S01006762,233,33,140,197,37,10,4,5,7,85
S01006763,121,15,79,164,45,2,2,4,1,66
S01006764,107,19,72,121,26,4,4,1,3,48
S01006765,83,17,51,87,30,4,2,0,2,57
S01006766,100,7,35,86,22,2,2,4,3,43
S01006767,88,19,68,61,18,9,0,2,2,40
S01006768,84,20,50,44,21,6,2,1,2,32
S01006769,107,29,104,78,31,5,0,2,3,58
S01006770,66,22,55,51,12,0,0,3,0,41
S01006771,51,21,24,53,7,2,0,3,1,27
S01006772,80,28,66,104,33,4,0,1,0,61
S01006773,93,15,73,123,31,0,2,0,1,65
S01006774,61,19,42,79,11,4,1,2,3,30
S01006775,136,27,145,64,25,13,0,2,4,81
S01006776,49,19,44,34,8,3,2,0,1,36
S01006777,57,24,60,47,10,4,0,0,0,36
S01006778,61,29,60,41,10,3,3,0,2,41
S01006779,61,22,55,39,12,1,0,2,1,50
S01006780,56,23,59,32,14,1,0,0,4,25
S01006781,70,17,57,44,15,3,2,2,2,38
S01006782,120,28,93,74,15,6,2,2,3,66
S01006783,52,23,53,47,3,3,0,0,0,26
S01006784,74,16,108,40,10,7,2,2,3,30
S01006785,70,23,18,89,28,6,0,0,0,41
S01006786,122,28,24,124,20,6,0,2,4,54
S01006787,77,23,31,71,12,2,3,1,0,40
S01006788,372,55,118,405,115,7,8,3,12,172
S01006789,76,71,1,3,27,18,7,26,2,36
S01006790,86,93,7,7,35,21,10,24,5,60
S01006791,131,7,13,6,30,22,6,26,13,55
S01006792,97,19,10,4,17,15,3,11,23,45
S01006793,112,65,14,5,15,6,3,6,29,34
S01006794,70,37,11,4,32,8,16,18,4,42
S01006795,115,44,6,13,38,3,25,29,4,44
S01006796,134,45,17,23,43,16,37,33,12,66
S01006797,109,20,12,9,31,14,26,10,7,52
S01006798,122,10,10,23,21,17,33,1,7,71
S01006799,102,56,15,33,39,7,48,23,5,58
S01006800,179,8,23,29,20,74,16,3,10,52
S01006801,236,51,16,16,59,25,79,113,16,100
S01006802,125,12,8,38,32,16,25,62,8,58
S01006803,89,41,5,18,29,18,14,45,5,42
S01006804,86,43,1,19,43,25,31,62,7,52
S01006805,186,47,10,29,37,24,42,63,11,101
S01006806,179,8,12,80,54,32,19,101,15,70
S01006807,88,10,27,20,46,16,8,45,3,56
S01006808,126,14,2,58,25,11,11,48,12,55
S01006809,104,14,4,65,35,17,6,40,6,56
S01006810,150,22,12,19,31,17,39,44,11,53
S01006811,186,22,29,30,52,37,106,10,16,87
S01006812,140,4,11,28,71,18,99,9,8,84
S01006813,141,21,19,4,71,25,59,21,9,80
S01006814,125,31,0,7,40,18,64,21,7,61
S01006815,73,23,9,10,49,24,46,17,8,53
S01006816,78,28,3,4,36,17,51,9,11,42
S01006817,124,18,20,7,40,26,77,12,10,75
S01006818,142,8,11,24,43,80,33,6,12,70
S01006819,202,27,32,50,42,153,17,3,14,68
S01006820,95,3,8,36,132,13,4,0,5,56
S01006821,372,31,38,123,327,19,14,2,14,127
S01006822,204,12,19,32,125,87,4,2,25,92
S01006823,81,54,6,4,29,70,1,1,11,43
S01006824,105,109,4,4,38,66,1,2,6,65
S01006825,88,50,9,3,45,97,3,7,10,47
S01006826,131,53,10,2,42,80,6,0,12,44
S01006827,101,74,8,6,42,72,7,3,5,63
S01006828,104,61,19,3,49,92,7,0,12,56
S01006829,71,22,4,0,22,48,5,0,3,23
S01006830,82,29,23,4,39,62,1,2,12,50
S01006831,77,28,3,1,19,45,2,1,4,14
S01006832,123,45,5,5,53,99,6,3,5,46
S01006833,66,21,3,1,18,61,2,0,6,16
S01006834,79,23,9,6,47,49,7,5,6,29
S01006835,104,64,10,2,37,73,6,1,7,42
S01006836,83,38,1,3,43,75,6,0,5,39
S01006837,64,27,11,0,24,59,2,3,5,30
S01006838,96,34,27,5,35,74,9,0,8,50
S01006839,116,18,31,41,124,7,0,3,9,62
S01006840,178,12,26,50,184,10,5,5,6,70
S01006841,106,8,33,23,161,8,9,2,7,57
S01006842,88,27,20,54,77,8,1,4,3,58
S01006843,114,37,23,66,97,4,1,0,3,56
S01006844,93,35,12,45,79,7,7,1,5,44
S01006845,98,33,23,71,135,5,3,7,8,69
S01006846,58,34,19,39,66,6,2,1,0,29
S01006847,87,19,11,44,69,8,4,1,3,61
S01006848,313,24,90,217,106,13,4,7,14,124
S01006849,326,69,39,281,169,20,6,9,13,146
S01006850,122,55,24,119,70,2,2,6,4,72
S01006851,92,52,11,55,61,4,1,12,6,56
S01006852,93,4,19,28,48,1,0,3,6,34
S01006853,182,3,11,81,113,4,2,1,12,69
S01006854,126,9,3,38,128,7,1,4,4,69
S01006855,144,5,12,39,117,51,3,1,2,65
S01006856,123,3,15,42,115,27,4,3,1,42
S01006857,235,6,15,53,165,46,2,3,5,92
S01006858,121,12,4,9,77,69,3,2,11,50
S01006859,137,50,12,7,37,97,2,2,6,43
S01006860,55,40,11,2,16,38,2,0,3,32
S01006861,92,25,17,3,31,83,1,3,5,33
S01006862,85,46,7,3,30,86,4,1,3,45
S01006863,76,53,20,8,41,58,2,1,3,46
S01006864,100,32,29,5,32,86,1,3,5,60
S01006865,137,70,31,7,28,98,5,4,14,49
S01006866,63,38,5,0,17,45,4,0,3,25
S01006867,85,27,22,1,22,48,2,1,6,21
S01006868,99,74,12,7,28,76,2,3,5,60
S01006869,74,10,6,20,22,22,31,1,4,31
S01006870,60,16,0,10,36,29,32,0,2,30
S01006871,87,11,4,15,32,46,33,0,7,65
S01006872,202,27,36,16,85,140,1,3,14,67
S01006873,155,6,19,32,25,73,13,0,6,52
S01006874,113,11,8,11,37,28,30,5,5,62
S01006875,81,31,5,40,26,17,14,32,10,67
S01006876,182,14,12,45,56,33,56,3,7,79
S01006877,176,6,5,29,34,41,42,22,16,100
S01006878,123,10,5,8,60,20,20,49,3,48
S01006879,140,13,23,25,35,13,12,32,5,69
S01006880,130,2,4,18,88,79,1,2,3,60
S01006881,120,5,4,21,36,42,28,4,0,47
S01006882,32,22,4,4,17,11,25,2,3,25
S01006883,49,22,8,1,7,29,24,1,4,34
S01006884,117,43,14,4,24,52,61,9,4,72
S01006885,163,47,18,6,39,85,95,20,11,87
S01006886,172,11,13,23,91,102,21,0,4,65
S01006887,122,36,18,7,16,46,55,5,7,59
S01006888,168,3,20,21,68,35,72,10,1,81
S01006889,71,29,4,75,35,49,2,4,0,57
S01006890,83,10,4,32,47,57,3,2,3,27
S01006891,141,40,7,79,64,66,2,10,6,54
S01006892,82,21,8,47,25,36,1,3,1,36
S01006893,58,23,6,38,28,21,2,2,4,36
S01006894,96,69,18,34,46,66,2,5,3,38
S01006895,72,73,21,17,38,44,6,8,3,67
S01006896,86,75,26,20,29,55,3,3,4,61
S01006897,74,64,15,23,51,42,1,1,3,42
S01006898,89,47,48,11,37,52,1,8,0,52
S01006899,85,23,31,26,52,43,0,3,3,45
S01006900,54,24,18,11,33,47,1,2,3,42
S01006901,62,52,22,19,26,42,2,6,1,38
S01006902,68,54,11,16,38,34,2,6,2,47
S01006903,98,27,77,16,63,42,1,0,8,56
S01006904,78,31,26,17,39,33,2,3,2,47
S01006905,91,50,22,26,59,50,0,2,5,49
S01006906,77,65,16,28,33,33,4,1,0,52
S01006907,97,87,16,26,39,47,3,7,2,72
S01006908,94,91,18,21,41,56,4,3,1,57
S01006909,178,37,70,28,89,107,3,6,8,76
S01006910,173,17,17,48,87,96,3,9,11,75
S01006911,124,26,13,20,71,75,2,5,5,49
S01006912,148,18,57,25,82,70,0,4,9,65
S01006913,399,55,113,88,223,296,18,15,9,205
S01006914,114,3,8,54,28,85,12,3,4,62
S01006915,153,5,3,47,44,71,38,8,5,73
S01006916,82,19,4,34,67,10,3,3,0,30
S01006917,154,21,9,64,188,40,5,4,2,65
S01006918,74,6,7,28,66,15,2,3,0,29
S01006919,57,7,6,41,42,5,1,4,3,25
S01006920,50,8,11,26,74,8,3,2,5,31
S01006921,124,9,15,44,140,21,4,4,4,60
S01006922,105,16,19,53,95,21,2,0,0,49
S01006923,106,15,26,24,93,25,0,4,2,44
S01006924,101,3,7,32,72,12,5,12,3,52
S01006925,52,8,12,35,48,0,0,1,2,26
S01006926,131,17,15,68,110,6,0,9,3,53
S01006927,202,12,26,98,166,8,0,8,1,84
S01006928,171,23,27,108,163,15,5,5,9,100
S01006929,128,17,28,71,73,3,0,8,3,41
S01006930,107,37,12,63,75,4,1,1,4,55
S01006931,35,4,20,16,61,4,1,1,3,27
S01006932,205,29,63,72,193,11,0,5,6,65
S01006933,79,46,9,38,53,6,1,1,3,21
S01006934,185,5,82,73,147,8,1,10,5,82
S01006935,72,33,10,40,60,7,0,3,1,41
S01006936,84,38,5,66,50,9,4,2,1,22
S01006937,98,42,5,60,91,3,1,6,3,48
S01006938,34,29,5,31,65,2,1,0,0,25
S01006939,89,32,7,44,61,1,3,3,5,36
S01006940,97,66,11,73,86,3,2,9,1,54
S01006941,71,33,6,41,71,5,1,0,0,46
S01006942,133,33,42,49,114,5,0,4,7,56
S01006943,114,23,22,36,114,5,2,1,2,33
S01006944,190,23,52,73,184,10,1,4,4,84
S01006945,57,24,14,28,49,5,5,4,2,19
S01006946,92,1,2,44,112,7,3,2,3,57
S01006947,122,8,3,48,182,7,6,1,5,66
S01006948,121,8,3,59,147,13,5,4,2,64
S01006949,106,1,18,47,105,7,2,4,1,46
S01006950,134,1,10,83,139,10,4,5,6,75
S01006951,59,12,4,23,84,6,1,2,2,31
S01006952,140,12,26,98,91,2,7,6,3,82
S01006953,116,13,9,40,152,1,7,4,3,54
S01006954,116,8,26,133,78,3,8,4,2,70
S01006955,69,12,1,26,110,6,9,0,1,39
S01006956,152,24,2,51,226,9,10,6,5,78
S01006957,158,7,12,70,200,10,12,6,0,78
S01006958,175,85,12,9,45,219,16,5,4,85
S01006959,62,38,9,6,22,92,6,3,2,39
S01006960,131,49,20,10,28,172,9,5,3,83
S01006961,127,54,25,10,34,174,17,6,8,74
S01006962,77,51,25,7,40,104,11,4,3,55
S01006963,77,23,19,8,41,73,7,0,0,48
S01006964,97,35,23,11,34,91,6,2,4,65
S01006965,40,24,12,5,28,45,4,2,4,32
S01006966,64,29,42,11,20,69,0,2,1,45
S01006967,64,25,41,7,24,103,7,0,2,48
S01006968,40,20,12,1,12,65,2,1,1,32
S01006969,128,47,29,8,19,106,9,4,3,61
S01006970,93,24,8,4,17,112,9,1,1,42
S01006971,52,20,13,2,15,65,7,4,1,31
S01006972,138,5,6,30,126,27,6,3,1,66
S01006973,121,7,1,20,83,105,3,6,4,56
S01006974,148,15,3,20,75,126,8,4,6,67
S01006975,202,10,6,37,60,83,53,9,9,102
S01006976,80,5,17,19,12,63,12,0,2,37
S01006977,126,11,25,19,39,87,28,8,5,61
S01006978,182,17,7,12,58,65,77,1,10,71
S01006979,149,24,11,37,81,96,23,1,7,84
S01006980,146,10,15,47,41,89,19,2,8,71
S01006981,120,11,7,25,134,32,9,2,1,72
S01006982,139,9,2,28,116,100,7,6,4,81
S01006983,89,22,5,33,68,64,4,2,0,54
S01006984,146,5,7,42,164,52,9,4,6,63
S01006985,130,59,4,61,61,66,14,6,3,73
S01006986,112,40,2,34,41,89,6,3,3,65
S01006987,82,22,4,28,33,58,3,6,10,40
S01006988,83,11,5,26,39,39,8,2,0,36
S01006989,210,11,25,95,62,108,37,2,2,106
S01006990,136,25,7,34,53,122,8,5,3,74
S01006991,43,9,5,12,52,33,13,3,0,36
S01006992,109,3,13,19,41,58,30,1,0,45
S01006993,99,6,7,13,31,22,33,18,4,43
S01006994,74,5,5,14,46,28,54,2,2,50
S01006995,171,10,10,18,71,51,43,18,4,85
S01006996,131,14,6,13,94,52,59,29,6,98
S01006997,146,9,10,12,72,49,39,6,5,61
S01006998,232,27,16,10,112,42,108,21,4,119
S01006999,148,5,11,21,49,45,40,51,3,96
S01007000,128,29,10,3,84,36,65,10,4,77
S01007001,139,63,5,4,91,42,63,9,5,78
S01007002,93,40,25,8,16,14,32,29,5,63
S01007003,103,14,21,36,19,34,8,22,2,54
S01007004,148,12,5,9,50,37,30,45,5,70
S01007005,160,4,40,21,32,41,55,25,9,65
S01007006,136,18,8,26,49,36,17,40,4,97
S01007007,164,15,13,56,34,17,16,27,5,79
S01007008,114,161,2,6,27,6,20,46,6,87
S01007009,94,120,6,8,19,27,36,60,1,74
S01007010,79,100,4,1,8,21,21,34,5,44
S01007011,67,149,0,1,16,11,32,30,1,66
S01007012,57,93,2,0,26,15,29,23,0,38
S01007013,103,17,34,9,15,17,18,15,1,59
S01007014,173,39,57,31,39,37,29,67,2,113
S01007015,109,2,7,23,41,23,26,42,5,70
S01007016,111,2,14,44,15,24,19,15,1,70
S01007017,86,128,10,23,21,26,16,58,6,95
S01007018,94,94,17,9,24,29,11,25,2,81
S01007019,45,65,9,16,9,16,7,32,2,57
S01007020,70,81,2,15,14,21,20,35,4,45
S01007021,72,110,13,11,37,24,11,33,4,66
S01007022,38,46,3,2,20,13,20,12,0,31
S01007023,72,2,22,24,23,15,7,4,7,57
S01007024,177,13,20,32,103,10,18,25,13,81
S01007025,68,43,18,24,51,25,9,20,24,81
S01007026,82,44,13,22,59,28,4,12,21,92
S01007027,107,33,65,26,20,19,4,19,28,111
S01007028,166,19,69,49,39,26,25,22,26,140
S01007029,121,6,4,34,33,9,13,20,4,55
S01007030,74,28,6,19,107,11,16,30,4,85
S01007031,77,15,0,6,69,5,9,31,7,53
S01007032,94,70,37,5,47,9,17,23,11,81
S01007033,58,54,34,7,27,7,10,19,16,60
S01007034,40,47,31,3,25,9,11,14,7,48
S01007035,82,81,37,11,47,13,9,19,25,86
S01007036,73,91,23,7,27,17,9,26,15,82
S01007037,89,75,61,20,42,15,6,22,13,92
S01007038,57,40,44,12,35,12,10,15,15,69
S01007039,93,79,57,13,37,16,13,24,21,140
S01007040,63,37,39,10,34,8,3,8,5,75
S01007041,89,56,40,9,27,7,7,20,9,78
S01007042,83,23,4,57,32,33,22,34,4,96
S01007043,169,19,25,57,35,18,20,20,17,73
S01007044,71,16,7,12,54,19,11,26,12,76
S01007045,129,12,13,23,66,17,13,31,11,68
S01007046,61,2,3,13,77,24,10,22,3,44
S01007047,112,9,17,8,52,23,12,22,3,59
S01007048,151,6,12,31,42,26,19,25,8,98
S01007049,80,35,10,23,87,40,2,34,2,84
S01007050,80,18,9,6,49,49,15,30,5,56
S01007051,79,25,10,22,50,65,17,21,6,70
S01007052,139,14,27,15,136,10,18,53,5,123
S01007053,92,13,12,18,31,26,27,13,4,49
S01007054,107,40,7,30,92,47,8,43,6,73
S01007055,111,13,13,27,50,18,4,27,8,52
S01007056,125,8,11,5,37,46,24,22,5,67
S01007057,54,20,5,7,59,5,14,15,4,36
S01007058,33,17,3,5,62,2,21,15,0,42
S01007059,120,55,12,17,126,7,30,41,4,82
S01007060,40,27,13,5,55,2,13,21,2,34
S01007061,165,10,12,23,53,59,74,5,13,87
S01007062,134,4,10,14,29,47,57,7,1,66
S01007063,69,12,27,9,66,20,22,17,3,54
S01007064,166,8,29,30,108,21,38,27,7,101
S01007065,101,17,3,11,49,15,48,5,2,51
S01007066,145,8,15,41,61,17,69,11,2,84
S01007067,54,9,0,17,45,6,43,6,2,46
S01007068,96,16,0,20,41,12,57,5,2,48
S01007069,105,22,102,26,12,26,14,28,5,64
S01007070,49,18,61,9,6,16,3,17,5,35
S01007071,87,18,5,16,96,30,85,10,4,67
S01007072,73,48,84,15,4,17,5,33,6,73
S01007073,132,81,61,13,10,15,7,32,2,87
S01007074,50,57,46,8,5,12,4,21,1,43
S01007075,78,81,71,10,17,13,3,23,1,44
S01007076,76,78,71,8,13,14,10,22,5,60
S01007077,48,50,92,13,9,12,7,22,4,52
S01007078,85,60,55,7,7,19,8,30,5,53
S01007079,83,88,67,12,7,32,4,42,8,67
S01007080,64,106,54,6,12,22,5,29,5,62
S01007081,81,87,55,16,9,12,0,24,3,65
S01007082,53,60,35,15,4,10,1,23,7,49
S01007083,101,111,80,11,22,16,1,24,7,65
S01007084,55,79,34,3,8,4,0,17,3,49
S01007085,116,107,84,11,19,14,5,29,8,62
S01007086,121,96,140,5,14,17,1,24,7,102
S01007087,95,87,67,15,16,18,2,23,6,70
S01007088,59,68,35,8,4,10,3,12,5,41
S01007089,52,9,76,5,8,11,0,25,4,47
S01007090,53,25,78,7,17,14,1,15,2,38
S01007091,101,55,120,10,13,29,2,21,11,74
S01007092,51,27,64,7,10,4,4,19,2,41
S01007093,101,59,105,12,18,19,8,22,2,65
S01007094,92,59,74,19,7,4,7,31,2,104
S01007095,84,3,12,18,66,1,5,35,6,64
S01007096,140,7,17,76,69,11,27,41,8,84
S01007097,275,59,336,49,32,70,27,113,5,272
S01007098,148,13,172,52,17,29,2,41,2,119
S01007099,110,21,3,149,46,7,0,26,6,89
S01007100,130,7,13,71,66,12,13,23,3,57
S01007101,65,18,7,20,140,7,0,21,3,58
S01007102,102,10,14,43,89,2,3,23,0,72
S01007103,81,13,17,86,9,32,8,20,18,103
S01007104,81,6,22,61,18,15,7,7,5,65
S01007105,61,14,18,49,8,10,4,8,7,54
S01007106,39,7,1,81,36,15,4,17,6,65
S01007107,98,5,25,60,35,28,4,30,2,76
S01007108,200,39,103,53,33,53,8,41,18,183
S01007109,84,8,132,0,9,19,6,10,19,74
S01007110,59,21,5,112,9,23,11,9,27,87
S01007111,55,14,2,68,7,9,8,2,11,35
S01007112,74,69,23,5,4,9,4,6,0,38
S01007113,60,83,3,2,9,15,2,5,13,50
S01007114,75,159,25,6,16,36,7,16,10,75
S01007115,67,52,49,2,9,9,1,9,12,51
S01007116,96,53,109,2,11,20,7,18,22,132
S01007117,39,41,23,0,3,11,1,11,8,48
S01007118,69,97,40,1,9,17,5,8,10,56
S01007119,57,67,64,6,13,7,3,7,7,57
S01007120,104,135,30,6,12,21,7,8,16,89
S01007121,55,89,3,1,10,10,1,6,10,35
S01007122,60,114,2,4,16,6,3,6,11,48
S01007123,63,149,0,1,12,23,4,11,10,47
S01007124,80,158,6,8,14,28,5,10,15,90
S01007125,50,152,26,2,12,15,9,6,12,72
S01007126,96,145,19,6,12,17,5,3,7,63
S01007127,120,146,39,8,16,13,5,4,11,68
S01007128,65,147,4,0,8,16,8,9,10,55
S01007129,137,2,51,136,29,32,7,4,6,44
S01007130,70,5,34,62,16,9,1,1,5,38
S01007131,98,0,52,89,19,17,6,1,7,36
S01007132,82,3,56,77,12,21,0,3,1,29
S01007133,118,3,37,91,16,6,1,4,7,44
S01007134,84,4,18,106,35,8,10,4,12,51
S01007135,90,5,5,54,46,8,5,4,3,34
S01007136,109,6,4,50,65,17,4,3,12,41
S01007137,121,8,45,93,36,20,11,1,11,68
S01007138,105,9,19,77,34,5,7,3,6,44
S01007139,105,2,18,66,75,11,5,3,1,50
S01007140,176,13,6,50,160,15,4,5,11,81
S01007141,184,19,29,102,136,11,10,9,5,95
S01007142,176,26,29,100,142,4,12,1,13,60
S01007143,75,22,4,27,89,31,3,4,7,59
S01007144,101,19,19,37,83,10,4,5,8,53
S01007145,98,26,32,79,58,8,6,5,5,39
S01007146,104,24,25,47,65,3,5,2,9,36
S01007147,75,14,16,57,65,5,2,1,5,47
S01007148,51,7,13,38,54,5,0,1,7,27
S01007149,62,11,15,21,54,3,6,4,3,23
S01007150,76,12,27,35,58,1,3,2,8,32
S01007151,182,31,31,79,159,9,6,7,14,63
S01007152,67,10,6,17,68,0,2,1,2,27
S01007153,81,18,13,32,87,0,0,3,8,39
S01007154,84,16,20,20,87,3,4,2,3,29
S01007155,78,8,10,20,90,2,5,5,4,37
S01007156,72,19,26,29,98,14,1,8,4,58
S01007157,72,18,16,19,116,8,5,7,10,46
S01007158,120,29,15,30,138,15,8,11,17,67
S01007159,149,69,5,34,170,27,4,8,14,104
S01007160,88,48,8,26,107,17,6,6,7,59
S01007161,89,31,4,26,76,11,2,5,6,55
S01007162,55,36,2,11,56,13,4,2,10,38
S01007163,95,42,1,15,128,20,3,3,4,56
S01007164,64,28,2,20,83,18,0,7,7,28
S01007165,89,30,4,23,78,29,2,6,8,43
S01007166,70,21,14,22,66,26,2,2,7,38
S01007167,96,18,9,22,66,22,3,4,7,53
S01007168,110,24,4,35,94,30,3,5,10,62
S01007169,99,25,3,23,64,25,5,6,7,40
S01007170,146,8,9,29,58,41,3,0,11,53
S01007171,190,60,88,26,84,112,3,6,21,99
S01007172,143,12,57,26,45,35,6,1,17,68
S01007173,116,31,105,2,43,53,8,2,5,80
S01007174,138,52,58,3,52,57,13,2,16,85
S01007175,75,44,50,4,21,44,4,6,10,56
S01007176,80,61,41,4,11,37,2,3,8,48
S01007177,48,54,20,5,15,32,1,0,6,50
S01007178,61,56,60,11,27,39,3,3,6,52
S01007179,77,26,67,12,21,44,4,4,15,36
S01007180,77,62,33,8,17,64,1,3,13,57
S01007181,72,59,16,2,18,36,3,1,12,48
S01007182,101,104,29,5,29,76,2,3,9,74
S01007183,111,104,65,4,33,64,14,4,11,72
S01007184,99,109,60,7,33,64,9,4,15,58
S01007185,83,67,43,5,30,50,3,1,7,51
S01007186,40,52,32,5,14,30,5,1,8,35
S01007187,93,79,50,0,24,32,6,3,3,54
S01007188,54,56,46,6,13,37,6,6,12,58
S01007189,76,56,42,2,19,47,6,2,12,62
S01007190,70,49,53,4,21,26,6,2,4,44
S01007191,41,48,28,0,16,20,6,5,6,47
S01007192,146,62,104,2,51,63,24,12,12,89
S01007193,58,59,56,8,22,31,5,0,3,58
S01007194,29,32,45,3,16,23,7,2,3,36
S01007195,40,32,55,1,17,32,6,2,5,42
S01007196,97,57,112,12,40,49,10,5,12,86
S01007197,49,50,44,5,13,32,0,1,6,40
S01007198,48,49,37,2,12,17,6,2,3,29
S01007199,55,56,28,2,19,23,3,4,4,36
S01007200,82,87,46,3,30,48,7,6,9,57
S01007201,56,39,54,4,18,28,5,6,10,40
S01007202,72,40,74,6,20,26,5,2,10,39
S01007203,55,32,39,2,23,25,7,1,6,29
S01007204,138,10,19,77,37,29,26,5,15,65
S01007205,98,12,27,40,20,11,9,20,1,47
S01007206,50,30,14,5,16,13,1,16,1,23
S01007207,68,52,60,5,50,18,8,30,6,50
S01007208,108,121,39,9,46,35,13,33,4,82
S01007209,80,65,21,4,32,9,11,26,2,47
S01007210,63,88,16,8,28,15,7,17,1,50
S01007211,87,103,27,12,36,16,10,28,0,66
S01007212,35,60,10,3,21,4,2,17,0,23
S01007213,89,90,22,6,28,11,7,31,8,62
S01007214,56,76,17,5,25,18,11,11,4,41
S01007215,56,36,9,3,25,12,6,18,6,33
S01007216,84,88,15,2,40,16,8,49,5,64
S01007217,76,79,36,12,43,22,14,40,8,82
S01007218,83,61,40,8,27,24,10,34,2,59
S01007219,73,45,53,6,31,18,3,28,2,57
S01007220,65,46,64,8,30,27,16,32,2,53
S01007221,103,36,67,4,48,25,14,48,6,86
S01007222,57,27,69,4,23,18,6,18,2,36
S01007223,88,16,49,15,18,22,4,37,3,28
S01007224,65,10,57,20,13,25,9,29,3,34
S01007225,133,10,18,76,21,32,12,48,5,67
S01007226,123,15,8,33,55,27,12,3,9,58
S01007227,101,18,4,35,124,43,10,5,20,61
S01007228,103,8,9,23,30,17,18,7,10,50
S01007229,191,34,56,38,67,40,36,35,13,94
S01007230,62,57,8,14,39,11,20,19,6,62
S01007231,58,60,12,20,51,9,22,24,2,58
S01007232,64,58,13,18,54,14,18,17,2,47
S01007233,53,57,12,18,38,13,19,26,3,48
S01007234,53,40,3,15,38,16,11,25,3,48
S01007235,78,58,4,22,53,12,16,24,12,61
S01007236,66,49,8,18,55,12,18,19,4,60
S01007237,55,57,11,14,45,16,16,25,5,43
S01007238,79,66,19,25,50,16,24,34,3,62
S01007239,99,39,4,27,50,14,34,31,6,66
S01007240,102,8,8,59,63,8,5,6,8,45
S01007241,100,8,8,35,65,41,1,1,13,44
S01007242,90,20,1,70,73,60,5,3,16,65
S01007243,91,9,2,35,55,44,2,5,11,51
S01007244,106,13,61,18,55,27,0,1,18,53
S01007245,91,9,50,14,28,52,0,4,11,61
S01007246,152,25,69,22,25,66,2,4,14,50
S01007247,112,11,9,50,67,15,17,4,8,46
S01007248,84,55,15,10,24,51,1,1,10,44
S01007249,55,46,12,11,16,22,2,3,9,30
S01007250,85,84,16,11,25,60,2,10,9,61
S01007251,49,52,26,10,18,31,0,2,6,36
S01007252,72,75,43,20,16,59,1,1,8,52
S01007253,161,84,69,31,48,97,5,6,16,89
S01007254,56,70,24,10,23,33,4,2,3,44
S01007255,60,74,31,10,24,45,6,3,0,49
S01007256,73,82,26,14,32,52,2,7,7,50
S01007257,61,55,16,5,20,29,1,4,7,47
S01007258,74,70,21,7,20,39,3,1,6,55
S01007259,69,91,29,16,41,48,3,6,13,55
S01007260,71,72,40,23,37,42,1,4,1,56
S01007261,117,38,48,19,37,44,4,2,12,54
S01007262,82,85,43,8,30,36,0,5,2,60
S01007263,72,72,25,12,24,33,2,4,4,37
S01007264,68,73,21,10,28,40,1,5,7,48
S01007265,86,98,30,16,28,63,2,3,9,67
S01007266,73,13,4,19,114,17,15,6,5,44
S01007267,82,4,11,21,105,13,7,3,11,36
S01007268,107,7,7,24,57,25,19,2,7,50
S01007269,59,2,21,24,14,17,6,2,1,32
S01007270,101,15,13,32,23,45,4,5,7,50
S01007271,106,40,8,51,14,92,5,6,21,83
S01007272,81,71,6,46,10,67,6,6,11,59
S01007273,65,48,6,29,9,50,7,7,6,45
S01007274,89,60,3,50,17,69,7,5,5,50
S01007275,80,33,2,29,9,44,3,8,8,33
S01007276,107,59,6,73,21,83,7,7,10,60
S01007277,88,40,12,31,17,58,4,5,9,45
S01007278,43,24,9,32,4,47,5,8,13,36
S01007279,129,4,5,10,34,25,19,8,10,54
S01007280,104,5,7,33,31,28,12,2,11,46
S01007281,185,6,7,41,56,39,17,7,18,86
S01007282,118,7,12,20,33,15,8,25,9,41
S01007283,127,15,12,34,26,23,9,45,4,65
S01007284,151,32,55,75,10,5,3,3,28,73
S01007285,193,47,17,40,71,10,12,6,26,82
S01007286,174,176,4,8,24,18,4,4,20,113
S01007287,171,51,14,17,5,0,14,20,10,61
S01007288,125,27,20,9,38,8,2,6,18,51
S01007289,116,156,31,9,13,3,3,4,12,78
S01007290,115,132,83,26,21,5,4,2,20,93
S01007291,88,106,19,8,8,0,1,2,11,57
S01007292,93,119,34,9,13,1,0,4,12,49
S01007293,69,142,24,8,32,3,0,1,10,72
S01007294,127,155,41,15,18,4,0,2,15,71
S01007295,45,96,8,9,14,0,4,0,3,28
S01007296,82,139,11,15,15,1,0,4,8,41
S01007297,115,154,61,9,20,2,0,4,14,87
S01007298,67,74,53,4,6,0,0,3,10,49
S01007299,106,119,57,4,13,1,0,2,9,65
S01007300,68,65,49,4,10,4,0,4,4,30
S01007301,173,26,73,188,24,6,0,10,11,113
S01007302,78,19,66,69,10,8,0,5,8,51
S01007303,170,31,34,47,142,4,6,6,12,89
S01007304,155,22,23,22,58,8,8,3,16,56
S01007305,110,12,21,92,56,3,1,8,18,51
S01007306,121,16,2,13,145,2,2,8,11,69
S01007307,172,7,60,53,55,8,2,6,12,82
S01007308,195,33,7,11,36,40,30,6,28,64
S01007309,153,21,7,14,71,24,5,6,13,51
S01007310,137,25,16,13,69,17,6,4,19,61
S01007311,118,89,16,12,14,12,31,5,14,72
S01007312,121,0,20,21,61,22,10,6,18,73
S01007313,214,34,13,47,73,28,24,6,15,94
S01007314,123,31,31,49,9,13,9,3,6,59
S01007315,126,117,51,3,8,6,6,7,6,60
S01007316,111,133,17,8,6,9,6,6,10,78
S01007317,133,125,41,5,6,13,8,9,7,87
S01007318,75,25,60,6,9,6,0,5,9,48
S01007319,110,18,91,4,16,7,4,9,10,64
S01007320,174,21,11,38,52,11,2,10,9,59
S01007321,126,15,3,8,27,26,9,12,12,71
S01007322,106,85,16,1,36,25,4,5,11,78
S01007323,63,37,9,1,23,21,0,7,8,48
S01007324,86,41,25,16,5,4,1,2,10,24
S01007325,161,31,37,63,48,15,1,0,17,48
S01007326,173,66,43,49,107,19,0,1,9,84
S01007327,104,111,7,40,43,4,0,0,19,40
S01007328,80,58,21,33,61,13,0,0,12,57
S01007329,144,27,15,17,37,33,6,15,13,58
S01007330,115,23,15,28,18,16,4,4,15,49
S01007331,191,26,94,117,4,4,2,2,29,85
S01007332,117,4,6,5,48,0,3,1,9,37
S01007333,90,128,30,8,3,2,0,2,5,59
S01007334,52,93,5,15,0,0,0,0,9,27
S01007335,92,151,20,13,5,1,0,4,10,68
S01007336,60,91,0,7,3,3,1,1,12,41
S01007337,72,120,3,19,1,3,1,0,10,49
S01007338,93,105,24,11,0,4,4,5,16,65
S01007339,66,96,24,12,4,2,0,0,9,38
S01007340,52,7,84,4,2,2,2,5,4,44
S01007341,75,11,116,6,2,1,2,6,16,43
S01007342,94,22,85,7,1,0,0,5,12,34
S01007343,129,17,39,51,13,10,2,12,3,47
S01007344,61,57,18,7,1,0,0,3,4,23
S01007345,51,94,0,3,4,0,1,1,3,32
S01007346,76,68,3,2,1,1,0,2,4,21
S01007347,69,118,6,8,1,5,2,3,3,25
S01007348,56,114,7,8,1,3,0,7,5,34
S01007349,56,68,4,3,3,6,5,4,1,25
S01007350,66,60,7,3,4,4,3,0,6,23
S01007351,110,33,23,23,12,14,4,3,27,79
S01007352,129,14,1,6,18,15,7,12,9,36
S01007353,81,5,11,47,45,3,6,6,11,37
S01007354,117,10,2,84,18,5,8,17,9,35
S01007355,195,32,20,31,42,8,0,19,18,74
S01007356,89,6,47,23,4,5,8,4,16,42
S01007357,113,23,18,16,32,34,16,5,21,57
S01007358,153,42,40,6,38,32,22,44,8,52
S01007359,106,19,67,35,18,6,13,10,10,56
S01007360,61,20,62,4,4,6,1,2,8,32
S01007361,118,39,95,18,10,10,12,9,13,61
S01007362,84,82,57,4,5,2,13,3,6,47
S01007363,68,87,19,4,5,1,9,7,5,33
S01007364,85,115,31,3,5,0,9,1,5,50
S01007365,58,62,22,5,4,1,3,3,5,25
S01007366,48,55,7,4,9,0,7,1,3,55
S01007367,54,89,10,2,6,4,10,7,6,37
S01007368,53,96,13,6,9,5,2,4,3,27
S01007369,90,109,28,8,7,7,8,2,4,53
S01007370,84,110,29,4,9,2,10,6,6,50
S01007371,95,98,40,8,0,2,5,7,4,46
S01007372,110,76,51,7,10,4,8,4,13,55
S01007373,93,14,7,52,12,6,8,7,8,50
S01007374,61,7,12,47,16,3,10,4,15,35
S01007375,63,4,8,29,11,2,7,5,8,26
S01007376,79,13,45,74,16,9,10,0,14,43
S01007377,107,5,20,56,28,10,10,11,8,41
S01007378,371,7,24,12,20,3,11,6,9,31
S01007379,96,17,53,8,49,4,7,10,2,33
S01007380,72,23,53,11,41,6,7,9,4,36
S01007381,95,0,13,48,14,7,10,9,9,31
S01007382,81,9,40,52,16,11,18,5,6,35
S01007383,119,16,46,39,25,10,19,4,8,31
S01007384,123,39,51,72,25,12,19,0,11,42
S01007385,103,34,28,61,21,16,21,6,7,37
S01007386,119,37,25,31,15,14,37,4,10,33
S01007387,118,18,36,35,19,14,19,3,11,39
S01007388,96,28,14,45,19,17,13,5,8,29
S01007389,53,26,37,50,21,15,2,0,14,45
S01007390,77,22,24,27,45,19,6,0,9,34
S01007391,90,30,10,32,20,12,11,2,6,20
S01007392,62,18,4,16,11,9,16,5,12,18
S01007393,96,34,4,16,15,12,23,1,12,33
S01007394,92,33,10,15,16,12,16,3,9,40
S01007395,127,76,25,44,36,18,33,2,10,77
S01007396,86,71,6,34,32,17,14,2,7,43
S01007397,138,63,11,48,26,23,31,13,8,42
S01007398,82,57,26,25,28,15,12,6,4,43
S01007399,67,46,19,14,29,7,13,4,11,27
S01007400,90,53,4,32,38,7,16,2,4,55
S01007401,103,37,24,23,59,26,24,11,10,47
S01007402,94,23,33,10,51,22,14,4,6,38
S01007403,168,35,58,39,140,45,27,2,18,89
S01007404,99,18,18,43,27,19,13,6,8,28
S01007405,118,5,7,34,46,47,6,1,4,40
S01007406,112,11,4,47,38,50,1,4,4,25
S01007407,108,12,4,56,41,23,4,0,11,38
S01007408,70,8,4,55,27,26,1,0,6,39
S01007409,72,8,66,56,23,11,8,6,2,41
S01007410,77,14,34,49,20,5,2,2,2,55
S01007411,75,22,72,52,21,6,5,7,2,73
S01007412,59,9,34,31,13,8,8,6,4,24
S01007413,130,12,90,82,39,10,16,12,1,49
S01007414,96,15,58,56,50,7,14,12,7,57
S01007415,89,22,75,67,25,5,7,4,0,60
S01007416,50,11,44,32,19,2,8,2,0,28
S01007417,161,16,63,93,46,18,19,27,7,63
S01007418,80,17,45,55,26,6,5,4,4,46
S01007419,89,31,60,80,36,12,9,9,0,54
S01007420,193,25,67,56,46,10,18,18,5,75
S01007421,102,12,24,77,29,5,12,16,0,48
S01007422,83,5,22,73,16,8,8,9,1,26
S01007423,122,10,35,92,34,14,13,17,8,54
S01007424,96,17,20,91,25,8,5,13,1,37
S01007425,103,14,39,76,36,15,8,12,0,54
S01007426,101,23,46,73,55,10,10,18,2,51
S01007427,59,7,30,58,26,3,8,14,0,38
S01007428,101,13,66,51,59,10,16,18,4,49
S01007429,127,13,71,64,68,6,12,20,8,70
S01007430,52,8,14,20,26,2,6,5,2,17
S01007431,58,12,24,37,36,4,5,8,2,20
S01007432,91,12,89,28,69,10,14,12,7,72
S01007433,173,26,31,54,77,13,20,18,4,66
S01007434,47,9,18,20,32,6,1,4,5,36
S01007435,69,20,20,35,73,4,11,5,3,48
S01007436,66,22,12,39,56,8,8,4,4,49
S01007437,49,10,13,22,36,4,3,7,0,33
S01007438,63,17,23,41,55,15,8,5,2,30
S01007439,63,19,20,39,54,5,10,10,3,47
S01007440,75,12,21,37,55,3,9,5,2,49
S01007441,62,15,3,31,55,5,4,15,2,22
S01007442,58,6,10,26,27,11,4,8,5,34
S01007443,122,34,10,27,50,14,18,25,5,42
S01007444,179,44,6,23,65,15,35,17,7,60
S01007445,109,18,3,16,57,8,27,14,5,36
S01007446,94,18,2,16,34,9,14,8,4,24
S01007447,103,5,4,7,28,21,9,11,3,20
S01007448,149,9,35,44,91,20,21,14,5,82
S01007449,89,16,68,31,65,18,15,8,3,62
S01007450,70,4,66,30,56,13,7,3,4,36
S01007451,69,5,40,24,53,12,16,6,1,40
S01007452,190,44,58,88,106,35,24,19,17,104
S01007453,135,27,34,35,74,21,24,13,10,51
S01007454,55,21,43,21,39,6,7,3,2,37
S01007455,92,52,73,16,54,9,5,5,2,61
S01007456,79,38,70,24,67,2,4,4,0,49
S01007457,120,28,80,44,80,2,15,6,5,74
S01007458,60,18,33,24,33,6,13,6,2,34
S01007459,69,24,65,25,23,4,5,5,1,29
S01007460,75,41,36,27,37,7,1,3,2,59
S01007461,65,56,28,22,39,5,8,6,2,53
S01007462,105,44,33,29,61,19,15,13,11,58
S01007463,99,83,40,34,42,6,6,1,2,45
S01007464,65,62,22,26,33,9,11,4,3,29
S01007465,70,63,29,32,33,7,9,3,3,45
S01007466,101,91,31,51,46,13,12,9,3,66
S01007467,123,71,38,56,36,17,13,12,3,63
S01007468,76,37,44,44,23,11,10,0,0,33
S01007469,110,46,80,41,66,17,12,15,3,88
S01007470,74,60,23,39,22,7,5,7,2,35
S01007471,57,31,28,25,21,5,7,4,1,40
S01007472,69,27,51,28,26,7,6,4,2,47
S01007473,56,5,45,29,9,4,4,4,3,26
S01007474,63,5,50,36,23,4,7,7,1,40
S01007475,131,22,65,60,44,8,11,9,1,44
S01007476,109,40,41,35,24,7,9,19,2,66
S01007477,69,37,14,31,24,8,6,6,3,43
S01007478,147,56,33,63,56,20,9,11,4,70
S01007479,90,39,23,52,36,6,6,5,4,44
S01007480,109,49,42,50,31,9,11,12,3,67
S01007481,88,55,98,26,16,4,9,0,16,69
S01007482,36,29,32,16,4,0,3,0,10,24
S01007483,63,93,38,34,8,2,4,3,14,56
S01007484,56,68,18,18,5,1,1,1,5,36
S01007485,27,50,4,5,2,1,1,0,6,24
S01007486,47,84,5,18,0,2,0,0,7,61
S01007487,58,113,2,16,0,4,1,3,16,64
S01007488,104,195,0,39,17,0,4,5,22,83
S01007489,85,95,37,26,16,1,4,4,22,57
S01007490,95,156,6,21,12,4,5,2,15,67
S01007491,100,187,20,23,14,5,3,2,9,102
S01007492,58,94,3,11,14,2,0,1,10,45
S01007493,74,139,17,15,15,1,1,4,15,60
S01007494,88,1,5,34,32,3,2,1,15,35
S01007495,136,14,17,124,13,2,2,0,13,53
S01007496,123,24,22,55,13,2,4,4,15,59
S01007497,97,5,41,44,12,5,6,2,12,47
S01007498,73,35,67,42,8,2,10,2,22,44
S01007499,134,7,59,61,27,0,6,0,17,68
S01007500,81,9,7,3,39,0,4,0,13,38
S01007501,110,12,7,7,16,31,1,1,12,40
S01007502,63,7,7,26,45,13,3,0,8,16
S01007503,164,25,6,7,78,29,3,4,16,81
S01007504,125,10,2,21,40,15,11,4,12,44
S01007505,72,6,12,15,17,4,5,6,2,43
S01007506,128,11,21,16,22,1,10,2,11,19
S01007507,86,46,11,16,64,4,17,6,5,65
S01007508,106,12,20,21,34,9,6,6,9,52
S01007509,118,10,8,31,24,13,8,5,15,39
S01007510,150,20,8,12,20,28,25,3,15,75
S01007511,75,39,12,15,19,21,3,11,10,65
S01007512,87,14,12,6,15,10,7,7,7,31
S01007513,87,128,11,19,15,17,27,5,8,92
S01007514,85,65,6,16,10,10,16,7,6,42
S01007515,86,96,1,10,19,11,18,7,10,47
S01007516,62,65,6,2,11,9,13,3,4,64
S01007517,42,33,9,0,11,4,12,7,4,25
S01007518,69,98,14,10,27,2,22,7,7,64
S01007519,72,5,6,11,11,7,1,6,6,17
S01007520,160,31,10,58,33,16,8,24,17,57
S01007521,96,16,14,9,26,11,2,8,7,31
S01007522,135,49,14,11,57,8,4,7,20,48
S01007523,109,5,8,37,25,13,12,2,7,45
S01007524,178,26,43,31,44,17,6,16,20,59
S01007525,59,76,9,17,19,2,17,4,9,64
S01007526,65,77,8,12,26,9,20,5,4,31
S01007527,79,86,14,14,36,4,26,3,13,51
S01007528,72,74,4,18,29,2,22,11,10,49
S01007529,77,38,14,12,24,3,15,5,9,40
S01007530,100,10,27,16,22,5,17,13,8,49
S01007531,131,14,11,24,54,6,17,5,6,31
S01007532,79,9,29,31,14,27,5,3,8,30
S01007533,65,8,23,16,10,22,6,2,7,27
S01007534,108,97,5,12,40,40,6,5,9,78
S01007535,82,110,10,15,26,54,6,5,17,51
S01007536,107,141,18,33,34,53,6,5,5,75
S01007537,104,119,28,23,30,42,14,6,17,74
S01007538,155,43,26,41,24,52,11,2,13,71
S01007539,78,32,14,26,25,35,6,0,9,47
S01007540,87,50,19,48,27,38,5,8,8,69
S01007541,71,47,26,39,28,43,11,4,6,57
S01007542,83,64,25,33,29,46,4,4,9,79
S01007543,101,87,40,63,34,49,4,3,9,75
S01007544,176,16,9,24,40,35,8,10,20,53
S01007545,133,19,6,50,83,18,3,5,7,58
S01007546,111,10,7,54,43,10,5,3,1,33
S01007547,160,2,4,14,62,16,3,6,13,39
S01007548,101,9,6,46,59,35,5,4,11,60
S01007549,140,5,9,60,22,40,5,5,8,46
S01007550,142,33,7,11,11,46,31,1,7,73
S01007551,152,8,14,2,18,18,40,13,20,52
S01007552,131,74,8,40,8,15,7,55,3,62
S01007553,81,63,23,29,13,16,5,33,6,33
S01007554,31,26,24,0,4,7,5,16,3,27
S01007555,65,38,13,6,12,8,32,16,7,43
S01007556,49,53,2,13,8,1,18,10,1,46
S01007557,91,98,9,50,20,9,46,22,13,103
S01007558,89,2,9,4,12,8,15,21,18,34
S01007559,128,14,29,8,17,55,7,9,13,56
S01007560,117,56,22,0,24,88,3,12,17,53
S01007561,63,40,14,10,19,52,2,6,8,49
S01007562,131,16,33,10,21,75,13,1,11,52
S01007563,145,12,0,5,32,59,5,5,10,64
S01007564,142,3,2,7,83,15,2,8,14,57
S01007565,151,16,25,17,143,28,7,6,11,76
S01007566,93,12,12,16,75,6,5,9,9,49
S01007567,111,12,12,71,47,8,9,4,7,28
S01007568,103,4,27,74,21,14,6,2,8,59
S01007569,125,14,36,66,51,13,3,7,9,49
S01007570,138,18,138,64,18,15,0,1,13,74
S01007571,97,8,6,34,42,10,8,6,8,43
S01007572,125,38,160,34,14,16,8,6,7,74
S01007573,129,52,185,21,33,21,5,11,3,48
S01007574,83,49,153,26,15,12,0,7,5,69
S01007575,71,35,72,11,18,4,3,8,8,50
S01007576,53,55,45,10,11,3,3,5,4,32
S01007577,62,51,85,16,10,5,1,2,3,37
S01007578,65,45,79,17,12,7,1,2,5,33
S01007579,59,33,87,8,13,9,2,2,2,45
S01007580,84,42,96,10,15,12,1,0,4,50
S01007581,64,31,63,3,11,9,1,5,2,31
S01007582,74,50,62,6,15,9,3,2,10,42
S01007583,88,106,82,11,15,7,2,3,6,59
S01007584,63,72,68,8,7,10,6,3,4,43
S01007585,104,86,109,11,20,23,1,5,9,63
S01007586,92,67,80,12,12,13,2,4,3,61
S01007587,91,76,53,9,13,12,3,5,9,43
S01007588,104,53,96,9,5,16,4,10,6,48
S01007589,84,72,74,4,21,12,2,15,14,50
S01007590,90,69,56,5,6,8,5,1,10,36
S01007591,71,61,49,3,14,8,3,2,7,25
S01007592,78,56,67,11,15,13,4,7,8,46
S01007593,128,64,107,18,21,19,6,6,6,85
S01007594,112,51,107,31,13,16,2,4,9,54
S01007595,181,28,19,58,98,14,2,4,16,66
S01007596,81,19,3,3,34,26,3,3,4,24
S01007597,87,5,9,12,105,9,7,0,2,36
S01007598,90,12,26,71,22,7,6,4,6,29
S01007599,121,44,93,34,10,17,4,2,9,59
S01007600,100,65,114,12,19,25,3,6,10,58
S01007601,83,63,94,19,16,17,4,5,7,41
S01007602,63,36,73,26,13,8,1,4,6,41
S01007603,85,43,116,29,18,15,1,0,12,39
S01007604,88,22,119,34,12,7,3,7,8,36
S01007605,95,17,156,35,16,18,1,5,4,43
S01007606,80,10,85,25,10,11,2,9,2,40
S01007607,62,44,86,15,17,10,0,5,6,24
S01007608,101,39,121,34,13,15,2,3,6,40
S01007609,90,117,114,2,19,10,4,4,5,60
S01007610,57,53,55,1,9,14,1,6,7,46
S01007611,94,72,63,3,8,13,8,2,9,52
S01007612,144,155,111,2,29,22,6,10,5,91
S01007613,92,93,61,0,13,10,3,4,7,38
S01007614,125,59,109,19,19,23,5,7,14,61
S01007615,129,116,116,16,18,21,7,5,10,65
S01007616,55,60,74,17,14,20,4,2,4,45
S01007617,40,4,33,57,24,9,0,4,1,37
S01007618,44,5,45,61,16,9,2,3,7,53
S01007619,56,22,76,63,26,10,0,4,3,49
S01007620,72,15,54,47,10,13,4,2,7,25
S01007621,51,27,70,43,23,15,4,7,2,42
S01007622,43,11,74,22,14,9,0,1,8,35
S01007623,80,11,91,27,5,10,2,3,10,24
S01007624,81,37,79,41,13,15,3,4,8,38
S01007625,62,25,57,32,16,8,1,7,3,19
S01007626,79,25,71,77,12,14,0,9,10,53
S01007627,313,115,324,88,66,83,21,17,21,136
S01007628,81,23,79,23,11,11,2,10,1,37
S01007629,110,7,34,98,20,7,7,2,7,44
S01007630,157,11,19,101,64,12,7,7,14,58
S01007631,97,6,12,52,49,0,11,6,7,33
S01007632,86,24,12,42,98,17,9,10,7,67
S01007633,98,33,13,63,107,16,7,6,8,91
S01007634,98,16,19,37,68,19,4,10,16,67
S01007635,55,37,19,18,36,14,12,2,9,52
S01007636,99,80,22,19,72,16,16,4,17,65
S01007637,83,94,42,16,82,17,14,7,13,85
S01007638,64,82,29,23,77,19,12,7,11,71
S01007639,80,90,39,13,79,20,13,3,6,74
S01007640,101,14,25,22,30,37,5,13,7,48
S01007641,136,31,55,0,20,36,21,20,15,67
S01007642,134,55,6,1,2,27,40,10,26,48
S01007643,94,89,4,2,4,21,47,9,12,61
S01007644,94,70,4,0,4,30,26,11,13,71
S01007645,119,4,9,11,22,23,9,7,8,24
S01007646,109,6,8,14,17,10,19,12,7,50
S01007647,73,61,0,0,13,59,6,13,11,55
S01007648,69,107,1,6,36,58,12,17,8,47
S01007649,83,82,4,4,29,61,17,11,8,57
S01007650,117,11,11,29,59,53,9,15,17,58
S01007651,130,4,10,30,37,35,8,5,12,46
S01007652,98,10,9,33,41,23,6,6,12,46
S01007653,142,11,8,32,50,50,3,5,7,63
S01007654,164,39,21,60,55,60,7,0,12,87
S01007655,166,7,6,22,46,38,9,3,12,49
S01007656,142,7,26,22,74,9,11,3,7,62
S01007657,94,7,4,9,52,4,12,5,3,28
S01007658,70,4,10,19,34,36,7,2,7,30
S01007659,102,15,38,20,47,63,3,10,14,73
S01007660,68,92,20,10,23,48,0,1,7,51
S01007661,80,73,6,5,29,64,0,3,11,55
S01007662,81,87,27,10,35,74,5,6,8,69
S01007663,71,86,21,14,34,75,1,5,10,41
S01007664,37,51,5,6,28,41,0,2,3,41
S01007665,82,72,17,3,27,71,2,1,4,54
S01007666,33,29,18,5,10,45,1,2,8,34
S01007667,75,54,26,8,37,55,8,6,5,49
S01007668,75,91,17,14,49,101,1,2,7,81
S01007669,52,62,15,6,18,45,2,6,1,44
S01007670,43,57,30,10,21,63,3,5,7,32
S01007671,154,38,52,23,35,60,5,5,13,55
S01007672,115,57,20,6,27,68,0,3,3,54
S01007673,57,12,20,55,37,37,12,5,5,34
S01007674,64,30,8,95,41,30,10,5,5,56
S01007675,77,10,4,47,44,38,11,6,10,45
S01007676,134,17,20,25,42,11,14,6,7,43
S01007677,73,48,5,16,104,12,18,7,9,52
S01007678,54,55,9,32,66,9,15,3,7,41
S01007679,68,45,9,13,69,5,9,4,5,43
S01007680,62,60,7,23,122,13,14,7,6,41
S01007681,50,27,3,8,37,5,0,4,4,20
S01007682,131,29,121,18,19,22,2,3,5,44
S01007683,101,55,101,17,8,18,7,2,9,28
S01007684,111,33,108,13,11,16,2,5,6,17
S01007685,113,34,91,13,8,4,3,4,0,39
S01007686,115,57,66,14,11,8,2,0,8,26
S01007687,125,78,91,16,16,8,6,5,7,33
S01007688,156,88,86,17,7,10,4,7,7,51
S01007689,70,70,42,15,10,2,2,5,3,26
S01007690,89,77,42,13,14,6,9,1,4,23
S01007691,119,143,50,9,12,14,9,8,5,35
S01007692,87,64,79,8,12,9,3,1,2,26
S01007693,46,60,49,8,8,5,4,1,3,24
S01007694,94,67,70,20,7,3,4,1,10,43
S01007695,96,61,81,19,14,10,3,0,4,33
S01007696,96,66,57,13,2,7,4,0,7,32
S01007697,141,74,136,20,13,17,8,4,3,43
S01007698,132,77,97,20,17,14,0,4,2,57
S01007699,94,69,95,8,9,2,0,3,6,40
S01007700,153,91,87,24,7,19,6,2,14,49
S01007701,57,53,35,10,6,4,0,3,0,29
S01007702,103,69,41,17,10,11,4,0,1,27
S01007703,133,109,63,22,16,7,6,4,6,32
S01007704,96,75,49,31,9,5,0,7,9,64
S01007705,60,58,30,8,5,7,1,0,3,12
S01007706,96,84,30,14,9,4,8,4,7,24
S01007707,205,78,102,78,42,17,10,7,20,67
S01007708,92,29,90,30,13,8,2,0,2,40
S01007709,72,47,30,35,12,8,3,3,2,36
S01007710,103,72,41,32,16,7,3,3,6,37
S01007711,91,79,55,34,11,5,5,5,5,52
S01007712,113,69,48,20,15,6,4,2,2,41
S01007713,61,37,32,23,11,8,8,1,3,25
S01007714,82,54,88,39,12,8,8,2,4,44
S01007715,100,56,61,18,8,8,2,0,5,46
S01007716,87,93,59,24,10,5,5,1,1,59
S01007717,76,43,64,28,11,12,4,5,0,37
S01007718,71,38,88,17,11,4,6,1,3,44
S01007719,94,31,133,18,16,12,6,2,3,45
S01007720,78,27,90,41,11,4,6,3,3,58
S01007721,126,32,122,40,8,14,8,4,7,66
S01007722,145,47,137,46,20,11,6,2,4,58
S01007723,81,34,117,34,7,11,6,4,2,57
S01007724,70,42,54,26,6,9,3,1,4,39
S01007725,96,44,94,24,7,6,6,0,4,47
S01007726,107,64,80,49,19,5,6,6,0,51
S01007727,101,80,65,38,14,14,6,0,6,54
S01007728,113,74,78,42,23,22,10,2,3,51
S01007729,122,34,107,36,20,15,9,2,3,55
S01007730,95,24,105,33,17,12,8,3,2,41
S01007731,134,44,102,47,15,21,6,0,4,48
S01007732,103,52,80,27,10,5,4,1,8,42
S01007733,160,23,127,41,18,10,5,7,22,36
S01007734,108,24,128,41,15,4,8,3,8,62
S01007735,126,20,107,39,14,6,7,1,7,36
S01007736,93,11,86,22,15,6,6,4,5,26
S01007737,145,37,125,46,18,17,12,4,7,50
S01007738,99,18,110,60,7,9,5,3,3,45
S01007739,51,13,56,16,1,2,4,0,2,27
S01007740,67,8,66,35,4,6,3,3,5,37
S01007741,69,12,67,49,5,8,7,0,4,34
S01007742,61,13,96,54,8,6,4,0,4,40
S01007743,112,16,103,66,12,4,3,1,6,85
S01007744,68,20,64,47,4,4,0,0,1,38
S01007745,81,20,46,45,4,5,1,1,0,51
S01007746,102,42,65,59,9,4,4,3,4,53
S01007747,51,12,35,36,2,0,1,0,0,45
S01007748,78,22,42,70,6,8,4,0,1,37
S01007749,95,11,36,67,9,8,9,2,6,45
S01007750,131,16,57,60,10,8,5,1,4,45
S01007751,86,9,38,69,13,6,4,5,11,29
S01007752,79,12,12,61,11,5,11,0,9,19
S01007753,58,16,13,64,13,8,6,0,3,38
S01007754,94,37,49,82,7,9,1,1,8,63
S01007755,46,25,36,69,13,2,5,0,1,44
S01007756,56,15,25,66,7,0,6,0,0,39
S01007757,85,29,35,83,26,14,9,1,2,48
S01007758,119,25,23,82,21,10,4,1,16,48
S01007759,129,47,47,95,38,13,12,0,7,52
S01007760,64,17,22,74,24,2,4,0,9,31
S01007761,139,27,20,104,45,9,5,2,8,44
S01007762,100,46,28,67,24,9,2,1,4,43
S01007763,61,16,13,51,15,3,3,0,1,21
S01007764,100,28,19,87,23,5,6,1,4,42
S01007765,79,17,28,62,37,4,8,0,5,36
S01007766,126,19,29,84,33,8,9,2,5,40
S01007767,109,33,27,79,32,7,6,1,9,57
S01007768,83,21,16,73,28,6,5,3,5,25
S01007769,93,9,21,70,39,6,9,1,9,27
S01007770,93,9,19,69,41,0,5,2,9,38
S01007771,78,4,18,65,29,2,2,0,4,30
S01007772,128,17,40,89,43,1,7,3,4,53
S01007773,94,10,25,81,47,4,9,2,5,32
S01007774,173,12,47,136,88,6,13,5,10,58
S01007775,123,8,34,100,47,5,10,5,6,49
S01007776,109,16,34,89,42,5,8,4,6,40
S01007777,189,32,50,156,61,10,17,4,15,84
S01007778,136,8,49,85,52,4,11,1,9,36
S01007779,93,22,41,114,20,7,6,3,5,51
S01007780,125,26,59,119,24,13,18,0,13,76
S01007781,145,29,66,178,21,14,25,4,6,76
S01007782,69,16,40,88,15,7,2,1,2,56
S01007783,83,21,91,60,13,6,8,1,6,47
S01007784,69,15,70,85,14,8,10,1,3,56
S01007785,53,11,54,29,8,4,4,0,0,38
S01007786,77,20,78,54,13,3,7,2,2,34
S01007787,70,15,73,49,3,4,2,1,3,60
S01007788,61,10,58,51,5,4,1,0,3,42
S01007789,62,11,50,63,8,5,1,2,5,47
S01007790,66,27,67,70,3,1,0,1,2,57
S01007791,120,11,42,94,17,5,17,2,7,59
S01007792,95,31,104,46,10,8,7,2,2,54
S01007793,82,29,124,49,9,6,7,2,2,80
S01007794,70,14,68,30,8,4,2,0,1,50
S01007795,73,14,104,37,6,9,2,0,1,52
S01007796,70,10,102,55,6,6,8,1,1,57
S01007797,70,10,115,24,7,5,5,2,2,57
S01007798,104,8,114,43,13,5,7,4,9,74
S01007799,93,5,87,51,13,4,16,5,14,53
S01007800,79,20,109,43,10,7,7,0,4,44
S01007801,66,31,89,27,12,7,4,2,1,51
S01007802,81,25,76,32,12,11,10,0,5,43
S01007803,76,30,93,46,2,12,3,4,0,55
S01007804,54,17,81,26,8,4,3,3,4,54
S01007805,37,13,58,27,11,11,5,0,4,45
S01007806,87,25,80,65,14,6,10,0,4,51
S01007807,115,18,147,43,8,12,13,4,12,58
S01007808,84,29,139,47,6,8,12,4,5,56
S01007809,105,37,154,25,2,13,5,4,7,65
S01007810,94,31,127,32,3,8,3,2,2,74
S01007811,139,40,171,70,16,14,11,4,7,75
S01007812,100,28,93,28,7,4,4,1,5,44
S01007813,59,18,98,31,6,11,3,2,4,40
S01007814,57,19,101,18,5,4,6,4,3,35
S01007815,107,12,95,38,3,12,9,4,7,69
S01007816,80,18,76,43,3,3,4,0,0,47
S01007817,33,13,77,17,5,3,0,0,3,34
S01007818,97,23,114,49,5,9,10,1,5,60
S01007819,116,22,135,39,11,19,4,3,5,59
S01007820,123,47,108,28,10,11,1,3,5,63
S01007821,59,15,80,18,4,5,8,1,1,31
S01007822,92,27,91,19,9,12,3,2,5,47
S01007823,65,31,89,21,7,8,9,2,1,45
S01007824,98,38,112,32,9,6,8,1,9,53
S01007825,111,42,158,13,5,10,6,4,9,63
S01007826,83,50,96,18,8,11,8,4,4,47
S01007827,70,30,101,16,8,7,4,3,8,44
S01007828,117,59,126,22,14,15,4,1,5,51
S01007829,67,37,61,12,9,7,1,1,5,30
S01007830,105,60,65,25,13,7,1,5,0,55
S01007831,132,52,124,22,17,9,1,2,2,70
S01007832,60,28,70,9,5,5,1,0,2,28
S01007833,61,37,84,18,9,5,2,0,2,46
S01007834,96,41,122,21,9,5,2,3,1,45
S01007835,64,38,93,11,8,5,2,2,4,39
S01007836,62,24,77,16,11,7,1,2,4,23
S01007837,87,31,104,33,4,17,4,2,3,45
S01007838,137,60,136,28,10,16,7,4,7,80
S01007839,69,29,70,11,8,9,0,0,1,26
S01007840,96,60,99,23,12,15,0,3,4,47
S01007841,78,61,86,14,7,14,0,2,6,43
S01007842,84,42,62,28,9,10,1,0,1,57
S01007843,75,50,79,28,10,11,4,1,4,51
S01007844,78,60,52,38,15,15,7,0,8,48
S01007845,89,32,83,26,8,4,3,0,4,43
S01007846,88,37,98,42,12,8,0,3,3,45
S01007847,79,44,87,35,4,14,1,2,5,49
S01007848,65,50,93,27,9,5,0,3,2,43
S01007849,98,64,97,59,16,5,0,1,7,77
S01007850,72,29,104,13,6,8,0,3,0,58
S01007851,97,45,121,16,3,8,3,4,4,70
S01007852,69,34,78,21,4,6,2,4,3,54
S01007853,74,38,103,20,16,10,0,0,6,39
S01007854,117,37,108,39,20,19,1,5,1,51
S01007855,61,17,82,15,8,16,3,1,2,25
S01007856,113,44,142,33,11,12,1,5,2,75
S01007857,46,16,87,13,6,4,3,1,2,36
S01007858,110,40,143,17,7,8,0,3,5,65
S01007859,67,23,70,18,2,5,2,3,3,45
S01007860,106,14,114,29,11,10,4,2,8,57
S01007861,69,25,80,20,8,5,2,0,4,54
S01007862,80,16,107,35,4,8,1,1,0,56
S01007863,103,15,93,56,10,12,1,3,2,69
S01007864,94,18,123,80,12,6,4,0,5,75
S01007865,166,12,143,107,11,19,3,5,13,90
S01007866,104,8,80,66,7,12,0,4,1,46
S01007867,289,23,155,229,42,55,11,9,25,119
S01007868,92,48,75,51,11,15,3,1,3,44
S01007869,133,56,104,32,18,19,6,4,7,49
S01007870,45,16,2,4,20,32,10,2,4,18
S01007871,46,10,30,14,19,28,7,0,5,46
S01007872,45,42,4,8,17,30,9,1,4,53
S01007873,49,40,0,9,25,47,21,8,10,38
S01007874,54,45,4,10,37,49,13,2,7,57
S01007875,87,23,7,66,27,34,4,19,6,61
S01007876,96,32,11,89,28,51,2,12,6,63
S01007877,51,20,0,38,82,27,7,6,3,59
S01007878,39,12,0,24,35,7,4,6,1,29
S01007879,85,27,0,31,103,16,2,7,3,59
S01007880,100,5,0,22,36,11,10,14,5,29
S01007881,62,1,2,22,66,17,5,8,5,47
S01007882,168,4,10,31,87,19,7,16,4,49
S01007883,123,19,10,81,126,30,13,18,10,61
S01007884,73,21,11,22,54,16,3,21,3,67
S01007885,51,29,6,28,47,19,7,10,0,51
S01007886,125,28,10,28,74,29,8,9,5,80
S01007887,116,10,5,15,62,20,20,6,4,45
S01007888,79,21,6,50,142,27,5,8,3,53
S01007889,43,6,3,21,52,12,2,9,3,35
S01007890,66,13,9,36,85,12,3,12,2,63
S01007891,122,14,12,47,115,23,8,12,7,63
S01007892,92,22,11,11,65,18,10,8,1,42
S01007893,106,10,12,23,112,28,23,17,5,71
S01007894,75,31,15,36,139,18,10,7,4,106
S01007895,75,15,10,16,87,7,12,10,2,39
S01007896,74,15,4,16,100,17,9,5,3,60
S01007897,78,5,15,15,12,21,5,12,1,26
S01007898,81,6,15,14,22,20,16,17,4,37
S01007899,119,8,14,11,20,65,10,19,4,39
S01007900,54,4,30,9,13,31,8,2,3,52
S01007901,59,6,43,8,14,34,8,4,5,65
S01007902,73,24,1,2,75,23,27,6,4,58
S01007903,48,17,0,0,58,16,26,8,2,28
S01007904,141,4,13,33,49,49,23,11,6,68
S01007905,58,18,5,24,38,19,17,13,3,46
S01007906,59,9,8,26,46,10,25,9,1,43
S01007907,44,8,3,21,31,15,20,12,2,54
S01007908,109,26,6,50,33,33,30,13,4,78
S01007909,46,15,49,26,14,42,7,7,2,48
S01007910,95,38,52,18,27,60,9,8,5,60
S01007911,66,28,37,20,17,49,10,23,7,59
S01007912,72,62,11,16,20,72,7,15,5,63
S01007913,54,35,14,5,17,32,6,6,4,40
S01007914,54,46,13,8,10,34,4,6,0,39
S01007915,55,49,26,16,27,49,9,10,2,67
S01007916,75,60,20,11,11,38,5,9,6,42
S01007917,79,50,18,14,16,69,9,4,7,68
S01007918,85,56,27,13,22,53,7,14,3,58
S01007919,90,51,20,18,21,91,7,15,5,48
S01007920,99,40,29,12,16,56,8,18,8,51
S01007921,79,40,41,8,21,52,8,6,3,67
S01007922,66,33,48,7,25,51,3,4,4,73
S01007923,117,28,59,17,30,85,12,11,9,90
S01007924,108,31,44,11,33,80,9,8,2,89
S01007925,108,5,4,14,35,21,9,0,8,31
S01007926,91,5,6,13,28,39,7,1,0,42
S01007927,155,1,5,44,47,68,14,1,7,51
S01007928,136,14,10,73,48,100,11,1,4,75
S01007929,414,28,15,82,154,217,21,4,15,149
S01007930,101,4,5,11,49,27,11,4,11,38
S01007931,176,10,16,13,84,99,9,2,13,67
S01007932,127,15,6,46,45,67,7,0,2,47
S01007933,103,32,4,59,56,62,6,3,2,50
S01007934,80,25,6,41,34,61,9,3,2,42
S01007935,105,27,10,35,38,54,9,1,5,52
S01007936,154,17,8,50,65,101,12,3,12,56
S01007937,172,27,8,69,68,123,11,5,3,61
S01007938,69,30,0,49,36,61,7,2,2,60
S01007939,82,41,8,56,35,43,3,0,2,52
S01007940,119,26,16,23,105,69,11,2,10,97
S01007941,70,11,9,7,58,45,3,1,3,43
S01007942,69,12,10,8,45,47,6,1,2,50
S01007943,52,17,16,10,52,41,4,3,2,48
S01007944,69,9,9,23,79,48,10,1,0,67
S01007945,92,14,12,6,52,41,12,0,2,51
S01007946,73,10,15,7,43,31,13,2,5,45
S01007947,84,19,15,10,72,45,7,5,9,50
S01007948,49,19,16,14,55,30,8,4,1,41
S01007949,74,19,3,47,37,30,18,2,1,46
S01007950,113,29,4,62,59,47,28,3,1,81
S01007951,98,30,12,90,62,26,20,1,2,65
S01007952,86,16,13,52,38,27,15,2,1,53
S01007953,65,35,9,67,69,49,26,3,2,87
S01007954,54,24,10,51,33,19,12,5,1,50
S01007955,91,18,61,50,40,13,13,3,0,54
S01007956,67,13,55,32,49,26,23,2,0,70
S01007957,93,19,97,37,50,36,19,5,3,68
S01007958,52,7,41,28,28,10,18,4,8,31
S01007959,81,5,35,20,33,26,21,3,1,42
S01007960,84,10,60,26,34,14,14,3,0,39
S01007961,167,12,31,23,49,32,27,3,3,69
S01007962,55,10,37,27,41,16,15,1,0,46
S01007963,75,11,87,24,25,4,9,2,0,58
S01007964,61,24,81,16,31,14,19,0,0,58
S01007965,67,15,40,8,16,11,4,2,0,25
S01007966,66,24,91,23,46,17,13,2,2,70
S01007967,48,6,69,16,32,16,10,0,0,31
S01007968,69,16,84,29,55,28,22,3,3,58
S01007969,85,34,75,17,39,11,17,0,9,59
S01007970,111,40,98,20,66,18,26,2,5,78
S01007971,85,50,85,17,56,12,21,2,2,81
S01007972,97,34,76,16,59,27,21,0,2,79
S01007973,84,20,67,18,50,24,29,4,2,51
S01007974,90,40,47,16,31,7,17,0,5,43
S01007975,78,46,51,12,35,21,17,3,3,64
S01007976,84,61,23,12,29,8,16,1,2,48
S01007977,76,43,26,9,37,15,27,4,2,44
S01007978,99,61,19,15,32,11,19,1,3,55
S01007979,144,61,51,18,32,37,30,4,6,54
S01007980,80,46,38,12,36,16,28,3,4,59
S01007981,65,17,36,8,31,9,15,0,3,29
S01007982,40,7,37,15,24,18,8,1,2,29
S01007983,76,41,68,14,28,24,16,1,2,59
S01007984,70,39,65,11,40,28,16,4,4,56
S01007985,87,18,95,12,36,23,20,2,1,60
S01007986,61,15,58,18,24,29,14,1,1,40
S01007987,85,22,72,12,31,28,9,3,5,39
S01007988,75,7,75,20,32,19,12,2,1,45
S01007989,126,15,81,23,28,46,15,0,4,60
S01007990,79,4,67,22,31,55,12,5,5,42
S01007991,188,7,81,32,62,143,23,2,12,63
S01007992,99,9,66,12,24,63,21,0,3,46
S01007993,102,9,69,13,32,32,14,1,3,48
S01007994,139,8,89,21,54,68,29,9,14,66
S01007995,113,11,79,13,39,53,28,7,2,63
S01007996,50,3,22,9,13,23,11,0,1,15
S01007997,130,10,36,9,26,31,24,0,3,43
S01007998,67,8,32,10,19,28,24,1,6,30
S01007999,60,22,87,10,23,28,7,1,2,56
S01008000,88,26,93,13,27,26,15,3,4,82
S01008001,103,25,69,9,14,23,10,4,3,64
S01008002,63,19,68,12,21,13,14,1,1,52
S01008003,75,28,65,10,27,28,14,5,1,32
S01008004,89,13,61,21,36,53,17,4,5,58
S01008005,114,31,69,22,37,44,21,5,7,58
S01008006,36,31,56,14,22,6,9,2,0,38
S01008007,38,13,34,20,17,14,0,1,1,35
S01008008,79,25,43,16,19,19,12,2,4,51
S01008009,109,58,53,12,29,19,28,1,5,51
S01008010,127,49,69,13,46,49,39,4,10,77
S01008011,52,36,18,9,18,18,11,0,2,30
S01008012,119,66,32,16,38,16,32,3,4,65
S01008013,71,45,25,12,32,12,22,1,4,42
S01008014,56,34,30,8,20,11,12,0,0,29
S01008015,108,71,82,17,50,28,32,3,4,80
S01008016,68,73,45,18,40,28,26,3,3,66
S01008017,106,44,51,16,43,22,19,3,3,51
S01008018,67,40,26,11,23,13,24,4,0,37
S01008019,91,40,26,10,37,11,17,3,5,22
S01008020,122,54,41,24,54,21,44,2,8,55
S01008021,67,37,34,11,49,22,25,5,4,39
S01008022,133,14,54,19,55,14,34,0,3,43
S01008023,70,14,77,18,41,12,28,5,2,38
S01008024,187,51,86,62,56,46,71,8,4,88
S01008025,53,36,42,20,29,11,15,3,1,35
S01008026,99,70,71,36,50,20,16,1,2,67
S01008027,57,33,35,17,30,9,12,0,1,50
S01008028,56,24,50,24,24,15,29,2,4,46
S01008029,375,53,162,93,143,126,108,13,13,175
S01008030,122,8,53,55,38,49,26,7,4,77
S01008031,66,14,64,53,19,31,19,0,2,50
S01008032,89,6,81,61,37,41,21,4,2,54
S01008033,150,5,24,41,92,11,0,7,10,38
S01008034,125,11,24,61,57,14,5,2,6,45
S01008035,76,15,15,30,58,4,4,5,1,23
S01008036,87,14,15,30,64,12,3,3,7,37
S01008037,145,44,31,83,49,13,1,5,2,61
S01008038,100,40,40,67,63,12,3,2,4,64
S01008039,111,51,36,59,56,8,2,2,1,51
S01008040,134,13,21,52,64,8,4,2,5,41
S01008041,92,17,15,62,59,7,2,0,3,32
S01008042,93,10,11,52,51,5,3,1,9,34
S01008043,175,18,17,82,82,6,4,5,10,37
S01008044,150,21,16,84,58,10,3,1,11,46
S01008045,193,9,32,140,61,18,6,2,13,39
S01008046,104,42,16,59,47,5,5,2,1,32
S01008047,98,14,14,41,37,8,5,2,3,36
S01008048,91,15,16,42,29,8,4,2,6,22
S01008049,125,20,16,98,29,6,4,4,1,39
S01008050,92,10,19,62,21,11,1,0,10,30
S01008051,150,18,23,100,44,11,13,0,5,47
S01008052,301,14,38,215,63,28,10,5,16,59
S01008053,102,9,14,62,13,5,3,3,5,21
S01008054,114,7,9,85,17,4,3,4,11,20
S01008055,220,12,25,134,33,14,6,4,14,49
S01008056,120,12,18,123,24,9,5,1,4,26
S01008057,144,17,28,101,51,13,5,3,5,45
S01008058,135,9,32,65,73,7,1,4,9,34
S01008059,108,7,29,49,49,8,0,1,4,32
S01008060,107,18,28,76,38,8,5,3,6,35
S01008061,211,21,44,111,69,21,4,5,9,50
S01008062,157,14,42,56,45,11,4,3,3,48
S01008063,160,5,48,92,52,12,4,1,7,56
S01008064,76,21,31,67,28,12,4,1,12,52
S01008065,173,20,37,115,46,9,9,2,6,39
S01008066,166,8,24,118,26,7,8,3,7,40
S01008067,133,11,27,81,17,3,6,1,4,34
S01008068,170,11,52,108,29,7,8,7,3,69
S01008069,160,9,60,92,32,6,7,1,5,53
S01008070,122,14,61,96,19,4,1,2,3,65
S01008071,133,16,42,76,30,8,1,5,4,32
S01008072,124,15,26,84,26,7,2,5,8,40
S01008073,74,6,19,46,9,5,3,0,4,18
S01008074,184,16,47,110,36,7,5,6,6,49
S01008075,106,10,32,66,20,10,3,2,1,21
S01008076,74,4,16,43,9,7,3,3,3,25
S01008077,127,5,20,80,34,8,4,2,6,39
S01008078,146,16,35,104,31,18,4,9,6,42
S01008079,119,11,29,87,13,10,2,2,5,30
S01008080,129,3,33,81,21,10,4,2,4,46
S01008081,85,15,19,64,21,8,4,4,1,41
S01008082,131,8,40,81,22,8,4,0,1,40
S01008083,134,4,31,101,21,13,2,0,5,34
S01008084,145,7,34,77,62,13,5,3,0,56
S01008085,140,3,26,88,49,7,6,4,4,63
S01008086,189,11,52,100,65,16,6,0,4,66
S01008087,111,23,26,96,32,11,4,1,2,34
S01008088,132,18,23,100,37,11,4,5,2,46
S01008089,131,9,26,91,37,9,9,2,7,46
S01008090,112,11,27,83,27,5,4,7,7,60
S01008091,62,3,16,50,12,3,5,3,0,14
S01008092,149,15,28,113,31,3,4,3,8,43
S01008093,139,16,25,79,27,5,0,2,3,40
S01008094,193,17,26,94,43,7,4,6,3,56
S01008095,107,8,22,86,30,1,6,6,1,56
S01008096,119,22,19,83,35,7,4,0,6,34
S01008097,79,9,15,69,18,1,3,2,2,26
S01008098,115,19,23,101,36,3,5,1,1,40
S01008099,60,15,33,65,19,5,3,1,2,41
S01008100,137,24,48,78,22,6,4,10,6,30
S01008101,136,16,63,62,28,5,5,4,9,44
S01008102,107,19,43,76,20,4,1,4,0,37
S01008103,132,25,44,91,29,6,4,2,3,38
S01008104,119,36,45,83,32,4,2,0,4,79
S01008105,153,36,63,92,29,3,8,2,0,60
S01008106,82,21,78,81,36,3,6,1,4,73
S01008107,254,22,73,176,91,16,19,3,17,104
S01008108,121,12,43,94,33,4,7,7,5,62
S01008109,145,19,37,80,35,2,3,1,5,51
S01008110,132,9,56,106,34,6,4,5,3,58
S01008111,124,20,15,87,31,11,0,5,3,32
S01008112,131,14,30,91,29,1,9,0,1,45
S01008113,123,16,29,91,51,8,7,4,2,54
S01008114,112,10,29,63,31,8,6,3,2,39
S01008115,153,18,56,111,53,8,5,4,5,56
S01008116,133,17,46,64,54,8,3,2,5,45
S01008117,111,10,34,57,44,11,5,4,3,31
S01008118,147,29,37,83,87,4,1,5,11,46
S01008119,73,40,24,31,36,11,3,0,4,32
S01008120,96,17,10,37,58,12,7,2,5,31
S01008121,116,12,15,25,70,11,2,3,4,27
S01008122,136,10,15,58,55,8,1,1,5,37
S01008123,170,10,24,90,61,12,7,11,8,46
S01008124,144,5,45,66,64,17,5,5,5,42
S01008125,127,11,19,58,86,15,4,4,4,37
S01008126,111,8,29,38,85,17,2,8,4,40
S01008127,166,11,16,46,103,9,3,5,4,40
S01008128,118,27,17,34,95,21,5,9,7,55
S01008129,122,38,18,47,85,15,2,4,3,65
S01008130,137,56,19,49,90,10,0,7,1,59
S01008131,120,42,24,37,55,11,4,2,1,52
S01008132,174,47,32,53,100,11,5,9,6,41
S01008133,64,19,21,21,57,10,0,2,5,23
S01008134,67,28,21,25,62,13,5,2,4,46
S01008135,241,61,31,56,161,37,7,7,8,99
S01008136,132,49,22,35,76,9,2,2,2,45
S01008137,89,68,28,33,45,13,2,3,0,68
S01008138,88,49,17,43,67,9,2,3,3,64
S01008139,116,61,26,71,101,10,2,1,3,92
S01008140,44,31,11,18,24,1,4,2,0,48
S01008141,85,9,26,28,67,11,2,10,2,55
S01008142,101,9,47,30,94,14,3,7,8,40
S01008143,126,7,47,46,105,21,0,2,8,65
S01008144,704,20,133,160,458,92,18,38,16,200
S01008145,140,15,47,52,107,31,1,7,0,86
S01008146,83,7,32,22,76,8,1,5,1,33
S01008147,82,9,41,30,64,15,3,1,0,50
S01008148,83,5,47,33,66,13,2,0,5,40
S01008149,88,17,44,35,69,11,5,4,1,59
S01008150,100,21,62,46,71,10,0,2,3,54
S01008151,99,15,32,28,59,12,1,1,1,56
S01008152,115,40,32,35,64,16,2,4,3,69
S01008153,94,9,36,18,92,17,4,2,7,37
S01008154,130,9,43,26,78,19,3,3,0,44
S01008155,90,4,27,12,59,17,2,6,1,39
S01008156,106,11,35,19,65,14,2,4,4,56
S01008157,122,11,61,33,108,14,3,2,7,60
S01008158,114,9,20,32,73,7,1,0,4,56
S01008159,100,17,24,41,63,9,2,0,0,66
S01008160,107,23,20,60,100,21,5,3,7,70
S01008161,160,14,17,74,144,26,5,4,10,87
S01008162,172,21,9,65,112,23,5,3,6,81
S01008163,110,8,42,68,72,7,14,0,0,87
S01008164,146,14,75,108,60,7,9,3,5,59
S01008165,570,27,80,183,302,23,20,7,21,181
S01008166,82,9,32,45,41,7,5,3,1,46
S01008167,100,17,42,40,70,4,8,3,0,55
S01008168,122,15,50,59,79,6,7,1,4,64
S01008169,144,8,54,63,103,9,5,2,2,64
S01008170,141,20,21,61,24,5,2,0,2,34
S01008171,132,44,32,96,43,3,4,5,4,55
S01008172,74,19,24,61,31,5,6,2,4,26
S01008173,132,21,31,65,27,6,4,2,2,37
S01008174,88,23,16,55,15,0,3,0,3,30
S01008175,99,41,19,113,38,11,1,4,3,58
S01008176,131,26,18,75,50,5,1,3,6,33
S01008177,114,32,29,85,38,5,3,0,3,50
S01008178,75,24,19,59,23,6,2,1,2,37
S01008179,114,15,26,33,18,6,2,0,3,36
S01008180,87,12,19,59,17,5,2,0,1,22
S01008181,113,19,24,56,24,3,0,1,2,32
S01008182,163,43,35,122,59,4,4,2,5,72
S01008183,113,30,18,78,41,10,2,4,1,48
S01008184,138,37,25,102,45,3,3,1,7,47
S01008185,154,46,32,142,51,11,4,1,8,75
S01008186,114,38,18,106,32,11,2,0,1,31
S01008187,79,26,20,59,41,4,2,4,1,51
S01008188,142,45,24,89,44,9,3,0,6,55
S01008189,56,10,9,41,37,0,2,0,5,29
S01008190,106,32,34,67,74,10,6,1,3,61
S01008191,145,20,42,74,98,9,3,0,2,57
S01008192,116,40,35,91,61,8,3,2,5,66
S01008193,146,20,23,61,86,3,8,2,6,59
S01008194,109,9,30,46,67,7,4,3,1,43
S01008195,108,13,46,43,81,4,5,2,2,67
S01008196,129,16,45,69,87,7,5,1,1,100
S01008197,305,27,61,68,215,23,20,6,12,111
S01008198,98,23,29,54,67,10,4,1,6,74
S01008199,73,19,48,52,87,10,5,0,2,74
S01008200,60,12,32,31,62,6,3,5,2,38
S01008201,85,24,39,34,91,14,5,0,1,48
S01008202,76,21,7,39,55,7,4,1,0,39
S01008203,87,17,17,41,49,16,3,0,2,53
S01008204,105,30,23,40,82,13,6,3,2,71
S01008205,104,31,8,42,95,11,1,0,12,54
S01008206,66,22,19,41,84,5,4,0,1,62
S01008207,95,24,11,41,74,6,2,3,1,75
S01008208,155,18,21,45,155,17,6,2,1,68
S01008209,67,6,10,28,74,12,6,2,5,47
S01008210,131,17,26,34,129,11,4,4,2,73
S01008211,145,19,25,31,113,8,9,2,4,72
S01008212,117,7,24,23,83,11,4,0,2,28
S01008213,187,19,25,36,127,15,4,0,7,66
S01008214,81,18,26,40,98,9,3,0,5,53
S01008215,99,16,26,42,103,20,4,3,4,46
S01008216,84,9,21,21,64,10,8,0,2,26
S01008217,111,14,14,21,50,22,3,0,5,30
S01008218,500,37,97,127,381,47,21,4,10,235
S01008219,139,17,22,39,129,12,4,4,3,59
S01008220,64,27,24,23,75,3,4,0,0,56
S01008221,100,27,33,50,98,7,4,2,6,86
S01008222,61,26,26,28,69,7,0,4,4,57
S01008223,69,19,22,17,60,9,0,0,1,37
S01008224,108,28,20,25,101,20,8,1,1,75
S01008225,74,33,16,30,94,16,5,4,0,52
S01008226,89,34,29,40,76,16,4,2,1,65
S01008227,127,32,35,36,90,10,5,0,6,82
S01008228,103,14,12,30,77,10,8,1,3,42
S01008229,65,39,17,25,78,11,6,3,3,50
S01008230,146,23,28,52,127,22,2,4,1,66
S01008231,175,22,22,37,116,10,4,2,4,76
S01008232,146,25,23,20,151,18,9,2,4,89
S01008233,146,23,25,27,132,11,11,3,4,55
S01008234,45,9,17,20,54,3,5,0,1,42
S01008235,133,5,33,68,115,25,4,5,0,88
S01008236,107,11,17,44,104,15,7,2,2,67
S01008237,206,12,31,63,148,27,6,2,7,101
S01008238,108,23,27,55,86,15,9,0,2,66
S01008239,167,20,47,62,141,27,6,5,0,110
S01008240,103,3,8,31,82,27,2,7,7,29
S01008241,104,6,12,18,57,14,3,0,0,26
S01008242,200,7,23,52,95,45,5,5,9,49
S01008243,261,9,25,53,74,91,7,5,6,60
S01008244,104,11,20,36,29,38,5,4,5,31
S01008245,192,13,19,56,91,57,11,5,6,67
S01008246,253,6,15,57,106,59,15,5,6,68
S01008247,179,7,7,38,49,63,4,3,5,53
S01008248,173,14,7,27,40,49,22,2,10,52
S01008249,205,12,17,37,36,57,29,9,11,65
S01008250,636,82,47,70,183,315,48,13,14,193
S01008251,232,33,30,31,75,111,10,7,8,81
S01008252,107,50,7,18,43,65,6,3,4,23
S01008253,100,84,4,23,37,59,5,4,3,44
S01008254,120,94,8,33,44,66,10,6,3,80
S01008255,98,53,9,17,30,54,4,3,2,32
S01008256,116,70,12,29,60,48,5,5,3,71
S01008257,72,51,1,13,17,38,5,3,2,43
S01008258,83,73,6,28,47,55,7,3,2,45
S01008259,147,45,5,27,29,59,8,1,1,44
S01008260,84,50,28,16,48,52,10,3,3,64
S01008261,92,74,36,19,44,49,10,7,4,64
S01008262,121,3,18,40,22,33,15,7,9,49
S01008263,112,23,6,21,20,58,4,2,7,30
S01008264,144,25,17,45,30,44,8,2,3,39
S01008265,151,25,11,27,17,71,9,7,12,41
S01008266,131,16,8,18,14,32,3,1,6,19
S01008267,160,23,45,19,30,62,21,1,13,51
S01008268,138,18,17,8,11,9,46,4,5,21
S01008269,117,34,5,6,11,18,37,2,4,18
S01008270,104,24,1,12,10,7,48,5,10,25
S01008271,111,32,5,18,16,11,29,2,6,49
S01008272,526,103,94,56,92,89,170,16,23,168
S01008273,141,56,3,8,24,16,33,8,10,42
S01008274,114,64,13,28,20,6,28,3,1,55
S01008275,85,32,8,12,13,3,21,1,10,28
S01008276,90,10,13,11,20,9,24,0,5,26
S01008277,175,11,13,26,21,8,45,11,6,32
S01008278,193,13,12,55,33,18,64,11,6,45
S01008279,92,17,9,66,28,18,35,1,6,46
S01008280,186,24,5,73,38,26,64,15,12,53
S01008281,179,11,23,20,31,15,24,18,7,41
S01008282,136,9,9,30,22,32,13,42,3,45
S01008283,243,31,27,30,45,28,19,98,12,64
S01008284,469,143,87,92,127,60,112,147,21,196
S01008285,83,65,9,16,30,9,15,25,4,45
S01008286,106,53,27,16,43,15,25,22,2,45
S01008287,116,52,30,16,35,14,16,25,1,41
S01008288,140,56,13,19,41,14,18,41,2,45
S01008289,96,39,18,12,20,12,11,26,10,39
S01008290,139,75,13,9,25,9,11,69,14,51
S01008291,93,48,17,15,22,13,17,36,4,26
S01008292,94,72,12,13,34,13,13,40,2,35
S01008293,108,30,6,9,26,5,13,41,9,14
S01008294,148,60,14,26,33,19,27,60,6,38
S01008295,132,8,19,57,105,14,7,1,3,63
S01008296,78,6,23,47,64,13,1,0,2,59
S01008297,152,16,35,68,98,23,5,0,3,57
S01008298,205,16,19,101,128,16,4,1,6,78
S01008299,72,13,34,33,47,12,9,0,3,64
S01008300,111,8,21,50,62,13,2,0,2,47
S01008301,119,10,17,49,72,6,6,2,3,63
S01008302,160,7,4,28,129,23,7,0,6,55
S01008303,97,19,20,40,46,10,2,1,2,36
S01008304,59,7,12,37,29,9,2,0,4,31
S01008305,101,9,37,33,39,11,2,3,1,39
S01008306,76,12,18,47,53,10,0,2,3,33
S01008307,140,22,51,76,61,16,3,2,12,75
S01008308,64,9,27,38,33,10,0,2,6,28
S01008309,69,21,13,43,29,19,0,4,1,38
S01008310,127,29,28,80,52,9,0,5,2,61
S01008311,64,17,18,47,22,11,1,0,0,35
S01008312,72,11,15,24,32,4,3,3,1,24
S01008313,93,30,28,60,42,13,4,4,0,54
S01008314,62,23,17,50,29,4,0,1,2,40
S01008315,76,23,15,56,52,11,3,0,0,40
S01008316,64,32,17,62,39,7,0,0,3,36
S01008317,149,23,43,98,45,13,5,4,0,85
S01008318,284,40,23,181,135,26,8,13,9,120
S01008319,98,32,11,84,56,10,0,2,3,59
S01008320,72,12,12,45,48,14,1,0,5,44
S01008321,75,15,14,47,47,9,3,3,0,32
S01008322,131,25,23,112,84,20,2,3,4,73
S01008323,83,32,24,50,31,7,6,1,1,54
S01008324,129,25,34,68,44,15,3,1,6,63
S01008325,110,36,21,77,58,12,0,1,0,43
S01008326,128,29,38,87,51,7,1,3,5,88
S01008327,126,42,24,61,52,13,4,1,3,62
S01008328,614,31,103,275,281,70,20,33,24,191
S01008329,132,17,21,48,74,15,7,9,6,49
S01008330,124,25,29,51,72,14,2,3,8,44
S01008331,93,19,21,36,39,12,0,0,2,28
S01008332,126,17,37,60,71,14,2,8,9,45
S01008333,134,7,19,45,66,16,4,7,1,46
S01008334,119,15,41,54,48,9,1,5,1,41
S01008335,97,15,15,37,60,10,3,3,1,33
S01008336,122,7,16,33,59,8,0,1,4,39
S01008337,139,17,33,54,78,27,10,0,7,51
S01008338,141,12,17,50,77,15,3,8,7,47
S01008339,96,3,17,44,49,17,2,4,5,29
S01008340,144,20,25,49,74,11,6,5,4,42
S01008341,105,11,12,41,63,16,4,6,1,33
S01008342,138,13,19,33,71,9,3,3,3,50
S01008343,148,9,16,46,77,15,3,6,11,37
S01008344,153,4,19,100,37,8,4,5,10,45
S01008345,161,6,15,65,79,19,3,7,8,52
S01008346,168,18,16,56,94,9,4,5,5,58
S01008347,158,17,30,45,92,18,4,4,5,56
S01008348,101,10,11,27,68,10,5,4,6,37
S01008349,132,6,11,38,103,23,4,5,7,48
S01008350,92,5,10,17,60,11,2,0,4,19
S01008351,151,9,31,43,93,18,4,3,11,34
S01008352,116,6,10,31,72,17,3,1,5,29
S01008353,79,10,18,16,69,8,5,2,6,23
S01008354,535,12,41,145,365,66,21,13,18,164
S01008355,84,8,10,37,92,10,4,9,3,45
S01008356,112,6,10,36,80,11,0,5,4,43
S01008357,107,14,12,36,54,9,1,1,4,41
S01008358,91,8,13,39,61,12,2,3,3,54
S01008359,129,8,20,30,85,11,4,8,5,43
S01008360,146,4,25,56,83,5,4,2,2,46
S01008361,157,6,32,54,98,16,4,6,6,67
S01008362,209,11,51,75,155,22,5,14,13,84
S01008363,122,14,24,48,81,9,4,2,4,37
S01008364,108,10,15,43,61,6,2,3,1,42
S01008365,103,6,19,40,55,9,2,2,5,39
S01008366,117,19,30,71,69,8,4,5,4,42
S01008367,107,18,25,74,36,7,1,1,3,55
S01008368,111,12,29,63,45,7,5,4,1,33
S01008369,108,9,35,63,30,3,2,4,7,35
S01008370,111,9,22,66,54,3,0,4,4,37
S01008371,161,8,28,80,31,13,5,4,7,28
S01008372,115,11,17,70,40,4,1,5,3,36
S01008373,122,13,39,105,32,4,3,2,8,28
S01008374,122,15,31,76,51,7,4,3,1,29
S01008375,142,11,21,69,50,14,10,4,4,41
S01008376,101,11,24,55,35,1,0,2,5,26
S01008377,132,19,24,89,31,6,6,5,9,45
S01008378,164,8,32,91,40,10,4,5,5,37
S01008379,77,7,23,65,25,8,5,2,7,19
S01008380,136,12,18,86,34,8,0,2,5,34
S01008381,118,12,24,81,37,10,2,3,4,40
S01008382,144,15,43,101,29,15,5,1,6,41
S01008383,84,8,13,64,14,5,6,2,1,33
S01008384,146,14,37,109,41,12,0,0,3,66
S01008385,112,12,20,69,29,3,3,3,3,27
S01008386,126,13,38,95,33,4,2,0,8,40
S01008387,111,7,24,81,27,4,1,3,2,41
S01008388,114,15,27,81,32,3,5,2,2,38
S01008389,79,5,20,44,14,2,2,4,4,24
S01008390,100,7,27,68,21,6,1,5,1,30
S01008391,127,0,32,96,28,5,0,2,4,23
S01008392,181,4,28,124,33,6,2,7,8,38
S01008393,112,8,22,95,18,5,0,8,10,26
S01008394,159,9,22,114,34,7,1,5,9,34
S01008395,102,18,21,51,17,7,4,1,1,26
S01008396,95,9,33,69,11,2,3,0,1,21
S01008397,142,13,30,87,27,13,5,5,6,41
S01008398,112,10,24,76,22,7,3,3,4,32
S01008399,72,5,14,50,20,4,1,2,5,32
S01008400,112,8,42,77,25,6,3,0,5,37
S01008401,150,14,42,108,14,11,3,1,5,43
S01008402,156,6,29,116,40,13,9,4,8,50
S01008403,110,4,26,68,15,1,3,2,4,33
S01008404,176,14,25,79,32,16,1,3,7,23
S01008405,128,10,18,102,27,5,1,7,8,34
S01008406,132,5,29,80,22,4,9,6,6,34
S01008407,75,9,19,41,14,0,2,0,2,23
S01008408,103,18,21,67,24,6,2,7,0,33
S01008409,138,26,42,93,24,7,0,2,5,48
S01008410,79,8,31,67,4,8,2,3,8,32
S01008411,106,15,30,66,17,11,4,1,4,35
S01008412,124,12,32,91,19,18,3,1,6,47
S01008413,65,16,25,42,16,4,6,1,1,28
S01008414,92,4,23,58,13,7,1,7,3,25
S01008415,116,23,24,94,25,13,6,3,3,68
S01008416,158,17,41,98,23,5,3,2,3,50
S01008417,122,17,13,37,78,2,2,5,6,32
S01008418,111,12,9,31,67,0,2,4,3,30
S01008419,88,8,6,25,57,3,2,3,4,24
S01008420,86,2,5,27,52,5,0,2,0,24
S01008421,141,25,20,60,99,2,3,2,3,52
S01008422,126,4,4,13,50,9,1,2,0,15
S01008423,338,16,36,81,170,8,6,5,5,69
S01008424,128,9,22,48,68,0,2,4,7,25
S01008425,431,37,71,156,148,9,7,10,12,109
S01008426,99,14,28,59,35,3,1,3,3,54
S01008427,199,26,36,69,75,6,2,8,4,58
S01008428,131,11,41,57,65,4,6,7,2,47
S01008429,195,18,35,90,45,7,3,0,6,52
S01008430,199,18,35,92,51,3,9,9,4,36
S01008431,156,15,42,68,33,12,1,1,1,36
S01008432,122,19,24,71,24,3,2,2,5,33
S01008433,115,11,44,80,24,3,4,2,4,40
S01008434,183,15,59,92,32,6,3,5,5,58
S01008435,135,10,27,71,20,3,5,2,4,28
S01008436,159,11,42,98,26,1,4,4,5,32
S01008437,124,5,37,81,39,9,0,2,3,41
S01008438,140,6,25,69,13,3,2,1,4,28
S01008439,235,10,32,150,28,7,5,1,3,38
S01008440,183,15,33,132,16,5,7,5,5,35
S01008441,93,3,22,69,9,0,3,5,3,19
S01008442,152,9,33,96,7,3,4,6,7,27
S01008443,128,8,26,62,12,4,2,5,5,30
S01008444,446,40,22,72,11,10,0,1,10,26
S01008445,144,63,21,69,19,1,1,1,11,28
S01008446,174,13,45,104,15,5,2,4,9,30
S01008447,127,7,31,64,9,6,0,2,9,25
S01008448,136,14,46,81,10,2,1,1,1,26
S01008449,104,19,62,74,17,4,2,3,1,74
S01008450,77,9,40,79,6,2,0,2,4,50
S01008451,77,14,47,52,18,0,4,0,2,57
S01008452,70,13,45,59,9,2,4,0,0,40
S01008453,121,25,66,101,20,5,1,0,1,57
S01008454,112,40,50,70,28,3,2,1,4,65
S01008455,123,45,31,62,32,4,0,0,2,82
S01008456,122,33,42,72,13,3,1,0,1,70
S01008457,87,28,23,53,16,2,1,0,2,39
S01008458,146,53,51,106,25,3,4,0,2,77
S01008459,81,25,42,79,18,5,0,1,2,58
S01008460,87,29,59,64,11,0,0,2,2,58
S01008461,132,41,68,90,19,4,0,0,3,77
S01008462,62,15,20,45,9,1,0,0,1,27
S01008463,55,9,39,33,9,1,2,1,3,53
S01008464,143,28,94,102,10,2,1,1,4,59
S01008465,128,41,64,75,12,4,0,3,3,70
S01008466,97,40,49,74,21,3,6,0,0,62
S01008467,109,43,38,68,13,4,1,0,2,52
S01008468,196,49,57,139,20,4,6,2,4,71
S01008469,126,20,54,57,10,7,2,0,0,30
S01008470,128,35,57,72,20,7,1,1,4,71
S01008471,106,30,61,68,14,2,0,1,3,78
S01008472,97,17,58,59,12,3,0,3,4,46
S01008473,72,16,66,47,11,4,2,2,3,39
S01008474,114,26,87,71,6,2,2,0,2,48
S01008475,82,25,78,44,8,8,2,2,4,34
S01008476,110,30,86,65,15,2,0,0,3,47
S01008477,153,8,98,61,7,0,2,1,3,69
S01008478,208,20,163,83,21,4,2,2,6,73
S01008479,125,18,98,33,15,8,0,2,0,57
S01008480,109,11,74,44,9,4,2,1,2,38
S01008481,225,36,125,121,13,8,2,0,4,114
S01008482,85,18,55,35,13,1,0,0,1,40
S01008483,93,18,57,52,16,5,1,2,1,43
S01008484,103,33,66,63,15,6,2,2,3,57
S01008485,211,38,121,80,23,5,2,5,6,64
S01008486,145,19,79,67,14,4,2,2,5,37
S01008487,249,16,169,77,13,10,0,2,4,61
S01008488,179,26,125,68,8,7,1,1,4,39
S01008489,129,17,100,39,5,3,3,2,4,48
S01008490,171,17,153,56,7,15,1,0,4,48
S01008491,181,12,144,56,14,4,0,2,1,51
S01008492,287,39,225,91,24,10,3,5,11,77
S01008493,197,36,140,46,7,4,1,3,4,67
S01008494,198,28,154,62,15,6,4,3,0,77
S01008495,211,43,191,75,11,10,1,0,6,60
S01008496,244,37,173,73,15,5,5,4,8,57
S01008497,224,32,157,48,14,6,0,4,5,41
S01008498,213,42,143,56,16,5,2,2,5,45
S01008499,211,54,140,44,16,10,2,2,9,39
S01008500,67,23,38,13,2,3,1,4,1,21
S01008501,140,38,85,36,10,11,4,3,2,28
S01008502,180,25,130,47,8,3,5,4,11,41
S01008503,204,33,159,48,11,9,3,3,11,32
S01008504,258,32,191,57,17,12,2,5,10,46
S01008505,157,25,95,55,10,4,3,4,12,24
S01008506,199,29,131,34,9,9,3,6,10,33
S01008507,204,34,130,75,12,7,3,3,10,55
S01008508,142,25,82,34,11,4,1,1,5,27
S01008509,197,15,132,74,16,5,1,4,5,34
S01008510,148,11,85,52,12,5,4,2,4,38
S01008511,184,10,66,62,9,4,1,5,4,33
S01008512,108,5,49,41,9,4,2,0,2,12
S01008513,125,2,34,60,10,1,0,2,12,33
S01008514,159,20,94,44,17,7,0,2,8,30
S01008515,193,22,88,48,8,7,4,2,8,28
S01008516,195,32,156,69,25,6,4,10,10,54
S01008517,145,21,119,48,10,7,0,5,4,33
S01008518,183,11,114,49,5,6,2,1,8,37
S01008519,137,13,89,56,10,5,2,1,5,28
S01008520,212,13,95,74,9,9,1,2,8,37
S01008521,188,15,86,62,11,4,3,4,3,21
S01008522,153,5,42,32,6,3,1,4,2,15
S01008523,189,8,84,81,8,4,6,4,12,22
S01008524,136,29,75,118,18,3,0,3,3,83
S01008525,107,16,61,69,11,3,1,0,4,55
S01008526,134,36,70,104,17,5,0,4,1,50
S01008527,130,11,62,87,9,4,0,5,2,52
S01008528,106,21,49,102,20,5,0,0,6,60
S01008529,121,27,53,130,15,2,3,0,4,64
S01008530,99,18,57,79,5,4,1,2,3,72
S01008531,100,26,64,93,8,4,0,3,2,62
S01008532,59,21,33,57,6,3,0,0,0,29
S01008533,63,41,28,63,6,2,1,1,3,23
S01008534,102,26,38,79,9,3,5,0,4,38
S01008535,97,11,35,80,12,4,2,3,0,22
S01008536,108,11,33,78,6,1,1,2,2,41
S01008537,117,1,24,75,12,1,0,3,5,23
S01008538,93,4,24,55,5,6,4,1,3,12
S01008539,148,7,53,81,12,11,2,0,2,28
S01008540,162,9,59,82,12,5,1,1,4,38
S01008541,167,11,73,62,12,6,3,2,0,26
S01008542,332,10,115,205,24,13,2,8,18,69
S01008543,140,8,58,81,12,1,0,1,3,35
S01008544,118,3,41,74,5,10,2,0,5,23
S01008545,165,9,34,86,5,5,0,2,4,25
S01008546,128,5,36,84,13,3,3,2,7,26
S01008547,226,14,59,163,33,7,3,4,7,84
S01008548,299,13,84,195,36,15,6,6,10,107
S01008549,1064,53,271,693,168,39,11,29,39,324
S01008550,119,14,47,79,8,8,1,2,2,36
S01008551,153,9,64,125,10,10,2,2,2,40
S01008552,131,5,42,103,6,7,5,0,3,35
S01008553,101,10,47,90,4,13,1,0,6,41
S01008554,134,24,63,94,12,4,1,3,2,87
S01008555,126,19,44,111,15,6,2,4,3,84
S01008556,109,28,58,112,12,1,1,4,0,81
S01008557,237,21,115,159,29,8,0,0,6,100
S01008558,102,28,56,108,2,5,1,2,1,66
S01008559,97,19,47,72,8,1,0,1,3,66
S01008560,104,25,52,85,23,4,1,2,5,63
S01008561,102,24,45,73,15,6,2,1,1,51
S01008562,123,17,51,100,26,3,4,3,3,55
S01008563,147,15,47,100,19,6,0,0,1,47
S01008564,88,13,29,67,21,0,0,0,0,56
S01008565,128,40,53,103,19,3,4,1,4,55
S01008566,153,53,55,107,19,6,2,6,0,90
S01008567,104,34,35,78,18,3,6,0,4,52
S01008568,161,38,70,88,20,8,2,1,4,57
S01008569,62,23,30,46,14,5,3,0,5,55
S01008570,98,48,42,89,18,4,4,0,3,65
S01008571,87,36,35,77,13,5,0,5,3,58
S01008572,121,35,40,70,12,4,2,0,4,50
S01008573,144,18,30,92,22,7,4,2,9,36
S01008574,124,10,46,102,13,4,0,0,3,35
S01008575,137,11,55,92,9,3,2,4,7,42
S01008576,123,37,41,69,8,3,0,4,6,37
S01008577,162,13,67,76,8,4,1,8,7,39
S01008578,136,10,57,65,6,9,4,4,7,23
S01008579,245,21,104,146,19,10,3,7,6,75
S01008580,92,18,57,44,7,8,1,0,1,24
S01008581,132,40,93,72,10,2,1,0,1,68
S01008582,128,46,96,96,19,3,1,0,2,79
S01008583,112,34,74,57,7,1,3,2,3,49
S01008584,137,30,60,65,16,6,1,5,1,58
S01008585,106,36,45,39,3,1,1,1,0,35
S01008586,150,45,92,48,13,5,3,2,5,57
S01008587,150,19,99,34,8,4,3,2,2,22
S01008588,150,17,96,39,6,5,1,0,5,26
S01008589,90,20,40,21,1,2,2,2,2,10
S01008590,131,29,117,28,3,6,3,3,3,32
S01008591,149,26,83,34,4,3,0,3,4,28
S01008592,138,34,106,40,8,2,1,4,8,47
S01008593,168,18,111,36,5,10,2,3,4,29
S01008594,212,31,138,44,11,2,1,2,12,42
S01008595,127,22,110,41,9,1,1,0,5,51
S01008596,155,28,130,32,4,6,5,0,6,47
S01008597,192,13,112,30,8,4,6,6,2,51
S01008598,134,17,99,27,5,12,0,2,2,38
S01008599,188,22,101,28,7,6,2,0,12,23
S01008600,175,21,101,25,3,6,1,3,11,41
S01008601,115,43,88,25,5,0,2,1,3,32
S01008602,100,36,60,23,4,5,0,0,4,15
S01008603,183,65,115,16,9,2,2,5,7,50
S01008604,139,56,129,29,8,5,0,5,7,37
S01008605,144,43,66,24,5,8,1,3,4,18
S01008606,144,24,101,21,5,10,1,4,8,25
S01008607,107,8,63,14,4,2,0,6,4,19
S01008608,120,30,70,16,6,11,0,0,6,31
S01008609,166,24,119,27,7,4,0,1,9,34
S01008610,124,25,64,20,1,5,0,1,7,20
S01008611,165,62,117,23,4,6,0,6,12,44
S01008612,127,43,59,16,4,6,2,1,3,30
S01008613,99,46,65,16,9,2,0,4,6,20
S01008614,83,33,54,14,3,2,0,0,6,22
S01008615,113,42,64,14,7,9,0,4,7,16
S01008616,120,32,52,14,5,5,0,4,1,20
S01008617,99,34,74,18,1,7,3,1,1,23
S01008618,87,35,47,14,4,2,2,0,3,19
S01008619,91,36,36,14,7,0,0,2,2,18
S01008620,125,45,60,15,10,3,0,3,7,21
S01008621,97,48,50,16,4,2,0,8,3,21
S01008622,92,27,43,22,1,4,1,1,6,22
S01008623,147,41,70,24,5,4,0,4,2,24
S01008624,133,19,62,15,3,1,1,4,4,15
S01008625,111,15,65,19,7,2,1,4,6,17
S01008626,197,20,112,56,8,14,2,6,13,22
S01008627,134,14,86,26,7,4,1,2,9,23
S01008628,123,11,92,31,2,9,0,2,4,33
S01008629,146,23,77,29,3,2,0,6,6,15
S01008630,136,22,80,24,5,5,1,4,2,27
S01008631,207,23,145,57,4,8,4,2,9,39
S01008632,152,33,96,41,9,1,3,2,5,22
S01008633,173,19,67,32,13,4,4,2,11,28
S01008634,151,35,75,22,12,1,0,6,8,23
S01008635,208,37,78,44,4,5,1,5,10,32
S01008636,138,23,89,21,4,7,0,1,7,30
S01008637,153,44,76,22,8,10,2,4,6,28
S01008638,113,61,44,17,5,9,0,4,3,26
S01008639,213,92,102,41,9,4,5,4,8,46
S01008640,205,64,60,48,12,2,0,6,6,36
S01008641,181,46,91,34,7,6,3,1,10,27
S01008642,202,57,84,43,10,7,3,0,15,34
S01008643,143,61,82,35,7,8,5,2,10,23
S01008644,172,65,82,49,8,8,4,1,5,41
S01008645,163,46,115,27,10,5,1,1,6,25
S01008646,231,46,133,49,18,9,1,7,7,40
S01008647,131,42,91,42,10,6,0,4,8,45
S01008648,150,42,73,25,8,4,1,1,3,29
S01008649,222,82,125,52,10,10,5,0,6,41
S01008650,195,54,97,48,11,6,0,3,7,46
S01008651,271,104,129,68,17,3,1,4,10,43
S01008652,120,51,65,26,3,3,0,1,3,28
S01008653,124,53,73,38,7,6,4,1,4,39
S01008654,228,92,129,64,11,4,2,2,3,45
S01008655,197,76,63,40,13,8,1,4,8,48
S01008656,138,56,77,36,11,7,3,1,5,58
S01008657,148,74,60,34,10,6,2,1,7,39
S01008658,306,149,126,62,16,11,3,2,11,91
S01008659,152,104,65,27,10,3,3,0,3,47
S01008660,202,111,50,39,21,4,3,3,14,62
S01008661,131,107,51,32,7,2,2,2,1,36
S01008662,101,67,32,18,4,3,1,0,3,35
S01008663,143,84,50,25,11,11,0,4,10,38
S01008664,150,82,41,26,7,7,0,4,2,31
S01008665,237,149,80,45,7,5,0,0,16,70
S01008666,128,63,36,42,5,0,0,6,6,43
S01008667,174,97,49,23,10,6,3,9,7,36
S01008668,101,33,75,21,1,1,0,0,6,22
S01008669,40,14,27,7,4,2,1,4,0,12
S01008670,74,27,34,11,4,1,2,3,5,20
S01008671,95,50,67,18,4,3,0,2,2,26
S01008672,93,42,56,21,10,1,2,1,1,32
S01008673,241,148,106,33,10,8,1,6,9,84
S01008674,78,77,37,13,0,0,0,1,2,27
S01008675,131,103,38,16,0,1,2,3,4,45
S01008676,174,67,53,26,8,6,2,10,14,54
S01008677,162,80,56,28,8,0,3,2,11,47
S01008678,122,61,45,14,2,1,0,5,5,29
S01008679,123,82,40,22,10,4,0,0,6,42
S01008680,63,46,34,12,4,4,0,2,2,23
S01008681,129,66,76,12,6,5,2,2,2,33
S01008682,124,33,52,29,1,3,0,1,6,31
S01008683,165,93,70,25,11,10,1,1,9,73
S01008684,185,89,107,31,12,15,1,0,4,56
S01008685,146,68,62,38,8,3,1,2,1,40
S01008686,208,56,162,40,16,0,3,4,8,71
S01008687,155,42,118,18,13,0,0,2,4,36
S01008688,219,38,114,29,15,6,0,2,6,51
S01008689,196,55,113,39,18,5,1,6,3,61
S01008690,449,67,235,64,31,15,4,1,9,79
S01008691,271,48,253,55,19,8,2,6,9,89
S01008692,406,60,275,78,31,12,3,7,14,115
S01008693,63,11,50,18,11,0,0,2,1,28
S01008694,248,25,158,42,32,20,4,2,7,78
S01008695,184,11,135,45,18,9,1,4,8,33
S01008696,149,5,97,31,10,10,3,2,5,49
S01008697,201,14,117,48,13,10,0,6,10,42
S01008698,88,7,44,17,10,3,2,0,2,17
S01008699,156,27,127,56,20,5,2,1,2,69
S01008700,91,6,61,26,17,1,2,4,6,31
S01008701,251,65,148,108,30,12,4,1,8,133
S01008702,133,26,89,42,14,5,1,2,7,50
S01008703,122,28,94,55,14,2,2,2,7,91
S01008704,745,201,251,516,93,42,12,8,19,332
S01008705,119,34,82,59,13,5,2,1,1,79
S01008706,130,23,54,85,18,6,2,4,1,63
S01008707,91,26,67,65,11,6,1,0,1,87
S01008708,147,43,56,99,16,3,3,6,7,105
S01008709,96,29,46,44,13,2,3,1,8,57
S01008710,75,17,33,36,7,2,3,0,3,55
S01008711,104,29,36,71,19,4,3,0,10,56
S01008712,124,41,65,64,10,7,1,2,2,74
S01008713,53,24,36,42,8,10,1,0,0,39
S01008714,65,16,32,44,15,0,0,1,2,48
S01008715,90,20,36,60,16,1,0,4,1,41
S01008716,66,19,33,61,14,4,1,2,2,50
S01008717,87,15,31,81,5,5,5,2,4,37
S01008718,134,17,53,103,19,5,1,5,6,68
S01008719,181,38,73,135,38,5,1,3,2,91
S01008720,418,32,107,256,64,20,10,8,12,129
S01008721,198,13,39,97,36,8,3,0,5,58
S01008722,186,7,46,101,32,3,3,0,8,40
S01008723,127,14,32,96,10,1,0,5,4,34
S01008724,187,16,28,119,14,0,2,3,3,48
S01008725,156,8,25,89,22,3,2,0,3,38
S01008726,132,9,25,60,11,2,2,3,4,19
S01008727,188,17,57,113,36,6,3,7,7,47
S01008728,118,13,35,63,15,8,1,2,4,47
S01008729,155,20,44,70,8,4,0,3,7,27
S01008730,176,24,61,109,17,8,5,2,3,57
S01008731,81,11,37,52,10,3,1,2,3,18
S01008732,113,27,56,60,10,5,5,3,1,36
S01008733,358,63,178,167,36,17,8,4,7,97
S01008734,108,9,54,55,10,2,0,2,4,26
S01008735,207,17,73,85,16,3,1,0,2,46
S01008736,146,14,49,76,9,12,0,2,5,36
S01008737,125,10,62,44,9,4,2,2,8,31
S01008738,131,20,60,47,24,7,0,1,2,34
S01008739,98,20,68,38,17,3,1,0,1,47
S01008740,83,7,57,17,14,1,3,0,2,27
S01008741,162,34,79,74,38,7,0,1,4,65
S01008742,77,11,61,30,19,5,0,2,2,29
S01008743,137,20,151,36,14,9,0,5,4,74
S01008744,197,30,125,58,33,9,3,1,4,61
S01008745,94,8,63,14,17,3,2,3,3,24
S01008746,185,18,149,70,37,8,0,3,6,84
S01008747,104,4,39,27,12,3,0,0,7,22
S01008748,108,12,51,26,7,4,1,1,2,37
S01008749,184,23,93,59,18,5,3,1,5,60
S01008750,103,17,80,31,15,6,2,0,2,41
S01008751,87,17,67,34,10,0,2,0,0,46
S01008752,102,13,80,26,10,1,0,1,1,48
S01008753,93,19,74,27,7,1,2,0,2,46
S01008754,97,13,112,31,12,1,0,0,2,45
S01008755,208,30,177,52,24,6,1,1,0,90
S01008756,89,11,113,29,14,4,0,1,5,55
S01008757,54,17,76,18,7,2,0,0,0,46
S01008758,109,19,88,34,13,0,1,1,2,53
S01008759,81,20,52,41,9,0,2,0,3,44
S01008760,105,39,110,38,22,3,4,2,6,75
S01008761,115,25,86,30,16,2,0,3,8,59
S01008762,131,27,61,39,15,2,2,5,1,50
S01008763,230,41,117,54,18,14,0,6,9,55
S01008764,153,28,83,50,19,0,2,2,5,34
S01008765,218,59,103,66,18,4,0,4,3,56
S01008766,208,27,111,43,25,7,4,4,4,62
S01008767,116,8,55,30,16,4,0,2,4,38
S01008768,589,93,343,145,60,15,5,6,20,158
S01008769,284,48,185,67,33,11,4,4,8,82
S01008770,279,23,113,61,14,6,5,5,19,57
S01008771,288,39,143,75,24,8,0,3,9,75
S01008772,160,28,111,56,19,7,2,4,4,46
S01008773,195,51,157,62,21,10,1,7,7,73
S01008774,240,55,164,48,16,7,1,2,11,78
S01008775,140,33,70,37,14,5,0,4,4,34
S01008776,151,35,91,30,21,11,1,1,6,48
S01008777,157,40,122,63,18,4,2,0,4,84
S01008778,305,63,188,65,26,8,7,4,12,85
S01008779,290,32,118,45,24,3,2,8,9,44
S01008780,122,23,75,26,11,2,1,1,3,46
S01008781,232,54,164,72,42,6,0,4,8,87
S01008782,215,36,115,53,16,5,2,2,4,46
S01008783,119,20,87,25,10,5,2,3,6,32
S01008784,107,34,58,34,11,3,0,2,4,33
S01008785,127,32,99,26,15,0,2,3,1,48
S01008786,250,76,173,59,20,5,0,0,7,74
S01008787,27,9,18,12,6,2,0,1,2,23
S01008788,192,43,118,46,27,2,1,6,5,62
S01008789,155,42,120,40,17,3,1,0,3,53
S01008790,144,37,104,34,16,4,0,1,6,38
S01008791,248,40,148,58,21,8,1,9,6,70
S01008792,249,52,142,51,23,3,2,5,4,80
S01008793,81,15,55,31,8,3,1,0,5,25
S01008794,186,46,122,45,25,7,4,0,5,63
S01008795,243,73,194,49,20,5,2,3,6,78
S01008796,215,72,162,66,21,9,1,5,3,78
S01008797,184,52,136,30,21,2,0,2,7,60
S01008798,232,52,141,51,25,7,3,2,4,53
S01008799,180,28,101,48,22,11,2,7,4,55
S01008800,282,71,188,51,38,8,3,7,8,96
S01008801,221,71,153,43,28,4,2,3,6,48
S01008802,250,78,170,51,20,6,0,0,7,79
S01008803,163,72,126,61,20,7,3,0,3,63
S01008804,111,41,55,21,10,1,0,0,4,39
S01008805,153,62,79,28,11,6,1,2,6,40
S01008806,341,98,179,76,33,12,3,5,12,90
S01008807,197,58,106,37,15,5,0,1,6,61
S01008808,163,45,109,35,17,5,2,8,5,44
S01008809,160,60,68,16,9,2,0,2,8,40
S01008810,218,60,116,39,12,2,2,9,11,52
S01008811,167,70,66,24,8,8,2,1,4,41
S01008812,103,26,48,13,4,2,0,5,4,14
S01008813,210,80,136,44,14,9,0,4,4,67
S01008814,205,62,93,39,7,6,1,4,6,47
S01008815,219,63,144,61,19,2,6,4,0,75
S01008816,144,37,86,25,18,4,0,0,7,38
S01008817,342,67,165,54,31,11,7,1,7,75
S01008818,257,66,180,56,28,6,0,6,8,66
S01008819,181,35,108,33,13,5,2,3,5,44
S01008820,231,54,144,55,16,11,3,0,10,90
S01008821,168,25,100,33,13,6,1,4,9,15
S01008822,138,24,78,40,14,2,1,2,5,33
S01008823,125,21,90,23,9,1,1,2,6,25
S01008824,230,19,124,53,17,16,2,8,7,38
S01008825,173,14,93,29,21,7,1,1,6,40
S01008826,128,6,103,27,13,4,0,4,8,38
S01008827,125,8,109,8,13,9,0,3,3,24
S01008828,176,21,149,51,15,9,1,8,6,46
S01008829,113,16,88,29,15,8,2,1,10,32
S01008830,170,16,117,33,28,2,2,6,8,38
S01008831,134,25,84,32,15,3,1,1,3,34
S01008832,106,21,74,20,8,3,2,1,13,34
S01008833,190,25,128,32,16,2,2,4,8,52
S01008834,235,56,126,33,20,3,7,2,11,50
S01008835,155,27,118,29,14,6,0,3,6,39
S01008836,159,66,104,45,20,3,4,2,5,50
S01008837,325,113,194,68,22,3,2,6,14,83
S01008838,323,130,139,50,19,8,1,2,13,65
S01008839,264,101,124,46,20,6,3,9,13,60
S01008840,254,79,141,49,27,8,0,9,10,66
S01008841,241,52,91,34,11,11,2,6,5,42
S01008842,278,56,116,43,15,15,1,3,8,54
S01008843,296,105,178,48,28,11,0,3,6,76
S01008844,192,56,91,37,11,6,2,2,9,37
S01008845,242,91,93,42,19,10,4,6,10,46
S01008846,157,49,50,24,11,2,4,2,10,47
S01008847,140,52,38,20,9,0,2,2,7,32
S01008848,166,53,45,27,14,1,1,3,8,50
S01008849,166,68,25,15,9,2,0,2,15,30
S01008850,164,53,27,15,5,5,0,4,17,43
S01008851,195,93,71,26,19,3,3,4,9,44
S01008852,207,76,53,19,9,3,0,9,19,41
S01008853,152,63,46,23,9,3,0,2,13,30
S01008854,239,94,56,32,8,11,6,2,9,53
S01008855,311,131,107,44,12,7,4,6,13,82
S01008856,173,51,77,22,4,7,1,4,4,34
S01008857,198,83,92,31,16,5,0,7,12,42
S01008858,161,40,49,8,10,4,3,4,8,30
S01008859,274,134,101,30,15,5,2,10,18,61
S01008860,212,101,90,41,21,7,1,8,10,37
S01008861,159,75,56,19,5,4,0,2,17,37
S01008862,230,93,79,34,11,7,3,7,7,70
S01008863,209,78,70,30,18,7,0,7,13,40
S01008864,191,68,76,28,13,4,0,1,11,30
S01008865,194,75,109,45,13,8,0,4,12,37
S01008866,217,81,84,31,19,8,3,4,11,39
S01008867,211,59,65,18,13,2,3,4,10,41
S01008868,227,113,59,37,11,8,0,6,25,70
S01008869,293,81,85,22,11,7,4,11,21,58
S01008870,178,50,76,22,10,6,4,5,8,38
S01008871,193,74,76,33,10,20,3,5,19,45
S01008872,222,63,65,42,10,9,2,4,11,57
S01008873,199,33,88,39,12,7,0,4,15,50
S01008874,214,47,111,58,15,12,3,5,6,62
S01008875,213,29,128,54,16,18,4,1,8,39
S01008876,111,7,74,21,11,3,2,1,4,13
S01008877,127,8,55,18,10,3,1,0,3,27
S01008878,178,20,102,33,22,8,0,2,6,47
S01008879,152,22,101,47,13,8,1,2,5,47
S01008880,118,23,74,36,12,3,3,4,2,30
S01008881,129,7,79,24,13,2,1,0,7,38
S01008882,221,17,131,32,17,8,5,6,14,32
S01008883,184,24,115,20,12,4,2,3,18,38
S01008884,129,14,78,20,11,0,4,3,10,17
S01008885,189,24,106,23,16,4,2,4,7,21
S01008886,198,79,97,27,10,5,2,5,6,43
S01008887,137,45,76,24,11,3,0,3,3,28
S01008888,132,44,78,32,24,7,3,3,2,33
S01008889,187,35,117,30,14,9,6,1,15,51
S01008890,125,38,85,23,11,4,0,0,1,20
S01008891,168,27,117,36,12,3,1,2,5,29
S01008892,187,13,119,42,16,3,3,3,10,54
S01008893,181,21,108,43,15,5,3,7,1,22
S01008894,187,16,85,38,10,0,4,3,9,34
S01008895,151,9,83,44,9,4,2,5,6,23
S01008896,138,10,62,41,9,4,4,4,4,23
S01008897,151,9,60,52,12,3,4,2,4,27
S01008898,151,17,74,35,15,3,2,5,13,31
S01008899,97,30,54,52,11,3,1,0,5,72
S01008900,144,44,83,53,20,4,1,0,2,83
S01008901,129,53,69,45,14,0,1,0,0,77
S01008902,168,64,127,44,22,5,2,3,3,83
S01008903,144,54,92,61,13,0,0,1,1,73
S01008904,174,39,103,55,20,7,0,3,6,75
S01008905,165,52,98,77,15,1,0,2,1,94
S01008906,122,28,93,41,12,8,1,0,2,80
S01008907,137,49,97,55,13,1,2,1,1,82
S01008908,271,84,213,104,32,11,3,7,6,124
S01008909,148,46,75,45,14,6,1,1,0,81
S01008910,96,30,53,28,10,3,0,0,2,29
S01008911,370,61,252,94,30,11,6,4,18,104
S01008912,142,44,95,36,14,7,3,4,2,42
S01008913,148,24,109,47,10,5,0,1,1,53
S01008914,141,26,129,66,13,4,1,4,3,46
S01008915,113,13,61,21,4,4,0,3,5,32
S01008916,135,20,137,42,14,3,0,0,1,69
S01008917,68,13,102,26,14,4,0,0,2,50
S01008918,55,11,51,28,8,4,4,0,0,35
S01008919,36,17,47,31,6,4,0,0,2,45
S01008920,504,44,239,220,69,24,4,6,15,164
S01008921,130,30,91,61,14,7,3,0,2,90
S01008922,96,33,117,51,16,3,0,1,1,67
S01008923,151,36,89,55,13,3,0,2,0,75
S01008924,97,30,94,69,18,0,0,0,4,57
S01008925,87,24,75,52,18,2,0,0,0,56
S01008926,91,11,84,53,12,1,0,1,2,48
S01008927,189,21,96,125,28,7,4,6,5,62
S01008928,185,20,87,117,26,5,3,2,14,68
S01008929,146,16,80,122,32,1,0,0,2,75
S01008930,126,19,71,68,18,8,0,1,7,60
S01008931,237,74,159,116,27,14,0,0,6,147
S01008932,160,22,91,94,20,7,3,1,2,68
S01008933,90,10,47,58,8,4,1,0,4,51
S01008934,146,15,60,67,16,3,2,2,7,63
S01008935,179,16,72,53,14,7,0,4,4,50
S01008936,91,8,26,29,7,5,0,0,3,12
S01008937,149,10,74,93,22,6,4,4,7,54
S01008938,146,11,70,85,15,4,4,5,3,29
S01008939,165,7,47,78,14,2,1,4,4,47
S01008940,99,7,21,72,11,3,0,3,8,25
S01008941,194,10,23,134,23,3,1,8,12,39
S01008942,163,8,24,104,29,7,4,3,6,47
S01008943,174,7,22,85,31,6,0,3,7,24
S01008944,195,8,38,94,31,3,1,5,4,39
S01008945,173,3,29,100,20,6,0,6,9,31
S01008946,171,6,32,96,24,2,1,4,9,39
S01008947,202,13,56,91,33,3,3,3,6,45
S01008948,134,11,30,62,29,7,0,0,4,41
S01008949,161,18,85,96,36,7,2,0,3,57
S01008950,181,15,74,117,32,5,0,4,0,68
S01008951,113,22,65,89,33,0,0,0,3,63
S01008952,134,21,81,80,31,2,1,0,8,65
S01008953,142,19,87,100,24,1,2,0,3,66
S01008954,173,17,84,89,30,7,2,5,5,58
S01008955,127,7,39,63,23,2,1,1,3,31
S01008956,157,17,58,136,36,9,1,1,4,53
S01008957,152,14,69,106,26,2,0,2,7,59
S01008958,147,22,46,100,28,6,2,5,5,55
S01008959,117,16,63,93,32,3,0,5,3,51
S01008960,285,19,62,117,35,6,0,8,14,50
S01008961,120,12,41,74,24,6,1,1,2,30
S01008962,128,12,28,57,14,3,1,2,0,38
S01008963,157,25,29,71,21,5,0,4,4,43
S01008964,104,10,25,48,11,4,4,2,6,29
S01008965,158,16,52,66,17,10,3,4,8,45
S01008966,140,9,36,63,17,0,0,3,4,34
S01008967,210,18,66,88,22,2,1,5,2,46
S01008968,382,32,124,161,49,6,5,10,9,82
S01008969,201,18,80,80,24,6,4,3,2,61
S01008970,211,12,47,91,25,6,1,9,13,39
S01008971,162,5,48,62,13,3,6,1,2,18
S01008972,160,5,72,52,11,3,1,6,8,25
S01008973,183,17,73,55,15,7,4,1,8,34
S01008974,156,18,42,60,20,1,4,4,5,41
S01008975,125,12,34,59,17,8,1,1,3,32
S01008976,106,12,34,42,13,1,2,2,5,15
S01008977,107,13,37,35,11,2,2,3,8,22
S01008978,90,24,65,49,11,5,3,1,2,40
S01008979,135,20,104,71,17,2,2,1,4,55
S01008980,147,29,90,72,19,2,0,1,9,52
S01008981,141,10,66,65,12,3,1,3,4,39
S01008982,153,31,78,87,17,3,2,3,1,68
S01008983,127,37,59,84,13,0,3,0,3,44
S01008984,101,29,50,57,11,0,1,3,3,33
S01008985,253,58,67,107,28,6,1,6,7,77
S01008986,161,28,55,78,14,2,2,4,3,48
S01008987,131,29,29,62,12,4,3,0,3,45
S01008988,209,48,47,76,25,1,0,2,7,62
S01008989,165,51,37,77,29,4,5,0,6,55
S01008990,281,60,53,119,43,8,6,1,7,52
S01008991,204,57,36,97,27,5,0,4,4,49
S01008992,91,31,25,53,12,4,0,1,2,32
S01008993,239,30,57,131,51,7,4,11,5,66
S01008994,123,17,42,35,53,4,4,4,0,53
S01008995,157,4,33,38,95,7,7,8,1,43
S01008996,185,19,34,62,122,7,5,10,5,56
S01008997,273,35,30,58,137,11,7,5,6,75
S01008998,162,14,24,54,108,8,4,5,3,46
S01008999,147,14,33,40,101,13,2,4,3,65
S01009000,368,15,52,127,211,28,11,8,5,98
S01009001,118,8,32,48,89,10,2,10,2,30
S01009002,716,44,55,185,402,46,16,25,19,158
S01009003,184,25,2,55,118,14,2,10,5,56
S01009004,100,35,4,30,70,10,0,4,1,35
S01009005,168,34,9,46,129,16,3,4,2,38
S01009006,136,38,5,38,99,10,3,3,2,36
S01009007,116,35,4,40,76,8,4,3,0,35
S01009008,180,25,12,31,86,13,3,6,12,41
S01009009,63,25,5,27,70,3,0,1,0,34
S01009010,214,43,10,42,149,18,2,5,4,55
S01009011,163,24,11,35,130,16,3,9,2,47
S01009012,107,27,9,23,97,15,1,7,6,54
S01009013,178,21,9,36,116,15,0,10,4,43
S01009014,91,48,32,18,7,0,0,7,17,65
S01009015,92,17,26,54,15,2,1,5,25,86
S01009016,71,9,18,18,16,5,24,12,13,58
S01009017,78,22,24,12,12,24,24,0,18,61
S01009018,132,15,18,42,70,27,5,3,13,67
S01009019,71,15,29,39,11,2,3,0,8,53
S01009020,111,90,44,35,48,7,4,0,17,87
S01009021,120,9,16,27,74,33,7,4,14,62
S01009022,132,29,19,45,68,18,10,2,25,79
S01009023,145,24,11,46,46,2,4,24,27,77
S01009024,179,61,14,47,15,12,6,26,19,101
S01009025,124,13,5,16,145,35,3,1,6,67
S01009026,112,12,28,138,65,8,8,2,8,88
S01009027,107,10,9,16,22,35,35,6,8,61
S01009028,81,5,3,9,18,77,0,0,7,28
S01009029,86,6,11,12,11,87,0,5,7,45
S01009030,89,8,10,9,51,65,1,1,9,44
S01009031,112,10,3,10,67,81,1,0,5,64
S01009032,78,7,13,3,5,66,32,1,5,65
S01009033,90,17,16,0,5,9,109,3,13,82
S01009034,95,4,2,5,148,7,6,0,12,56
S01009035,126,24,9,198,58,7,0,8,7,74
S01009036,135,4,97,186,7,11,0,5,5,88
S01009037,127,12,171,31,5,5,2,2,14,94
S01009038,141,72,190,7,8,6,3,1,9,69
S01009039,62,78,39,5,4,4,0,2,5,41
S01009040,78,153,19,1,0,4,1,0,9,33
S01009041,124,207,22,6,4,4,0,2,12,75
S01009042,86,62,61,4,3,6,0,1,5,39
S01009043,77,121,27,2,4,5,0,0,7,40
S01009044,84,163,17,4,3,9,0,2,3,57
S01009045,73,119,59,7,2,10,3,1,8,45
S01009046,135,15,250,21,4,8,1,0,7,83
S01009047,99,2,5,134,57,6,2,1,11,65
S01009048,117,3,5,107,77,4,4,1,14,53
S01009049,76,0,0,12,108,1,4,2,3,28
S01009050,118,15,24,84,61,28,23,9,3,71
S01009051,114,20,10,57,59,25,7,9,2,91
S01009052,76,23,15,41,47,13,6,6,2,32
S01009053,72,29,13,52,56,8,10,4,1,53
S01009054,64,19,14,52,47,13,6,3,0,31
S01009055,209,9,33,67,117,65,17,19,6,94
S01009056,62,20,13,32,46,11,8,5,0,45
S01009057,54,26,11,29,41,11,9,2,0,47
S01009058,97,37,14,53,54,27,12,9,1,50
S01009059,135,32,27,44,70,35,18,11,1,75
S01009060,274,37,46,86,169,85,45,18,2,109
S01009061,99,23,24,60,62,23,12,6,3,72
S01009062,57,35,23,35,42,11,6,2,0,43
S01009063,88,29,14,45,76,21,10,8,4,49
S01009064,79,10,25,30,43,17,7,3,4,39
S01009065,71,27,16,39,36,16,7,5,2,45
S01009066,106,35,19,34,42,23,6,4,1,45
S01009067,154,18,33,75,76,42,22,13,5,77
S01009068,122,6,38,75,59,25,8,7,2,67
S01009069,95,7,20,31,63,28,11,9,2,45
S01009070,80,8,24,42,51,19,11,5,3,40
S01009071,60,1,17,35,36,10,6,3,3,34
S01009072,71,2,18,29,46,20,9,3,2,43
S01009073,81,19,28,45,55,23,4,10,2,70
S01009074,69,25,26,49,61,14,7,8,2,57
S01009075,67,12,5,37,40,13,1,4,3,31
S01009076,136,27,21,53,87,46,13,16,6,69
S01009077,64,9,21,46,39,22,8,3,4,45
S01009078,158,11,26,49,75,40,14,18,6,49
S01009079,96,24,32,57,44,19,6,2,3,51
S01009080,107,32,47,58,55,27,15,10,0,60
S01009081,87,18,45,30,43,17,6,6,1,32
S01009082,157,37,72,125,80,35,20,5,8,94
S01009083,98,22,26,73,42,20,12,10,2,52
S01009084,154,16,49,65,56,30,25,10,6,62
S01009085,132,14,20,77,77,44,27,8,2,88
S01009086,86,20,20,51,51,15,4,5,2,48
S01009087,61,18,22,48,42,13,3,2,1,46
S01009088,163,36,42,89,40,18,29,12,7,59
S01009089,154,12,44,69,45,22,37,16,4,55
S01009090,454,42,106,201,132,64,75,50,7,139
S01009091,147,28,34,75,24,23,30,18,3,61
S01009092,184,70,60,62,54,35,31,7,6,94
S01009093,122,45,38,39,31,20,8,7,3,45
S01009094,104,18,45,19,23,9,18,3,2,37
S01009095,166,40,66,36,37,17,23,15,3,64
S01009096,185,43,44,28,39,23,40,17,8,51
S01009097,154,39,40,56,43,18,31,13,3,42
S01009098,85,11,37,27,13,8,17,3,1,19
S01009099,98,31,49,45,24,13,12,4,1,39
S01009100,95,43,55,39,23,13,16,7,3,68
S01009101,98,47,83,44,35,13,9,2,1,66
S01009102,94,28,79,34,27,22,14,4,1,68
S01009103,64,10,41,23,24,6,12,5,0,23
S01009104,85,28,65,35,15,14,13,2,1,42
S01009105,114,33,74,38,32,20,13,11,4,48
S01009106,83,20,56,32,25,13,7,5,2,31
S01009107,129,14,81,29,33,11,15,4,0,57
S01009108,93,14,66,46,28,9,17,5,0,36
S01009109,91,0,53,32,18,17,19,2,7,35
S01009110,70,16,54,45,20,4,8,2,1,31
S01009111,146,21,81,37,32,11,25,7,3,69
S01009112,88,8,39,29,20,10,11,6,2,32
S01009113,114,18,98,18,33,20,19,7,1,48
S01009114,123,16,126,23,38,16,10,2,1,67
S01009115,74,18,77,19,22,10,14,8,0,31
S01009116,53,8,51,18,17,8,7,3,1,22
S01009117,105,8,106,24,32,23,16,4,1,60
S01009118,109,6,67,28,34,16,20,6,5,42
S01009119,75,22,91,25,28,17,6,5,2,59
S01009120,66,8,94,10,23,11,8,4,0,57
S01009121,85,47,62,24,35,20,13,4,3,48
S01009122,577,22,171,269,147,103,107,43,16,222
S01009123,104,4,2,72,22,19,13,6,4,39
S01009124,65,16,0,68,32,9,11,7,6,43
S01009125,60,8,7,65,26,14,11,3,2,32
S01009126,43,24,54,19,16,6,5,0,4,52
S01009127,61,27,73,20,20,12,7,4,2,38
S01009128,60,27,66,25,18,10,11,0,4,42
S01009129,56,21,46,15,19,3,12,0,0,31
S01009130,74,28,61,20,28,13,11,0,3,49
S01009131,66,33,56,10,19,9,9,6,0,34
S01009132,123,15,94,23,41,13,24,4,2,65
S01009133,83,39,46,29,30,12,15,3,4,56
S01009134,117,45,80,20,35,20,30,4,3,63
S01009135,121,28,54,24,39,16,18,3,3,49
S01009136,123,20,65,18,36,13,18,8,4,42
S01009137,170,14,80,45,36,16,25,10,8,77
S01009138,145,69,44,18,31,25,45,6,3,51
S01009139,69,35,21,18,33,12,13,2,3,38
S01009140,105,48,47,13,22,21,15,4,2,38
S01009141,133,55,56,15,41,12,17,7,4,65
S01009142,115,68,51,19,25,21,11,6,0,73
S01009143,43,38,29,10,24,7,13,0,2,47
S01009144,182,47,113,37,55,34,51,8,7,79
S01009145,129,79,70,33,30,18,26,4,3,72
S01009146,132,65,64,23,28,9,14,1,0,61
S01009147,80,41,49,12,24,10,8,2,2,47
S01009148,70,37,80,20,32,12,12,4,2,39
S01009149,114,36,60,29,46,19,20,0,0,53
S01009150,28,15,12,7,7,2,1,1,0,17
S01009151,123,31,37,43,36,7,29,7,3,47
S01009152,77,40,32,23,29,8,13,4,3,44
S01009153,86,30,32,23,18,11,17,4,1,30
S01009154,167,49,41,34,52,21,41,12,12,55
S01009155,93,23,22,22,23,8,21,2,0,21
S01009156,121,23,29,24,22,13,34,4,4,24
S01009157,137,27,75,37,30,9,19,0,1,63
S01009158,70,30,45,28,18,11,15,1,2,35
S01009159,35,16,37,25,9,4,8,0,0,35
S01009160,76,18,62,28,21,8,11,3,2,41
S01009161,65,23,49,22,36,12,13,5,0,47
S01009162,97,22,62,30,27,12,15,2,1,43
S01009163,75,26,33,13,25,4,13,4,4,22
S01009164,88,30,89,42,27,17,18,8,3,53
S01009165,77,24,58,36,31,10,19,4,4,55
S01009166,75,24,51,25,27,7,11,2,0,58
S01009167,52,27,44,18,23,12,2,1,2,42
S01009168,78,40,36,27,25,14,23,2,6,28
S01009169,92,21,54,32,17,10,8,0,0,43
S01009170,76,15,75,38,19,13,8,7,3,50
S01009171,89,13,60,33,24,10,17,8,2,72
S01009172,124,29,31,26,13,19,39,8,3,31
S01009173,140,12,50,40,23,15,26,4,1,48
S01009174,95,9,30,36,22,15,24,6,4,29
S01009175,160,8,62,53,32,23,36,8,6,62
S01009176,175,18,58,54,47,18,38,3,6,47
S01009177,98,6,70,18,37,9,19,2,3,58
S01009178,77,10,85,30,24,10,12,2,3,59
S01009179,74,9,64,32,25,15,13,4,2,44
S01009180,124,19,103,68,51,23,25,4,0,77
S01009181,114,7,46,63,28,22,8,0,2,64
S01009182,136,9,74,79,61,18,25,0,1,86
S01009183,96,1,64,53,43,22,20,5,5,47
S01009184,132,13,1,42,73,41,12,1,2,62
S01009185,89,8,3,39,107,28,10,5,3,76
S01009186,93,8,44,73,34,30,14,4,0,81
S01009187,112,2,8,41,39,18,17,4,4,39
S01009188,147,9,5,89,61,25,25,5,4,76
S01009189,92,7,36,61,52,22,9,0,1,78
S01009190,259,35,135,66,80,46,50,9,5,115
S01009191,179,12,46,44,31,21,35,4,6,37
S01009192,107,18,52,30,21,14,14,2,4,53
S01009193,411,37,214,92,104,93,98,11,4,124
S01009194,136,8,41,38,21,22,12,3,3,52
S01009195,170,14,51,39,44,34,42,1,5,23
S01009196,87,16,40,41,23,17,26,3,3,28
S01009197,206,30,63,60,51,46,51,7,4,45
S01009198,95,10,33,44,32,24,16,6,5,36
S01009199,94,10,22,50,24,18,19,1,1,31
S01009200,312,13,65,160,106,86,67,10,10,117
S01009201,81,8,25,55,31,22,16,1,1,52
S01009202,83,4,10,57,26,21,14,5,5,35
S01009203,62,8,18,55,35,14,12,0,0,53
S01009204,124,10,26,84,59,29,23,8,3,56
S01009205,123,12,41,51,49,43,38,6,1,60
S01009206,132,9,42,43,41,37,23,3,3,35
S01009207,90,6,33,29,35,27,21,3,0,41
S01009208,94,13,37,36,30,14,19,2,1,32
S01009209,100,8,19,40,29,16,32,3,5,41
S01009210,73,10,35,25,25,12,11,2,0,23
S01009211,77,12,48,22,17,11,10,6,0,45
S01009212,95,19,67,47,27,11,9,3,4,46
S01009213,96,29,57,52,31,22,17,5,6,51
S01009214,151,26,79,59,41,25,42,4,2,49
S01009215,111,29,91,24,23,19,18,2,6,57
S01009216,121,31,88,30,41,20,18,3,1,63
S01009217,59,14,54,34,20,8,3,2,5,69
S01009218,109,18,83,41,27,12,12,5,0,45
S01009219,67,31,61,24,33,9,13,4,0,51
S01009220,54,19,37,18,22,12,7,4,1,33
S01009221,69,33,45,22,27,15,9,4,0,31
S01009222,50,26,42,20,28,11,12,1,1,24
S01009223,59,47,61,36,25,14,12,0,0,35
S01009224,80,66,44,23,30,19,6,1,0,55
S01009225,59,25,55,19,18,8,4,2,2,42
S01009226,89,64,64,30,30,15,18,4,1,62
S01009227,51,31,38,23,21,9,8,0,1,44
S01009228,67,37,33,23,12,11,14,1,2,41
S01009229,59,33,26,24,19,13,14,4,3,28
S01009230,64,27,27,28,19,11,8,0,1,26
S01009231,128,62,60,69,43,30,22,4,2,65
S01009232,58,27,48,35,13,6,2,1,0,41
S01009233,57,53,40,25,22,16,5,3,1,31
S01009234,105,32,80,78,48,14,8,5,3,68
S01009235,98,55,71,65,36,27,11,1,3,67
S01009236,51,32,32,21,8,16,15,4,0,37
S01009237,128,46,53,35,39,11,15,3,5,48
S01009238,73,21,89,38,26,9,6,2,1,30
S01009239,96,27,97,33,28,16,20,2,0,57
S01009240,70,42,34,30,25,15,8,1,0,27
S01009241,81,28,77,60,31,21,10,4,0,68
S01009242,91,22,60,53,24,20,6,3,0,42
S01009243,115,24,62,46,77,39,12,3,1,74
S01009244,147,11,23,36,55,39,11,5,1,49
S01009245,106,8,36,44,63,34,10,0,3,43
S01009246,97,21,49,38,46,22,6,3,0,62
S01009247,149,33,58,44,88,36,15,6,1,76
S01009248,77,18,28,34,57,22,7,3,1,48
S01009249,75,30,38,32,71,28,4,4,2,50
S01009250,66,14,33,36,34,22,5,0,1,50
S01009251,52,14,24,14,36,18,3,4,2,36
S01009252,81,17,17,25,46,10,5,0,1,31
S01009253,61,13,27,22,32,16,6,0,0,31
S01009254,89,22,43,38,40,30,9,3,0,56
S01009255,96,23,33,32,75,46,15,5,1,49
S01009256,63,10,15,19,35,30,6,4,2,33
S01009257,110,22,28,29,48,40,12,3,0,40
S01009258,206,15,30,40,117,65,15,8,7,64
S01009259,146,30,18,30,75,48,6,6,2,69
S01009260,143,53,36,35,100,55,14,11,2,73
S01009261,88,50,11,20,37,27,5,6,7,30
S01009262,47,43,17,15,52,21,1,1,0,51
S01009263,207,20,34,22,132,74,19,7,4,75
S01009264,70,19,4,26,28,16,14,9,5,28
S01009265,112,44,7,87,80,23,22,14,1,60
S01009266,95,23,7,54,61,18,16,10,2,63
S01009267,107,32,3,50,47,23,19,16,4,59
S01009268,154,12,19,51,133,52,21,12,4,111
S01009269,90,20,9,55,56,32,5,5,1,72
S01009270,69,17,8,39,74,17,2,4,4,46
S01009271,110,7,17,40,84,59,18,9,4,55
S01009272,65,22,12,65,52,20,4,11,1,74
S01009273,68,0,3,15,36,19,8,8,3,27
S01009274,79,6,5,31,55,36,5,5,2,39
S01009275,185,4,6,40,69,51,18,6,6,64
S01009276,117,4,9,68,46,44,7,13,3,76
S01009277,266,8,53,59,51,96,16,14,12,82
S01009278,108,5,13,47,33,35,5,8,4,41
S01009279,180,11,14,51,52,29,7,4,5,59
S01009280,108,28,6,51,71,15,8,3,5,80
S01009281,90,12,5,24,74,22,10,11,3,65
S01009282,133,14,8,28,58,36,17,8,5,52
S01009283,104,6,10,50,36,30,1,4,4,56
S01009284,150,9,18,65,25,49,12,9,7,46
S01009285,107,4,17,103,29,50,6,4,4,60
S01009286,87,8,3,66,24,42,4,7,2,52
S01009287,113,3,32,29,31,24,10,7,4,33
S01009288,163,22,48,40,53,45,9,6,4,54
S01009289,109,15,39,51,23,42,9,10,3,60
S01009290,95,7,32,22,22,31,3,4,4,33
S01009291,124,13,50,49,35,45,8,4,0,49
S01009292,65,13,60,23,22,16,4,0,1,37
S01009293,97,14,36,38,28,34,6,10,0,48
S01009294,141,7,41,50,23,36,8,6,4,54
S01009295,69,15,32,33,22,35,7,6,7,40
S01009296,77,13,22,24,11,31,6,7,3,23
S01009297,161,30,37,23,30,44,7,5,6,39
S01009298,109,37,37,50,16,41,1,4,3,63
S01009299,204,65,68,48,41,69,13,7,8,74
S01009300,85,32,26,25,24,38,6,5,2,37
S01009301,166,53,57,59,34,52,4,12,6,79
S01009302,77,50,62,27,23,28,3,5,2,56
S01009303,150,39,37,17,31,45,1,8,6,40
S01009304,146,48,77,26,39,48,7,3,4,65
S01009305,111,43,44,30,19,49,6,9,1,57
S01009306,214,77,86,43,41,79,14,11,4,72
S01009307,213,78,75,48,45,66,11,6,5,79
S01009308,111,37,38,23,23,28,4,5,5,25
S01009309,149,40,52,22,39,60,8,7,6,47
S01009310,131,32,56,22,17,47,6,5,5,49
S01009311,87,40,80,13,22,16,4,2,0,50
S01009312,133,39,76,15,36,50,7,1,7,58
S01009313,79,34,45,13,24,18,4,5,0,20
S01009314,96,36,39,7,32,18,10,1,2,28
S01009315,93,33,53,12,14,20,3,7,0,31
S01009316,122,55,30,20,40,31,11,7,5,34
S01009317,113,41,51,23,48,52,6,8,11,31
S01009318,101,21,31,11,24,27,11,7,2,33
S01009319,123,26,58,35,46,37,12,3,5,43
S01009320,116,21,54,22,21,25,8,3,4,33
S01009321,86,16,34,19,22,15,0,0,0,29
S01009322,96,2,47,28,29,31,0,2,5,50
S01009323,82,8,44,34,25,35,6,5,0,44
S01009324,74,7,57,26,15,22,1,4,0,51
S01009325,119,19,58,21,43,35,7,4,2,34
S01009326,88,21,43,11,29,27,2,1,4,28
S01009327,93,28,37,25,27,32,3,2,3,39
S01009328,163,23,68,23,104,41,7,10,9,49
S01009329,365,40,141,54,183,79,23,16,5,115
S01009330,80,12,60,9,40,14,3,2,0,27
S01009331,488,60,138,81,204,70,20,16,17,151
S01009332,206,22,59,42,78,38,8,9,1,70
S01009333,122,60,112,24,46,32,12,7,5,75
S01009334,73,31,58,15,32,15,3,4,4,38
S01009335,117,34,108,20,34,28,3,3,2,52
S01009336,66,20,71,10,18,15,3,4,4,40
S01009337,93,20,75,17,36,18,2,6,3,46
S01009338,139,36,107,20,53,29,8,3,2,72
S01009339,86,26,121,16,44,24,2,1,2,60
S01009340,79,29,66,8,39,19,8,2,4,59
S01009341,82,10,71,13,34,22,2,7,4,47
S01009342,75,29,76,20,26,18,7,6,2,53
S01009343,76,18,71,18,29,18,7,4,1,48
S01009344,79,20,85,15,36,15,4,5,2,48
S01009345,135,45,102,24,38,37,7,2,3,66
S01009346,140,7,66,14,71,20,4,7,6,41
S01009347,151,10,40,8,67,23,8,4,1,23
S01009348,95,7,36,6,53,24,6,5,5,37
S01009349,159,20,61,10,79,21,6,5,6,53
S01009350,118,15,68,14,42,20,5,8,2,29
S01009351,116,15,50,12,48,15,7,2,4,32
S01009352,167,20,72,9,80,26,9,11,2,41
S01009353,318,13,87,29,132,44,9,10,10,85
S01009354,466,39,186,48,196,61,19,31,14,139
S01009355,122,29,69,17,49,17,5,10,1,38
S01009356,100,30,79,12,67,23,6,4,5,64
S01009357,119,14,32,14,39,10,7,7,2,29
S01009358,122,16,35,4,54,20,4,4,0,23
S01009359,141,21,66,11,71,23,13,5,6,45
S01009360,155,38,63,14,41,31,5,5,6,38
S01009361,113,39,57,16,37,28,4,2,10,51
S01009362,147,39,86,20,59,30,9,8,4,56
S01009363,82,32,62,28,50,18,10,3,4,56
S01009364,130,41,62,29,70,26,7,7,8,73
S01009365,100,23,27,24,38,16,3,5,4,30
S01009366,124,25,61,8,35,10,1,2,2,49
S01009367,99,24,48,40,67,18,2,6,6,38
S01009368,59,18,53,18,26,8,2,5,2,62
S01009369,90,30,64,20,43,14,2,5,3,47
S01009370,90,17,51,16,54,10,0,10,3,47
S01009371,81,14,45,36,58,18,1,2,3,30
S01009372,72,26,36,26,39,9,4,2,0,30
S01009373,144,62,72,41,89,26,13,8,4,66
S01009374,101,40,52,41,51,21,7,2,7,45
S01009375,98,33,48,36,56,17,4,4,4,46
S01009376,60,27,35,20,25,9,4,5,0,26
S01009377,219,47,59,57,75,26,2,16,5,71
S01009378,137,30,45,76,61,15,9,12,5,78
S01009379,164,45,50,57,83,29,9,13,6,77
S01009380,68,16,31,25,49,18,5,2,8,42
S01009381,113,20,42,28,72,10,1,6,1,33
S01009382,105,13,53,56,61,13,10,5,0,60
S01009383,118,22,74,40,66,21,6,6,3,43
S01009384,105,8,8,16,49,8,1,10,5,31
S01009385,95,5,19,20,51,7,4,3,2,31
S01009386,76,14,36,32,44,14,7,7,1,36
S01009387,150,25,36,32,85,24,7,14,1,49
S01009388,85,21,52,40,51,10,6,6,2,51
S01009389,140,20,48,29,107,13,5,5,3,71
S01009390,155,8,26,24,59,17,8,6,2,44
S01009391,145,15,31,43,81,15,4,9,6,46
S01009392,123,15,12,27,60,22,6,8,4,26
S01009393,116,19,13,22,64,17,3,6,5,29
S01009394,179,12,28,64,77,14,3,11,4,43
S01009395,84,19,9,31,40,11,1,3,6,18
S01009396,100,13,12,29,46,13,5,5,4,30
S01009397,136,15,20,37,69,13,6,3,4,23
S01009398,118,21,21,35,62,10,3,5,5,41
S01009399,107,22,14,37,48,17,2,8,5,27
S01009400,69,26,13,32,33,15,2,6,1,24
S01009401,87,16,7,37,42,15,2,5,2,23
S01009402,151,22,19,48,65,21,3,5,7,42
S01009403,68,22,6,34,55,14,1,0,3,18
S01009404,76,37,57,15,27,12,3,1,1,42
S01009405,82,5,26,25,35,9,1,3,3,31
S01009406,150,19,53,97,80,24,8,4,2,79
S01009407,67,7,29,34,48,10,1,2,0,34
S01009408,132,8,47,83,81,25,11,14,12,64
S01009409,142,5,66,89,66,35,6,8,7,99
S01009410,103,17,43,69,42,11,8,1,5,58
S01009411,99,17,23,58,53,18,9,5,3,63
S01009412,94,33,36,82,57,14,5,3,7,68
S01009413,146,40,25,83,70,33,9,9,4,76
S01009414,66,16,14,61,59,20,7,2,0,44
S01009415,96,29,17,59,40,24,6,1,0,41
S01009416,70,17,12,38,45,11,4,3,0,38
S01009417,215,36,25,118,116,54,19,9,5,85
S01009418,118,44,27,65,83,22,7,3,5,75
S01009419,58,27,9,56,63,24,5,2,5,44
S01009420,75,23,12,50,38,14,4,1,0,44
S01009421,74,20,21,57,38,25,8,6,2,57
S01009422,98,21,12,58,63,34,4,2,6,63
S01009423,185,13,30,90,144,92,33,11,13,103
S01009424,81,4,12,36,46,26,9,4,2,44
S01009425,96,8,10,44,38,43,11,5,5,45
S01009426,88,20,12,40,40,24,4,3,0,53
S01009427,59,21,13,34,47,31,9,3,4,55
S01009428,77,29,12,23,66,11,8,0,4,36
S01009429,49,27,17,27,67,15,10,0,1,48
S01009430,79,27,29,30,59,14,5,3,8,48
S01009431,71,15,22,18,67,14,3,0,5,41
S01009432,63,29,16,35,62,13,1,0,2,72
S01009433,82,28,16,25,64,19,5,5,3,71
S01009434,65,17,12,32,55,14,4,0,0,42
S01009435,78,23,8,34,52,11,6,0,4,63
S01009436,59,14,17,74,43,19,9,0,1,55
S01009437,79,13,15,69,44,9,7,0,1,57
S01009438,100,7,13,92,42,16,8,2,0,69
S01009439,69,9,27,83,48,8,8,0,0,68
S01009440,56,10,15,64,35,16,6,1,6,54
S01009441,77,12,23,67,53,12,5,2,1,56
S01009442,79,9,9,66,42,12,10,5,2,53
S01009443,279,23,109,112,126,59,28,12,11,120
S01009444,105,20,20,30,75,21,5,4,7,50
S01009445,100,34,29,38,80,11,9,1,0,64
S01009446,115,17,31,41,79,25,10,0,5,73
S01009447,78,16,17,22,34,14,7,4,2,30
S01009448,187,39,39,73,121,30,19,3,4,110
S01009449,55,7,14,24,43,12,4,1,1,34
S01009450,75,11,21,32,54,14,6,2,4,30
S01009451,92,22,45,36,87,18,6,1,3,85
S01009452,57,13,24,22,46,18,2,1,2,53
S01009453,91,26,31,43,93,19,9,4,1,68
S01009454,177,29,16,46,98,8,9,3,5,32
S01009455,208,20,19,58,119,15,6,12,4,49
S01009456,180,13,40,81,81,19,10,10,5,75
S01009457,109,6,9,52,51,4,5,0,3,46
S01009458,105,26,4,33,72,6,2,8,6,35
S01009459,111,32,6,31,65,14,7,7,7,39
S01009460,107,25,8,32,68,7,1,11,5,60
S01009461,185,11,9,47,104,9,5,10,3,41
S01009462,108,13,7,47,75,7,3,6,4,44
S01009463,74,28,5,45,53,3,8,5,8,30
S01009464,112,26,11,51,106,12,8,14,5,48
S01009465,92,25,9,44,59,10,2,5,2,34
S01009466,75,14,3,25,51,1,1,2,3,21
S01009467,99,11,7,55,59,8,6,5,5,38
S01009468,88,25,20,48,70,4,6,0,4,45
S01009469,121,12,16,36,79,10,8,2,5,45
S01009470,50,7,16,24,35,1,4,1,0,28
S01009471,61,16,37,11,33,5,0,1,2,32
S01009472,116,37,40,17,60,15,4,8,1,47
S01009473,107,33,51,22,65,10,7,7,7,63
S01009474,97,29,55,33,98,7,3,5,8,43
S01009475,73,3,30,30,68,10,4,3,4,23
S01009476,164,4,42,46,97,9,14,4,11,56
S01009477,136,45,31,18,53,16,7,5,3,42
S01009478,130,78,24,25,58,22,9,3,3,68
S01009479,146,49,57,31,71,23,5,3,12,56
S01009480,124,33,48,25,59,10,7,3,3,41
S01009481,112,55,53,31,72,15,7,4,5,55
S01009482,96,31,31,21,50,8,1,3,3,40
S01009483,102,68,51,37,64,23,11,7,1,49
S01009484,98,38,46,31,62,9,4,5,0,53
S01009485,81,35,57,34,34,12,8,6,3,64
S01009486,77,35,14,20,39,10,0,2,4,37
S01009487,112,58,53,28,57,12,7,4,1,47
S01009488,80,25,57,35,44,8,4,3,1,52
S01009489,81,21,17,51,53,14,6,3,3,72
S01009490,84,22,26,59,52,12,5,8,5,48
S01009491,85,24,19,68,43,19,13,7,1,46
S01009492,65,26,19,52,39,13,4,3,3,41
S01009493,128,28,49,11,47,7,7,7,1,38
S01009494,174,6,103,42,62,20,5,3,2,51
S01009495,111,12,89,46,63,16,11,5,4,53
S01009496,91,33,72,44,33,19,4,2,1,65
S01009497,117,13,100,58,53,27,7,5,5,64
S01009498,68,5,45,37,33,14,7,3,1,38
S01009499,84,22,84,37,40,12,9,0,3,44
S01009500,58,21,67,35,27,7,6,0,1,51
S01009501,90,29,86,29,50,14,8,3,5,57
S01009502,72,27,88,36,50,13,4,0,3,62
S01009503,71,30,94,31,42,12,5,1,3,59
S01009504,71,37,44,23,32,12,5,4,4,48
S01009505,83,29,61,29,60,7,5,0,3,54
S01009506,81,45,67,20,40,8,0,0,3,42
S01009507,106,45,76,40,47,13,4,1,3,52
S01009508,84,43,61,42,30,12,9,3,6,53
S01009509,98,60,63,50,41,15,4,4,3,73
S01009510,77,30,49,36,31,17,10,0,1,45
S01009511,57,17,56,22,24,15,2,0,1,37
S01009512,81,18,72,37,34,24,10,4,3,52
S01009513,66,11,57,18,23,16,4,2,0,36
S01009514,88,12,54,38,36,20,6,3,3,44
S01009515,60,27,63,24,38,9,3,0,2,40
S01009516,80,18,67,33,27,11,7,2,2,52
S01009517,168,28,98,63,45,42,14,2,6,89
S01009518,181,19,103,42,71,42,10,2,5,70
S01009519,160,23,80,55,37,28,12,6,7,83
S01009520,116,26,53,51,53,17,7,7,1,53
S01009521,88,53,36,24,28,20,5,0,1,56
S01009522,123,67,40,40,47,30,8,1,6,80
S01009523,70,27,25,15,38,8,3,1,2,42
S01009524,73,55,30,21,35,14,5,4,5,59
S01009525,68,49,22,13,32,5,9,3,2,30
S01009526,95,51,25,24,35,13,7,5,9,42
S01009527,95,40,37,28,34,23,5,1,1,41
S01009528,54,24,21,14,17,12,3,1,4,28
S01009529,81,33,22,25,22,33,5,2,1,34
S01009530,83,17,46,21,23,22,4,2,5,34
S01009531,118,53,88,65,49,50,13,0,4,73
S01009532,63,39,40,22,41,27,5,1,4,53
S01009533,116,80,62,43,33,32,7,3,0,77
S01009534,71,45,38,32,24,23,5,1,3,82
S01009535,66,39,39,18,33,31,4,1,5,59
S01009536,68,23,28,30,20,18,3,0,4,38
S01009537,56,12,25,19,12,25,7,3,4,43
S01009538,118,34,56,26,29,31,10,5,8,70
S01009539,95,41,73,62,42,24,6,2,7,64
S01009540,99,39,55,44,34,27,4,2,4,71
S01009541,206,17,63,174,29,55,18,7,9,98
S01009542,76,14,12,91,21,32,8,3,0,58
S01009543,72,6,11,61,12,23,6,2,3,48
S01009544,112,4,17,117,13,45,11,2,1,53
S01009545,77,12,31,70,25,22,8,3,2,51
S01009546,147,15,48,146,81,34,19,3,7,87
S01009547,112,8,85,46,25,21,7,1,0,56
S01009548,67,5,39,37,11,22,3,1,1,40
S01009549,102,18,51,48,26,43,8,5,3,43
S01009550,72,13,50,32,28,11,5,4,4,40
S01009551,59,6,49,15,26,15,18,3,0,34
S01009552,127,21,65,55,38,20,13,1,8,54
S01009553,83,13,51,39,39,13,11,2,0,69
S01009554,80,5,34,25,36,13,11,0,4,40
S01009555,106,22,56,39,40,16,10,5,8,65
S01009556,63,20,63,32,35,14,10,2,4,44
S01009557,39,22,56,33,35,15,3,2,2,33
S01009558,46,29,71,31,26,9,8,0,1,61
S01009559,81,21,66,34,45,18,7,2,2,63
S01009560,88,16,66,30,27,21,13,3,5,55
S01009561,72,15,55,20,16,12,8,0,2,54
S01009562,80,41,48,22,31,21,5,2,3,51
S01009563,80,44,58,28,26,17,4,4,1,46
S01009564,79,46,37,25,26,15,10,4,8,48
S01009565,53,33,39,28,26,15,7,0,3,37
S01009566,121,53,86,57,45,28,14,2,5,84
S01009567,103,44,70,42,38,23,17,3,3,43
S01009568,75,44,54,41,37,22,12,6,1,62
S01009569,93,46,54,30,36,21,10,0,1,63
S01009570,41,44,42,25,23,26,5,5,3,34
S01009571,76,47,37,31,11,21,6,1,2,37
S01009572,102,67,41,30,26,20,14,0,2,61
S01009573,56,34,36,41,20,29,12,2,5,46
S01009574,95,67,65,50,28,26,10,4,7,54
S01009575,50,22,33,26,12,8,5,2,5,27
S01009576,67,8,28,25,19,12,3,0,0,17
S01009577,70,10,36,39,24,15,7,0,1,31
S01009578,78,30,55,26,34,20,5,2,6,41
S01009579,117,40,70,58,29,33,7,4,4,65
S01009580,159,67,64,58,52,36,16,1,13,71
S01009581,54,24,31,31,14,16,4,1,2,32
S01009582,42,44,41,36,13,20,9,4,0,42
S01009583,92,64,56,46,19,25,11,2,0,59
S01009584,68,37,24,36,19,14,2,0,3,32
S01009585,91,80,45,49,33,32,10,2,5,54
S01009586,65,21,32,27,15,19,3,1,4,31
S01009587,93,52,42,34,15,30,4,2,3,54
S01009588,97,42,78,75,17,30,14,5,4,68
S01009589,110,46,62,54,20,33,6,3,2,66
S01009590,92,26,53,30,28,30,10,2,6,42
S01009591,90,8,52,27,40,21,9,5,2,34
S01009592,66,10,40,17,16,14,10,3,1,23
S01009593,111,9,45,35,48,24,8,2,10,47
S01009594,101,3,67,26,43,16,9,0,3,44
S01009595,71,19,23,14,18,22,9,2,7,26
S01009596,102,16,61,27,43,19,8,2,2,53
S01009597,91,15,62,17,43,18,8,0,2,55
S01009598,62,14,62,14,19,18,5,0,3,37
S01009599,97,31,59,35,41,20,8,0,7,55
S01009600,50,26,36,35,21,9,7,0,1,39
S01009601,64,34,49,27,30,24,4,1,4,55
S01009602,120,8,50,25,53,32,19,4,3,44
S01009603,47,6,28,8,27,17,6,3,1,17
S01009604,96,12,73,44,42,28,10,6,3,48
S01009605,71,4,33,13,24,10,5,4,4,26
S01009606,124,12,79,44,34,41,20,7,4,59
S01009607,118,22,43,62,28,36,14,4,5,51
S01009608,88,13,62,31,28,29,16,3,6,41
S01009609,100,8,60,58,33,31,13,7,0,45
S01009610,137,22,70,63,30,34,14,2,5,60
S01009611,83,1,16,52,32,24,12,7,2,47
S01009612,65,16,44,44,13,25,3,1,3,54
S01009613,72,16,33,43,4,18,6,2,1,25
S01009614,80,2,25,47,15,15,10,1,3,44
S01009615,58,8,27,34,15,9,8,2,1,17
S01009616,86,20,39,32,18,23,10,5,1,52
S01009617,90,16,53,42,32,31,13,4,4,58
S01009618,63,27,46,33,38,15,4,0,4,62
S01009619,70,22,35,18,21,19,7,1,4,40
S01009620,66,22,45,35,32,20,10,3,0,50
S01009621,66,19,55,35,32,20,13,4,2,34
S01009622,76,18,41,39,31,26,8,5,3,39
S01009623,49,19,37,28,16,10,5,0,1,46
S01009624,91,25,57,33,27,17,7,3,3,47
S01009625,102,46,51,39,37,16,10,2,9,65
S01009626,55,26,23,9,26,12,8,4,2,32
S01009627,74,33,74,28,46,28,13,0,0,66
S01009628,27,20,23,10,19,3,4,1,0,26
S01009629,95,38,77,46,51,26,13,2,3,87
S01009630,88,27,50,37,52,21,14,5,3,51
S01009631,64,24,36,13,36,11,6,2,4,36
S01009632,51,17,19,7,27,16,5,1,0,36
S01009633,72,30,37,23,37,11,14,4,5,43
S01009634,54,29,21,12,22,6,8,2,4,50
S01009635,90,54,31,20,66,19,12,0,2,61
S01009636,74,42,20,13,36,17,9,4,1,53
S01009637,52,36,21,14,37,18,8,2,1,45
S01009638,85,62,34,17,59,26,13,6,0,81
S01009639,127,30,25,7,57,14,17,2,10,41
S01009640,61,31,29,9,49,10,7,1,2,53
S01009641,87,53,23,8,70,15,15,2,3,65
S01009642,123,69,30,7,60,29,36,2,6,68
S01009643,175,61,61,45,90,54,21,6,6,127
S01009644,95,61,35,18,60,23,16,5,1,59
S01009645,67,52,17,11,51,21,8,1,4,48
S01009646,52,53,21,13,43,12,9,1,3,45
S01009647,63,44,15,7,41,16,11,3,1,44
S01009648,110,65,25,16,71,27,13,3,2,65
S01009649,109,57,50,16,88,31,16,0,2,81
S01009650,87,34,29,9,49,17,18,3,0,55
S01009651,224,17,28,40,138,14,34,16,12,92
S01009652,136,10,20,13,72,4,14,3,12,38
S01009653,69,13,15,19,60,5,10,1,3,26
S01009654,77,12,5,26,65,7,15,3,4,42
S01009655,74,13,73,39,54,25,10,0,5,65
S01009656,79,9,46,26,29,10,10,0,0,40
S01009657,63,26,54,30,41,31,22,2,4,51
S01009658,79,8,39,40,41,11,6,3,2,50
S01009659,41,15,36,19,31,14,12,2,3,27
S01009660,102,17,87,57,76,41,21,4,5,86
S01009661,174,8,22,31,81,30,12,9,2,42
S01009662,105,4,8,41,43,39,16,1,4,54
S01009663,106,8,9,30,26,49,11,5,3,36
S01009664,156,8,16,46,79,43,14,12,8,53
S01009665,104,12,11,40,49,47,10,3,4,56
S01009666,90,10,4,32,44,25,14,4,0,46
S01009667,95,3,7,30,37,34,11,0,3,37
S01009668,94,2,11,46,40,32,17,4,2,52
S01009669,69,12,8,33,41,24,4,1,2,27
S01009670,112,4,12,42,43,43,13,4,6,32
S01009671,95,15,13,35,42,27,19,2,4,32
S01009672,92,28,7,32,93,40,9,8,3,53
S01009673,97,27,7,22,93,36,13,8,5,51
S01009674,129,17,4,10,79,53,9,15,9,73
S01009675,140,14,14,15,101,39,14,8,3,48
S01009676,136,17,22,20,83,39,19,2,6,63
S01009677,91,3,2,13,44,29,12,12,3,39
S01009678,59,30,0,13,69,22,9,8,3,49
S01009679,122,36,0,22,138,52,9,3,1,77
S01009680,109,37,12,5,91,33,6,8,4,57
S01009681,79,20,49,18,69,19,6,7,3,63
S01009682,92,25,15,8,71,15,5,10,3,30
S01009683,82,50,10,6,75,19,9,10,6,40
S01009684,194,41,50,8,124,26,13,15,10,67
S01009685,66,16,43,13,47,33,3,7,1,50
S01009686,125,75,30,16,106,16,15,8,9,57
S01009687,75,64,21,7,67,13,10,8,5,64
S01009688,78,73,24,11,79,15,10,1,3,44
S01009689,84,63,17,14,97,13,6,3,0,54
S01009690,87,36,20,9,67,19,9,12,0,40
S01009691,66,31,2,10,61,11,8,11,4,36
S01009692,115,71,22,14,106,18,11,9,7,49
S01009693,79,34,11,8,81,15,5,7,6,32
S01009694,108,38,23,6,89,24,12,2,7,40
S01009695,78,5,19,21,58,13,11,8,2,24
S01009696,144,9,28,15,115,26,6,6,13,58
S01009697,126,7,26,61,51,9,4,5,7,43
S01009698,128,8,5,56,24,22,6,6,0,38
S01009699,45,7,3,9,28,11,12,3,6,12
S01009700,101,20,21,32,56,22,7,5,8,53
S01009701,50,5,6,12,19,10,19,9,20,31
S01009702,118,11,14,28,48,15,1,9,3,32
S01009703,67,10,25,5,50,21,8,9,7,53
S01009704,121,18,37,18,59,28,6,13,9,66
S01009705,90,27,43,28,50,16,9,9,8,58
S01009706,82,24,20,20,50,16,5,11,8,43
S01009707,80,37,3,16,39,13,8,6,7,32
S01009708,149,76,12,25,67,18,28,12,5,95
S01009709,93,40,15,10,62,17,12,9,10,65
S01009710,45,38,6,21,38,21,6,1,3,49
S01009711,99,46,6,10,43,8,14,6,4,63
S01009712,102,37,10,16,41,17,13,4,4,40
S01009713,112,30,19,27,82,15,10,18,5,44
S01009714,126,16,16,35,94,14,15,9,14,57
S01009715,145,19,8,40,33,9,6,5,11,52
S01009716,81,53,21,9,14,12,5,7,4,19
S01009717,54,53,31,1,17,7,4,0,3,28
S01009718,60,89,20,7,21,10,5,9,1,43
S01009719,58,80,30,11,18,8,3,5,3,30
S01009720,75,87,22,6,18,7,0,1,10,25
S01009721,13,16,0,0,1,0,4,2,0,3
S01009722,66,65,9,0,6,11,2,8,11,28
S01009723,45,29,1,0,1,5,0,2,2,4
S01009724,78,83,10,4,11,10,4,15,3,22
S01009725,33,28,0,2,3,4,0,2,2,6
S01009726,28,9,3,0,1,1,2,0,2,14
S01009727,102,5,89,4,18,16,5,2,4,32
S01009728,84,23,81,9,30,7,11,8,0,35
S01009729,79,17,40,2,18,7,2,8,2,18
S01009730,55,29,25,2,12,4,3,7,2,14
S01009731,73,42,11,3,16,7,5,6,6,11
S01009732,72,46,4,1,11,6,4,10,5,23
S01009733,74,4,6,50,25,4,1,10,5,23
S01009734,126,5,56,77,45,9,9,14,7,39
S01009735,87,21,38,10,21,6,7,6,3,31
S01009736,43,18,8,3,4,6,3,15,7,10
S01009737,104,54,8,72,63,11,9,6,6,49
S01009738,69,9,6,79,30,4,5,7,7,29
S01009739,145,55,8,114,64,5,6,6,14,47
S01009740,63,21,7,55,26,11,1,1,3,41
S01009741,289,75,2,31,28,9,5,3,4,22
S01009742,94,5,9,34,35,5,6,10,5,26
S01009743,121,5,10,99,54,24,9,14,10,62
S01009744,100,6,7,49,48,9,15,11,8,31
S01009745,195,13,27,137,99,20,15,15,11,85
S01009746,134,0,5,33,36,23,5,8,9,32
S01009747,73,21,13,91,53,19,21,4,5,35
S01009748,111,11,22,118,54,9,8,9,9,48
S01009749,119,32,23,97,58,5,18,11,6,75
S01009750,93,19,10,72,65,17,19,1,6,40
S01009751,74,27,10,78,63,8,21,5,5,49
S01009752,84,14,45,34,31,6,5,6,8,30
S01009753,85,5,45,35,16,8,7,4,3,24
S01009754,136,21,73,56,39,13,12,9,11,48
S01009755,89,10,62,30,22,6,19,5,10,30
S01009756,112,9,66,43,21,13,6,6,1,26
S01009757,126,11,50,57,44,21,9,7,11,32
S01009758,90,19,37,76,29,5,4,0,4,51
S01009759,108,28,38,75,16,9,4,2,3,85
S01009760,126,37,39,94,25,11,0,3,4,101
S01009761,126,21,45,81,48,9,2,2,3,52
S01009762,91,42,57,110,33,11,2,5,1,62
S01009763,147,9,33,57,26,13,6,4,5,67
S01009764,75,35,18,70,25,6,1,3,2,46
S01009765,127,39,33,94,33,7,2,5,5,87
S01009766,62,6,35,50,24,4,0,3,0,53
S01009767,384,53,93,283,127,27,11,28,6,195
S01009768,116,14,36,84,37,10,0,5,3,59
S01009769,184,12,38,151,48,15,1,7,8,99
S01009770,105,12,26,83,27,6,3,6,3,48
S01009771,123,13,30,99,33,10,0,4,4,78
S01009772,92,11,26,63,24,11,4,4,3,51
S01009773,120,15,24,59,24,6,6,4,3,66
S01009774,108,3,21,65,21,11,5,0,2,56
S01009775,387,29,82,229,61,27,7,18,11,125
S01009776,78,16,45,51,18,4,0,1,0,44
S01009777,42,22,14,49,13,7,0,0,2,22
S01009778,76,23,25,49,23,6,0,2,4,57
S01009779,54,11,26,42,9,2,0,4,0,23
S01009780,66,26,22,53,20,0,3,1,0,47
S01009781,61,28,26,39,18,5,0,3,1,46
S01009782,110,27,28,91,29,14,2,4,6,49
S01009783,64,30,25,84,17,7,1,0,3,45
S01009784,102,36,61,83,26,5,0,5,2,76
S01009785,73,32,41,96,20,5,4,3,1,54
S01009786,95,30,55,82,18,4,1,0,3,65
S01009787,74,37,46,73,16,16,0,1,1,60
S01009788,114,34,65,82,25,6,2,5,3,77
S01009789,86,28,76,61,24,6,0,5,0,61
S01009790,69,31,43,60,10,7,1,3,2,52
S01009791,75,33,65,46,10,11,0,0,2,42
S01009792,181,12,69,141,27,11,6,6,6,70
S01009793,268,19,94,210,72,18,10,10,11,135
S01009794,82,14,48,73,17,15,4,5,0,53
S01009795,133,7,74,90,33,17,2,3,3,61
S01009796,117,9,40,64,17,7,5,2,7,53
S01009797,152,18,41,117,28,15,1,2,5,60
S01009798,117,16,46,100,18,8,1,0,2,50
S01009799,73,32,67,51,23,4,0,2,1,70
S01009800,117,24,77,89,21,10,1,3,6,65
S01009801,94,46,57,67,19,4,3,4,1,64
S01009802,122,28,76,79,24,10,4,3,7,72
S01009803,61,21,48,55,12,6,1,0,2,59
S01009804,76,5,40,59,19,4,5,2,6,26
S01009805,99,29,63,68,16,5,1,1,7,69
S01009806,94,17,57,66,9,3,1,2,2,46
S01009807,91,19,75,69,9,4,4,2,2,69
S01009808,76,10,46,52,9,2,0,4,2,32
S01009809,79,23,54,68,14,4,1,0,1,46
S01009810,79,22,38,35,10,6,3,0,3,46
S01009811,96,36,86,74,15,8,4,5,5,75
S01009812,104,19,52,69,19,5,0,2,1,62
S01009813,95,17,39,42,3,6,1,2,1,39
S01009814,115,16,62,60,10,15,5,2,0,57
S01009815,89,20,56,56,9,4,3,2,3,41
S01009816,81,23,54,68,23,9,2,2,1,44
S01009817,85,12,57,62,17,3,2,3,0,42
S01009818,106,20,63,77,15,10,2,2,1,40
S01009819,81,10,36,47,20,2,5,0,3,32
S01009820,143,32,77,87,27,5,3,7,3,62
S01009821,105,11,48,69,22,5,6,0,3,45
S01009822,55,23,49,47,16,6,1,4,3,37
S01009823,67,28,42,41,12,9,0,3,1,55
S01009824,117,22,65,86,21,8,7,3,4,88
S01009825,105,47,71,82,11,8,3,3,6,70
S01009826,67,34,53,40,8,0,3,0,0,32
S01009827,93,35,60,78,24,4,2,0,3,75
S01009828,59,17,34,29,17,2,0,1,3,45
S01009829,129,35,80,99,24,10,1,4,5,63
S01009830,91,36,40,64,15,6,1,3,3,58
S01009831,71,23,46,60,19,9,2,1,4,33
S01009832,130,34,79,78,28,6,4,5,5,53
S01009833,62,50,38,51,10,2,3,2,2,41
S01009834,109,46,61,64,19,11,2,2,3,56
S01009835,58,36,50,33,7,3,1,0,2,44
S01009836,124,41,68,88,18,6,2,0,2,74
S01009837,79,43,51,33,16,4,1,2,2,37
S01009838,131,65,77,55,10,4,4,1,4,56
S01009839,112,47,76,47,19,1,2,2,4,63
S01009840,96,73,84,44,18,4,3,1,5,57
S01009841,80,34,62,57,10,4,0,3,7,56
S01009842,74,28,55,32,15,1,0,2,5,38
S01009843,107,48,73,41,15,9,0,2,7,61
S01009844,118,38,71,28,16,10,0,3,4,46
S01009845,80,27,73,30,6,4,2,1,2,52
S01009846,121,57,116,54,18,11,4,0,9,89
S01009847,111,44,69,40,10,2,1,2,5,45
S01009848,108,53,86,42,12,2,3,2,3,63
S01009849,130,17,94,50,20,7,1,1,1,45
S01009850,110,34,95,64,13,6,3,2,6,53
S01009851,135,27,93,74,12,12,4,3,3,66
S01009852,90,7,74,40,9,4,3,2,4,41
S01009853,111,12,69,69,18,9,0,5,5,57
S01009854,137,16,78,96,19,7,2,0,5,62
S01009855,87,6,71,53,5,4,4,4,4,43
S01009856,97,12,55,54,13,5,3,2,0,48
S01009857,128,16,100,73,14,5,2,3,8,47
S01009858,102,24,66,70,12,3,0,1,5,63
S01009859,142,58,112,41,13,5,2,4,5,70
S01009860,131,35,86,38,5,2,0,1,6,72
S01009861,134,42,100,27,21,7,0,5,3,68
S01009862,215,38,144,33,14,6,2,7,4,76
S01009863,144,26,122,29,13,7,5,4,10,64
S01009864,146,26,136,40,18,5,4,4,2,70
S01009865,190,29,143,43,12,2,3,7,4,75
S01009866,153,38,98,51,18,5,9,4,3,77
S01009867,242,79,142,45,36,11,9,4,8,77
S01009868,143,24,89,21,13,7,4,1,6,39
S01009869,141,15,100,26,9,3,11,1,7,57
S01009870,96,18,76,21,9,2,0,0,6,53
S01009871,165,26,113,24,25,3,5,2,6,70
S01009872,161,21,123,34,9,10,6,1,7,66
S01009873,144,7,84,27,12,8,9,3,1,59
S01009874,150,10,90,65,13,8,1,2,9,61
S01009875,124,28,75,21,17,0,3,5,7,47
S01009876,26,10,15,7,11,0,1,1,0,15
S01009877,147,21,109,38,20,12,9,2,9,74
S01009878,121,22,65,26,19,1,10,3,8,64
S01009879,185,12,118,21,26,8,2,2,14,45
S01009880,122,15,98,20,8,6,5,5,11,51
S01009881,125,20,79,33,21,7,13,1,2,66
S01009882,316,39,179,68,34,4,15,10,17,111
S01009883,137,16,72,35,10,2,12,2,8,52
S01009884,207,30,94,38,17,5,4,4,8,61
S01009885,137,21,75,33,19,2,6,4,7,40
S01009886,110,21,57,35,10,8,7,1,6,48
S01009887,124,33,79,49,25,2,5,2,4,82
S01009888,114,24,63,23,11,3,0,2,1,65
S01009889,148,35,66,36,16,3,4,2,2,71
S01009890,48,12,29,18,10,0,1,0,5,24
S01009891,107,23,73,32,8,1,4,4,5,71
S01009892,130,20,85,41,16,0,4,4,0,53
S01009893,145,31,92,31,8,4,3,2,2,81
S01009894,121,30,52,24,12,6,5,3,2,61
S01009895,123,32,69,63,19,1,4,4,1,56
S01009896,155,33,65,43,14,4,7,4,2,65
S01009897,168,36,82,64,26,2,7,6,5,93
S01009898,66,27,38,26,18,2,3,1,3,43
S01009899,194,20,66,109,34,10,7,5,6,50
S01009900,199,22,98,102,28,13,0,5,10,54
S01009901,248,24,114,99,37,14,9,4,16,66
S01009902,141,21,93,63,35,8,5,2,5,60
S01009903,184,25,104,52,16,5,6,8,5,65
S01009904,208,22,108,59,29,10,6,3,10,70
S01009905,163,18,106,41,17,5,4,6,9,57
S01009906,103,17,59,28,12,6,3,2,7,41
S01009907,201,37,124,52,19,5,4,2,8,71
S01009908,233,30,151,73,35,6,11,6,24,60
S01009909,258,24,155,70,28,13,17,8,8,71
S01009910,112,7,62,36,22,5,4,2,6,30
S01009911,178,24,107,48,17,10,8,4,12,43
S01009912,154,23,105,39,30,8,14,2,4,48
S01009913,129,6,69,43,24,11,6,6,9,58
S01009914,156,9,126,50,24,10,15,5,7,64
S01009915,198,13,103,34,13,5,12,4,12,60
S01009916,150,12,110,47,22,8,2,6,3,57
S01009917,146,18,75,60,18,11,1,3,4,31
S01009918,128,10,47,60,11,9,2,3,8,36
S01009919,256,30,142,84,33,10,11,4,10,65
S01009920,238,39,126,68,31,8,6,11,10,84
S01009921,209,23,124,57,26,10,10,8,10,62
S01009922,283,23,121,145,34,9,2,9,10,65
S01009923,172,33,126,90,23,15,7,10,11,67
S01009924,234,29,144,91,41,13,5,9,19,50
S01009925,233,16,99,96,23,6,3,8,7,47
S01009926,175,19,76,72,15,6,6,3,5,38
S01009927,116,21,56,62,17,7,3,0,5,38
S01009928,225,15,100,96,36,8,5,7,15,56
S01009929,123,17,55,45,17,6,0,8,11,24
S01009930,218,25,77,91,26,15,1,3,4,46
S01009931,207,20,90,88,27,10,2,7,11,44
S01009932,177,22,66,95,30,10,2,13,10,45
S01009933,148,16,83,85,16,5,1,8,6,48
S01009934,200,22,55,103,13,10,4,5,8,51
S01009935,194,14,48,126,20,6,4,7,6,46
S01009936,88,16,51,41,9,6,1,1,0,52
S01009937,67,7,13,36,7,6,0,5,1,21
S01009938,127,8,51,92,18,7,8,0,4,57
S01009939,61,6,17,44,6,2,0,4,0,48
S01009940,72,23,30,69,19,8,0,1,4,58
S01009941,159,23,40,114,27,11,2,0,2,71
S01009942,110,30,42,78,16,5,2,5,3,92
S01009943,84,30,52,71,21,4,0,2,3,64
S01009944,96,11,30,67,10,3,4,3,1,44
S01009945,132,34,58,119,23,6,1,2,3,71
S01009946,102,20,57,82,14,5,1,4,1,69
S01009947,82,7,22,67,10,2,0,0,3,42
S01009948,82,19,51,63,22,0,1,3,10,54
S01009949,113,18,52,91,11,8,0,2,4,55
S01009950,124,10,20,85,25,4,0,6,8,24
S01009951,120,10,25,84,20,9,3,0,3,23
S01009952,124,14,31,69,15,6,3,1,10,30
S01009953,133,8,35,97,19,7,2,5,9,45
S01009954,119,11,39,74,22,2,7,3,13,45
S01009955,178,26,59,141,31,10,2,9,9,59
S01009956,95,23,41,82,10,5,0,6,5,45
S01009957,139,19,38,84,28,5,4,2,7,37
S01009958,187,17,59,111,31,8,5,5,8,51
S01009959,129,4,17,74,16,5,2,2,5,33
S01009960,134,0,41,74,17,4,1,8,5,30
S01009961,107,15,35,96,15,4,2,3,0,35
S01009962,214,18,59,142,36,12,3,4,1,57
S01009963,106,12,36,119,17,8,3,3,9,45
S01009964,203,20,53,120,40,15,4,5,9,64
S01009965,146,7,39,97,24,3,7,3,4,69
S01009966,91,14,31,102,32,3,3,1,0,44
S01009967,151,10,31,86,36,6,5,4,7,31
S01009968,87,6,35,69,25,4,0,1,2,39
S01009969,114,5,38,84,52,3,3,3,10,53
S01009970,75,22,32,86,14,4,3,1,1,44
S01009971,115,24,57,107,29,6,0,3,5,89
S01009972,121,17,41,88,39,7,3,3,10,67
S01009973,69,24,37,92,24,3,4,2,1,67
S01009974,59,30,27,39,10,0,0,1,0,39
S01009975,82,21,40,70,21,4,0,1,4,63
S01009976,39,15,25,27,14,2,0,0,2,25
S01009977,56,12,28,65,16,0,0,0,3,44
S01009978,125,27,64,104,38,4,3,5,2,70
S01009979,92,14,28,74,26,6,2,4,4,49
S01009980,66,32,62,76,14,1,0,2,3,65
S01009981,56,22,44,62,16,2,0,0,0,59
S01009982,131,21,59,104,26,1,0,2,2,102
S01009983,49,10,33,49,16,0,0,1,0,58
S01009984,91,14,52,84,21,4,1,4,2,60
S01009985,47,14,24,42,15,2,1,2,1,36
S01009986,55,11,22,56,5,1,3,1,0,33
S01009987,93,20,39,63,14,0,2,3,2,59
S01009988,58,7,29,42,18,2,2,0,0,31
S01009989,95,22,62,96,23,3,1,2,0,61
S01009990,85,17,44,102,16,0,2,1,0,39
S01009991,109,16,62,62,25,3,0,0,0,55
S01009992,97,27,45,54,12,3,3,0,1,54
S01009993,104,17,46,93,23,1,1,2,4,68
S01009994,114,18,57,86,15,2,1,2,6,74
S01009995,84,8,46,71,16,3,0,1,2,46
S01009996,80,10,42,56,16,1,1,3,3,45
S01009997,96,7,31,77,24,4,1,1,1,56
S01009998,100,7,35,59,18,3,0,4,1,42
S01009999,104,13,50,70,17,1,3,3,5,37
S01010000,82,13,63,44,10,4,4,0,4,32
S01010001,92,12,57,78,27,0,2,5,5,47
S01010002,131,23,55,54,20,4,4,2,0,52
S01010003,82,7,57,53,19,4,7,3,5,45
S01010004,107,15,40,75,13,2,6,3,4,33
S01010005,286,14,95,159,42,10,3,8,9,90
S01010006,266,34,132,125,34,8,5,6,7,94
S01010007,171,11,69,99,30,9,6,8,5,49
S01010008,150,14,53,92,22,6,1,4,7,43
S01010009,128,15,44,117,26,7,1,5,3,46
S01010010,217,12,58,137,25,5,3,5,7,61
S01010011,144,11,87,66,20,14,4,5,6,46
S01010012,152,19,55,58,26,8,1,2,4,50
S01010013,175,27,86,90,26,6,7,6,6,65
S01010014,225,36,115,72,22,12,12,3,7,78
S01010015,160,23,106,75,23,10,8,6,6,65
S01010016,110,21,78,59,24,1,1,3,4,68
S01010017,65,17,59,18,6,1,1,4,2,40
S01010018,181,39,113,84,47,5,4,3,3,102
S01010019,79,16,73,43,17,4,4,2,4,35
S01010020,83,31,62,56,17,5,0,3,9,53
S01010021,126,17,72,48,29,3,3,5,1,50
S01010022,546,60,311,166,82,19,26,15,27,178
S01010023,51,19,36,12,5,0,2,1,3,35
S01010024,105,42,64,32,19,8,0,1,5,65
S01010025,86,16,27,30,11,2,2,6,1,35
S01010026,173,25,84,37,17,8,8,1,6,65
S01010027,173,55,103,39,21,3,6,8,7,54
S01010028,94,30,57,22,12,2,4,0,0,39
S01010029,85,27,38,13,5,5,3,1,3,34
S01010030,165,37,103,41,21,7,7,3,2,55
S01010031,214,104,57,33,20,8,13,9,12,48
S01010032,148,65,43,26,19,1,4,8,14,44
S01010033,282,45,171,81,40,8,8,4,10,112
S01010034,219,100,129,53,28,6,6,5,10,99
S01010035,72,23,24,13,7,1,2,2,2,18
S01010036,174,63,43,23,30,1,6,6,8,52
S01010037,77,34,40,26,8,2,4,0,6,53
S01010038,159,64,87,40,22,0,1,5,6,70
S01010039,234,108,76,44,24,6,10,7,15,55
S01010040,179,41,78,46,21,7,6,6,4,45
S01010041,175,84,49,12,18,10,8,6,11,42
S01010042,217,37,125,51,35,4,8,8,12,68
S01010043,118,25,114,18,22,4,7,5,4,57
S01010044,162,23,124,59,17,6,5,0,7,83
S01010045,60,19,41,29,8,0,0,1,0,39
S01010046,178,36,131,60,28,1,5,3,4,97
S01010047,83,20,58,22,21,1,4,0,0,49
S01010048,333,48,174,127,57,4,13,15,12,150
S01010049,90,26,53,33,21,5,1,2,5,64
S01010050,151,38,102,70,53,6,11,1,7,92
S01010051,127,23,84,34,24,4,1,4,0,62
S01010052,177,28,134,67,36,6,4,5,4,97
S01010053,124,36,91,39,23,0,8,2,3,66
S01010054,64,22,44,30,9,2,0,0,2,40
S01010055,125,40,83,43,25,8,4,3,2,73
S01010056,63,27,48,33,21,2,0,2,4,42
S01010057,53,20,51,30,19,1,5,0,1,37
S01010058,106,29,61,54,24,1,4,3,5,69
S01010059,104,21,53,67,24,0,3,2,2,36
S01010060,104,22,68,49,33,2,6,0,7,65
S01010061,75,19,21,60,25,0,0,4,0,56
S01010062,111,39,45,83,35,2,4,0,4,66
S01010063,120,35,55,76,29,1,2,5,6,84
S01010064,64,15,29,46,20,5,1,1,4,49
S01010065,94,25,38,59,25,3,4,0,3,53
S01010066,91,26,48,52,21,0,0,2,2,65
S01010067,71,22,41,28,23,2,2,0,5,41
S01010068,260,34,158,119,81,11,13,14,13,137
S01010069,136,23,35,82,45,4,0,4,4,67
S01010070,73,28,36,68,33,1,4,0,1,59
S01010071,117,24,34,79,30,2,6,2,3,64
S01010072,112,18,50,72,31,3,2,4,3,58
S01010073,104,22,51,70,45,3,3,6,2,60
S01010074,83,9,41,65,42,3,5,1,1,50
S01010075,75,13,33,57,27,0,1,0,2,56
S01010076,75,18,37,55,38,1,2,1,1,44
S01010077,65,19,32,55,26,2,6,1,0,40
S01010078,107,4,22,73,25,2,2,5,0,31
S01010079,146,13,43,72,38,2,2,2,5,59
S01010080,100,8,36,42,30,7,2,1,2,34
S01010081,89,8,40,57,35,1,2,3,1,47
S01010082,152,8,37,82,47,4,3,7,4,58
S01010083,71,10,31,55,20,1,3,5,0,50
S01010084,89,28,30,66,36,2,4,0,2,73
S01010085,88,9,35,69,38,6,3,3,2,60
S01010086,88,27,44,69,47,7,6,4,1,54
S01010087,73,10,21,48,24,1,0,5,2,42
S01010088,775,28,184,355,441,60,39,34,12,365
S01010089,81,10,28,36,44,7,3,6,0,53
S01010090,148,14,40,80,75,4,5,5,3,57
S01010091,183,8,32,105,79,6,11,12,3,72
S01010092,81,22,36,63,54,1,2,3,4,50
S01010093,97,22,30,70,62,9,7,5,2,57
S01010094,96,11,21,65,39,7,4,1,2,45
S01010095,87,11,24,65,29,1,4,4,4,51
S01010096,114,15,21,86,42,2,2,4,0,48
S01010097,116,15,27,66,49,2,5,1,3,49
S01010098,106,12,18,69,39,2,8,6,2,50
S01010099,121,17,27,66,42,5,0,0,1,49
S01010100,116,8,26,66,53,6,3,5,2,53
S01010101,107,18,21,53,51,6,2,4,0,49
S01010102,131,14,20,92,53,9,5,6,2,53
S01010103,185,23,59,125,103,18,5,7,3,109
S01010104,159,21,40,115,96,15,7,11,3,83
S01010105,37,13,12,32,17,2,0,0,0,41
S01010106,20,2,15,23,13,4,0,1,1,15
S01010107,58,13,27,48,41,1,1,0,0,54
S01010108,78,13,33,54,42,11,1,1,3,56
S01010109,181,5,31,90,94,15,6,8,3,75
S01010110,61,17,32,65,17,5,2,3,0,62
S01010111,63,22,31,48,33,5,1,0,0,48
S01010112,95,24,38,72,47,7,5,5,6,54
S01010113,75,29,15,48,32,4,2,2,1,50
S01010114,72,34,22,57,16,3,1,4,0,46
S01010115,56,16,27,54,27,4,1,3,1,65
S01010116,233,35,60,185,72,21,11,5,6,154
S01010117,282,33,48,187,130,27,6,6,8,153
S01010118,62,35,24,46,17,4,2,2,2,50
S01010119,61,14,17,47,21,0,5,0,0,38
S01010120,104,55,39,82,41,3,2,0,1,88
S01010121,47,21,17,42,7,2,1,1,2,51
S01010122,38,15,12,29,9,1,0,0,4,28
S01010123,79,35,37,81,29,0,1,2,2,58
S01010124,84,23,42,82,40,2,2,5,1,56
S01010125,43,23,21,46,14,1,3,0,3,32
S01010126,104,17,46,89,30,1,0,0,1,76
S01010127,56,21,31,59,17,2,1,0,0,47
S01010128,53,24,19,34,19,2,3,1,0,23
S01010129,76,40,23,43,20,5,0,0,5,62
S01010130,139,21,51,92,57,6,7,7,9,79
S01010131,130,12,42,83,36,1,4,5,2,51
S01010132,94,29,60,66,25,1,0,3,3,63
S01010133,64,15,47,34,22,1,2,2,3,56
S01010134,99,34,76,75,51,7,4,8,1,51
S01010135,80,20,56,43,18,0,3,0,2,51
S01010136,99,31,46,67,38,0,4,7,3,61
S01010137,129,19,51,102,45,4,1,1,1,51
S01010138,71,10,22,50,13,2,0,0,3,38
S01010139,95,20,53,84,43,4,4,2,1,66
S01010140,148,24,54,85,44,4,4,6,1,65
S01010141,78,30,64,63,31,0,0,0,1,76
S01010142,68,29,39,69,32,4,4,0,2,56
S01010143,91,21,55,58,32,2,2,1,1,67
S01010144,83,16,43,68,24,5,2,1,6,52
S01010145,109,23,44,51,29,1,2,0,5,47
S01010146,95,14,45,41,27,0,2,0,3,56
S01010147,75,30,65,70,17,2,1,1,2,76
S01010148,201,25,119,84,47,2,4,0,2,106
S01010149,174,27,109,79,53,0,12,3,6,103
S01010150,74,15,54,25,20,0,3,1,8,65
S01010151,79,9,54,35,22,2,2,1,5,46
S01010152,87,16,88,31,27,2,5,7,2,62
S01010153,105,19,101,68,34,1,2,3,5,68
S01010154,108,19,75,28,22,8,5,3,2,46
S01010155,81,14,73,33,28,1,1,2,0,45
S01010156,46,8,42,25,19,0,0,0,1,31
S01010157,54,11,54,37,13,2,0,2,1,35
S01010158,95,13,77,53,23,2,4,4,1,48
S01010159,66,18,38,47,28,0,1,2,0,36
S01010160,43,41,19,34,7,1,2,3,2,43
S01010161,92,19,62,56,26,1,3,1,2,59
S01010162,74,32,31,45,20,0,2,3,1,55
S01010163,71,25,66,44,28,3,3,1,0,53
S01010164,95,28,58,67,29,2,3,0,7,64
S01010165,83,24,30,41,21,0,6,0,0,34
S01010166,146,45,61,110,58,10,6,2,1,76
S01010167,69,19,36,52,17,4,0,0,5,57
S01010168,61,9,23,46,21,3,1,2,1,42
S01010169,66,15,44,60,37,2,1,1,0,60
S01010170,51,22,26,31,15,0,0,0,0,38
S01010171,103,27,39,88,46,4,1,1,3,75
S01010172,105,9,79,48,24,0,0,4,5,46
S01010173,75,7,87,45,13,7,0,1,1,64
S01010174,102,21,44,28,24,0,4,0,1,57
S01010175,60,5,41,33,28,1,3,2,0,47
S01010176,89,9,83,44,20,0,2,0,4,68
S01010177,73,19,44,48,17,1,1,0,2,45
S01010178,100,14,79,63,21,2,3,0,5,55
S01010179,64,13,84,35,31,2,1,2,1,47
S01010180,109,9,71,59,35,5,6,0,4,66
S01010181,44,10,44,37,17,0,2,0,3,35
S01010182,91,7,49,52,26,0,1,0,4,52
S01010183,52,11,47,27,7,1,5,0,0,27
S01010184,49,15,58,41,13,0,0,1,3,49
S01010185,92,21,94,47,15,0,5,0,0,53
S01010186,113,4,40,62,28,3,7,2,0,37
S01010187,86,3,48,79,34,4,0,0,1,40
S01010188,375,6,107,240,129,15,16,11,15,172
S01010189,166,10,61,106,47,5,3,3,9,89
S01010190,168,7,46,108,60,4,6,7,2,82
S01010191,120,8,49,79,34,0,7,4,3,71
S01010192,165,8,57,91,45,10,12,0,4,62
S01010193,115,11,52,102,44,8,7,3,4,70
S01010194,74,18,69,46,24,1,1,0,0,31
S01010195,74,28,67,37,21,2,2,0,3,44
S01010196,58,7,55,42,15,1,0,0,1,26
S01010197,78,12,50,58,14,4,2,0,0,58
S01010198,103,27,73,73,25,1,1,3,2,73
S01010199,53,17,58,37,16,0,2,0,2,46
S01010200,87,21,52,56,13,2,2,2,0,36
S01010201,86,29,68,50,18,2,0,1,1,52
S01010202,79,10,71,30,11,0,0,1,5,39
S01010203,110,28,80,49,14,3,4,3,5,68
S01010204,85,18,45,29,18,0,0,0,2,33
S01010205,71,27,50,36,12,3,1,0,0,33
S01010206,0,0,0,0,0,0,0,0,0,0
S01010207,16,8,21,5,4,0,0,1,1,9
S01010208,129,35,123,37,36,8,7,3,2,72
S01010209,128,24,96,51,28,3,6,1,5,66
S01010210,129,18,84,61,25,1,4,8,6,63
S01010211,70,33,56,33,17,1,0,2,2,33
S01010212,134,49,108,52,14,0,6,2,4,72
S01010213,95,41,85,43,28,0,1,2,3,59
S01010214,145,23,110,66,23,2,5,2,2,80
S01010215,83,23,52,25,18,1,2,2,0,56
S01010216,62,16,54,17,8,1,0,0,1,32
S01010217,81,14,51,11,8,0,1,1,1,40
S01010218,127,34,92,67,18,5,2,2,4,50
S01010219,20,6,10,4,1,0,0,0,0,6
S01010220,104,29,52,18,20,9,10,2,8,50
S01010221,85,22,57,18,17,1,3,2,2,44
S01010222,116,31,73,31,12,1,1,4,5,46
S01010223,61,29,49,23,6,1,0,1,3,38
S01010224,126,26,109,31,15,1,3,2,7,76
S01010225,95,29,83,31,7,4,1,4,3,74
S01010226,0,0,0,0,0,0,0,0,0,0
S01010227,0,0,0,0,0,0,0,0,0,0
S01010228,106,17,113,53,32,4,4,3,0,97
S01010229,165,65,123,75,28,5,5,5,6,111
S01010230,126,31,47,39,21,2,0,8,3,92
S01010231,116,53,85,44,22,3,0,3,1,77
S01010232,90,48,69,22,21,1,0,3,3,63
S01010233,75,42,72,31,12,3,0,0,0,33
S01010234,219,37,132,67,27,9,9,8,2,83
S01010235,177,39,115,33,35,5,7,8,6,59
S01010236,143,47,98,43,32,1,8,10,11,50
S01010237,153,32,89,39,27,8,5,4,4,63
S01010238,171,37,99,38,21,7,6,4,10,62
S01010239,126,39,88,30,15,0,2,4,2,34
S01010240,143,30,103,44,30,4,8,3,8,42
S01010241,183,29,151,56,42,0,9,4,8,68
S01010242,99,29,106,39,15,1,1,0,0,31
S01010243,163,28,117,60,32,2,4,4,7,75
S01010244,89,33,67,20,8,1,6,1,1,41
S01010245,73,28,58,18,15,0,0,1,4,47
S01010246,113,25,83,20,20,0,4,0,5,50
S01010247,97,19,91,36,32,4,3,1,4,49
S01010248,177,42,141,49,44,9,11,11,10,64
S01010249,160,24,119,41,18,8,6,4,13,33
S01010250,186,34,107,53,27,2,4,5,9,52
S01010251,155,40,87,34,24,11,6,6,7,35
S01010252,150,26,70,28,19,4,4,6,1,46
S01010253,84,37,61,24,15,6,2,3,3,37
S01010254,146,49,78,38,27,6,6,5,5,54
S01010255,128,29,78,22,27,3,4,3,4,57
S01010256,124,41,74,47,20,3,4,0,3,39
S01010257,192,92,72,24,21,1,4,6,8,71
S01010258,147,96,39,20,14,4,12,6,5,32
S01010259,102,74,15,15,11,5,8,2,6,60
S01010260,257,123,62,29,30,8,8,7,9,73
S01010261,140,91,54,29,20,1,3,5,8,55
S01010262,87,43,38,19,4,0,2,3,8,29
S01010263,133,106,30,26,18,2,10,1,7,55
S01010264,182,115,39,23,18,0,7,7,4,71
S01010265,198,120,27,19,11,2,8,4,16,38
S01010266,130,60,42,21,7,5,3,1,4,33
S01010267,98,91,34,7,6,0,8,1,4,24
S01010268,128,97,34,19,22,5,7,3,5,38
S01010269,85,46,24,9,13,8,5,3,0,22
S01010270,184,99,54,22,22,14,5,3,5,58
S01010271,125,83,31,18,16,1,9,0,8,54
S01010272,207,129,57,29,21,0,9,6,9,59
S01010273,205,121,27,20,10,1,5,0,13,45
S01010274,140,81,38,28,11,1,3,8,5,49
S01010275,135,92,31,22,9,1,5,0,16,26
S01010276,281,90,88,36,28,11,12,10,11,62
S01010277,92,73,53,22,11,1,3,0,7,46
S01010278,102,83,36,24,7,8,3,0,3,46
S01010279,85,48,42,23,16,2,7,3,0,43
S01010280,177,106,67,26,21,5,5,2,17,46
S01010281,180,94,55,28,27,7,4,5,6,48
S01010282,138,62,83,28,16,0,5,5,10,58
S01010283,233,83,115,38,23,7,6,6,10,75
S01010284,255,78,170,47,30,8,5,6,15,67
S01010285,138,60,80,32,16,0,7,1,10,44
S01010286,199,70,107,24,19,7,8,5,5,55
S01010287,111,39,75,11,13,6,1,8,7,34
S01010288,188,81,75,29,24,5,10,6,16,52
S01010289,234,79,75,31,36,12,3,2,14,55
S01010290,148,61,60,23,23,6,6,6,4,43
S01010291,162,57,95,32,6,0,7,7,16,50
S01010292,153,59,98,22,21,7,6,2,7,23
S01010293,124,47,53,16,18,2,5,4,4,38
S01010294,92,57,57,11,18,3,6,3,4,28
S01010295,164,88,102,23,29,3,8,0,11,51
S01010296,99,56,53,7,15,5,2,3,5,35
S01010297,157,94,82,40,22,8,5,4,10,73
S01010298,126,47,64,16,18,4,0,3,4,39
S01010299,87,27,44,25,15,1,5,4,2,37
S01010300,139,72,72,26,18,6,1,7,5,54
S01010301,81,27,37,12,12,1,3,2,3,19
S01010302,88,25,57,17,11,2,0,4,4,48
S01010303,69,21,39,18,7,5,2,3,3,40
S01010304,108,21,62,23,8,0,4,1,5,25
S01010305,147,36,98,22,22,4,3,1,11,49
S01010306,125,41,87,24,16,5,8,4,5,36
S01010307,192,42,125,25,33,6,5,2,12,41
S01010308,180,58,130,45,24,3,13,4,7,61
S01010309,29,9,29,13,4,2,0,0,0,11
S01010310,100,17,52,16,6,2,0,2,5,44
S01010311,68,27,51,23,18,1,0,2,5,38
S01010312,93,27,63,22,17,2,2,6,1,69
S01010313,63,27,55,16,8,0,1,2,3,47
S01010314,173,48,122,48,20,5,6,5,2,79
S01010315,148,28,109,47,17,7,7,0,6,69
S01010316,78,21,61,13,9,6,2,1,5,59
S01010317,230,38,134,35,28,14,7,6,9,60
S01010318,146,39,121,39,13,6,2,3,4,61
S01010319,149,16,104,34,12,8,5,2,8,38
S01010320,150,23,118,29,16,4,8,3,1,53
S01010321,132,33,101,29,12,11,4,2,11,49
S01010322,192,33,143,44,22,18,6,6,9,45
S01010323,47,13,51,20,4,1,0,2,5,28
S01010324,60,29,67,22,9,1,1,0,0,51
S01010325,96,23,89,61,11,1,3,3,0,71
S01010326,158,36,122,51,20,4,4,0,6,94
S01010327,134,31,75,45,24,6,0,1,4,68
S01010328,111,27,124,50,21,2,2,0,1,66
S01010329,79,15,51,31,12,0,6,1,0,40
S01010330,56,7,54,25,9,1,5,1,1,35
S01010331,85,29,100,49,24,1,4,0,1,60
S01010332,87,24,70,40,20,1,1,1,3,63
S01010333,127,24,87,64,19,6,6,4,1,75
S01010334,157,33,103,89,27,5,6,1,0,87
S01010335,78,28,91,48,20,1,5,1,2,57
S01010336,65,9,27,45,5,2,0,0,4,44
S01010337,76,24,68,49,12,0,2,0,1,68
S01010338,46,9,43,31,8,1,0,0,1,34
S01010339,53,14,60,45,19,0,0,2,0,43
S01010340,102,23,64,58,14,1,2,4,2,37
S01010341,78,21,52,56,20,2,4,0,7,52
S01010342,73,14,51,88,20,4,1,0,1,51
S01010343,147,5,70,117,30,6,2,5,3,69
S01010344,70,13,56,29,11,3,1,0,0,46
S01010345,151,5,60,101,28,11,3,6,6,83
S01010346,167,15,83,100,25,3,4,3,6,56
S01010347,117,27,63,76,15,2,3,5,7,36
S01010348,128,14,56,78,12,3,0,0,4,59
S01010349,90,23,57,78,18,2,4,0,0,61
S01010350,106,21,105,64,19,4,2,5,1,62
S01010351,144,23,94,75,24,4,5,7,6,68
S01010352,68,10,46,34,13,1,0,1,0,22
S01010353,89,11,65,49,14,1,2,0,9,56
S01010354,72,19,70,54,13,1,0,1,0,55
S01010355,107,28,69,40,10,7,4,0,2,61
S01010356,134,23,100,59,25,5,10,0,7,78
S01010357,69,16,38,19,6,3,0,1,2,38
S01010358,104,29,83,30,17,6,0,0,2,76
S01010359,84,20,75,27,13,4,2,1,0,41
S01010360,113,18,82,42,18,5,1,1,0,40
S01010361,61,19,68,29,4,1,0,2,0,55
S01010362,74,19,73,30,13,5,2,0,5,37
S01010363,165,16,100,62,21,10,6,1,6,46
S01010364,183,23,97,76,24,9,1,2,6,39
S01010365,164,25,99,52,27,10,9,3,22,40
S01010366,208,23,122,67,25,9,14,4,9,49
S01010367,203,34,137,50,27,10,12,0,14,56
S01010368,176,25,74,36,22,7,17,1,16,28
S01010369,150,29,113,32,13,7,6,5,4,58
S01010370,177,36,89,29,13,3,8,3,9,36
S01010371,209,72,118,43,30,7,12,7,16,63
S01010372,131,33,71,24,14,5,3,1,12,30
S01010373,166,34,123,28,15,7,6,4,13,43
S01010374,180,44,104,22,28,7,7,5,10,37
S01010375,100,32,51,13,12,3,4,5,7,19
S01010376,120,34,73,15,7,1,4,2,9,28
S01010377,113,39,86,13,12,5,5,3,9,32
S01010378,98,35,73,18,8,3,9,5,11,31
S01010379,173,49,86,27,7,5,7,2,5,42
S01010380,193,65,114,37,27,7,6,11,8,47
S01010381,101,30,51,20,12,3,8,0,3,29
S01010382,164,53,115,29,12,3,8,5,5,41
S01010383,105,34,61,12,10,4,0,0,2,26
S01010384,196,66,119,27,20,12,7,9,7,42
S01010385,132,35,113,46,16,3,13,0,10,56
S01010386,141,36,95,29,13,6,6,6,10,49
S01010387,187,51,150,49,15,4,13,7,12,63
S01010388,168,34,116,36,14,3,10,3,5,60
S01010389,259,45,143,62,12,10,22,11,10,69
S01010390,255,44,169,83,33,22,11,6,10,81
S01010391,156,44,101,55,26,6,7,0,4,56
S01010392,171,18,112,37,9,14,15,6,9,35
S01010393,232,33,143,70,18,19,6,5,8,63
S01010394,124,23,102,50,17,7,7,4,6,51
S01010395,203,37,171,71,19,11,14,4,8,50
S01010396,193,58,135,51,15,10,15,6,12,45
S01010397,156,26,74,29,9,5,9,5,5,25
S01010398,217,37,141,75,26,17,9,3,8,54
S01010399,276,41,154,83,28,26,20,4,24,49
S01010400,237,50,125,58,18,8,7,4,13,42
S01010401,125,33,84,30,15,13,6,0,11,37
S01010402,204,46,129,57,19,17,18,1,13,64
S01010403,213,41,129,36,32,8,13,3,13,30
S01010404,174,36,106,35,19,7,11,5,12,61
S01010405,207,35,136,44,20,8,8,7,26,47
S01010406,183,42,92,37,24,5,4,6,12,44
S01010407,137,49,80,31,18,6,3,4,10,56
S01010408,89,12,41,68,17,9,4,3,7,22
S01010409,95,10,28,53,12,7,8,0,4,32
S01010410,131,19,65,81,17,12,1,2,13,42
S01010411,203,21,85,91,29,16,9,6,8,25
S01010412,163,19,84,46,29,14,17,1,1,44
S01010413,126,11,61,57,12,9,4,5,6,19
S01010414,167,28,71,92,20,12,6,4,13,47
S01010415,176,38,101,74,17,16,13,10,5,62
S01010416,130,17,55,63,13,4,0,3,7,22
S01010417,121,18,67,57,9,8,3,0,5,30
S01010418,255,24,131,84,21,11,22,6,18,54
S01010419,199,25,127,72,23,23,9,4,8,46
S01010420,95,12,49,60,14,3,6,3,10,17
S01010421,126,14,74,74,18,13,9,3,4,34
S01010422,155,32,69,121,29,19,10,2,9,55
S01010423,110,34,69,69,9,8,3,3,5,61
S01010424,115,33,65,80,9,4,6,4,6,55
S01010425,137,22,66,89,13,1,4,4,3,56
S01010426,87,15,45,47,14,6,6,5,6,45
S01010427,103,11,34,66,9,3,3,2,2,72
S01010428,119,11,38,72,14,4,3,1,3,31
S01010429,199,17,86,115,21,14,7,2,5,43
S01010430,110,10,66,74,25,5,3,3,2,77
S01010431,112,11,43,71,13,11,1,3,4,31
S01010432,100,18,59,79,12,3,2,0,2,46
S01010433,37,4,23,28,4,1,2,0,3,26
S01010434,89,7,31,50,12,6,1,4,1,42
S01010435,89,11,47,60,20,6,0,1,2,40
S01010436,111,11,54,68,16,7,4,2,6,51
S01010437,78,4,27,57,10,9,1,0,3,50
S01010438,104,26,61,74,16,11,1,0,5,69
S01010439,136,14,62,89,26,14,9,2,4,75
S01010440,85,11,57,54,22,5,2,2,3,36
S01010441,196,16,101,110,59,12,9,3,4,77
S01010442,107,18,55,63,8,8,1,1,2,68
S01010443,62,14,42,52,21,3,1,1,1,39
S01010444,68,11,41,64,20,8,2,0,0,45
S01010445,123,20,57,42,19,6,2,1,3,51
S01010446,125,21,64,81,29,9,4,1,2,67
S01010447,106,21,67,69,18,16,3,0,2,46
S01010448,98,19,61,93,32,11,1,2,2,59
S01010449,108,11,69,59,24,4,5,2,5,42
S01010450,100,14,72,78,22,1,2,0,4,42
S01010451,96,14,44,45,26,10,8,0,5,62
S01010452,135,10,51,60,18,8,1,0,3,49
S01010453,87,9,30,45,18,5,0,4,6,29
S01010454,101,16,62,75,19,10,2,0,2,65
S01010455,70,13,42,40,11,5,0,1,2,45
S01010456,84,6,49,46,23,6,1,1,4,38
S01010457,56,7,42,56,12,3,2,2,0,36
S01010458,94,8,39,52,12,6,3,2,6,50
S01010459,68,8,34,47,11,2,0,0,0,31
S01010460,129,10,50,64,21,10,3,4,6,47
S01010461,75,7,57,74,12,6,2,0,6,55
S01010462,74,5,23,36,10,4,1,0,3,45
S01010463,105,15,83,89,23,5,3,1,8,48
S01010464,83,9,46,46,18,5,8,2,4,30
S01010465,183,22,87,103,25,12,15,1,7,64
S01010466,158,30,78,81,19,5,3,0,7,45
S01010467,119,21,77,58,12,11,3,2,11,33
S01010468,157,29,89,89,22,11,4,2,7,57
S01010469,104,24,61,62,8,6,4,4,1,37
S01010470,111,7,70,63,15,9,1,5,0,64
S01010471,105,15,69,53,15,5,1,5,1,53
S01010472,129,16,77,96,21,8,2,1,11,46
S01010473,124,27,69,78,20,4,4,5,3,39
S01010474,111,18,72,79,18,4,6,0,9,32
S01010475,136,25,66,106,22,8,4,4,5,52
S01010476,214,26,88,117,28,11,9,4,9,65
S01010477,119,19,72,56,15,5,0,1,4,53
S01010478,98,6,51,69,17,8,4,0,7,56
S01010479,124,13,89,112,23,8,2,2,4,67
S01010480,95,12,55,71,18,4,3,1,1,33
S01010481,63,27,47,53,6,4,2,2,3,35
S01010482,112,16,52,67,17,10,5,0,3,50
S01010483,165,21,91,118,34,10,4,2,1,84
S01010484,79,14,57,48,10,7,0,0,3,42
S01010485,140,25,82,90,34,15,2,2,5,54
S01010486,136,17,56,89,26,11,4,3,5,71
S01010487,147,30,81,114,32,10,2,1,1,97
S01010488,63,19,45,54,11,3,1,0,4,42
S01010489,118,31,85,100,24,13,2,1,4,61
S01010490,69,19,33,41,18,1,2,0,1,31
S01010491,71,25,52,64,17,6,0,1,0,54
S01010492,58,15,43,49,24,4,1,2,3,33
S01010493,63,20,45,64,20,0,2,0,0,47
S01010494,66,15,37,51,21,5,1,1,1,38
S01010495,76,20,73,55,29,4,0,1,5,32
S01010496,81,41,51,63,23,4,2,5,0,56
S01010497,76,17,27,28,27,5,0,0,0,38
S01010498,79,25,67,66,37,4,1,0,2,64
S01010499,57,24,33,50,17,4,0,5,0,42
S01010500,111,30,44,92,38,10,1,2,5,53
S01010501,144,32,67,103,49,13,4,1,9,93
S01010502,125,29,51,64,33,6,5,3,2,66
S01010503,60,25,32,48,23,3,0,0,4,38
S01010504,151,61,4,12,7,2,9,6,7,48
S01010505,109,11,14,16,22,11,4,17,14,69
S01010506,195,54,35,25,36,3,3,27,22,93
S01010507,96,164,3,1,12,0,4,12,21,89
S01010508,219,72,31,9,36,28,24,18,39,76
S01010509,205,32,49,67,46,18,2,18,15,85
S01010510,111,96,126,8,5,1,3,6,15,87
S01010511,107,60,139,17,9,4,1,3,12,70
S01010512,62,36,136,5,5,2,9,0,7,48
S01010513,117,39,146,4,9,0,0,3,9,58
S01010514,85,35,134,8,7,0,0,5,15,62
S01010515,105,50,119,6,6,0,5,1,7,65
S01010516,147,52,89,16,4,0,6,1,11,32
S01010517,100,113,106,6,9,4,1,0,17,60
S01010518,98,51,101,14,8,2,0,2,10,55
S01010519,77,77,131,14,5,5,4,0,14,53
S01010520,116,154,92,6,13,5,4,2,13,59
S01010521,132,105,96,15,9,0,0,4,6,54
S01010522,70,67,50,1,10,0,2,3,18,44
S01010523,75,74,64,6,9,3,2,1,20,54
S01010524,109,9,14,20,61,2,3,3,15,37
S01010525,134,11,25,15,33,21,14,2,18,51
S01010526,157,48,40,6,89,8,4,2,26,65
S01010527,135,65,0,17,107,5,0,14,14,84
S01010528,138,18,9,12,61,24,3,6,23,58
S01010529,111,23,1,12,135,7,2,3,16,62
S01010530,138,23,8,2,58,13,9,5,7,44
S01010531,165,97,26,40,26,51,2,28,14,83
S01010532,89,18,15,12,25,12,12,5,14,25
S01010533,88,39,11,7,25,10,3,14,14,47
S01010534,115,78,11,35,51,12,4,18,11,83
S01010535,129,12,14,42,44,4,3,19,15,43
S01010536,84,114,10,19,27,7,13,11,10,79
S01010537,114,86,13,10,24,12,19,10,11,62
S01010538,161,112,57,19,33,6,40,11,17,91
S01010539,175,108,54,22,35,13,17,25,20,77
S01010540,84,12,14,30,27,3,19,9,15,37
S01010541,157,27,6,42,82,12,48,8,9,82
S01010542,141,25,4,61,46,6,9,23,11,67
S01010543,123,11,14,26,20,2,15,2,5,44
S01010544,115,127,8,5,27,27,29,15,9,85
S01010545,128,115,2,5,22,16,15,11,9,56
S01010546,100,75,18,1,15,16,17,17,5,40
S01010547,152,15,40,28,35,26,22,15,16,59
S01010548,112,3,11,21,37,34,5,7,9,52
S01010549,251,47,116,13,71,175,52,6,17,132
S01010550,81,7,48,15,18,33,7,2,8,38
S01010551,134,6,35,26,24,57,14,2,4,64
S01010552,117,12,23,31,76,33,8,8,7,53
S01010553,131,6,5,18,31,52,17,5,9,57
S01010554,96,62,20,1,20,40,8,1,6,53
S01010555,116,84,14,3,22,73,12,1,6,73
S01010556,85,108,17,4,19,54,9,2,8,47
S01010557,63,73,12,3,13,40,3,0,3,44
S01010558,95,94,15,7,26,61,16,0,11,60
S01010559,97,43,11,7,12,41,9,4,5,36
S01010560,91,50,10,2,18,55,12,4,7,33
S01010561,85,39,14,6,17,52,14,3,4,14
S01010562,71,56,21,3,21,59,11,3,7,47
S01010563,41,46,24,4,16,47,9,1,2,35
S01010564,33,20,23,0,10,43,11,1,0,44
S01010565,67,24,30,8,7,56,5,2,4,48
S01010566,249,33,9,20,139,67,21,6,9,109
S01010567,169,1,40,144,43,22,9,4,14,107
S01010568,309,15,36,62,334,22,6,3,27,119
S01010569,333,16,63,56,122,19,4,13,15,97
S01010570,122,13,41,15,167,9,1,6,7,82
S01010571,111,10,75,92,7,6,3,3,1,65
S01010572,76,21,96,79,6,11,3,6,4,47
S01010573,74,12,56,59,6,7,2,2,2,48
S01010574,75,13,47,77,5,7,5,0,3,36
S01010575,92,8,19,116,3,5,2,0,5,32
S01010576,115,12,33,124,14,14,4,3,6,56
S01010577,88,16,99,63,3,3,9,1,5,58
S01010578,67,13,90,45,6,4,0,2,2,33
S01010579,92,12,64,87,6,14,2,3,7,48
S01010580,91,11,88,83,10,1,2,2,6,59
S01010581,67,19,39,67,4,8,1,0,6,37
S01010582,196,86,207,56,12,20,7,6,17,113
S01010583,128,14,150,74,9,9,2,2,7,64
S01010584,135,13,103,119,12,15,12,9,8,79
S01010585,118,19,110,133,7,17,4,5,14,70
S01010586,120,7,73,82,7,23,2,0,15,44
S01010587,90,10,111,18,5,7,0,1,6,49
S01010588,85,44,70,12,7,6,2,2,6,36
S01010589,48,15,110,25,3,10,2,1,1,35
S01010590,139,3,133,47,13,19,1,1,7,60
S01010591,239,17,262,90,41,26,5,6,11,130
S01010592,73,33,92,3,6,8,4,2,5,27
S01010593,304,49,356,66,31,37,2,6,21,135
S01010594,97,59,126,4,17,9,4,2,4,48
S01010595,118,90,109,11,15,9,4,3,12,59
S01010596,319,38,299,124,42,44,16,1,26,181
S01010597,132,27,166,38,13,22,5,5,6,68
S01010598,172,28,160,78,14,17,1,6,13,75
S01010599,309,30,204,205,42,33,9,7,29,175
S01010600,153,26,188,17,13,19,4,7,10,81
S01010601,90,21,103,5,7,8,0,3,4,36
S01010602,68,7,106,24,7,8,1,2,4,45
S01010603,91,20,147,15,6,7,1,3,7,59
S01010604,61,10,92,6,4,6,0,1,5,21
S01010605,137,12,177,20,11,16,2,3,9,59
S01010606,91,31,169,16,10,11,2,3,11,71
S01010607,110,40,124,0,7,7,1,1,4,55
S01010608,63,32,113,18,5,6,0,0,4,64
S01010609,53,18,128,3,4,4,2,0,4,41
S01010610,107,18,117,2,12,4,1,0,8,39
S01010611,109,38,196,7,21,11,3,0,4,82
S01010612,89,53,116,4,11,7,2,1,2,52
S01010613,90,45,82,0,6,0,0,2,2,26
S01010614,61,24,129,3,6,7,1,0,4,43
S01010615,137,31,160,8,10,10,2,4,7,58
S01010616,116,74,110,5,14,10,2,8,9,48
S01010617,93,76,133,6,12,15,6,4,6,59
S01010618,100,46,130,3,8,1,1,5,10,42
S01010619,92,110,58,4,8,4,1,2,5,44
S01010620,85,134,57,14,14,8,0,2,18,68
S01010621,137,129,72,10,9,12,4,4,15,48
S01010622,64,85,71,4,10,4,3,2,3,42
S01010623,88,85,50,3,70,9,2,4,9,56
S01010624,91,103,70,8,13,6,4,1,6,48
S01010625,99,61,60,4,4,7,2,3,5,41
S01010626,132,77,107,5,6,10,1,2,6,42
S01010627,145,76,86,8,13,5,1,10,15,52
S01010628,144,127,103,1,12,6,5,6,16,53
S01010629,131,121,45,4,12,15,1,0,13,47
S01010630,79,43,71,3,14,8,0,6,5,36
S01010631,64,63,75,3,10,3,0,5,10,55
S01010632,129,85,119,7,16,9,1,3,5,78
S01010633,97,60,157,9,19,9,0,2,4,80
S01010634,51,46,87,4,14,1,0,1,4,28
S01010635,77,93,84,2,10,5,1,2,7,44
S01010636,131,89,100,7,7,11,1,3,6,56
S01010637,80,77,56,0,9,5,0,3,4,37
S01010638,101,87,99,1,19,11,0,2,7,62
S01010639,150,175,116,8,18,10,1,6,4,99
S01010640,126,104,66,2,11,7,5,1,11,57
S01010641,99,129,66,8,11,7,0,4,2,53
S01010642,133,167,113,5,7,7,2,5,11,92
S01010643,68,50,103,10,8,11,0,4,5,55
S01010644,54,75,74,4,10,0,2,4,2,41
S01010645,56,21,90,15,13,2,2,4,3,36
S01010646,97,16,117,14,14,6,2,2,3,50
S01010647,89,25,110,2,11,8,1,3,7,46
S01010648,83,47,106,8,7,8,4,1,9,53
S01010649,82,16,83,18,10,9,0,3,4,34
S01010650,232,47,259,84,28,21,1,8,25,121
S01010651,71,21,102,17,6,3,1,3,4,56
S01010652,128,22,176,38,18,5,4,5,3,57
S01010653,80,21,98,13,9,2,0,1,5,32
S01010654,103,39,125,16,14,6,0,0,5,57
S01010655,202,18,10,15,57,47,23,15,20,97
S01010656,107,6,5,25,112,12,3,1,8,69
S01010657,118,7,5,17,97,9,3,2,8,57
S01010658,125,6,46,88,51,6,1,6,9,67
S01010659,128,7,16,22,111,6,4,2,7,57
S01010660,87,28,8,5,82,9,3,0,2,52
S01010661,89,28,10,12,91,2,2,4,6,63
S01010662,123,10,10,25,157,11,0,4,4,76
S01010663,141,18,29,13,123,12,2,3,9,88
S01010664,137,7,8,25,11,81,18,3,15,65
S01010665,182,21,17,19,72,41,36,16,23,104
S01010666,160,76,14,8,14,134,11,11,18,95
S01010667,145,19,13,7,51,38,5,4,15,51
S01010668,230,101,10,17,24,8,20,41,19,80
S01010669,94,14,23,14,32,20,6,4,20,75
S01010670,123,19,27,62,55,12,6,2,27,75
S01010671,119,14,31,50,43,7,5,0,12,50
S01010672,78,104,4,25,39,11,9,2,9,59
S01010673,171,56,36,23,48,21,0,1,29,104
S01010674,197,58,24,35,66,21,15,0,12,92
S01010675,137,18,17,13,54,8,9,6,12,71
S01010676,181,30,40,45,42,14,9,5,24,74
S01010677,102,27,18,24,28,6,4,0,20,32
S01010678,139,26,38,7,11,51,7,5,16,87
S01010679,92,95,4,0,10,10,2,1,13,34
S01010680,97,146,10,2,8,8,9,0,6,60
S01010681,117,222,1,5,17,15,7,0,14,113
S01010682,213,16,19,73,105,6,5,6,16,109
S01010683,203,31,15,27,43,65,15,11,19,75
S01010684,181,12,19,16,54,32,4,6,28,64
S01010685,125,14,28,25,10,19,13,1,11,54
S01010686,136,18,8,56,23,3,4,5,19,54
S01010687,113,78,48,19,12,4,13,3,24,81
S01010688,173,30,38,17,25,5,5,9,32,67
S01010689,130,40,27,21,20,6,6,5,25,60
S01010690,103,103,7,1,2,9,0,0,23,49
S01010691,148,16,31,41,22,10,4,5,26,77
S01010692,127,183,7,4,4,8,2,4,15,75
S01010693,141,14,28,11,5,13,2,9,16,53
S01010694,91,16,18,16,23,10,2,0,21,42
S01010695,150,4,25,25,32,49,3,1,15,45
S01010696,140,32,1,74,26,74,3,11,13,121
S01010697,172,13,20,51,44,89,6,6,18,91
S01010698,155,25,10,18,20,36,21,9,16,74
S01010699,102,7,20,32,34,33,13,0,2,60
S01010700,91,0,6,32,29,44,1,0,8,46
S01010701,141,17,17,58,62,72,1,4,14,89
S01010702,133,10,30,56,25,56,20,0,14,67
S01010703,143,12,31,53,101,19,3,5,12,74
S01010704,73,21,12,24,81,11,1,5,5,47
S01010705,205,43,36,70,200,27,6,8,9,126
S01010706,94,38,11,17,118,10,0,2,7,84
S01010707,176,7,54,51,183,29,8,5,16,102
S01010708,81,6,40,9,63,9,0,0,7,44
S01010709,107,6,52,16,67,17,1,2,4,58
S01010710,84,18,45,9,63,9,3,2,7,64
S01010711,104,13,42,23,86,9,3,8,20,47
S01010712,87,76,16,7,62,31,1,0,4,53
S01010713,93,66,11,8,50,25,5,4,5,71
S01010714,56,45,8,5,47,12,4,1,8,41
S01010715,92,97,8,6,58,44,2,0,7,67
S01010716,137,82,32,9,99,10,3,0,7,79
S01010717,85,54,13,14,44,30,4,4,6,54
S01010718,163,81,38,18,69,35,4,1,19,89
S01010719,92,24,7,5,98,10,2,5,4,45
S01010720,137,45,8,2,141,12,0,2,10,59
S01010721,86,22,8,12,106,1,2,1,10,37
S01010722,109,12,22,30,121,5,0,2,7,64
S01010723,171,11,22,26,142,7,6,5,6,87
S01010724,146,19,12,75,123,5,8,1,8,76
S01010725,197,3,66,154,44,24,6,3,16,79
S01010726,114,12,83,33,31,10,1,1,6,63
S01010727,111,7,7,25,91,8,1,1,9,63
S01010728,96,8,5,43,85,4,0,5,12,36
S01010729,113,6,14,48,86,6,5,1,5,54
S01010730,167,9,14,18,87,43,0,3,6,82
S01010731,161,53,10,16,31,76,7,1,12,52
S01010732,75,62,22,25,28,36,0,1,9,43
S01010733,81,47,13,27,19,35,1,0,11,21
S01010734,91,60,23,30,39,48,0,1,8,64
S01010735,53,13,74,16,30,35,3,0,6,52
S01010736,64,31,30,11,31,42,2,0,4,40
S01010737,150,99,30,38,59,81,3,2,19,78
S01010738,48,57,15,16,25,33,0,0,4,32
S01010739,108,77,28,20,43,58,2,0,11,65
S01010740,37,26,19,17,14,17,0,0,7,34
S01010741,120,46,74,22,45,73,0,0,5,85
S01010742,77,69,36,29,23,48,1,0,6,76
S01010743,57,53,11,19,16,42,0,0,2,61
S01010744,98,77,27,61,15,77,3,1,6,81
S01010745,60,38,14,30,16,36,0,0,9,41
S01010746,160,9,11,81,78,28,29,2,18,92
S01010747,83,9,23,74,41,16,27,1,5,70
S01010748,109,19,3,5,47,18,1,17,5,45
S01010749,85,7,21,44,27,18,19,14,7,55
S01010750,91,9,6,15,51,8,13,3,4,58
S01010751,66,31,6,13,65,11,25,2,14,67
S01010752,89,101,6,22,68,8,21,3,5,52
S01010753,108,92,13,31,61,10,18,5,12,82
S01010754,64,69,3,13,34,1,13,4,2,40
S01010755,62,70,2,9,28,3,16,3,6,46
S01010756,55,66,7,19,48,1,36,0,12,49
S01010757,119,17,12,9,18,28,6,24,4,60
S01010758,99,14,45,21,29,22,6,13,15,56
S01010759,81,71,5,32,15,15,3,15,11,46
S01010760,77,50,10,25,20,16,5,10,6,35
S01010761,87,5,27,24,26,14,5,7,7,39
S01010762,77,20,11,31,48,13,10,11,8,57
S01010763,106,34,15,2,42,35,3,10,14,73
S01010764,120,5,5,18,53,11,4,7,10,61
S01010765,160,62,19,6,22,32,24,14,21,99
S01010766,94,97,11,14,41,7,13,14,16,66
S01010767,78,60,3,31,17,14,2,8,14,50
S01010768,65,29,2,32,8,7,6,5,7,35
S01010769,75,13,14,27,15,10,4,6,18,41
S01010770,72,76,23,9,24,10,10,12,16,73
S01010771,129,51,7,2,23,30,6,21,20,75
S01010772,120,25,15,17,8,30,25,10,13,55
S01010773,113,7,4,64,62,12,18,15,14,49
S01010774,76,28,3,3,35,35,14,6,19,43
S01010775,120,67,103,17,14,8,31,28,6,72
S01010776,62,108,23,3,3,1,9,14,8,29
S01010777,51,51,23,0,3,0,11,8,4,38
S01010778,51,60,45,1,2,0,6,10,5,40
S01010779,60,91,43,1,5,4,7,16,7,55
S01010780,65,91,23,1,3,1,11,14,10,36
S01010781,86,155,13,1,4,5,11,34,16,62
S01010782,69,81,9,0,4,4,13,19,13,32
S01010783,55,86,13,0,6,0,3,9,8,34
S01010784,69,99,12,0,2,6,12,19,4,48
S01010785,72,102,16,0,4,6,16,34,3,32
S01010786,85,47,100,6,4,4,17,37,10,72
S01010787,135,14,9,14,125,39,1,1,10,56
S01010788,110,32,27,44,5,18,22,7,5,43
S01010789,96,8,10,15,88,16,22,0,11,50
S01010790,107,18,6,11,33,65,23,6,14,53
S01010791,137,12,8,22,71,60,6,3,12,58
S01010792,69,16,4,52,14,40,1,1,6,38
S01010793,111,10,5,39,36,53,0,2,14,51
S01010794,101,33,36,25,69,7,3,0,7,39
S01010795,134,19,4,71,114,37,0,2,16,72
S01010796,160,9,7,31,104,48,0,2,14,40
S01010797,128,22,59,50,46,7,15,0,12,58
S01010798,130,17,40,31,49,7,9,4,11,42
S01010799,67,71,18,6,49,3,17,0,9,32
S01010800,86,84,49,7,52,11,4,0,10,49
S01010801,80,76,26,9,46,9,8,0,6,42
S01010802,64,69,19,3,43,6,10,2,4,31
S01010803,72,74,1,1,43,3,11,4,16,28
S01010804,92,82,10,5,47,4,11,1,2,27
S01010805,111,112,14,4,71,1,20,0,23,51
S01010806,106,99,33,5,43,0,12,1,12,40
S01010807,76,64,7,7,42,0,10,0,9,25
S01010808,76,79,9,10,42,2,11,1,0,15
S01010809,82,40,56,2,63,1,21,2,5,45
S01010810,89,10,4,1,41,32,2,0,12,40
S01010811,154,30,18,18,16,18,18,15,18,86
S01010812,88,23,4,7,8,10,4,2,17,47
S01010813,87,49,5,0,10,4,2,3,17,49
S01010814,159,17,17,15,21,6,6,4,18,76
S01010815,76,39,9,3,15,9,3,0,23,43
S01010816,99,12,6,15,44,38,5,1,9,27
S01010817,156,18,4,27,69,43,6,2,10,42
S01010818,162,16,12,33,98,56,3,0,14,39
S01010819,147,10,14,36,81,38,3,2,0,47
S01010820,120,7,10,20,54,35,3,6,6,42
S01010821,83,6,4,12,45,34,1,1,5,27
S01010822,116,1,12,15,60,36,4,0,11,28
S01010823,51,39,38,11,7,12,9,5,3,18
S01010824,140,7,0,97,36,28,33,6,4,41
S01010825,200,7,10,117,25,37,58,15,9,59
S01010826,109,9,1,28,47,12,11,8,6,46
S01010827,82,2,2,30,63,12,15,8,4,38
S01010828,194,14,12,67,117,45,42,24,9,66
S01010829,136,6,20,75,22,18,33,8,7,48
S01010830,104,10,12,70,25,19,23,11,1,44
S01010831,126,4,14,70,20,20,26,6,0,37
S01010832,118,21,60,53,6,10,11,6,4,37
S01010833,136,3,46,66,27,19,40,13,13,45
S01010834,133,6,51,60,22,20,28,5,9,34
S01010835,67,8,33,37,22,13,20,6,0,17
S01010836,146,29,49,67,20,19,24,5,3,32
S01010837,114,22,61,45,19,16,26,4,2,48
S01010838,98,60,67,41,14,23,22,7,0,34
S01010839,107,34,49,38,24,25,24,4,3,38
S01010840,81,13,29,16,7,10,13,4,4,36
S01010841,122,18,68,19,17,24,39,7,5,42
S01010842,95,18,60,18,8,20,18,3,6,43
S01010843,92,32,49,17,13,20,26,3,6,28
S01010844,99,30,45,15,9,22,30,6,6,35
S01010845,66,25,46,18,7,8,18,4,4,21
S01010846,80,42,66,29,13,23,16,8,1,37
S01010847,120,35,47,19,15,15,12,1,1,35
S01010848,81,44,71,30,12,17,8,1,1,55
S01010849,100,49,71,35,11,27,20,2,2,59
S01010850,67,40,40,40,10,18,12,0,3,47
S01010851,101,64,68,70,7,30,17,0,2,60
S01010852,91,43,45,45,10,16,11,2,1,49
S01010853,147,50,75,33,12,21,21,6,4,57
S01010854,111,39,88,23,8,26,11,4,3,41
S01010855,61,32,51,11,1,18,5,1,2,33
S01010856,109,50,101,23,14,19,10,5,10,38
S01010857,114,42,94,23,15,22,21,6,0,43
S01010858,56,24,66,13,6,16,5,4,5,50
S01010859,90,51,89,26,4,30,11,5,3,62
S01010860,75,25,59,20,7,10,4,1,1,35
S01010861,71,30,66,15,11,19,6,1,2,30
S01010862,76,29,51,14,4,21,9,6,5,34
S01010863,136,27,72,23,13,25,18,9,4,47
S01010864,91,14,44,18,7,19,27,1,2,19
S01010865,109,8,63,18,8,26,27,7,10,46
S01010866,77,22,43,14,5,23,30,3,5,24
S01010867,97,20,56,6,10,35,19,0,0,32
S01010868,80,40,34,14,6,19,27,4,5,31
S01010869,123,44,64,9,10,17,20,6,4,32
S01010870,77,30,41,25,4,18,16,1,6,36
S01010871,122,67,56,25,11,37,26,8,0,54
S01010872,90,66,44,15,12,29,18,6,0,47
S01010873,55,23,27,5,5,16,2,4,2,24
S01010874,120,51,55,22,12,23,26,4,3,28
S01010875,78,39,32,25,10,19,10,4,0,25
S01010876,105,61,42,19,6,27,21,0,5,49
S01010877,116,61,65,30,18,25,23,10,3,36
S01010878,134,63,86,30,12,39,17,1,6,72
S01010879,120,44,95,23,5,27,22,3,3,58
S01010880,64,9,62,12,3,18,10,0,2,18
S01010881,81,18,60,19,8,23,19,5,3,28
S01010882,84,12,71,18,7,25,11,3,0,18
S01010883,117,47,55,22,12,41,15,4,3,40
S01010884,78,63,43,25,4,28,5,3,3,24
S01010885,115,72,44,27,21,22,7,8,3,49
S01010886,36,34,23,6,6,8,4,3,1,9
S01010887,88,67,63,16,13,22,9,0,1,38
S01010888,90,76,51,30,16,24,16,4,2,45
S01010889,39,21,12,13,4,8,6,0,3,20
S01010890,83,47,38,22,15,12,14,0,4,40
S01010891,38,18,19,6,1,12,6,4,2,24
S01010892,95,78,34,17,10,32,20,1,1,34
S01010893,52,32,24,22,2,17,13,0,0,22
S01010894,89,32,35,24,15,11,15,3,4,41
S01010895,46,17,20,14,11,18,3,0,0,25
S01010896,75,62,44,29,16,19,6,1,0,47
S01010897,76,53,71,21,6,30,7,2,1,32
S01010898,66,26,53,26,13,14,7,5,1,38
S01010899,82,19,59,25,16,3,9,2,6,42
S01010900,66,20,74,29,15,17,12,3,0,51
S01010901,50,29,45,16,9,10,6,1,1,36
S01010902,105,39,70,42,12,27,14,0,4,70
S01010903,64,38,60,25,18,17,13,2,4,52
S01010904,69,28,31,33,15,10,10,3,2,21
S01010905,169,45,67,41,39,47,20,5,2,74
S01010906,156,33,91,36,34,37,13,3,12,70
S01010907,134,26,62,31,43,47,13,4,4,45
S01010908,93,11,55,22,24,25,4,2,2,43
S01010909,80,21,30,26,24,27,7,3,0,34
S01010910,43,13,18,11,15,16,0,2,0,18
S01010911,60,9,20,20,20,25,8,4,2,27
S01010912,75,10,13,35,16,26,14,1,2,35
S01010913,104,38,35,53,29,43,12,4,3,39
S01010914,71,28,35,43,22,29,4,0,2,27
S01010915,111,26,33,53,45,24,4,2,3,39
S01010916,40,22,13,26,22,11,4,0,2,16
S01010917,67,29,16,44,29,24,0,0,2,26
S01010918,62,33,20,41,31,19,3,4,2,26
S01010919,74,31,24,51,46,21,5,0,1,41
S01010920,119,18,15,41,45,34,5,2,6,37
S01010921,56,11,22,44,46,14,9,2,1,37
S01010922,74,34,34,53,45,19,4,2,4,49
S01010923,92,39,30,75,50,18,4,3,0,38
S01010924,62,20,18,51,36,15,0,2,3,30
S01010925,75,16,23,52,34,19,2,2,3,41
S01010926,101,26,31,49,69,11,1,0,6,47
S01010927,58,19,24,39,33,9,1,1,1,42
S01010928,80,11,38,59,40,12,4,2,3,33
S01010929,74,17,32,38,31,10,3,1,4,43
S01010930,217,7,19,29,123,11,2,1,7,69
S01010931,240,6,33,62,129,27,11,1,0,93
S01010932,141,8,33,49,55,6,2,2,0,57
S01010933,271,7,56,107,139,17,6,9,8,96
S01010934,194,23,13,35,127,19,6,4,6,57
S01010935,88,21,10,27,74,1,4,0,2,37
S01010936,101,15,6,25,79,5,2,1,4,44
S01010937,95,30,12,38,93,7,3,0,7,38
S01010938,119,52,13,58,89,4,3,0,4,63
S01010939,83,26,5,20,65,8,0,1,1,31
S01010940,83,14,7,26,90,6,1,5,0,26
S01010941,104,30,15,35,114,8,1,2,3,44
S01010942,105,18,10,22,73,9,2,4,8,38
S01010943,90,30,6,45,74,5,1,2,1,51
S01010944,68,38,9,34,77,3,1,2,2,31
S01010945,63,31,6,34,68,9,1,1,3,45
S01010946,94,49,14,57,109,11,0,0,1,74
S01010947,74,28,10,34,55,7,1,0,0,36
S01010948,59,43,12,36,73,3,2,0,4,52
S01010949,130,7,18,60,103,10,2,7,1,47
S01010950,93,34,11,34,113,4,2,2,4,54
S01010951,88,34,8,46,105,6,4,5,2,48
S01010952,91,29,4,24,81,4,1,2,1,32
S01010953,64,29,14,21,66,5,3,3,0,41
S01010954,292,19,17,35,64,5,2,2,4,33
S01010955,426,66,71,135,273,25,3,10,21,123
S01010956,431,36,84,228,174,39,6,4,11,110
S01010957,86,6,37,30,36,8,0,1,0,31
S01010958,58,5,39,23,44,0,1,0,5,24
S01010959,118,10,51,50,51,6,4,2,1,40
S01010960,176,54,60,127,100,13,7,4,9,88
S01010961,83,29,25,71,28,2,0,4,2,40
S01010962,64,20,6,45,16,6,1,0,0,31
S01010963,161,53,26,86,39,4,1,1,3,87
S01010964,112,34,26,100,15,7,1,2,7,45
S01010965,71,37,13,58,17,4,0,0,1,22
S01010966,106,48,23,79,29,2,2,2,2,73
S01010967,76,47,30,78,31,0,0,3,2,52
S01010968,96,43,24,79,14,5,0,0,3,47
S01010969,93,32,26,68,19,0,0,2,2,53
S01010970,168,49,40,128,55,15,1,4,3,84
S01010971,178,16,91,93,74,14,4,1,1,87
S01010972,91,25,59,67,59,3,7,4,0,57
S01010973,65,7,26,38,18,2,1,1,0,33
S01010974,93,27,46,74,42,10,4,4,4,48
S01010975,66,19,23,33,26,5,2,1,2,40
S01010976,64,11,36,37,38,4,2,0,2,34
S01010977,83,26,37,48,44,12,1,3,0,51
S01010978,90,22,49,54,54,3,1,4,1,63
S01010979,141,29,71,65,57,8,1,8,4,69
S01010980,99,26,46,71,57,10,5,4,1,50
S01010981,109,27,41,56,41,4,5,4,1,54
S01010982,206,12,50,95,59,6,3,4,11,65
S01010983,111,31,43,52,41,6,1,1,4,54
S01010984,84,25,31,37,39,4,1,3,1,27
S01010985,104,18,43,54,52,5,1,0,3,52
S01010986,99,16,19,42,46,2,2,1,2,45
S01010987,121,15,30,45,69,5,4,2,2,36
S01010988,131,11,22,35,56,3,2,4,5,41
S01010989,220,14,46,93,144,14,4,3,5,84
S01010990,118,33,37,59,53,6,5,1,0,52
S01010991,813,87,187,278,406,43,21,18,25,278
S01010992,127,6,25,35,87,8,4,0,2,25
S01010993,106,12,33,28,55,4,5,4,2,35
S01010994,312,38,53,126,164,15,2,9,6,83
S01010995,100,11,23,53,44,4,3,3,1,37
S01010996,89,15,18,35,38,6,1,2,1,26
S01010997,91,16,18,53,36,3,4,1,5,29
S01010998,163,25,15,50,72,15,5,8,9,35
S01010999,198,17,23,74,71,8,2,2,7,49
S01011000,627,45,195,335,127,39,20,12,28,209
S01011001,78,14,52,61,19,5,0,3,1,37
S01011002,83,8,70,86,25,6,3,3,1,59
S01011003,97,12,53,79,19,5,2,1,2,69
S01011004,109,13,56,93,16,5,2,3,6,47
S01011005,87,27,26,80,53,4,4,0,2,64
S01011006,400,42,83,210,194,31,18,5,10,167
S01011007,95,29,24,60,53,6,0,0,9,70
S01011008,113,28,46,59,69,5,1,0,0,67
S01011009,51,13,27,29,46,4,1,0,7,37
S01011010,81,20,20,54,38,3,0,2,0,32
S01011011,104,34,49,54,50,5,4,0,1,71
S01011012,102,20,32,54,39,5,5,0,1,46
S01011013,111,23,22,76,67,6,4,1,5,82
S01011014,121,18,43,55,66,4,3,2,4,58
S01011015,50,7,29,23,25,2,1,3,2,30
S01011016,379,22,83,178,194,12,16,8,14,134
S01011017,293,20,49,81,153,17,9,2,6,132
S01011018,117,17,9,50,96,16,7,0,3,81
S01011019,300,23,35,68,184,49,9,7,8,100
S01011020,290,8,23,66,198,46,11,1,11,109
S01011021,122,15,60,62,96,10,10,1,4,67
S01011022,57,17,47,47,51,4,4,1,2,59
S01011023,117,18,54,55,71,7,2,1,4,68
S01011024,83,13,53,53,72,5,3,1,2,64
S01011025,91,10,34,59,67,5,7,0,3,60
S01011026,67,11,27,30,44,6,0,2,2,52
S01011027,114,26,54,65,84,5,4,0,1,56
S01011028,117,19,63,62,72,6,5,0,2,75
S01011029,70,18,34,48,51,3,4,3,0,53
S01011030,127,15,48,50,86,7,6,3,7,79
S01011031,149,32,53,70,86,4,4,3,5,59
S01011032,101,27,53,54,62,4,5,0,2,60
S01011033,98,18,36,42,63,4,1,2,1,36
S01011034,89,14,25,39,52,7,2,1,2,39
S01011035,96,8,36,51,60,7,5,1,7,34
S01011036,105,13,32,37,62,4,7,0,2,49
S01011037,181,32,65,85,180,11,8,5,2,118
S01011038,110,29,32,44,93,6,5,2,3,63
S01011039,224,24,41,100,171,19,6,2,9,92
S01011040,105,10,17,55,96,5,2,0,4,52
S01011041,60,12,15,40,87,3,4,2,3,55
S01011042,126,19,23,61,113,8,8,1,4,63
S01011043,97,10,22,45,90,16,3,0,4,75
S01011044,97,16,26,42,95,6,1,1,3,47
S01011045,119,32,5,21,25,25,6,18,18,42
S01011046,176,23,15,38,48,21,19,7,15,66
S01011047,118,50,77,43,26,69,4,5,13,57
S01011048,106,61,0,62,41,64,5,4,13,62
S01011049,69,65,0,70,44,34,8,3,8,43
S01011050,83,5,23,35,45,38,4,12,4,36
S01011051,119,43,35,68,91,19,5,3,7,76
S01011052,87,74,22,31,30,37,0,0,7,35
S01011053,61,42,8,46,56,11,2,1,3,34
S01011054,61,16,35,29,46,17,3,0,4,35
S01011055,81,18,9,38,32,29,6,3,5,54
S01011056,140,18,13,37,82,26,5,8,20,66
S01011057,55,16,43,6,44,24,5,9,14,73
S01011058,107,1,10,33,48,29,13,11,11,69
S01011059,113,11,7,22,45,14,18,19,4,41
S01011060,71,67,2,7,54,38,7,6,11,52
S01011061,62,97,9,2,56,33,7,8,11,70
S01011062,105,102,8,6,81,50,10,7,19,79
S01011063,94,122,11,6,78,44,7,6,9,75
S01011064,89,107,10,6,70,60,10,5,14,89
S01011065,117,15,6,41,39,19,15,2,13,65
S01011066,47,22,1,14,19,14,6,1,3,35
S01011067,31,18,1,15,21,5,10,2,12,43
S01011068,47,6,5,24,16,29,4,3,4,44
S01011069,46,6,14,33,12,29,6,2,5,42
S01011070,45,8,22,22,14,32,4,2,9,59
S01011071,79,11,12,40,19,38,4,3,6,71
S01011072,136,75,54,34,33,69,7,4,18,151
S01011073,69,15,53,6,18,50,3,2,12,95
S01011074,53,46,36,0,23,34,4,4,5,87
S01011075,47,69,7,3,29,38,3,2,9,59
S01011076,47,104,5,2,16,48,1,2,8,77
S01011077,38,107,14,12,26,49,3,1,7,71
S01011078,173,193,30,20,46,86,4,3,25,295
S01011079,95,134,14,19,41,83,4,5,24,134
S01011080,89,63,25,9,33,52,3,0,23,111
S01011081,40,77,24,9,32,41,2,0,10,96
S01011082,41,45,12,11,17,14,0,0,2,51
S01011083,81,5,41,19,62,25,6,1,10,83
S01011084,89,6,16,22,77,16,3,0,19,65
S01011085,111,6,7,40,109,8,10,1,13,54
S01011086,99,16,26,19,117,7,5,1,12,63
S01011087,68,24,10,5,74,4,5,1,5,47
S01011088,110,39,7,6,136,7,10,4,16,64
S01011089,48,28,17,5,90,5,3,1,9,37
S01011090,143,22,36,30,81,27,8,3,15,87
S01011091,89,11,11,63,56,10,0,8,5,62
S01011092,63,24,80,10,12,9,5,1,5,42
S01011093,416,130,392,141,171,62,12,20,29,307
S01011094,175,49,135,61,27,28,6,21,22,103
S01011095,150,10,24,77,56,10,3,12,10,88
S01011096,127,47,125,73,37,27,5,8,22,82
S01011097,103,12,8,120,26,8,4,5,11,73
S01011098,69,14,17,96,49,10,1,2,17,66
S01011099,90,7,3,142,34,12,1,0,8,44
S01011100,43,11,12,58,21,3,1,0,7,34
S01011101,56,75,35,8,5,8,0,1,4,45
S01011102,50,75,30,15,9,17,3,4,4,37
S01011103,64,84,13,4,5,9,2,3,4,27
S01011104,55,72,13,10,12,12,1,5,4,23
S01011105,98,122,42,11,17,15,3,4,5,64
S01011106,94,60,96,83,24,8,4,0,10,62
S01011107,127,77,135,34,36,17,6,11,9,109
S01011108,60,44,41,8,17,2,4,1,6,54
S01011109,55,100,30,12,17,12,3,3,7,40
S01011110,76,71,53,9,14,6,3,4,6,51
S01011111,72,91,77,13,26,13,4,12,7,55
S01011112,91,48,118,16,33,14,0,8,9,65
S01011113,80,96,78,14,30,5,5,8,7,70
S01011114,68,64,71,8,14,7,0,11,5,60
S01011115,90,95,66,22,22,13,2,8,2,52
S01011116,82,93,31,12,13,6,1,3,6,38
S01011117,96,120,16,26,15,21,6,8,7,55
S01011118,120,122,27,24,20,16,4,6,18,58
S01011119,90,100,51,29,16,11,3,10,13,47
S01011120,66,37,59,18,10,8,0,9,11,51
S01011121,88,95,28,9,16,17,4,12,4,31
S01011122,76,76,40,12,13,11,0,8,5,61
S01011123,138,142,95,35,31,22,2,5,14,111
S01011124,73,48,74,32,19,21,7,4,5,59
S01011125,46,25,55,10,13,11,1,3,2,42
S01011126,44,17,45,40,8,5,2,4,2,31
S01011127,72,6,29,79,12,4,0,4,3,21
S01011128,78,65,70,46,24,14,3,7,9,42
S01011129,105,47,59,104,12,19,0,13,12,67
S01011130,55,63,44,8,15,7,5,6,3,42
S01011131,94,19,35,58,16,15,5,3,15,46
S01011132,87,44,41,97,11,20,3,2,16,83
S01011133,46,24,11,47,10,8,2,1,4,34
S01011134,110,62,8,73,19,12,5,1,10,56
S01011135,53,56,15,93,6,6,4,5,6,54
S01011136,67,48,5,53,5,19,0,2,5,43
S01011137,55,33,4,55,7,7,0,3,7,39
S01011138,71,64,2,63,12,14,3,0,4,47
S01011139,627,125,16,107,11,23,6,2,17,55
S01011140,65,34,6,75,10,13,3,0,5,41
S01011141,41,38,11,60,9,5,4,2,3,51
S01011142,108,31,26,99,25,15,2,8,9,59
S01011143,105,24,18,75,75,9,7,12,18,91
S01011144,96,8,16,33,61,8,3,10,4,55
S01011145,97,4,12,51,58,7,10,10,8,56
S01011146,75,13,6,21,112,4,1,8,3,75
S01011147,107,15,3,26,130,13,13,18,12,99
S01011148,119,8,10,66,61,12,2,17,5,65
S01011149,124,46,9,27,48,4,7,9,14,49
S01011150,123,45,13,65,108,17,7,24,11,70
S01011151,69,54,23,8,40,10,5,13,9,35
S01011152,104,22,6,13,30,4,6,9,6,31
S01011153,388,60,15,10,36,28,23,7,12,59
S01011154,54,37,5,3,27,10,8,5,16,39
S01011155,74,56,15,4,40,17,5,7,10,46
S01011156,54,14,41,5,32,15,6,20,7,35
S01011157,51,19,25,6,27,13,5,4,7,27
S01011158,77,31,12,4,24,18,13,7,3,26
S01011159,64,68,4,7,37,22,7,3,3,45
S01011160,73,88,13,21,52,35,17,8,7,68
S01011161,59,66,20,15,38,25,22,5,5,44
S01011162,39,44,19,6,26,25,19,4,1,28
S01011163,71,79,7,19,46,25,16,0,6,47
S01011164,71,67,18,14,52,41,18,8,7,55
S01011165,65,53,4,14,43,22,15,5,3,51
S01011166,52,18,10,1,23,15,12,3,3,17
S01011167,128,3,17,25,50,15,6,8,5,49
S01011168,256,32,46,45,101,89,46,14,9,124
S01011169,194,74,82,30,82,111,43,7,13,122
S01011170,163,13,36,50,34,78,32,4,15,66
S01011171,131,42,25,20,81,14,1,4,12,82
S01011172,120,18,10,34,60,4,4,3,16,79
S01011173,96,19,20,31,35,8,6,3,6,40
S01011174,68,21,12,26,25,2,2,2,4,32
S01011175,72,49,19,87,7,3,5,1,2,66
S01011176,77,37,24,37,11,5,4,6,7,41
S01011177,91,107,25,26,15,4,6,7,7,70
S01011178,70,6,25,20,33,10,8,4,7,31
S01011179,51,4,37,40,26,8,8,4,3,43
S01011180,45,8,29,60,28,7,15,1,8,56
S01011181,178,4,43,58,43,42,46,2,7,53
S01011182,123,7,22,28,33,27,24,8,2,67
S01011183,65,19,24,34,22,9,17,7,4,41
S01011184,165,53,49,77,51,15,41,9,10,75
S01011185,73,32,27,34,42,11,19,5,4,37
S01011186,82,41,40,47,59,15,30,7,11,57
S01011187,76,7,31,52,23,3,14,3,1,42
S01011188,75,19,72,68,35,17,22,7,2,75
S01011189,100,15,45,55,42,6,18,8,3,60
S01011190,56,5,35,30,21,11,15,3,3,48
S01011191,44,8,32,35,10,9,13,4,0,50
S01011192,86,7,37,34,40,9,16,3,4,47
S01011193,57,16,52,51,27,16,18,2,1,41
S01011194,58,19,49,38,24,10,16,1,1,58
S01011195,61,15,58,46,46,7,24,6,9,49
S01011196,72,13,62,49,26,7,21,4,5,41
S01011197,72,19,70,40,37,18,16,1,1,47
S01011198,48,4,46,41,29,14,9,2,1,44
S01011199,150,27,81,72,77,16,34,5,3,93
S01011200,84,4,51,44,40,15,22,4,4,60
S01011201,62,10,42,48,31,3,21,7,5,44
S01011202,107,7,54,47,34,11,21,3,1,50
S01011203,80,7,55,50,36,10,20,2,1,58
S01011204,53,11,30,23,31,6,17,1,2,27
S01011205,108,5,59,38,58,22,34,5,6,60
S01011206,92,7,44,41,36,12,41,4,0,36
S01011207,95,5,38,29,42,8,21,3,0,42
S01011208,127,8,54,58,43,19,43,8,7,55
S01011209,95,1,35,36,24,13,10,1,0,33
S01011210,113,8,22,29,29,15,25,1,4,36
S01011211,108,3,37,44,26,23,21,5,5,39
S01011212,61,14,46,20,21,7,15,1,3,30
S01011213,119,22,86,52,52,18,24,0,2,84
S01011214,74,17,59,37,40,8,17,3,2,47
S01011215,33,14,26,6,14,6,6,1,1,35
S01011216,50,9,38,19,24,0,8,0,2,31
S01011217,90,32,55,31,28,6,14,3,2,61
S01011218,107,34,70,38,55,9,27,4,5,76
S01011219,60,35,52,28,31,9,14,0,4,57
S01011220,86,31,70,39,44,9,22,5,6,64
S01011221,100,47,60,42,52,14,23,4,2,68
S01011222,74,47,46,28,31,9,23,1,3,55
S01011223,83,49,45,26,40,11,21,6,3,64
S01011224,69,28,26,33,27,13,15,2,2,38
S01011225,80,41,39,25,26,6,15,5,3,51
S01011226,115,45,42,36,50,6,40,4,3,60
S01011227,97,36,35,33,27,11,30,3,2,36
S01011228,88,46,26,29,39,7,35,3,1,63
S01011229,38,26,17,20,21,5,10,4,4,22
S01011230,47,37,9,18,18,5,7,5,1,43
S01011231,47,37,14,28,27,2,19,0,1,30
S01011232,80,45,30,30,37,7,14,7,3,61
S01011233,175,16,84,78,93,29,42,7,6,87
S01011234,103,37,60,53,42,14,17,10,5,60
S01011235,35,7,13,17,13,6,3,2,2,26
S01011236,57,8,27,22,23,9,6,4,4,36
S01011237,81,36,34,42,43,4,9,5,1,54
S01011238,53,30,25,29,19,4,4,7,1,44
S01011239,46,27,18,24,15,7,2,5,0,37
S01011240,58,32,23,33,30,12,14,6,1,37
S01011241,128,25,28,25,42,14,17,16,7,58
S01011242,92,31,15,36,41,14,13,16,2,60
S01011243,62,28,19,30,41,27,6,16,4,53
S01011244,45,20,31,22,28,16,6,15,0,31
S01011245,73,20,22,27,36,15,22,5,4,46
S01011246,117,19,25,28,41,16,18,18,3,68
S01011247,97,15,27,35,42,22,19,13,6,52
S01011248,65,17,38,34,61,14,8,12,6,56
S01011249,78,5,51,35,38,23,19,13,5,40
S01011250,91,21,77,35,72,26,18,17,3,71
S01011251,89,27,65,31,57,20,13,7,0,65
S01011252,78,18,38,30,39,14,10,9,0,49
S01011253,82,20,46,20,51,21,13,5,2,73
S01011254,126,26,41,36,67,18,17,21,8,57
S01011255,124,19,49,45,52,9,34,21,2,57
S01011256,71,8,48,25,35,18,19,11,3,32
S01011257,28,8,5,12,11,3,7,4,3,16
S01011258,48,24,12,22,30,4,10,11,3,27
S01011259,75,35,15,31,32,9,9,17,4,34
S01011260,91,26,20,26,25,11,21,19,3,35
S01011261,94,37,35,45,43,11,15,8,3,66
S01011262,29,19,13,24,22,2,14,8,3,37
S01011263,172,42,96,42,95,26,37,21,9,90
S01011264,78,21,29,24,40,9,5,5,4,50
S01011265,103,26,73,36,66,10,11,6,0,96
S01011266,86,41,46,32,51,16,15,19,6,66
S01011267,42,13,24,11,28,4,4,9,0,36
S01011268,23,13,9,15,9,3,5,5,2,25
S01011269,44,15,21,20,23,7,4,10,5,37
S01011270,55,19,30,26,23,8,10,9,1,21
S01011271,58,22,29,35,31,8,7,8,3,40
S01011272,67,15,51,33,41,14,2,3,2,50
S01011273,84,21,50,47,29,5,8,4,2,50
S01011274,89,30,49,42,40,11,27,6,5,59
S01011275,68,24,43,25,21,5,9,0,5,52
S01011276,103,29,58,50,32,7,20,5,1,67
S01011277,73,9,28,46,33,16,23,2,5,38
S01011278,74,5,15,34,35,9,21,4,1,30
S01011279,94,11,19,42,42,16,30,3,4,18
S01011280,68,7,14,28,29,10,6,2,3,30
S01011281,102,16,18,38,42,17,27,3,3,35
S01011282,128,16,21,77,66,22,42,10,4,64
S01011283,116,10,23,74,45,36,38,4,3,53
S01011284,118,7,22,51,30,28,30,5,5,35
S01011285,61,27,20,45,38,15,19,4,4,35
S01011286,54,15,25,40,29,10,18,0,1,31
S01011287,82,27,18,64,55,19,25,2,5,67
S01011288,79,24,30,70,38,14,16,2,4,53
S01011289,79,30,26,71,48,18,21,2,0,57
S01011290,129,28,43,56,73,23,33,4,3,100
S01011291,64,17,34,38,28,15,26,2,1,52
S01011292,54,17,19,31,25,10,23,1,0,37
S01011293,64,30,28,42,29,13,11,6,0,55
S01011294,72,19,19,44,34,18,25,1,0,57
S01011295,154,30,32,70,67,21,48,10,10,58
S01011296,64,15,10,25,24,6,17,2,4,41
S01011297,58,33,23,57,38,13,18,7,4,66
S01011298,62,7,13,54,35,21,18,3,3,71
S01011299,103,10,20,29,33,31,11,2,3,41
S01011300,64,25,17,40,54,34,19,0,8,82
S01011301,93,31,7,26,39,46,40,4,4,48
S01011302,75,18,1,21,26,37,20,3,1,59
S01011303,131,37,4,57,59,51,40,5,2,52
S01011304,69,20,4,39,29,34,18,4,3,72
S01011305,95,21,7,64,48,43,25,6,8,53
S01011306,49,15,4,39,29,24,13,5,1,35
S01011307,335,30,45,72,97,43,54,29,12,100
S01011308,82,8,13,15,25,16,17,16,7,36
S01011309,101,5,18,22,27,23,25,9,7,40
S01011310,119,23,33,10,19,44,19,5,4,48
S01011311,118,15,7,23,32,15,17,19,5,35
S01011312,136,21,7,37,37,22,18,34,3,56
S01011313,95,25,7,23,24,24,11,27,2,35
S01011314,150,20,18,41,53,28,26,29,4,70
S01011315,54,12,2,16,13,16,8,3,5,20
S01011316,82,33,4,38,47,15,14,18,2,57
S01011317,77,29,14,10,25,18,23,10,4,36
S01011318,86,51,2,7,35,18,19,7,1,39
S01011319,84,28,8,10,43,18,20,7,0,32
S01011320,67,36,8,7,30,13,11,5,1,40
S01011321,84,68,8,4,51,17,21,7,8,40
S01011322,81,56,7,17,33,22,17,4,0,41
S01011323,100,78,7,18,53,16,19,4,2,58
S01011324,66,41,5,16,21,11,11,4,0,36
S01011325,65,64,4,6,28,26,21,8,4,45
S01011326,73,49,5,11,22,13,19,9,2,30
S01011327,65,53,4,8,0,5,15,13,5,25
S01011328,101,69,11,13,4,9,7,9,7,42
S01011329,101,69,5,14,29,30,17,9,1,46
S01011330,93,48,5,12,51,30,22,7,4,47
S01011331,97,24,18,5,36,23,15,3,2,39
S01011332,82,38,8,4,39,24,26,4,9,35
S01011333,74,17,10,6,24,16,21,11,7,28
S01011334,122,8,11,9,37,31,8,2,6,32
S01011335,142,3,0,16,40,24,35,12,5,49
S01011336,78,18,10,36,55,23,34,11,9,47
S01011337,110,12,1,18,32,12,30,10,6,44
S01011338,71,18,25,15,60,34,11,3,5,46
S01011339,52,23,17,11,44,34,0,0,4,46
S01011340,60,26,25,13,49,22,3,1,4,51
S01011341,82,32,19,12,47,41,7,5,5,52
S01011342,94,31,16,12,51,53,22,1,7,48
S01011343,87,38,25,11,46,58,13,5,3,61
S01011344,73,54,29,16,57,43,16,2,4,67
S01011345,65,62,19,5,53,36,14,4,6,56
S01011346,58,24,23,2,58,34,22,2,3,49
S01011347,108,35,47,7,75,67,18,1,4,65
S01011348,95,35,21,5,101,52,8,3,4,56
S01011349,112,31,20,12,93,70,12,6,4,49
S01011350,81,12,5,4,55,48,7,0,3,39
S01011351,75,26,19,4,54,32,10,2,4,45
S01011352,79,19,12,11,53,55,4,3,2,54
S01011353,77,12,19,1,42,37,9,2,0,41
S01011354,79,18,16,6,77,40,8,0,7,55
S01011355,111,39,40,17,87,54,9,2,6,52
S01011356,236,11,17,29,114,85,18,4,5,94
S01011357,111,14,40,41,36,26,8,4,2,47
S01011358,62,4,36,42,44,25,3,7,0,43
S01011359,89,8,45,47,47,22,4,2,3,51
S01011360,68,11,27,28,25,11,2,3,0,32
S01011361,6,4,0,2,0,0,0,0,0,5
S01011362,131,24,53,46,66,20,4,7,2,48
S01011363,104,34,37,28,21,27,9,4,0,46
S01011364,95,31,32,42,27,27,6,6,1,45
S01011365,98,24,39,40,49,44,11,10,1,49
S01011366,61,11,25,24,25,18,1,3,4,27
S01011367,128,32,46,48,33,31,5,4,0,58
S01011368,212,39,34,63,40,50,13,8,4,74
S01011369,113,28,40,56,34,29,10,3,2,65
S01011370,116,24,30,40,38,32,3,4,3,51
S01011371,99,13,54,75,41,33,6,2,0,65
S01011372,74,24,34,51,19,11,4,4,0,44
S01011373,59,28,44,41,20,10,2,4,1,52
S01011374,111,43,57,57,34,40,7,4,3,59
S01011375,89,12,38,38,25,26,4,0,0,34
S01011376,58,17,23,36,29,5,0,1,1,29
S01011377,230,41,63,58,61,47,9,18,7,52
S01011378,102,30,34,33,38,12,8,6,0,43
S01011379,251,41,67,60,108,51,14,18,1,64
S01011380,108,23,40,49,46,20,8,4,2,45
S01011381,109,38,37,26,32,29,6,9,1,30
S01011382,149,35,70,62,39,45,10,3,0,91
S01011383,57,35,27,25,18,18,1,0,2,42
S01011384,57,29,39,18,12,7,0,1,0,46
S01011385,92,60,28,53,31,14,6,2,4,66
S01011386,52,26,23,33,13,16,1,3,1,40
S01011387,79,32,34,40,32,20,10,4,1,63
S01011388,182,90,49,55,58,61,13,7,2,104
S01011389,84,59,44,37,21,36,0,7,1,54
S01011390,64,51,24,35,23,31,4,1,2,50
S01011391,70,36,49,30,25,15,4,2,0,67
S01011392,57,33,40,35,25,27,3,2,0,57
S01011393,88,18,51,57,44,28,9,2,0,69
S01011394,101,18,22,35,42,35,9,7,2,39
S01011395,108,37,30,34,43,26,8,4,2,45
S01011396,96,19,34,24,40,33,6,2,2,50
S01011397,80,29,41,38,39,19,2,3,3,52
S01011398,62,30,36,31,36,18,5,1,3,48
S01011399,64,16,38,19,22,16,4,3,2,46
S01011400,113,30,28,41,35,41,4,0,3,49
S01011401,95,35,35,33,36,26,1,4,2,43
S01011402,138,46,48,58,36,33,4,8,1,78
S01011403,58,31,23,36,33,18,3,4,2,39
S01011404,90,29,41,40,44,18,11,5,0,56
S01011405,73,17,31,32,26,19,5,2,1,39
S01011406,123,38,52,42,34,28,7,2,2,84
S01011407,181,38,86,73,61,36,8,3,3,107
S01011408,104,16,59,46,28,29,0,0,3,68
S01011409,86,10,66,55,45,29,1,0,2,64
S01011410,63,11,42,34,29,16,4,1,2,49
S01011411,73,4,51,53,29,15,5,3,2,61
S01011412,122,12,49,58,49,39,7,0,6,47
S01011413,69,9,42,31,45,23,4,3,1,53
S01011414,110,15,32,51,40,16,2,6,6,51
S01011415,114,15,52,43,59,35,11,2,1,61
S01011416,66,11,31,37,30,27,8,5,0,40
S01011417,130,14,38,52,58,41,15,7,1,80
S01011418,56,10,34,26,26,17,5,2,2,44
S01011419,49,5,38,35,27,16,3,1,0,42
S01011420,63,11,36,32,18,13,4,2,0,39
S01011421,115,6,17,40,64,33,9,4,6,51
S01011422,68,13,27,38,44,7,8,2,2,43
S01011423,68,9,13,27,25,7,6,2,0,30
S01011424,61,13,18,44,30,23,4,4,0,48
S01011425,87,7,19,68,38,22,4,2,1,61
S01011426,236,6,50,97,112,99,26,15,6,109
S01011427,58,0,13,39,38,24,6,5,4,45
S01011428,71,2,20,37,36,22,7,3,0,49
S01011429,172,13,16,33,52,34,12,10,7,68
S01011430,129,35,16,27,101,35,18,4,4,66
S01011431,131,52,6,40,99,43,8,6,3,86
S01011432,116,40,13,41,112,33,12,10,1,90
S01011433,94,41,16,27,72,28,9,2,4,76
S01011434,75,25,10,20,72,12,7,2,1,54
S01011435,151,32,19,15,141,47,42,8,8,86
S01011436,82,25,10,15,74,15,14,5,1,67
S01011437,99,26,14,20,72,22,5,4,0,63
S01011438,49,10,17,11,45,16,8,4,0,36
S01011439,145,23,15,32,106,30,28,7,3,83
S01011440,64,13,9,34,59,11,13,2,4,50
S01011441,86,16,10,40,72,26,14,2,2,70
S01011442,82,19,15,32,100,18,29,3,0,39
S01011443,71,14,8,37,75,23,21,4,0,39
S01011444,74,5,11,68,60,34,6,4,3,62
S01011445,67,5,18,34,36,29,4,3,1,44
S01011446,363,23,87,182,167,132,34,23,11,181
S01011447,119,16,54,67,21,28,4,4,3,74
S01011448,102,9,36,61,28,33,5,4,1,59
S01011449,37,3,25,45,17,15,1,3,1,40
S01011450,93,13,45,60,21,34,4,2,2,45
S01011451,665,37,251,299,213,188,38,37,17,290
S01011452,137,12,44,89,35,39,2,3,2,72
S01011453,84,6,67,50,24,40,2,4,5,39
S01011454,90,13,54,58,23,16,1,3,1,59
S01011455,73,15,59,38,18,15,3,2,0,48
S01011456,93,9,60,45,34,14,5,1,0,58
S01011457,83,8,69,62,22,21,3,0,0,63
S01011458,215,22,110,100,80,57,6,6,2,120
S01011459,168,8,83,73,61,64,11,4,3,91
S01011460,66,8,42,50,27,6,0,3,1,44
S01011461,84,18,55,58,35,15,1,3,0,52
S01011462,129,20,75,61,54,23,6,6,1,64
S01011463,264,24,124,115,91,33,9,9,2,119
S01011464,108,5,47,50,39,19,0,4,2,40
S01011465,93,10,63,30,21,15,4,2,0,40
S01011466,135,12,57,43,33,11,3,7,0,71
S01011467,72,1,47,37,25,20,5,5,4,34
S01011468,154,10,93,76,68,22,9,6,2,68
S01011469,133,8,47,49,27,14,2,11,1,84
S01011470,140,11,85,73,54,34,4,6,2,92
S01011471,114,32,56,59,42,14,7,5,1,57
S01011472,72,19,27,44,27,7,0,3,2,34
S01011473,85,21,39,41,34,10,1,2,0,48
S01011474,87,39,29,35,43,15,0,5,2,40
S01011475,78,22,19,54,36,7,3,1,0,46
S01011476,55,12,16,30,39,9,1,5,2,18
S01011477,126,17,44,38,55,15,9,6,2,47
S01011478,253,32,50,62,102,37,13,8,10,76
S01011479,196,17,63,70,93,22,9,9,7,69
S01011480,166,28,50,60,68,35,14,12,2,47
S01011481,160,34,62,65,72,17,7,2,3,63
S01011482,107,45,51,61,54,18,5,1,3,61
S01011483,92,8,27,21,43,7,2,2,1,41
S01011484,109,18,59,49,44,12,8,4,3,46
S01011485,90,41,60,52,38,17,3,2,1,75
S01011486,44,18,49,31,21,10,2,5,2,34
S01011487,113,19,68,63,55,15,4,6,0,73
S01011488,74,25,75,30,34,8,3,3,5,51
S01011489,122,22,78,42,52,18,4,7,6,67
S01011490,137,17,100,41,55,25,5,4,7,59
S01011491,52,7,51,18,18,3,0,0,3,40
S01011492,110,8,61,34,23,3,0,1,2,73
S01011493,80,25,37,29,33,19,3,2,4,32
S01011494,85,28,48,33,38,13,5,2,5,60
S01011495,107,23,58,43,38,17,4,2,1,50
S01011496,89,8,56,42,15,11,2,3,1,49
S01011497,92,23,62,51,71,21,6,7,3,70
S01011498,95,14,52,58,46,18,5,6,2,51
S01011499,123,18,53,54,46,19,1,0,0,52
S01011500,49,9,31,31,18,17,1,4,1,28
S01011501,45,12,58,41,21,8,3,5,0,49
S01011502,86,20,38,54,22,18,4,5,3,52
S01011503,65,25,41,45,22,8,2,3,2,40
S01011504,144,31,56,77,55,27,9,10,5,76
S01011505,84,19,56,36,36,16,6,7,4,51
S01011506,70,20,28,35,34,10,0,0,3,35
S01011507,81,29,44,36,34,13,1,3,1,42
S01011508,126,21,79,48,68,11,5,2,4,82
S01011509,77,15,40,46,31,7,2,2,2,35
S01011510,115,37,88,46,50,11,6,4,4,68
S01011511,62,16,48,29,22,10,2,1,0,39
S01011512,91,20,77,48,34,12,1,0,4,59
S01011513,74,22,70,34,37,10,2,2,0,66
S01011514,120,17,91,50,39,10,0,1,4,60
S01011515,83,7,50,34,27,7,5,5,1,43
S01011516,155,10,86,75,63,25,6,7,1,59
S01011517,78,15,52,33,26,7,2,0,0,34
S01011518,69,13,52,44,26,5,4,4,2,55
S01011519,98,41,68,36,25,6,2,4,1,51
S01011520,66,28,50,38,35,4,1,2,1,45
S01011521,110,34,65,39,53,20,8,3,3,64
S01011522,108,33,74,32,50,12,1,5,1,64
S01011523,108,36,53,46,49,7,3,3,1,57
S01011524,115,48,38,38,46,15,4,7,3,57
S01011525,120,23,53,43,65,15,3,4,3,61
S01011526,154,32,92,38,40,13,2,6,3,64
S01011527,88,23,40,46,37,10,0,4,0,39
S01011528,117,47,62,47,47,14,1,3,4,53
S01011529,59,33,22,23,23,4,1,1,0,43
S01011530,96,55,79,51,45,8,5,0,2,75
S01011531,145,34,64,72,75,27,6,5,0,94
S01011532,125,15,39,41,56,9,3,5,3,55
S01011533,68,28,40,41,40,5,4,1,6,48
S01011534,85,34,36,43,49,8,3,6,4,55
S01011535,153,41,59,65,72,10,5,2,1,77
S01011536,117,13,15,43,61,5,1,1,2,40
S01011537,117,15,20,45,57,6,4,2,2,42
S01011538,127,10,28,59,62,9,3,8,3,51
S01011539,80,34,38,41,48,3,5,0,2,41
S01011540,141,59,59,67,70,12,3,0,3,73
S01011541,144,48,73,70,71,9,4,2,3,94
S01011542,124,42,68,49,62,8,1,7,1,88
S01011543,92,29,46,40,36,7,3,1,0,59
S01011544,75,37,38,40,30,8,3,0,0,45
S01011545,111,37,40,43,66,5,1,3,2,78
S01011546,119,20,43,56,83,11,9,6,0,37
S01011547,125,9,27,49,48,5,6,4,3,32
S01011548,119,24,40,47,66,6,5,5,5,58
S01011549,97,21,29,41,48,7,4,1,1,55
S01011550,111,10,19,35,55,4,5,0,3,26
S01011551,82,5,24,53,46,3,4,3,1,44
S01011552,87,14,43,40,53,3,8,6,2,42
S01011553,150,5,57,59,83,14,11,4,4,54
S01011554,135,17,71,72,77,14,2,2,5,79
S01011555,67,15,37,28,36,2,5,1,2,33
S01011556,66,7,26,25,42,5,2,2,0,35
S01011557,57,12,74,44,41,3,5,3,4,66
S01011558,68,11,70,41,37,3,3,2,2,41
S01011559,56,13,37,23,24,2,0,0,1,46
S01011560,79,19,96,34,45,8,6,2,0,52
S01011561,106,26,72,42,48,3,3,3,2,43
S01011562,96,26,67,53,22,12,3,0,2,74
S01011563,86,23,69,46,45,4,1,2,2,62
S01011564,140,28,94,43,60,8,1,0,1,109
S01011565,109,30,83,56,40,13,3,4,1,78
S01011566,98,35,68,32,50,11,3,0,2,65
S01011567,92,42,57,36,43,8,5,4,4,71
S01011568,109,26,65,29,50,13,0,1,4,73
S01011569,113,57,77,38,58,13,1,4,3,70
S01011570,65,23,38,37,32,10,2,2,0,66
S01011571,56,38,32,21,29,2,0,2,0,41
S01011572,86,48,34,22,29,12,1,1,1,55
S01011573,158,47,71,67,73,19,3,3,6,103
S01011574,115,27,49,45,47,10,5,0,5,69
S01011575,75,14,35,23,28,12,2,1,1,32
S01011576,47,13,57,29,21,5,0,3,3,52
S01011577,92,24,38,28,68,5,2,5,0,43
S01011578,88,34,41,30,33,6,4,3,1,41
S01011579,169,18,55,45,85,11,5,2,5,53
S01011580,134,42,51,36,59,15,4,1,1,56
S01011581,73,38,36,25,24,0,11,0,0,31
S01011582,195,39,44,53,111,11,6,8,1,64
S01011583,103,38,32,29,46,9,5,8,0,47
S01011584,84,27,45,31,33,9,2,3,4,55
S01011585,73,26,51,34,36,6,2,0,0,51
S01011586,63,21,42,35,29,7,4,2,2,51
S01011587,52,16,44,33,48,5,1,3,6,56
S01011588,97,11,55,46,47,2,4,3,2,60
S01011589,99,14,70,43,62,16,1,3,1,60
S01011590,81,8,50,53,57,3,5,3,1,59
S01011591,62,8,31,44,47,7,0,3,2,30
S01011592,82,34,28,22,40,3,0,0,2,34
S01011593,80,22,38,28,46,9,2,3,1,42
S01011594,45,16,28,22,34,11,0,1,1,35
S01011595,95,38,29,29,40,7,2,8,1,33
S01011596,164,86,55,50,73,26,3,12,0,76
S01011597,75,25,33,29,42,6,7,1,0,53
S01011598,0,0,0,0,0,0,0,0,0,0
S01011599,93,64,52,36,48,14,4,4,1,54
S01011600,90,33,31,18,37,9,1,2,1,42
S01011601,131,49,48,41,66,16,5,8,2,63
S01011602,228,51,103,65,129,32,13,11,3,124
S01011603,98,47,56,28,47,9,3,0,1,64
S01011604,44,22,52,10,15,4,1,0,0,46
S01011605,107,36,98,39,51,12,6,3,5,70
S01011606,160,24,100,59,77,29,13,4,3,115
S01011607,90,7,58,22,41,16,4,0,1,47
S01011608,174,24,75,40,68,17,12,10,1,76
S01011609,98,53,60,14,43,9,2,2,1,56
S01011610,96,33,75,31,40,15,2,4,4,53
S01011611,166,18,100,42,83,37,7,12,7,87
S01011612,140,3,66,29,53,21,7,4,2,53
S01011613,109,9,57,22,50,22,3,5,1,54
S01011614,67,8,28,17,23,7,6,3,1,33
S01011615,92,6,65,25,31,13,4,4,1,52
S01011616,55,13,37,24,13,8,2,0,3,55
S01011617,127,17,60,55,39,24,3,3,3,84
S01011618,68,19,48,33,30,11,0,3,0,52
S01011619,179,18,48,85,71,40,13,6,4,87
S01011620,179,17,53,83,94,63,12,12,4,89
S01011621,101,11,31,45,45,31,5,2,1,70
S01011622,123,11,21,51,33,25,10,5,5,56
S01011623,118,10,45,41,31,17,4,5,1,53
S01011624,111,8,49,35,43,30,7,4,0,61
S01011625,61,7,35,22,28,17,3,1,0,41
S01011626,147,3,45,52,53,44,9,4,3,67
S01011627,131,15,66,55,36,32,6,6,3,63
S01011628,184,17,77,74,69,63,8,11,1,78
S01011629,61,15,39,30,23,12,4,2,1,48
S01011630,65,28,50,26,56,15,4,1,4,52
S01011631,65,16,53,20,23,7,0,0,1,60
S01011632,95,29,67,43,32,23,3,5,2,75
S01011633,62,16,50,43,27,10,1,4,1,45
S01011634,69,12,31,18,38,9,3,0,0,46
S01011635,87,14,42,13,35,21,0,0,4,45
S01011636,61,27,48,24,33,8,4,2,1,51
S01011637,82,24,42,21,43,9,0,3,0,45
S01011638,33,7,28,16,30,6,2,1,1,28
S01011639,66,24,33,17,24,6,1,3,2,26
S01011640,72,24,48,21,33,16,3,2,0,49
S01011641,59,4,37,20,33,13,1,4,1,23
S01011642,94,26,41,21,48,17,2,3,3,53
S01011643,144,41,36,30,73,26,5,6,1,57
S01011644,82,38,39,31,41,19,0,6,3,55
S01011645,74,22,25,15,32,7,1,3,2,44
S01011646,85,9,45,20,42,12,3,7,2,35
S01011647,121,26,78,41,62,23,4,9,3,54
S01011648,171,53,54,49,96,32,8,12,6,79
S01011649,86,28,38,13,41,14,7,2,2,37
S01011650,107,40,51,31,45,17,6,5,0,48
S01011651,137,37,39,21,64,11,2,7,1,63
S01011652,111,26,32,33,45,11,2,1,3,48
S01011653,117,45,60,28,44,16,1,4,3,80
S01011654,120,40,48,39,48,22,4,5,1,50
S01011655,88,46,38,26,34,11,1,5,2,67
S01011656,63,17,32,16,19,8,0,3,1,30
S01011657,47,19,20,18,13,4,2,1,0,31
S01011658,73,44,38,28,33,6,4,2,1,75
S01011659,92,43,39,42,40,10,5,6,1,66
S01011660,119,31,44,40,57,23,5,3,2,57
S01011661,54,27,34,25,30,9,0,1,0,35
S01011662,101,10,41,44,47,19,4,3,6,58
S01011663,66,21,50,56,21,18,0,3,2,57
S01011664,108,62,70,46,45,12,4,3,5,90
S01011665,98,30,26,26,38,8,0,5,0,46
S01011666,94,31,42,28,50,13,2,3,0,54
S01011667,103,20,43,37,31,15,3,0,3,50
S01011668,82,42,54,37,39,10,0,3,2,91
S01011669,85,23,33,21,38,18,2,5,1,42
S01011670,68,18,24,21,19,12,1,1,1,40
S01011671,103,28,42,27,56,28,4,5,0,45
S01011672,52,10,39,21,20,14,4,3,2,42
S01011673,66,8,35,31,35,17,3,3,1,45
S01011674,195,35,63,70,105,62,6,9,4,87
S01011675,101,20,61,51,45,25,4,3,0,88
S01011676,72,12,31,37,33,16,2,2,4,67
S01011677,97,7,35,37,52,43,3,7,1,82
S01011678,61,12,17,22,23,12,1,1,0,51
S01011679,96,3,6,62,70,45,9,11,1,57
S01011680,118,6,9,75,71,32,8,3,4,84
S01011681,91,12,3,54,51,43,8,8,5,82
S01011682,88,3,1,23,47,34,5,3,6,58
S01011683,335,21,64,121,166,103,11,19,3,184
S01011684,77,2,8,47,37,13,1,2,5,39
S01011685,141,9,43,42,82,21,6,6,1,79
S01011686,129,8,51,67,61,22,6,12,3,69
S01011687,119,12,66,59,46,16,4,1,5,57
S01011688,254,21,103,89,138,41,5,10,5,120
S01011689,213,16,37,51,104,33,3,12,6,69
S01011690,153,8,48,69,114,25,3,6,2,89
S01011691,135,7,22,60,70,18,0,5,3,78
S01011692,112,22,28,95,101,19,7,3,8,75
S01011693,137,3,22,63,86,14,3,3,4,57
S01011694,101,2,9,46,76,9,5,4,2,46
S01011695,714,24,118,319,452,96,32,35,14,308
S01011696,235,9,29,137,94,17,12,11,4,54
S01011697,195,15,32,127,91,13,6,13,4,72
S01011698,165,16,29,96,63,5,0,1,7,49
S01011699,190,15,40,131,100,10,7,12,5,99
S01011700,108,3,29,57,33,5,0,1,5,44
S01011701,143,13,25,97,73,15,4,6,7,61
S01011702,78,8,22,48,44,3,6,5,2,44
S01011703,341,20,35,173,161,25,15,19,6,117
S01011704,127,6,14,61,83,11,5,2,5,48
S01011705,127,19,29,64,70,9,4,7,0,67
S01011706,124,16,30,72,95,10,5,3,3,65
S01011707,132,13,21,73,87,12,5,8,6,64
S01011708,117,14,24,78,99,10,0,5,0,75
S01011709,167,16,30,108,135,26,2,1,7,90
S01011710,50,12,26,28,37,6,4,1,5,51
S01011711,72,17,14,43,63,3,3,0,2,58
S01011712,105,8,8,46,75,16,2,2,3,52
S01011713,107,9,13,51,79,16,1,6,5,58
S01011714,99,3,13,40,64,12,2,0,0,36
S01011715,66,3,22,41,61,12,5,0,0,31
S01011716,151,9,16,65,111,19,6,2,1,75
S01011717,86,5,14,39,63,10,4,3,3,53
S01011718,151,8,18,64,109,33,0,7,4,60
S01011719,119,13,20,35,72,21,0,9,3,53
S01011720,69,6,19,17,40,18,0,3,0,38
S01011721,104,16,45,30,76,13,4,6,0,50
S01011722,97,18,32,28,62,23,3,3,0,57
S01011723,186,12,55,42,107,27,2,2,7,72
S01011724,108,18,34,36,86,27,5,4,1,66
S01011725,127,6,36,31,68,19,3,10,5,46
S01011726,99,8,20,19,85,22,2,6,2,42
S01011727,173,6,35,25,82,33,9,11,7,60
S01011728,140,21,47,36,76,23,1,2,4,71
S01011729,82,18,36,19,51,17,1,3,0,35
S01011730,89,12,26,30,68,19,2,2,2,36
S01011731,124,17,61,32,78,25,4,1,9,46
S01011732,101,10,27,19,62,20,2,3,0,40
S01011733,112,10,38,13,67,20,3,0,0,63
S01011734,100,16,25,18,67,26,5,1,4,35
S01011735,101,14,37,11,58,14,0,4,2,44
S01011736,106,25,31,15,56,20,5,1,5,43
S01011737,95,38,26,15,60,10,4,3,0,47
S01011738,159,63,39,24,120,47,3,7,1,68
S01011739,92,48,24,13,39,21,0,10,2,43
S01011740,83,61,28,19,55,21,7,5,2,50
S01011741,88,38,34,15,57,14,5,2,1,48
S01011742,115,46,34,13,61,12,10,6,3,53
S01011743,102,40,45,20,49,18,2,4,2,67
S01011744,106,51,49,19,63,32,0,3,3,51
S01011745,75,33,26,19,60,34,3,5,1,67
S01011746,74,25,20,6,30,21,4,4,0,35
S01011747,97,39,42,22,55,25,1,2,0,61
S01011748,100,52,30,11,45,21,3,4,0,56
S01011749,70,34,22,18,33,30,3,6,1,46
S01011750,112,23,38,13,37,42,2,3,2,63
S01011751,79,37,48,21,33,35,3,1,1,49
S01011752,133,52,44,30,57,55,4,6,1,71
S01011753,137,30,35,15,46,43,7,7,3,52
S01011754,103,36,37,13,52,32,4,0,3,58
S01011755,148,8,68,31,53,48,8,3,3,69
S01011756,121,15,64,28,68,53,8,0,3,71
S01011757,78,12,45,18,51,44,2,2,0,54
S01011758,74,8,43,24,34,34,3,3,1,36
S01011759,124,6,49,35,51,48,1,3,1,46
S01011760,115,17,46,26,56,71,6,5,1,64
S01011761,95,5,33,28,46,51,3,1,2,47
S01011762,75,15,45,18,40,45,3,4,1,34
S01011763,103,14,49,30,39,42,6,5,3,63
S01011764,48,4,30,11,24,22,2,3,0,22
S01011765,147,8,39,32,71,69,12,5,0,60
S01011766,87,6,18,32,41,42,5,4,4,49
S01011767,112,21,53,25,51,41,9,4,2,43
S01011768,117,27,41,20,62,37,9,3,3,55
S01011769,84,35,23,23,32,35,4,2,6,53
S01011770,92,41,38,8,52,35,6,0,1,55
S01011771,121,9,36,15,59,41,8,5,4,34
S01011772,187,6,40,28,77,54,6,12,5,51
S01011773,110,16,19,12,61,37,3,3,4,37
S01011774,163,11,59,14,66,44,9,8,3,69
S01011775,96,4,34,19,88,57,7,8,2,50
S01011776,213,6,44,20,112,66,5,7,9,87
S01011777,130,4,28,13,68,26,4,6,3,45
S01011778,126,4,27,11,83,30,3,9,2,39
S01011779,111,10,43,12,75,25,1,9,0,47
S01011780,150,13,39,15,92,35,5,4,5,58
S01011781,80,14,18,8,66,33,2,7,4,37
S01011782,86,7,22,16,36,22,2,2,1,41
S01011783,78,7,24,15,35,27,3,2,0,22
S01011784,96,18,35,21,84,27,4,4,6,48
S01011785,117,19,40,16,77,23,3,7,4,55
S01011786,90,5,15,17,52,18,0,7,1,37
S01011787,117,8,53,37,90,17,1,2,2,78
S01011788,132,1,24,9,56,32,8,14,7,53
S01011789,520,27,120,83,302,147,25,32,11,241
S01011790,218,42,34,75,126,47,9,8,6,112
S01011791,80,29,18,32,47,18,4,2,0,55
S01011792,130,33,14,36,89,20,4,6,3,58
S01011793,196,27,21,51,117,53,11,14,1,93
S01011794,105,27,12,40,54,19,1,5,4,64
S01011795,60,16,11,20,52,13,0,0,0,38
S01011796,70,37,7,81,61,29,7,1,4,72
S01011797,145,34,9,55,94,35,1,4,4,77
S01011798,77,30,3,33,42,25,3,6,1,43
S01011799,124,33,5,50,77,24,6,1,0,84
S01011800,59,23,10,39,52,10,0,3,4,58
S01011801,73,21,4,39,41,17,0,2,1,40
S01011802,64,25,8,59,44,21,1,4,0,57
S01011803,100,9,25,41,62,22,2,1,1,61
S01011804,92,78,20,3,40,34,0,2,6,42
S01011805,77,74,2,1,37,23,0,1,4,34
S01011806,101,116,22,2,78,29,0,1,1,61
S01011807,208,17,49,54,115,53,0,1,9,69
S01011808,66,11,6,119,81,9,0,0,8,53
S01011809,127,6,6,40,141,3,0,3,2,61
S01011810,139,26,14,58,151,19,0,1,6,86
S01011811,175,15,24,24,93,94,6,1,6,84
S01011812,108,5,3,28,131,35,2,0,9,45
S01011813,111,19,48,106,51,9,1,1,8,78
S01011814,147,4,11,16,154,13,3,1,2,84
S01011815,132,83,112,107,28,12,6,1,1,100
S01011816,107,89,98,6,8,13,0,1,2,57
S01011817,167,170,139,38,41,4,0,0,11,127
S01011818,95,164,99,7,14,7,0,0,5,71
S01011819,80,188,52,6,21,5,1,2,8,66
S01011820,83,182,29,9,14,1,0,0,6,67
S01011821,36,90,8,4,4,0,0,0,1,27
S01011822,98,155,12,4,13,2,0,1,4,49
S01011823,56,121,33,3,17,6,0,1,0,51
S01011824,67,121,58,3,6,5,0,0,1,43
S01011825,68,111,12,0,11,8,0,0,3,41
S01011826,75,126,38,15,13,7,0,0,2,53
S01011827,87,25,23,4,13,24,0,0,4,36
S01011828,164,48,25,13,88,34,6,8,11,68
S01011829,84,10,17,3,75,4,1,2,2,32
S01011830,114,18,17,32,23,12,3,0,5,41
S01011831,185,37,40,12,8,11,12,4,14,70
S01011832,171,70,25,22,12,8,14,6,5,66
S01011833,193,7,12,11,48,53,32,17,10,63
S01011834,199,31,24,17,71,79,47,16,8,79
S01011835,175,6,7,31,49,63,15,13,9,45
S01011836,156,6,8,32,49,46,25,4,3,34
S01011837,134,7,5,22,40,26,23,2,6,43
S01011838,152,38,4,12,57,38,39,10,16,55
S01011839,103,59,6,12,38,61,26,8,9,62
S01011840,152,78,9,13,55,71,47,17,7,69
S01011841,129,47,17,8,57,49,36,6,6,42
S01011842,125,63,11,9,50,52,31,10,6,63
S01011843,263,11,9,41,65,92,40,22,12,76
S01011844,193,18,26,12,45,45,38,4,11,43
S01011845,153,29,45,6,65,26,25,2,8,65
S01011846,181,23,38,13,55,41,44,16,18,68
S01011847,86,0,1,11,42,15,8,14,3,37
S01011848,148,12,5,11,57,7,28,24,7,51
S01011849,174,29,37,56,59,75,5,22,5,67
S01011850,291,35,36,20,55,87,19,67,21,89
S01011851,133,17,14,61,10,43,7,19,2,74
S01011852,158,77,54,10,34,44,8,25,2,62
S01011853,136,41,48,10,46,31,11,25,13,41
S01011854,130,37,40,6,15,28,6,18,9,54
S01011855,111,89,44,13,24,42,9,11,9,62
S01011856,104,19,16,1,14,40,6,18,5,43
S01011857,128,7,33,20,25,18,11,11,15,53
S01011858,153,22,9,26,15,15,31,13,19,49
S01011859,108,35,21,53,5,10,28,6,13,51
S01011860,106,6,33,15,5,19,8,0,9,41
S01011861,161,18,14,22,17,7,22,9,20,50
S01011862,109,55,13,9,9,37,12,14,17,46
S01011863,109,63,7,7,5,29,3,11,13,49
S01011864,112,65,16,4,16,45,11,10,19,46
S01011865,68,69,5,8,12,33,11,6,7,50
S01011866,103,79,24,4,24,48,7,4,7,57
S01011867,116,160,8,15,20,61,12,18,12,72
S01011868,113,101,20,16,25,46,8,8,8,65
S01011869,106,128,13,10,18,52,8,9,10,64
S01011870,85,83,23,15,21,27,3,4,4,52
S01011871,381,62,75,49,155,60,32,60,33,157
S01011872,172,7,14,30,95,10,23,21,7,58
S01011873,137,18,61,45,11,21,17,7,10,61
S01011874,97,7,52,80,10,15,11,4,2,50
S01011875,85,13,45,80,15,14,13,8,3,50
S01011876,175,25,9,55,94,20,22,16,16,67
S01011877,74,15,5,17,67,2,16,4,5,36
S01011878,399,72,196,79,40,35,53,31,20,136
S01011879,111,8,4,21,58,19,26,7,6,40
S01011880,133,4,2,20,45,18,20,7,13,42
S01011881,121,15,19,140,23,23,13,4,8,48
S01011882,93,23,8,141,20,19,16,8,4,50
S01011883,200,27,33,183,40,31,23,9,7,103
S01011884,107,4,5,25,46,16,2,0,2,32
S01011885,114,16,10,19,106,26,9,10,4,58
S01011886,113,11,10,36,94,24,11,11,5,54
S01011887,78,30,81,17,15,18,6,7,2,35
S01011888,101,37,141,24,11,16,16,7,4,63
S01011889,134,64,72,9,10,23,11,6,7,46
S01011890,98,64,60,6,3,23,13,7,5,46
S01011891,116,40,79,17,4,13,9,7,8,40
S01011892,164,145,68,12,11,35,11,12,9,44
S01011893,155,126,98,10,23,38,15,13,5,64
S01011894,91,62,71,6,9,9,5,10,3,42
S01011895,86,49,34,6,3,12,7,3,8,20
S01011896,147,88,74,11,7,23,16,9,12,55
S01011897,180,86,102,7,10,31,15,11,7,61
S01011898,130,61,60,3,4,19,16,5,12,30
S01011899,99,9,106,9,2,11,14,8,6,34
S01011900,97,17,104,5,4,12,15,10,8,28
S01011901,145,36,127,18,10,15,24,15,9,57
S01011902,163,52,101,7,9,12,18,8,6,45
S01011903,111,36,92,8,5,29,11,3,4,61
S01011904,81,14,110,4,4,13,20,11,3,33
S01011905,108,24,91,4,11,17,18,7,6,43
S01011906,56,8,63,7,6,9,13,3,7,16
S01011907,100,27,108,7,12,10,10,9,9,44
S01011908,140,29,134,19,12,24,17,10,11,50
S01011909,228,98,141,8,15,26,11,11,6,84
S01011910,114,35,132,9,13,17,9,5,3,77
S01011911,66,40,116,11,7,17,9,3,2,51
S01011912,74,32,118,8,6,9,14,1,5,63
S01011913,71,21,99,10,5,15,4,2,1,47
S01011914,93,48,116,10,9,12,14,1,4,93
S01011915,89,66,111,6,14,21,16,1,6,66
S01011916,50,43,68,6,7,13,9,9,3,34
S01011917,56,45,94,4,9,8,7,1,3,42
S01011918,113,65,89,4,15,9,10,3,0,55
S01011919,84,93,108,10,11,20,16,2,4,69
S01011920,68,52,68,7,7,9,5,4,4,38
S01011921,62,54,87,4,8,6,5,5,4,45
S01011922,73,62,95,3,2,15,7,3,2,58
S01011923,101,70,111,5,7,19,7,4,9,69
S01011924,47,32,51,7,3,18,1,2,2,34
S01011925,165,68,112,10,5,10,23,8,7,65
S01011926,86,46,114,3,11,17,7,1,3,37
S01011927,67,42,94,4,8,10,11,0,1,32
S01011928,79,36,89,12,6,9,10,7,1,54
S01011929,73,40,90,7,11,2,7,4,4,35
S01011930,72,36,105,6,5,13,3,0,2,40
S01011931,176,148,177,8,26,38,19,12,13,114
S01011932,74,65,90,2,13,18,16,6,4,44
S01011933,83,91,87,5,6,18,9,0,0,47
S01011934,98,62,76,6,7,32,5,6,6,65
S01011935,94,100,64,8,16,29,15,9,2,66
S01011936,118,97,54,7,13,23,10,7,4,50
S01011937,97,57,54,3,12,18,10,4,3,39
S01011938,102,67,49,8,6,16,4,7,6,46
S01011939,124,93,56,5,4,13,8,15,7,66
S01011940,79,61,55,2,8,11,1,8,2,48
S01011941,108,92,57,8,14,25,8,6,5,54
S01011942,112,123,85,3,9,15,5,5,5,54
S01011943,138,156,90,10,12,34,10,8,0,104
S01011944,88,11,32,14,1,13,3,6,5,30
S01011945,132,18,44,6,4,26,6,8,7,20
S01011946,95,57,55,8,5,23,12,6,8,37
S01011947,57,25,68,1,3,13,7,4,2,31
S01011948,158,79,97,8,7,20,15,12,8,57
S01011949,91,10,72,46,10,16,4,8,5,36
S01011950,56,12,73,35,9,16,5,4,0,40
S01011951,91,16,89,38,9,19,6,5,5,48
S01011952,81,9,42,21,8,15,1,3,6,26
S01011953,144,15,98,36,13,34,6,8,10,52
S01011954,56,12,82,18,1,11,11,3,5,29
S01011955,142,26,134,45,18,28,6,10,3,67
S01011956,150,12,7,95,78,46,12,16,7,57
S01011957,127,11,5,54,55,38,9,11,4,50
S01011958,200,13,43,98,85,38,20,8,15,107
S01011959,149,9,15,80,79,25,8,4,13,52
S01011960,161,10,5,50,167,19,6,13,14,60
S01011961,111,20,14,65,151,18,4,6,9,46
S01011962,123,2,11,12,133,10,4,11,5,47
S01011963,79,6,10,13,117,14,5,5,4,33
S01011964,152,14,26,15,206,21,4,7,11,57
S01011965,96,38,50,69,17,29,3,7,3,41
S01011966,104,8,23,108,31,20,6,8,6,41
S01011967,200,15,16,101,107,31,5,6,13,68
S01011968,133,57,67,89,23,47,4,3,12,69
S01011969,138,54,15,42,67,58,10,10,12,57
S01011970,100,80,7,36,47,49,1,6,7,63
S01011971,89,5,19,33,83,21,5,2,4,46
S01011972,178,11,10,24,108,44,11,6,12,97
S01011973,105,8,10,21,89,29,11,2,16,30
S01011974,105,41,11,46,56,48,7,9,12,42
S01011975,51,19,4,36,11,33,4,3,6,34
S01011976,90,34,1,60,13,70,11,3,11,63
S01011977,172,36,14,64,39,87,16,5,10,69
S01011978,85,32,3,47,12,69,3,3,7,45
S01011979,211,63,48,26,34,101,8,10,16,87
S01011980,133,22,29,20,11,77,5,7,2,57
S01011981,202,40,8,20,51,13,20,22,14,61
S01011982,245,6,22,32,37,51,16,9,10,69
S01011983,137,28,20,37,43,5,7,11,12,66
S01011984,70,58,12,28,3,32,7,0,4,57
S01011985,88,60,3,20,7,46,3,5,2,51
S01011986,68,42,20,23,4,36,1,2,4,38
S01011987,154,93,18,32,15,81,3,8,16,67
S01011988,59,33,13,10,8,50,2,0,4,37
S01011989,77,81,10,13,15,64,4,4,6,57
S01011990,117,104,19,32,9,96,3,3,16,74
S01011991,90,64,14,25,15,66,6,3,4,50
S01011992,131,88,13,21,9,81,7,1,13,74
S01011993,110,97,14,41,9,43,1,2,6,67
S01011994,85,20,29,6,5,52,4,0,8,30
S01011995,234,19,12,60,127,27,10,8,20,96
S01011996,54,7,3,43,48,7,8,1,2,34
S01011997,129,19,15,106,80,10,11,7,12,67
S01011998,90,9,1,7,62,6,11,9,14,28
S01011999,117,8,8,31,64,14,9,2,9,53
S01012000,75,5,4,14,58,8,10,4,3,25
S01012001,100,13,8,28,78,20,12,3,9,57
S01012002,55,9,1,57,30,8,5,9,2,44
S01012003,78,9,8,73,37,5,13,7,3,38
S01012004,97,7,57,124,26,10,17,3,4,75
S01012005,124,8,41,105,18,11,15,17,5,63
S01012006,292,50,78,96,71,24,31,12,23,118
S01012007,137,36,10,15,44,30,10,4,18,46
S01012008,200,40,16,11,59,50,8,7,9,70
S01012009,105,22,11,56,26,19,16,6,13,66
S01012010,166,142,10,6,37,5,24,6,20,69
S01012011,157,194,13,16,35,2,22,15,9,71
S01012012,120,69,27,10,18,4,14,5,12,48
S01012013,155,55,7,45,22,8,15,9,19,55
S01012014,117,118,5,24,34,8,12,1,8,53
S01012015,143,126,15,27,46,9,13,5,9,71
S01012016,141,36,26,7,25,12,8,11,10,37
S01012017,155,9,3,6,15,8,5,5,23,32
S01012018,150,44,15,27,40,21,8,5,28,59
S01012019,201,20,3,13,73,77,6,3,10,63
S01012020,92,11,5,11,61,30,4,7,3,31
S01012021,91,12,2,17,49,34,5,6,5,25
S01012022,97,16,6,29,80,38,7,2,4,32
S01012023,107,2,4,12,31,31,3,4,4,23
S01012024,174,3,19,45,102,39,13,6,5,56
S01012025,148,5,25,57,98,30,8,0,5,55
S01012026,218,9,61,78,102,32,14,6,6,79
S01012027,156,11,38,67,71,20,6,3,9,52
S01012028,164,6,5,28,103,61,8,7,3,67
S01012029,463,46,62,210,245,64,25,6,14,157
S01012030,1324,42,93,522,802,179,78,23,51,411
S01012031,151,4,25,43,93,17,14,8,10,48
S01012032,90,3,9,20,39,20,3,0,2,23
S01012033,114,10,39,64,51,14,4,3,3,53
S01012034,112,12,26,41,83,23,8,0,4,45
S01012035,138,11,34,54,81,13,5,2,8,48
S01012036,100,8,32,40,82,19,7,5,6,50
S01012037,137,19,55,98,109,31,4,2,9,75
S01012038,83,38,52,58,42,9,2,0,6,56
S01012039,109,43,48,75,84,10,6,0,0,71
S01012040,135,10,23,44,68,13,5,3,2,43
S01012041,133,10,57,86,77,13,3,1,0,48
S01012042,158,11,65,142,135,32,5,7,4,73
S01012043,97,27,35,64,51,17,1,0,1,74
S01012044,76,50,30,63,67,15,4,2,3,57
S01012045,167,37,51,65,92,25,9,2,3,79
S01012046,68,34,22,44,55,8,1,0,0,46
S01012047,78,41,41,47,60,8,4,2,2,34
S01012048,83,19,21,43,62,8,5,3,3,43
S01012049,80,23,29,40,55,14,4,0,2,39
S01012050,135,40,50,73,87,11,6,0,2,64
S01012051,81,14,29,36,33,7,0,3,3,29
S01012052,97,29,46,49,71,13,3,2,4,58
S01012053,76,41,58,48,64,13,3,1,5,43
S01012054,66,24,40,63,46,3,8,2,1,36
S01012055,103,37,47,60,82,26,0,0,3,61
S01012056,104,19,28,55,62,15,8,0,4,42
S01012057,125,13,29,54,63,18,3,2,4,50
S01012058,110,16,30,42,48,13,6,1,2,38
S01012059,104,18,67,63,41,10,2,1,2,69
S01012060,116,21,51,51,51,19,5,3,2,60
S01012061,125,14,56,55,61,21,0,3,6,53
S01012062,252,37,115,129,108,31,15,3,7,133
S01012063,86,14,55,47,44,12,2,6,1,40
S01012064,60,25,63,27,20,5,3,1,1,51
S01012065,67,20,59,37,19,5,3,0,2,41
S01012066,108,64,71,51,43,9,6,2,1,92
S01012067,68,23,39,18,18,1,0,1,1,38
S01012068,31,25,46,11,11,4,3,2,2,31
S01012069,44,15,34,30,20,3,2,2,1,28
S01012070,92,32,63,30,29,1,3,2,6,52
S01012071,146,53,64,56,68,15,2,7,4,98
S01012072,134,45,72,55,65,8,1,2,4,76
S01012073,160,34,84,77,67,16,7,5,4,64
S01012074,106,26,64,54,71,14,5,3,2,45
S01012075,131,23,54,49,28,9,4,2,3,46
S01012076,115,39,62,67,48,15,4,0,6,73
S01012077,95,37,66,55,26,11,1,2,0,63
S01012078,129,20,94,83,57,12,3,2,5,60
S01012079,91,31,74,41,29,6,2,0,0,46
S01012080,85,14,81,61,35,14,5,1,2,63
S01012081,91,15,70,44,43,9,3,0,3,48
S01012082,71,12,45,54,32,3,3,0,2,37
S01012083,62,10,64,51,35,10,2,1,1,48
S01012084,74,3,55,42,37,6,7,1,2,34
S01012085,97,7,53,60,54,12,6,1,4,58
S01012086,99,8,78,81,57,12,0,2,3,65
S01012087,114,13,93,84,43,9,2,5,2,62
S01012088,96,6,85,57,45,11,8,4,2,45
S01012089,116,13,65,60,49,15,5,4,4,52
S01012090,120,20,37,57,56,10,0,1,3,42
S01012091,82,9,53,40,22,8,1,0,2,25
S01012092,68,9,42,25,36,10,0,3,4,36
S01012093,48,11,34,30,23,7,0,0,1,27
S01012094,117,20,56,57,65,16,1,1,5,34
S01012095,124,12,85,90,67,15,8,4,6,75
S01012096,79,10,80,85,44,11,2,0,3,91
S01012097,87,17,77,88,35,11,0,1,1,54
S01012098,70,12,45,60,36,17,2,4,3,46
S01012099,78,27,63,63,27,8,2,0,5,54
S01012100,143,25,123,106,66,9,4,0,3,86
S01012101,127,12,54,42,31,7,2,4,6,42
S01012102,70,20,66,59,25,12,0,2,0,42
S01012103,164,33,83,71,56,16,6,2,3,65
S01012104,153,25,62,59,84,18,13,2,2,67
S01012105,157,30,78,83,81,20,3,0,3,64
S01012106,185,50,62,85,91,21,1,4,9,70
S01012107,116,27,35,36,51,8,4,2,10,41
S01012108,63,28,35,39,26,7,0,3,3,27
S01012109,153,43,52,79,48,29,3,3,3,84
S01012110,89,40,60,55,33,7,3,0,2,71
S01012111,85,28,63,70,32,7,0,1,5,55
S01012112,71,23,49,44,37,11,1,2,2,50
S01012113,123,15,93,101,38,8,3,1,2,57
S01012114,104,8,57,65,37,8,1,3,4,46
S01012115,62,15,55,48,32,10,3,0,5,37
S01012116,105,9,81,63,19,6,1,0,2,39
S01012117,269,15,148,162,69,23,14,10,6,98
S01012118,91,6,75,74,25,6,1,2,1,41
S01012119,116,9,80,78,25,19,6,1,0,51
S01012120,186,19,117,111,47,18,3,7,6,75
S01012121,121,48,81,69,44,4,3,4,4,69
S01012122,86,29,68,56,40,5,4,4,0,56
S01012123,100,27,31,27,37,11,1,0,5,27
S01012124,61,24,38,40,25,6,2,0,2,21
S01012125,93,38,66,60,32,7,1,4,4,42
S01012126,131,43,55,73,53,15,7,4,8,61
S01012127,203,79,72,99,81,13,5,6,14,88
S01012128,109,40,50,49,29,10,0,0,3,36
S01012129,133,31,24,55,30,8,2,2,5,62
S01012130,158,65,47,56,55,13,4,2,2,54
S01012131,176,83,52,67,57,7,3,0,4,80
S01012132,123,60,60,39,38,6,1,2,5,56
S01012133,111,40,32,44,41,14,3,3,4,51
S01012134,171,34,62,66,53,16,1,9,11,70
S01012135,125,44,52,70,44,9,5,4,5,66
S01012136,112,43,58,53,28,6,1,4,2,69
S01012137,135,36,83,83,26,10,2,2,8,65
S01012138,153,23,86,88,40,13,4,0,4,56
S01012139,152,32,89,73,29,9,0,2,0,61
S01012140,86,11,30,53,17,11,4,5,1,25
S01012141,186,17,72,94,21,5,10,2,5,42
S01012142,134,16,82,52,22,12,4,2,4,40
S01012143,116,7,75,61,23,7,4,2,2,54
S01012144,178,7,89,94,25,15,4,1,3,56
S01012145,176,17,79,105,29,18,3,4,6,45
S01012146,122,37,70,47,27,12,4,4,5,61
S01012147,97,26,70,48,15,7,2,0,0,52
S01012148,86,33,53,35,26,3,5,3,0,33
S01012149,115,26,61,51,27,12,8,4,3,50
S01012150,85,24,82,32,29,9,1,4,4,67
S01012151,68,11,62,55,14,7,0,3,0,31
S01012152,64,19,71,41,17,2,5,0,1,38
S01012153,119,59,71,51,39,10,5,0,2,70
S01012154,93,59,72,44,31,12,2,1,1,46
S01012155,71,41,47,37,37,5,4,2,7,49
S01012156,172,81,124,90,50,22,6,2,8,91
S01012157,146,65,91,66,42,14,4,3,6,72
S01012158,233,48,110,93,73,30,9,11,5,101
S01012159,78,16,30,39,29,7,3,2,2,33
S01012160,93,16,66,39,29,6,1,0,4,39
S01012161,45,15,37,21,4,7,3,5,2,35
S01012162,158,18,115,79,27,13,10,2,5,70
S01012163,127,30,97,83,27,6,4,1,2,63
S01012164,182,25,109,105,52,26,5,4,1,101
S01012165,98,34,87,62,27,8,3,3,0,54
S01012166,100,23,69,36,11,7,2,5,1,38
S01012167,106,29,65,70,13,10,3,1,0,38
S01012168,91,13,66,71,20,3,1,3,3,35
S01012169,107,22,99,64,24,10,2,0,0,59
S01012170,100,32,115,82,28,17,2,0,2,64
S01012171,128,43,107,69,22,14,3,4,4,46
S01012172,82,21,73,43,16,6,4,3,1,39
S01012173,94,16,55,43,25,2,6,5,4,26
S01012174,164,32,81,80,29,16,5,3,6,57
S01012175,104,25,59,54,21,13,4,4,6,34
S01012176,109,19,68,62,16,4,5,2,1,45
S01012177,72,26,40,37,12,8,2,1,2,43
S01012178,81,22,42,36,8,5,5,0,4,27
S01012179,63,22,36,31,13,4,4,0,2,32
S01012180,88,27,52,55,14,8,4,3,4,34
S01012181,96,32,52,58,14,7,0,2,3,41
S01012182,517,93,261,323,109,49,25,11,14,207
S01012183,196,46,126,122,37,20,8,4,9,93
S01012184,239,29,128,146,38,20,11,4,9,90
S01012185,135,35,100,90,33,8,5,2,4,65
S01012186,99,18,60,59,23,7,2,2,1,36
S01012187,87,23,68,54,10,2,0,2,5,48
S01012188,70,12,45,47,35,12,1,0,2,46
S01012189,88,20,35,59,36,12,7,1,3,42
S01012190,92,15,37,53,30,6,5,1,5,25
S01012191,96,12,47,53,38,13,3,3,4,44
S01012192,116,7,44,62,36,15,11,0,5,49
S01012193,81,5,43,49,35,12,4,0,3,31
S01012194,94,8,29,52,39,8,7,1,3,23
S01012195,159,19,53,92,94,23,8,1,4,63
S01012196,104,9,29,47,32,11,4,3,5,41
S01012197,89,20,34,69,46,5,4,3,3,43
S01012198,119,20,46,74,50,13,3,5,7,37
S01012199,79,17,37,82,41,4,3,2,1,51
S01012200,75,20,33,50,33,7,3,2,1,44
S01012201,101,18,43,83,28,12,6,1,10,49
S01012202,87,16,33,58,33,7,4,2,2,37
S01012203,87,14,27,53,39,8,6,2,2,41
S01012204,106,11,19,55,43,14,3,1,3,33
S01012205,83,11,34,50,65,8,3,3,1,40
S01012206,128,21,41,75,58,11,4,1,7,55
S01012207,118,42,37,91,66,12,4,0,0,42
S01012208,134,28,49,119,54,20,5,3,4,83
S01012209,95,27,36,90,42,10,1,0,5,48
S01012210,89,38,35,65,58,9,4,4,5,58
S01012211,153,13,18,61,111,19,8,2,6,63
S01012212,91,11,11,55,79,9,2,5,4,32
S01012213,94,12,10,50,69,11,5,4,4,38
S01012214,116,9,10,62,58,13,4,0,3,37
S01012215,124,13,25,41,76,16,4,5,3,42
S01012216,102,9,10,61,89,18,9,3,3,42
S01012217,68,26,45,47,30,8,4,0,0,30
S01012218,58,21,37,41,25,5,0,0,5,29
S01012219,96,38,62,51,43,12,3,0,4,62
S01012220,65,33,20,39,23,15,1,3,1,34
S01012221,59,31,38,41,32,12,6,3,2,50
S01012222,89,29,69,48,45,10,4,4,3,63
S01012223,80,22,50,37,32,9,3,1,0,41
S01012224,114,26,62,83,53,16,8,4,0,53
S01012225,123,36,42,74,63,9,0,0,7,85
S01012226,73,12,50,80,50,7,8,4,0,44
S01012227,66,12,31,72,48,13,4,2,3,51
S01012228,92,22,40,75,41,7,5,1,1,42
S01012229,112,3,19,63,68,9,6,2,4,33
S01012230,136,4,38,65,91,11,8,0,5,49
S01012231,139,5,30,50,65,7,3,4,6,36
S01012232,127,8,35,54,78,19,5,1,5,45
S01012233,138,13,18,62,75,12,7,3,4,34
S01012234,179,10,23,86,79,26,10,3,10,51
S01012235,66,5,8,22,53,8,2,3,1,24
S01012236,141,5,15,62,84,24,4,4,10,47
S01012237,143,14,10,32,79,38,6,1,7,23
S01012238,73,24,16,47,66,29,0,2,1,45
S01012239,72,16,17,38,44,21,3,0,2,35
S01012240,122,16,30,36,71,28,9,2,3,56
S01012241,99,7,8,12,58,29,4,0,5,21
S01012242,176,7,12,28,98,37,10,4,4,42
S01012243,111,4,10,31,71,24,5,5,8,34
S01012244,215,9,12,19,61,75,7,5,12,44
S01012245,129,23,6,5,38,60,5,4,9,41
S01012246,225,31,3,12,69,96,1,13,4,44
S01012247,160,8,3,28,56,69,6,6,15,42
S01012248,209,5,12,8,30,52,40,6,13,53
S01012249,192,11,8,17,26,12,24,40,17,67
S01012250,243,40,39,32,16,51,63,9,15,87
S01012251,141,100,24,19,17,36,40,8,4,76
S01012252,114,69,20,18,14,49,31,2,4,57
S01012253,114,101,7,11,15,37,36,6,9,63
S01012254,130,97,16,13,13,37,49,3,6,47
S01012255,137,86,1,12,12,28,24,6,3,58
S01012256,106,40,26,6,4,28,32,6,7,36
S01012257,126,88,25,13,12,37,31,6,6,74
S01012258,118,42,14,6,6,39,49,9,9,28
S01012259,116,47,6,1,2,33,45,3,6,25
S01012260,138,100,19,8,10,38,55,3,6,60
S01012261,137,0,20,55,20,46,54,9,6,47
S01012262,246,24,53,36,43,53,65,25,15,93
S01012263,116,30,21,2,73,17,12,5,11,64
S01012264,72,24,0,25,10,17,19,3,7,36
S01012265,113,49,15,45,54,29,22,8,2,70
S01012266,124,52,3,63,46,48,38,19,8,93
S01012267,153,37,9,38,30,35,35,10,4,64
S01012268,118,7,19,35,39,4,5,22,8,59
S01012269,152,36,6,106,35,22,13,27,7,88
S01012270,107,33,6,90,35,17,6,15,10,75
S01012271,435,35,156,61,68,129,56,36,15,168
S01012272,132,10,0,20,48,30,49,4,1,42
S01012273,160,7,28,76,21,26,14,18,5,54
S01012274,159,90,35,47,9,26,3,17,1,55
S01012275,115,92,22,44,9,12,14,11,6,72
S01012276,159,91,62,63,18,27,12,15,6,66
S01012277,170,49,90,81,25,26,14,10,4,89
S01012278,111,56,14,31,14,13,10,16,7,46
S01012279,111,73,33,49,11,20,13,13,0,41
S01012280,142,94,37,50,15,27,15,14,7,71
S01012281,115,94,21,40,7,11,11,13,9,51
S01012282,141,45,91,24,6,19,5,17,4,50
S01012283,125,77,44,36,9,17,12,22,3,62
S01012284,99,71,42,32,6,17,18,7,3,56
S01012285,57,46,25,23,6,7,10,16,2,36
S01012286,107,52,137,20,6,30,6,19,10,66
S01012287,75,28,93,16,4,14,6,14,0,52
S01012288,64,37,67,10,9,11,8,8,1,46
S01012289,146,47,30,30,13,9,0,9,8,38
S01012290,88,16,46,31,17,4,2,13,8,33
S01012291,211,88,46,74,34,8,16,26,19,70
S01012292,109,42,23,40,11,1,2,24,3,15
S01012293,58,11,51,21,4,3,6,9,4,40
S01012294,123,33,123,42,9,14,9,9,5,57
S01012295,137,33,107,19,19,22,4,19,6,45
S01012296,176,46,4,3,74,49,59,16,6,70
S01012297,174,7,8,39,35,18,20,23,7,56
S01012298,123,25,3,6,70,46,36,10,13,49
S01012299,153,8,2,9,31,55,44,4,4,52
S01012300,102,31,4,2,52,21,1,16,7,63
S01012301,170,7,12,45,75,26,9,20,7,67
S01012302,123,16,17,14,19,21,8,24,9,45
S01012303,218,15,33,24,49,30,19,27,11,74
S01012304,158,10,10,37,120,23,17,33,15,87
S01012305,93,125,7,19,20,32,11,11,5,63
S01012306,72,79,1,10,17,21,11,6,2,33
S01012307,79,79,2,16,16,23,8,16,8,39
S01012308,99,138,5,32,26,35,29,7,3,78
S01012309,66,6,25,15,53,11,8,10,22,54
S01012310,186,17,45,45,67,14,5,21,40,91
S01012311,74,5,11,9,45,5,4,11,21,38
S01012312,196,7,7,44,66,24,10,42,27,68
S01012313,131,9,6,27,35,22,17,38,8,68
S01012314,75,99,2,11,96,11,9,15,19,63
S01012315,90,70,3,2,41,9,5,14,14,58
S01012316,73,58,4,4,57,7,3,11,9,41
S01012317,81,50,1,5,71,11,4,4,12,38
S01012318,75,86,8,3,86,14,5,11,12,70
S01012319,126,10,34,33,41,19,21,16,12,62
S01012320,64,22,14,40,54,13,8,12,4,41
S01012321,91,23,23,43,85,27,11,21,17,73
S01012322,185,19,12,57,56,17,24,14,25,59
S01012323,163,13,7,64,54,22,12,17,24,58
S01012324,192,16,14,34,77,34,12,5,12,79
S01012325,36,30,7,5,42,22,16,3,8,25
S01012326,71,25,6,9,63,13,7,1,7,34
S01012327,85,73,6,10,66,21,12,4,9,62
S01012328,71,14,7,7,43,9,6,3,16,27
S01012329,190,5,2,29,56,30,2,4,12,58
S01012330,65,74,11,6,13,18,5,6,4,35
S01012331,79,79,28,5,42,38,4,7,4,47
S01012332,192,28,48,36,54,21,8,11,15,88
S01012333,186,11,53,79,29,38,16,9,17,69
S01012334,90,87,63,4,49,22,7,4,8,57
S01012335,106,100,71,7,54,44,8,6,8,72
S01012336,58,53,46,7,24,27,6,2,4,51
S01012337,74,103,26,7,33,24,5,5,3,46
S01012338,98,108,5,4,23,26,2,4,7,53
S01012339,71,87,5,4,22,16,0,4,4,37
S01012340,115,85,66,10,43,42,14,6,14,68
S01012341,208,19,21,14,52,45,3,8,25,77
S01012342,155,12,23,37,107,6,4,6,11,81
S01012343,165,5,41,39,61,38,7,11,20,77
S01012344,82,26,24,72,49,2,5,14,5,50
S01012345,107,33,42,66,56,14,8,16,5,76
S01012346,156,13,24,51,71,6,0,13,8,58
S01012347,94,31,14,47,60,5,2,16,7,49
S01012348,98,19,8,43,59,1,5,20,2,32
S01012349,80,78,10,16,79,21,4,7,8,74
S01012350,92,84,5,8,65,20,5,6,14,61
S01012351,81,96,7,8,85,22,2,4,9,95
S01012352,76,66,3,9,75,18,2,8,17,54
S01012353,112,61,2,5,59,16,2,3,9,71
S01012354,88,61,4,0,22,42,36,10,10,81
S01012355,249,9,23,26,30,32,11,16,19,77
S01012356,99,12,3,75,49,12,1,11,8,54
S01012357,208,3,47,20,41,16,5,1,18,61
S01012358,165,11,18,30,46,39,2,8,17,65
S01012359,77,58,39,6,26,29,2,4,5,50
S01012360,60,71,36,5,16,20,1,1,6,45
S01012361,50,69,22,8,27,21,0,9,1,38
S01012362,72,56,38,7,38,18,3,10,5,54
S01012363,110,158,33,8,30,33,8,6,7,75
S01012364,60,85,18,5,25,24,0,9,6,49
S01012365,101,137,28,7,51,43,6,5,15,80
S01012366,102,119,21,11,24,29,6,8,4,50
S01012367,92,97,33,7,36,16,4,3,10,64
S01012368,99,53,39,6,21,19,5,0,15,39
S01012369,97,80,60,2,19,42,10,5,8,71
S01012370,96,80,63,6,33,32,9,9,7,91
S01012371,121,114,36,4,25,35,11,10,6,73
S01012372,61,77,18,3,22,27,5,1,1,37
S01012373,121,125,13,10,53,27,3,8,16,54
S01012374,127,107,53,4,47,26,8,8,4,72
S01012375,105,125,39,6,45,31,3,10,5,55
S01012376,180,6,13,79,59,13,2,26,12,70
S01012377,124,4,27,34,28,8,3,10,5,46
S01012378,130,15,8,16,34,9,8,11,7,41
S01012379,115,4,6,18,39,13,6,17,4,33
S01012380,130,82,1,81,30,12,3,13,1,74
S01012381,94,58,1,84,23,14,2,12,7,53
S01012382,117,71,4,81,46,11,0,14,6,59
S01012383,103,66,4,75,24,4,2,6,9,57
S01012384,79,31,2,60,22,10,2,5,11,32
S01012385,108,45,4,67,26,2,0,11,6,53
S01012386,110,46,3,102,25,9,0,11,4,71
S01012387,105,41,45,43,14,71,65,5,14,56
S01012388,111,15,8,37,37,132,3,8,15,57
S01012389,126,28,10,7,234,12,2,17,3,64
S01012390,107,14,8,42,193,11,4,9,6,67
S01012391,172,27,108,211,13,9,31,5,7,83
S01012392,85,45,151,19,3,2,23,1,0,49
S01012393,96,88,113,12,7,10,13,1,6,58
S01012394,69,96,67,14,2,1,11,2,1,39
S01012395,51,82,37,14,0,6,8,1,4,39
S01012396,76,111,48,16,2,5,13,1,7,46
S01012397,105,89,108,18,5,8,14,2,10,69
S01012398,111,169,36,14,9,12,26,2,5,64
S01012399,83,144,46,7,8,9,9,0,7,33
S01012400,77,134,21,10,4,4,15,2,6,40
S01012401,73,130,52,16,6,12,11,1,0,72
S01012402,102,22,67,163,7,27,12,0,0,69
S01012403,147,8,18,74,160,7,10,12,1,91
S01012404,96,61,1,171,11,6,14,1,2,58
S01012405,100,5,23,169,57,28,9,0,2,55
S01012406,77,17,5,13,110,74,3,0,4,57
S01012407,94,23,9,13,178,32,2,3,1,78
S01012408,104,12,10,21,81,36,5,0,2,68
S01012409,99,45,15,12,12,63,26,4,3,55
S01012410,131,69,30,96,34,99,21,7,6,65
S01012411,114,17,31,64,67,79,42,8,6,89
S01012412,81,15,11,33,70,11,13,41,5,51
S01012413,107,45,4,48,68,16,24,24,18,63
S01012414,83,65,33,42,9,7,5,14,25,50
S01012415,80,55,15,0,13,30,0,2,3,86
S01012416,68,12,35,6,3,33,5,1,1,79
S01012417,80,19,14,3,20,21,1,16,6,47
S01012418,168,16,6,16,35,27,11,30,8,65
S01012419,156,14,10,24,36,12,19,9,11,43
S01012420,99,13,11,70,21,28,8,4,9,46
S01012421,121,18,23,19,30,24,7,7,11,46
S01012422,157,14,8,39,44,24,8,1,11,76
S01012423,107,8,15,27,90,9,12,10,13,49
S01012424,91,66,39,24,18,19,22,16,5,62
S01012425,49,46,15,10,5,7,7,8,6,30
S01012426,33,53,24,15,8,9,10,1,6,38
S01012427,45,45,33,20,19,6,13,3,0,30
S01012428,38,49,46,10,13,14,16,1,7,34
S01012429,63,40,24,9,8,17,4,6,3,33
S01012430,52,52,13,14,9,16,14,3,7,37
S01012431,81,60,24,27,27,30,17,11,15,40
S01012432,48,80,40,14,11,20,7,7,13,27
S01012433,59,53,17,14,4,20,12,5,8,28
S01012434,55,27,6,21,59,10,9,5,5,44
S01012435,69,34,3,11,81,10,10,0,7,56
S01012436,58,41,3,19,79,7,12,1,6,36
S01012437,60,36,0,14,86,14,12,5,9,48
S01012438,102,37,4,23,94,8,19,5,10,68
S01012439,65,26,0,20,77,6,10,2,6,36
S01012440,63,16,2,12,63,6,8,2,6,37
S01012441,165,9,12,21,67,20,21,3,16,59
S01012442,255,10,71,134,71,51,4,71,23,109
S01012443,136,5,11,64,57,24,2,14,8,49
S01012444,141,4,71,40,29,41,4,23,10,44
S01012445,79,3,44,23,6,22,0,8,8,32
S01012446,69,6,5,73,23,6,5,5,0,33
S01012447,112,8,13,124,32,19,3,11,2,65
S01012448,139,10,8,111,54,21,3,25,4,61
S01012449,62,1,4,82,48,19,2,11,1,47
S01012450,163,20,53,99,50,16,7,28,6,73
S01012451,122,8,57,37,30,16,0,19,4,33
S01012452,74,3,38,25,17,28,2,11,7,35
S01012453,102,4,45,40,7,22,4,13,12,35
S01012454,91,1,48,23,19,25,2,23,5,30
S01012455,97,3,31,31,2,12,0,13,4,40
S01012456,102,7,45,50,12,24,1,13,6,39
S01012457,98,8,31,30,15,15,1,20,9,31
S01012458,103,3,50,36,15,34,0,18,5,39
S01012459,82,7,51,24,25,17,2,16,3,29
S01012460,66,11,27,22,12,13,0,10,1,25
S01012461,83,13,81,38,27,20,2,14,0,41
S01012462,84,14,84,50,24,18,2,6,0,56
S01012463,61,18,54,31,10,12,2,7,2,37
S01012464,62,9,59,31,10,11,2,5,0,48
S01012465,71,17,78,44,12,12,1,7,2,41
S01012466,93,39,41,42,22,11,3,16,4,47
S01012467,83,32,69,43,30,15,1,10,5,61
S01012468,92,46,79,37,22,11,4,19,2,63
S01012469,102,38,34,20,23,21,0,12,4,26
S01012470,92,15,104,57,30,22,1,18,4,62
S01012471,105,14,54,27,10,20,4,10,6,38
S01012472,76,5,55,28,13,15,0,22,4,33
S01012473,73,5,48,31,18,10,0,14,1,35
S01012474,72,31,33,21,24,10,2,16,3,43
S01012475,63,17,46,34,17,10,5,8,1,37
S01012476,131,31,92,38,48,16,5,20,5,62
S01012477,69,11,69,45,17,12,2,11,2,44
S01012478,107,22,99,53,43,22,2,15,5,76
S01012479,87,10,83,36,29,16,6,19,4,40
S01012480,59,21,25,19,6,12,0,10,4,18
S01012481,162,74,44,44,19,19,2,20,8,78
S01012482,93,56,33,21,11,11,0,18,12,46
S01012483,96,64,23,20,16,13,0,11,3,43
S01012484,113,55,30,37,18,10,2,23,9,43
S01012485,113,33,31,33,19,17,1,23,6,42
S01012486,36,27,12,16,12,4,0,14,4,18
S01012487,67,30,35,17,17,11,1,13,1,29
S01012488,126,61,56,34,41,16,1,16,0,66
S01012489,105,67,51,32,16,7,3,7,4,80
S01012490,103,84,69,41,31,13,1,18,5,61
S01012491,43,48,20,19,3,2,4,5,1,24
S01012492,70,58,41,32,12,10,4,10,1,44
S01012493,50,28,15,12,11,4,0,11,5,18
S01012494,113,51,91,34,34,4,1,17,6,66
S01012495,107,44,96,33,34,9,0,17,5,75
S01012496,63,29,58,36,18,9,2,11,6,50
S01012497,47,25,50,24,12,4,0,3,3,31
S01012498,79,39,85,22,24,10,4,7,2,64
S01012499,59,30,61,31,32,8,1,9,2,41
S01012500,50,25,46,24,19,0,0,17,0,45
S01012501,47,31,37,17,8,2,1,1,0,38
S01012502,45,37,46,10,19,2,2,6,0,51
S01012503,57,25,62,24,17,8,4,5,3,44
S01012504,71,38,71,28,22,2,1,6,5,50
S01012505,106,75,74,31,32,11,0,10,6,68
S01012506,86,12,45,22,31,1,1,7,1,31
S01012507,93,35,94,17,38,21,6,14,4,50
S01012508,107,33,87,19,59,11,1,28,1,63
S01012509,91,17,54,20,31,9,2,16,0,26
S01012510,113,57,102,43,47,13,6,34,4,60
S01012511,49,28,40,16,7,10,4,6,0,30
S01012512,42,21,45,12,26,4,3,11,0,22
S01012513,64,13,51,17,21,7,4,15,2,20
S01012514,155,38,133,26,74,23,4,18,6,62
S01012515,63,35,55,6,27,5,0,14,2,38
S01012516,67,31,71,17,49,10,0,11,3,48
S01012517,146,43,82,46,46,11,4,23,3,69
S01012518,63,19,18,25,20,5,3,21,6,25
S01012519,79,29,28,14,31,7,4,17,2,20
S01012520,99,19,48,11,25,7,4,20,8,36
S01012521,74,22,36,16,30,3,5,15,6,26
S01012522,126,28,50,17,39,6,2,27,8,50
S01012523,111,33,71,15,53,9,3,24,3,32
S01012524,112,49,29,35,56,4,5,30,5,31
S01012525,89,37,27,27,41,8,2,22,8,38
S01012526,103,33,33,13,41,8,3,22,4,36
S01012527,62,29,47,27,31,6,5,16,0,35
S01012528,101,40,69,28,47,6,2,15,8,56
S01012529,78,34,39,19,19,7,2,10,2,33
S01012530,99,41,79,16,39,11,2,22,3,51
S01012531,156,31,35,73,80,12,11,33,17,70
S01012532,160,29,46,63,65,18,15,32,9,60
S01012533,52,30,17,30,23,3,2,14,2,34
S01012534,78,37,28,20,31,4,7,13,0,38
S01012535,84,4,23,133,46,5,2,13,4,70
S01012536,118,10,12,82,60,10,2,12,3,62
S01012537,86,7,15,71,45,2,2,13,2,65
S01012538,118,16,18,146,78,12,11,10,5,99
S01012539,55,13,4,40,56,5,5,15,0,57
S01012540,59,11,7,44,71,4,7,8,1,58
S01012541,178,14,11,66,126,13,15,14,9,92
S01012542,214,16,14,142,72,12,36,27,13,93
S01012543,134,5,9,80,49,9,21,4,4,53
S01012544,102,21,16,74,44,6,21,12,5,57
S01012545,38,12,6,57,23,6,12,1,3,45
S01012546,116,27,15,89,43,6,24,7,8,73
S01012547,48,13,10,55,30,4,20,8,5,38
S01012548,325,12,58,140,136,21,59,56,14,111
S01012549,44,19,22,32,30,5,5,7,2,44
S01012550,105,7,43,58,38,7,8,19,1,56
S01012551,103,13,28,50,51,5,11,15,4,44
S01012552,104,12,18,44,52,3,19,23,5,44
S01012553,129,7,41,84,56,12,22,28,7,62
S01012554,61,2,32,30,22,3,8,19,0,22
S01012555,52,3,18,48,44,5,12,6,6,29
S01012556,74,6,13,24,24,3,10,10,4,23
S01012557,89,0,31,33,39,4,13,6,1,32
S01012558,58,20,36,43,41,0,7,13,1,28
S01012559,61,33,8,27,17,4,8,8,1,37
S01012560,55,25,12,32,40,7,11,16,4,22
S01012561,83,29,20,52,39,6,7,17,3,40
S01012562,77,39,10,50,50,5,11,17,0,42
S01012563,91,4,15,51,35,3,9,25,6,26
S01012564,67,18,4,32,46,0,8,25,5,36
S01012565,112,20,3,36,37,3,7,18,6,20
S01012566,111,34,6,35,39,2,13,26,7,44
S01012567,130,32,11,49,50,6,7,23,5,41
S01012568,68,5,4,35,17,4,7,19,5,21
S01012569,133,23,17,47,38,8,6,24,11,40
S01012570,67,6,6,8,16,18,9,21,21,42
S01012571,127,11,6,10,37,44,25,32,12,60
S01012572,83,6,11,4,24,21,7,28,6,32
S01012573,161,8,10,42,33,20,35,53,2,68
S01012574,149,15,12,32,38,29,37,46,7,67
S01012575,126,22,21,16,43,8,17,31,3,43
S01012576,104,62,17,11,24,13,25,21,4,56
S01012577,181,107,18,22,59,29,52,51,13,86
S01012578,112,62,4,9,35,11,38,35,11,54
S01012579,137,7,15,40,33,30,30,32,4,62
S01012580,202,12,11,18,36,51,42,14,7,56
S01012581,76,29,15,47,19,34,9,12,4,50
S01012582,183,7,42,42,50,40,28,26,9,72
S01012583,102,6,37,33,29,32,22,14,5,60
S01012584,115,31,17,22,40,25,26,15,3,59
S01012585,103,41,26,28,61,38,32,12,2,68
S01012586,129,24,21,28,60,56,39,15,5,69
S01012587,188,5,7,30,86,39,32,7,5,67
S01012588,107,4,6,10,81,38,24,13,4,33
S01012589,65,13,5,30,83,30,21,7,3,36
S01012590,81,10,9,24,88,40,24,3,3,57
S01012591,77,22,7,9,71,27,24,2,2,58
S01012592,145,10,21,32,77,55,21,4,4,58
S01012593,132,7,46,37,72,51,7,13,2,55
S01012594,66,3,25,20,43,22,7,4,2,39
S01012595,69,7,39,32,46,28,3,8,3,43
S01012596,76,6,48,24,54,32,13,6,7,50
S01012597,77,7,25,23,45,30,6,2,5,45
S01012598,82,20,7,32,38,32,12,7,3,29
S01012599,71,30,6,29,43,29,17,14,5,50
S01012600,115,27,14,40,53,30,11,6,2,30
S01012601,147,26,8,49,69,59,24,15,1,57
S01012602,74,30,7,35,48,6,16,7,3,55
S01012603,65,39,4,30,43,22,5,6,2,50
S01012604,66,26,6,43,41,28,10,4,0,34
S01012605,53,26,16,30,28,17,13,3,2,38
S01012606,125,12,32,57,96,42,50,20,10,64
S01012607,100,19,13,53,47,28,23,11,4,52
S01012608,83,45,13,54,56,22,21,2,1,66
S01012609,78,47,10,61,59,15,10,4,11,63
S01012610,87,43,5,71,55,41,14,7,3,68
S01012611,154,51,17,83,76,43,39,13,5,87
S01012612,73,28,5,37,42,21,17,6,2,35
S01012613,73,36,4,31,49,21,13,4,1,43
S01012614,127,40,11,52,50,26,27,12,0,67
S01012615,138,15,12,37,51,29,37,10,5,51
S01012616,165,7,35,57,60,22,24,15,7,72
S01012617,152,4,22,43,99,56,37,14,6,86
S01012618,77,9,11,32,49,12,13,10,2,41
S01012619,51,30,6,17,24,15,19,9,1,37
S01012620,94,29,9,19,24,21,26,8,5,44
S01012621,71,26,11,20,23,26,16,6,5,30
S01012622,102,60,28,29,40,25,29,1,3,55
S01012623,83,64,10,19,24,20,15,7,2,49
S01012624,74,57,11,30,36,21,25,4,4,53
S01012625,65,68,7,17,28,14,8,8,5,49
S01012626,56,38,7,14,24,16,18,4,1,39
S01012627,84,43,19,14,41,35,9,9,3,48
S01012628,205,66,30,30,48,54,37,24,8,73
S01012629,92,32,12,12,10,20,20,8,3,27
S01012630,110,63,12,12,23,31,28,5,3,49
S01012631,84,82,9,29,43,29,16,13,4,39
S01012632,139,13,14,22,38,41,27,13,5,74
S01012633,132,9,18,23,22,27,8,10,8,43
S01012634,75,5,53,32,38,17,17,9,6,71
S01012635,204,41,40,34,45,39,48,19,5,84
S01012636,143,15,28,39,57,34,24,14,0,87
S01012637,59,22,13,19,56,33,21,24,7,56
S01012638,102,33,13,19,58,35,32,20,9,71
S01012639,87,13,38,29,56,47,25,9,4,72
S01012640,64,17,5,49,25,19,17,20,1,63
S01012641,99,20,33,29,36,59,24,16,8,54
S01012642,87,33,18,16,25,31,21,3,1,48
S01012643,47,11,12,17,25,19,10,5,2,43
S01012644,83,17,18,16,36,35,25,3,5,69
S01012645,115,27,11,19,53,37,40,10,3,84
S01012646,140,22,14,25,66,49,42,14,3,71
S01012647,94,10,10,34,86,25,31,7,7,69
S01012648,69,7,19,18,47,20,10,2,4,51
S01012649,67,8,17,23,57,19,14,5,5,51
S01012650,103,6,11,37,46,43,29,5,1,64
S01012651,63,13,17,34,48,17,18,1,3,61
S01012652,147,8,12,52,117,40,30,6,4,72
S01012653,137,12,28,50,85,23,10,3,5,107
S01012654,259,3,52,88,110,86,22,12,5,124
S01012655,122,17,33,48,73,33,10,2,3,100
S01012656,98,24,16,56,39,27,10,1,1,66
S01012657,61,15,21,41,39,16,3,4,3,35
S01012658,112,26,14,43,54,41,10,4,6,79
S01012659,192,17,49,73,77,64,10,7,5,68
S01012660,88,26,6,46,54,28,3,3,3,62
S01012661,146,24,17,60,66,34,8,6,2,67
S01012662,94,25,21,60,53,34,0,4,0,69
S01012663,75,23,9,43,48,24,8,4,4,50
S01012664,125,25,34,61,52,48,5,5,3,84
S01012665,90,42,10,38,49,30,3,3,0,60
S01012666,56,26,21,45,46,13,4,2,0,35
S01012667,47,17,9,38,36,13,6,3,0,44
S01012668,89,38,19,46,44,28,11,3,1,50
S01012669,86,27,7,32,41,19,9,2,2,40
S01012670,94,18,8,40,43,31,7,4,3,61
S01012671,102,31,37,68,55,29,8,2,1,81
S01012672,76,41,30,51,47,12,2,1,0,64
S01012673,51,32,13,30,34,22,2,0,2,44
S01012674,52,37,17,42,37,14,5,2,0,52
S01012675,83,33,14,39,40,21,6,0,3,81
S01012676,88,22,26,49,80,36,11,1,2,81
S01012677,56,26,9,28,53,28,8,5,2,50
S01012678,137,8,13,27,126,51,11,13,6,80
S01012679,74,12,10,20,79,33,11,4,3,72
S01012680,72,8,11,22,57,33,15,6,3,44
S01012681,157,16,22,42,100,49,14,5,5,109
S01012682,108,7,15,27,56,28,5,2,6,49
S01012683,96,6,16,35,73,26,9,3,1,59
S01012684,73,22,9,4,71,26,6,3,2,45
S01012685,86,36,2,7,92,21,6,3,2,56
S01012686,138,19,0,19,107,55,5,4,8,63
S01012687,71,16,2,13,36,22,8,3,1,17
S01012688,111,38,0,11,90,43,6,1,7,64
S01012689,59,23,0,9,58,31,4,0,0,20
S01012690,66,22,4,10,50,15,7,4,5,42
S01012691,112,26,3,10,83,48,7,4,7,33
S01012692,101,29,4,12,59,31,5,2,2,48
S01012693,215,30,9,18,116,68,9,18,7,63
S01012694,56,22,0,11,42,16,5,3,1,30
S01012695,160,9,16,15,64,55,42,14,1,73
S01012696,202,17,10,9,90,62,16,15,10,65
S01012697,228,15,23,24,125,83,9,10,16,97
S01012698,160,6,19,57,76,30,3,4,4,80
S01012699,245,12,36,43,140,68,20,13,14,115
S01012700,144,0,27,69,57,15,9,4,5,53
S01012701,277,5,59,87,109,75,10,18,4,77
S01012702,244,1,72,48,105,41,15,11,7,74
S01012703,94,4,25,43,46,14,0,2,4,68
S01012704,93,13,48,41,49,13,0,2,1,60
S01012705,133,10,30,42,66,15,6,3,2,48
S01012706,93,16,57,39,46,5,2,1,0,74
S01012707,96,4,48,48,64,20,4,5,0,45
S01012708,80,18,39,37,32,17,6,3,1,45
S01012709,73,6,33,42,37,11,2,1,0,34
S01012710,97,14,32,41,36,12,3,3,0,49
S01012711,120,23,53,47,37,11,3,2,1,67
S01012712,108,20,43,39,59,11,6,10,4,47
S01012713,113,32,35,34,58,15,9,5,3,33
S01012714,95,20,24,25,52,19,4,2,2,27
S01012715,100,24,31,34,43,8,3,6,5,41
S01012716,128,19,26,29,61,21,4,7,3,35
S01012717,152,44,40,46,69,11,10,5,1,62
S01012718,149,29,24,41,54,10,7,6,3,52
S01012719,174,54,40,53,86,30,12,4,0,80
S01012720,83,20,23,28,41,11,3,1,3,31
S01012721,90,17,35,38,41,5,7,2,2,44
S01012722,88,24,33,38,34,8,1,2,3,51
S01012723,81,31,43,32,27,0,3,1,3,45
S01012724,105,29,26,58,44,15,0,6,6,64
S01012725,138,44,40,44,86,20,2,8,5,58
S01012726,74,17,56,35,40,10,2,1,1,55
S01012727,73,14,47,38,22,5,1,3,1,42
S01012728,77,22,56,41,42,13,2,2,1,66
S01012729,101,8,66,56,63,12,4,3,0,71
S01012730,55,5,42,39,25,11,4,2,0,49
S01012731,109,11,65,40,53,10,6,3,0,79
S01012732,86,11,38,29,45,5,2,5,1,45
S01012733,536,8,147,203,277,74,15,38,17,222
S01012734,131,4,34,51,62,16,2,3,2,46
S01012735,61,7,31,32,25,8,1,0,4,43
S01012736,142,14,84,65,63,7,6,8,4,72
S01012737,139,6,52,67,71,12,1,6,5,47
S01012738,70,7,55,42,37,7,1,4,2,41
S01012739,169,7,56,66,83,21,9,6,6,79
S01012740,182,20,41,69,106,15,18,8,4,70
S01012741,65,4,50,45,46,0,1,3,2,46
S01012742,107,8,32,36,52,10,1,6,0,48
S01012743,61,6,30,34,39,6,9,0,5,39
S01012744,108,12,41,32,44,8,4,1,3,48
S01012745,201,8,64,97,89,25,8,9,5,57
S01012746,116,17,47,54,53,6,5,6,2,63
S01012747,100,23,67,63,46,5,3,9,1,52
S01012748,97,30,47,44,32,8,0,0,2,58
S01012749,97,19,61,50,40,1,0,4,4,64
S01012750,114,29,52,57,39,7,3,6,2,73
S01012751,102,25,59,50,41,10,4,4,1,74
S01012752,118,33,42,50,55,4,3,5,4,63
S01012753,62,24,19,21,23,2,1,3,1,35
S01012754,82,24,27,51,25,6,4,2,2,47
S01012755,41,17,10,27,26,0,2,1,2,35
S01012756,49,10,16,33,25,3,4,4,1,23
S01012757,45,19,14,39,28,4,2,1,1,27
S01012758,71,9,24,47,37,4,3,1,0,43
S01012759,94,35,47,43,42,0,3,3,2,47
S01012760,124,38,37,63,52,4,4,5,4,69
S01012761,84,21,27,56,40,2,3,1,1,45
S01012762,105,10,38,49,29,6,2,3,3,58
S01012763,55,19,23,27,20,0,0,1,0,32
S01012764,85,20,42,64,39,11,4,4,0,61
S01012765,108,15,29,55,36,5,3,5,3,61
S01012766,117,25,63,95,61,6,0,6,2,50
S01012767,88,7,27,38,36,0,4,3,1,37
S01012768,99,7,25,53,54,4,5,1,2,45
S01012769,79,0,29,50,25,0,4,2,1,31
S01012770,139,23,53,51,88,7,3,6,4,65
S01012771,77,13,32,28,51,9,1,6,1,38
S01012772,71,30,28,49,44,4,2,2,0,56
S01012773,137,13,41,68,51,4,4,2,1,61
S01012774,122,31,49,59,53,11,2,6,1,68
S01012775,54,17,16,30,22,6,3,2,0,35
S01012776,88,36,33,53,29,3,2,4,3,43
S01012777,178,53,46,73,80,17,9,7,5,76
S01012778,91,46,20,58,50,6,1,4,1,50
S01012779,63,22,14,35,31,7,2,2,2,33
S01012780,64,30,31,39,37,8,3,1,0,54
S01012781,107,15,50,43,48,6,3,1,5,56
S01012782,49,15,38,23,26,4,4,4,0,34
S01012783,96,33,37,47,30,4,3,1,3,60
S01012784,87,27,44,44,47,6,0,4,4,54
S01012785,78,26,43,45,32,3,5,4,0,36
S01012786,76,30,33,35,34,9,6,3,2,58
S01012787,76,29,19,35,47,8,3,4,2,41
S01012788,73,21,37,46,36,8,4,0,2,59
S01012789,86,22,33,43,46,9,4,2,0,46
S01012790,130,11,30,49,49,6,12,9,2,40
S01012791,130,23,26,40,51,13,2,1,3,42
S01012792,140,37,52,52,60,10,2,6,3,46
S01012793,85,26,31,30,27,8,3,5,2,52
S01012794,105,27,20,29,48,10,5,4,4,38
S01012795,108,52,44,39,52,11,6,5,1,87
S01012796,127,36,38,63,54,12,5,0,1,53
S01012797,96,29,33,31,39,5,0,3,0,52
S01012798,219,9,46,53,96,18,11,8,9,70
S01012799,137,7,46,54,72,9,3,6,7,47
S01012800,141,15,38,32,73,15,7,6,13,47
S01012801,65,5,12,16,27,4,0,2,4,12
S01012802,81,6,23,47,53,5,3,0,2,20
S01012803,88,12,35,33,41,7,5,4,3,45
S01012804,99,19,41,40,52,13,0,3,2,55
S01012805,129,26,61,42,56,9,2,4,3,54
S01012806,143,28,36,56,68,14,5,6,4,52
S01012807,119,10,25,35,56,9,2,6,2,33
S01012808,402,51,68,137,211,32,19,20,9,138
S01012809,125,12,25,37,50,2,6,5,4,46
S01012810,96,42,28,35,41,8,0,5,2,46
S01012811,148,20,24,50,78,12,10,4,3,42
S01012812,90,29,21,37,49,3,8,5,0,40
S01012813,154,15,22,63,86,6,6,7,4,30
S01012814,166,3,26,109,77,7,5,4,2,60
S01012815,186,4,18,116,83,6,3,10,4,83
S01012816,94,4,23,67,54,4,3,3,7,55
S01012817,118,2,30,51,53,4,7,3,3,34
S01012818,147,7,37,89,59,5,2,5,5,66
S01012819,68,22,40,60,31,2,5,3,1,60
S01012820,1012,24,158,584,445,50,37,38,30,349
S01012821,152,4,19,106,40,4,7,2,11,82
S01012822,46,10,18,43,17,0,1,3,0,31
S01012823,145,17,35,110,56,3,1,5,1,82
S01012824,111,15,37,77,30,4,4,5,9,54
S01012825,68,16,22,49,23,2,4,0,0,34
S01012826,64,23,18,55,16,0,0,5,0,39
S01012827,125,9,21,93,48,4,6,5,4,70
S01012828,161,5,31,135,94,10,8,2,2,93
S01012829,84,17,42,76,28,5,3,3,2,63
S01012830,82,6,36,65,55,6,4,0,4,62
S01012831,89,8,22,56,33,4,2,3,0,54
S01012832,72,20,31,59,19,1,1,0,1,40
S01012833,83,19,31,58,23,6,4,0,0,66
S01012834,84,17,16,64,30,7,0,4,2,54
S01012835,158,11,28,92,54,3,4,2,6,60
S01012836,134,4,31,95,32,3,5,2,5,63
S01012837,61,16,20,50,22,4,2,1,1,33
S01012838,57,12,34,55,22,2,2,3,0,47
S01012839,96,13,30,72,33,0,2,3,2,42
S01012840,161,12,31,121,62,5,10,3,6,58
S01012841,87,12,23,47,31,4,3,5,1,41
S01012842,65,14,23,61,16,1,3,2,0,36
S01012843,165,12,27,98,59,3,4,7,6,50
S01012844,144,9,19,69,45,3,2,8,7,30
S01012845,136,12,20,81,45,3,8,6,9,54
S01012846,111,35,21,60,41,4,2,0,6,73
S01012847,84,16,15,38,29,3,4,2,5,36
S01012848,128,20,28,87,37,4,3,5,4,49
S01012849,105,23,32,90,42,8,3,5,4,63
S01012850,76,20,42,59,43,1,3,4,2,60
S01012851,122,24,56,77,41,3,3,0,2,57
S01012852,131,12,33,82,36,2,10,4,3,34
S01012853,127,22,25,70,39,1,5,5,6,41
S01012854,146,10,36,96,32,5,0,2,6,34
S01012855,128,10,29,97,25,4,7,6,4,28
S01012856,236,28,65,173,82,7,11,3,7,108
S01012857,103,21,31,62,29,1,2,4,2,50
S01012858,109,15,48,65,32,0,2,4,1,44
S01012859,177,36,82,100,57,6,8,3,3,103
S01012860,112,12,43,85,18,3,3,3,1,48
S01012861,108,22,49,67,33,10,1,2,7,51
S01012862,72,17,35,42,25,4,1,0,2,36
S01012863,105,20,47,61,36,3,2,1,0,60
S01012864,104,24,59,52,24,1,4,2,0,67
S01012865,105,19,65,65,19,4,1,4,0,60
S01012866,97,15,65,57,31,7,2,5,3,61
S01012867,83,24,50,32,23,2,2,0,1,47
S01012868,52,14,39,40,15,2,4,0,1,43
S01012869,71,16,41,38,12,0,1,0,2,40
S01012870,143,17,47,86,20,1,2,2,4,71
S01012871,135,9,40,79,31,3,7,0,6,56
S01012872,107,20,48,76,32,5,5,4,7,71
S01012873,104,21,69,71,26,5,0,4,0,62
S01012874,117,13,47,94,29,4,3,0,1,61
S01012875,66,14,29,54,31,1,0,1,5,57
S01012876,145,24,83,124,38,7,0,1,9,96
S01012877,93,18,47,76,24,2,3,7,1,55
S01012878,255,26,60,169,100,4,9,5,10,98
S01012879,139,10,44,88,36,2,6,8,3,45
S01012880,156,13,34,76,38,3,3,5,4,42
S01012881,149,11,39,65,32,4,5,1,1,37
S01012882,54,7,32,43,28,1,2,2,0,29
S01012883,77,2,20,40,8,0,0,1,3,48
S01012884,57,4,15,29,24,6,2,0,4,34
S01012885,74,19,28,54,14,2,2,0,3,40
S01012886,109,10,44,105,33,2,5,6,7,53
S01012887,118,8,33,92,33,0,2,0,2,40
S01012888,139,11,33,82,34,3,4,5,2,37
S01012889,184,14,51,116,63,8,12,3,7,89
S01012890,114,10,52,71,32,2,1,4,4,62
S01012891,65,10,22,54,24,0,3,4,5,36
S01012892,147,15,80,105,58,6,3,1,6,100
S01012893,85,15,41,70,28,2,4,0,6,44
S01012894,471,11,181,81,340,31,8,23,18,177
S01012895,304,14,90,56,192,36,6,12,12,116
S01012896,96,24,43,39,54,7,1,3,5,39
S01012897,206,14,38,90,134,19,19,9,12,91
S01012898,105,14,25,38,59,13,3,8,5,50
S01012899,68,15,34,23,27,3,2,2,0,41
S01012900,607,46,175,342,297,39,20,16,24,262
S01012901,121,6,56,59,58,10,2,5,3,51
S01012902,97,6,55,60,51,6,3,3,4,59
S01012903,96,6,54,78,64,9,5,6,1,64
S01012904,132,17,68,87,71,5,9,5,3,55
S01012905,87,8,69,41,38,3,3,5,1,45
S01012906,111,10,55,68,78,6,6,6,5,53
S01012907,132,19,71,57,66,5,2,2,5,70
S01012908,107,20,65,42,44,7,3,6,1,51
S01012909,54,7,28,33,32,5,0,7,3,41
S01012910,119,27,65,46,54,8,5,4,2,66
S01012911,118,24,58,47,66,10,6,5,3,41
S01012912,75,26,36,43,50,2,4,3,2,50
S01012913,111,27,70,43,69,8,8,9,4,56
S01012914,136,39,63,27,80,4,5,6,4,45
S01012915,166,40,97,84,94,6,4,6,5,90
S01012916,72,20,60,42,46,8,0,4,3,40
S01012917,102,12,42,47,61,5,2,4,4,43
S01012918,74,21,48,22,56,5,0,2,4,30
S01012919,47,10,26,27,38,5,2,1,0,21
S01012920,76,7,26,29,43,4,3,1,1,33
S01012921,81,26,61,29,65,6,3,1,2,45
S01012922,219,21,117,79,125,17,6,10,7,100
S01012923,108,18,65,28,64,6,4,4,2,52
S01012924,67,21,38,24,53,4,0,3,1,34
S01012925,71,23,40,16,33,5,2,2,3,35
S01012926,101,36,46,30,61,7,1,1,2,54
S01012927,128,31,44,40,69,11,2,4,7,66
S01012928,136,28,46,35,66,14,2,3,3,59
S01012929,127,21,56,31,62,4,1,2,4,50
S01012930,103,26,40,24,59,11,2,2,6,48
S01012931,149,37,84,59,97,12,3,8,6,83
S01012932,85,15,29,22,37,4,0,5,7,47
S01012933,132,23,45,53,57,9,2,4,0,57
S01012934,114,29,45,37,60,5,4,2,4,55
S01012935,134,44,76,37,79,10,5,7,8,65
S01012936,101,32,53,34,62,5,7,4,8,44
S01012937,93,34,36,32,51,8,3,3,1,45
S01012938,91,11,37,26,70,2,7,7,3,32
S01012939,118,7,35,40,60,7,5,6,4,30
S01012940,108,16,36,26,60,9,2,8,4,37
S01012941,139,6,32,38,70,7,3,6,8,51
S01012942,107,43,57,36,58,4,4,5,2,59
S01012943,129,25,34,31,56,8,5,5,3,39
S01012944,76,5,18,25,38,6,4,6,2,26
S01012945,216,23,55,57,112,5,9,5,9,49
S01012946,157,16,45,51,75,9,6,6,5,46
S01012947,81,3,18,14,42,2,0,3,2,22
S01012948,93,17,31,31,75,4,3,4,5,33
S01012949,113,6,27,35,65,8,5,9,3,46
S01012950,155,28,47,45,90,8,6,6,14,61
S01012951,237,22,41,49,121,14,7,6,12,61
S01012952,256,13,37,64,127,10,2,4,12,62
S01012953,100,17,40,32,47,9,5,7,1,34
S01012954,64,21,29,23,45,6,2,1,3,29
S01012955,214,30,41,39,141,13,3,6,5,74
S01012956,115,38,57,26,76,6,1,3,4,67
S01012957,78,27,43,22,48,3,3,2,2,29
S01012958,93,7,48,26,76,8,5,4,6,48
S01012959,83,17,42,20,59,5,1,3,0,37
S01012960,89,12,46,23,39,8,3,4,0,35
S01012961,82,15,32,23,70,5,2,5,0,39
S01012962,88,16,32,26,46,7,4,1,8,26
S01012963,115,1,44,21,84,20,4,6,4,39
S01012964,118,4,59,25,95,17,7,6,8,35
S01012965,96,12,58,21,67,8,4,3,1,47
S01012966,226,17,103,40,179,17,8,10,6,104
S01012967,54,2,45,18,63,5,2,2,4,25
S01012968,61,7,65,14,46,6,6,0,2,40
S01012969,79,10,76,22,65,7,3,3,3,48
S01012970,67,23,30,10,46,7,2,3,5,37
S01012971,109,18,67,28,61,4,2,2,5,67
S01012972,86,23,76,15,50,5,2,1,3,54
S01012973,103,29,64,19,75,9,3,3,0,50
S01012974,156,34,87,33,90,7,1,4,8,89
S01012975,53,10,63,21,36,10,4,1,0,25
S01012976,61,14,66,20,43,6,2,0,1,49
S01012977,81,21,78,15,54,2,2,1,1,54
S01012978,83,10,84,18,43,5,4,1,1,50
S01012979,93,19,70,14,44,7,0,2,0,27
S01012980,70,22,54,26,71,6,6,1,0,41
S01012981,95,44,85,31,55,5,3,7,3,52
S01012982,120,31,89,28,58,3,3,5,5,59
S01012983,98,32,49,21,65,8,2,8,1,45
S01012984,102,18,67,23,42,2,0,3,5,40
S01012985,100,32,63,31,76,3,0,1,3,61
S01012986,134,39,65,43,93,9,6,1,2,79
S01012987,99,15,45,25,59,4,0,0,8,63
S01012988,130,41,71,42,56,6,1,4,3,65
S01012989,125,50,82,26,83,11,1,2,4,58
S01012990,81,23,45,17,40,2,2,6,5,42
S01012991,125,43,67,25,65,7,6,5,4,42
S01012992,115,38,56,26,69,2,0,5,4,44
S01012993,90,33,56,29,61,5,3,3,2,53
S01012994,114,48,56,24,66,8,4,1,5,60
S01012995,98,20,60,25,76,17,1,7,3,55
S01012996,81,31,48,21,53,8,1,2,4,43
S01012997,50,21,41,18,42,11,0,2,2,30
S01012998,177,57,65,34,81,12,3,8,4,63
S01012999,60,22,44,14,31,1,2,1,0,44
S01013000,92,37,51,25,55,5,2,4,3,35
S01013001,65,4,6,0,21,22,8,4,3,14
S01013002,100,9,4,12,25,49,7,4,11,41
S01013003,105,18,4,9,40,38,7,1,4,26
S01013004,100,15,10,16,44,57,13,4,6,40
S01013005,184,6,15,11,71,85,10,3,9,64
S01013006,73,0,1,15,50,5,5,1,4,23
S01013007,168,13,2,35,108,16,10,5,10,76
S01013008,143,13,7,32,138,25,12,6,17,53
S01013009,83,19,6,22,35,37,13,5,3,55
S01013010,166,17,15,18,31,66,14,3,7,32
S01013011,131,24,12,14,24,66,7,4,9,36
S01013012,86,33,7,31,27,63,6,1,0,46
S01013013,175,32,12,16,41,88,19,2,11,75
S01013014,146,8,6,33,20,67,23,4,6,59
S01013015,184,15,4,24,43,78,5,2,7,48
S01013016,130,0,3,8,51,21,15,6,11,29
S01013017,126,11,10,12,109,36,19,10,7,50
S01013018,183,10,0,58,55,20,19,15,8,49
S01013019,210,7,60,37,51,15,32,10,7,54
S01013020,72,5,32,7,23,12,10,8,7,32
S01013021,68,8,56,10,30,9,9,9,2,35
S01013022,79,11,56,11,33,5,4,5,3,35
S01013023,127,17,40,18,37,11,21,17,7,31
S01013024,82,17,38,11,22,14,19,10,5,25
S01013025,232,22,63,51,64,17,30,23,7,99
S01013026,139,21,28,114,37,14,15,11,3,101
S01013027,82,19,21,99,34,7,21,5,2,63
S01013028,92,5,18,56,20,14,8,14,4,39
S01013029,73,22,9,86,17,6,2,4,0,60
S01013030,60,18,17,93,25,7,8,5,4,86
S01013031,71,18,27,85,20,1,5,5,1,80
S01013032,125,18,44,95,41,10,18,16,4,92
S01013033,111,11,74,66,41,14,15,12,1,59
S01013034,81,9,83,35,26,20,7,4,0,42
S01013035,86,18,68,48,14,8,5,5,0,68
S01013036,78,10,66,49,26,9,10,7,0,67
S01013037,114,18,63,31,26,10,13,9,1,49
S01013038,142,18,89,49,39,16,18,14,4,84
S01013039,85,9,40,27,18,6,17,12,4,40
S01013040,76,9,43,35,34,5,9,4,0,48
S01013041,89,26,50,36,28,10,10,5,1,42
S01013042,134,18,66,64,20,9,9,15,2,75
S01013043,102,15,72,32,22,7,13,3,1,51
S01013044,87,22,66,42,26,13,9,3,0,50
S01013045,96,25,49,37,24,8,13,9,1,53
S01013046,64,20,49,27,32,2,11,7,0,20
S01013047,164,28,67,47,62,12,23,12,5,75
S01013048,111,29,76,27,42,11,12,17,1,50
S01013049,140,42,67,25,38,10,20,18,4,50
S01013050,79,32,54,26,28,4,19,3,7,48
S01013051,118,24,83,31,47,8,17,11,13,63
S01013052,96,25,80,49,41,8,16,8,4,64
S01013053,77,17,43,20,23,5,6,6,5,39
S01013054,64,19,47,20,29,10,12,7,0,48
S01013055,96,23,73,30,29,4,8,10,1,58
S01013056,165,56,105,64,61,12,15,15,2,96
S01013057,99,27,108,38,31,5,6,6,4,55
S01013058,136,18,49,26,30,12,18,12,3,51
S01013059,185,40,46,36,37,11,27,25,7,52
S01013060,80,23,19,17,24,10,14,6,5,18
S01013061,153,26,50,13,47,5,25,13,3,44
S01013062,150,40,33,11,26,9,26,21,9,41
S01013063,149,35,16,17,30,12,23,22,2,35
S01013064,119,54,35,23,27,4,15,3,4,55
S01013065,91,69,41,32,43,7,10,10,0,53
S01013066,144,69,32,17,30,6,17,19,5,36
S01013067,90,73,35,12,8,13,13,11,6,38
S01013068,76,60,25,11,11,6,10,10,5,56
S01013069,93,61,45,12,19,14,16,14,4,31
S01013070,61,35,32,8,12,2,8,6,1,26
S01013071,85,48,39,7,18,1,8,15,2,27
S01013072,82,39,40,12,14,10,2,6,2,55
S01013073,235,62,108,34,52,29,22,24,13,103
S01013074,121,60,104,26,31,20,13,10,2,97
S01013075,85,48,70,23,22,11,8,11,0,63
S01013076,79,17,50,18,18,8,15,8,0,29
S01013077,79,26,65,18,31,8,8,9,4,56
S01013078,57,16,62,15,27,7,9,10,4,34
S01013079,204,29,124,32,38,16,21,32,9,63
S01013080,106,20,58,26,25,18,15,17,4,34
S01013081,193,29,82,34,43,13,28,32,0,52
S01013082,119,24,67,21,26,13,17,18,3,45
S01013083,100,21,57,9,25,10,14,15,10,23
S01013084,135,21,43,19,20,10,12,20,1,28
S01013085,63,20,36,13,10,4,10,13,0,36
S01013086,182,22,36,19,28,12,17,21,6,41
S01013087,172,17,30,22,21,10,17,26,4,39
S01013088,117,6,17,34,27,6,22,28,6,42
S01013089,117,22,43,29,32,16,15,15,2,37
S01013090,152,40,45,12,34,4,13,11,2,32
S01013091,105,58,30,14,15,7,14,13,5,39
S01013092,155,52,45,17,29,17,20,22,3,50
S01013093,92,10,33,20,11,5,18,8,0,28
S01013094,91,25,8,34,19,8,4,22,3,24
S01013095,155,12,12,31,21,25,8,35,4,29
S01013096,80,29,11,33,28,26,7,20,2,25
S01013097,212,13,10,41,44,32,25,44,10,61
S01013098,170,8,6,36,29,26,20,48,11,29
S01013099,151,26,2,51,34,18,12,32,10,41
S01013100,137,7,2,22,15,20,4,29,5,17
S01013101,129,48,12,58,41,23,4,16,6,53
S01013102,102,18,7,26,20,13,9,13,2,26
S01013103,202,30,6,69,30,23,14,43,11,41
S01013104,158,24,9,43,27,28,4,30,7,38
S01013105,157,31,8,47,19,38,12,42,6,49
S01013106,133,22,17,23,55,14,15,25,6,67
S01013107,248,31,21,35,81,36,32,38,14,89
S01013108,102,19,13,28,62,22,10,13,10,45
S01013109,288,26,34,56,74,36,31,36,18,79
S01013110,158,8,4,17,26,23,23,3,9,33
S01013111,69,7,6,6,14,20,17,2,8,32
S01013112,91,36,21,6,20,20,12,8,11,43
S01013113,116,74,13,4,25,35,8,15,6,65
S01013114,150,36,31,16,25,22,25,18,9,61
S01013115,88,51,7,3,25,22,7,9,4,38
S01013116,152,42,2,5,20,29,20,16,17,34
S01013117,84,54,0,4,17,35,32,3,10,61
S01013118,117,15,11,5,17,7,23,9,12,31
S01013119,181,17,4,17,37,10,8,21,17,66
S01013120,187,81,12,10,10,38,9,18,34,75
S01013121,84,43,5,15,8,2,0,2,4,31
S01013122,32,4,11,23,5,0,0,0,0,5
S01013123,137,57,37,65,51,2,5,4,1,63
S01013124,88,38,28,52,26,7,4,2,0,58
S01013125,99,28,53,54,24,5,1,0,0,78
S01013126,78,37,39,43,22,2,2,4,3,45
S01013127,92,47,49,62,27,5,3,0,0,60
S01013128,107,34,35,49,40,8,1,0,1,59
S01013129,150,69,53,91,60,13,8,0,6,90
S01013130,96,55,23,38,48,3,3,0,5,32
S01013131,83,48,23,49,53,4,3,0,0,42
S01013132,69,40,19,32,45,3,2,2,1,39
S01013133,129,40,45,40,67,13,4,0,3,63
S01013134,105,41,26,44,44,16,1,0,4,73
S01013135,101,56,43,44,31,8,6,4,0,63
S01013136,101,45,51,55,39,9,3,1,3,72
S01013137,91,33,48,48,30,12,2,1,1,38
S01013138,137,54,35,77,53,12,6,3,3,83
S01013139,82,39,32,38,45,6,5,0,3,43
S01013140,60,41,32,27,36,2,3,0,0,51
S01013141,132,44,30,56,63,12,5,1,6,78
S01013142,100,65,35,49,56,10,3,0,4,65
S01013143,99,56,32,44,40,6,0,3,4,51
S01013144,93,43,33,50,49,12,2,0,2,76
S01013145,96,26,34,46,43,6,7,0,2,48
S01013146,58,34,30,36,34,3,4,1,4,40
S01013147,120,37,37,53,52,11,9,4,4,67
S01013148,89,19,43,43,52,8,5,2,3,55
S01013149,135,22,63,36,58,10,10,1,3,70
S01013150,98,14,54,49,43,9,4,2,1,58
S01013151,81,11,29,29,28,7,6,2,1,47
S01013152,127,17,61,48,43,6,12,2,3,76
S01013153,119,12,61,51,44,8,1,2,4,44
S01013154,109,20,74,49,46,12,3,1,5,75
S01013155,105,10,70,35,58,14,0,2,0,69
S01013156,93,14,51,45,52,5,2,0,3,58
S01013157,121,18,81,52,57,12,3,0,6,78
S01013158,92,18,38,39,44,13,3,0,2,54
S01013159,80,4,39,35,28,4,3,3,3,37
S01013160,134,9,43,47,52,14,3,1,3,69
S01013161,121,16,69,77,63,9,4,1,3,76
S01013162,91,19,38,48,38,9,4,0,5,59
S01013163,87,6,32,35,37,8,3,0,0,53
S01013164,134,26,62,57,68,15,4,0,2,75
S01013165,145,38,45,38,54,7,1,3,4,46
S01013166,86,38,49,43,45,6,3,1,1,49
S01013167,97,26,39,32,51,9,2,0,4,57
S01013168,95,28,78,33,51,5,3,5,3,55
S01013169,89,19,45,54,67,11,5,2,4,57
S01013170,62,9,25,23,28,2,0,0,0,37
S01013171,92,5,42,31,45,10,4,4,2,27
S01013172,83,20,40,45,50,7,2,0,1,59
S01013173,121,9,44,57,64,6,10,1,1,60
S01013174,112,12,50,47,78,14,2,1,3,50
S01013175,148,11,63,65,73,12,15,1,3,69
S01013176,101,6,32,37,58,10,5,1,2,28
S01013177,87,11,22,48,58,15,4,1,1,50
S01013178,99,2,15,57,65,14,2,1,2,60
S01013179,128,2,42,33,59,11,4,2,2,44
S01013180,68,14,26,13,38,17,4,2,2,32
S01013181,86,20,40,37,52,30,6,1,3,31
S01013182,92,45,22,27,55,27,2,2,0,51
S01013183,117,9,32,20,55,31,3,3,5,43
S01013184,45,20,24,6,16,12,1,1,0,30
S01013185,93,39,36,14,57,25,2,0,1,34
S01013186,99,47,39,13,51,23,2,1,0,48
S01013187,78,43,26,25,69,34,3,6,6,45
S01013188,129,64,56,27,92,61,4,3,6,67
S01013189,57,35,10,12,36,13,3,1,0,29
S01013190,133,54,24,17,60,33,4,2,1,59
S01013191,262,27,54,54,137,90,8,6,7,57
S01013192,138,36,15,27,67,40,5,2,5,46
S01013193,199,67,31,44,102,66,10,1,5,79
S01013194,104,31,16,18,48,28,4,1,0,37
S01013195,191,101,40,48,119,65,10,8,1,106
S01013196,87,47,17,22,65,41,11,4,2,37
S01013197,78,29,16,24,55,31,6,4,1,19
S01013198,192,84,31,29,107,80,10,3,2,94
S01013199,121,35,26,14,64,37,4,4,7,53
S01013200,80,24,32,18,46,44,6,4,2,37
S01013201,82,26,37,21,44,32,6,3,4,58
S01013202,80,14,33,13,36,11,3,1,4,35
S01013203,90,6,60,22,49,29,2,0,6,51
S01013204,107,2,51,27,78,37,3,2,9,45
S01013205,65,10,51,22,40,14,2,0,1,31
S01013206,72,14,46,15,45,18,2,0,4,56
S01013207,132,21,93,25,73,25,1,2,9,61
S01013208,108,35,71,15,58,26,4,1,0,63
S01013209,100,37,39,21,61,36,0,0,6,57
S01013210,83,47,32,21,53,30,4,4,3,46
S01013211,98,26,76,6,61,30,4,2,6,59
S01013212,70,15,36,4,58,32,1,1,5,43
S01013213,88,14,41,5,50,25,3,4,3,43
S01013214,73,6,52,4,48,26,5,0,3,24
S01013215,229,42,116,22,177,74,10,5,6,102
S01013216,40,9,53,5,29,25,2,0,4,27
S01013217,82,19,69,11,46,24,3,2,0,50
S01013218,43,2,59,3,37,10,5,0,2,34
S01013219,46,12,42,8,34,8,3,4,1,33
S01013220,66,13,68,10,44,20,5,0,0,37
S01013221,115,33,73,17,47,43,4,4,3,69
S01013222,60,22,65,10,25,18,6,0,2,42
S01013223,131,46,34,28,74,32,0,4,5,52
S01013224,107,43,55,28,73,38,8,1,6,50
S01013225,90,29,36,26,66,28,5,3,1,45
S01013226,76,23,19,25,56,28,1,2,1,34
S01013227,63,42,15,36,49,20,4,0,4,41
S01013228,84,40,21,24,50,25,5,1,4,59
S01013229,92,54,34,56,48,27,6,1,3,45
S01013230,63,35,15,33,26,29,2,3,0,40
S01013231,87,23,29,29,28,20,2,2,1,42
S01013232,62,48,19,36,32,18,8,2,5,56
S01013233,84,37,19,25,49,26,4,6,2,44
S01013234,63,11,14,22,28,28,1,3,4,16
S01013235,108,28,37,26,54,37,4,2,5,33
S01013236,93,17,37,43,51,41,7,2,6,47
S01013237,90,37,32,31,60,35,2,4,6,55
S01013238,89,27,48,50,59,25,2,4,0,51
S01013239,95,16,71,42,43,33,2,4,4,53
S01013240,41,15,25,24,29,16,3,3,1,25
S01013241,137,11,25,38,52,32,1,1,4,41
S01013242,109,15,14,46,43,23,4,2,4,52
S01013243,82,13,4,29,75,15,9,4,3,41
S01013244,86,8,7,37,59,21,23,0,1,40
S01013245,139,23,4,57,105,22,35,3,4,73
S01013246,113,6,1,32,63,12,23,3,0,42
S01013247,92,21,3,45,59,25,21,2,1,54
S01013248,66,14,6,34,72,14,12,3,5,27
S01013249,46,13,4,24,54,16,11,3,2,37
S01013250,284,10,33,70,72,67,13,12,8,97
S01013251,84,7,23,78,26,16,7,3,3,53
S01013252,73,8,9,46,19,15,6,0,4,32
S01013253,94,8,17,77,27,27,14,4,1,60
S01013254,63,6,23,62,18,22,3,1,3,53
S01013255,141,10,27,94,25,45,14,1,8,75
S01013256,140,16,25,62,23,40,2,4,2,52
S01013257,115,10,11,54,25,35,2,6,5,50
S01013258,101,18,32,56,32,25,10,5,0,25
S01013259,94,26,35,85,24,34,4,2,0,55
S01013260,135,31,75,67,27,35,3,1,2,65
S01013261,97,31,70,47,42,21,3,8,1,58
S01013262,74,21,45,29,21,16,4,3,2,46
S01013263,88,10,34,18,30,25,3,4,2,20
S01013264,95,4,29,17,30,22,4,6,1,21
S01013265,145,16,35,16,27,30,9,7,2,52
S01013266,129,15,36,24,19,37,3,4,0,25
S01013267,49,23,46,13,28,19,4,1,0,33
S01013268,107,36,55,47,33,25,1,2,1,36
S01013269,429,68,101,78,89,112,15,14,11,111
S01013270,169,14,47,27,35,38,6,2,2,44
S01013271,114,2,33,16,18,22,1,3,1,17
S01013272,168,8,60,25,40,34,12,4,4,34
S01013273,228,29,52,37,49,59,8,14,1,49
S01013274,118,17,53,27,35,42,6,4,0,40
S01013275,99,25,55,24,18,18,3,3,1,37
S01013276,103,13,41,30,35,24,4,7,1,29
S01013277,122,61,64,29,30,27,4,7,2,60
S01013278,112,53,59,31,32,26,2,7,0,50
S01013279,62,58,39,29,24,8,3,4,0,40
S01013280,111,20,55,18,31,13,4,0,1,45
S01013281,106,38,64,35,36,17,4,4,1,50
S01013282,105,52,76,44,35,22,4,1,4,40
S01013283,134,57,70,53,42,35,6,0,9,53
S01013284,109,14,67,33,55,20,5,4,0,32
S01013285,112,9,45,24,47,23,4,0,0,25
S01013286,98,16,44,29,53,18,2,2,1,40
S01013287,122,15,51,23,57,30,3,4,2,39
S01013288,118,11,47,28,60,15,3,4,2,30
S01013289,326,9,33,87,82,39,10,14,13,67
S01013290,130,10,8,125,106,10,4,6,2,50
S01013291,105,13,6,90,96,5,3,6,6,42
S01013292,314,21,77,79,193,33,19,14,9,104
S01013293,115,6,26,41,67,9,7,2,1,46
S01013294,114,2,45,34,63,8,5,1,1,40
S01013295,117,11,48,44,71,11,8,1,4,33
S01013296,82,17,51,38,40,13,3,5,0,52
S01013297,89,18,47,41,67,13,2,3,1,50
S01013298,629,29,80,220,326,63,28,26,23,194
S01013299,164,48,86,51,61,32,4,8,4,64
S01013300,97,30,45,41,55,9,8,5,0,27
S01013301,75,19,33,23,34,13,4,0,2,42
S01013302,175,31,50,40,78,20,3,4,5,43
S01013303,129,12,68,35,48,20,5,6,5,39
S01013304,105,31,101,46,38,7,3,2,2,71
S01013305,109,37,62,37,33,19,5,5,2,47
S01013306,93,48,98,41,30,12,8,2,1,60
S01013307,124,45,93,50,26,14,7,4,2,69
S01013308,86,36,98,46,30,15,10,0,1,58
S01013309,217,52,42,43,45,40,4,6,6,38
S01013310,84,55,44,26,21,15,3,2,1,43
S01013311,107,65,56,40,33,16,2,2,1,52
S01013312,140,46,110,76,43,24,6,3,2,72
S01013313,100,44,58,38,20,15,5,1,2,36
S01013314,99,47,46,33,24,18,6,1,0,53
S01013315,168,10,72,24,32,34,8,8,7,49
S01013316,85,25,34,19,15,20,1,7,4,29
S01013317,111,25,59,21,32,22,8,6,2,33
S01013318,119,22,56,25,27,34,6,3,2,37
S01013319,111,23,50,17,18,29,2,10,7,40
S01013320,230,45,75,27,46,49,8,14,1,64
S01013321,62,18,32,22,19,14,3,2,0,26
S01013322,95,42,55,25,29,27,0,0,3,46
S01013323,135,54,81,30,37,20,2,6,2,60
S01013324,99,34,45,22,24,18,1,3,1,32
S01013325,156,45,119,23,26,20,7,4,0,65
S01013326,63,35,43,30,22,13,4,0,0,32
S01013327,82,42,52,18,20,22,5,0,1,56
S01013328,82,33,65,19,11,14,8,3,0,45
S01013329,70,33,45,17,20,17,3,4,0,36
S01013330,223,37,101,38,57,59,13,10,0,59
S01013331,152,14,76,30,32,36,3,5,0,38
S01013332,94,22,65,38,24,30,4,3,3,43
S01013333,129,34,82,32,51,45,4,10,1,55
S01013334,101,46,83,34,25,24,8,2,4,44
S01013335,88,37,91,24,16,24,2,3,3,56
S01013336,110,37,96,29,12,10,7,6,3,38
S01013337,146,25,80,40,28,26,5,2,4,50
S01013338,138,6,52,14,18,25,8,4,3,37
S01013339,97,7,50,21,21,25,4,2,2,31
S01013340,134,13,65,24,30,36,1,5,2,39
S01013341,206,19,85,35,42,57,12,20,4,65
S01013342,81,22,70,23,20,17,4,7,1,37
S01013343,98,25,72,23,19,27,1,3,0,35
S01013344,98,23,70,35,21,14,0,1,1,52
S01013345,99,36,92,33,20,35,5,5,0,43
S01013346,148,33,75,42,34,38,8,7,4,56
S01013347,115,35,88,30,23,46,6,4,3,38
S01013348,169,15,70,19,27,53,6,7,6,62
S01013349,193,17,95,25,33,63,5,8,4,32
S01013350,97,16,62,21,16,27,2,7,1,38
S01013351,92,18,83,28,15,27,1,1,0,33
S01013352,102,21,100,28,18,27,8,6,3,44
S01013353,94,18,79,23,39,19,4,3,5,40
S01013354,88,0,75,44,28,36,3,5,4,52
S01013355,93,10,59,47,26,21,7,0,1,44
S01013356,94,19,39,58,6,16,2,3,0,37
S01013357,156,18,78,84,35,42,4,7,2,76
S01013358,106,23,46,82,25,29,6,1,0,50
S01013359,78,24,35,43,13,24,4,0,6,38
S01013360,80,30,42,67,16,19,4,2,1,41
S01013361,45,15,42,41,14,17,3,1,0,30
S01013362,42,23,28,45,12,24,5,1,2,35
S01013363,87,25,63,59,21,24,3,0,2,42
S01013364,152,9,29,59,70,28,35,6,3,73
S01013365,155,10,29,68,64,34,33,1,5,67
S01013366,129,26,41,68,58,31,21,6,2,58
S01013367,102,8,26,23,22,21,15,3,6,18
S01013368,127,12,51,61,32,21,14,3,5,43
S01013369,91,23,50,41,37,18,12,0,2,46
S01013370,75,21,31,59,41,11,12,2,0,55
S01013371,73,12,21,33,46,18,10,2,1,30
S01013372,102,45,27,91,91,29,20,3,1,71
S01013373,109,30,28,48,79,30,24,3,2,63
S01013374,96,30,36,34,64,15,10,5,3,60
S01013375,67,15,18,24,36,13,7,0,0,36
S01013376,66,12,21,21,50,12,12,0,0,47
S01013377,101,32,24,49,59,13,19,1,0,61
S01013378,129,20,27,51,77,26,30,4,1,60
S01013379,111,11,15,48,51,20,23,0,0,31
S01013380,734,37,82,162,376,174,181,23,15,266
S01013381,51,0,11,9,42,15,9,0,4,36
S01013382,83,6,14,38,56,12,29,1,2,48
S01013383,78,29,38,36,48,17,14,0,0,40
S01013384,110,17,36,43,64,30,17,2,1,69
S01013385,56,15,13,25,41,18,11,5,0,23
S01013386,130,29,23,27,73,31,22,2,3,44
S01013387,58,20,27,26,62,13,14,7,0,57
S01013388,93,21,33,42,43,26,9,1,2,46
S01013389,83,25,26,50,64,19,20,0,3,38
S01013390,61,13,24,27,39,8,16,2,1,37
S01013391,61,12,18,17,33,9,13,1,1,32
S01013392,153,10,33,41,80,31,46,7,2,56
S01013393,120,22,29,20,47,21,21,4,1,51
S01013394,59,12,26,12,53,13,16,4,1,45
S01013395,37,20,31,22,43,7,12,0,2,28
S01013396,141,10,43,21,77,39,36,3,3,57
S01013397,117,23,47,34,69,15,23,7,2,77
S01013398,116,9,12,22,52,18,30,1,0,51
S01013399,205,21,61,50,80,43,36,8,4,82
S01013400,106,27,48,54,37,31,15,1,5,59
S01013401,727,74,150,241,140,202,99,11,17,246
S01013402,250,26,60,87,52,89,30,13,7,95
S01013403,205,22,50,86,36,68,23,6,5,46
S01013404,104,9,36,40,27,41,6,4,0,37
S01013405,74,20,48,39,18,20,10,6,1,29
S01013406,90,20,52,52,26,13,7,4,3,32
S01013407,72,13,36,44,19,17,5,5,5,37
S01013408,68,17,57,50,20,19,6,4,1,27
S01013409,144,20,60,71,23,44,11,4,5,62
S01013410,72,19,36,47,13,30,4,1,4,42
S01013411,119,33,57,68,24,47,2,6,2,38
S01013412,103,33,26,57,18,46,11,4,2,43
S01013413,143,23,27,52,26,36,8,9,3,47
S01013414,85,34,31,61,19,38,13,4,2,33
S01013415,75,23,37,32,12,24,8,1,0,31
S01013416,74,16,23,48,20,14,7,0,0,35
S01013417,123,26,57,53,24,34,9,6,1,47
S01013418,105,20,33,38,13,39,12,3,4,35
S01013419,67,16,8,30,11,32,4,4,2,25
S01013420,80,25,34,44,12,15,6,2,1,35
S01013421,138,33,44,65,34,38,14,2,2,32
S01013422,115,18,43,53,46,20,14,0,4,57
S01013423,122,30,40,52,32,26,25,2,2,52
S01013424,90,12,25,24,18,20,12,1,1,35
S01013425,59,10,19,15,10,10,10,3,5,34
S01013426,90,32,34,62,22,26,10,2,0,40
S01013427,121,16,25,35,31,27,11,3,6,42
S01013428,106,30,53,53,19,21,20,3,5,52
S01013429,109,5,10,42,99,22,25,3,7,56
S01013430,147,11,8,51,114,24,33,7,3,59
S01013431,105,4,6,23,51,25,30,2,4,51
S01013432,140,5,11,39,73,23,22,5,5,56
S01013433,129,3,19,59,42,39,15,10,4,41
S01013434,130,6,23,37,30,43,7,5,4,29
S01013435,120,13,9,23,42,39,9,6,6,21
S01013436,127,44,12,44,56,37,10,2,2,50
S01013437,97,44,6,26,45,37,6,4,0,44
S01013438,93,22,6,16,41,35,2,6,0,33
S01013439,146,20,9,21,34,45,13,12,3,25
S01013440,187,23,7,17,48,51,10,12,1,29
S01013441,151,11,9,13,50,42,7,16,7,24
S01013442,116,28,11,19,44,49,7,9,0,29
S01013443,137,27,6,8,42,43,10,9,5,26
S01013444,150,50,12,12,55,52,11,13,2,57
S01013445,103,25,5,10,31,33,6,6,8,12
S01013446,112,34,20,29,58,41,7,1,2,40
S01013447,144,7,11,15,42,32,3,8,3,22
S01013448,131,6,17,12,40,27,9,11,2,18
S01013449,102,18,13,16,51,37,3,5,1,23
S01013450,105,13,15,13,50,32,4,5,1,23
S01013451,141,7,25,17,87,39,7,12,5,32
S01013452,180,15,32,14,59,48,4,11,5,36
S01013453,74,6,22,87,54,21,3,4,3,60
S01013454,170,7,16,47,72,35,5,9,7,41
S01013455,362,21,36,111,281,62,16,23,14,129
S01013456,129,12,32,40,80,11,10,4,1,52
S01013457,116,16,41,45,82,9,5,6,0,66
S01013458,241,7,40,89,178,27,0,7,5,85
S01013459,96,27,38,49,76,15,4,1,1,49
S01013460,107,21,33,75,58,11,4,2,4,59
S01013461,151,40,53,105,99,19,5,4,10,86
S01013462,140,16,32,63,102,12,5,10,3,48
S01013463,102,12,56,78,90,13,9,3,5,56
S01013464,103,10,45,35,36,30,5,7,0,52
S01013465,81,6,41,45,42,10,5,4,2,38
S01013466,83,11,12,23,20,8,4,3,1,7
S01013467,167,12,52,64,83,34,7,10,4,48
S01013468,83,11,31,41,37,17,6,4,2,46
S01013469,120,19,34,40,38,17,6,3,6,43
S01013470,108,10,41,52,25,14,5,8,0,44
S01013471,124,28,54,71,45,23,2,2,1,55
S01013472,146,10,34,45,81,15,3,7,4,36
S01013473,140,14,14,42,80,21,9,6,7,38
S01013474,86,12,22,50,72,12,0,8,3,37
S01013475,100,19,20,43,57,14,1,2,0,38
S01013476,77,20,18,37,39,17,2,3,3,32
S01013477,90,20,16,34,44,3,0,0,1,36
S01013478,135,19,31,71,73,14,3,8,4,65
S01013479,84,37,28,37,55,6,8,0,0,43
S01013480,81,35,29,38,45,2,2,1,0,43
S01013481,180,25,32,70,130,8,5,3,4,82
,,,,,,,,,,
,,,,,,,,,,
Cells in this table have been randomly adjusted to avoid the release of confidential data.,,,,,,,,,,