Intermediate Zone - Data Zone 2011,Economically Active (excluding full-time students) - Total,Economically Active full-time students - Total,Economically Inactive - Total
S01006506,472,31,319
S01006507,332,15,286
S01006508,314,14,122
S01006509,258,22,175
S01006510,283,12,227
S01006511,301,17,278
S01006512,249,14,241
S01006513,470,16,381
S01006514,452,31,331
S01006515,338,24,215
S01006516,239,10,273
S01006517,1072,59,429
S01006518,244,15,253
S01006519,337,16,301
S01006520,305,22,171
S01006521,320,14,239
S01006522,303,27,192
S01006523,360,20,323
S01006524,368,21,489
S01006525,312,23,322
S01006526,368,57,284
S01006527,394,85,260
S01006528,474,114,317
S01006529,389,82,286
S01006530,294,41,240
S01006531,370,52,282
S01006532,290,26,251
S01006533,365,13,208
S01006534,426,29,282
S01006535,558,81,241
S01006536,445,52,198
S01006537,352,14,321
S01006538,282,16,172
S01006539,349,13,262
S01006540,449,32,254
S01006541,348,12,334
S01006542,466,31,393
S01006543,358,15,266
S01006544,560,31,346
S01006545,468,29,365
S01006546,272,11,201
S01006547,1053,52,597
S01006548,317,21,244
S01006549,402,18,289
S01006550,367,19,368
S01006551,246,13,207
S01006552,481,15,297
S01006553,303,21,358
S01006554,402,25,247
S01006555,201,7,140
S01006556,354,15,256
S01006557,365,26,231
S01006558,313,35,164
S01006559,257,25,164
S01006560,451,35,306
S01006561,359,20,240
S01006562,422,14,305
S01006563,425,32,232
S01006564,428,61,248
S01006565,352,124,202
S01006566,437,60,194
S01006567,369,67,203
S01006568,544,89,171
S01006569,261,33,126
S01006570,379,30,180
S01006571,534,46,287
S01006572,396,21,309
S01006573,376,20,160
S01006574,478,30,291
S01006575,464,44,211
S01006576,352,33,148
S01006577,450,35,166
S01006578,582,84,214
S01006579,491,95,160
S01006580,399,54,143
S01006581,407,24,280
S01006582,481,169,149
S01006583,387,197,247
S01006584,389,63,116
S01006585,412,114,193
S01006586,619,155,336
S01006587,348,91,121
S01006588,343,104,116
S01006589,330,120,114
S01006590,447,92,130
S01006591,426,56,105
S01006592,412,43,85
S01006593,397,42,114
S01006594,263,35,161
S01006595,529,65,172
S01006596,430,34,177
S01006597,285,66,65
S01006598,405,23,259
S01006599,373,68,287
S01006600,501,64,411
S01006601,475,52,256
S01006602,381,19,270
S01006603,300,31,212
S01006604,340,20,177
S01006605,309,24,211
S01006606,339,21,305
S01006607,435,27,197
S01006608,1415,56,401
S01006609,453,28,257
S01006610,229,18,150
S01006611,455,11,252
S01006612,411,18,216
S01006613,278,11,113
S01006614,384,16,92
S01006615,424,26,136
S01006616,397,14,140
S01006617,385,18,229
S01006618,223,11,160
S01006619,405,22,174
S01006620,389,12,250
S01006621,258,7,131
S01006622,363,25,124
S01006623,492,24,213
S01006624,570,47,200
S01006625,277,15,158
S01006626,247,14,161
S01006627,410,32,171
S01006628,462,50,181
S01006629,364,22,275
S01006630,337,24,197
S01006631,431,26,304
S01006632,327,20,183
S01006633,302,19,157
S01006634,256,13,143
S01006635,310,18,170
S01006636,341,21,228
S01006637,315,57,151
S01006638,334,120,235
S01006639,387,131,329
S01006640,458,153,195
S01006641,508,141,234
S01006642,349,405,578
S01006643,308,104,149
S01006644,564,172,241
S01006645,274,46,184
S01006646,247,329,462
S01006647,288,57,159
S01006648,471,342,407
S01006649,458,143,266
S01006650,315,93,188
S01006651,217,229,379
S01006652,275,304,362
S01006653,282,43,187
S01006654,348,47,262
S01006655,542,48,328
S01006656,454,82,221
S01006657,218,74,123
S01006658,615,177,394
S01006659,228,117,227
S01006660,210,62,118
S01006661,160,71,197
S01006662,246,103,237
S01006663,161,81,191
S01006664,160,88,142
S01006665,217,269,365
S01006666,575,65,312
S01006667,311,42,231
S01006668,261,175,348
S01006669,256,192,454
S01006670,265,413,639
S01006671,226,644,1081
S01006672,256,99,241
S01006673,297,125,257
S01006674,313,39,308
S01006675,346,35,173
S01006676,289,27,171
S01006677,454,74,282
S01006678,714,68,392
S01006679,290,13,195
S01006680,438,24,222
S01006681,410,22,316
S01006682,360,44,235
S01006683,425,40,194
S01006684,302,34,222
S01006685,304,26,154
S01006686,236,19,148
S01006687,363,24,222
S01006688,334,15,405
S01006689,542,71,316
S01006690,303,32,144
S01006691,322,49,176
S01006692,311,48,222
S01006693,504,69,290
S01006694,355,16,376
S01006695,350,17,212
S01006696,353,26,226
S01006697,378,15,241
S01006698,292,22,232
S01006699,188,16,122
S01006700,318,31,272
S01006701,330,16,174
S01006702,382,9,199
S01006703,287,16,171
S01006704,275,13,138
S01006705,377,14,249
S01006706,301,16,159
S01006707,196,14,160
S01006708,376,17,263
S01006709,393,23,275
S01006710,345,13,358
S01006711,383,24,315
S01006712,237,9,174
S01006713,436,23,299
S01006714,283,25,235
S01006715,264,18,129
S01006716,247,16,185
S01006717,405,16,305
S01006718,269,34,183
S01006719,457,28,248
S01006720,281,20,170
S01006721,359,24,225
S01006722,326,24,191
S01006723,282,18,197
S01006724,367,26,187
S01006725,311,12,182
S01006726,279,28,155
S01006727,435,36,356
S01006728,373,19,178
S01006729,444,36,296
S01006730,325,25,158
S01006731,234,6,199
S01006732,940,52,297
S01006733,450,43,198
S01006734,484,22,253
S01006735,199,7,248
S01006736,582,51,170
S01006737,864,52,293
S01006738,971,49,256
S01006739,1063,59,241
S01006740,334,11,215
S01006741,268,11,253
S01006742,190,10,178
S01006743,487,20,202
S01006744,254,15,183
S01006745,405,22,301
S01006746,389,19,273
S01006747,549,25,327
S01006748,835,59,406
S01006749,409,18,285
S01006750,275,10,263
S01006751,195,5,133
S01006752,299,13,238
S01006753,391,27,343
S01006754,381,27,313
S01006755,396,28,148
S01006756,393,33,160
S01006757,378,22,291
S01006758,321,25,196
S01006759,255,14,170
S01006760,282,4,116
S01006761,323,13,253
S01006762,761,25,519
S01006763,498,30,123
S01006764,411,25,166
S01006765,331,15,122
S01006766,312,18,142
S01006767,310,17,217
S01006768,264,10,184
S01006769,427,22,285
S01006770,256,21,231
S01006771,193,8,114
S01006772,381,18,258
S01006773,418,24,337
S01006774,250,19,190
S01006775,501,27,234
S01006776,208,12,215
S01006777,237,16,258
S01006778,250,15,236
S01006779,246,10,179
S01006780,213,10,168
S01006781,250,12,241
S01006782,418,17,242
S01006783,206,15,204
S01006784,298,10,173
S01006785,275,15,143
S01006786,390,16,227
S01006787,267,21,227
S01006788,1281,58,324
S01006789,267,5,236
S01006790,358,7,377
S01006791,318,4,197
S01006792,247,13,109
S01006793,294,11,200
S01006794,259,7,205
S01006795,326,12,274
S01006796,432,16,298
S01006797,301,12,196
S01006798,321,13,190
S01006799,396,24,324
S01006800,427,19,268
S01006801,712,31,352
S01006802,384,20,221
S01006803,303,8,226
S01006804,378,17,196
S01006805,565,19,275
S01006806,567,24,315
S01006807,333,10,174
S01006808,362,18,183
S01006809,356,16,327
S01006810,407,13,321
S01006811,581,24,272
S01006812,480,16,202
S01006813,453,29,194
S01006814,375,21,227
S01006815,313,12,188
S01006816,289,21,215
S01006817,424,22,192
S01006818,433,20,195
S01006819,608,35,253
S01006820,361,9,185
S01006821,1085,43,274
S01006822,610,23,240
S01006823,302,17,276
S01006824,412,14,232
S01006825,366,21,219
S01006826,382,23,320
S01006827,389,21,254
S01006828,415,19,287
S01006829,205,15,68
S01006830,304,19,283
S01006831,198,1,200
S01006832,394,18,375
S01006833,191,14,186
S01006834,259,17,81
S01006835,358,14,329
S01006836,297,22,104
S01006837,235,12,196
S01006838,338,17,148
S01006839,422,18,253
S01006840,551,43,250
S01006841,422,34,200
S01006842,338,21,232
S01006843,417,19,184
S01006844,330,11,186
S01006845,462,14,234
S01006846,258,9,147
S01006847,324,15,189
S01006848,924,53,350
S01006849,1101,77,218
S01006850,481,26,185
S01006851,362,17,243
S01006852,243,9,196
S01006853,483,15,253
S01006854,395,8,321
S01006855,441,22,209
S01006856,384,15,182
S01006857,629,27,296
S01006858,361,18,159
S01006859,401,22,363
S01006860,203,12,144
S01006861,291,10,103
S01006862,311,12,259
S01006863,310,13,184
S01006864,362,23,128
S01006865,456,21,363
S01006866,195,9,219
S01006867,239,14,326
S01006868,373,17,273
S01006869,233,10,132
S01006870,218,12,153
S01006871,305,15,229
S01006872,599,24,291
S01006873,404,11,480
S01006874,319,10,130
S01006875,330,10,238
S01006876,497,22,292
S01006877,471,15,265
S01006878,358,15,210
S01006879,362,10,274
S01006880,395,18,153
S01006881,303,18,156
S01006882,150,9,118
S01006883,193,13,153
S01006884,415,13,348
S01006885,581,18,251
S01006886,510,24,300
S01006887,382,15,151
S01006888,486,25,212
S01006889,338,16,255
S01006890,281,18,196
S01006891,471,17,327
S01006892,270,19,184
S01006893,223,11,146
S01006894,379,13,384
S01006895,340,20,140
S01006896,374,12,262
S01006897,327,13,210
S01006898,349,21,265
S01006899,315,22,132
S01006900,246,11,151
S01006901,275,12,186
S01006902,282,27,208
S01006903,411,24,250
S01006904,285,23,249
S01006905,360,20,354
S01006906,313,19,316
S01006907,393,20,210
S01006908,388,18,266
S01006909,623,29,263
S01006910,553,15,243
S01006911,403,21,87
S01006912,481,18,215
S01006913,1450,69,308
S01006914,384,6,172
S01006915,455,22,222
S01006916,259,11,98
S01006917,555,35,107
S01006918,236,12,129
S01006919,195,13,159
S01006920,223,11,136
S01006921,432,33,142
S01006922,362,25,171
S01006923,347,22,313
S01006924,308,9,137
S01006925,190,6,174
S01006926,408,32,122
S01006927,611,33,106
S01006928,632,31,221
S01006929,385,24,252
S01006930,367,13,323
S01006931,173,10,100
S01006932,657,53,179
S01006933,257,11,157
S01006934,603,35,287
S01006935,274,16,257
S01006936,285,23,180
S01006937,362,15,230
S01006938,198,10,162
S01006939,289,9,162
S01006940,408,25,288
S01006941,275,26,157
S01006942,451,38,258
S01006943,352,38,87
S01006944,633,42,150
S01006945,204,12,156
S01006946,334,13,185
S01006947,459,43,144
S01006948,428,19,302
S01006949,349,11,181
S01006950,473,25,80
S01006951,227,12,142
S01006952,467,12,276
S01006953,409,19,184
S01006954,452,33,251
S01006955,273,8,145
S01006956,561,37,192
S01006957,561,39,266
S01006958,671,21,463
S01006959,294,7,273
S01006960,514,34,142
S01006961,529,36,111
S01006962,382,21,318
S01006963,303,13,221
S01006964,375,10,196
S01006965,199,11,190
S01006966,299,17,133
S01006967,326,17,163
S01006968,192,8,136
S01006969,422,7,324
S01006970,323,17,198
S01006971,223,2,208
S01006972,430,7,147
S01006973,409,12,195
S01006974,484,16,312
S01006975,578,26,278
S01006976,257,2,128
S01006977,413,16,174
S01006978,515,18,263
S01006979,517,20,272
S01006980,466,21,257
S01006981,417,8,213
S01006982,493,21,208
S01006983,358,13,202
S01006984,504,28,213
S01006985,486,24,323
S01006986,399,28,168
S01006987,302,7,234
S01006988,250,14,111
S01006989,659,26,350
S01006990,479,23,124
S01006991,219,11,125
S01006992,328,9,164
S01006993,284,4,155
S01006994,299,8,166
S01006995,488,18,195
S01006996,508,19,212
S01006997,412,16,199
S01006998,699,17,346
S01006999,476,19,238
S01007000,452,12,287
S01007001,506,16,324
S01007002,327,17,209
S01007003,314,8,113
S01007004,411,14,211
S01007005,452,20,274
S01007006,430,11,276
S01007007,441,8,234
S01007008,489,16,326
S01007009,459,16,373
S01007010,318,16,346
S01007011,377,12,292
S01007012,294,7,217
S01007013,291,8,123
S01007014,601,9,236
S01007015,346,12,163
S01007016,326,14,152
S01007017,472,21,311
S01007018,398,15,311
S01007019,258,6,204
S01007020,317,8,255
S01007021,398,13,259
S01007022,198,9,173
S01007023,241,6,165
S01007024,494,17,328
S01007025,380,15,295
S01007026,388,5,377
S01007027,455,15,419
S01007028,587,15,345
S01007029,311,12,150
S01007030,391,17,264
S01007031,282,11,199
S01007032,426,7,404
S01007033,295,13,200
S01007034,236,16,189
S01007035,418,12,259
S01007036,375,19,375
S01007037,452,16,282
S01007038,312,11,198
S01007039,511,18,269
S01007040,305,10,178
S01007041,359,15,225
S01007042,399,15,206
S01007043,468,17,301
S01007044,303,5,246
S01007045,387,10,279
S01007046,256,7,200
S01007047,328,7,194
S01007048,418,12,254
S01007049,409,19,300
S01007050,318,7,223
S01007051,372,16,217
S01007052,541,17,241
S01007053,287,8,147
S01007054,462,19,323
S01007055,326,14,153
S01007056,360,10,209
S01007057,219,7,217
S01007058,209,9,224
S01007059,499,33,341
S01007060,216,10,138
S01007061,504,21,215
S01007062,368,8,186
S01007063,303,12,235
S01007064,552,14,198
S01007065,310,10,222
S01007066,455,15,237
S01007067,223,8,205
S01007068,313,10,221
S01007069,409,16,220
S01007070,219,11,167
S01007071,418,20,221
S01007072,361,14,168
S01007073,447,25,481
S01007074,257,16,189
S01007075,352,9,210
S01007076,353,7,183
S01007077,320,7,251
S01007078,347,13,253
S01007079,419,22,344
S01007080,372,15,256
S01007081,355,22,220
S01007082,266,21,154
S01007083,457,30,355
S01007084,266,12,250
S01007085,476,26,257
S01007086,575,25,298
S01007087,427,16,351
S01007088,257,14,166
S01007089,243,8,171
S01007090,256,6,118
S01007091,448,31,164
S01007092,233,11,227
S01007093,416,14,330
S01007094,404,13,299
S01007095,302,5,171
S01007096,488,17,207
S01007097,1262,39,387
S01007098,599,23,248
S01007099,460,22,236
S01007100,395,18,194
S01007101,346,11,286
S01007102,368,11,215
S01007103,394,16,277
S01007104,287,15,196
S01007105,236,12,181
S01007106,286,12,232
S01007107,373,30,222
S01007108,729,33,276
S01007109,370,15,270
S01007110,372,23,220
S01007111,221,7,181
S01007112,244,7,189
S01007113,250,13,213
S01007114,431,14,252
S01007115,266,14,277
S01007116,471,30,217
S01007117,188,10,162
S01007118,315,19,164
S01007119,295,11,233
S01007120,449,25,353
S01007121,236,5,213
S01007122,271,12,201
S01007123,328,22,248
S01007124,420,23,257
S01007125,361,19,271
S01007126,393,14,282
S01007127,468,20,289
S01007128,322,14,296
S01007129,450,30,263
S01007130,244,18,219
S01007131,327,12,294
S01007132,288,21,253
S01007133,332,16,172
S01007134,334,8,211
S01007135,258,16,155
S01007136,310,22,149
S01007137,418,26,97
S01007138,303,18,181
S01007139,343,20,226
S01007140,525,24,382
S01007141,607,26,281
S01007142,568,39,204
S01007143,318,32,97
S01007144,345,6,483
S01007145,358,26,437
S01007146,326,30,236
S01007147,292,12,274
S01007148,211,11,192
S01007149,198,11,237
S01007150,256,13,427
S01007151,584,33,347
S01007152,206,23,225
S01007153,284,22,248
S01007154,274,15,387
S01007155,263,21,245
S01007156,343,16,221
S01007157,319,20,164
S01007158,462,31,243
S01007159,595,26,337
S01007160,385,32,278
S01007161,310,20,278
S01007162,228,17,191
S01007163,365,33,367
S01007164,264,21,214
S01007165,326,12,348
S01007166,273,12,269
S01007167,302,14,329
S01007168,369,21,384
S01007169,296,16,282
S01007170,365,14,210
S01007171,703,22,286
S01007172,420,13,448
S01007173,447,27,209
S01007174,487,38,267
S01007175,329,21,231
S01007176,308,15,203
S01007177,238,21,187
S01007178,330,14,276
S01007179,310,15,451
S01007180,333,24,313
S01007181,275,15,336
S01007182,451,18,360
S01007183,494,30,392
S01007184,460,48,348
S01007185,362,31,310
S01007186,234,15,223
S01007187,361,24,259
S01007188,301,16,192
S01007189,341,19,362
S01007190,283,13,409
S01007191,221,11,151
S01007192,576,44,281
S01007193,327,21,185
S01007194,207,17,170
S01007195,251,14,206
S01007196,476,24,200
S01007197,259,6,179
S01007198,209,23,151
S01007199,245,19,254
S01007200,387,29,277
S01007201,270,17,290
S01007202,305,22,258
S01007203,219,12,155
S01007204,426,19,334
S01007205,291,7,217
S01007206,173,11,111
S01007207,375,14,324
S01007208,509,16,341
S01007209,333,13,274
S01007210,310,17,209
S01007211,421,14,353
S01007212,175,10,155
S01007213,362,14,335
S01007214,284,6,296
S01007215,219,9,266
S01007216,379,13,300
S01007217,428,13,327
S01007218,351,12,311
S01007219,342,6,234
S01007220,352,23,235
S01007221,442,20,291
S01007222,266,15,264
S01007223,281,11,159
S01007224,269,12,210
S01007225,431,13,257
S01007226,347,11,298
S01007227,427,20,330
S01007228,280,7,195
S01007229,619,13,327
S01007230,333,20,215
S01007231,340,17,202
S01007232,329,17,262
S01007233,295,17,235
S01007234,264,23,176
S01007235,359,9,303
S01007236,324,11,171
S01007237,296,7,235
S01007238,381,8,301
S01007239,382,17,424
S01007240,321,11,196
S01007241,331,7,207
S01007242,415,21,383
S01007243,302,10,210
S01007244,364,6,261
S01007245,330,10,239
S01007246,428,20,291
S01007247,340,4,237
S01007248,301,24,299
S01007249,210,3,197
S01007250,368,9,248
S01007251,234,13,174
S01007252,351,17,214
S01007253,614,25,447
S01007254,281,10,274
S01007255,317,16,269
S01007256,367,21,292
S01007257,249,22,174
S01007258,313,24,264
S01007259,384,13,332
S01007260,362,24,249
S01007261,377,19,293
S01007262,349,9,218
S01007263,287,21,293
S01007264,303,12,284
S01007265,417,22,367
S01007266,322,13,211
S01007267,299,7,163
S01007268,306,9,205
S01007269,185,9,138
S01007270,294,13,150
S01007271,438,18,348
S01007272,377,9,294
S01007273,286,9,203
S01007274,369,11,300
S01007275,254,11,241
S01007276,443,10,294
S01007277,309,11,306
S01007278,226,11,202
S01007279,295,6,203
S01007280,281,7,181
S01007281,469,24,211
S01007282,297,6,151
S01007283,367,13,407
S01007284,453,4,267
S01007285,503,11,287
S01007286,557,14,285
S01007287,374,9,180
S01007288,306,5,236
S01007289,424,13,250
S01007290,522,15,205
S01007291,302,7,246
S01007292,333,7,212
S01007293,371,18,152
S01007294,450,8,241
S01007295,212,5,140
S01007296,321,12,181
S01007297,473,18,237
S01007298,267,17,151
S01007299,382,11,202
S01007300,245,7,123
S01007301,635,14,330
S01007302,317,4,174
S01007303,543,4,308
S01007304,376,18,253
S01007305,375,5,250
S01007306,401,10,264
S01007307,465,11,295
S01007308,454,13,262
S01007309,368,13,264
S01007310,371,4,367
S01007311,393,8,242
S01007312,366,5,286
S01007313,554,17,342
S01007314,340,2,206
S01007315,393,9,236
S01007316,388,8,315
S01007317,447,12,219
S01007318,247,9,190
S01007319,337,8,266
S01007320,398,10,272
S01007321,319,7,255
S01007322,364,10,218
S01007323,216,3,159
S01007324,218,4,104
S01007325,432,16,272
S01007326,549,7,285
S01007327,371,5,207
S01007328,331,6,243
S01007329,372,11,305
S01007330,301,5,375
S01007331,569,4,316
S01007332,236,6,205
S01007333,335,4,224
S01007334,211,2,242
S01007335,387,4,248
S01007336,234,1,215
S01007337,297,3,260
S01007338,338,10,205
S01007339,257,8,261
S01007340,208,8,215
S01007341,286,0,321
S01007342,267,6,401
S01007343,326,4,263
S01007344,180,5,173
S01007345,197,11,197
S01007346,185,10,274
S01007347,247,4,251
S01007348,237,4,219
S01007349,173,5,151
S01007350,192,6,254
S01007351,335,2,309
S01007352,256,5,233
S01007353,260,5,328
S01007354,311,10,342
S01007355,467,7,471
S01007356,247,11,332
S01007357,340,8,302
S01007358,442,16,262
S01007359,349,15,364
S01007360,202,11,253
S01007361,388,9,419
S01007362,305,8,333
S01007363,245,10,326
S01007364,320,9,294
S01007365,200,8,173
S01007366,186,12,210
S01007367,233,8,195
S01007368,230,10,165
S01007369,316,31,248
S01007370,326,6,223
S01007371,315,14,199
S01007372,352,11,394
S01007373,266,8,213
S01007374,213,7,167
S01007375,171,5,183
S01007376,314,7,320
S01007377,296,7,211
S01007378,495,9,184
S01007379,290,2,173
S01007380,275,4,144
S01007381,240,3,235
S01007382,280,9,244
S01007383,319,12,282
S01007384,400,18,233
S01007385,345,13,358
S01007386,325,17,308
S01007387,319,12,320
S01007388,273,8,218
S01007389,267,13,88
S01007390,266,13,83
S01007391,228,6,213
S01007392,180,5,224
S01007393,249,6,397
S01007394,248,16,304
S01007395,464,18,342
S01007396,322,17,257
S01007397,417,20,405
S01007398,307,17,180
S01007399,250,12,180
S01007400,307,15,259
S01007401,371,18,246
S01007402,294,14,191
S01007403,641,29,216
S01007404,278,9,164
S01007405,312,10,201
S01007406,299,14,264
S01007407,300,18,223
S01007408,249,12,187
S01007409,292,14,311
S01007410,268,14,223
S01007411,343,12,290
S01007412,206,9,148
S01007413,442,30,268
S01007414,374,19,152
S01007415,365,24,280
S01007416,204,9,171
S01007417,517,14,282
S01007418,300,14,216
S01007419,404,17,220
S01007420,517,32,758
S01007421,324,15,185
S01007422,251,13,233
S01007423,396,10,188
S01007424,311,15,326
S01007425,386,12,330
S01007426,407,16,271
S01007427,258,7,228
S01007428,394,19,326
S01007429,464,22,232
S01007430,160,3,173
S01007431,204,12,188
S01007432,407,11,339
S01007433,490,25,361
S01007434,185,14,158
S01007435,294,20,236
S01007436,278,13,239
S01007437,183,8,150
S01007438,263,7,267
S01007439,281,15,276
S01007440,286,8,234
S01007441,218,17,211
S01007442,182,6,209
S01007443,350,8,365
S01007444,460,22,406
S01007445,298,15,210
S01007446,216,9,160
S01007447,213,9,203
S01007448,481,25,336
S01007449,397,11,336
S01007450,302,11,243
S01007451,266,14,223
S01007452,700,27,272
S01007453,431,24,147
S01007454,247,15,160
S01007455,384,22,250
S01007456,354,15,256
S01007457,481,18,328
S01007458,229,2,175
S01007459,252,10,261
S01007460,299,12,388
S01007461,297,15,218
S01007462,395,22,206
S01007463,388,26,340
S01007464,281,14,249
S01007465,318,27,257
S01007466,450,31,365
S01007467,445,19,370
S01007468,280,12,212
S01007469,490,22,214
S01007470,279,10,254
S01007471,229,11,124
S01007472,269,23,167
S01007473,195,12,155
S01007474,239,11,187
S01007475,399,15,244
S01007476,366,11,244
S01007477,245,10,168
S01007478,481,22,288
S01007479,312,11,153
S01007480,379,22,185
S01007481,392,11,402
S01007482,164,4,212
S01007483,323,11,194
S01007484,215,10,180
S01007485,123,5,142
S01007486,231,30,208
S01007487,284,12,291
S01007488,480,19,296
S01007489,346,15,318
S01007490,390,24,336
S01007491,490,19,354
S01007492,246,9,209
S01007493,349,14,251
S01007494,222,5,214
S01007495,381,14,250
S01007496,330,7,379
S01007497,271,5,237
S01007498,308,12,298
S01007499,399,14,317
S01007500,197,5,277
S01007501,249,7,343
S01007502,193,0,172
S01007503,415,9,401
S01007504,289,8,246
S01007505,180,3,138
S01007506,249,9,224
S01007507,333,13,391
S01007508,281,6,300
S01007509,272,9,256
S01007510,368,16,451
S01007511,279,9,343
S01007512,200,4,208
S01007513,416,14,349
S01007514,266,10,177
S01007515,307,9,260
S01007516,251,15,187
S01007517,144,5,282
S01007518,322,9,294
S01007519,152,0,204
S01007520,423,19,416
S01007521,219,6,177
S01007522,363,10,521
S01007523,274,10,185
S01007524,449,15,308
S01007525,271,10,225
S01007526,260,10,319
S01007527,345,5,385
S01007528,297,9,249
S01007529,235,7,312
S01007530,261,11,196
S01007531,301,13,230
S01007532,242,12,192
S01007533,191,5,148
S01007534,412,14,352
S01007535,394,22,406
S01007536,482,14,263
S01007537,457,17,446
S01007538,442,8,295
S01007539,275,16,265
S01007540,368,16,382
S01007541,333,15,345
S01007542,387,16,319
S01007543,476,13,338
S01007544,392,10,518
S01007545,384,13,276
S01007546,272,12,142
S01007547,314,7,224
S01007548,332,14,211
S01007549,341,9,271
S01007550,376,11,401
S01007551,331,9,306
S01007552,427,4,321
S01007553,308,5,293
S01007554,148,3,205
S01007555,243,7,228
S01007556,203,4,196
S01007557,469,16,343
S01007558,216,4,148
S01007559,341,10,240
S01007560,387,15,394
S01007561,268,13,324
S01007562,376,7,275
S01007563,345,8,300
S01007564,341,10,254
S01007565,496,6,344
S01007566,288,9,210
S01007567,312,10,161
S01007568,325,11,230
S01007569,377,12,322
S01007570,484,16,301
S01007571,260,14,172
S01007572,497,18,398
S01007573,515,22,128
S01007574,440,16,281
S01007575,305,16,257
S01007576,226,8,188
S01007577,287,12,246
S01007578,285,12,274
S01007579,265,8,195
S01007580,329,10,245
S01007581,227,14,163
S01007582,292,11,237
S01007583,399,32,361
S01007584,300,9,176
S01007585,431,16,365
S01007586,355,14,242
S01007587,310,17,379
S01007588,362,22,326
S01007589,354,18,247
S01007590,287,12,242
S01007591,251,13,196
S01007592,320,13,211
S01007593,467,28,382
S01007594,400,8,287
S01007595,487,17,384
S01007596,198,7,184
S01007597,279,9,218
S01007598,283,10,233
S01007599,408,28,319
S01007600,417,26,411
S01007601,350,17,160
S01007602,275,11,213
S01007603,360,13,240
S01007604,341,14,364
S01007605,391,15,257
S01007606,283,14,226
S01007607,271,6,216
S01007608,381,25,267
S01007609,431,29,279
S01007610,254,9,191
S01007611,342,27,431
S01007612,603,40,458
S01007613,327,15,222
S01007614,438,14,295
S01007615,510,14,308
S01007616,304,22,250
S01007617,209,9,171
S01007618,246,13,140
S01007619,309,8,223
S01007620,252,5,226
S01007621,285,3,205
S01007622,223,15,199
S01007623,266,18,197
S01007624,325,10,156
S01007625,231,7,168
S01007626,351,15,134
S01007627,1191,41,347
S01007628,286,12,246
S01007629,347,8,211
S01007630,456,13,292
S01007631,283,15,237
S01007632,387,12,376
S01007633,446,14,371
S01007634,359,13,202
S01007635,253,10,397
S01007636,413,26,426
S01007637,465,19,260
S01007638,399,11,279
S01007639,432,20,291
S01007640,305,10,267
S01007641,415,16,291
S01007642,351,23,388
S01007643,361,12,335
S01007644,337,10,339
S01007645,241,6,185
S01007646,256,3,227
S01007647,301,15,261
S01007648,370,12,248
S01007649,364,15,301
S01007650,379,19,359
S01007651,314,13,165
S01007652,292,7,202
S01007653,378,11,324
S01007654,516,25,415
S01007655,366,13,251
S01007656,372,13,263
S01007657,215,1,122
S01007658,220,6,179
S01007659,387,14,297
S01007660,331,14,298
S01007661,332,11,255
S01007662,412,9,341
S01007663,373,10,302
S01007664,219,14,210
S01007665,339,23,181
S01007666,188,2,156
S01007667,317,8,207
S01007668,450,19,346
S01007669,268,8,158
S01007670,283,9,208
S01007671,444,15,316
S01007672,367,15,375
S01007673,275,13,230
S01007674,354,18,245
S01007675,296,18,253
S01007676,320,8,207
S01007677,352,14,216
S01007678,303,16,255
S01007679,277,7,333
S01007680,361,11,301
S01007681,156,7,151
S01007682,400,23,328
S01007683,350,29,185
S01007684,322,30,340
S01007685,313,95,360
S01007686,306,32,253
S01007687,387,79,287
S01007688,420,168,344
S01007689,236,80,206
S01007690,263,215,505
S01007691,326,1084,1894
S01007692,290,179,315
S01007693,203,318,583
S01007694,313,215,479
S01007695,325,100,416
S01007696,277,155,285
S01007697,447,83,375
S01007698,439,127,363
S01007699,332,102,252
S01007700,456,40,331
S01007701,210,82,218
S01007702,266,282,417
S01007703,397,53,247
S01007704,367,128,320
S01007705,158,329,408
S01007706,235,283,401
S01007707,616,98,277
S01007708,312,52,225
S01007709,269,42,221
S01007710,327,151,286
S01007711,357,203,457
S01007712,330,73,239
S01007713,204,41,185
S01007714,347,43,202
S01007715,319,41,271
S01007716,363,89,417
S01007717,286,47,259
S01007718,295,29,299
S01007719,370,34,346
S01007720,336,8,289
S01007721,450,33,283
S01007722,490,43,397
S01007723,366,24,372
S01007724,263,44,191
S01007725,333,47,260
S01007726,391,77,257
S01007727,386,114,388
S01007728,426,117,291
S01007729,417,78,274
S01007730,338,62,152
S01007731,417,77,196
S01007732,334,56,163
S01007733,461,41,257
S01007734,405,24,297
S01007735,370,22,272
S01007736,272,16,172
S01007737,469,18,358
S01007738,376,20,274
S01007739,168,6,238
S01007740,234,13,194
S01007741,257,23,264
S01007742,299,19,285
S01007743,424,33,229
S01007744,256,16,285
S01007745,275,26,203
S01007746,358,18,251
S01007747,192,10,151
S01007748,268,20,207
S01007749,283,20,248
S01007750,340,15,358
S01007751,266,23,381
S01007752,218,6,419
S01007753,227,14,157
S01007754,365,13,298
S01007755,260,14,269
S01007756,236,10,197
S01007757,349,20,336
S01007758,354,18,408
S01007759,443,16,353
S01007760,250,7,259
S01007761,413,18,351
S01007762,326,25,354
S01007763,187,13,271
S01007764,324,18,253
S01007765,278,19,247
S01007766,360,28,323
S01007767,360,21,355
S01007768,268,13,310
S01007769,285,14,321
S01007770,290,18,294
S01007771,231,15,222
S01007772,395,17,362
S01007773,308,8,283
S01007774,549,31,125
S01007775,398,19,292
S01007776,347,27,189
S01007777,606,43,198
S01007778,391,19,130
S01007779,377,15,253
S01007780,471,25,174
S01007781,572,19,201
S01007782,310,22,159
S01007783,350,19,357
S01007784,346,13,171
S01007785,209,9,202
S01007786,294,12,247
S01007787,292,11,205
S01007788,258,24,221
S01007789,271,20,185
S01007790,313,30,221
S01007791,380,17,111
S01007792,372,28,278
S01007793,410,18,313
S01007794,252,15,189
S01007795,307,14,198
S01007796,327,19,202
S01007797,311,15,188
S01007798,386,24,90
S01007799,343,22,87
S01007800,337,36,368
S01007801,312,84,458
S01007802,293,11,102
S01007803,335,31,375
S01007804,252,31,174
S01007805,212,15,167
S01007806,341,13,188
S01007807,436,22,187
S01007808,402,18,235
S01007809,418,20,294
S01007810,395,20,323
S01007811,571,32,265
S01007812,333,42,331
S01007813,281,26,251
S01007814,254,12,184
S01007815,356,27,367
S01007816,277,18,202
S01007817,188,9,169
S01007818,375,20,182
S01007819,409,32,272
S01007820,411,23,326
S01007821,221,8,185
S01007822,313,15,331
S01007823,285,7,206
S01007824,373,33,313
S01007825,431,22,354
S01007826,330,22,242
S01007827,295,19,150
S01007828,432,43,377
S01007829,229,11,223
S01007830,352,41,339
S01007831,440,39,351
S01007832,216,23,237
S01007833,264,11,424
S01007834,357,46,199
S01007835,276,18,254
S01007836,236,7,244
S01007837,325,17,275
S01007838,490,25,320
S01007839,240,12,255
S01007840,372,14,271
S01007841,331,19,186
S01007842,314,26,217
S01007843,330,23,190
S01007844,338,31,266
S01007845,305,20,262
S01007846,341,24,235
S01007847,342,21,278
S01007848,312,19,280
S01007849,461,36,302
S01007850,308,26,242
S01007851,378,27,393
S01007852,284,26,193
S01007853,335,27,333
S01007854,438,31,291
S01007855,254,15,160
S01007856,442,24,312
S01007857,218,19,156
S01007858,415,32,431
S01007859,250,20,194
S01007860,355,29,158
S01007861,276,8,219
S01007862,327,12,226
S01007863,380,31,268
S01007864,445,21,281
S01007865,579,34,117
S01007866,333,22,91
S01007867,955,38,188
S01007868,338,22,342
S01007869,427,30,336
S01007870,153,7,135
S01007871,236,19,235
S01007872,238,21,289
S01007873,258,10,286
S01007874,290,10,285
S01007875,342,15,241
S01007876,404,24,271
S01007877,309,15,291
S01007878,160,8,219
S01007879,343,15,264
S01007880,235,2,192
S01007881,255,4,187
S01007882,397,15,205
S01007883,501,13,327
S01007884,304,14,190
S01007885,264,8,304
S01007886,403,15,294
S01007887,302,12,166
S01007888,409,25,348
S01007889,200,8,174
S01007890,323,18,223
S01007891,433,22,324
S01007892,286,11,279
S01007893,419,10,359
S01007894,451,19,249
S01007895,282,11,184
S01007896,312,11,243
S01007897,188,3,128
S01007898,237,8,146
S01007899,316,9,165
S01007900,218,7,187
S01007901,261,12,230
S01007902,310,19,300
S01007903,211,15,260
S01007904,392,15,267
S01007905,260,10,236
S01007906,246,12,271
S01007907,217,4,243
S01007908,390,14,343
S01007909,264,14,165
S01007910,395,23,266
S01007911,331,13,194
S01007912,344,9,223
S01007913,236,8,244
S01007914,225,12,205
S01007915,322,9,299
S01007916,296,11,308
S01007917,351,10,302
S01007918,362,18,301
S01007919,364,15,287
S01007920,348,18,228
S01007921,328,13,319
S01007922,326,16,298
S01007923,474,24,336
S01007924,439,20,426
S01007925,235,9,150
S01007926,235,11,135
S01007927,404,26,237
S01007928,484,21,343
S01007929,1102,32,395
S01007930,263,10,130
S01007931,506,22,368
S01007932,366,20,320
S01007933,389,31,223
S01007934,310,13,196
S01007935,350,18,249
S01007936,478,30,270
S01007937,559,25,329
S01007938,335,11,247
S01007939,344,12,276
S01007940,493,22,383
S01007941,257,19,248
S01007942,260,11,130
S01007943,253,8,292
S01007944,328,18,292
S01007945,295,18,310
S01007946,263,16,205
S01007947,318,11,284
S01007948,245,16,228
S01007949,281,10,244
S01007950,439,23,294
S01007951,416,21,303
S01007952,302,12,225
S01007953,431,13,276
S01007954,271,13,231
S01007955,358,26,236
S01007956,350,14,196
S01007957,433,22,410
S01007958,241,12,173
S01007959,272,15,322
S01007960,296,17,224
S01007961,432,10,685
S01007962,263,26,168
S01007963,343,26,371
S01007964,323,19,281
S01007965,200,15,172
S01007966,374,20,377
S01007967,240,6,161
S01007968,375,20,291
S01007969,371,21,240
S01007970,494,26,303
S01007971,435,24,276
S01007972,419,16,233
S01007973,356,15,297
S01007974,308,12,240
S01007975,342,18,229
S01007976,306,24,262
S01007977,287,9,155
S01007978,334,20,198
S01007979,447,22,272
S01007980,331,14,190
S01007981,213,13,242
S01007982,181,17,204
S01007983,350,32,314
S01007984,332,33,229
S01007985,391,21,285
S01007986,265,21,181
S01007987,312,33,281
S01007988,285,17,251
S01007989,415,37,249
S01007990,335,28,198
S01007991,618,38,228
S01007992,343,19,108
S01007993,329,17,283
S01007994,495,43,133
S01007995,414,37,218
S01007996,148,12,113
S01007997,324,17,337
S01007998,230,12,179
S01007999,311,14,210
S01008000,390,25,307
S01008001,339,32,338
S01008002,306,10,253
S01008003,295,10,222
S01008004,359,28,118
S01008005,420,22,139
S01008006,234,14,205
S01008007,195,11,150
S01008008,288,16,198
S01008009,394,24,290
S01008010,496,21,270
S01008011,203,8,275
S01008012,417,29,251
S01008013,272,18,302
S01008014,210,11,209
S01008015,488,25,280
S01008016,384,23,264
S01008017,361,30,391
S01008018,243,16,273
S01008019,268,11,226
S01008020,436,17,186
S01008021,293,15,245
S01008022,368,33,274
S01008023,303,39,166
S01008024,657,34,131
S01008025,248,13,248
S01008026,451,24,336
S01008027,252,8,171
S01008028,286,14,162
S01008029,1272,50,434
S01008030,450,15,397
S01008031,323,26,276
S01008032,400,20,280
S01008033,377,22,201
S01008034,351,26,151
S01008035,233,7,254
S01008036,271,12,214
S01008037,442,26,329
S01008038,404,29,230
S01008039,387,30,300
S01008040,344,23,342
S01008041,289,17,288
S01008042,272,12,230
S01008043,439,18,342
S01008044,404,16,354
S01008045,516,27,419
S01008046,322,15,452
S01008047,262,15,263
S01008048,230,20,234
S01008049,344,18,327
S01008050,258,23,222
S01008051,424,18,225
S01008052,749,36,435
S01008053,242,23,221
S01008054,282,17,436
S01008055,515,21,318
S01008056,351,27,293
S01008057,414,26,302
S01008058,387,29,282
S01008059,285,29,238
S01008060,329,27,234
S01008061,558,34,411
S01008062,378,31,280
S01008063,439,30,277
S01008064,309,31,218
S01008065,465,37,280
S01008066,408,10,270
S01008067,318,25,255
S01008068,468,25,329
S01008069,437,24,266
S01008070,397,20,305
S01008071,344,19,221
S01008072,340,28,266
S01008073,186,9,170
S01008074,468,29,395
S01008075,271,16,222
S01008076,188,9,373
S01008077,334,20,348
S01008078,419,28,290
S01008079,313,15,362
S01008080,347,19,201
S01008081,266,37,209
S01008082,345,29,266
S01008083,349,23,233
S01008084,407,31,327
S01008085,391,31,315
S01008086,511,31,341
S01008087,335,31,299
S01008088,374,27,330
S01008089,369,12,221
S01008090,343,19,216
S01008091,171,4,117
S01008092,399,26,311
S01008093,345,27,236
S01008094,463,25,777
S01008095,323,21,263
S01008096,335,27,308
S01008097,228,22,271
S01008098,356,14,223
S01008099,255,9,150
S01008100,373,15,363
S01008101,384,24,292
S01008102,314,15,232
S01008103,380,20,298
S01008104,413,24,296
S01008105,456,25,312
S01008106,400,33,301
S01008107,789,70,246
S01008108,385,27,222
S01008109,382,33,281
S01008110,416,26,216
S01008111,327,20,320
S01008112,353,17,293
S01008113,385,28,364
S01008114,295,11,205
S01008115,470,17,236
S01008116,382,29,296
S01008117,314,20,314
S01008118,449,21,254
S01008119,261,12,216
S01008120,267,14,229
S01008121,289,16,258
S01008122,328,19,240
S01008123,439,18,307
S01008124,399,23,286
S01008125,371,26,267
S01008126,340,20,251
S01008127,407,22,182
S01008128,395,19,279
S01008129,400,18,269
S01008130,444,30,304
S01008131,369,22,258
S01008132,481,33,422
S01008133,230,22,264
S01008134,275,20,229
S01008135,720,42,497
S01008136,378,28,271
S01008137,363,17,298
S01008138,355,36,279
S01008139,502,31,404
S01008140,194,18,189
S01008141,297,21,304
S01008142,355,15,251
S01008143,442,24,320
S01008144,1846,76,484
S01008145,487,16,259
S01008146,275,9,171
S01008147,302,23,281
S01008148,310,15,274
S01008149,336,14,222
S01008150,373,16,309
S01008151,315,12,196
S01008152,398,26,336
S01008153,317,22,235
S01008154,376,19,377
S01008155,265,8,250
S01008156,319,20,277
S01008157,426,27,275
S01008158,322,20,203
S01008159,340,21,364
S01008160,435,28,372
S01008161,550,40,296
S01008162,508,27,311
S01008163,416,15,245
S01008164,437,386,613
S01008165,1422,41,297
S01008166,278,7,169
S01008167,346,15,216
S01008168,415,11,266
S01008169,460,14,234
S01008170,317,15,152
S01008171,423,22,228
S01008172,261,10,206
S01008173,324,15,188
S01008174,237,10,156
S01008175,394,15,196
S01008176,360,14,332
S01008177,371,17,243
S01008178,254,7,245
S01008179,249,11,104
S01008180,217,7,141
S01008181,276,5,275
S01008182,515,29,280
S01008183,348,22,165
S01008184,415,9,272
S01008185,534,30,274
S01008186,358,11,249
S01008187,296,28,226
S01008188,429,28,303
S01008189,193,6,162
S01008190,391,13,278
S01008191,461,20,215
S01008192,433,18,430
S01008193,415,19,278
S01008194,328,20,196
S01008195,397,11,182
S01008196,471,26,225
S01008197,848,35,189
S01008198,378,9,225
S01008199,375,19,192
S01008200,252,15,242
S01008201,358,15,281
S01008202,256,8,187
S01008203,295,9,203
S01008204,381,6,390
S01008205,361,15,201
S01008206,312,16,232
S01008207,334,18,130
S01008208,491,17,162
S01008209,255,10,86
S01008210,443,22,296
S01008211,435,11,330
S01008212,296,16,149
S01008213,491,23,248
S01008214,338,4,273
S01008215,368,9,197
S01008216,246,9,140
S01008217,273,7,187
S01008218,1465,74,375
S01008219,448,16,402
S01008220,277,18,205
S01008221,426,20,196
S01008222,284,25,234
S01008223,239,6,219
S01008224,397,17,318
S01008225,320,13,217
S01008226,364,18,276
S01008227,420,20,253
S01008228,309,14,244
S01008229,297,10,227
S01008230,469,23,142
S01008231,466,28,82
S01008232,491,36,97
S01008233,440,14,122
S01008234,198,4,167
S01008235,484,16,311
S01008236,386,11,303
S01008237,628,25,291
S01008238,397,10,256
S01008239,608,15,298
S01008240,298,14,321
S01008241,241,9,317
S01008242,500,20,463
S01008243,611,23,333
S01008244,286,9,205
S01008245,516,21,330
S01008246,597,23,352
S01008247,415,12,206
S01008248,410,8,237
S01008249,478,15,383
S01008250,1615,34,663
S01008251,624,31,241
S01008252,325,15,278
S01008253,367,9,270
S01008254,475,18,351
S01008255,307,14,197
S01008256,440,21,279
S01008257,251,8,324
S01008258,348,20,327
S01008259,371,19,385
S01008260,373,20,234
S01008261,397,27,257
S01008262,316,10,172
S01008263,287,7,284
S01008264,365,18,235
S01008265,376,14,386
S01008266,252,7,287
S01008267,430,25,344
S01008268,286,7,356
S01008269,259,12,492
S01008270,244,14,383
S01008271,282,10,286
S01008272,1347,53,686
S01008273,350,14,303
S01008274,338,8,240
S01008275,227,10,222
S01008276,208,11,223
S01008277,346,5,223
S01008278,448,14,337
S01008279,327,9,248
S01008280,496,15,298
S01008281,374,16,240
S01008282,341,11,223
S01008283,592,29,280
S01008284,1472,51,539
S01008285,308,11,237
S01008286,367,15,249
S01008287,357,17,268
S01008288,404,20,332
S01008289,295,6,155
S01008290,422,17,291
S01008291,298,11,379
S01008292,341,17,241
S01008293,261,16,151
S01008294,435,15,219
S01008295,415,19,289
S01008296,297,21,221
S01008297,473,26,216
S01008298,577,33,180
S01008299,299,25,289
S01008300,330,20,286
S01008301,350,22,289
S01008302,421,15,317
S01008303,284,18,198
S01008304,198,6,152
S01008305,282,14,278
S01008306,254,16,182
S01008307,449,28,222
S01008308,223,11,249
S01008309,244,11,274
S01008310,405,17,444
S01008311,220,8,137
S01008312,186,14,124
S01008313,321,21,320
S01008314,243,12,193
S01008315,279,23,291
S01008316,278,17,181
S01008317,481,22,284
S01008318,845,56,369
S01008319,365,26,286
S01008320,258,8,303
S01008321,237,16,114
S01008322,480,33,344
S01008323,295,21,234
S01008324,401,31,212
S01008325,365,29,170
S01008326,449,24,276
S01008327,410,24,264
S01008328,1668,117,666
S01008329,387,35,241
S01008330,379,31,232
S01008331,252,20,150
S01008332,395,24,371
S01008333,352,15,510
S01008334,338,22,260
S01008335,283,32,232
S01008336,296,32,290
S01008337,426,23,251
S01008338,383,36,182
S01008339,265,23,155
S01008340,384,29,197
S01008341,296,27,153
S01008342,346,21,272
S01008343,370,37,304
S01008344,393,35,336
S01008345,417,30,379
S01008346,430,55,320
S01008347,429,37,428
S01008348,291,28,276
S01008349,381,34,263
S01008350,214,16,241
S01008351,408,37,306
S01008352,295,20,242
S01008353,236,14,157
S01008354,1424,75,524
S01008355,297,16,254
S01008356,306,15,126
S01008357,279,18,243
S01008358,291,16,283
S01008359,342,25,189
S01008360,372,21,285
S01008361,443,25,225
S01008362,644,39,352
S01008363,348,18,204
S01008364,297,28,208
S01008365,274,20,241
S01008366,371,16,335
S01008367,346,21,242
S01008368,312,23,203
S01008369,298,20,171
S01008370,312,30,199
S01008371,370,29,204
S01008372,302,28,252
S01008373,361,28,199
S01008374,343,31,208
S01008375,361,32,223
S01008376,260,18,137
S01008377,375,41,192
S01008378,406,30,339
S01008379,236,22,172
S01008380,329,21,153
S01008381,334,18,130
S01008382,406,29,227
S01008383,230,11,134
S01008384,437,30,271
S01008385,273,21,208
S01008386,372,18,307
S01008387,306,26,139
S01008388,324,11,127
S01008389,198,16,359
S01008390,265,16,213
S01008391,316,27,310
S01008392,432,33,242
S01008393,311,20,310
S01008394,398,41,178
S01008395,254,19,136
S01008396,248,15,312
S01008397,368,25,270
S01008398,294,21,210
S01008399,204,6,224
S01008400,313,29,231
S01008401,388,25,322
S01008402,432,41,471
S01008403,274,18,176
S01008404,379,23,341
S01008405,333,29,231
S01008406,341,22,401
S01008407,189,9,264
S01008408,273,30,191
S01008409,396,18,339
S01008410,245,20,280
S01008411,290,24,160
S01008412,354,31,199
S01008413,210,16,153
S01008414,229,28,159
S01008415,391,25,252
S01008416,406,40,301
S01008417,322,11,275
S01008418,279,13,259
S01008419,222,17,127
S01008420,199,10,151
S01008421,406,21,280
S01008422,226,8,197
S01008423,744,30,383
S01008424,313,22,362
S01008425,954,576,1404
S01008426,303,17,166
S01008427,485,29,276
S01008428,374,16,228
S01008429,449,25,295
S01008430,467,20,271
S01008431,366,16,306
S01008432,308,15,257
S01008433,328,10,311
S01008434,466,28,281
S01008435,311,19,272
S01008436,384,22,386
S01008437,341,14,252
S01008438,307,10,166
S01008439,520,25,314
S01008440,450,19,382
S01008441,226,14,135
S01008442,343,13,224
S01008443,285,14,219
S01008444,642,10,162
S01008445,364,8,370
S01008446,397,26,430
S01008447,283,13,270
S01008448,318,19,289
S01008449,369,52,224
S01008450,267,29,126
S01008451,274,37,173
S01008452,254,27,154
S01008453,396,42,99
S01008454,391,39,243
S01008455,392,63,291
S01008456,372,37,260
S01008457,258,21,242
S01008458,471,24,267
S01008459,330,29,215
S01008460,330,32,236
S01008461,457,28,237
S01008462,188,15,244
S01008463,215,30,189
S01008464,450,33,204
S01008465,395,26,209
S01008466,352,46,175
S01008467,330,31,234
S01008468,555,48,271
S01008469,296,35,125
S01008470,403,51,249
S01008471,362,47,260
S01008472,299,31,196
S01008473,271,40,168
S01008474,362,38,260
S01008475,300,22,174
S01008476,361,27,205
S01008477,410,34,223
S01008478,588,100,349
S01008479,355,48,240
S01008480,306,20,151
S01008481,657,27,940
S01008482,253,17,194
S01008483,303,14,179
S01008484,353,30,212
S01008485,561,37,269
S01008486,369,45,407
S01008487,595,163,442
S01008488,458,56,220
S01008489,345,45,204
S01008490,478,67,219
S01008491,480,62,255
S01008492,770,76,261
S01008493,518,176,487
S01008494,577,47,216
S01008495,605,89,172
S01008496,618,75,177
S01008497,529,51,178
S01008498,527,66,184
S01008499,526,108,201
S01008500,180,51,148
S01008501,342,97,108
S01008502,450,61,111
S01008503,527,51,139
S01008504,632,53,241
S01008505,399,27,145
S01008506,468,25,345
S01008507,525,195,302
S01008508,338,22,261
S01008509,488,37,459
S01008510,364,45,349
S01008511,377,18,392
S01008512,232,11,174
S01008513,277,17,246
S01008514,392,22,374
S01008515,412,22,192
S01008516,556,58,308
S01008517,389,65,238
S01008518,415,39,262
S01008519,348,19,259
S01008520,457,23,382
S01008521,397,20,296
S01008522,263,18,196
S01008523,417,22,367
S01008524,478,32,236
S01008525,341,20,287
S01008526,426,39,267
S01008527,365,25,174
S01008528,368,20,177
S01008529,436,28,299
S01008530,345,40,258
S01008531,370,35,234
S01008532,208,16,137
S01008533,230,24,75
S01008534,308,23,187
S01008535,270,10,260
S01008536,279,20,194
S01008537,260,19,284
S01008538,207,12,244
S01008539,350,9,283
S01008540,381,18,322
S01008541,363,28,268
S01008542,792,50,382
S01008543,345,19,181
S01008544,279,14,157
S01008545,341,17,300
S01008546,308,13,350
S01008547,603,19,248
S01008548,790,31,297
S01008549,2722,121,722
S01008550,325,19,355
S01008551,419,25,372
S01008552,345,13,342
S01008553,329,23,240
S01008554,436,35,308
S01008555,433,32,278
S01008556,412,26,233
S01008557,691,41,386
S01008558,381,36,266
S01008559,325,12,196
S01008560,375,26,199
S01008561,319,23,176
S01008562,386,23,329
S01008563,401,14,250
S01008564,270,9,213
S01008565,428,17,346
S01008566,501,25,301
S01008567,345,21,215
S01008568,460,19,209
S01008569,254,14,214
S01008570,396,34,258
S01008571,325,23,257
S01008572,342,27,301
S01008573,368,16,254
S01008574,340,18,215
S01008575,368,21,252
S01008576,329,21,339
S01008577,388,21,438
S01008578,313,15,259
S01008579,640,32,457
S01008580,262,16,171
S01008581,422,46,329
S01008582,493,22,321
S01008583,347,25,220
S01008584,388,26,228
S01008585,260,41,189
S01008586,425,34,303
S01008587,334,112,533
S01008588,348,29,260
S01008589,186,16,135
S01008590,355,29,300
S01008591,341,31,254
S01008592,393,49,252
S01008593,378,16,247
S01008594,495,63,458
S01008595,377,41,391
S01008596,411,65,275
S01008597,425,22,324
S01008598,340,90,274
S01008599,384,64,284
S01008600,386,63,304
S01008601,283,717,1931
S01008602,239,104,305
S01008603,429,365,805
S01008604,419,123,426
S01008605,316,72,189
S01008606,347,43,272
S01008607,232,9,255
S01008608,284,22,324
S01008609,394,26,397
S01008610,270,51,365
S01008611,435,184,446
S01008612,297,165,361
S01008613,269,63,287
S01008614,211,134,256
S01008615,278,125,316
S01008616,254,117,228
S01008617,261,136,265
S01008618,202,151,257
S01008619,199,58,188
S01008620,287,140,299
S01008621,243,126,263
S01008622,218,42,161
S01008623,316,114,361
S01008624,253,36,360
S01008625,246,11,211
S01008626,449,32,248
S01008627,310,20,238
S01008628,306,27,166
S01008629,310,36,177
S01008630,305,73,170
S01008631,501,70,177
S01008632,364,33,286
S01008633,358,25,373
S01008634,329,76,235
S01008635,425,65,315
S01008636,329,54,254
S01008637,358,50,350
S01008638,282,75,263
S01008639,531,67,198
S01008640,435,111,205
S01008641,393,148,252
S01008642,446,84,231
S01008643,387,73,148
S01008644,436,74,205
S01008645,394,93,217
S01008646,534,80,175
S01008647,387,46,157
S01008648,328,69,113
S01008649,558,53,186
S01008650,466,67,130
S01008651,555,608,900
S01008652,303,52,107
S01008653,338,136,259
S01008654,587,91,208
S01008655,455,110,285
S01008656,405,61,151
S01008657,374,84,212
S01008658,770,261,606
S01008659,412,111,257
S01008660,495,208,343
S01008661,362,168,455
S01008662,250,145,367
S01008663,377,119,325
S01008664,347,105,242
S01008665,593,388,917
S01008666,324,232,486
S01008667,418,168,619
S01008668,263,112,273
S01008669,99,106,219
S01008670,163,295,658
S01008671,258,145,318
S01008672,246,109,270
S01008673,643,358,1224
S01008674,224,214,462
S01008675,332,106,414
S01008676,416,91,222
S01008677,412,100,513
S01008678,261,332,761
S01008679,314,304,715
S01008680,181,156,420
S01008681,324,238,628
S01008682,285,74,299
S01008683,461,232,716
S01008684,511,124,405
S01008685,347,396,1314
S01008686,572,178,556
S01008687,400,47,137
S01008688,495,46,211
S01008689,501,36,152
S01008690,955,51,224
S01008691,773,97,376
S01008692,1010,52,340
S01008693,185,5,88
S01008694,613,41,178
S01008695,446,23,128
S01008696,363,16,150
S01008697,468,31,317
S01008698,195,8,167
S01008699,468,27,258
S01008700,252,10,206
S01008701,770,65,317
S01008702,373,27,81
S01008703,437,39,337
S01008704,2222,126,543
S01008705,394,43,177
S01008706,381,44,145
S01008707,367,25,263
S01008708,495,40,362
S01008709,300,25,209
S01008710,236,5,138
S01008711,348,14,239
S01008712,409,21,490
S01008713,239,7,165
S01008714,235,11,159
S01008715,286,8,275
S01008716,255,16,217
S01008717,270,6,124
S01008718,424,19,232
S01008719,574,38,277
S01008720,1063,34,302
S01008721,461,15,170
S01008722,433,20,463
S01008723,320,31,252
S01008724,430,25,367
S01008725,347,15,202
S01008726,268,7,187
S01008727,487,20,332
S01008728,302,16,155
S01008729,338,20,181
S01008730,461,15,137
S01008731,223,8,179
S01008732,325,13,148
S01008733,958,22,308
S01008734,276,10,233
S01008735,457,19,325
S01008736,352,28,256
S01008737,306,18,244
S01008738,328,18,313
S01008739,289,15,206
S01008740,204,5,150
S01008741,466,30,328
S01008742,232,9,209
S01008743,467,28,241
S01008744,527,25,300
S01008745,228,8,153
S01008746,564,35,272
S01008747,232,12,145
S01008748,244,10,275
S01008749,455,15,459
S01008750,301,10,258
S01008751,270,13,210
S01008752,310,16,178
S01008753,276,14,155
S01008754,318,24,130
S01008755,605,35,241
S01008756,325,26,198
S01008757,224,13,214
S01008758,335,23,224
S01008759,255,18,173
S01008760,417,34,290
S01008761,347,31,149
S01008762,328,15,171
S01008763,548,22,178
S01008764,377,19,163
S01008765,535,17,158
S01008766,502,18,301
S01008767,282,24,143
S01008768,1438,76,376
S01008769,719,32,190
S01008770,596,19,167
S01008771,670,19,274
S01008772,441,17,178
S01008773,598,25,235
S01008774,631,37,237
S01008775,342,21,121
S01008776,399,28,211
S01008777,509,40,317
S01008778,770,30,204
S01008779,566,29,147
S01008780,310,34,42
S01008781,700,39,247
S01008782,501,33,123
S01008783,312,16,65
S01008784,288,15,68
S01008785,365,42,200
S01008786,678,36,174
S01008787,104,11,109
S01008788,497,32,91
S01008789,449,21,287
S01008790,390,39,148
S01008791,623,45,154
S01008792,630,22,215
S01008793,226,21,160
S01008794,519,30,283
S01008795,666,58,119
S01008796,622,64,230
S01008797,493,38,164
S01008798,579,40,172
S01008799,454,31,80
S01008800,754,58,162
S01008801,565,127,302
S01008802,660,53,170
S01008803,521,56,186
S01008804,280,117,411
S01008805,384,55,107
S01008806,856,48,217
S01008807,492,26,166
S01008808,435,27,164
S01008809,370,92,303
S01008810,519,41,137
S01008811,388,124,304
S01008812,225,85,190
S01008813,573,51,279
S01008814,476,38,175
S01008815,597,48,147
S01008816,367,21,122
S01008817,769,44,164
S01008818,684,23,161
S01008819,440,18,203
S01008820,621,38,273
S01008821,383,21,152
S01008822,339,13,224
S01008823,317,15,241
S01008824,520,25,281
S01008825,390,18,183
S01008826,343,17,123
S01008827,307,13,256
S01008828,487,19,221
S01008829,329,12,193
S01008830,435,17,276
S01008831,334,9,287
S01008832,286,22,277
S01008833,460,18,328
S01008834,550,17,341
S01008835,408,8,268
S01008836,464,34,164
S01008837,831,171,520
S01008838,758,33,244
S01008839,647,44,252
S01008840,645,38,199
S01008841,502,24,126
S01008842,598,27,116
S01008843,756,201,510
S01008844,445,44,139
S01008845,556,83,246
S01008846,354,42,146
S01008847,301,43,156
S01008848,363,38,220
S01008849,344,37,195
S01008850,341,30,269
S01008851,479,32,327
S01008852,439,25,314
S01008853,340,27,142
S01008854,518,35,282
S01008855,725,52,313
S01008856,383,19,103
S01008857,484,28,164
S01008858,322,14,145
S01008859,653,39,294
S01008860,537,29,219
S01008861,377,11,226
S01008862,545,22,190
S01008863,481,23,156
S01008864,417,35,493
S01008865,493,27,233
S01008866,502,31,168
S01008867,427,14,238
S01008868,571,77,309
S01008869,604,21,387
S01008870,409,36,286
S01008871,473,65,273
S01008872,470,118,264
S01008873,460,19,280
S01008874,539,47,288
S01008875,516,38,213
S01008876,253,10,254
S01008877,260,8,149
S01008878,433,19,320
S01008879,399,21,224
S01008880,307,11,258
S01008881,315,10,341
S01008882,483,9,295
S01008883,426,16,394
S01008884,284,16,283
S01008885,397,15,300
S01008886,486,33,335
S01008887,340,16,270
S01008888,368,10,175
S01008889,475,11,237
S01008890,312,10,241
S01008891,400,17,252
S01008892,451,23,352
S01008893,414,21,289
S01008894,386,14,307
S01008895,333,15,320
S01008896,298,11,186
S01008897,334,14,227
S01008898,353,22,315
S01008899,331,25,267
S01008900,439,33,279
S01008901,396,27,258
S01008902,539,35,322
S01008903,451,23,328
S01008904,498,51,255
S01008905,534,59,243
S01008906,400,37,188
S01008907,461,55,264
S01008908,860,50,331
S01008909,430,14,185
S01008910,263,17,87
S01008911,962,42,213
S01008912,386,22,199
S01008913,403,18,140
S01008914,432,17,248
S01008915,256,6,166
S01008916,433,31,382
S01008917,296,17,196
S01008918,199,28,134
S01008919,204,9,171
S01008920,1299,82,321
S01008921,430,30,321
S01008922,397,21,218
S01008923,434,31,343
S01008924,382,32,253
S01008925,325,38,165
S01008926,309,19,154
S01008927,540,54,161
S01008928,562,78,346
S01008929,509,40,280
S01008930,397,47,265
S01008931,787,72,402
S01008932,478,37,191
S01008933,275,17,183
S01008934,384,26,190
S01008935,405,24,261
S01008936,180,6,136
S01008937,431,23,264
S01008938,368,18,196
S01008939,367,15,237
S01008940,242,9,245
S01008941,456,15,340
S01008942,398,13,197
S01008943,361,28,300
S01008944,424,20,375
S01008945,384,21,242
S01008946,382,19,432
S01008947,470,19,402
S01008948,323,10,246
S01008949,474,27,253
S01008950,503,20,273
S01008951,396,27,266
S01008952,420,39,217
S01008953,454,34,250
S01008954,483,34,303
S01008955,303,6,219
S01008956,490,25,271
S01008957,450,31,301
S01008958,426,15,269
S01008959,394,11,251
S01008960,605,28,241
S01008961,316,7,199
S01008962,284,6,214
S01008963,357,23,285
S01008964,240,12,190
S01008965,377,19,294
S01008966,311,15,204
S01008967,466,19,368
S01008968,861,41,434
S01008969,482,22,298
S01008970,459,21,337
S01008971,319,12,225
S01008972,343,17,264
S01008973,404,13,332
S01008974,347,29,254
S01008975,296,17,322
S01008976,227,7,179
S01008977,242,12,256
S01008978,295,6,151
S01008979,412,36,111
S01008980,433,35,160
S01008981,343,10,263
S01008982,449,30,185
S01008983,378,31,117
S01008984,288,8,105
S01008985,612,40,226
S01008986,399,16,237
S01008987,320,12,300
S01008988,502,27,303
S01008989,432,27,142
S01008990,650,21,210
S01008991,491,9,207
S01008992,259,12,181
S01008993,602,40,278
S01008994,330,20,213
S01008995,392,17,203
S01008996,508,16,237
S01008997,646,26,269
S01008998,445,18,174
S01008999,421,15,268
S01009000,942,21,374
S01009001,347,35,241
S01009002,1680,67,466
S01009003,487,19,270
S01009004,294,18,188
S01009005,446,27,230
S01009006,374,16,239
S01009007,324,24,195
S01009008,416,14,339
S01009009,235,11,147
S01009010,550,20,208
S01009011,440,19,185
S01009012,347,22,204
S01009013,438,18,231
S01009014,305,5,168
S01009015,330,7,217
S01009016,248,4,180
S01009017,284,6,176
S01009018,393,10,245
S01009019,237,8,160
S01009020,445,15,177
S01009021,367,7,255
S01009022,432,3,324
S01009023,414,8,317
S01009024,495,6,353
S01009025,431,13,337
S01009026,475,13,313
S01009027,319,1,296
S01009028,239,6,172
S01009029,279,6,204
S01009030,292,4,223
S01009031,362,9,272
S01009032,286,3,264
S01009033,350,9,262
S01009034,338,12,221
S01009035,526,23,263
S01009036,538,30,248
S01009037,468,10,212
S01009038,504,19,257
S01009039,241,11,176
S01009040,310,13,217
S01009041,455,13,288
S01009042,275,10,221
S01009043,286,2,206
S01009044,350,10,297
S01009045,327,11,217
S01009046,529,14,307
S01009047,392,20,209
S01009048,392,11,233
S01009049,239,13,179
S01009050,437,25,300
S01009051,407,15,153
S01009052,273,11,220
S01009053,311,16,213
S01009054,256,11,171
S01009055,639,18,320
S01009056,257,14,144
S01009057,244,5,180
S01009058,359,16,289
S01009059,448,26,197
S01009060,871,36,214
S01009061,389,21,215
S01009062,276,12,242
S01009063,348,16,238
S01009064,258,11,188
S01009065,281,18,193
S01009066,336,20,218
S01009067,519,33,188
S01009068,415,23,259
S01009069,315,9,185
S01009070,281,11,190
S01009071,214,10,167
S01009072,250,9,142
S01009073,345,14,274
S01009074,334,23,193
S01009075,219,12,208
S01009076,480,28,236
S01009077,262,10,210
S01009078,449,21,127
S01009079,360,17,336
S01009080,435,18,351
S01009081,278,16,180
S01009082,645,20,273
S01009083,360,15,232
S01009084,480,37,161
S01009085,501,27,105
S01009086,315,12,209
S01009087,255,11,198
S01009088,495,16,381
S01009089,460,33,170
S01009090,1275,72,368
S01009091,449,27,145
S01009092,608,37,346
S01009093,370,15,199
S01009094,282,18,275
S01009095,474,24,313
S01009096,489,24,271
S01009097,447,26,223
S01009098,227,7,159
S01009099,326,14,264
S01009100,375,20,304
S01009101,412,19,301
S01009102,393,36,209
S01009103,213,8,227
S01009104,312,14,271
S01009105,392,19,194
S01009106,277,15,161
S01009107,388,28,235
S01009108,319,9,241
S01009109,272,15,244
S01009110,261,8,224
S01009111,438,11,219
S01009112,249,12,205
S01009113,381,21,350
S01009114,432,24,204
S01009115,286,15,146
S01009116,189,6,168
S01009117,384,17,196
S01009118,336,15,116
S01009119,334,29,223
S01009120,294,10,134
S01009121,351,17,246
S01009122,1687,60,415
S01009123,288,18,137
S01009124,260,16,139
S01009125,243,11,296
S01009126,235,14,214
S01009127,280,15,211
S01009128,282,18,332
S01009129,212,16,163
S01009130,297,12,113
S01009131,251,7,193
S01009132,413,31,186
S01009133,331,16,214
S01009134,421,14,249
S01009135,368,28,101
S01009136,353,19,226
S01009137,487,33,121
S01009138,436,27,236
S01009139,252,7,93
S01009140,332,21,186
S01009141,425,12,276
S01009142,413,22,224
S01009143,222,10,216
S01009144,623,22,105
S01009145,473,16,355
S01009146,417,28,275
S01009147,291,14,218
S01009148,308,20,195
S01009149,397,22,229
S01009150,99,5,627
S01009151,376,22,361
S01009152,276,19,313
S01009153,253,10,138
S01009154,491,20,368
S01009155,236,13,169
S01009156,292,16,204
S01009157,416,24,297
S01009158,258,13,144
S01009159,171,7,150
S01009160,277,9,255
S01009161,298,15,217
S01009162,321,20,287
S01009163,227,18,168
S01009164,389,13,242
S01009165,340,16,217
S01009166,286,22,222
S01009167,240,7,148
S01009168,276,14,254
S01009169,287,10,377
S01009170,313,15,198
S01009171,341,25,155
S01009172,323,20,208
S01009173,372,21,218
S01009174,275,20,69
S01009175,455,23,185
S01009176,471,38,354
S01009177,347,20,261
S01009178,340,21,238
S01009179,291,18,165
S01009180,510,34,294
S01009181,371,23,238
S01009182,507,27,261
S01009183,355,22,162
S01009184,396,16,279
S01009185,388,10,297
S01009186,391,21,229
S01009187,289,11,198
S01009188,461,13,250
S01009189,360,26,220
S01009190,805,45,229
S01009191,424,30,98
S01009192,321,19,348
S01009193,1194,47,217
S01009194,339,18,285
S01009195,432,26,199
S01009196,284,17,223
S01009197,575,28,288
S01009198,306,11,246
S01009199,277,23,191
S01009200,945,42,375
S01009201,301,12,160
S01009202,264,11,125
S01009203,265,15,295
S01009204,428,27,211
S01009205,428,17,240
S01009206,368,16,219
S01009207,292,7,328
S01009208,285,15,250
S01009209,293,12,302
S01009210,216,15,161
S01009211,252,11,175
S01009212,340,17,268
S01009213,370,12,189
S01009214,478,32,329
S01009215,390,18,306
S01009216,424,22,338
S01009217,294,13,239
S01009218,358,17,286
S01009219,306,13,179
S01009220,217,10,203
S01009221,273,8,152
S01009222,230,9,143
S01009223,305,12,169
S01009224,338,14,180
S01009225,243,12,187
S01009226,384,11,329
S01009227,230,4,236
S01009228,252,12,181
S01009229,232,18,188
S01009230,212,8,130
S01009231,499,16,318
S01009232,255,14,174
S01009233,255,14,176
S01009234,469,22,261
S01009235,464,28,256
S01009236,221,14,186
S01009237,394,20,299
S01009238,296,17,263
S01009239,394,11,266
S01009240,275,12,177
S01009241,397,15,282
S01009242,327,18,250
S01009243,458,16,258
S01009244,377,14,303
S01009245,349,13,301
S01009246,360,17,293
S01009247,517,26,264
S01009248,304,10,240
S01009249,350,29,274
S01009250,272,9,206
S01009251,213,6,204
S01009252,235,14,108
S01009253,215,9,179
S01009254,351,9,250
S01009255,385,16,151
S01009256,216,8,151
S01009257,348,16,210
S01009258,565,17,297
S01009259,432,15,287
S01009260,526,19,279
S01009261,298,11,245
S01009262,258,16,159
S01009263,594,30,225
S01009264,222,4,206
S01009265,470,17,347
S01009266,365,10,304
S01009267,368,14,310
S01009268,583,26,340
S01009269,365,18,290
S01009270,297,14,198
S01009271,408,16,278
S01009272,340,15,187
S01009273,198,8,202
S01009274,268,11,188
S01009275,468,10,330
S01009276,403,7,313
S01009277,668,12,308
S01009278,309,17,158
S01009279,419,10,215
S01009280,396,10,300
S01009281,329,11,300
S01009282,367,19,242
S01009283,304,9,192
S01009284,393,13,223
S01009285,390,17,279
S01009286,306,18,300
S01009287,289,16,323
S01009288,450,20,332
S01009289,361,17,331
S01009290,255,21,264
S01009291,382,10,359
S01009292,254,5,170
S01009293,320,16,224
S01009294,371,21,188
S01009295,269,4,238
S01009296,222,9,135
S01009297,388,22,241
S01009298,385,12,348
S01009299,611,30,308
S01009300,282,19,188
S01009301,551,28,369
S01009302,365,10,276
S01009303,382,17,324
S01009304,489,26,325
S01009305,380,20,302
S01009306,660,25,281
S01009307,650,37,314
S01009308,299,16,153
S01009309,444,16,197
S01009310,383,13,361
S01009311,330,13,242
S01009312,429,13,178
S01009313,246,13,202
S01009314,277,10,197
S01009315,280,14,208
S01009316,369,19,229
S01009317,385,6,270
S01009318,268,16,188
S01009319,397,20,368
S01009320,312,12,316
S01009321,234,10,315
S01009322,298,13,284
S01009323,291,10,280
S01009324,262,10,164
S01009325,344,15,240
S01009326,263,17,123
S01009327,302,10,266
S01009328,503,22,128
S01009329,1019,46,180
S01009330,258,21,117
S01009331,1267,67,292
S01009332,541,22,293
S01009333,509,22,268
S01009334,276,13,218
S01009335,418,19,281
S01009336,269,16,215
S01009337,334,16,222
S01009338,486,22,368
S01009339,401,28,275
S01009340,327,8,191
S01009341,305,11,170
S01009342,331,21,225
S01009343,293,18,136
S01009344,318,8,198
S01009345,469,27,230
S01009346,376,29,93
S01009347,344,23,152
S01009348,275,20,75
S01009349,425,17,135
S01009350,323,22,127
S01009351,304,22,71
S01009352,444,21,115
S01009353,739,30,160
S01009354,1202,51,297
S01009355,355,19,305
S01009356,398,18,359
S01009357,277,14,94
S01009358,285,20,250
S01009359,405,13,151
S01009360,401,13,268
S01009361,361,12,264
S01009362,471,17,322
S01009363,355,13,280
S01009364,449,21,223
S01009365,278,12,175
S01009366,329,10,208
S01009367,356,19,180
S01009368,266,5,157
S01009369,324,5,177
S01009370,316,9,337
S01009371,294,11,125
S01009372,244,10,156
S01009373,540,22,283
S01009374,369,14,388
S01009375,362,12,212
S01009376,215,10,220
S01009377,592,19,204
S01009378,489,22,245
S01009379,530,26,153
S01009380,267,8,181
S01009381,349,8,141
S01009382,386,11,258
S01009383,416,18,240
S01009384,244,10,201
S01009385,242,13,153
S01009386,271,6,195
S01009387,441,19,194
S01009388,342,18,235
S01009389,453,27,349
S01009390,348,16,147
S01009391,395,19,139
S01009392,306,19,100
S01009393,306,9,207
S01009394,447,20,357
S01009395,229,5,337
S01009396,270,11,312
S01009397,329,23,271
S01009398,325,9,206
S01009399,294,8,245
S01009400,228,9,171
S01009401,242,13,270
S01009402,391,16,356
S01009403,227,12,163
S01009404,292,14,217
S01009405,222,14,153
S01009406,528,20,324
S01009407,234,6,176
S01009408,483,23,270
S01009409,523,18,250
S01009410,360,16,265
S01009411,353,13,246
S01009412,421,22,266
S01009413,504,17,362
S01009414,300,8,239
S01009415,321,16,200
S01009416,246,4,153
S01009417,686,31,202
S01009418,464,14,410
S01009419,306,12,163
S01009420,275,14,224
S01009421,321,18,238
S01009422,375,16,279
S01009423,726,36,246
S01009424,268,9,251
S01009425,302,12,306
S01009426,294,19,301
S01009427,277,6,206
S01009428,273,15,305
S01009429,255,9,272
S01009430,309,13,246
S01009431,259,7,237
S01009432,312,13,291
S01009433,342,11,253
S01009434,243,8,190
S01009435,299,19,249
S01009436,294,9,220
S01009437,303,15,237
S01009438,374,9,316
S01009439,329,10,299
S01009440,274,10,255
S01009441,328,4,258
S01009442,293,14,141
S01009443,895,45,495
S01009444,348,12,220
S01009445,373,6,266
S01009446,405,21,321
S01009447,237,6,207
S01009448,629,16,323
S01009449,201,7,144
S01009450,258,7,186
S01009451,416,25,334
S01009452,252,11,244
S01009453,406,17,288
S01009454,431,12,280
S01009455,518,25,371
S01009456,519,17,305
S01009457,296,8,223
S01009458,302,10,240
S01009459,333,16,330
S01009460,356,29,283
S01009461,435,13,167
S01009462,322,13,240
S01009463,274,9,258
S01009464,403,18,287
S01009465,298,11,164
S01009466,204,9,217
S01009467,304,6,273
S01009468,327,7,311
S01009469,343,9,335
S01009470,176,5,186
S01009471,216,12,300
S01009472,353,24,322
S01009473,392,26,296
S01009474,391,42,272
S01009475,247,6,186
S01009476,454,21,162
S01009477,367,20,323
S01009478,441,34,285
S01009479,465,17,359
S01009480,356,20,311
S01009481,421,17,319
S01009482,300,23,200
S01009483,426,14,216
S01009484,357,17,412
S01009485,347,14,275
S01009486,241,14,281
S01009487,392,21,273
S01009488,318,16,207
S01009489,338,11,326
S01009490,345,15,259
S01009491,329,20,369
S01009492,270,12,173
S01009493,328,9,399
S01009494,473,13,277
S01009495,421,16,262
S01009496,368,14,236
S01009497,460,21,324
S01009498,254,10,293
S01009499,354,10,265
S01009500,291,11,233
S01009501,378,20,320
S01009502,383,13,237
S01009503,351,21,188
S01009504,286,11,192
S01009505,352,33,218
S01009506,333,10,213
S01009507,413,14,256
S01009508,378,7,245
S01009509,439,25,273
S01009510,302,16,262
S01009511,230,5,229
S01009512,334,21,261
S01009513,238,8,226
S01009514,306,19,217
S01009515,278,13,277
S01009516,313,10,338
S01009517,562,40,146
S01009518,551,27,96
S01009519,486,20,207
S01009520,391,14,261
S01009521,327,18,375
S01009522,454,20,266
S01009523,236,13,197
S01009524,316,17,234
S01009525,250,6,199
S01009526,323,16,196
S01009527,318,24,229
S01009528,191,10,274
S01009529,260,17,242
S01009530,265,6,213
S01009531,545,22,431
S01009532,313,17,366
S01009533,477,20,317
S01009534,344,20,340
S01009535,315,30,272
S01009536,244,15,199
S01009537,216,15,204
S01009538,394,31,375
S01009539,418,39,323
S01009540,401,15,263
S01009541,685,18,411
S01009542,323,10,252
S01009543,247,12,241
S01009544,390,13,378
S01009545,311,10,230
S01009546,598,33,253
S01009547,382,17,275
S01009548,235,14,198
S01009549,352,15,227
S01009550,258,13,153
S01009551,224,11,165
S01009552,411,11,332
S01009553,338,14,309
S01009554,251,10,221
S01009555,375,17,255
S01009556,296,8,252
S01009557,238,10,214
S01009558,282,17,226
S01009559,343,21,237
S01009560,338,25,292
S01009561,271,17,202
S01009562,313,15,316
S01009563,323,18,256
S01009564,304,12,250
S01009565,246,20,174
S01009566,512,19,262
S01009567,387,19,299
S01009568,365,14,204
S01009569,357,11,248
S01009570,264,8,148
S01009571,281,10,228
S01009572,374,19,306
S01009573,303,29,237
S01009574,424,17,318
S01009575,202,10,168
S01009576,183,10,261
S01009577,242,1,244
S01009578,311,17,220
S01009579,444,12,283
S01009580,534,41,215
S01009581,215,21,192
S01009582,249,15,137
S01009583,397,13,231
S01009584,234,17,160
S01009585,416,19,285
S01009586,224,17,289
S01009587,337,17,296
S01009588,444,25,379
S01009589,426,30,242
S01009590,325,14,217
S01009591,294,19,221
S01009592,204,11,290
S01009593,344,8,200
S01009594,319,17,199
S01009595,212,15,111
S01009596,350,8,216
S01009597,326,16,305
S01009598,250,13,251
S01009599,356,16,285
S01009600,225,17,244
S01009601,306,12,218
S01009602,363,13,202
S01009603,165,7,167
S01009604,371,9,273
S01009605,205,7,257
S01009606,431,19,326
S01009607,382,11,267
S01009608,324,14,179
S01009609,361,26,235
S01009610,441,20,358
S01009611,281,12,217
S01009612,274,9,209
S01009613,217,9,160
S01009614,249,6,185
S01009615,177,9,133
S01009616,308,8,249
S01009617,350,14,229
S01009618,311,12,257
S01009619,241,24,288
S01009620,306,19,343
S01009621,293,10,316
S01009622,322,16,289
S01009623,221,5,164
S01009624,328,18,333
S01009625,385,25,290
S01009626,207,11,229
S01009627,383,20,269
S01009628,141,7,293
S01009629,461,21,313
S01009630,366,9,231
S01009631,264,16,284
S01009632,201,5,225
S01009633,293,16,276
S01009634,220,9,213
S01009635,366,28,373
S01009636,285,24,291
S01009637,249,15,263
S01009638,393,30,369
S01009639,331,14,337
S01009640,270,16,271
S01009641,352,31,447
S01009642,451,23,353
S01009643,649,24,208
S01009644,380,19,289
S01009645,285,6,214
S01009646,258,15,221
S01009647,238,31,296
S01009648,407,19,269
S01009649,479,25,333
S01009650,302,6,379
S01009651,631,21,443
S01009652,327,9,405
S01009653,221,7,191
S01009654,255,16,235
S01009655,380,11,273
S01009656,267,5,351
S01009657,337,13,335
S01009658,296,14,269
S01009659,217,4,233
S01009660,496,15,348
S01009661,416,16,326
S01009662,321,8,227
S01009663,284,9,223
S01009664,437,11,301
S01009665,356,11,221
S01009666,277,14,290
S01009667,265,15,192
S01009668,296,7,144
S01009669,231,12,189
S01009670,314,14,294
S01009671,291,8,199
S01009672,379,24,268
S01009673,366,11,252
S01009674,409,16,292
S01009675,402,8,300
S01009676,422,20,265
S01009677,256,8,197
S01009678,272,12,203
S01009679,482,10,333
S01009680,374,13,220
S01009681,341,9,199
S01009682,285,14,214
S01009683,307,25,389
S01009684,559,35,349
S01009685,283,5,216
S01009686,467,36,296
S01009687,344,16,199
S01009688,373,25,208
S01009689,371,16,199
S01009690,316,29,202
S01009691,242,9,224
S01009692,431,17,459
S01009693,285,13,199
S01009694,351,14,459
S01009695,248,7,187
S01009696,421,15,329
S01009697,356,19,279
S01009698,297,14,226
S01009699,139,6,218
S01009700,320,10,228
S01009701,182,10,271
S01009702,280,6,221
S01009703,262,15,231
S01009704,372,13,367
S01009705,345,21,263
S01009706,275,16,219
S01009707,239,5,149
S01009708,497,25,378
S01009709,341,17,385
S01009710,234,7,107
S01009711,316,26,291
S01009712,286,16,237
S01009713,368,10,349
S01009714,405,14,379
S01009715,334,14,260
S01009716,220,51,329
S01009717,199,108,366
S01009718,261,69,294
S01009719,251,62,261
S01009720,254,62,335
S01009721,23,115,318
S01009722,189,250,1103
S01009723,83,127,439
S01009724,245,136,428
S01009725,67,112,254
S01009726,54,244,772
S01009727,290,42,219
S01009728,293,27,309
S01009729,196,14,294
S01009730,160,28,244
S01009731,179,23,290
S01009732,168,116,436
S01009733,200,5,146
S01009734,397,20,308
S01009735,235,26,353
S01009736,111,764,2772
S01009737,388,34,266
S01009738,246,30,169
S01009739,467,31,169
S01009740,235,16,177
S01009741,474,11,96
S01009742,229,6,183
S01009743,407,29,356
S01009744,288,12,288
S01009745,620,32,428
S01009746,284,9,186
S01009747,331,24,245
S01009748,404,21,276
S01009749,447,24,343
S01009750,349,11,215
S01009751,353,16,256
S01009752,261,23,211
S01009753,236,13,279
S01009754,423,12,322
S01009755,286,17,190
S01009756,305,22,227
S01009757,370,10,244
S01009758,320,11,144
S01009759,394,46,298
S01009760,441,34,313
S01009761,395,24,248
S01009762,420,44,295
S01009763,363,32,232
S01009764,311,22,193
S01009765,436,48,344
S01009766,238,7,118
S01009767,1221,65,650
S01009768,383,28,171
S01009769,570,23,198
S01009770,329,31,218
S01009771,396,38,223
S01009772,304,15,148
S01009773,339,39,124
S01009774,296,30,133
S01009775,1000,34,448
S01009776,271,17,210
S01009777,179,13,141
S01009778,278,26,388
S01009779,183,15,227
S01009780,251,21,204
S01009781,233,14,217
S01009782,367,26,204
S01009783,288,15,208
S01009784,418,26,339
S01009785,329,34,303
S01009786,369,54,394
S01009787,336,27,354
S01009788,426,25,327
S01009789,371,15,316
S01009790,281,17,205
S01009791,301,25,289
S01009792,530,48,224
S01009793,868,64,408
S01009794,311,20,129
S01009795,432,23,213
S01009796,326,17,283
S01009797,444,25,206
S01009798,367,25,168
S01009799,332,30,315
S01009800,446,32,321
S01009801,379,32,309
S01009802,443,26,334
S01009803,285,11,286
S01009804,243,7,149
S01009805,377,26,453
S01009806,308,24,406
S01009807,361,18,244
S01009808,243,18,218
S01009809,298,14,211
S01009810,263,14,242
S01009811,416,19,400
S01009812,339,16,240
S01009813,267,60,356
S01009814,347,25,278
S01009815,293,21,234
S01009816,304,20,181
S01009817,294,13,277
S01009818,340,13,458
S01009819,238,16,207
S01009820,454,24,312
S01009821,328,20,228
S01009822,244,26,108
S01009823,268,17,291
S01009824,429,37,238
S01009825,417,32,316
S01009826,258,23,175
S01009827,383,37,319
S01009828,211,18,291
S01009829,461,32,310
S01009830,325,14,228
S01009831,286,30,180
S01009832,431,29,343
S01009833,261,14,129
S01009834,388,35,285
S01009835,244,24,158
S01009836,441,23,332
S01009837,278,12,274
S01009838,427,38,299
S01009839,398,50,243
S01009840,396,26,358
S01009841,326,27,289
S01009842,260,32,205
S01009843,388,37,328
S01009844,348,37,323
S01009845,301,42,300
S01009846,494,42,412
S01009847,335,22,224
S01009848,388,25,375
S01009849,374,28,287
S01009850,394,20,345
S01009851,425,21,353
S01009852,283,13,186
S01009853,358,25,263
S01009854,426,28,280
S01009855,287,19,175
S01009856,298,16,233
S01009857,410,19,280
S01009858,356,19,261
S01009859,476,63,498
S01009860,422,36,430
S01009861,445,37,413
S01009862,529,78,404
S01009863,427,70,286
S01009864,461,35,243
S01009865,507,59,177
S01009866,458,56,299
S01009867,666,73,359
S01009868,347,46,183
S01009869,381,64,200
S01009870,300,49,190
S01009871,461,41,452
S01009872,441,72,216
S01009873,355,27,309
S01009874,431,17,383
S01009875,339,50,246
S01009876,101,11,97
S01009877,447,23,307
S01009878,353,24,286
S01009879,442,27,294
S01009880,348,26,289
S01009881,368,39,273
S01009882,795,62,184
S01009883,364,30,165
S01009884,482,34,192
S01009885,349,34,186
S01009886,318,25,308
S01009887,439,41,344
S01009888,315,28,169
S01009889,405,57,275
S01009890,161,19,175
S01009891,343,35,197
S01009892,375,27,274
S01009893,427,34,252
S01009894,331,45,330
S01009895,394,55,324
S01009896,414,46,405
S01009897,500,47,358
S01009898,235,28,268
S01009899,507,28,161
S01009900,533,21,101
S01009901,636,35,134
S01009902,442,25,357
S01009903,492,29,260
S01009904,530,26,195
S01009905,440,40,183
S01009906,283,19,114
S01009907,537,67,219
S01009908,642,31,232
S01009909,663,30,161
S01009910,285,21,82
S01009911,455,23,254
S01009912,416,40,355
S01009913,367,24,280
S01009914,469,34,385
S01009915,466,21,251
S01009916,420,21,336
S01009917,377,20,181
S01009918,324,17,247
S01009919,648,65,310
S01009920,630,36,156
S01009921,549,36,114
S01009922,718,29,179
S01009923,550,36,201
S01009924,634,46,194
S01009925,537,31,111
S01009926,417,23,153
S01009927,324,17,139
S01009928,571,19,284
S01009929,311,13,168
S01009930,514,33,169
S01009931,513,26,97
S01009932,473,23,137
S01009933,425,43,243
S01009934,485,30,250
S01009935,487,40,389
S01009936,274,17,203
S01009937,168,5,151
S01009938,385,33,334
S01009939,208,27,196
S01009940,314,28,323
S01009941,456,60,303
S01009942,394,40,345
S01009943,353,28,315
S01009944,280,19,223
S01009945,471,37,327
S01009946,365,38,267
S01009947,250,14,243
S01009948,337,32,322
S01009949,356,29,278
S01009950,306,18,231
S01009951,297,27,236
S01009952,307,15,230
S01009953,368,21,312
S01009954,341,38,231
S01009955,539,42,412
S01009956,320,24,224
S01009957,369,16,226
S01009958,487,28,211
S01009959,287,12,235
S01009960,326,17,306
S01009961,318,17,209
S01009962,563,25,286
S01009963,362,23,262
S01009964,540,26,277
S01009965,415,16,251
S01009966,321,24,216
S01009967,366,23,306
S01009968,272,13,183
S01009969,363,18,275
S01009970,309,34,361
S01009971,456,31,381
S01009972,400,22,282
S01009973,325,21,203
S01009974,219,18,217
S01009975,330,27,411
S01009976,154,15,172
S01009977,240,21,345
S01009978,463,31,348
S01009979,308,17,231
S01009980,326,22,372
S01009981,284,17,238
S01009982,461,30,301
S01009983,229,34,205
S01009984,333,28,181
S01009985,187,20,209
S01009986,192,19,165
S01009987,298,19,401
S01009988,194,18,227
S01009989,373,18,275
S01009990,315,31,206
S01009991,336,20,191
S01009992,309,27,270
S01009993,368,23,190
S01009994,389,28,184
S01009995,286,19,132
S01009996,266,20,177
S01009997,301,23,172
S01009998,268,24,220
S01009999,308,23,220
S01010000,260,25,146
S01010001,332,24,216
S01010002,353,21,224
S01010003,290,13,218
S01010004,302,13,202
S01010005,719,52,243
S01010006,720,47,311
S01010007,465,30,245
S01010008,403,20,269
S01010009,404,21,126
S01010010,540,46,295
S01010011,430,15,244
S01010012,382,28,302
S01010013,500,45,233
S01010014,600,42,237
S01010015,487,21,128
S01010016,381,29,282
S01010017,230,23,247
S01010018,595,42,416
S01010019,304,22,327
S01010020,329,16,248
S01010021,353,24,273
S01010022,1457,65,465
S01010023,179,8,279
S01010024,351,29,333
S01010025,221,32,202
S01010026,444,35,278
S01010027,481,42,255
S01010028,275,18,218
S01010029,222,21,254
S01010030,477,28,177
S01010031,505,62,138
S01010032,367,118,247
S01010033,806,65,419
S01010034,697,60,596
S01010035,167,28,67
S01010036,418,141,184
S01010037,258,22,325
S01010038,463,57,347
S01010039,563,114,213
S01010040,446,42,222
S01010041,418,113,267
S01010042,573,53,262
S01010043,376,42,242
S01010044,501,45,379
S01010045,209,28,261
S01010046,562,41,434
S01010047,277,26,370
S01010048,971,84,607
S01010049,327,29,295
S01010050,555,65,658
S01010051,391,33,340
S01010052,587,32,287
S01010053,392,42,257
S01010054,242,22,329
S01010055,424,53,421
S01010056,251,19,192
S01010057,229,23,177
S01010058,377,17,219
S01010059,324,15,158
S01010060,384,26,286
S01010061,263,23,129
S01010062,392,31,279
S01010063,428,30,396
S01010064,236,12,141
S01010065,326,21,269
S01010066,317,17,265
S01010067,243,16,217
S01010068,852,69,343
S01010069,413,14,236
S01010070,309,10,164
S01010071,366,24,252
S01010072,361,17,269
S01010073,365,13,257
S01010074,299,15,323
S01010075,275,14,209
S01010076,276,11,216
S01010077,260,15,213
S01010078,287,18,190
S01010079,381,28,314
S01010080,268,10,267
S01010081,288,18,242
S01010082,404,22,266
S01010083,256,20,227
S01010084,346,18,315
S01010085,333,13,236
S01010086,375,16,284
S01010087,231,9,234
S01010088,2304,111,348
S01010089,269,15,198
S01010090,431,23,308
S01010091,531,30,199
S01010092,328,15,332
S01010093,364,26,241
S01010094,297,16,232
S01010095,281,14,205
S01010096,342,17,209
S01010097,334,17,225
S01010098,311,22,254
S01010099,340,19,212
S01010100,349,21,283
S01010101,313,19,286
S01010102,385,25,155
S01010103,645,27,218
S01010104,549,38,171
S01010105,157,9,146
S01010106,96,6,78
S01010107,255,12,249
S01010108,303,10,250
S01010109,523,33,263
S01010110,278,23,365
S01010111,276,23,295
S01010112,388,25,369
S01010113,280,25,219
S01010114,279,20,288
S01010115,256,10,94
S01010116,805,37,233
S01010117,883,52,316
S01010118,254,21,285
S01010119,216,13,154
S01010120,451,27,412
S01010121,198,12,162
S01010122,150,9,223
S01010123,336,20,227
S01010124,345,11,145
S01010125,192,21,122
S01010126,361,19,225
S01010127,243,22,244
S01010128,192,26,176
S01010129,289,33,265
S01010130,481,22,192
S01010131,383,24,331
S01010132,355,22,333
S01010133,263,15,276
S01010134,431,18,400
S01010135,287,32,307
S01010136,355,25,297
S01010137,414,7,362
S01010138,266,16,424
S01010139,381,11,394
S01010140,436,36,187
S01010141,351,21,347
S01010142,317,29,250
S01010143,343,20,268
S01010144,309,23,223
S01010145,324,23,264
S01010146,305,19,218
S01010147,358,34,345
S01010148,610,28,322
S01010149,582,32,337
S01010150,278,28,364
S01010151,273,13,339
S01010152,331,20,282
S01010153,400,25,374
S01010154,313,21,389
S01010155,282,20,382
S01010156,177,21,208
S01010157,211,23,259
S01010158,323,27,315
S01010159,242,26,340
S01010160,218,28,150
S01010161,325,22,177
S01010162,278,43,285
S01010163,301,36,297
S01010164,358,37,299
S01010165,266,21,279
S01010166,533,24,286
S01010167,271,13,375
S01010168,210,21,144
S01010169,298,26,268
S01010170,187,9,172
S01010171,418,29,328
S01010172,338,27,318
S01010173,304,24,287
S01010174,298,21,950
S01010175,233,13,171
S01010176,317,24,288
S01010177,270,27,246
S01010178,360,34,298
S01010179,286,24,307
S01010180,389,28,192
S01010181,203,13,210
S01010182,294,17,202
S01010183,181,12,180
S01010184,240,22,219
S01010185,340,29,221
S01010186,304,14,197
S01010187,305,6,152
S01010188,1097,48,360
S01010189,512,42,201
S01010190,503,34,148
S01010191,383,17,154
S01010192,463,37,184
S01010193,416,18,250
S01010194,265,17,243
S01010195,283,18,164
S01010196,219,11,288
S01010197,290,7,230
S01010198,393,32,420
S01010199,251,18,216
S01010200,268,22,265
S01010201,314,19,163
S01010202,263,29,271
S01010203,370,20,170
S01010204,249,24,300
S01010205,234,25,180
S01010206,0,0,0
S01010207,66,10,122
S01010208,453,64,305
S01010209,428,34,427
S01010210,403,19,297
S01010211,255,16,314
S01010212,459,44,507
S01010213,371,13,347
S01010214,469,25,273
S01010215,284,38,439
S01010216,218,32,221
S01010217,232,32,164
S01010218,426,63,324
S01010219,52,10,47
S01010220,304,48,101
S01010221,276,32,330
S01010222,344,36,217
S01010223,216,23,212
S01010224,425,37,387
S01010225,357,48,268
S01010226,0,0,0
S01010227,0,0,0
S01010228,445,42,407
S01010229,598,45,407
S01010230,410,75,415
S01010231,453,42,276
S01010232,332,51,235
S01010233,291,31,272
S01010234,601,62,250
S01010235,474,87,183
S01010236,439,41,187
S01010237,426,37,156
S01010238,460,46,179
S01010239,344,34,266
S01010240,422,36,169
S01010241,562,34,288
S01010242,340,39,172
S01010243,503,59,263
S01010244,287,33,188
S01010245,256,30,332
S01010246,320,41,314
S01010247,340,17,299
S01010248,554,64,164
S01010249,424,68,130
S01010250,480,75,139
S01010251,402,62,86
S01010252,350,45,122
S01010253,284,38,213
S01010254,406,45,358
S01010255,379,67,330
S01010256,373,47,337
S01010257,458,560,1192
S01010258,343,412,648
S01010259,292,498,1170
S01010260,600,433,1114
S01010261,347,1171,1933
S01010262,245,91,425
S01010263,383,99,177
S01010264,481,130,297
S01010265,431,159,326
S01010266,310,97,210
S01010267,261,164,264
S01010268,358,136,314
S01010269,219,61,168
S01010270,461,431,1123
S01010271,332,336,695
S01010272,564,75,347
S01010273,457,116,250
S01010274,359,216,500
S01010275,337,127,297
S01010276,650,56,212
S01010277,327,34,304
S01010278,332,38,199
S01010279,279,74,227
S01010280,478,140,252
S01010281,454,97,223
S01010282,422,107,430
S01010283,604,86,225
S01010284,674,494,1296
S01010285,393,116,265
S01010286,472,580,1390
S01010287,298,138,257
S01010288,481,211,495
S01010289,535,74,207
S01010290,379,86,216
S01010291,435,229,456
S01010292,403,140,248
S01010293,300,233,437
S01010294,270,148,208
S01010295,458,197,301
S01010296,284,78,242
S01010297,506,143,612
S01010298,328,88,344
S01010299,254,47,228
S01010300,411,72,382
S01010301,208,40,106
S01010302,276,38,235
S01010303,235,34,217
S01010304,279,37,312
S01010305,405,51,348
S01010306,356,74,151
S01010307,492,46,183
S01010308,514,94,402
S01010309,109,5,111
S01010310,272,43,214
S01010311,241,45,323
S01010312,320,28,386
S01010313,229,47,238
S01010314,538,190,675
S01010315,449,66,216
S01010316,274,26,192
S01010317,564,86,279
S01010318,449,423,1182
S01010319,378,53,205
S01010320,422,81,241
S01010321,381,68,309
S01010322,523,62,253
S01010323,202,10,325
S01010324,254,11,374
S01010325,369,18,416
S01010326,532,29,385
S01010327,408,23,333
S01010328,416,13,419
S01010329,239,29,247
S01010330,208,16,248
S01010331,373,25,377
S01010332,338,20,309
S01010333,438,37,383
S01010334,523,38,294
S01010335,346,27,366
S01010336,221,24,217
S01010337,316,15,296
S01010338,188,11,206
S01010339,231,19,209
S01010340,308,39,252
S01010341,307,27,188
S01010342,300,18,174
S01010343,466,31,197
S01010344,244,23,303
S01010345,462,31,157
S01010346,463,32,304
S01010347,363,77,535
S01010348,360,22,292
S01010349,346,34,309
S01010350,418,38,346
S01010351,452,38,205
S01010352,199,26,223
S01010353,347,40,420
S01010354,302,23,261
S01010355,350,42,295
S01010356,454,36,203
S01010357,205,36,176
S01010358,362,39,355
S01010359,302,26,390
S01010360,324,37,221
S01010361,261,28,271
S01010362,302,42,296
S01010363,452,14,202
S01010364,452,36,302
S01010365,456,19,306
S01010366,536,37,317
S01010367,531,262,838
S01010368,399,38,339
S01010369,411,40,139
S01010370,413,50,191
S01010371,594,67,351
S01010372,324,48,145
S01010373,451,50,216
S01010374,445,85,312
S01010375,241,115,232
S01010376,300,126,246
S01010377,311,164,356
S01010378,284,167,274
S01010379,409,189,453
S01010380,512,91,302
S01010381,255,65,217
S01010382,434,74,221
S01010383,263,73,249
S01010384,473,345,919
S01010385,438,76,277
S01010386,407,278,736
S01010387,555,433,1143
S01010388,461,69,336
S01010389,643,81,326
S01010390,730,89,251
S01010391,470,54,211
S01010392,448,44,198
S01010393,603,66,254
S01010394,413,43,354
S01010395,605,60,272
S01010396,547,60,331
S01010397,344,45,224
S01010398,592,70,299
S01010399,716,68,228
S01010400,573,38,320
S01010401,353,71,298
S01010402,570,41,269
S01010403,520,42,411
S01010404,473,26,338
S01010405,521,65,294
S01010406,449,83,324
S01010407,398,146,316
S01010408,278,16,174
S01010409,248,19,148
S01010410,385,16,201
S01010411,503,27,290
S01010412,425,26,305
S01010413,318,16,372
S01010414,461,37,320
S01010415,524,32,408
S01010416,320,9,202
S01010417,320,21,160
S01010418,631,35,252
S01010419,543,19,270
S01010420,279,22,277
S01010421,380,23,256
S01010422,501,27,327
S01010423,392,27,269
S01010424,384,27,278
S01010425,427,36,377
S01010426,291,12,236
S01010427,340,33,363
S01010428,300,25,253
S01010429,515,24,267
S01010430,404,39,310
S01010431,308,7,197
S01010432,337,37,315
S01010433,150,29,212
S01010434,260,22,248
S01010435,287,20,211
S01010436,345,25,301
S01010437,258,11,186
S01010438,393,35,223
S01010439,446,33,248
S01010440,294,14,285
S01010441,605,36,166
S01010442,336,38,232
S01010443,247,16,203
S01010444,266,12,211
S01010445,330,21,396
S01010446,406,19,240
S01010447,372,19,413
S01010448,381,23,223
S01010449,337,11,271
S01010450,337,18,289
S01010451,330,37,394
S01010452,342,16,293
S01010453,258,17,240
S01010454,355,18,358
S01010455,249,26,365
S01010456,266,11,181
S01010457,225,6,135
S01010458,287,18,290
S01010459,207,13,192
S01010460,354,17,218
S01010461,308,12,258
S01010462,236,42,377
S01010463,394,21,247
S01010464,261,10,162
S01010465,523,28,202
S01010466,438,38,228
S01010467,352,23,364
S01010468,478,27,279
S01010469,327,27,224
S01010470,359,15,292
S01010471,330,26,221
S01010472,415,31,202
S01010473,379,42,284
S01010474,370,35,207
S01010475,433,27,198
S01010476,582,42,523
S01010477,357,38,271
S01010478,327,24,345
S01010479,456,24,397
S01010480,299,12,215
S01010481,251,26,193
S01010482,348,25,284
S01010483,545,32,362
S01010484,255,21,173
S01010485,464,24,308
S01010486,431,22,320
S01010487,535,35,307
S01010488,247,37,254
S01010489,458,23,397
S01010490,234,18,218
S01010491,305,37,250
S01010492,238,11,202
S01010493,291,20,228
S01010494,240,15,155
S01010495,312,24,317
S01010496,360,26,349
S01010497,222,18,192
S01010498,362,26,353
S01010499,252,15,390
S01010500,401,32,320
S01010501,528,24,329
S01010502,388,19,198
S01010503,251,26,237
S01010504,311,3,200
S01010505,288,7,160
S01010506,505,4,294
S01010507,412,10,182
S01010508,553,23,367
S01010509,546,21,281
S01010510,463,15,354
S01010511,426,15,226
S01010512,312,15,174
S01010513,391,18,224
S01010514,356,20,147
S01010515,361,18,226
S01010516,360,18,180
S01010517,418,31,195
S01010518,337,23,132
S01010519,383,18,160
S01010520,462,15,256
S01010521,428,16,193
S01010522,257,116,314
S01010523,328,21,169
S01010524,270,11,183
S01010525,326,11,219
S01010526,442,19,275
S01010527,452,13,301
S01010528,367,9,226
S01010529,370,13,245
S01010530,311,9,215
S01010531,536,9,405
S01010532,230,7,131
S01010533,260,4,211
S01010534,418,19,238
S01010535,334,13,209
S01010536,375,14,215
S01010537,366,13,176
S01010538,556,23,195
S01010539,546,15,256
S01010540,246,5,209
S01010541,468,21,299
S01010542,399,11,313
S01010543,265,9,161
S01010544,448,7,233
S01010545,386,13,282
S01010546,311,7,286
S01010547,409,16,235
S01010548,292,10,307
S01010549,903,30,490
S01010550,256,9,175
S01010551,372,12,255
S01010552,372,10,228
S01010553,332,7,184
S01010554,312,11,224
S01010555,406,8,248
S01010556,365,18,380
S01010557,264,6,208
S01010558,393,8,301
S01010559,267,9,406
S01010560,288,12,220
S01010561,255,8,324
S01010562,304,5,280
S01010563,228,11,142
S01010564,183,5,190
S01010565,255,11,222
S01010566,665,25,303
S01010567,555,26,400
S01010568,946,25,394
S01010569,730,27,276
S01010570,463,20,291
S01010571,379,13,198
S01010572,342,17,174
S01010573,272,3,108
S01010574,267,16,157
S01010575,302,12,261
S01010576,384,13,273
S01010577,353,22,205
S01010578,268,11,138
S01010579,333,15,220
S01010580,350,15,175
S01010581,248,10,109
S01010582,679,287,578
S01010583,466,17,290
S01010584,517,24,175
S01010585,506,25,99
S01010586,373,12,240
S01010587,291,16,223
S01010588,274,8,222
S01010589,255,8,151
S01010590,426,27,196
S01010591,822,41,186
S01010592,250,5,136
S01010593,1014,44,348
S01010594,370,21,122
S01010595,437,26,112
S01010596,1094,40,289
S01010597,492,20,111
S01010598,563,35,125
S01010599,1040,39,344
S01010600,526,17,435
S01010601,277,13,272
S01010602,271,4,125
S01010603,357,16,270
S01010604,212,9,146
S01010605,451,17,379
S01010606,430,19,210
S01010607,358,16,214
S01010608,322,15,168
S01010609,267,14,146
S01010610,313,12,273
S01010611,477,13,224
S01010612,338,16,215
S01010613,260,13,268
S01010614,283,20,192
S01010615,444,13,158
S01010616,405,14,217
S01010617,419,17,245
S01010618,353,11,196
S01010619,342,11,144
S01010620,412,28,142
S01010621,456,19,262
S01010622,301,13,188
S01010623,379,18,155
S01010624,351,10,212
S01010625,288,16,296
S01010626,397,20,435
S01010627,413,16,255
S01010628,489,16,285
S01010629,393,24,440
S01010630,269,7,154
S01010631,287,22,189
S01010632,453,10,277
S01010633,464,17,375
S01010634,241,11,170
S01010635,345,14,248
S01010636,420,14,204
S01010637,282,15,172
S01010638,394,8,280
S01010639,600,23,343
S01010640,400,10,160
S01010641,398,14,298
S01010642,558,19,363
S01010643,331,23,184
S01010644,289,14,245
S01010645,246,7,125
S01010646,323,14,241
S01010647,302,6,235
S01010648,325,10,177
S01010649,267,2,195
S01010650,842,28,414
S01010651,289,13,169
S01010652,455,20,243
S01010653,262,8,184
S01010654,370,10,203
S01010655,505,24,276
S01010656,352,16,183
S01010657,325,2,226
S01010658,417,11,243
S01010659,358,9,222
S01010660,282,6,208
S01010661,310,6,248
S01010662,425,15,261
S01010663,438,12,308
S01010664,365,16,249
S01010665,538,17,350
S01010666,546,20,340
S01010667,357,7,193
S01010668,565,13,444
S01010669,308,4,199
S01010670,421,9,256
S01010671,338,17,267
S01010672,351,8,190
S01010673,492,11,324
S01010674,528,8,324
S01010675,360,7,260
S01010676,474,32,378
S01010677,271,2,214
S01010678,391,4,224
S01010679,257,11,194
S01010680,359,4,224
S01010681,523,25,256
S01010682,567,17,315
S01010683,510,8,340
S01010684,425,8,317
S01010685,302,4,244
S01010686,333,6,243
S01010687,404,14,342
S01010688,404,13,267
S01010689,349,9,313
S01010690,299,10,182
S01010691,385,12,266
S01010692,440,12,168
S01010693,291,5,159
S01010694,250,4,287
S01010695,355,13,226
S01010696,496,15,324
S01010697,527,20,378
S01010698,381,10,236
S01010699,306,8,146
S01010700,271,2,192
S01010701,481,17,333
S01010702,418,14,375
S01010703,460,9,259
S01010704,276,13,195
S01010705,734,18,368
S01010706,390,16,234
S01010707,640,23,323
S01010708,269,10,169
S01010709,334,6,208
S01010710,310,22,201
S01010711,364,10,288
S01010712,351,17,189
S01010713,343,11,182
S01010714,233,14,220
S01010715,385,20,220
S01010716,474,10,310
S01010717,300,6,223
S01010718,530,18,321
S01010719,296,11,218
S01010720,427,14,443
S01010721,288,8,235
S01010722,376,19,275
S01010723,490,15,287
S01010724,474,19,266
S01010725,608,7,301
S01010726,353,9,378
S01010727,327,8,221
S01010728,288,10,164
S01010729,345,6,225
S01010730,439,6,364
S01010731,428,16,281
S01010732,321,8,235
S01010733,264,9,141
S01010734,386,8,267
S01010735,311,17,159
S01010736,259,5,168
S01010737,572,16,510
S01010738,235,13,186
S01010739,428,8,249
S01010740,191,6,181
S01010741,497,9,287
S01010742,377,10,185
S01010743,282,10,195
S01010744,467,29,353
S01010745,253,4,240
S01010746,521,10,309
S01010747,364,12,287
S01010748,275,9,226
S01010749,298,7,220
S01010750,267,7,233
S01010751,312,12,274
S01010752,382,12,211
S01010753,451,23,403
S01010754,253,11,225
S01010755,248,7,181
S01010756,300,6,248
S01010757,301,5,302
S01010758,327,15,331
S01010759,303,10,192
S01010760,265,29,375
S01010761,242,5,163
S01010762,297,14,186
S01010763,337,10,244
S01010764,300,3,219
S01010765,462,8,402
S01010766,389,6,274
S01010767,283,8,283
S01010768,202,5,231
S01010769,231,7,220
S01010770,327,8,302
S01010771,370,10,358
S01010772,335,0,375
S01010773,369,7,311
S01010774,281,8,291
S01010775,466,14,193
S01010776,253,12,157
S01010777,205,10,175
S01010778,234,7,152
S01010779,307,15,242
S01010780,265,8,185
S01010781,389,9,200
S01010782,253,10,238
S01010783,227,6,171
S01010784,289,8,217
S01010785,290,6,229
S01010786,385,5,219
S01010787,406,15,308
S01010788,321,3,192
S01010789,321,7,222
S01010790,347,9,243
S01010791,396,13,356
S01010792,249,8,217
S01010793,326,12,198
S01010794,323,7,163
S01010795,487,15,335
S01010796,424,12,243
S01010797,393,10,230
S01010798,342,5,184
S01010799,280,12,294
S01010800,359,8,204
S01010801,300,12,236
S01010802,259,4,131
S01010803,260,10,198
S01010804,282,5,219
S01010805,418,18,268
S01010806,352,24,321
S01010807,248,10,151
S01010808,244,6,140
S01010809,327,5,262
S01010810,236,1,211
S01010811,394,16,320
S01010812,210,6,176
S01010813,226,7,141
S01010814,343,6,212
S01010815,224,0,119
S01010816,258,8,269
S01010817,386,14,328
S01010818,449,11,393
S01010819,391,13,265
S01010820,307,11,243
S01010821,219,9,235
S01010822,299,16,248
S01010823,194,10,64
S01010824,396,33,125
S01010825,540,29,145
S01010826,276,20,313
S01010827,274,17,179
S01010828,596,54,308
S01010829,379,9,406
S01010830,317,9,195
S01010831,325,23,117
S01010832,320,16,161
S01010833,409,25,282
S01010834,369,19,505
S01010835,227,11,226
S01010836,394,15,288
S01010837,364,25,219
S01010838,370,25,211
S01010839,353,26,242
S01010840,223,5,191
S01010841,361,13,274
S01010842,304,19,401
S01010843,296,10,281
S01010844,301,16,221
S01010845,221,13,188
S01010846,327,25,181
S01010847,299,20,161
S01010848,344,20,226
S01010849,387,30,319
S01010850,284,25,351
S01010851,439,30,264
S01010852,325,10,271
S01010853,428,34,303
S01010854,363,22,297
S01010855,219,18,181
S01010856,393,20,288
S01010857,383,26,234
S01010858,253,20,192
S01010859,384,27,324
S01010860,241,18,199
S01010861,259,16,222
S01010862,253,15,233
S01010863,387,28,246
S01010864,238,20,262
S01010865,333,10,404
S01010866,245,19,326
S01010867,281,20,252
S01010868,265,16,346
S01010869,331,25,231
S01010870,252,19,322
S01010871,414,21,263
S01010872,345,17,265
S01010873,182,15,236
S01010874,341,22,216
S01010875,242,12,187
S01010876,346,24,273
S01010877,394,28,269
S01010878,467,31,461
S01010879,404,23,278
S01010880,204,15,147
S01010881,261,13,207
S01010882,257,16,112
S01010883,358,26,235
S01010884,291,17,308
S01010885,397,31,365
S01010886,143,3,101
S01010887,330,14,339
S01010888,388,19,305
S01010889,141,11,198
S01010890,302,17,368
S01010891,139,6,256
S01010892,340,16,399
S01010893,202,12,233
S01010894,275,20,281
S01010895,148,19,147
S01010896,312,22,308
S01010897,309,20,293
S01010898,268,16,175
S01010899,272,18,133
S01010900,301,28,255
S01010901,204,11,227
S01010902,397,18,332
S01010903,306,19,364
S01010904,228,6,241
S01010905,520,19,368
S01010906,504,28,276
S01010907,414,30,112
S01010908,278,24,239
S01010909,256,18,264
S01010910,135,26,202
S01010911,212,13,275
S01010912,244,9,289
S01010913,359,16,193
S01010914,274,11,164
S01010915,342,22,189
S01010916,158,5,118
S01010917,251,8,181
S01010918,245,13,271
S01010919,308,14,250
S01010920,338,14,254
S01010921,254,21,225
S01010922,326,23,398
S01010923,351,13,322
S01010924,244,16,198
S01010925,267,18,259
S01010926,364,38,303
S01010927,234,21,213
S01010928,294,21,243
S01010929,258,15,209
S01010930,490,17,223
S01010931,602,20,191
S01010932,363,7,246
S01010933,719,40,240
S01010934,494,22,319
S01010935,268,14,271
S01010936,290,10,275
S01010937,331,16,242
S01010938,410,21,261
S01010939,243,10,147
S01010940,264,2,243
S01010941,361,17,272
S01010942,293,13,220
S01010943,308,11,169
S01010944,265,17,173
S01010945,267,9,181
S01010946,426,21,279
S01010947,253,10,146
S01010948,294,9,222
S01010949,390,20,354
S01010950,364,20,262
S01010951,349,9,185
S01010952,269,6,134
S01010953,246,5,177
S01010954,469,16,208
S01010955,1150,44,328
S01010956,1140,34,358
S01010957,235,13,195
S01010958,201,5,200
S01010959,332,19,171
S01010960,657,21,327
S01010961,291,11,183
S01010962,198,7,295
S01010963,476,19,238
S01010964,354,10,207
S01010965,232,8,136
S01010966,370,11,215
S01010967,341,11,184
S01010968,319,17,228
S01010969,302,12,292
S01010970,551,26,309
S01010971,565,26,262
S01010972,382,13,218
S01010973,192,9,182
S01010974,363,18,243
S01010975,221,5,132
S01010976,230,2,179
S01010977,317,14,204
S01010978,353,12,237
S01010979,455,30,220
S01010980,374,7,218
S01010981,337,17,250
S01010982,518,21,488
S01010983,349,11,288
S01010984,257,7,302
S01010985,335,16,132
S01010986,273,18,96
S01010987,328,30,141
S01010988,312,24,127
S01010989,633,18,114
S01010990,374,23,238
S01010991,2170,89,530
S01010992,318,15,91
S01010993,295,12,191
S01010994,810,31,435
S01010995,281,11,268
S01010996,232,10,193
S01010997,256,6,292
S01010998,408,21,238
S01010999,448,23,360
S01011000,1660,69,495
S01011001,270,10,228
S01011002,353,13,212
S01011003,344,18,177
S01011004,355,7,182
S01011005,350,17,239
S01011006,1164,45,378
S01011007,351,22,175
S01011008,396,19,273
S01011009,221,5,158
S01011010,255,10,215
S01011011,381,18,274
S01011012,314,26,234
S01011013,413,24,279
S01011014,378,19,249
S01011015,176,5,156
S01011016,1052,32,240
S01011017,769,35,420
S01011018,398,13,251
S01011019,797,20,257
S01011020,779,12,239
S01011021,455,16,234
S01011022,298,12,180
S01011023,398,15,276
S01011024,360,20,196
S01011025,344,5,162
S01011026,247,7,171
S01011027,426,30,302
S01011028,427,19,284
S01011029,286,10,205
S01011030,438,12,242
S01011031,481,14,246
S01011032,371,15,230
S01011033,304,14,179
S01011034,280,10,244
S01011035,316,12,184
S01011036,313,10,220
S01011037,702,31,300
S01011038,399,15,322
S01011039,697,29,300
S01011040,367,18,194
S01011041,294,18,228
S01011042,430,19,206
S01011043,365,22,239
S01011044,343,12,202
S01011045,321,7,203
S01011046,441,7,265
S01011047,473,13,298
S01011048,429,7,311
S01011049,345,7,199
S01011050,286,12,176
S01011051,485,12,364
S01011052,334,9,315
S01011053,271,7,184
S01011054,250,8,168
S01011055,289,5,129
S01011056,412,22,205
S01011057,286,12,147
S01011058,334,9,197
S01011059,308,6,182
S01011060,325,3,323
S01011061,357,11,299
S01011062,486,17,286
S01011063,468,20,341
S01011064,477,10,315
S01011065,340,4,281
S01011066,173,6,167
S01011067,169,2,213
S01011068,196,2,204
S01011069,200,2,187
S01011070,221,8,191
S01011071,294,14,310
S01011072,600,28,462
S01011073,334,9,220
S01011074,297,13,193
S01011075,276,12,228
S01011076,327,12,268
S01011077,341,5,226
S01011078,879,38,515
S01011079,566,25,283
S01011080,428,14,356
S01011081,346,20,230
S01011082,195,6,224
S01011083,342,10,299
S01011084,320,11,285
S01011085,366,8,336
S01011086,374,11,279
S01011087,253,10,175
S01011088,404,33,363
S01011089,250,8,252
S01011090,453,14,322
S01011091,325,7,198
S01011092,261,19,178
S01011093,1716,35,586
S01011094,635,22,296
S01011095,445,11,254
S01011096,560,12,257
S01011097,373,17,215
S01011098,349,10,223
S01011099,368,6,240
S01011100,189,5,158
S01011101,246,10,145
S01011102,255,4,135
S01011103,219,6,139
S01011104,219,7,348
S01011105,387,9,301
S01011106,460,19,164
S01011107,568,27,200
S01011108,235,10,166
S01011109,281,19,250
S01011110,303,8,184
S01011111,380,14,252
S01011112,412,8,116
S01011113,405,8,303
S01011114,304,7,228
S01011115,385,13,234
S01011116,291,13,217
S01011117,376,22,223
S01011118,418,14,295
S01011119,379,11,341
S01011120,269,9,282
S01011121,310,8,169
S01011122,319,15,168
S01011123,605,19,299
S01011124,342,4,163
S01011125,207,13,128
S01011126,192,9,109
S01011127,231,7,43
S01011128,369,21,249
S01011129,450,19,272
S01011130,250,21,180
S01011131,316,6,194
S01011132,418,14,237
S01011133,193,11,146
S01011134,365,12,278
S01011135,299,14,248
S01011136,252,5,195
S01011137,211,9,115
S01011138,295,8,140
S01011139,994,20,182
S01011140,258,5,132
S01011141,233,6,156
S01011142,385,21,513
S01011143,450,12,400
S01011144,296,12,172
S01011145,322,3,264
S01011146,331,8,268
S01011147,450,5,294
S01011148,369,11,250
S01011149,347,11,227
S01011150,490,19,137
S01011151,276,15,100
S01011152,234,5,255
S01011153,646,21,350
S01011154,210,8,219
S01011155,283,17,250
S01011156,237,4,181
S01011157,190,5,283
S01011158,217,10,279
S01011159,281,7,228
S01011160,404,8,241
S01011161,305,6,163
S01011162,222,9,125
S01011163,338,8,218
S01011164,367,17,301
S01011165,294,8,269
S01011166,165,3,167
S01011167,304,5,330
S01011168,770,22,314
S01011169,773,43,275
S01011170,509,10,354
S01011171,421,9,374
S01011172,359,8,307
S01011173,271,7,236
S01011174,195,3,203
S01011175,322,6,190
S01011176,252,11,236
S01011177,370,7,290
S01011178,221,15,157
S01011179,236,7,211
S01011180,265,13,225
S01011181,487,12,248
S01011182,356,15,221
S01011183,252,21,195
S01011184,561,31,292
S01011185,285,14,251
S01011186,406,24,347
S01011187,257,4,289
S01011188,400,29,322
S01011189,360,15,258
S01011190,245,9,220
S01011191,210,9,188
S01011192,296,8,197
S01011193,294,19,216
S01011194,287,19,194
S01011195,338,30,199
S01011196,313,28,316
S01011197,341,23,275
S01011198,253,13,243
S01011199,572,23,246
S01011200,333,10,237
S01011201,273,14,220
S01011202,358,20,271
S01011203,332,15,267
S01011204,215,5,228
S01011205,400,15,83
S01011206,313,15,203
S01011207,295,20,263
S01011208,431,21,214
S01011209,271,12,177
S01011210,287,12,229
S01011211,320,22,176
S01011212,223,9,163
S01011213,474,30,463
S01011214,321,21,251
S01011215,170,11,178
S01011216,190,11,159
S01011217,345,26,265
S01011218,452,31,311
S01011219,297,22,240
S01011220,400,24,267
S01011221,430,22,297
S01011222,337,19,257
S01011223,352,18,254
S01011224,263,9,285
S01011225,310,22,237
S01011226,403,16,445
S01011227,323,19,255
S01011228,355,15,336
S01011229,170,21,238
S01011230,212,10,286
S01011231,213,13,229
S01011232,329,13,368
S01011233,629,38,264
S01011234,423,31,362
S01011235,134,8,94
S01011236,204,12,186
S01011237,332,13,226
S01011238,236,13,188
S01011239,199,7,293
S01011240,280,8,323
S01011241,387,23,479
S01011242,334,17,352
S01011243,321,18,423
S01011244,234,11,238
S01011245,291,21,323
S01011246,372,15,429
S01011247,329,13,375
S01011248,316,26,262
S01011249,315,17,259
S01011250,455,31,275
S01011251,385,24,315
S01011252,303,19,244
S01011253,346,17,303
S01011254,414,29,268
S01011255,422,29,153
S01011256,271,14,94
S01011257,102,11,201
S01011258,191,20,176
S01011259,274,15,298
S01011260,281,17,296
S01011261,370,33,278
S01011262,184,6,142
S01011263,641,44,294
S01011264,280,16,189
S01011265,445,38,284
S01011266,390,14,272
S01011267,190,19,225
S01011268,111,6,147
S01011269,193,18,251
S01011270,210,13,259
S01011271,267,10,339
S01011272,298,15,274
S01011273,335,16,263
S01011274,387,31,241
S01011275,264,6,231
S01011276,381,32,296
S01011277,280,6,219
S01011278,234,9,107
S01011279,280,22,243
S01011280,202,10,245
S01011281,309,24,166
S01011282,458,42,225
S01011283,407,25,135
S01011284,335,36,96
S01011285,280,27,221
S01011286,234,17,191
S01011287,386,23,271
S01011288,340,26,263
S01011289,380,21,296
S01011290,514,24,466
S01011291,284,12,315
S01011292,237,21,271
S01011293,301,18,208
S01011294,318,17,407
S01011295,504,32,381
S01011296,212,5,229
S01011297,330,13,247
S01011298,298,20,158
S01011299,281,7,154
S01011300,368,24,319
S01011301,353,13,268
S01011302,274,11,385
S01011303,444,24,353
S01011304,299,21,202
S01011305,379,19,210
S01011306,232,5,231
S01011307,837,39,483
S01011308,241,14,176
S01011309,275,20,316
S01011310,326,19,277
S01011311,287,19,275
S01011312,375,24,495
S01011313,288,6,280
S01011314,457,25,398
S01011315,151,8,125
S01011316,316,16,267
S01011317,257,24,436
S01011318,277,18,537
S01011319,251,17,413
S01011320,227,11,271
S01011321,313,19,203
S01011322,283,19,199
S01011323,362,20,258
S01011324,227,12,226
S01011325,301,12,310
S01011326,255,12,362
S01011327,205,5,360
S01011328,281,12,325
S01011329,338,14,504
S01011330,323,18,338
S01011331,272,18,394
S01011332,278,10,299
S01011333,219,16,454
S01011334,268,10,156
S01011335,336,12,509
S01011336,340,10,162
S01011337,283,13,356
S01011338,298,11,206
S01011339,250,8,158
S01011340,271,12,216
S01011341,312,10,221
S01011342,343,14,256
S01011343,363,19,295
S01011344,387,17,264
S01011345,340,24,230
S01011346,292,8,218
S01011347,439,21,406
S01011348,395,13,315
S01011349,414,22,252
S01011350,261,15,223
S01011351,279,9,220
S01011352,305,12,242
S01011353,253,17,258
S01011354,325,12,225
S01011355,424,14,324
S01011356,623,13,311
S01011357,335,23,303
S01011358,266,20,83
S01011359,332,10,316
S01011360,226,9,141
S01011361,20,2,51
S01011362,415,23,163
S01011363,318,19,364
S01011364,316,19,187
S01011365,363,33,101
S01011366,196,11,220
S01011367,402,21,249
S01011368,538,37,114
S01011369,382,24,232
S01011370,345,16,121
S01011371,425,20,246
S01011372,283,13,245
S01011373,290,25,204
S01011374,410,20,155
S01011375,277,13,165
S01011376,216,6,185
S01011377,584,32,259
S01011378,318,11,308
S01011379,683,40,302
S01011380,347,16,203
S01011381,337,23,245
S01011382,509,29,204
S01011383,245,18,275
S01011384,220,10,290
S01011385,382,31,349
S01011386,227,11,261
S01011387,336,22,267
S01011388,615,40,214
S01011389,360,26,277
S01011390,298,17,257
S01011391,295,16,178
S01011392,281,12,224
S01011393,383,14,348
S01011394,314,34,83
S01011395,350,19,292
S01011396,319,24,335
S01011397,326,15,377
S01011398,281,10,254
S01011399,242,6,176
S01011400,351,30,191
S01011401,322,14,221
S01011402,466,22,393
S01011403,245,20,150
S01011404,352,16,300
S01011405,264,19,238
S01011406,425,13,241
S01011407,604,26,332
S01011408,362,19,277
S01011409,367,17,264
S01011410,253,13,193
S01011411,310,21,199
S01011412,385,24,294
S01011413,285,16,143
S01011414,348,16,267
S01011415,414,22,298
S01011416,263,15,228
S01011417,451,24,340
S01011418,226,5,206
S01011419,224,13,195
S01011420,233,19,176
S01011421,351,19,118
S01011422,255,13,225
S01011423,204,13,192
S01011424,246,19,172
S01011425,326,31,308
S01011426,761,39,244
S01011427,243,9,165
S01011428,252,7,213
S01011429,437,21,624
S01011430,439,27,316
S01011431,491,30,371
S01011432,473,25,330
S01011433,377,19,241
S01011434,289,10,186
S01011435,562,26,301
S01011436,319,22,220
S01011437,338,17,224
S01011438,213,6,159
S01011439,479,13,292
S01011440,262,9,177
S01011441,344,19,250
S01011442,341,18,261
S01011443,294,8,196
S01011444,340,23,226
S01011445,242,8,134
S01011446,1195,43,269
S01011447,393,27,257
S01011448,346,14,268
S01011449,192,14,194
S01011450,323,25,158
S01011451,2047,93,411
S01011452,448,18,294
S01011453,327,25,222
S01011454,329,18,258
S01011455,283,21,260
S01011456,332,15,298
S01011457,343,19,281
S01011458,730,43,242
S01011459,574,29,265
S01011460,251,25,141
S01011461,345,19,231
S01011462,439,26,318
S01011463,796,47,275
S01011464,313,30,95
S01011465,298,19,246
S01011466,381,27,213
S01011467,254,15,175
S01011468,510,40,116
S01011469,386,35,206
S01011470,511,27,368
S01011471,397,23,332
S01011472,239,24,194
S01011473,294,12,344
S01011474,316,21,282
S01011475,274,23,302
S01011476,193,4,149
S01011477,353,33,327
S01011478,646,42,355
S01011479,564,35,371
S01011480,484,39,320
S01011481,495,27,192
S01011482,409,24,322
S01011483,249,14,158
S01011484,368,19,320
S01011485,400,27,303
S01011486,222,15,204
S01011487,440,31,329
S01011488,328,20,262
S01011489,421,27,143
S01011490,465,24,376
S01011491,207,6,151
S01011492,330,43,232
S01011493,264,16,108
S01011494,331,19,272
S01011495,353,19,292
S01011496,289,18,202
S01011497,413,15,166
S01011498,344,24,138
S01011499,378,17,239
S01011500,193,8,173
S01011501,254,11,246
S01011502,309,22,224
S01011503,261,17,211
S01011504,494,31,230
S01011505,329,11,217
S01011506,241,12,150
S01011507,295,14,211
S01011508,459,21,254
S01011509,257,18,204
S01011510,447,19,338
S01011511,227,11,180
S01011512,375,21,273
S01011513,329,29,241
S01011514,403,23,296
S01011515,262,16,143
S01011516,483,27,223
S01011517,254,14,167
S01011518,283,14,250
S01011519,343,23,233
S01011520,281,20,215
S01011521,416,21,339
S01011522,397,23,302
S01011523,378,21,188
S01011524,373,26,251
S01011525,398,31,336
S01011526,453,36,294
S01011527,296,13,257
S01011528,408,22,354
S01011529,239,13,185
S01011530,431,22,324
S01011531,529,27,327
S01011532,351,37,113
S01011533,293,19,269
S01011534,326,22,274
S01011535,507,33,364
S01011536,305,19,209
S01011537,312,11,111
S01011538,360,17,218
S01011539,303,21,276
S01011540,512,44,314
S01011541,538,26,306
S01011542,458,24,305
S01011543,335,18,222
S01011544,289,6,217
S01011545,393,15,216
S01011546,390,28,134
S01011547,314,23,87
S01011548,380,29,221
S01011549,313,22,235
S01011550,272,15,264
S01011551,261,25,165
S01011552,303,20,199
S01011553,443,49,141
S01011554,483,25,341
S01011555,232,16,151
S01011556,219,18,163
S01011557,309,22,229
S01011558,284,20,173
S01011559,207,14,164
S01011560,350,24,233
S01011561,370,24,235
S01011562,366,18,256
S01011563,349,26,219
S01011564,495,25,254
S01011565,432,25,236
S01011566,382,9,241
S01011567,365,24,369
S01011568,376,28,185
S01011569,445,39,226
S01011570,285,14,225
S01011571,241,17,267
S01011572,303,16,210
S01011573,548,39,324
S01011574,375,30,180
S01011575,230,17,160
S01011576,254,10,375
S01011577,318,29,202
S01011578,290,19,235
S01011579,453,30,341
S01011580,404,33,186
S01011581,254,17,306
S01011582,548,36,370
S01011583,334,15,211
S01011584,311,18,218
S01011585,291,26,210
S01011586,280,18,225
S01011587,279,20,191
S01011588,342,28,217
S01011589,377,24,260
S01011590,336,27,215
S01011591,253,11,200
S01011592,258,7,209
S01011593,277,14,201
S01011594,195,11,162
S01011595,290,15,167
S01011596,572,27,400
S01011597,277,10,241
S01011598,0,0,0
S01011599,381,21,261
S01011600,274,10,276
S01011601,434,23,180
S01011602,769,24,213
S01011603,363,20,334
S01011604,197,3,115
S01011605,436,15,267
S01011606,584,63,165
S01011607,293,14,185
S01011608,492,23,212
S01011609,364,21,315
S01011610,348,26,259
S01011611,564,31,287
S01011612,382,26,83
S01011613,328,18,328
S01011614,201,15,131
S01011615,314,19,215
S01011616,215,12,149
S01011617,418,26,281
S01011618,270,16,211
S01011619,566,38,241
S01011620,603,44,161
S01011621,347,27,214
S01011622,336,33,151
S01011623,337,19,236
S01011624,351,22,197
S01011625,224,16,186
S01011626,427,25,174
S01011627,415,39,111
S01011628,594,16,313
S01011629,243,15,177
S01011630,312,16,241
S01011631,270,17,201
S01011632,382,27,217
S01011633,287,14,232
S01011634,233,16,140
S01011635,282,15,234
S01011636,280,15,209
S01011637,288,10,225
S01011638,162,4,156
S01011639,210,16,202
S01011640,283,26,245
S01011641,203,16,176
S01011642,331,15,254
S01011643,421,40,205
S01011644,317,15,256
S01011645,218,13,180
S01011646,265,10,246
S01011647,427,33,190
S01011648,580,38,160
S01011649,277,15,133
S01011650,360,18,269
S01011651,399,10,282
S01011652,316,22,222
S01011653,406,28,284
S01011654,408,25,319
S01011655,346,16,327
S01011656,204,7,182
S01011657,161,8,182
S01011658,320,20,262
S01011659,361,12,266
S01011660,391,21,297
S01011661,229,9,164
S01011662,339,30,144
S01011663,299,22,171
S01011664,464,27,337
S01011665,295,10,289
S01011666,329,14,327
S01011667,320,16,298
S01011668,378,19,286
S01011669,285,17,248
S01011670,224,13,138
S01011671,345,14,245
S01011672,221,12,221
S01011673,267,10,218
S01011674,660,31,264
S01011675,414,23,311
S01011676,289,11,230
S01011677,387,25,170
S01011678,213,9,163
S01011679,364,22,91
S01011680,429,25,353
S01011681,371,26,256
S01011682,266,12,155
S01011683,1045,45,377
S01011684,237,19,186
S01011685,431,29,157
S01011686,421,38,268
S01011687,400,17,295
S01011688,804,33,250
S01011689,543,46,189
S01011690,526,26,197
S01011691,400,31,122
S01011692,497,20,331
S01011693,397,17,214
S01011694,304,19,83
S01011695,2119,87,400
S01011696,593,47,187
S01011697,568,49,215
S01011698,444,17,301
S01011699,616,26,330
S01011700,286,20,290
S01011701,443,23,343
S01011702,266,13,249
S01011703,909,48,290
S01011704,367,26,176
S01011705,400,15,201
S01011706,422,21,369
S01011707,428,29,320
S01011708,438,21,317
S01011709,593,37,340
S01011710,228,11,149
S01011711,286,7,209
S01011712,320,20,181
S01011713,344,14,297
S01011714,270,20,73
S01011715,254,9,176
S01011716,460,18,191
S01011717,284,10,265
S01011718,454,20,114
S01011719,347,18,148
S01011720,216,13,168
S01011721,350,20,269
S01011722,337,36,289
S01011723,525,25,297
S01011724,382,25,172
S01011725,357,22,102
S01011726,310,12,137
S01011727,442,32,153
S01011728,424,33,275
S01011729,277,7,215
S01011730,291,16,382
S01011731,399,24,281
S01011732,286,18,291
S01011733,334,22,269
S01011734,307,15,273
S01011735,290,14,265
S01011736,321,34,188
S01011737,308,30,185
S01011738,552,24,282
S01011739,307,19,197
S01011740,353,17,257
S01011741,316,16,225
S01011742,358,28,217
S01011743,346,17,231
S01011744,371,24,304
S01011745,330,22,359
S01011746,232,11,176
S01011747,376,25,301
S01011748,349,26,182
S01011749,280,21,173
S01011750,354,23,329
S01011751,324,16,164
S01011752,472,26,247
S01011753,392,21,288
S01011754,331,29,252
S01011755,448,26,239
S01011756,449,31,270
S01011757,316,21,280
S01011758,260,26,160
S01011759,370,29,237
S01011760,413,20,264
S01011761,321,30,174
S01011762,289,17,187
S01011763,357,29,260
S01011764,169,8,113
S01011765,448,34,259
S01011766,285,19,160
S01011767,362,14,286
S01011768,386,34,256
S01011769,298,17,232
S01011770,341,19,284
S01011771,328,24,163
S01011772,473,18,349
S01011773,306,17,113
S01011774,452,50,204
S01011775,370,33,133
S01011776,586,43,280
S01011777,328,29,148
S01011778,342,22,144
S01011779,338,41,246
S01011780,423,35,304
S01011781,264,11,145
S01011782,242,10,245
S01011783,210,9,175
S01011784,355,19,307
S01011785,364,25,247
S01011786,246,27,42
S01011787,426,36,355
S01011788,344,43,189
S01011789,1513,69,375
S01011790,706,44,321
S01011791,281,11,254
S01011792,411,22,476
S01011793,585,24,354
S01011794,345,19,314
S01011795,224,7,214
S01011796,392,23,242
S01011797,466,15,321
S01011798,258,20,162
S01011799,413,26,267
S01011800,265,15,178
S01011801,246,19,176
S01011802,289,15,228
S01011803,331,19,231
S01011804,320,3,220
S01011805,263,5,173
S01011806,416,18,298
S01011807,579,22,350
S01011808,366,10,204
S01011809,393,18,254
S01011810,504,10,297
S01011811,522,8,298
S01011812,362,10,185
S01011813,433,17,204
S01011814,437,12,216
S01011815,584,15,219
S01011816,383,20,229
S01011817,710,19,304
S01011818,462,10,339
S01011819,437,9,215
S01011820,391,23,318
S01011821,180,5,87
S01011822,344,9,187
S01011823,295,7,180
S01011824,310,10,199
S01011825,258,8,176
S01011826,331,15,194
S01011827,218,5,229
S01011828,473,12,331
S01011829,232,8,140
S01011830,272,4,221
S01011831,403,19,341
S01011832,401,7,242
S01011833,458,23,310
S01011834,578,26,242
S01011835,427,17,298
S01011836,369,19,283
S01011837,312,11,206
S01011838,428,23,377
S01011839,381,7,384
S01011840,523,30,395
S01011841,402,15,315
S01011842,431,18,360
S01011843,647,17,395
S01011844,436,23,309
S01011845,428,13,291
S01011846,504,21,293
S01011847,220,17,159
S01011848,361,15,238
S01011849,539,23,249
S01011850,715,24,349
S01011851,383,17,265
S01011852,473,22,374
S01011853,413,22,271
S01011854,352,5,392
S01011855,416,20,226
S01011856,273,11,311
S01011857,328,5,224
S01011858,358,11,420
S01011859,335,6,416
S01011860,245,7,132
S01011861,339,9,221
S01011862,323,14,451
S01011863,307,11,322
S01011864,347,11,310
S01011865,285,7,204
S01011866,361,18,249
S01011867,497,25,258
S01011868,421,23,281
S01011869,429,18,205
S01011870,321,17,241
S01011871,1081,30,542
S01011872,441,8,313
S01011873,391,17,261
S01011874,342,11,193
S01011875,327,12,267
S01011876,499,5,311
S01011877,254,7,213
S01011878,1078,36,584
S01011879,304,10,174
S01011880,307,12,182
S01011881,422,20,327
S01011882,380,13,378
S01011883,668,21,432
S01011884,244,9,148
S01011885,370,19,186
S01011886,379,10,270
S01011887,296,14,131
S01011888,428,16,232
S01011889,394,15,336
S01011890,325,16,190
S01011891,351,23,591
S01011892,516,31,199
S01011893,558,25,370
S01011894,320,11,174
S01011895,227,9,260
S01011896,451,15,268
S01011897,506,17,348
S01011898,350,12,219
S01011899,303,9,311
S01011900,316,19,281
S01011901,459,20,243
S01011902,420,28,424
S01011903,361,16,320
S01011904,297,8,350
S01011905,333,19,225
S01011906,182,13,155
S01011907,337,19,237
S01011908,448,13,151
S01011909,638,31,141
S01011910,426,16,215
S01011911,320,19,188
S01011912,336,19,195
S01011913,291,23,182
S01011914,423,25,226
S01011915,407,21,233
S01011916,251,8,138
S01011917,276,8,155
S01011918,387,24,240
S01011919,416,58,260
S01011920,274,5,187
S01011921,295,19,159
S01011922,333,16,195
S01011923,417,13,311
S01011924,209,14,107
S01011925,482,25,111
S01011926,326,19,197
S01011927,272,8,219
S01011928,309,11,246
S01011929,275,17,205
S01011930,295,19,195
S01011931,749,46,312
S01011932,345,8,110
S01011933,352,22,173
S01011934,380,14,317
S01011935,425,39,250
S01011936,384,32,262
S01011937,307,25,210
S01011938,320,25,192
S01011939,404,23,192
S01011940,293,20,169
S01011941,417,37,206
S01011942,437,45,299
S01011943,599,62,404
S01011944,199,8,200
S01011945,278,14,360
S01011946,321,16,279
S01011947,213,10,180
S01011948,468,15,544
S01011949,300,17,389
S01011950,253,8,361
S01011951,335,16,222
S01011952,207,10,178
S01011953,417,18,338
S01011954,229,11,181
S01011955,485,27,352
S01011956,486,29,247
S01011957,369,14,242
S01011958,636,28,435
S01011959,435,20,303
S01011960,498,27,203
S01011961,441,18,199
S01011962,360,18,180
S01011963,289,15,175
S01011964,524,11,317
S01011965,358,11,292
S01011966,346,25,298
S01011967,578,19,461
S01011968,507,26,281
S01011969,480,14,382
S01011970,410,13,278
S01011971,315,7,197
S01011972,505,14,363
S01011973,327,11,248
S01011974,390,14,337
S01011975,202,8,170
S01011976,366,14,268
S01011977,520,21,416
S01011978,317,14,305
S01011979,611,29,474
S01011980,365,13,220
S01011981,453,9,276
S01011982,520,15,285
S01011983,373,7,264
S01011984,281,12,253
S01011985,291,16,220
S01011986,251,9,214
S01011987,506,15,367
S01011988,213,10,255
S01011989,341,19,306
S01011990,473,15,342
S01011991,349,3,199
S01011992,453,13,452
S01011993,391,23,215
S01011994,244,10,494
S01011995,614,12,304
S01011996,210,9,173
S01011997,454,20,250
S01011998,247,11,229
S01011999,324,1,196
S01012000,209,12,148
S01012001,331,13,188
S01012002,229,6,197
S01012003,278,10,151
S01012004,429,17,365
S01012005,420,19,231
S01012006,812,33,546
S01012007,361,7,316
S01012008,482,17,331
S01012009,340,9,186
S01012010,493,15,584
S01012011,541,23,322
S01012012,336,4,292
S01012013,388,9,269
S01012014,386,12,251
S01012015,456,17,313
S01012016,310,5,250
S01012017,261,7,177
S01012018,395,11,296
S01012019,482,30,324
S01012020,254,21,269
S01012021,242,8,183
S01012022,323,16,198
S01012023,222,12,135
S01012024,467,30,233
S01012025,440,33,205
S01012026,612,41,141
S01012027,438,31,304
S01012028,467,24,288
S01012029,1296,58,834
S01012030,3533,148,613
S01012031,414,15,232
S01012032,204,8,135
S01012033,359,24,312
S01012034,367,17,259
S01012035,401,26,329
S01012036,336,17,330
S01012037,548,40,311
S01012038,358,20,271
S01012039,452,28,353
S01012040,355,15,168
S01012041,433,32,268
S01012042,639,32,296
S01012043,379,17,293
S01012044,373,21,367
S01012045,552,43,349
S01012046,291,15,287
S01012047,327,16,304
S01012048,310,20,331
S01012049,295,13,223
S01012050,474,27,257
S01012051,238,7,227
S01012052,388,20,301
S01012053,376,24,264
S01012054,298,29,158
S01012055,437,22,295
S01012056,335,20,279
S01012057,366,12,279
S01012058,309,15,269
S01012059,381,20,285
S01012060,385,19,313
S01012061,403,31,349
S01012062,838,36,273
S01012063,311,21,127
S01012064,279,15,210
S01012065,266,37,182
S01012066,458,45,255
S01012067,214,13,179
S01012068,175,16,198
S01012069,196,17,131
S01012070,311,36,240
S01012071,543,86,457
S01012072,489,73,422
S01012073,531,31,231
S01012074,398,16,157
S01012075,351,26,158
S01012076,445,29,234
S01012077,365,28,259
S01012078,468,26,247
S01012079,343,12,319
S01012080,370,28,180
S01012081,349,17,250
S01012082,275,15,195
S01012083,293,18,286
S01012084,268,19,171
S01012085,352,20,202
S01012086,426,19,258
S01012087,438,26,260
S01012088,359,35,179
S01012089,391,21,272
S01012090,349,23,341
S01012091,249,15,169
S01012092,233,15,174
S01012093,186,5,176
S01012094,376,35,281
S01012095,500,30,311
S01012096,413,19,270
S01012097,379,19,183
S01012098,302,14,168
S01012099,338,20,324
S01012100,565,59,417
S01012101,332,23,260
S01012102,300,26,200
S01012103,513,27,214
S01012104,495,32,187
S01012105,518,42,365
S01012106,575,51,287
S01012107,328,23,287
S01012108,240,5,484
S01012109,501,50,296
S01012110,376,43,322
S01012111,354,25,223
S01012112,286,22,326
S01012113,458,22,338
S01012114,340,33,305
S01012115,273,19,165
S01012116,329,23,176
S01012117,811,50,238
S01012118,329,19,140
S01012119,381,32,290
S01012120,589,37,228
S01012121,464,35,397
S01012122,358,30,221
S01012123,279,34,168
S01012124,224,13,158
S01012125,372,21,259
S01012126,448,33,159
S01012127,642,318,531
S01012128,334,41,115
S01012129,353,31,217
S01012130,466,40,502
S01012131,538,239,417
S01012132,394,105,233
S01012133,351,26,155
S01012134,503,22,431
S01012135,436,49,345
S01012136,412,54,198
S01012137,476,18,326
S01012138,462,43,276
S01012139,452,38,295
S01012140,247,13,220
S01012141,460,23,292
S01012142,374,26,381
S01012143,355,17,353
S01012144,475,31,339
S01012145,491,31,304
S01012146,409,37,322
S01012147,321,19,249
S01012148,290,25,190
S01012149,373,37,276
S01012150,351,30,303
S01012151,253,16,179
S01012152,276,21,244
S01012153,438,48,246
S01012154,366,34,207
S01012155,315,29,226
S01012156,656,37,308
S01012157,525,38,287
S01012158,717,51,244
S01012159,236,11,196
S01012160,294,13,232
S01012161,192,19,125
S01012162,512,44,334
S01012163,456,25,195
S01012164,621,45,177
S01012165,391,20,276
S01012166,300,23,152
S01012167,350,16,242
S01012168,302,23,263
S01012169,396,18,284
S01012170,450,24,406
S01012171,447,27,349
S01012172,295,26,188
S01012173,277,12,308
S01012174,474,51,208
S01012175,333,17,237
S01012176,338,20,264
S01012177,242,19,228
S01012178,223,13,236
S01012179,214,12,233
S01012180,295,14,212
S01012181,303,30,270
S01012182,1629,97,449
S01012183,675,33,357
S01012184,727,23,186
S01012185,488,39,236
S01012186,317,12,258
S01012187,303,19,220
S01012188,272,10,227
S01012189,307,16,153
S01012190,270,28,113
S01012191,318,24,263
S01012192,340,26,184
S01012193,261,14,121
S01012194,265,15,124
S01012195,528,44,274
S01012196,283,23,122
S01012197,313,27,233
S01012198,367,21,327
S01012199,321,29,208
S01012200,277,13,193
S01012201,351,22,217
S01012202,278,22,162
S01012203,284,14,321
S01012204,305,18,243
S01012205,298,16,220
S01012206,413,22,203
S01012207,430,32,267
S01012208,511,25,305
S01012209,360,29,194
S01012210,364,16,258
S01012211,457,32,271
S01012212,300,12,298
S01012213,307,23,334
S01012214,317,27,260
S01012215,352,10,270
S01012216,351,17,240
S01012217,269,16,149
S01012218,227,19,156
S01012219,379,21,294
S01012220,252,11,254
S01012221,273,16,195
S01012222,376,20,381
S01012223,284,19,259
S01012224,417,28,244
S01012225,444,36,286
S01012226,340,30,196
S01012227,299,25,188
S01012228,340,16,172
S01012229,321,21,219
S01012230,408,31,318
S01012231,348,19,234
S01012232,372,32,238
S01012233,366,26,297
S01012234,477,28,279
S01012235,197,16,225
S01012236,398,34,198
S01012237,355,21,253
S01012238,310,10,172
S01012239,257,11,166
S01012240,378,12,285
S01012241,241,11,194
S01012242,422,25,253
S01012243,305,18,178
S01012244,463,13,222
S01012245,329,10,273
S01012246,506,36,268
S01012247,392,8,245
S01012248,446,8,247
S01012249,428,19,276
S01012250,595,21,321
S01012251,476,20,341
S01012252,380,9,177
S01012253,403,7,346
S01012254,416,23,256
S01012255,364,16,390
S01012256,283,14,238
S01012257,437,15,321
S01012258,319,26,256
S01012259,281,19,275
S01012260,449,29,297
S01012261,405,17,252
S01012262,664,32,315
S01012263,359,21,239
S01012264,224,12,149
S01012265,420,18,221
S01012266,500,13,404
S01012267,420,16,269
S01012268,326,15,217
S01012269,492,23,346
S01012270,405,10,236
S01012271,1178,43,442
S01012272,336,9,232
S01012273,411,10,295
S01012274,454,22,290
S01012275,406,42,257
S01012276,526,18,343
S01012277,578,28,276
S01012278,325,60,292
S01012279,372,25,228
S01012280,496,13,261
S01012281,379,12,174
S01012282,396,86,480
S01012283,417,12,288
S01012284,365,21,288
S01012285,234,8,265
S01012286,471,9,324
S01012287,323,17,261
S01012288,283,13,298
S01012289,341,18,445
S01012290,257,6,234
S01012291,588,26,341
S01012292,286,8,328
S01012293,207,13,187
S01012294,433,19,253
S01012295,416,18,166
S01012296,511,18,214
S01012297,396,16,174
S01012298,394,18,310
S01012299,366,14,171
S01012300,308,12,208
S01012301,442,13,317
S01012302,298,11,210
S01012303,504,10,288
S01012304,512,17,345
S01012305,390,14,401
S01012306,260,2,255
S01012307,299,7,215
S01012308,452,18,235
S01012309,269,11,248
S01012310,539,6,414
S01012311,229,6,222
S01012312,499,10,385
S01012313,366,12,248
S01012314,407,14,284
S01012315,310,6,320
S01012316,282,3,217
S01012317,281,11,206
S01012318,375,14,220
S01012319,372,11,226
S01012320,279,14,205
S01012321,427,18,312
S01012322,472,19,391
S01012323,437,5,381
S01012324,482,11,426
S01012325,195,8,302
S01012326,255,10,227
S01012327,356,12,291
S01012328,212,4,287
S01012329,395,11,318
S01012330,243,8,250
S01012331,339,13,180
S01012332,508,17,350
S01012333,508,7,375
S01012334,402,7,375
S01012335,484,14,260
S01012336,281,10,206
S01012337,336,15,303
S01012338,333,14,328
S01012339,254,6,307
S01012340,471,13,507
S01012341,481,13,298
S01012342,440,13,344
S01012343,473,6,368
S01012344,337,13,204
S01012345,422,15,284
S01012346,411,12,281
S01012347,323,12,288
S01012348,292,8,251
S01012349,381,13,309
S01012350,374,10,320
S01012351,424,14,221
S01012352,341,11,262
S01012353,355,6,297
S01012354,359,3,313
S01012355,498,8,346
S01012356,324,12,268
S01012357,427,6,379
S01012358,406,3,319
S01012359,324,15,287
S01012360,276,11,245
S01012361,259,4,201
S01012362,316,6,193
S01012363,498,17,360
S01012364,291,3,245
S01012365,477,7,302
S01012366,391,10,327
S01012367,375,2,302
S01012368,300,13,278
S01012369,399,14,285
S01012370,448,13,312
S01012371,450,12,410
S01012372,267,6,272
S01012373,435,11,355
S01012374,461,16,258
S01012375,451,18,259
S01012376,469,15,339
S01012377,291,4,245
S01012378,285,7,231
S01012379,256,8,214
S01012380,438,7,277
S01012381,363,11,329
S01012382,413,20,352
S01012383,360,6,340
S01012384,261,3,202
S01012385,344,5,211
S01012386,389,20,336
S01012387,473,6,238
S01012388,423,9,217
S01012389,509,14,229
S01012390,458,14,176
S01012391,668,27,271
S01012392,378,21,226
S01012393,405,22,201
S01012394,311,11,234
S01012395,245,12,147
S01012396,329,7,164
S01012397,433,16,261
S01012398,449,10,208
S01012399,345,19,218
S01012400,320,3,153
S01012401,378,25,220
S01012402,480,13,133
S01012403,531,8,274
S01012404,429,13,211
S01012405,451,10,184
S01012406,363,11,156
S01012407,434,26,198
S01012408,340,13,141
S01012409,341,1,190
S01012410,557,23,237
S01012411,523,13,238
S01012412,334,10,187
S01012413,425,6,352
S01012414,341,5,238
S01012415,282,6,156
S01012416,246,3,160
S01012417,233,11,250
S01012418,389,4,302
S01012419,344,10,320
S01012420,322,12,310
S01012421,325,4,288
S01012422,400,19,341
S01012423,345,9,321
S01012424,380,29,327
S01012425,193,18,240
S01012426,213,9,208
S01012427,232,13,220
S01012428,236,15,266
S01012429,212,9,235
S01012430,217,12,242
S01012431,340,12,406
S01012432,267,15,327
S01012433,218,10,219
S01012434,247,12,224
S01012435,315,19,201
S01012436,275,4,213
S01012437,292,15,182
S01012438,386,28,247
S01012439,266,21,332
S01012440,213,16,226
S01012441,391,13,315
S01012442,820,37,557
S01012443,373,13,253
S01012444,413,26,330
S01012445,231,23,164
S01012446,225,16,184
S01012447,390,21,276
S01012448,452,39,301
S01012449,285,12,153
S01012450,519,23,337
S01012451,331,13,548
S01012452,245,11,289
S01012453,290,14,346
S01012454,273,15,291
S01012455,237,9,276
S01012456,301,16,308
S01012457,263,14,452
S01012458,310,12,367
S01012459,260,15,145
S01012460,187,3,278
S01012461,331,24,211
S01012462,359,15,240
S01012463,265,16,180
S01012464,258,17,177
S01012465,294,13,221
S01012466,316,19,311
S01012467,351,15,219
S01012468,388,19,204
S01012469,279,17,330
S01012470,416,27,366
S01012471,290,18,401
S01012472,259,15,314
S01012473,231,12,212
S01012474,252,16,338
S01012475,244,14,289
S01012476,456,27,269
S01012477,287,17,223
S01012478,453,21,297
S01012479,338,11,185
S01012480,177,11,233
S01012481,490,26,319
S01012482,312,14,400
S01012483,306,21,347
S01012484,339,14,325
S01012485,320,18,478
S01012486,147,4,357
S01012487,224,11,182
S01012488,427,10,393
S01012489,401,28,329
S01012490,464,30,408
S01012491,178,41,194
S01012492,306,12,306
S01012493,160,14,150
S01012494,422,94,296
S01012495,444,26,288
S01012496,286,10,280
S01012497,219,3,163
S01012498,375,22,266
S01012499,280,18,247
S01012500,235,11,200
S01012501,197,7,202
S01012502,241,19,282
S01012503,264,7,231
S01012504,314,11,255
S01012505,436,21,367
S01012506,239,8,255
S01012507,386,16,309
S01012508,417,18,259
S01012509,273,12,187
S01012510,486,21,273
S01012511,197,10,207
S01012512,188,18,175
S01012513,216,10,194
S01012514,553,36,222
S01012515,252,18,271
S01012516,307,17,262
S01012517,488,35,403
S01012518,205,6,223
S01012519,238,4,190
S01012520,275,8,364
S01012521,239,10,173
S01012522,354,23,375
S01012523,360,29,291
S01012524,357,18,406
S01012525,304,13,277
S01012526,300,23,327
S01012527,257,18,296
S01012528,385,30,234
S01012529,254,21,186
S01012530,374,16,361
S01012531,521,32,302
S01012532,505,20,316
S01012533,216,10,196
S01012534,271,11,254
S01012535,398,19,243
S01012536,391,10,263
S01012537,315,11,242
S01012538,513,15,418
S01012539,268,14,222
S01012540,282,16,235
S01012541,560,34,328
S01012542,656,33,398
S01012543,362,17,200
S01012544,363,14,373
S01012545,203,6,145
S01012546,414,16,263
S01012547,231,12,303
S01012548,948,34,569
S01012549,219,11,170
S01012550,352,31,246
S01012551,331,23,262
S01012552,332,15,389
S01012553,448,22,254
S01012554,199,16,165
S01012555,228,13,175
S01012556,190,9,226
S01012557,254,12,272
S01012558,247,15,197
S01012559,227,7,349
S01012560,223,15,219
S01012561,294,11,291
S01012562,315,9,268
S01012563,273,14,356
S01012564,254,14,272
S01012565,275,11,335
S01012566,329,13,339
S01012567,371,19,398
S01012568,188,8,259
S01012569,353,12,472
S01012570,220,7,150
S01012571,375,7,245
S01012572,224,6,177
S01012573,446,11,306
S01012574,442,8,326
S01012575,342,13,226
S01012576,342,15,240
S01012577,630,22,354
S01012578,377,15,343
S01012579,402,12,254
S01012580,452,9,284
S01012581,307,9,214
S01012582,509,18,310
S01012583,347,4,211
S01012584,362,14,268
S01012585,414,11,258
S01012586,451,19,307
S01012587,473,14,251
S01012588,333,4,200
S01012589,298,17,215
S01012590,355,5,291
S01012591,297,12,279
S01012592,422,20,126
S01012593,428,13,267
S01012594,231,9,158
S01012595,279,7,233
S01012596,322,17,229
S01012597,270,16,99
S01012598,273,13,255
S01012599,299,13,250
S01012600,333,17,232
S01012601,457,21,280
S01012602,292,11,251
S01012603,274,21,219
S01012604,272,17,234
S01012605,227,11,197
S01012606,500,32,105
S01012607,355,21,241
S01012608,368,17,289
S01012609,369,16,274
S01012610,403,24,341
S01012611,571,28,314
S01012612,278,10,288
S01012613,286,7,204
S01012614,422,20,412
S01012615,389,11,288
S01012616,473,25,315
S01012617,525,11,161
S01012618,257,10,160
S01012619,217,9,251
S01012620,288,13,332
S01012621,240,8,257
S01012622,382,18,235
S01012623,307,9,231
S01012624,327,18,224
S01012625,276,8,149
S01012626,218,4,182
S01012627,314,16,200
S01012628,592,34,396
S01012629,238,10,173
S01012630,341,14,441
S01012631,366,27,173
S01012632,391,14,244
S01012633,293,11,231
S01012634,335,19,244
S01012635,577,18,410
S01012636,452,13,198
S01012637,325,19,267
S01012638,400,15,318
S01012639,391,20,310
S01012640,307,9,355
S01012641,392,18,422
S01012642,306,8,309
S01012643,191,17,153
S01012644,314,19,215
S01012645,400,20,296
S01012646,444,31,311
S01012647,372,20,118
S01012648,250,11,161
S01012649,270,11,202
S01012650,342,9,251
S01012651,283,7,232
S01012652,493,21,379
S01012653,476,14,267
S01012654,773,40,298
S01012655,456,17,417
S01012656,345,15,278
S01012657,243,20,170
S01012658,402,18,353
S01012659,571,44,183
S01012660,328,14,267
S01012661,443,17,224
S01012662,374,11,315
S01012663,298,15,248
S01012664,449,22,321
S01012665,337,25,236
S01012666,257,10,249
S01012667,226,10,250
S01012668,337,26,228
S01012669,262,13,237
S01012670,319,17,243
S01012671,422,16,296
S01012672,337,9,276
S01012673,237,10,229
S01012674,264,13,213
S01012675,336,11,295
S01012676,402,25,192
S01012677,268,17,195
S01012678,476,11,197
S01012679,325,21,275
S01012680,276,14,140
S01012681,517,26,220
S01012682,309,16,287
S01012683,323,19,242
S01012684,264,8,155
S01012685,325,19,252
S01012686,428,25,339
S01012687,189,10,258
S01012688,382,12,303
S01012689,214,8,161
S01012690,229,20,153
S01012691,329,15,224
S01012692,299,17,297
S01012693,559,37,289
S01012694,195,12,151
S01012695,451,22,229
S01012696,500,12,226
S01012697,635,21,187
S01012698,435,18,318
S01012699,717,35,385
S01012700,384,18,258
S01012701,726,34,284
S01012702,628,24,249
S01012703,300,29,127
S01012704,338,16,217
S01012705,357,28,261
S01012706,353,14,227
S01012707,335,33,271
S01012708,286,14,221
S01012709,242,18,246
S01012710,299,12,264
S01012711,386,21,377
S01012712,355,19,276
S01012713,338,29,255
S01012714,283,27,270
S01012715,321,16,212
S01012716,338,27,425
S01012717,456,50,481
S01012718,374,25,379
S01012719,552,21,269
S01012720,252,24,123
S01012721,283,19,236
S01012722,295,22,268
S01012723,288,16,247
S01012724,358,28,241
S01012725,461,37,254
S01012726,295,17,205
S01012727,253,21,241
S01012728,334,33,244
S01012729,400,31,230
S01012730,233,22,188
S01012731,379,22,218
S01012732,273,6,202
S01012733,1538,104,231
S01012734,364,26,82
S01012735,223,7,138
S01012736,463,43,289
S01012737,399,42,203
S01012738,269,19,181
S01012739,517,26,108
S01012740,535,36,145
S01012741,259,6,159
S01012742,297,15,237
S01012743,230,18,204
S01012744,300,10,202
S01012745,568,23,285
S01012746,376,22,188
S01012747,378,12,277
S01012748,341,29,265
S01012749,365,32,254
S01012750,400,32,251
S01012751,376,21,284
S01012752,392,14,220
S01012753,202,11,167
S01012754,281,16,225
S01012755,169,10,171
S01012756,169,5,225
S01012757,181,8,142
S01012758,248,13,213
S01012759,330,25,259
S01012760,402,32,364
S01012761,284,16,266
S01012762,311,13,223
S01012763,181,14,130
S01012764,336,19,237
S01012765,330,11,238
S01012766,431,37,229
S01012767,243,10,188
S01012768,302,12,257
S01012769,219,17,85
S01012770,435,41,255
S01012771,266,11,226
S01012772,292,17,206
S01012773,402,19,311
S01012774,420,26,262
S01012775,189,15,146
S01012776,309,14,211
S01012777,536,32,198
S01012778,333,24,186
S01012779,227,16,156
S01012780,285,11,239
S01012781,349,18,319
S01012782,208,14,187
S01012783,318,20,207
S01012784,337,21,222
S01012785,293,18,254
S01012786,296,25,200
S01012787,274,12,99
S01012788,293,8,214
S01012789,308,39,259
S01012790,337,17,176
S01012791,331,21,291
S01012792,425,17,444
S01012793,281,13,261
S01012794,301,13,289
S01012795,424,11,353
S01012796,397,25,179
S01012797,306,10,211
S01012798,542,27,276
S01012799,387,31,340
S01012800,385,21,306
S01012801,149,0,242
S01012802,245,19,200
S01012803,276,13,234
S01012804,313,20,241
S01012805,400,16,262
S01012806,414,25,206
S01012807,305,23,193
S01012808,1097,48,594
S01012809,312,17,215
S01012810,324,20,364
S01012811,396,16,251
S01012812,286,15,202
S01012813,402,20,367
S01012814,457,27,189
S01012815,527,34,170
S01012816,303,27,132
S01012817,303,32,95
S01012818,425,44,189
S01012819,314,12,262
S01012820,2740,111,396
S01012821,437,29,147
S01012822,178,12,140
S01012823,454,40,156
S01012824,345,19,166
S01012825,241,15,153
S01012826,238,26,177
S01012827,397,24,136
S01012828,544,22,120
S01012829,332,25,283
S01012830,325,17,261
S01012831,282,12,270
S01012832,247,22,209
S01012833,301,21,257
S01012834,296,9,301
S01012835,441,18,354
S01012836,381,16,174
S01012837,214,21,221
S01012838,256,16,258
S01012839,301,10,197
S01012840,471,31,172
S01012841,261,11,195
S01012842,224,3,176
S01012843,426,45,276
S01012844,338,20,184
S01012845,371,18,273
S01012846,360,23,369
S01012847,241,22,210
S01012848,375,19,157
S01012849,379,15,184
S01012850,316,12,279
S01012851,398,22,266
S01012852,349,20,240
S01012853,345,15,312
S01012854,370,19,245
S01012855,345,11,133
S01012856,741,34,350
S01012857,317,8,404
S01012858,327,25,285
S01012859,586,38,258
S01012860,339,18,417
S01012861,350,10,197
S01012862,251,18,154
S01012863,364,17,252
S01012864,347,23,235
S01012865,354,16,298
S01012866,358,20,272
S01012867,273,11,325
S01012868,229,14,212
S01012869,228,14,210
S01012870,398,20,362
S01012871,375,12,306
S01012872,382,26,191
S01012873,372,16,201
S01012874,381,24,262
S01012875,260,14,182
S01012876,538,31,307
S01012877,332,14,284
S01012878,737,34,351
S01012879,383,20,213
S01012880,379,26,350
S01012881,353,27,381
S01012882,205,15,167
S01012883,215,4,188
S01012884,180,6,206
S01012885,253,19,203
S01012886,379,25,279
S01012887,335,14,286
S01012888,360,12,295
S01012889,552,33,222
S01012890,362,29,278
S01012891,223,7,159
S01012892,535,30,461
S01012893,316,20,246
S01012894,1346,74,350
S01012895,843,41,201
S01012896,330,14,316
S01012897,631,44,203
S01012898,321,19,81
S01012899,219,14,183
S01012900,1853,74,660
S01012901,374,20,199
S01012902,342,19,210
S01012903,396,26,218
S01012904,455,34,241
S01012905,300,18,168
S01012906,408,20,260
S01012907,440,31,291
S01012908,359,25,211
S01012909,214,10,211
S01012910,416,20,312
S01012911,381,23,229
S01012912,301,19,205
S01012913,411,18,273
S01012914,423,28,220
S01012915,602,48,261
S01012916,296,16,253
S01012917,328,22,212
S01012918,268,22,150
S01012919,179,9,138
S01012920,235,10,246
S01012921,322,20,200
S01012922,702,47,285
S01012923,363,16,188
S01012924,245,9,113
S01012925,234,14,137
S01012926,343,22,184
S01012927,407,17,196
S01012928,395,31,325
S01012929,362,18,235
S01012930,325,17,321
S01012931,547,30,371
S01012932,255,13,156
S01012933,390,19,283
S01012934,358,24,315
S01012935,469,22,235
S01012936,349,24,258
S01012937,311,17,209
S01012938,290,32,284
S01012939,317,25,166
S01012940,304,15,207
S01012941,365,24,220
S01012942,373,19,215
S01012943,341,22,201
S01012944,206,11,162
S01012945,527,29,247
S01012946,419,21,186
S01012947,192,21,137
S01012948,296,16,203
S01012949,312,14,233
S01012950,460,29,190
S01012951,579,37,199
S01012952,595,37,364
S01012953,290,20,210
S01012954,224,10,133
S01012955,570,44,244
S01012956,399,28,401
S01012957,266,10,191
S01012958,323,16,153
S01012959,263,26,158
S01012960,263,19,177
S01012961,277,17,166
S01012962,253,15,222
S01012963,348,29,180
S01012964,377,33,133
S01012965,310,33,243
S01012966,731,37,299
S01012967,223,10,136
S01012968,257,21,198
S01012969,322,35,251
S01012970,236,17,217
S01012971,376,33,227
S01012972,316,19,253
S01012973,364,19,250
S01012974,531,24,458
S01012975,236,18,211
S01012976,266,21,190
S01012977,316,18,198
S01012978,302,23,241
S01012979,287,24,212
S01012980,303,11,192
S01012981,381,31,154
S01012982,401,26,212
S01012983,337,40,256
S01012984,312,10,168
S01012985,379,24,215
S01012986,473,21,251
S01012987,326,17,229
S01012988,423,20,287
S01012989,454,24,324
S01012990,269,10,220
S01012991,393,24,259
S01012992,374,22,238
S01012993,342,14,224
S01012994,399,17,327
S01012995,366,9,237
S01012996,298,16,182
S01012997,222,9,142
S01012998,511,44,277
S01012999,228,12,127
S01013000,317,10,192
S01013001,151,8,94
S01013002,259,11,161
S01013003,254,12,201
S01013004,304,18,230
S01013005,460,9,289
S01013006,178,12,100
S01013007,453,8,390
S01013008,455,10,297
S01013009,281,19,183
S01013010,365,13,202
S01013011,335,20,182
S01013012,305,16,177
S01013013,488,21,292
S01013014,383,15,295
S01013015,415,8,211
S01013016,275,8,171
S01013017,393,11,307
S01013018,425,14,328
S01013019,492,22,230
S01013020,209,9,171
S01013021,239,7,133
S01013022,246,15,112
S01013023,330,28,337
S01013024,244,15,182
S01013025,611,15,269
S01013026,494,23,305
S01013027,363,13,360
S01013028,275,9,132
S01013029,284,15,214
S01013030,326,21,166
S01013031,319,7,174
S01013032,473,21,136
S01013033,415,24,169
S01013034,310,6,215
S01013035,334,10,195
S01013036,328,14,220
S01013037,345,18,246
S01013038,484,17,272
S01013039,250,24,131
S01013040,271,20,233
S01013041,304,17,159
S01013042,413,17,198
S01013043,331,22,200
S01013044,326,12,231
S01013045,323,21,215
S01013046,238,10,161
S01013047,492,40,210
S01013048,377,18,198
S01013049,411,30,265
S01013050,312,12,298
S01013051,421,24,277
S01013052,402,14,268
S01013053,252,26,270
S01013054,257,10,179
S01013055,332,21,188
S01013056,606,27,324
S01013057,403,27,292
S01013058,360,26,130
S01013059,463,32,433
S01013060,211,20,235
S01013061,390,18,346
S01013062,372,16,400
S01013063,350,21,311
S01013064,345,20,291
S01013065,360,51,262
S01013066,368,79,298
S01013067,266,314,342
S01013068,250,161,295
S01013069,283,188,234
S01013070,203,161,183
S01013071,203,395,391
S01013072,273,16,240
S01013073,701,60,374
S01013074,512,39,284
S01013075,356,42,359
S01013076,226,138,277
S01013077,315,25,247
S01013078,255,29,205
S01013079,574,45,299
S01013080,323,45,258
S01013081,508,32,302
S01013082,355,24,336
S01013083,222,739,1156
S01013084,309,7,285
S01013085,202,101,219
S01013086,393,37,309
S01013087,360,51,318
S01013088,303,17,399
S01013089,341,27,323
S01013090,350,84,233
S01013091,282,214,265
S01013092,416,67,260
S01013093,228,12,195
S01013094,243,16,204
S01013095,334,23,200
S01013096,270,21,196
S01013097,493,19,247
S01013098,383,35,117
S01013099,386,23,364
S01013100,267,14,262
S01013101,408,21,324
S01013102,241,16,248
S01013103,470,33,227
S01013104,378,14,338
S01013105,419,28,326
S01013106,381,26,224
S01013107,632,29,391
S01013108,328,7,195
S01013109,682,17,376
S01013110,309,9,188
S01013111,186,4,139
S01013112,271,8,187
S01013113,366,20,261
S01013114,391,14,286
S01013115,263,15,248
S01013116,331,18,331
S01013117,301,13,154
S01013118,249,2,179
S01013119,385,12,263
S01013120,488,19,297
S01013121,208,3,111
S01013122,83,14,57
S01013123,435,46,328
S01013124,309,14,203
S01013125,353,17,309
S01013126,306,15,232
S01013127,370,39,270
S01013128,349,19,286
S01013129,555,35,405
S01013130,322,33,208
S01013131,316,18,150
S01013132,258,10,185
S01013133,433,20,424
S01013134,361,27,257
S01013135,383,22,276
S01013136,392,21,288
S01013137,314,21,259
S01013138,484,32,259
S01013139,305,15,259
S01013140,258,26,238
S01013141,440,25,299
S01013142,401,34,348
S01013143,344,20,214
S01013144,378,17,312
S01013145,313,21,233
S01013146,241,18,133
S01013147,404,22,272
S01013148,319,13,262
S01013149,416,26,220
S01013150,341,24,313
S01013151,244,8,143
S01013152,401,30,293
S01013153,363,31,270
S01013154,406,21,256
S01013155,380,25,197
S01013156,344,21,230
S01013157,449,25,288
S01013158,319,19,272
S01013159,240,11,207
S01013160,381,15,278
S01013161,455,25,308
S01013162,322,21,292
S01013163,265,8,207
S01013164,460,41,288
S01013165,388,34,341
S01013166,346,11,248
S01013167,358,27,217
S01013168,367,25,293
S01013169,371,23,304
S01013170,190,11,137
S01013171,271,27,167
S01013172,317,15,252
S01013173,374,12,241
S01013174,387,29,183
S01013175,465,37,212
S01013176,285,8,223
S01013177,300,17,182
S01013178,327,20,236
S01013179,331,14,265
S01013180,216,9,112
S01013181,316,20,245
S01013182,325,9,237
S01013183,319,28,338
S01013184,158,14,100
S01013185,308,15,202
S01013186,333,11,152
S01013187,349,16,189
S01013188,505,37,289
S01013189,199,19,158
S01013190,397,28,252
S01013191,705,46,296
S01013192,379,25,283
S01013193,620,29,347
S01013194,287,17,102
S01013195,699,47,428
S01013196,341,8,143
S01013197,269,15,253
S01013198,642,26,421
S01013199,378,21,422
S01013200,301,23,241
S01013201,338,29,272
S01013202,242,19,190
S01013203,334,32,205
S01013204,376,13,164
S01013205,251,10,205
S01013206,291,11,167
S01013207,455,29,323
S01013208,395,21,300
S01013209,367,16,276
S01013210,331,14,220
S01013211,383,20,275
S01013212,264,26,125
S01013213,280,6,138
S01013214,245,11,64
S01013215,797,40,273
S01013216,192,11,132
S01013217,309,17,201
S01013218,212,6,154
S01013219,200,4,133
S01013220,283,16,157
S01013221,414,22,261
S01013222,258,7,223
S01013223,419,16,407
S01013224,423,16,214
S01013225,346,21,216
S01013226,271,12,113
S01013227,293,23,251
S01013228,326,6,254
S01013229,367,18,218
S01013230,253,7,217
S01013231,269,3,217
S01013232,299,16,275
S01013233,297,17,222
S01013234,191,16,96
S01013235,354,12,244
S01013236,343,12,368
S01013237,358,20,216
S01013238,366,25,340
S01013239,370,34,235
S01013240,194,11,186
S01013241,349,11,335
S01013242,311,9,202
S01013243,298,8,203
S01013244,291,14,258
S01013245,476,19,278
S01013246,306,19,135
S01013247,331,27,265
S01013248,270,18,205
S01013249,213,6,121
S01013250,688,26,315
S01013251,318,23,201
S01013252,226,13,142
S01013253,325,7,242
S01013254,260,10,203
S01013255,465,17,752
S01013256,382,24,273
S01013257,325,12,303
S01013258,306,13,270
S01013259,366,23,235
S01013260,453,18,223
S01013261,394,18,228
S01013262,283,7,194
S01013263,244,17,144
S01013264,234,20,108
S01013265,345,29,134
S01013266,296,31,109
S01013267,213,12,231
S01013268,349,15,181
S01013269,1046,54,337
S01013270,385,30,196
S01013271,226,7,240
S01013272,381,32,182
S01013273,532,42,175
S01013274,344,10,267
S01013275,285,25,248
S01013276,292,13,171
S01013277,410,26,274
S01013278,385,30,333
S01013279,273,14,218
S01013280,306,16,174
S01013281,363,23,261
S01013282,389,27,205
S01013283,463,21,224
S01013284,343,7,175
S01013285,293,14,168
S01013286,309,18,180
S01013287,358,33,205
S01013288,322,19,206
S01013289,687,25,270
S01013290,464,26,146
S01013291,371,15,125
S01013292,866,33,300
S01013293,325,14,197
S01013294,322,15,158
S01013295,352,10,201
S01013296,308,17,236
S01013297,331,21,188
S01013298,1627,63,470
S01013299,539,23,282
S01013300,339,7,235
S01013301,251,5,174
S01013302,454,23,164
S01013303,365,21,309
S01013304,430,16,262
S01013305,369,25,234
S01013306,415,24,288
S01013307,449,22,265
S01013308,383,24,278
S01013309,502,34,155
S01013310,303,14,151
S01013311,375,34,230
S01013312,535,28,324
S01013313,318,27,164
S01013314,319,16,217
S01013315,421,36,102
S01013316,244,14,231
S01013317,325,8,301
S01013318,336,12,141
S01013319,300,21,115
S01013320,567,29,133
S01013321,200,4,147
S01013322,336,18,266
S01013323,420,21,278
S01013324,286,13,197
S01013325,484,22,293
S01013326,249,16,155
S01013327,307,21,167
S01013328,297,11,152
S01013329,258,12,170
S01013330,608,40,191
S01013331,385,12,95
S01013332,328,28,218
S01013333,453,15,169
S01013334,374,19,187
S01013335,362,20,196
S01013336,363,18,246
S01013337,410,20,311
S01013338,307,23,85
S01013339,270,10,165
S01013340,353,8,279
S01013341,546,30,284
S01013342,296,19,210
S01013343,307,11,175
S01013344,339,10,296
S01013345,385,26,224
S01013346,433,36,174
S01013347,393,19,182
S01013348,436,25,144
S01013349,478,27,110
S01013350,301,10,178
S01013351,299,17,204
S01013352,364,18,229
S01013353,327,10,224
S01013354,330,26,263
S01013355,316,25,156
S01013356,294,13,203
S01013357,511,22,345
S01013358,369,22,293
S01013359,274,20,198
S01013360,304,6,245
S01013361,219,7,205
S01013362,216,8,138
S01013363,342,13,248
S01013364,472,22,269
S01013365,471,16,341
S01013366,450,29,196
S01013367,246,11,113
S01013368,369,14,272
S01013369,338,15,314
S01013370,303,18,257
S01013371,251,6,276
S01013372,497,39,405
S01013373,431,14,265
S01013374,358,25,333
S01013375,217,8,146
S01013376,243,19,202
S01013377,373,20,270
S01013378,435,18,272
S01013379,314,17,255
S01013380,2056,91,367
S01013381,186,6,137
S01013382,295,14,127
S01013383,303,12,276
S01013384,390,14,272
S01013385,213,10,145
S01013386,383,25,217
S01013387,300,16,181
S01013388,330,14,283
S01013389,327,12,207
S01013390,224,6,128
S01013391,200,14,119
S01013392,457,20,106
S01013393,344,14,213
S01013394,256,11,218
S01013395,225,20,202
S01013396,432,6,76
S01013397,421,17,228
S01013398,311,34,98
S01013399,595,38,217
S01013400,405,26,275
S01013401,1920,87,430
S01013402,702,27,139
S01013403,555,37,124
S01013404,312,10,104
S01013405,272,14,220
S01013406,302,13,165
S01013407,251,21,153
S01013408,271,19,195
S01013409,462,25,293
S01013410,275,18,186
S01013411,409,14,189
S01013412,359,22,203
S01013413,377,18,242
S01013414,331,11,354
S01013415,251,12,253
S01013416,245,20,177
S01013417,398,23,248
S01013418,303,7,159
S01013419,207,8,136
S01013420,260,12,150
S01013421,414,31,138
S01013422,377,17,194
S01013423,386,18,321
S01013424,241,14,127
S01013425,168,6,101
S01013426,327,25,232
S01013427,315,26,86
S01013428,376,14,238
S01013429,390,15,168
S01013430,457,18,228
S01013431,309,13,223
S01013432,390,17,234
S01013433,366,16,224
S01013434,317,8,146
S01013435,289,12,176
S01013436,388,21,234
S01013437,311,15,179
S01013438,265,16,186
S01013439,332,10,349
S01013440,391,16,363
S01013441,335,13,260
S01013442,317,9,235
S01013443,316,8,192
S01013444,419,19,358
S01013445,231,22,284
S01013446,353,19,225
S01013447,298,15,91
S01013448,284,9,327
S01013449,269,7,201
S01013450,270,15,159
S01013451,372,13,218
S01013452,413,16,221
S01013453,348,10,244
S01013454,415,15,220
S01013455,1054,38,304
S01013456,376,17,215
S01013457,400,14,279
S01013458,697,18,260
S01013459,363,17,300
S01013460,386,19,250
S01013461,597,39,214
S01013462,436,17,198
S01013463,442,32,254
S01013464,328,13,244
S01013465,273,13,237
S01013466,174,26,193
S01013467,483,23,225
S01013468,287,2,294
S01013469,338,13,259
S01013470,329,15,230
S01013471,432,8,254
S01013472,389,21,191
S01013473,373,29,93
S01013474,301,24,109
S01013475,298,12,176
S01013476,251,9,218
S01013477,250,10,216
S01013478,427,23,193
S01013479,309,21,265
S01013480,276,18,234
S01013481,553,17,210
,,,
,,,
Cells in this table have been randomly adjusted to avoid the release of confidential data.,,,