Intermediate Zone - Data Zone 2011,White: Total,Mixed or multiple ethnic group,"Asian, Asian Scottish or Asian British: Total",African: Total,Caribbean or Black: Total,Other ethnic groups: Total
S01006506,890,30,27,19,0,3
S01006507,711,5,25,10,0,8
S01006508,503,13,16,5,1,3
S01006509,500,20,35,0,3,1
S01006510,586,16,12,4,0,3
S01006511,665,8,15,9,0,6
S01006512,558,11,21,2,2,5
S01006513,949,22,84,45,2,27
S01006514,903,39,70,15,1,12
S01006515,616,12,96,3,0,11
S01006516,518,33,22,33,3,20
S01006517,1762,66,92,88,10,39
S01006518,558,12,49,25,0,4
S01006519,684,21,68,13,5,27
S01006520,559,12,60,9,0,44
S01006521,603,28,70,0,0,15
S01006522,594,18,48,18,0,14
S01006523,782,19,52,17,0,16
S01006524,889,22,48,40,3,37
S01006525,630,14,116,20,0,37
S01006526,691,5,37,129,2,15
S01006527,742,18,83,49,9,11
S01006528,841,19,56,168,2,64
S01006529,675,17,77,94,1,12
S01006530,576,23,46,76,0,13
S01006531,698,17,55,101,2,6
S01006532,584,11,47,17,2,0
S01006533,652,9,29,3,2,9
S01006534,802,20,29,15,7,3
S01006535,882,24,45,23,1,12
S01006536,642,24,28,26,3,15
S01006537,787,1,22,2,2,5
S01006538,509,14,20,5,0,4
S01006539,691,6,26,5,2,5
S01006540,786,12,24,31,2,10
S01006541,778,10,19,5,0,20
S01006542,933,11,59,39,2,23
S01006543,707,5,30,12,0,8
S01006544,893,28,102,30,4,20
S01006545,885,16,37,27,1,10
S01006546,533,5,20,11,1,5
S01006547,1953,39,161,80,1,40
S01006548,621,8,25,11,0,20
S01006549,791,5,46,0,1,20
S01006550,823,7,22,18,3,5
S01006551,485,8,30,2,0,4
S01006552,820,13,39,24,0,28
S01006553,686,7,97,0,2,2
S01006554,655,7,106,23,4,7
S01006555,364,8,39,8,2,0
S01006556,682,4,54,1,0,1
S01006557,659,15,24,42,1,10
S01006558,500,12,32,6,1,16
S01006559,466,14,17,14,0,7
S01006560,845,19,63,14,0,21
S01006561,650,17,71,16,0,26
S01006562,757,37,84,20,1,36
S01006563,690,27,80,23,0,19
S01006564,644,20,100,34,2,30
S01006565,550,26,50,81,4,22
S01006566,650,28,50,26,7,13
S01006567,513,13,91,59,2,13
S01006568,680,21,78,64,3,34
S01006569,410,15,19,25,1,12
S01006570,617,8,38,22,4,13
S01006571,859,23,43,61,2,20
S01006572,790,11,54,14,0,22
S01006573,644,21,26,12,1,2
S01006574,907,20,38,4,7,5
S01006575,780,24,42,16,2,15
S01006576,589,17,27,16,2,6
S01006577,646,28,28,36,0,7
S01006578,788,26,99,48,5,26
S01006579,631,25,60,52,10,40
S01006580,538,26,39,37,1,8
S01006581,776,27,22,9,0,10
S01006582,606,26,49,183,7,18
S01006583,731,22,42,63,5,11
S01006584,490,14,41,25,3,30
S01006585,598,22,58,99,12,42
S01006586,902,24,121,95,2,35
S01006587,454,9,45,76,3,18
S01006588,424,22,40,107,2,31
S01006589,447,12,39,94,1,19
S01006590,582,10,56,53,12,24
S01006591,518,22,56,59,0,12
S01006592,485,13,65,61,1,8
S01006593,525,14,41,22,2,6
S01006594,432,7,24,30,4,5
S01006595,706,11,55,45,5,25
S01006596,663,10,35,33,0,4
S01006597,391,5,7,25,3,6
S01006598,737,13,17,37,2,33
S01006599,681,15,22,56,1,11
S01006600,963,18,47,39,2,17
S01006601,741,20,54,57,5,18
S01006602,729,20,28,10,0,7
S01006603,586,6,22,22,0,11
S01006604,571,6,25,8,1,1
S01006605,604,12,16,30,0,11
S01006606,738,6,13,6,0,4
S01006607,808,8,9,19,4,1
S01006608,2069,36,149,117,6,33
S01006609,853,7,14,5,2,1
S01006610,433,6,5,16,0,1
S01006611,836,5,16,28,1,0
S01006612,713,9,4,16,3,2
S01006613,420,5,31,16,1,3
S01006614,555,13,17,22,0,0
S01006615,671,3,34,59,0,0
S01006616,601,1,14,15,0,6
S01006617,727,4,4,8,1,0
S01006618,425,1,2,0,0,0
S01006619,682,15,14,16,0,4
S01006620,717,1,20,12,1,1
S01006621,432,6,8,14,0,4
S01006622,532,15,22,19,0,1
S01006623,896,17,17,26,6,5
S01006624,817,17,37,46,3,5
S01006625,473,5,19,27,0,0
S01006626,459,4,6,17,0,1
S01006627,589,16,17,37,2,9
S01006628,627,12,45,62,5,15
S01006629,769,12,52,9,1,11
S01006630,639,10,9,16,0,11
S01006631,852,14,12,21,3,7
S01006632,587,5,30,14,0,0
S01006633,577,9,8,26,0,4
S01006634,487,6,19,11,0,14
S01006635,586,3,8,16,2,1
S01006636,756,12,19,14,2,8
S01006637,501,12,35,28,2,8
S01006638,619,12,57,40,5,14
S01006639,783,23,70,30,1,15
S01006640,659,20,88,84,1,78
S01006641,753,38,70,106,4,21
S01006642,1118,38,93,85,5,29
S01006643,466,16,36,45,3,22
S01006644,866,17,65,88,2,32
S01006645,474,5,62,32,2,3
S01006646,790,33,117,95,0,32
S01006647,471,18,65,25,1,20
S01006648,926,21,132,164,9,36
S01006649,722,26,112,98,4,11
S01006650,497,36,55,58,1,22
S01006651,602,17,85,131,5,23
S01006652,738,32,98,96,6,17
S01006653,445,16,64,35,3,21
S01006654,653,22,34,26,1,13
S01006655,791,26,159,32,1,46
S01006656,642,28,114,62,1,35
S01006657,340,24,40,17,5,16
S01006658,1040,31,165,125,2,56
S01006659,523,13,44,15,3,15
S01006660,354,7,108,21,0,11
S01006661,383,8,59,13,3,7
S01006662,543,19,68,41,7,26
S01006663,407,12,36,24,1,12
S01006664,305,7,53,48,2,17
S01006665,682,29,72,71,4,30
S01006666,959,22,32,28,3,9
S01006667,567,10,44,28,1,14
S01006668,602,27,88,70,6,33
S01006669,716,24,101,70,4,29
S01006670,1079,27,97,92,11,34
S01006671,1572,68,179,127,7,32
S01006672,546,29,57,50,2,19
S01006673,618,15,43,59,0,15
S01006674,699,9,25,15,1,7
S01006675,710,19,20,26,0,5
S01006676,527,8,40,8,3,4
S01006677,858,4,40,70,2,27
S01006678,1359,27,74,45,4,25
S01006679,517,7,17,13,1,2
S01006680,779,21,40,29,4,4
S01006681,751,17,24,34,1,5
S01006682,726,24,66,37,4,15
S01006683,702,16,55,61,1,34
S01006684,566,9,29,24,1,10
S01006685,476,9,24,21,1,9
S01006686,408,10,29,11,1,6
S01006687,647,19,31,20,2,3
S01006688,760,11,52,24,4,2
S01006689,719,43,203,51,0,81
S01006690,445,15,61,44,2,8
S01006691,498,12,74,37,1,15
S01006692,569,26,36,23,0,4
S01006693,810,14,82,79,4,29
S01006694,795,7,54,13,1,6
S01006695,525,3,134,14,8,6
S01006696,590,3,104,32,3,0
S01006697,621,7,91,30,1,9
S01006698,543,6,65,16,5,6
S01006699,308,6,58,13,0,7
S01006700,561,14,106,35,4,13
S01006701,563,2,42,1,0,2
S01006702,672,7,25,5,2,0
S01006703,492,2,65,12,1,4
S01006704,472,3,25,4,0,7
S01006705,748,8,26,6,0,7
S01006706,531,3,35,7,0,2
S01006707,408,9,25,6,0,9
S01006708,699,2,52,12,1,4
S01006709,779,14,44,14,4,16
S01006710,777,7,10,17,1,0
S01006711,799,10,4,16,0,1
S01006712,468,5,18,0,1,3
S01006713,867,11,25,2,1,1
S01006714,581,5,53,7,0,3
S01006715,534,1,13,17,4,3
S01006716,511,3,18,17,1,3
S01006717,855,10,25,4,2,0
S01006718,531,4,41,15,1,2
S01006719,882,12,34,11,0,5
S01006720,561,2,23,5,0,1
S01006721,710,8,18,12,0,0
S01006722,616,3,33,13,0,4
S01006723,594,4,6,3,0,1
S01006724,759,2,36,22,1,6
S01006725,607,4,26,1,0,1
S01006726,580,7,28,27,0,0
S01006727,990,17,37,24,0,33
S01006728,686,12,20,24,3,7
S01006729,956,14,33,35,7,13
S01006730,605,10,12,34,0,3
S01006731,490,0,1,8,1,1
S01006732,1402,45,77,57,5,21
S01006733,763,10,50,28,0,5
S01006734,802,21,73,15,3,30
S01006735,434,10,43,11,2,18
S01006736,859,20,80,63,3,34
S01006737,1396,15,100,24,3,15
S01006738,1317,36,67,91,1,73
S01006739,1423,37,114,161,11,38
S01006740,648,6,16,4,5,2
S01006741,622,4,1,10,4,10
S01006742,440,1,6,5,0,2
S01006743,779,16,33,12,5,14
S01006744,491,1,18,1,0,0
S01006745,814,22,18,20,1,7
S01006746,805,5,8,11,1,5
S01006747,1019,21,42,44,5,12
S01006748,1365,28,88,65,6,17
S01006749,805,14,35,8,0,3
S01006750,619,2,14,0,0,5
S01006751,376,5,8,1,0,1
S01006752,617,4,27,0,2,3
S01006753,869,12,21,4,0,11
S01006754,789,10,20,6,4,2
S01006755,682,11,19,4,0,6
S01006756,582,12,88,42,1,19
S01006757,729,4,36,26,0,1
S01006758,573,7,20,10,0,0
S01006759,495,3,5,4,2,0
S01006760,429,4,13,15,0,4
S01006761,617,4,14,2,1,4
S01006762,1469,25,86,41,1,13
S01006763,753,3,47,20,2,1
S01006764,621,5,39,19,2,9
S01006765,516,5,33,6,0,0
S01006766,508,10,23,4,0,2
S01006767,586,3,37,5,0,2
S01006768,488,2,54,13,2,7
S01006769,807,23,31,13,0,6
S01006770,584,0,18,8,0,4
S01006771,335,2,26,21,0,6
S01006772,686,10,42,18,0,8
S01006773,787,6,90,33,0,6
S01006774,484,8,27,5,0,3
S01006775,813,7,80,19,4,6
S01006776,469,0,18,11,4,10
S01006777,553,3,25,11,0,0
S01006778,547,4,9,8,0,1
S01006779,489,6,13,15,0,0
S01006780,432,15,21,1,1,5
S01006781,537,15,22,9,0,5
S01006782,723,11,50,22,0,7
S01006783,438,13,7,5,0,5
S01006784,490,8,33,11,3,4
S01006785,481,3,11,6,1,0
S01006786,673,8,47,27,0,7
S01006787,548,3,28,17,0,4
S01006788,1937,22,146,65,7,29
S01006789,548,1,5,5,1,0
S01006790,813,1,5,0,1,1
S01006791,589,10,4,6,0,1
S01006792,430,2,0,0,0,6
S01006793,572,2,7,0,3,2
S01006794,553,4,1,0,0,1
S01006795,741,1,4,0,0,3
S01006796,957,5,5,4,0,0
S01006797,562,8,0,1,0,1
S01006798,607,6,3,0,0,2
S01006799,857,4,7,0,1,7
S01006800,840,6,11,0,0,1
S01006801,1402,4,4,0,0,6
S01006802,758,13,1,7,0,0
S01006803,622,8,13,0,0,0
S01006804,733,3,4,4,0,0
S01006805,1062,10,21,0,2,0
S01006806,1091,9,12,2,0,3
S01006807,673,3,0,0,0,0
S01006808,698,7,3,0,0,2
S01006809,844,6,6,0,0,1
S01006810,859,24,12,7,0,1
S01006811,1091,12,10,2,2,3
S01006812,868,2,12,4,1,4
S01006813,834,0,5,0,0,4
S01006814,752,10,3,0,1,0
S01006815,601,2,3,3,0,2
S01006816,597,5,11,2,0,1
S01006817,811,7,2,0,5,5
S01006818,782,7,3,1,0,4
S01006819,1119,13,5,0,2,0
S01006820,686,4,10,2,0,1
S01006821,1697,30,59,83,1,16
S01006822,1087,6,13,3,0,0
S01006823,649,1,6,2,1,2
S01006824,806,21,10,4,3,7
S01006825,707,6,6,0,1,0
S01006826,861,5,1,0,0,4
S01006827,748,22,11,1,0,4
S01006828,785,5,5,1,1,0
S01006829,384,7,10,0,1,2
S01006830,690,5,4,0,0,0
S01006831,458,3,1,0,0,0
S01006832,897,3,9,1,0,0
S01006833,453,9,2,0,0,0
S01006834,459,0,3,0,3,4
S01006835,766,5,5,1,1,4
S01006836,517,4,9,0,4,2
S01006837,515,2,4,0,1,2
S01006838,587,7,0,0,4,0
S01006839,778,7,11,2,0,2
S01006840,999,11,26,15,2,3
S01006841,756,8,11,8,1,4
S01006842,672,4,18,4,0,2
S01006843,720,0,19,4,0,0
S01006844,582,3,7,2,0,0
S01006845,818,1,18,0,1,5
S01006846,451,6,5,4,0,2
S01006847,618,4,12,5,0,2
S01006848,1518,31,97,62,0,28
S01006849,1689,53,113,196,2,61
S01006850,845,13,25,10,1,4
S01006851,685,1,28,5,0,4
S01006852,541,7,7,0,0,4
S01006853,885,24,28,17,10,3
S01006854,854,2,3,31,1,15
S01006855,813,12,10,0,0,0
S01006856,721,3,6,4,0,1
S01006857,1200,10,16,1,0,3
S01006858,616,5,7,0,0,10
S01006859,896,18,19,6,2,2
S01006860,403,1,5,0,0,1
S01006861,541,13,4,2,4,2
S01006862,676,13,15,0,0,2
S01006863,613,8,5,4,0,1
S01006864,732,14,4,0,0,5
S01006865,925,6,32,5,0,5
S01006866,505,7,2,2,0,0
S01006867,651,3,3,1,0,0
S01006868,774,6,6,0,0,3
S01006869,483,5,4,0,0,0
S01006870,428,1,1,2,1,3
S01006871,650,1,5,0,0,4
S01006872,1188,14,14,16,0,5
S01006873,1031,9,5,10,2,2
S01006874,540,1,2,0,0,0
S01006875,702,10,1,0,0,1
S01006876,950,5,10,0,0,0
S01006877,906,6,7,0,1,2
S01006878,681,2,1,0,0,0
S01006879,734,7,3,0,0,1
S01006880,705,4,17,0,0,3
S01006881,561,3,2,0,0,1
S01006882,315,0,1,0,0,3
S01006883,413,4,3,0,0,0
S01006884,873,7,10,7,0,5
S01006885,1111,14,11,1,0,2
S01006886,1001,10,7,1,1,4
S01006887,716,6,2,6,0,0
S01006888,895,5,1,2,2,3
S01006889,727,13,4,1,0,2
S01006890,562,3,10,1,0,6
S01006891,966,7,10,0,1,0
S01006892,560,5,6,7,0,2
S01006893,467,5,2,3,0,0
S01006894,875,4,9,0,0,13
S01006895,541,10,12,9,0,7
S01006896,725,4,13,1,0,21
S01006897,629,9,1,0,0,0
S01006898,713,7,1,1,1,1
S01006899,529,10,0,5,0,0
S01006900,448,2,4,0,0,1
S01006901,522,4,4,6,0,9
S01006902,583,7,10,1,0,4
S01006903,808,9,9,17,2,8
S01006904,608,7,11,0,0,14
S01006905,824,8,5,8,0,4
S01006906,735,0,7,0,1,19
S01006907,651,8,2,2,4,19
S01006908,732,9,8,9,1,15
S01006909,1165,15,21,4,0,5
S01006910,1023,9,10,0,0,0
S01006911,720,7,27,11,0,0
S01006912,861,11,4,0,3,5
S01006913,2482,32,46,23,0,9
S01006914,656,9,7,0,2,9
S01006915,848,7,1,3,1,3
S01006916,505,0,1,2,0,3
S01006917,999,9,18,0,1,6
S01006918,459,10,2,5,0,8
S01006919,408,6,4,4,0,0
S01006920,416,2,2,4,0,11
S01006921,768,10,8,1,4,6
S01006922,699,9,13,0,1,0
S01006923,750,4,6,6,0,2
S01006924,538,1,0,0,4,2
S01006925,400,3,7,0,0,1
S01006926,710,4,12,18,0,0
S01006927,1021,23,19,40,8,18
S01006928,1094,11,6,5,5,1
S01006929,707,11,21,24,1,25
S01006930,753,19,34,13,0,4
S01006931,332,6,10,0,0,0
S01006932,1108,17,29,27,0,30
S01006933,465,3,15,6,0,11
S01006934,1097,11,36,52,3,16
S01006935,604,17,20,1,1,8
S01006936,560,0,10,0,0,0
S01006937,659,10,24,2,0,8
S01006938,414,8,1,2,0,2
S01006939,527,11,13,8,0,1
S01006940,797,6,28,10,0,10
S01006941,512,9,32,9,1,5
S01006942,848,6,21,11,6,13
S01006943,612,6,25,6,0,3
S01006944,972,15,94,28,4,34
S01006945,408,5,4,11,0,3
S01006946,639,4,10,10,0,0
S01006947,775,11,10,2,1,2
S01006948,893,14,7,0,0,0
S01006949,675,5,6,0,1,0
S01006950,768,9,7,6,4,1
S01006951,434,0,2,4,1,0
S01006952,840,15,15,5,2,3
S01006953,759,6,14,1,0,0
S01006954,831,13,28,0,0,14
S01006955,528,7,6,5,0,1
S01006956,941,18,32,16,0,5
S01006957,1033,8,20,14,5,0
S01006958,1332,9,18,5,0,6
S01006959,675,4,4,2,0,4
S01006960,936,2,11,2,0,1
S01006961,903,11,21,2,0,6
S01006962,801,5,2,0,0,4
S01006963,610,13,13,0,1,2
S01006964,666,3,12,4,0,1
S01006965,445,1,1,0,2,5
S01006966,552,0,1,0,0,4
S01006967,603,0,9,0,0,1
S01006968,414,3,1,0,0,1
S01006969,813,1,7,8,1,3
S01006970,624,18,10,0,0,3
S01006971,490,8,4,6,2,0
S01006972,702,5,21,0,0,5
S01006973,784,3,10,11,4,0
S01006974,931,10,4,11,1,5
S01006975,1017,12,17,0,0,2
S01006976,456,3,4,0,0,0
S01006977,752,1,8,0,2,3
S01006978,983,8,8,0,2,0
S01006979,998,7,3,6,2,2
S01006980,875,6,5,4,2,1
S01006981,784,5,8,2,0,0
S01006982,906,7,2,0,0,0
S01006983,675,7,4,0,0,1
S01006984,921,11,13,10,6,3
S01006985,963,9,10,1,2,6
S01006986,761,6,3,5,1,2
S01006987,622,3,1,0,0,0
S01006988,481,1,5,3,0,1
S01006989,1265,10,12,0,3,3
S01006990,814,12,9,5,4,6
S01006991,423,0,1,2,0,0
S01006992,607,1,5,1,0,0
S01006993,529,8,0,0,2,5
S01006994,537,10,1,2,2,5
S01006995,878,5,0,0,0,2
S01006996,947,3,7,0,0,0
S01006997,797,8,3,0,0,4
S01006998,1345,8,3,1,1,0
S01006999,865,2,2,2,0,0
S01007000,947,3,4,0,1,0
S01007001,1050,3,4,0,0,0
S01007002,665,10,9,0,0,2
S01007003,528,1,0,0,0,0
S01007004,770,4,3,1,0,0
S01007005,901,1,4,3,1,0
S01007006,841,4,5,0,1,3
S01007007,793,1,3,0,0,2
S01007008,988,7,6,0,1,0
S01007009,988,7,8,0,4,0
S01007010,756,4,9,0,0,2
S01007011,777,2,9,3,0,0
S01007012,662,1,7,0,0,1
S01007013,521,0,4,0,0,0
S01007014,1038,3,9,1,2,1
S01007015,623,7,7,0,0,1
S01007016,568,2,4,1,0,0
S01007017,947,3,2,1,0,4
S01007018,821,1,9,0,0,1
S01007019,519,5,10,0,2,2
S01007020,636,3,4,0,0,4
S01007021,806,2,6,6,0,0
S01007022,452,1,1,4,0,0
S01007023,475,0,1,2,0,1
S01007024,988,5,5,0,0,1
S01007025,847,2,6,0,0,2
S01007026,850,5,6,0,1,2
S01007027,1023,5,6,2,1,0
S01007028,1182,7,3,1,0,1
S01007029,554,0,1,1,0,0
S01007030,792,2,0,0,0,0
S01007031,596,1,0,0,0,1
S01007032,930,1,4,2,1,0
S01007033,586,1,3,0,1,1
S01007034,500,2,7,0,3,3
S01007035,800,6,16,0,0,3
S01007036,881,9,3,0,0,1
S01007037,867,1,1,0,0,0
S01007038,598,5,11,0,0,0
S01007039,984,6,10,2,0,1
S01007040,583,6,1,0,0,0
S01007041,705,3,2,0,0,1
S01007042,755,5,2,0,0,1
S01007043,943,5,6,0,0,4
S01007044,638,1,5,1,0,1
S01007045,785,4,6,0,0,1
S01007046,557,1,0,0,0,1
S01007047,590,1,0,1,0,2
S01007048,804,5,1,3,0,0
S01007049,898,8,20,0,3,4
S01007050,660,4,5,2,1,0
S01007051,737,7,3,2,2,0
S01007052,990,6,7,1,0,4
S01007053,523,5,3,0,1,0
S01007054,950,6,2,0,3,0
S01007055,593,5,1,0,0,0
S01007056,681,1,6,0,1,3
S01007057,498,0,1,0,0,1
S01007058,516,2,5,5,0,0
S01007059,1003,1,11,2,1,5
S01007060,483,5,3,2,0,1
S01007061,916,15,2,2,0,2
S01007062,672,9,6,2,0,4
S01007063,663,1,1,0,0,2
S01007064,984,5,1,0,1,1
S01007065,608,2,4,3,3,0
S01007066,844,4,4,2,10,4
S01007067,467,2,0,0,0,0
S01007068,642,4,15,1,0,5
S01007069,801,3,21,3,0,0
S01007070,471,1,17,2,0,0
S01007071,764,8,8,1,1,2
S01007072,621,6,1,5,0,4
S01007073,1053,11,12,2,0,4
S01007074,568,4,2,7,0,0
S01007075,683,0,1,2,0,4
S01007076,658,3,2,0,0,3
S01007077,687,5,2,8,0,11
S01007078,721,1,14,0,0,3
S01007079,872,8,10,6,0,1
S01007080,740,3,14,0,0,3
S01007081,707,2,4,2,1,12
S01007082,487,4,9,0,0,2
S01007083,980,17,10,3,0,0
S01007084,562,1,8,0,0,2
S01007085,846,6,15,20,3,15
S01007086,1060,18,27,0,2,12
S01007087,900,20,4,2,0,5
S01007088,502,5,13,0,0,8
S01007089,478,1,0,0,0,0
S01007090,430,0,3,0,2,1
S01007091,811,7,19,0,1,2
S01007092,537,4,2,0,0,2
S01007093,859,0,3,0,0,0
S01007094,863,0,0,0,0,0
S01007095,544,8,0,0,0,5
S01007096,917,7,0,0,1,1
S01007097,2322,9,23,5,2,4
S01007098,1131,4,10,0,0,2
S01007099,861,4,1,0,0,0
S01007100,726,0,4,1,0,5
S01007101,774,4,17,0,0,3
S01007102,698,0,4,0,0,1
S01007103,816,1,4,0,1,0
S01007104,566,3,4,3,2,0
S01007105,512,1,0,0,0,0
S01007106,627,1,4,0,1,0
S01007107,744,0,3,0,0,1
S01007108,1329,7,5,7,1,0
S01007109,816,6,6,1,3,0
S01007110,757,1,6,4,0,0
S01007111,483,0,0,0,0,0
S01007112,511,0,0,1,0,2
S01007113,547,2,4,1,0,1
S01007114,840,2,3,0,0,1
S01007115,636,0,7,0,1,0
S01007116,882,2,5,0,0,0
S01007117,429,2,1,0,0,0
S01007118,601,8,3,6,0,7
S01007119,655,0,0,0,0,0
S01007120,978,7,2,3,3,14
S01007121,501,1,2,1,0,2
S01007122,541,4,3,0,0,2
S01007123,701,6,3,4,0,4
S01007124,820,2,4,6,0,4
S01007125,779,14,8,0,0,9
S01007126,914,11,4,0,0,0
S01007127,871,9,21,0,0,4
S01007128,728,8,4,0,1,0
S01007129,893,5,11,4,0,1
S01007130,549,4,1,0,0,0
S01007131,735,0,9,0,0,1
S01007132,630,13,2,1,1,2
S01007133,575,3,6,0,0,1
S01007134,632,4,7,0,0,0
S01007135,492,3,4,0,0,0
S01007136,572,6,32,1,0,7
S01007137,689,10,13,11,0,12
S01007138,590,6,10,0,0,0
S01007139,713,3,4,2,0,1
S01007140,1115,11,10,0,0,5
S01007141,1147,11,24,6,0,10
S01007142,1027,9,61,3,1,2
S01007143,613,0,4,0,0,1
S01007144,895,1,8,4,0,0
S01007145,904,7,26,0,0,12
S01007146,704,15,11,0,0,2
S01007147,644,9,22,0,0,2
S01007148,455,2,15,0,1,0
S01007149,486,2,21,0,0,0
S01007150,766,4,14,0,2,1
S01007151,1133,10,48,0,0,2
S01007152,515,4,9,0,0,2
S01007153,646,5,7,0,2,0
S01007154,704,0,14,0,0,7
S01007155,606,5,6,0,0,5
S01007156,687,6,4,0,0,1
S01007157,608,2,0,0,0,1
S01007158,860,0,15,0,0,1
S01007159,1136,13,5,3,0,19
S01007160,811,1,2,1,0,0
S01007161,713,2,13,0,0,1
S01007162,490,8,2,2,0,0
S01007163,889,9,7,0,0,0
S01007164,552,2,2,0,0,0
S01007165,794,1,4,1,0,0
S01007166,633,6,1,2,1,4
S01007167,751,0,1,1,0,3
S01007168,867,7,5,3,0,8
S01007169,694,10,6,0,0,2
S01007170,672,7,8,10,7,3
S01007171,1206,7,11,8,2,5
S01007172,968,9,2,2,2,2
S01007173,810,4,10,0,1,2
S01007174,978,3,2,0,0,0
S01007175,679,0,5,0,0,2
S01007176,620,11,7,6,0,7
S01007177,542,4,3,5,1,0
S01007178,737,1,9,1,0,4
S01007179,836,8,7,0,0,0
S01007180,769,2,2,1,0,4
S01007181,681,4,5,0,2,1
S01007182,911,2,9,5,0,0
S01007183,1046,1,3,0,0,0
S01007184,954,9,4,4,0,2
S01007185,793,8,12,2,0,4
S01007186,528,5,11,0,0,10
S01007187,688,4,11,1,0,0
S01007188,555,0,2,0,1,18
S01007189,808,6,4,1,2,4
S01007190,780,0,9,0,0,2
S01007191,472,2,2,0,0,0
S01007192,1142,5,11,7,0,0
S01007193,672,0,9,0,0,1
S01007194,492,1,1,0,0,3
S01007195,568,1,0,1,0,1
S01007196,909,0,5,0,1,8
S01007197,574,7,3,1,0,4
S01007198,479,4,2,4,0,4
S01007199,681,2,1,5,0,14
S01007200,827,0,0,0,0,8
S01007201,647,18,3,5,0,10
S01007202,689,5,2,0,0,1
S01007203,446,3,5,0,0,6
S01007204,925,5,4,0,1,0
S01007205,648,3,1,0,2,1
S01007206,332,1,4,0,0,0
S01007207,834,2,5,0,0,1
S01007208,989,6,12,1,0,2
S01007209,665,14,23,0,0,1
S01007210,625,4,0,3,0,2
S01007211,934,8,11,0,0,3
S01007212,390,0,5,0,0,0
S01007213,805,5,4,0,0,0
S01007214,655,4,9,1,0,1
S01007215,547,0,9,4,0,1
S01007216,827,1,8,0,0,0
S01007217,896,7,5,0,0,0
S01007218,805,4,9,0,0,4
S01007219,681,4,9,2,0,0
S01007220,741,3,2,0,0,1
S01007221,950,13,10,2,1,8
S01007222,635,2,9,0,0,0
S01007223,548,4,1,2,4,0
S01007224,585,5,5,0,0,0
S01007225,812,12,6,0,4,1
S01007226,737,3,1,1,1,1
S01007227,897,6,8,1,0,1
S01007228,537,10,3,4,0,0
S01007229,1114,9,2,6,1,2
S01007230,703,3,17,0,3,0
S01007231,650,8,12,1,1,0
S01007232,694,7,9,1,1,1
S01007233,637,0,9,0,0,1
S01007234,609,1,0,0,0,5
S01007235,770,20,14,0,0,3
S01007236,602,12,7,0,0,9
S01007237,589,4,5,2,0,7
S01007238,792,4,2,0,0,4
S01007239,939,7,28,3,0,0
S01007240,598,2,3,0,0,0
S01007241,602,5,0,1,0,0
S01007242,950,15,8,2,0,6
S01007243,633,2,0,0,0,0
S01007244,679,11,7,2,7,1
S01007245,647,1,24,1,0,0
S01007246,823,5,8,0,1,1
S01007247,670,1,0,2,1,4
S01007248,701,2,24,0,0,0
S01007249,483,4,4,0,0,2
S01007250,702,2,12,5,0,0
S01007251,474,2,3,0,0,3
S01007252,693,3,2,0,0,6
S01007253,1277,6,4,1,1,1
S01007254,667,4,1,1,1,0
S01007255,736,8,5,0,0,0
S01007256,784,0,13,0,1,0
S01007257,511,0,15,1,1,10
S01007258,723,6,2,0,1,4
S01007259,841,16,14,0,0,0
S01007260,766,8,0,1,1,2
S01007261,770,2,9,1,0,1
S01007262,692,0,0,0,0,0
S01007263,665,0,5,0,0,0
S01007264,688,1,11,0,0,0
S01007265,963,6,6,1,3,3
S01007266,632,3,4,0,0,0
S01007267,559,0,0,0,0,0
S01007268,602,8,0,0,0,0
S01007269,367,2,4,1,0,0
S01007270,548,0,1,0,1,0
S01007271,915,7,4,0,0,2
S01007272,838,1,9,2,0,1
S01007273,614,3,0,0,1,1
S01007274,752,5,12,1,0,4
S01007275,563,2,8,0,3,1
S01007276,920,3,0,0,0,4
S01007277,723,2,1,0,0,1
S01007278,500,0,4,0,0,0
S01007279,576,4,3,0,1,1
S01007280,568,1,2,0,0,4
S01007281,828,5,1,1,0,0
S01007282,531,3,1,0,0,2
S01007283,890,9,5,0,1,2
S01007284,860,4,4,0,0,1
S01007285,928,9,5,1,0,1
S01007286,1024,7,9,1,3,1
S01007287,630,3,2,0,0,4
S01007288,626,5,3,0,1,0
S01007289,804,7,3,5,0,4
S01007290,981,17,3,4,0,0
S01007291,612,7,7,0,0,0
S01007292,652,1,4,0,0,0
S01007293,645,10,4,0,2,4
S01007294,859,1,23,0,0,10
S01007295,411,0,0,0,0,0
S01007296,526,4,7,0,2,0
S01007297,795,6,17,1,5,10
S01007298,504,1,3,2,0,0
S01007299,688,2,11,0,0,9
S01007300,425,0,3,0,1,4
S01007301,1234,15,8,1,2,0
S01007302,550,4,10,0,0,3
S01007303,1023,5,8,0,0,4
S01007304,721,1,4,2,0,3
S01007305,726,4,5,0,0,3
S01007306,785,3,2,0,0,6
S01007307,892,6,2,0,2,2
S01007308,811,6,5,1,0,2
S01007309,716,4,10,0,1,3
S01007310,813,4,5,1,0,1
S01007311,743,12,6,1,6,0
S01007312,709,6,13,1,1,2
S01007313,1029,3,8,0,1,6
S01007314,638,6,2,0,4,2
S01007315,740,9,1,1,2,0
S01007316,825,1,6,2,0,1
S01007317,832,2,8,0,0,0
S01007318,533,7,4,6,1,0
S01007319,681,4,3,10,0,1
S01007320,744,9,6,1,0,4
S01007321,643,4,1,0,0,2
S01007322,684,6,7,0,0,0
S01007323,425,1,4,0,0,1
S01007324,375,2,0,0,0,0
S01007325,806,5,9,0,0,0
S01007326,984,3,1,3,0,0
S01007327,681,0,4,0,0,2
S01007328,658,6,3,2,0,0
S01007329,765,10,6,1,3,2
S01007330,745,1,0,0,0,0
S01007331,1037,2,3,0,0,7
S01007332,501,1,2,0,0,2
S01007333,653,1,0,1,3,0
S01007334,543,6,3,0,0,0
S01007335,776,6,4,2,0,0
S01007336,484,5,14,1,0,2
S01007337,611,0,1,0,0,0
S01007338,673,2,4,7,0,7
S01007339,586,10,13,1,1,0
S01007340,488,12,0,0,0,0
S01007341,675,6,1,0,0,5
S01007342,716,3,5,3,0,0
S01007343,669,3,1,1,2,0
S01007344,387,6,0,0,0,0
S01007345,501,2,4,0,2,0
S01007346,483,3,1,0,2,1
S01007347,588,2,1,2,2,4
S01007348,529,0,1,0,0,15
S01007349,389,10,11,1,0,15
S01007350,497,5,2,0,0,9
S01007351,717,6,6,1,0,0
S01007352,541,4,10,0,0,6
S01007353,654,10,3,1,0,1
S01007354,711,2,8,1,1,4
S01007355,1018,14,4,1,3,0
S01007356,642,4,0,2,1,6
S01007357,703,1,4,0,0,1
S01007358,802,6,7,0,0,1
S01007359,834,8,9,3,0,4
S01007360,502,7,3,0,0,2
S01007361,921,3,8,0,0,4
S01007362,715,4,1,3,0,1
S01007363,622,10,8,0,2,0
S01007364,764,9,9,0,0,2
S01007365,442,2,13,0,1,1
S01007366,470,2,3,12,0,3
S01007367,475,4,8,0,0,0
S01007368,531,7,5,4,0,3
S01007369,672,6,1,2,6,0
S01007370,618,6,16,0,0,9
S01007371,626,1,5,0,0,0
S01007372,848,4,3,0,1,4
S01007373,526,4,6,0,0,0
S01007374,442,6,4,1,2,1
S01007375,392,2,2,0,0,2
S01007376,765,2,1,2,2,0
S01007377,582,6,3,0,0,0
S01007378,716,13,8,3,4,13
S01007379,594,3,2,0,0,0
S01007380,546,1,2,0,1,2
S01007381,547,12,6,0,1,1
S01007382,628,7,0,0,0,0
S01007383,693,4,5,4,0,0
S01007384,797,3,6,0,0,0
S01007385,818,2,4,0,0,4
S01007386,761,6,2,0,0,5
S01007387,728,9,15,0,0,4
S01007388,562,6,7,5,2,1
S01007389,539,4,6,0,1,7
S01007390,478,10,2,14,0,4
S01007391,503,1,3,0,0,0
S01007392,441,0,4,0,0,0
S01007393,749,9,19,3,0,1
S01007394,609,6,8,4,0,2
S01007395,851,6,30,4,0,0
S01007396,632,13,10,1,0,12
S01007397,906,3,6,1,1,0
S01007398,603,4,12,1,0,5
S01007399,530,6,29,1,0,6
S01007400,643,3,5,1,0,1
S01007401,696,4,31,0,0,0
S01007402,567,8,4,0,0,1
S01007403,1160,22,24,3,1,7
S01007404,539,0,2,0,1,0
S01007405,597,3,7,0,0,0
S01007406,646,7,12,0,1,5
S01007407,618,1,2,9,0,0
S01007408,509,6,11,0,1,0
S01007409,700,3,7,0,0,0
S01007410,656,1,0,5,0,5
S01007411,825,0,2,1,0,5
S01007412,430,0,0,2,0,0
S01007413,875,5,0,0,0,0
S01007414,641,1,39,0,0,0
S01007415,877,1,3,0,0,10
S01007416,529,2,10,5,0,0
S01007417,939,8,31,1,0,7
S01007418,614,4,7,0,0,13
S01007419,839,7,11,10,0,12
S01007420,1445,16,14,10,0,2
S01007421,658,4,7,2,0,4
S01007422,576,9,10,0,0,8
S01007423,778,3,14,0,0,1
S01007424,757,4,0,0,1,2
S01007425,826,0,14,1,0,1
S01007426,825,4,6,5,0,17
S01007427,560,2,18,0,0,2
S01007428,819,7,8,1,0,2
S01007429,848,2,10,9,0,5
S01007430,376,0,4,0,0,2
S01007431,440,4,0,0,0,0
S01007432,893,2,5,0,0,1
S01007433,1029,4,2,4,0,2
S01007434,436,0,7,6,0,3
S01007435,627,2,7,15,0,5
S01007436,611,3,3,7,0,5
S01007437,383,4,0,0,2,14
S01007438,594,1,17,0,0,0
S01007439,641,5,11,0,0,0
S01007440,598,1,18,0,0,1
S01007441,468,6,1,0,0,2
S01007442,410,2,15,0,0,0
S01007443,846,25,21,4,0,4
S01007444,1016,19,28,1,0,12
S01007445,610,9,10,3,0,2
S01007446,439,8,12,0,2,1
S01007447,484,2,2,0,0,2
S01007448,943,4,9,1,0,0
S01007449,847,4,14,3,0,12
S01007450,649,3,15,0,1,11
S01007451,558,0,1,3,4,2
S01007452,1206,11,48,17,2,10
S01007453,755,11,29,0,2,11
S01007454,541,5,4,2,0,0
S01007455,794,4,6,3,0,25
S01007456,748,0,23,2,3,9
S01007457,931,0,26,14,0,1
S01007458,479,0,0,0,0,0
S01007459,581,0,8,0,0,2
S01007460,771,0,7,0,0,6
S01007461,602,8,14,2,0,5
S01007462,677,1,34,3,2,3
S01007463,974,15,31,0,0,28
S01007464,640,3,9,2,0,1
S01007465,728,7,1,4,0,3
S01007466,892,9,18,4,0,12
S01007467,914,7,19,7,0,0
S01007468,534,1,18,0,0,1
S01007469,866,5,7,3,0,0
S01007470,636,1,4,0,0,0
S01007471,422,4,0,0,0,0
S01007472,572,2,2,0,0,0
S01007473,400,9,2,0,0,0
S01007474,477,2,7,0,0,4
S01007475,780,0,11,7,2,0
S01007476,739,3,3,3,0,2
S01007477,475,5,1,0,0,2
S01007478,889,11,18,1,2,3
S01007479,563,4,2,0,0,1
S01007480,673,2,10,0,0,1
S01007481,904,4,1,1,2,1
S01007482,432,2,2,0,0,0
S01007483,645,1,0,1,0,0
S01007484,464,2,1,0,0,0
S01007485,321,4,4,0,0,0
S01007486,673,13,4,0,0,0
S01007487,661,3,16,0,0,2
S01007488,934,5,6,0,2,5
S01007489,779,2,5,0,0,2
S01007490,915,3,5,0,0,0
S01007491,1140,3,5,0,0,2
S01007492,538,3,3,0,0,0
S01007493,707,1,0,4,0,7
S01007494,510,0,4,2,2,4
S01007495,748,11,2,1,0,4
S01007496,785,3,2,1,0,0
S01007497,613,0,0,0,0,1
S01007498,705,2,5,0,0,0
S01007499,831,8,7,2,0,0
S01007500,540,1,6,0,0,0
S01007501,668,3,5,0,0,2
S01007502,414,2,0,3,0,1
S01007503,924,4,4,1,0,4
S01007504,599,6,0,0,0,0
S01007505,367,0,1,0,0,1
S01007506,544,6,1,0,0,0
S01007507,854,3,0,0,2,0
S01007508,641,8,8,0,0,0
S01007509,588,4,2,0,0,0
S01007510,964,6,4,0,5,1
S01007511,713,4,4,1,1,2
S01007512,479,3,1,0,1,0
S01007513,926,6,2,0,0,2
S01007514,512,1,9,0,1,6
S01007515,680,1,7,4,0,0
S01007516,574,1,1,0,0,1
S01007517,465,0,1,0,0,1
S01007518,750,2,3,0,0,0
S01007519,372,0,1,0,0,0
S01007520,979,11,1,8,0,3
S01007521,453,6,2,0,0,1
S01007522,1007,7,1,0,0,1
S01007523,569,0,1,0,0,3
S01007524,891,8,3,0,2,2
S01007525,606,1,3,1,0,0
S01007526,653,1,6,2,1,0
S01007527,824,3,5,0,2,0
S01007528,641,3,6,0,0,0
S01007529,598,1,7,2,2,0
S01007530,540,5,2,0,2,0
S01007531,598,8,5,1,0,1
S01007532,506,7,2,1,0,2
S01007533,391,2,3,2,0,3
S01007534,913,4,0,6,2,2
S01007535,969,3,6,0,0,0
S01007536,912,4,5,0,0,2
S01007537,1038,8,3,0,0,0
S01007538,859,10,2,0,0,2
S01007539,636,3,0,4,2,0
S01007540,876,0,5,0,0,0
S01007541,789,0,2,0,2,0
S01007542,825,0,8,0,0,0
S01007543,977,2,0,1,0,5
S01007544,1012,4,5,1,0,0
S01007545,773,3,4,0,0,1
S01007546,509,3,4,0,2,0
S01007547,620,3,3,0,0,0
S01007548,657,4,2,0,0,1
S01007549,716,5,3,0,0,1
S01007550,891,6,1,4,0,2
S01007551,695,18,8,2,0,3
S01007552,909,4,5,0,0,0
S01007553,776,5,0,0,1,2
S01007554,418,4,0,3,1,0
S01007555,548,0,0,0,0,0
S01007556,445,6,4,0,0,0
S01007557,1036,2,2,0,0,1
S01007558,421,6,1,0,0,0
S01007559,664,4,0,1,3,0
S01007560,926,3,6,7,0,2
S01007561,724,2,3,0,1,0
S01007562,767,7,1,1,3,1
S01007563,742,6,2,0,0,5
S01007564,685,4,3,3,0,1
S01007565,978,17,5,0,0,2
S01007566,602,3,0,0,1,1
S01007567,541,6,1,0,0,0
S01007568,636,2,5,0,0,1
S01007569,804,2,1,0,0,3
S01007570,999,15,2,0,0,10
S01007571,514,4,1,1,2,0
S01007572,1057,3,2,9,3,6
S01007573,845,10,38,8,0,8
S01007574,884,6,3,5,0,2
S01007575,623,6,10,0,2,4
S01007576,536,4,0,0,0,2
S01007577,700,2,4,0,0,3
S01007578,672,7,3,1,2,7
S01007579,575,3,3,0,0,8
S01007580,747,3,17,1,0,1
S01007581,508,2,0,0,0,8
S01007582,625,8,6,1,1,7
S01007583,938,10,12,9,0,11
S01007584,576,13,15,0,0,13
S01007585,933,5,18,4,0,5
S01007586,733,5,6,0,0,3
S01007587,735,12,24,3,1,6
S01007588,812,4,3,0,1,7
S01007589,671,6,12,1,1,6
S01007590,618,1,4,8,0,0
S01007591,520,9,4,1,0,10
S01007592,604,3,5,9,0,2
S01007593,1005,14,22,8,7,2
S01007594,777,5,14,3,3,5
S01007595,984,9,8,2,0,1
S01007596,425,2,2,2,0,0
S01007597,554,5,4,0,0,0
S01007598,597,2,3,1,0,0
S01007599,887,8,6,2,1,4
S01007600,906,2,22,14,0,1
S01007601,605,3,8,3,1,0
S01007602,565,5,17,0,0,3
S01007603,711,9,16,2,2,1
S01007604,764,8,20,2,1,0
S01007605,761,1,4,0,0,4
S01007606,595,3,3,2,0,0
S01007607,576,2,9,0,0,2
S01007608,761,5,15,5,0,4
S01007609,908,8,13,1,2,2
S01007610,525,5,18,0,0,2
S01007611,853,13,20,6,1,6
S01007612,1146,21,50,13,3,19
S01007613,652,7,3,1,0,2
S01007614,848,11,6,0,2,5
S01007615,946,10,2,1,0,3
S01007616,635,3,21,9,0,5
S01007617,455,3,4,0,0,1
S01007618,474,1,0,0,1,0
S01007619,642,1,5,5,1,8
S01007620,557,2,1,2,0,0
S01007621,580,4,4,0,1,0
S01007622,516,0,0,0,0,4
S01007623,540,0,12,5,3,9
S01007624,573,3,4,0,0,1
S01007625,453,5,7,0,0,0
S01007626,574,9,8,0,1,3
S01007627,1983,21,61,2,0,20
S01007628,617,2,3,1,0,5
S01007629,652,4,4,1,0,1
S01007630,852,4,7,0,1,1
S01007631,590,4,0,0,0,0
S01007632,894,0,17,0,1,4
S01007633,993,9,5,0,0,3
S01007634,676,0,2,0,0,0
S01007635,738,4,1,2,0,0
S01007636,987,4,18,0,0,1
S01007637,903,19,3,1,0,1
S01007638,787,9,4,0,1,0
S01007639,890,4,8,17,2,6
S01007640,669,6,3,3,0,0
S01007641,845,5,2,11,0,4
S01007642,836,4,2,1,0,3
S01007643,851,3,3,0,2,0
S01007644,775,5,2,6,0,3
S01007645,481,1,6,0,5,0
S01007646,522,6,3,4,0,4
S01007647,665,3,4,0,0,1
S01007648,713,1,4,0,1,1
S01007649,788,5,0,0,0,0
S01007650,845,9,6,0,0,1
S01007651,554,6,0,0,0,0
S01007652,569,1,1,0,0,5
S01007653,797,3,1,0,0,1
S01007654,1104,6,7,1,0,7
S01007655,724,1,6,1,0,1
S01007656,760,9,1,0,0,0
S01007657,393,5,0,0,0,0
S01007658,454,0,0,0,0,0
S01007659,819,4,2,0,1,3
S01007660,789,3,3,2,1,3
S01007661,696,2,6,0,1,1
S01007662,856,3,1,0,1,2
S01007663,784,3,8,0,0,0
S01007664,525,0,0,0,0,0
S01007665,691,2,9,0,0,2
S01007666,396,0,1,0,0,0
S01007667,628,3,1,0,0,0
S01007668,969,8,0,1,0,0
S01007669,566,0,0,1,3,2
S01007670,643,8,3,4,0,4
S01007671,906,2,1,0,0,1
S01007672,881,1,1,0,0,0
S01007673,582,2,6,0,0,1
S01007674,708,3,3,0,2,4
S01007675,641,0,2,0,0,0
S01007676,605,1,1,2,0,1
S01007677,784,3,10,0,0,0
S01007678,683,6,4,1,0,0
S01007679,729,3,4,0,0,5
S01007680,760,2,3,0,0,4
S01007681,352,3,2,0,0,0
S01007682,741,12,97,8,0,9
S01007683,510,25,101,50,0,21
S01007684,726,14,35,0,0,6
S01007685,723,19,78,14,2,8
S01007686,622,6,40,2,0,1
S01007687,764,24,42,7,0,23
S01007688,892,17,60,12,1,26
S01007689,482,15,47,3,3,7
S01007690,872,15,109,10,5,39
S01007691,2476,117,545,135,13,70
S01007692,689,22,72,29,2,41
S01007693,754,31,235,67,3,80
S01007694,887,20,120,33,6,48
S01007695,782,9,84,19,0,8
S01007696,601,13,113,35,2,37
S01007697,883,9,55,36,0,25
S01007698,820,36,129,26,0,36
S01007699,601,22,118,29,2,12
S01007700,848,15,59,27,2,6
S01007701,477,7,59,18,5,20
S01007702,811,36,111,34,5,16
S01007703,669,19,88,10,0,16
S01007704,738,9,142,25,5,8
S01007705,693,30,135,39,4,18
S01007706,746,23,118,13,5,19
S01007707,848,41,129,35,6,56
S01007708,568,4,81,21,0,14
S01007709,497,10,44,15,1,19
S01007710,673,30,78,19,3,18
S01007711,847,19,133,63,2,61
S01007712,604,22,60,17,0,6
S01007713,396,10,70,10,4,7
S01007714,558,9,99,11,3,8
S01007715,678,15,116,40,1,10
S01007716,835,24,61,56,3,10
S01007717,565,14,73,23,0,10
S01007718,644,9,25,12,1,14
S01007719,762,6,39,16,1,16
S01007720,679,6,70,0,0,11
S01007721,811,10,26,20,1,1
S01007722,867,9,165,30,2,22
S01007723,770,16,90,1,0,24
S01007724,455,9,100,13,0,6
S01007725,620,9,68,13,1,10
S01007726,626,13,172,9,0,21
S01007727,760,36,147,59,4,15
S01007728,746,10,142,41,1,44
S01007729,733,15,92,48,0,18
S01007730,507,25,36,9,1,23
S01007731,647,21,67,19,1,18
S01007732,526,7,75,18,0,28
S01007733,701,10,188,5,1,22
S01007734,766,13,44,2,0,3
S01007735,654,3,115,2,1,8
S01007736,379,1,187,2,0,2
S01007737,807,10,126,0,0,20
S01007738,698,13,33,0,1,6
S01007739,441,3,1,0,0,0
S01007740,474,0,34,0,0,5
S01007741,559,9,32,0,0,12
S01007742,648,6,27,2,1,2
S01007743,782,7,27,6,1,7
S01007744,668,4,16,7,0,14
S01007745,572,8,6,0,2,5
S01007746,732,20,18,4,1,5
S01007747,434,2,0,0,0,2
S01007748,619,5,8,0,1,2
S01007749,568,2,82,0,0,8
S01007750,741,7,73,0,0,5
S01007751,664,1,75,1,1,2
S01007752,676,2,25,4,0,21
S01007753,462,10,14,6,0,12
S01007754,852,6,10,0,0,2
S01007755,676,6,7,1,0,6
S01007756,522,3,0,2,1,0
S01007757,796,6,21,0,0,4
S01007758,841,12,13,5,2,22
S01007759,839,10,24,0,2,22
S01007760,586,8,15,3,0,1
S01007761,856,5,28,1,0,7
S01007762,724,6,31,4,1,10
S01007763,515,0,18,0,1,13
S01007764,660,8,22,0,0,3
S01007765,618,11,9,0,0,3
S01007766,792,11,26,1,0,10
S01007767,815,14,23,1,2,1
S01007768,640,10,11,1,0,3
S01007769,694,6,14,0,0,4
S01007770,672,4,13,4,0,3
S01007771,541,11,12,2,0,2
S01007772,870,3,19,1,3,5
S01007773,684,7,2,0,0,0
S01007774,919,6,26,0,0,7
S01007775,831,2,12,0,0,1
S01007776,644,4,21,4,0,3
S01007777,1088,13,42,4,1,9
S01007778,688,6,30,2,0,11
S01007779,720,4,11,0,0,3
S01007780,780,3,13,0,0,0
S01007781,924,9,13,3,3,0
S01007782,652,4,7,3,0,3
S01007783,853,4,5,17,1,9
S01007784,638,0,3,3,1,2
S01007785,517,0,4,2,0,3
S01007786,656,2,1,0,0,0
S01007787,645,1,0,1,0,1
S01007788,677,4,11,0,0,28
S01007789,599,4,6,0,0,0
S01007790,751,6,6,0,0,1
S01007791,603,7,6,7,0,0
S01007792,826,13,4,2,0,0
S01007793,953,6,1,4,0,2
S01007794,544,3,11,1,0,7
S01007795,705,9,0,0,0,0
S01007796,667,5,11,2,1,2
S01007797,689,9,9,15,2,1
S01007798,580,4,62,0,0,2
S01007799,524,15,48,4,0,15
S01007800,911,10,17,0,1,7
S01007801,955,8,82,53,0,11
S01007802,431,9,74,0,0,1
S01007803,869,4,42,8,0,2
S01007804,603,4,12,6,0,0
S01007805,522,6,31,1,0,4
S01007806,689,1,0,4,0,0
S01007807,755,7,38,2,2,5
S01007808,818,13,25,8,0,9
S01007809,814,4,25,6,0,0
S01007810,862,8,30,25,4,9
S01007811,1119,11,12,19,2,0
S01007812,884,11,13,35,0,2
S01007813,715,0,8,23,0,4
S01007814,532,11,11,5,0,2
S01007815,824,0,13,5,0,1
S01007816,558,1,0,0,0,4
S01007817,421,10,0,4,0,0
S01007818,664,5,6,5,0,0
S01007819,828,10,11,9,1,5
S01007820,878,16,28,2,0,0
S01007821,467,10,12,1,0,0
S01007822,717,3,3,4,0,0
S01007823,560,2,27,2,1,2
S01007824,752,13,52,3,0,6
S01007825,826,4,68,5,3,2
S01007826,697,5,18,4,0,5
S01007827,497,7,23,2,0,3
S01007828,879,12,35,18,0,7
S01007829,441,5,29,4,0,7
S01007830,712,9,92,18,0,24
S01007831,842,20,89,10,2,20
S01007832,495,11,29,11,0,1
S01007833,752,3,23,7,0,12
S01007834,634,5,56,6,1,17
S01007835,595,9,24,11,0,20
S01007836,521,8,37,0,0,0
S01007837,676,4,18,5,0,10
S01007838,965,8,51,7,0,14
S01007839,521,0,40,10,0,19
S01007840,708,16,35,15,0,12
S01007841,578,41,26,28,0,2
S01007842,630,11,30,33,0,23
S01007843,586,4,52,22,2,2
S01007844,672,7,41,14,0,9
S01007845,719,9,20,6,1,24
S01007846,743,9,7,0,0,17
S01007847,792,3,15,16,4,5
S01007848,701,0,19,5,0,20
S01007849,943,15,27,18,1,32
S01007850,694,4,13,8,0,6
S01007851,904,5,4,0,0,5
S01007852,564,8,15,6,0,2
S01007853,726,8,41,23,0,15
S01007854,861,25,28,12,3,30
S01007855,480,9,12,4,0,5
S01007856,915,8,35,8,0,19
S01007857,476,5,3,1,0,0
S01007858,999,9,16,4,0,2
S01007859,616,14,12,5,5,4
S01007860,682,4,9,10,0,3
S01007861,618,0,0,0,0,0
S01007862,682,4,3,1,1,0
S01007863,881,5,3,3,2,3
S01007864,904,3,8,2,0,0
S01007865,945,6,14,6,0,2
S01007866,527,4,4,1,0,0
S01007867,1417,9,70,23,0,36
S01007868,751,5,35,0,1,1
S01007869,768,27,126,18,0,24
S01007870,333,0,0,0,1,1
S01007871,624,2,4,4,0,0
S01007872,652,0,3,4,0,1
S01007873,604,3,11,0,0,0
S01007874,663,0,4,0,0,0
S01007875,714,7,8,3,0,2
S01007876,853,2,6,1,7,0
S01007877,703,3,6,0,0,2
S01007878,453,0,4,0,1,0
S01007879,786,5,0,0,1,1
S01007880,486,5,2,0,0,3
S01007881,534,3,0,0,0,4
S01007882,714,1,2,1,0,2
S01007883,983,5,1,5,0,2
S01007884,598,2,0,1,0,1
S01007885,677,0,0,0,3,1
S01007886,813,10,11,0,3,0
S01007887,569,0,1,0,0,0
S01007888,1009,3,1,1,1,0
S01007889,439,2,0,0,0,0
S01007890,666,8,4,0,0,0
S01007891,925,3,13,1,0,1
S01007892,644,0,18,0,0,4
S01007893,902,4,12,0,0,0
S01007894,861,4,0,4,0,0
S01007895,558,3,14,0,0,2
S01007896,675,2,3,1,0,2
S01007897,371,2,2,0,0,0
S01007898,442,0,0,0,0,0
S01007899,581,3,12,0,0,3
S01007900,565,1,7,2,5,0
S01007901,602,2,0,0,3,0
S01007902,773,6,1,9,2,0
S01007903,522,6,5,0,1,0
S01007904,754,2,6,0,0,2
S01007905,617,2,0,0,0,1
S01007906,598,4,2,0,1,4
S01007907,543,2,0,1,0,0
S01007908,856,5,5,0,0,1
S01007909,553,3,1,0,1,1
S01007910,889,3,11,1,0,8
S01007911,642,1,11,0,0,3
S01007912,697,2,12,0,0,1
S01007913,573,2,0,2,0,0
S01007914,541,1,2,4,0,0
S01007915,755,4,3,0,0,1
S01007916,705,1,10,3,2,0
S01007917,784,0,0,0,0,0
S01007918,783,0,14,0,0,1
S01007919,776,5,6,0,0,2
S01007920,680,3,39,2,1,0
S01007921,807,0,8,0,0,0
S01007922,759,1,8,1,1,0
S01007923,963,7,13,0,1,4
S01007924,1064,17,26,0,2,0
S01007925,437,1,3,0,0,1
S01007926,445,0,0,0,0,0
S01007927,757,2,21,2,1,0
S01007928,955,4,0,0,0,3
S01007929,1986,27,17,11,1,3
S01007930,479,0,3,0,0,0
S01007931,1063,19,31,4,0,1
S01007932,801,3,9,0,0,2
S01007933,776,8,4,0,0,5
S01007934,618,5,1,0,0,3
S01007935,677,4,3,2,0,3
S01007936,942,4,6,0,0,0
S01007937,1094,11,11,1,1,1
S01007938,701,11,4,0,0,1
S01007939,803,7,9,1,0,0
S01007940,1021,12,2,2,0,6
S01007941,585,8,6,1,0,0
S01007942,526,7,20,4,1,6
S01007943,643,3,1,0,0,4
S01007944,727,1,1,5,0,2
S01007945,696,8,5,1,1,1
S01007946,549,0,17,0,2,0
S01007947,680,4,2,1,1,3
S01007948,584,2,4,3,0,0
S01007949,615,0,2,0,0,0
S01007950,875,0,4,0,0,3
S01007951,874,2,7,0,2,2
S01007952,591,5,3,1,1,0
S01007953,855,0,4,6,0,1
S01007954,650,9,1,3,1,7
S01007955,776,0,9,1,0,0
S01007956,656,10,1,0,1,1
S01007957,948,11,4,6,0,1
S01007958,469,3,4,0,1,3
S01007959,641,4,8,0,0,1
S01007960,629,2,0,0,1,0
S01007961,1199,14,8,0,1,1
S01007962,561,0,3,0,5,0
S01007963,1032,6,3,4,0,0
S01007964,764,3,8,0,1,0
S01007965,477,3,5,0,0,0
S01007966,992,6,10,0,4,5
S01007967,502,5,4,0,0,3
S01007968,869,0,3,0,0,0
S01007969,758,10,0,0,0,0
S01007970,1015,6,4,0,0,8
S01007971,872,5,4,0,1,0
S01007972,777,4,5,0,1,1
S01007973,734,9,5,0,1,0
S01007974,637,0,0,0,0,0
S01007975,686,0,3,0,1,2
S01007976,604,7,11,0,1,4
S01007977,535,1,7,2,0,0
S01007978,567,0,7,4,1,3
S01007979,886,4,16,0,0,1
S01007980,596,9,4,1,1,0
S01007981,516,3,1,0,1,0
S01007982,446,9,0,0,2,2
S01007983,814,8,9,0,0,3
S01007984,680,5,11,0,4,1
S01007985,831,2,18,11,0,6
S01007986,548,0,2,0,0,0
S01007987,704,8,8,4,4,0
S01007988,656,0,10,0,0,0
S01007989,828,3,14,13,0,4
S01007990,681,0,32,1,2,3
S01007991,1041,7,37,0,0,0
S01007992,551,5,25,1,0,4
S01007993,714,1,5,0,0,0
S01007994,840,7,23,1,1,3
S01007995,794,2,6,0,0,3
S01007996,326,1,9,0,0,0
S01007997,774,7,12,0,0,4
S01007998,476,14,16,1,0,1
S01007999,643,3,1,4,0,6
S01008000,874,6,2,3,0,13
S01008001,887,10,1,8,1,11
S01008002,726,5,9,0,1,3
S01008003,623,1,22,0,0,10
S01008004,611,3,18,2,0,5
S01008005,753,8,2,8,2,0
S01008006,549,7,0,5,0,0
S01008007,436,3,14,1,0,0
S01008008,615,6,20,1,1,6
S01008009,887,7,8,5,0,8
S01008010,889,5,18,8,0,20
S01008011,509,4,8,4,0,4
S01008012,739,10,11,0,1,3
S01008013,632,2,12,1,1,3
S01008014,465,0,1,0,0,0
S01008015,887,11,23,3,3,1
S01008016,749,9,6,3,1,0
S01008017,876,2,5,0,2,4
S01008018,570,0,5,0,0,0
S01008019,561,4,1,0,0,1
S01008020,766,11,4,5,1,7
S01008021,616,0,13,0,0,1
S01008022,822,5,11,1,0,4
S01008023,576,4,15,0,0,0
S01008024,1137,4,31,2,0,0
S01008025,552,0,2,0,0,0
S01008026,927,4,4,0,0,0
S01008027,530,3,5,0,0,0
S01008028,562,5,2,0,0,6
S01008029,2181,29,58,20,3,13
S01008030,965,1,1,4,0,1
S01008031,731,1,9,2,2,1
S01008032,813,10,8,0,0,3
S01008033,702,5,35,0,1,6
S01008034,623,6,41,2,0,3
S01008035,532,7,28,0,2,4
S01008036,580,14,17,0,0,1
S01008037,921,7,38,7,0,4
S01008038,795,6,31,8,3,12
S01008039,802,10,17,0,0,9
S01008040,829,8,17,0,0,3
S01008041,668,6,22,0,0,3
S01008042,559,10,31,0,0,2
S01008043,982,18,19,3,0,4
S01008044,867,10,16,2,2,4
S01008045,1048,16,119,5,1,6
S01008046,820,10,16,2,0,9
S01008047,596,7,12,0,0,14
S01008048,551,5,29,0,0,0
S01008049,806,2,24,1,0,1
S01008050,545,11,43,0,0,18
S01008051,812,18,27,0,0,4
S01008052,1451,37,97,1,0,10
S01008053,576,13,16,1,0,2
S01008054,801,8,36,2,0,2
S01008055,1058,17,39,0,0,6
S01008056,757,12,49,1,0,3
S01008057,844,14,37,16,1,20
S01008058,690,6,121,5,2,30
S01008059,606,6,27,0,0,2
S01008060,641,7,34,3,0,1
S01008061,1095,15,136,6,0,11
S01008062,784,9,46,4,1,2
S01008063,845,9,61,0,0,20
S01008064,592,12,58,10,0,4
S01008065,853,18,71,4,0,9
S01008066,840,15,25,0,0,8
S01008067,646,8,64,4,0,13
S01008068,896,22,60,5,0,14
S01008069,807,5,72,0,0,6
S01008070,813,20,42,4,0,10
S01008071,681,5,15,0,0,3
S01008072,583,1,116,12,1,15
S01008073,371,9,43,3,0,7
S01008074,1006,14,49,2,1,6
S01008075,531,0,52,0,0,14
S01008076,572,3,41,0,0,2
S01008077,754,14,62,0,3,7
S01008078,787,8,90,0,0,11
S01008079,740,12,53,0,2,12
S01008080,635,5,54,2,0,0
S01008081,533,9,33,11,0,5
S01008082,682,5,66,1,0,28
S01008083,665,9,123,2,0,14
S01008084,870,7,25,0,0,2
S01008085,855,6,7,0,0,0
S01008086,1015,12,27,0,1,8
S01008087,726,4,69,0,0,13
S01008088,811,3,25,14,0,2
S01008089,720,10,41,0,1,7
S01008090,667,2,26,0,0,9
S01008091,355,3,7,0,0,0
S01008092,808,12,38,7,0,5
S01008093,697,5,9,2,0,12
S01008094,1376,15,36,4,6,6
S01008095,671,15,28,0,0,3
S01008096,752,4,15,7,0,1
S01008097,559,4,10,3,1,4
S01008098,697,13,5,2,4,7
S01008099,489,0,3,0,0,0
S01008100,767,13,94,5,0,2
S01008101,719,22,62,0,0,6
S01008102,634,5,20,0,1,2
S01008103,756,16,24,0,0,9
S01008104,844,15,25,5,0,4
S01008105,871,17,57,9,3,7
S01008106,791,15,49,11,0,2
S01008107,1201,18,319,3,0,14
S01008108,705,4,83,9,0,6
S01008109,771,0,38,5,0,2
S01008110,721,11,55,9,3,4
S01008111,749,4,25,1,2,2
S01008112,751,6,29,1,0,6
S01008113,845,1,85,0,0,4
S01008114,594,0,34,0,0,4
S01008115,731,16,116,5,0,25
S01008116,811,14,31,0,0,9
S01008117,739,7,20,4,0,3
S01008118,870,21,29,0,0,2
S01008119,567,6,16,1,2,0
S01008120,584,18,10,3,6,5
S01008121,628,4,11,2,0,1
S01008122,672,6,23,1,0,6
S01008123,917,8,21,0,0,2
S01008124,826,4,10,0,0,0
S01008125,775,10,21,2,0,2
S01008126,694,11,18,3,0,3
S01008127,754,11,34,7,0,18
S01008128,775,4,4,1,0,1
S01008129,801,4,10,6,0,8
S01008130,840,9,16,3,0,15
S01008131,726,9,13,3,1,0
S01008132,1121,7,4,3,5,2
S01008133,562,15,15,0,0,3
S01008134,560,9,21,2,0,4
S01008135,1404,21,42,19,1,7
S01008136,709,6,48,0,2,1
S01008137,832,10,24,2,1,11
S01008138,799,2,8,8,0,2
S01008139,1100,10,23,6,0,4
S01008140,489,3,7,3,0,6
S01008141,695,3,13,0,3,0
S01008142,715,1,5,0,0,1
S01008143,941,6,21,9,0,3
S01008144,3184,40,166,12,1,24
S01008145,923,13,6,22,0,4
S01008146,532,2,12,7,0,4
S01008147,703,1,4,2,0,1
S01008148,681,4,0,2,0,0
S01008149,670,6,3,3,0,0
S01008150,837,3,3,0,1,3
S01008151,616,6,2,0,0,0
S01008152,878,7,2,4,2,4
S01008153,669,2,1,0,0,2
S01008154,888,8,3,4,2,0
S01008155,577,1,7,4,2,4
S01008156,699,7,7,4,3,2
S01008157,846,5,4,3,0,0
S01008158,604,0,5,0,0,0
S01008159,885,4,0,0,0,1
S01008160,981,7,3,6,2,0
S01008161,1030,14,4,1,0,3
S01008162,1001,8,1,2,2,1
S01008163,831,5,1,2,0,0
S01008164,1448,34,66,26,3,17
S01008165,2190,31,114,2,2,13
S01008166,518,4,8,0,0,0
S01008167,746,7,9,1,0,1
S01008168,818,16,12,0,0,0
S01008169,836,14,30,1,0,7
S01008170,566,4,2,0,0,1
S01008171,736,8,4,6,1,19
S01008172,545,1,2,0,0,4
S01008173,591,2,14,0,0,6
S01008174,463,3,1,0,0,0
S01008175,697,4,10,0,2,8
S01008176,773,12,14,0,2,2
S01008177,736,7,6,0,0,3
S01008178,549,4,8,0,0,1
S01008179,406,3,7,0,0,4
S01008180,405,2,9,0,1,1
S01008181,622,5,4,0,0,1
S01008182,849,8,40,7,1,3
S01008183,602,4,15,5,0,5
S01008184,757,16,19,1,3,1
S01008185,873,9,25,15,5,13
S01008186,649,9,35,7,0,11
S01008187,657,16,6,2,0,2
S01008188,859,17,22,9,2,11
S01008189,407,2,5,0,1,0
S01008190,874,15,19,1,1,1
S01008191,868,3,9,0,0,8
S01008192,982,29,35,6,0,14
S01008193,827,6,19,0,4,1
S01008194,647,13,29,6,0,1
S01008195,713,16,11,3,0,2
S01008196,888,27,19,17,0,3
S01008197,1405,9,19,3,2,20
S01008198,727,4,6,4,0,0
S01008199,746,5,5,2,2,3
S01008200,604,2,2,1,0,4
S01008201,757,11,2,3,2,3
S01008202,513,5,4,2,0,1
S01008203,584,7,7,1,1,0
S01008204,856,10,13,2,1,0
S01008205,693,0,0,2,0,0
S01008206,711,1,2,0,0,3
S01008207,593,7,5,1,0,0
S01008208,865,4,8,0,2,3
S01008209,448,1,13,2,0,2
S01008210,799,5,30,2,0,5
S01008211,866,18,3,4,1,1
S01008212,524,3,0,4,1,5
S01008213,894,1,6,1,0,0
S01008214,712,0,6,2,0,0
S01008215,625,0,9,1,1,0
S01008216,444,0,0,0,0,0
S01008217,534,14,5,0,0,9
S01008218,2386,41,48,4,0,15
S01008219,908,13,44,6,6,7
S01008220,643,12,2,1,0,0
S01008221,817,16,6,16,0,1
S01008222,663,7,0,5,0,2
S01008223,534,2,3,0,0,0
S01008224,790,5,5,0,1,1
S01008225,641,6,5,0,0,1
S01008226,752,9,8,1,1,0
S01008227,827,2,2,0,0,3
S01008228,630,2,13,4,5,3
S01008229,658,2,0,1,1,0
S01008230,734,5,10,10,0,3
S01008231,746,0,14,0,0,0
S01008232,860,1,2,5,0,0
S01008233,757,4,4,7,1,1
S01008234,409,4,0,2,0,0
S01008235,924,4,5,3,0,9
S01008236,817,1,4,1,1,0
S01008237,1158,3,21,4,2,3
S01008238,801,0,0,0,0,0
S01008239,1165,7,4,6,0,3
S01008240,714,4,4,3,0,6
S01008241,624,7,4,0,0,2
S01008242,1100,12,2,1,1,1
S01008243,1160,10,5,1,0,4
S01008244,566,8,5,1,0,1
S01008245,1027,12,4,0,0,1
S01008246,1155,7,4,0,0,5
S01008247,754,14,0,2,0,0
S01008248,806,2,2,1,1,0
S01008249,1041,8,4,0,2,4
S01008250,2971,40,56,4,4,7
S01008251,1126,19,8,7,1,5
S01008252,727,2,2,0,2,0
S01008253,739,8,3,1,0,8
S01008254,992,10,0,0,1,2
S01008255,640,10,3,0,0,2
S01008256,892,18,6,4,0,1
S01008257,654,8,2,1,0,5
S01008258,764,11,1,7,2,1
S01008259,873,12,12,2,1,1
S01008260,721,7,2,1,0,5
S01008261,787,6,0,3,1,6
S01008262,599,12,2,2,0,3
S01008263,671,8,4,3,0,5
S01008264,749,17,4,0,0,1
S01008265,904,14,1,2,0,1
S01008266,640,2,2,0,0,0
S01008267,945,10,15,0,0,10
S01008268,746,8,3,1,0,0
S01008269,853,17,3,5,2,0
S01008270,729,5,3,0,0,2
S01008271,621,3,4,0,1,2
S01008272,2730,36,39,8,5,10
S01008273,789,6,2,0,0,2
S01008274,667,8,12,1,0,35
S01008275,529,3,4,0,0,5
S01008276,495,11,1,2,1,5
S01008277,705,0,2,0,1,0
S01008278,983,9,3,0,2,3
S01008279,685,7,5,0,0,3
S01008280,933,9,6,1,0,2
S01008281,748,4,5,0,0,1
S01008282,660,2,0,0,0,0
S01008283,1142,9,17,0,0,2
S01008284,2729,37,39,5,1,8
S01008285,667,3,6,2,0,1
S01008286,756,6,2,6,3,2
S01008287,822,4,15,0,2,5
S01008288,886,11,9,4,0,5
S01008289,514,13,17,1,2,12
S01008290,839,18,10,4,0,0
S01008291,748,18,6,0,0,0
S01008292,723,7,2,0,3,3
S01008293,556,4,3,0,0,0
S01008294,819,2,10,2,0,8
S01008295,839,15,4,1,0,4
S01008296,666,6,0,0,0,8
S01008297,855,13,14,1,0,9
S01008298,948,8,34,4,0,0
S01008299,667,1,20,0,1,13
S01008300,740,0,50,1,0,0
S01008301,737,6,6,4,0,0
S01008302,921,0,12,2,0,1
S01008303,554,2,13,2,1,3
S01008304,388,3,2,0,0,0
S01008305,634,6,10,0,0,1
S01008306,526,1,9,1,0,0
S01008307,811,3,42,1,0,0
S01008308,515,0,12,0,0,5
S01008309,544,5,55,14,0,10
S01008310,972,6,22,4,0,4
S01008311,417,2,9,0,0,3
S01008312,369,2,14,4,0,4
S01008313,757,13,23,1,2,2
S01008314,485,7,5,2,0,5
S01008315,633,1,14,6,0,3
S01008316,574,15,27,4,0,2
S01008317,841,10,109,6,2,13
S01008318,1448,9,175,7,0,8
S01008319,771,3,15,5,0,0
S01008320,615,9,18,0,0,3
S01008321,405,0,6,0,0,0
S01008322,973,11,14,8,1,18
S01008323,612,6,32,3,5,0
S01008324,776,11,71,16,0,1
S01008325,673,4,52,1,0,5
S01008326,865,13,56,20,0,1
S01008327,809,9,11,2,2,0
S01008328,2643,81,677,35,5,78
S01008329,647,17,190,8,0,12
S01008330,595,14,198,6,0,18
S01008331,390,10,126,14,0,16
S01008332,749,14,189,9,0,10
S01008333,883,15,101,2,0,7
S01008334,634,17,101,5,0,9
S01008335,520,15,136,2,0,8
S01008336,597,12,149,8,4,16
S01008337,715,16,183,4,0,22
S01008338,584,12,153,1,0,17
S01008339,447,2,71,21,0,19
S01008340,552,10,162,14,0,18
S01008341,478,8,86,8,0,21
S01008342,665,18,88,6,0,21
S01008343,722,12,96,1,0,27
S01008344,781,17,96,0,0,35
S01008345,843,15,171,0,0,23
S01008346,838,16,119,9,1,24
S01008347,821,15,225,5,1,46
S01008348,595,16,109,0,0,21
S01008349,682,14,127,1,0,11
S01008350,491,2,59,0,0,15
S01008351,797,6,105,0,0,20
S01008352,556,7,118,0,0,17
S01008353,429,10,52,6,0,17
S01008354,1931,50,846,56,6,93
S01008355,685,4,31,6,0,1
S01008356,547,2,10,6,0,0
S01008357,623,1,13,0,0,1
S01008358,713,3,10,0,0,3
S01008359,700,4,12,0,0,1
S01008360,795,12,18,1,0,4
S01008361,865,5,15,4,0,3
S01008362,1097,23,229,2,0,38
S01008363,618,3,98,0,0,22
S01008364,542,6,95,0,1,15
S01008365,521,5,101,0,1,28
S01008366,776,12,78,1,0,13
S01008367,657,20,66,0,0,9
S01008368,581,6,74,4,1,5
S01008369,620,12,20,2,0,2
S01008370,614,13,45,6,2,6
S01008371,693,10,42,0,0,1
S01008372,660,5,63,0,1,7
S01008373,673,9,53,0,0,10
S01008374,694,8,45,2,0,10
S01008375,740,7,16,1,0,6
S01008376,498,6,21,0,0,0
S01008377,707,12,35,0,0,2
S01008378,904,13,43,1,0,4
S01008379,479,0,53,0,0,2
S01008380,617,16,17,0,2,5
S01008381,606,4,24,1,1,2
S01008382,782,13,73,0,0,4
S01008383,465,5,18,0,2,0
S01008384,858,6,57,0,0,4
S01008385,624,1,31,0,0,3
S01008386,768,18,49,1,0,3
S01008387,545,15,12,1,0,4
S01008388,552,10,12,0,0,0
S01008389,632,1,17,0,0,0
S01008390,615,7,8,0,0,1
S01008391,778,5,24,0,1,2
S01008392,876,10,10,1,0,0
S01008393,716,7,36,4,0,4
S01008394,761,14,34,3,0,5
S01008395,425,9,59,4,0,8
S01008396,594,5,71,0,0,6
S01008397,777,16,63,1,1,11
S01008398,568,7,56,0,0,7
S01008399,446,8,36,0,0,12
S01008400,560,7,128,1,0,1
S01008401,767,6,119,2,0,9
S01008402,982,11,111,0,1,46
S01008403,551,12,9,0,0,4
S01008404,864,5,31,0,1,12
S01008405,721,9,25,0,1,11
S01008406,874,12,34,0,0,17
S01008407,437,4,64,0,0,19
S01008408,504,7,72,0,1,3
S01008409,739,14,120,5,0,14
S01008410,514,13,88,4,0,12
S01008411,499,13,72,10,0,4
S01008412,574,12,117,7,0,23
S01008413,390,14,54,2,0,8
S01008414,449,3,89,2,0,8
S01008415,621,22,187,6,0,23
S01008416,716,18,150,10,0,20
S01008417,709,8,7,2,0,1
S01008418,612,6,22,0,1,1
S01008419,440,5,10,7,3,3
S01008420,405,10,15,4,1,4
S01008421,804,10,31,12,1,6
S01008422,552,11,9,1,0,1
S01008423,1374,13,61,22,1,13
S01008424,818,2,20,0,0,0
S01008425,2431,74,645,75,4,90
S01008426,550,16,35,5,0,17
S01008427,909,22,52,3,0,4
S01008428,698,6,32,3,0,14
S01008429,878,8,42,6,0,22
S01008430,866,19,37,3,9,10
S01008431,784,16,21,6,0,2
S01008432,662,13,14,2,0,2
S01008433,725,8,26,7,0,1
S01008434,892,7,52,11,2,5
S01008435,672,8,36,12,3,3
S01008436,874,21,26,2,1,15
S01008437,688,5,4,2,1,1
S01008438,593,14,25,7,1,4
S01008439,1042,27,25,18,0,4
S01008440,1034,13,20,7,0,0
S01008441,466,8,11,0,0,2
S01008442,652,17,21,2,1,3
S01008443,607,14,20,0,0,1
S01008444,875,12,34,2,8,13
S01008445,840,6,42,7,3,13
S01008446,1031,20,58,9,1,3
S01008447,633,19,23,1,0,4
S01008448,664,14,31,1,1,7
S01008449,586,9,80,151,8,18
S01008450,410,15,58,54,3,8
S01008451,496,30,17,101,4,28
S01008452,404,20,42,75,9,35
S01008453,517,23,35,105,3,27
S01008454,688,12,39,84,8,27
S01008455,696,21,74,140,7,17
S01008456,660,15,60,108,7,22
S01008457,479,8,36,66,3,12
S01008458,825,11,66,13,1,9
S01008459,549,25,39,78,12,22
S01008460,702,17,29,43,5,30
S01008461,779,23,43,48,13,8
S01008462,446,13,5,21,1,8
S01008463,429,5,27,46,7,19
S01008464,716,8,90,17,0,3
S01008465,642,17,52,11,1,10
S01008466,570,12,55,33,4,10
S01008467,626,5,68,20,0,19
S01008468,854,12,130,38,1,34
S01008469,420,6,122,8,0,1
S01008470,678,14,131,49,3,32
S01008471,603,49,84,78,15,47
S01008472,475,14,81,41,6,35
S01008473,458,15,62,30,1,12
S01008474,629,12,106,10,0,18
S01008475,471,6,85,14,0,14
S01008476,576,7,83,16,1,15
S01008477,614,6,90,7,2,18
S01008478,870,22,148,72,5,59
S01008479,602,20,85,20,0,28
S01008480,339,19,178,20,2,29
S01008481,1615,34,97,17,3,31
S01008482,462,7,46,14,1,11
S01008483,542,7,33,11,3,2
S01008484,622,9,64,5,7,17
S01008485,891,13,117,24,5,32
S01008486,714,18,144,14,1,10
S01008487,900,35,310,30,1,29
S01008488,610,24,157,7,8,27
S01008489,556,11,73,23,1,11
S01008490,662,13,156,12,0,13
S01008491,652,18,186,16,1,46
S01008492,1018,24,157,26,2,26
S01008493,1015,25,186,39,4,32
S01008494,710,38,102,33,1,26
S01008495,686,12,143,25,2,25
S01008496,696,27,159,20,0,23
S01008497,644,16,105,6,2,19
S01008498,680,15,100,20,2,19
S01008499,707,19,100,31,2,8
S01008500,301,7,62,34,0,19
S01008501,438,13,139,11,5,4
S01008502,496,17,135,10,5,17
S01008503,688,29,62,6,7,14
S01008504,986,42,50,2,0,8
S01008505,624,18,20,8,1,3
S01008506,873,22,31,5,2,4
S01008507,985,35,71,18,0,15
S01008508,666,13,58,4,0,13
S01008509,1018,37,50,7,1,20
S01008510,808,2,33,2,0,5
S01008511,872,7,48,2,0,5
S01008512,475,6,36,0,0,3
S01008513,596,7,47,0,0,0
S01008514,905,19,27,1,1,2
S01008515,739,31,22,8,0,5
S01008516,871,43,92,6,4,40
S01008517,672,29,57,9,1,18
S01008518,812,16,30,4,0,7
S01008519,768,11,13,0,1,4
S01008520,1002,8,27,1,0,12
S01008521,869,9,25,4,0,7
S01008522,493,25,34,0,1,6
S01008523,881,21,48,8,1,14
S01008524,775,38,50,11,3,17
S01008525,675,21,45,43,2,32
S01008526,775,18,63,11,0,18
S01008527,566,21,56,23,2,12
S01008528,626,10,35,13,1,22
S01008529,792,16,59,12,0,10
S01008530,653,14,62,39,3,19
S01008531,682,13,31,18,7,9
S01008532,408,2,18,10,4,2
S01008533,332,17,32,23,0,50
S01008534,553,16,26,8,1,21
S01008535,607,2,11,0,0,1
S01008536,519,13,51,7,0,16
S01008537,638,15,22,2,3,3
S01008538,508,1,20,0,0,3
S01008539,700,13,46,8,0,7
S01008540,835,11,26,4,0,8
S01008541,772,16,76,0,1,9
S01008542,1499,40,117,6,9,18
S01008543,582,22,74,6,0,10
S01008544,528,15,22,0,4,6
S01008545,729,8,32,3,2,6
S01008546,722,10,34,0,2,3
S01008547,869,17,107,18,2,11
S01008548,1080,31,230,73,2,22
S01008549,3634,114,648,110,2,93
S01008550,663,26,83,5,0,2
S01008551,802,22,59,6,4,11
S01008552,711,17,66,2,2,1
S01008553,594,19,85,6,1,16
S01008554,777,20,79,67,0,75
S01008555,760,17,87,43,0,27
S01008556,661,14,102,42,0,19
S01008557,1100,35,110,88,4,58
S01008558,711,14,61,41,4,22
S01008559,577,9,31,25,0,10
S01008560,700,3,30,29,2,15
S01008561,570,5,23,8,0,41
S01008562,763,15,39,25,4,19
S01008563,720,15,62,19,2,16
S01008564,496,6,48,5,0,8
S01008565,805,25,91,19,0,25
S01008566,887,27,61,18,1,46
S01008567,546,14,137,16,4,18
S01008568,639,22,110,23,2,15
S01008569,489,19,26,33,6,12
S01008570,713,16,73,17,2,18
S01008571,612,2,83,26,1,7
S01008572,610,12,145,12,0,12
S01008573,550,13,127,1,0,23
S01008574,552,5,87,4,2,13
S01008575,620,10,69,2,6,0
S01008576,686,7,44,6,0,13
S01008577,865,15,49,3,0,7
S01008578,641,18,33,0,0,5
S01008579,1202,33,81,14,4,12
S01008580,424,4,73,2,1,19
S01008581,724,30,115,16,4,23
S01008582,830,30,95,31,2,38
S01008583,539,15,84,39,2,25
S01008584,676,14,72,10,0,20
S01008585,435,15,111,25,1,14
S01008586,715,22,106,22,0,39
S01008587,804,33,249,6,4,20
S01008588,692,19,51,2,3,9
S01008589,342,20,54,1,0,2
S01008590,663,19,94,1,1,28
S01008591,594,33,115,4,3,12
S01008592,646,25,129,9,6,30
S01008593,726,19,71,0,0,5
S01008594,981,40,110,5,3,38
S01008595,721,27,94,9,5,21
S01008596,666,21,109,25,3,26
S01008597,795,12,48,10,3,14
S01008598,665,34,84,7,1,16
S01008599,769,25,57,4,0,18
S01008600,728,43,100,32,0,28
S01008601,1921,99,851,21,6,75
S01008602,546,34,85,8,4,22
S01008603,1174,76,321,26,4,53
S01008604,760,38,223,15,4,39
S01008605,521,23,64,2,3,12
S01008606,681,25,67,3,3,14
S01008607,563,8,31,0,0,3
S01008608,660,18,44,7,3,13
S01008609,900,21,55,0,5,13
S01008610,722,12,32,4,3,8
S01008611,871,35,222,7,10,23
S01008612,673,34,133,11,1,19
S01008613,620,28,60,2,0,18
S01008614,554,33,38,3,2,15
S01008615,700,33,57,0,3,13
S01008616,574,21,49,3,1,10
S01008617,669,42,43,2,3,19
S01008618,557,40,60,2,1,21
S01008619,425,45,39,4,0,3
S01008620,658,35,75,2,1,26
S01008621,576,39,65,1,1,12
S01008622,400,24,52,1,1,7
S01008623,780,36,48,4,5,20
S01008624,680,31,32,1,3,10
S01008625,559,17,9,0,4,5
S01008626,826,26,20,5,3,12
S01008627,673,11,21,1,0,11
S01008628,521,16,25,0,0,4
S01008629,540,26,31,3,0,5
S01008630,519,23,65,8,3,15
S01008631,745,27,45,5,0,9
S01008632,667,13,39,0,0,5
S01008633,792,46,45,6,7,14
S01008634,662,27,44,5,0,17
S01008635,791,39,86,6,4,29
S01008636,642,30,37,6,3,6
S01008637,791,25,41,2,0,10
S01008638,584,31,50,3,1,16
S01008639,792,45,50,11,0,32
S01008640,714,18,80,8,4,10
S01008641,760,38,35,7,0,21
S01008642,774,23,54,5,3,5
S01008643,615,21,55,8,0,12
S01008644,655,23,96,9,5,26
S01008645,656,39,81,4,0,10
S01008646,744,26,86,19,5,12
S01008647,548,21,40,7,0,14
S01008648,460,23,62,10,0,4
S01008649,683,13,105,14,2,18
S01008650,595,24,64,6,4,11
S01008651,1588,67,399,21,2,51
S01008652,390,21,45,9,5,10
S01008653,622,23,96,26,7,11
S01008654,768,35,105,10,11,26
S01008655,615,22,235,17,1,32
S01008656,522,13,55,29,5,23
S01008657,559,37,110,21,0,10
S01008658,1265,52,304,20,5,62
S01008659,653,21,69,11,1,51
S01008660,903,39,87,17,4,31
S01008661,749,51,187,10,4,31
S01008662,571,32,145,11,3,18
S01008663,688,47,102,6,1,39
S01008664,586,42,81,14,3,19
S01008665,1310,72,487,32,8,65
S01008666,856,52,134,21,2,29
S01008667,909,65,264,24,5,62
S01008668,534,21,95,2,0,19
S01008669,335,28,57,1,1,13
S01008670,783,42,259,15,8,28
S01008671,565,37,130,4,0,17
S01008672,507,20,87,11,1,19
S01008673,1421,116,621,47,6,138
S01008674,667,57,128,11,4,41
S01008675,655,31,133,15,9,28
S01008676,663,23,45,12,2,28
S01008677,899,29,76,7,3,24
S01008678,945,58,302,33,9,43
S01008679,1040,47,236,16,4,29
S01008680,499,51,186,18,4,18
S01008681,830,47,291,21,3,26
S01008682,523,32,107,11,1,24
S01008683,1050,75,260,56,6,52
S01008684,841,41,146,53,8,38
S01008685,1165,71,743,39,8,73
S01008686,1060,41,211,37,7,18
S01008687,545,17,28,9,2,15
S01008688,700,24,31,11,0,23
S01008689,672,24,24,5,2,8
S01008690,1157,51,85,17,4,28
S01008691,1079,43,160,8,2,18
S01008692,1385,50,75,21,3,27
S01008693,289,1,20,1,0,0
S01008694,798,42,39,12,2,9
S01008695,605,20,29,6,2,6
S01008696,586,17,12,1,0,10
S01008697,884,16,39,11,1,19
S01008698,410,2,26,0,0,5
S01008699,763,24,84,13,4,14
S01008700,515,11,18,3,1,4
S01008701,1123,47,133,133,9,83
S01008702,414,12,72,27,5,13
S01008703,715,31,205,82,9,52
S01008704,2817,113,459,204,14,130
S01008705,578,23,72,41,1,35
S01008706,550,28,72,52,2,31
S01008707,711,16,71,25,8,35
S01008708,891,22,92,96,3,30
S01008709,556,10,61,29,0,26
S01008710,406,5,55,10,1,13
S01008711,632,28,61,25,1,18
S01008712,950,32,49,42,2,50
S01008713,461,14,24,11,2,11
S01008714,439,10,22,6,0,9
S01008715,599,6,52,6,0,13
S01008716,506,7,27,13,3,12
S01008717,382,14,96,5,0,3
S01008718,639,10,128,14,3,8
S01008719,771,15,205,29,2,44
S01008720,1621,36,98,12,3,18
S01008721,708,13,52,4,1,14
S01008722,1044,7,25,6,1,7
S01008723,603,15,45,8,0,6
S01008724,936,17,16,5,2,4
S01008725,648,17,6,0,1,4
S01008726,531,5,8,0,0,0
S01008727,942,28,13,5,0,13
S01008728,559,13,8,5,0,4
S01008729,619,12,16,3,0,3
S01008730,679,15,14,2,9,12
S01008731,436,17,15,3,0,5
S01008732,521,13,8,4,0,7
S01008733,1375,20,65,13,1,17
S01008734,582,11,19,1,0,4
S01008735,916,29,40,4,1,8
S01008736,649,9,86,7,0,10
S01008737,636,18,35,5,0,1
S01008738,744,16,44,6,1,0
S01008739,552,6,42,7,1,13
S01008740,426,5,20,0,0,1
S01008741,919,12,23,0,3,35
S01008742,442,7,39,0,0,8
S01008743,777,22,33,45,2,21
S01008744,910,18,44,12,5,11
S01008745,396,8,27,5,2,6
S01008746,818,15,123,13,4,27
S01008747,411,5,19,1,1,8
S01008748,583,6,29,0,2,7
S01008749,941,11,109,3,2,9
S01008750,588,6,31,2,1,1
S01008751,537,5,13,6,2,5
S01008752,515,17,33,13,2,8
S01008753,440,11,43,6,2,4
S01008754,482,16,23,10,2,7
S01008755,887,30,35,37,1,26
S01008756,533,8,30,6,2,24
S01008757,436,9,26,13,3,27
S01008758,623,14,36,26,4,24
S01008759,481,16,13,9,3,4
S01008760,726,20,89,38,1,26
S01008761,552,12,42,3,7,2
S01008762,537,6,33,0,0,0
S01008763,790,26,19,8,2,9
S01008764,595,16,42,10,1,11
S01008765,787,17,21,3,0,5
S01008766,911,23,30,3,0,13
S01008767,486,10,15,1,0,0
S01008768,1967,48,72,44,7,33
S01008769,909,36,56,29,6,16
S01008770,672,33,172,8,1,36
S01008771,969,40,100,28,2,27
S01008772,690,23,25,3,2,16
S01008773,838,25,42,24,8,9
S01008774,925,32,87,32,10,29
S01008775,521,23,16,7,3,24
S01008776,620,31,33,23,3,13
S01008777,809,20,33,31,3,42
S01008778,994,18,36,3,4,18
S01008779,713,21,50,8,5,8
S01008780,349,18,24,4,1,10
S01008781,983,45,52,38,4,28
S01008782,615,27,42,15,4,19
S01008783,385,11,15,7,1,1
S01008784,334,13,22,17,1,11
S01008785,563,13,54,29,10,29
S01008786,834,37,44,15,3,22
S01008787,217,17,15,29,4,21
S01008788,573,25,52,6,1,15
S01008789,714,34,74,8,0,21
S01008790,567,19,30,7,3,20
S01008791,716,35,159,30,2,20
S01008792,807,35,80,13,5,19
S01008793,363,11,30,4,0,25
S01008794,768,28,87,8,0,22
S01008795,808,20,54,18,2,20
S01008796,862,23,73,10,1,21
S01008797,633,18,59,6,3,8
S01008798,735,23,44,1,4,21
S01008799,501,26,84,29,6,8
S01008800,916,31,45,20,6,39
S01008801,777,35,195,20,1,21
S01008802,798,32,54,18,10,25
S01008803,681,50,68,6,4,24
S01008804,585,33,174,21,4,27
S01008805,457,25,85,2,0,28
S01008806,1007,30,130,12,3,26
S01008807,638,20,32,7,3,27
S01008808,597,11,24,8,4,17
S01008809,665,37,120,3,2,11
S01008810,689,20,29,9,0,15
S01008811,676,48,127,6,2,16
S01008812,376,30,81,9,3,16
S01008813,792,42,153,15,3,22
S01008814,635,28,70,6,2,18
S01008815,712,28,61,28,1,23
S01008816,479,21,30,11,2,16
S01008817,949,28,64,27,3,40
S01008818,878,39,55,17,0,13
S01008819,677,13,25,3,2,5
S01008820,906,26,75,19,7,28
S01008821,646,16,44,3,0,10
S01008822,641,6,27,11,2,18
S01008823,618,16,29,2,3,10
S01008824,902,26,43,11,4,8
S01008825,684,16,13,0,0,5
S01008826,480,17,29,4,1,3
S01008827,682,12,11,1,2,4
S01008828,822,20,17,1,3,2
S01008829,616,12,27,9,3,10
S01008830,814,24,33,10,0,8
S01008831,729,7,9,2,0,2
S01008832,617,8,29,13,0,14
S01008833,882,22,31,6,1,8
S01008834,986,21,56,10,0,4
S01008835,742,26,38,5,1,3
S01008836,592,32,81,13,2,11
S01008837,1319,62,221,10,2,23
S01008838,985,20,74,7,5,20
S01008839,910,36,56,15,3,15
S01008840,872,30,58,4,1,15
S01008841,620,33,67,6,3,11
S01008842,704,30,122,3,3,16
S01008843,1215,49,264,23,4,29
S01008844,547,17,99,4,0,22
S01008845,788,41,90,10,7,30
S01008846,508,20,35,4,0,7
S01008847,461,22,40,5,2,7
S01008848,607,17,34,11,2,3
S01008849,532,20,43,5,0,19
S01008850,646,24,26,1,1,7
S01008851,824,22,26,3,3,10
S01008852,800,34,19,2,2,14
S01008853,490,28,27,2,3,11
S01008854,812,35,27,4,0,10
S01008855,1046,44,55,2,0,37
S01008856,506,17,26,2,0,12
S01008857,641,36,36,14,2,9
S01008858,510,11,18,0,2,4
S01008859,941,34,45,8,0,25
S01008860,791,24,28,0,1,11
S01008861,667,11,14,1,2,4
S01008862,745,14,31,5,0,12
S01008863,666,27,39,1,1,11
S01008864,1046,56,154,16,6,7
S01008865,765,20,55,10,4,20
S01008866,715,16,32,5,0,7
S01008867,719,24,23,6,1,11
S01008868,878,28,70,11,3,28
S01008869,1005,28,44,2,6,24
S01008870,722,21,56,13,1,24
S01008871,836,24,33,7,0,9
S01008872,799,27,62,10,4,13
S01008873,830,23,37,6,0,10
S01008874,784,22,158,2,2,11
S01008875,711,20,81,5,4,9
S01008876,573,6,11,0,0,6
S01008877,486,6,8,0,0,8
S01008878,766,11,62,8,5,12
S01008879,682,17,41,12,0,5
S01008880,605,6,33,3,0,9
S01008881,676,8,32,8,1,14
S01008882,895,30,26,5,2,6
S01008883,966,5,32,0,0,15
S01008884,667,7,29,0,0,3
S01008885,806,14,45,3,1,4
S01008886,840,29,94,9,0,20
S01008887,656,25,48,1,1,19
S01008888,491,18,71,3,1,23
S01008889,677,29,99,16,3,14
S01008890,637,7,44,5,1,15
S01008891,732,13,76,3,0,1
S01008892,868,19,64,2,6,24
S01008893,840,24,37,6,1,7
S01008894,817,28,27,7,2,13
S01008895,761,10,44,3,0,5
S01008896,591,7,38,0,1,5
S01008897,626,11,80,0,0,16
S01008898,744,9,75,0,0,10
S01008899,645,15,72,27,3,8
S01008900,767,28,101,16,2,13
S01008901,729,15,76,9,4,19
S01008902,880,36,135,45,5,34
S01008903,784,19,92,19,1,13
S01008904,633,36,222,89,7,55
S01008905,808,23,133,88,1,37
S01008906,550,19,100,64,9,28
S01008907,810,23,97,99,3,57
S01008908,1148,46,162,77,10,27
S01008909,670,22,50,9,1,2
S01008910,357,19,47,9,4,4
S01008911,1098,58,200,27,12,17
S01008912,709,17,24,0,4,15
S01008913,608,30,64,21,0,12
S01008914,799,17,36,7,1,4
S01008915,485,10,21,13,0,2
S01008916,898,14,21,24,3,32
S01008917,515,14,28,47,4,29
S01008918,356,26,48,36,1,20
S01008919,420,26,19,38,5,22
S01008920,1689,66,151,80,6,27
S01008921,771,28,87,44,7,13
S01008922,671,14,66,14,4,9
S01008923,871,10,32,21,1,19
S01008924,710,24,44,30,5,19
S01008925,517,26,88,24,0,52
S01008926,465,15,59,9,0,10
S01008927,721,31,74,44,2,11
S01008928,888,30,82,84,10,45
S01008929,784,25,117,96,15,41
S01008930,730,24,73,57,11,27
S01008931,1314,41,131,146,9,31
S01008932,653,22,104,44,0,38
S01008933,510,8,45,51,4,2
S01008934,593,8,63,47,1,16
S01008935,769,20,52,8,0,16
S01008936,354,7,42,0,0,3
S01008937,763,25,67,3,1,4
S01008938,690,19,25,1,0,5
S01008939,696,7,51,16,0,9
S01008940,569,7,30,0,0,2
S01008941,936,19,51,11,4,10
S01008942,694,14,37,4,0,9
S01008943,779,33,57,2,6,2
S01008944,921,13,53,8,1,16
S01008945,748,9,49,8,0,9
S01008946,891,5,105,5,0,3
S01008947,928,24,101,10,9,13
S01008948,562,26,63,4,2,17
S01008949,860,10,51,11,1,6
S01008950,885,9,73,6,0,17
S01008951,683,16,71,23,7,30
S01008952,654,11,146,10,1,23
S01008953,748,26,84,39,3,36
S01008954,876,21,71,29,2,8
S01008955,554,13,57,17,0,3
S01008956,812,16,55,24,0,13
S01008957,790,21,82,22,4,24
S01008958,726,7,96,12,10,7
S01008959,639,2,79,20,4,7
S01008960,909,21,144,12,0,11
S01008961,576,14,25,1,1,5
S01008962,564,10,26,1,3,3
S01008963,723,23,64,9,2,0
S01008964,496,6,36,0,1,15
S01008965,779,14,70,0,0,7
S01008966,592,2,29,0,1,5
S01008967,936,6,67,4,8,16
S01008968,1558,26,124,10,3,32
S01008969,920,21,57,2,2,3
S01008970,924,10,22,0,0,8
S01008971,640,22,17,2,1,2
S01008972,734,9,18,3,0,9
S01008973,773,9,42,4,1,17
S01008974,683,8,51,8,0,3
S01008975,622,11,67,0,6,8
S01008976,498,1,24,0,0,0
S01008977,532,6,18,0,1,14
S01008978,475,11,22,1,0,22
S01008979,581,14,57,13,0,22
S01008980,653,27,68,4,0,7
S01008981,688,4,28,0,5,4
S01008982,719,7,48,3,5,22
S01008983,509,9,65,31,5,9
S01008984,456,12,20,6,1,0
S01008985,912,16,159,14,0,5
S01008986,735,13,29,6,0,0
S01008987,687,9,33,7,0,7
S01008988,798,20,109,17,1,16
S01008989,559,6,101,0,0,15
S01008990,774,14,282,9,2,15
S01008991,716,15,125,6,1,5
S01008992,454,4,33,14,0,14
S01008993,958,15,123,18,0,22
S01008994,660,7,14,12,0,13
S01008995,719,13,10,0,6,7
S01008996,937,22,26,7,1,11
S01008997,1113,14,66,17,0,6
S01008998,771,16,56,22,3,9
S01008999,796,5,18,13,1,3
S01009000,1645,23,121,22,0,11
S01009001,695,9,19,0,5,8
S01009002,2843,53,182,45,3,11
S01009003,947,8,6,13,0,3
S01009004,598,5,4,0,1,3
S01009005,804,12,17,4,9,8
S01009006,760,7,6,3,1,2
S01009007,664,10,4,3,1,12
S01009008,882,5,10,2,0,0
S01009009,457,12,10,3,2,3
S01009010,928,11,12,4,0,5
S01009011,787,11,13,0,0,4
S01009012,674,13,11,4,0,2
S01009013,773,15,6,0,2,2
S01009014,589,5,0,0,0,3
S01009015,697,2,1,2,0,0
S01009016,495,4,0,0,0,0
S01009017,521,7,5,0,1,3
S01009018,762,3,4,0,0,2
S01009019,478,2,0,0,0,1
S01009020,781,10,14,0,0,1
S01009021,714,7,2,0,0,2
S01009022,843,5,1,0,1,2
S01009023,826,6,1,0,0,2
S01009024,977,5,10,0,0,6
S01009025,894,5,0,1,1,0
S01009026,922,6,2,0,1,3
S01009027,673,10,6,0,2,1
S01009028,477,4,1,0,0,0
S01009029,555,6,2,0,0,4
S01009030,588,6,4,0,0,10
S01009031,764,2,3,0,0,3
S01009032,606,3,0,0,0,2
S01009033,715,0,0,0,0,2
S01009034,661,2,2,0,0,3
S01009035,958,4,2,0,1,4
S01009036,1041,9,1,0,1,2
S01009037,853,2,6,0,0,0
S01009038,902,8,1,0,0,0
S01009039,501,4,7,0,0,3
S01009040,587,2,12,3,1,6
S01009041,850,3,6,2,0,6
S01009042,542,6,13,0,0,0
S01009043,547,1,9,5,0,1
S01009044,731,4,21,0,0,6
S01009045,652,1,4,6,0,8
S01009046,1049,5,8,0,1,0
S01009047,731,5,2,0,1,0
S01009048,740,2,4,3,0,0
S01009049,489,4,0,1,0,2
S01009050,855,10,4,0,6,8
S01009051,711,1,5,2,0,0
S01009052,562,1,6,0,0,0
S01009053,686,0,5,0,1,0
S01009054,529,9,2,1,0,0
S01009055,1148,4,9,3,0,0
S01009056,529,1,11,2,0,2
S01009057,530,2,15,0,0,4
S01009058,778,4,4,0,0,0
S01009059,801,6,7,0,1,0
S01009060,1324,5,32,5,0,5
S01009061,754,1,1,4,0,2
S01009062,645,7,1,0,0,1
S01009063,682,6,25,5,0,1
S01009064,529,3,7,1,0,0
S01009065,584,9,23,5,1,1
S01009066,708,1,6,0,0,1
S01009067,908,3,23,0,1,0
S01009068,847,0,1,0,0,0
S01009069,572,5,12,0,0,1
S01009070,525,2,13,0,0,1
S01009071,437,0,4,0,0,0
S01009072,468,0,16,1,0,0
S01009073,767,7,3,7,0,0
S01009074,701,1,1,0,0,0
S01009075,497,0,1,0,0,6
S01009076,872,6,7,1,0,4
S01009077,543,5,12,1,0,0
S01009078,730,3,29,2,1,1
S01009079,847,7,6,0,0,0
S01009080,926,7,7,0,2,0
S01009081,530,0,7,0,0,0
S01009082,1116,7,12,0,0,0
S01009083,704,1,2,5,2,0
S01009084,825,8,20,7,0,2
S01009085,819,8,4,3,0,1
S01009086,640,4,3,6,1,0
S01009087,537,5,9,5,0,0
S01009088,1029,15,13,4,1,0
S01009089,797,5,36,0,0,5
S01009090,2217,21,77,14,4,17
S01009091,731,1,44,0,1,0
S01009092,1156,11,31,12,1,0
S01009093,700,10,13,8,1,0
S01009094,642,8,5,0,0,0
S01009095,895,13,5,11,0,1
S01009096,980,10,33,3,0,4
S01009097,815,3,8,5,1,4
S01009098,459,5,0,0,0,1
S01009099,688,4,4,0,0,0
S01009100,800,0,24,2,0,5
S01009101,819,8,38,4,0,2
S01009102,780,2,60,0,5,8
S01009103,485,4,3,2,0,0
S01009104,688,8,8,3,1,0
S01009105,732,7,11,0,1,0
S01009106,531,2,9,0,0,3
S01009107,754,4,13,0,0,0
S01009108,655,0,7,0,0,0
S01009109,596,2,0,7,0,0
S01009110,574,3,1,0,1,0
S01009111,766,1,26,0,1,1
S01009112,513,5,8,0,0,1
S01009113,808,1,25,0,1,0
S01009114,716,6,55,1,0,2
S01009115,502,3,26,1,0,3
S01009116,400,1,4,0,0,0
S01009117,700,3,11,0,1,1
S01009118,542,5,25,0,0,3
S01009119,720,1,16,0,0,0
S01009120,528,2,16,0,0,2
S01009121,678,2,8,7,0,0
S01009122,2837,25,51,5,0,2
S01009123,527,3,10,0,0,2
S01009124,518,3,0,0,0,1
S01009125,625,0,6,0,0,0
S01009126,595,4,2,3,0,0
S01009127,627,6,10,4,0,0
S01009128,682,0,40,3,2,0
S01009129,433,1,27,1,0,1
S01009130,476,7,18,0,0,0
S01009131,496,6,0,7,0,2
S01009132,688,3,51,5,1,4
S01009133,634,0,25,1,0,5
S01009134,770,3,11,0,1,0
S01009135,496,10,44,0,1,5
S01009136,654,3,56,16,1,6
S01009137,806,1,51,1,0,0
S01009138,796,4,17,15,1,0
S01009139,366,11,10,2,0,2
S01009140,607,4,11,11,1,1
S01009141,734,5,53,16,0,8
S01009142,674,7,52,3,2,7
S01009143,460,16,23,6,0,4
S01009144,868,6,31,5,1,1
S01009145,896,14,36,4,4,0
S01009146,786,11,50,4,6,6
S01009147,614,6,50,6,0,17
S01009148,630,7,20,0,0,5
S01009149,684,7,61,7,1,3
S01009150,726,4,2,3,0,0
S01009151,795,8,22,7,0,0
S01009152,603,6,23,0,1,8
S01009153,410,6,29,2,4,5
S01009154,970,10,8,1,0,5
S01009155,453,4,10,0,2,1
S01009156,578,8,12,0,0,4
S01009157,845,6,18,3,0,3
S01009158,503,0,11,0,0,3
S01009159,394,0,2,2,0,1
S01009160,580,12,19,0,1,2
S01009161,573,9,27,12,0,13
S01009162,659,4,14,13,0,1
S01009163,455,8,5,10,0,0
S01009164,772,8,3,0,0,4
S01009165,664,11,43,7,2,7
S01009166,611,6,11,0,0,0
S01009167,489,4,7,2,1,0
S01009168,562,1,8,12,3,7
S01009169,747,7,19,1,0,1
S01009170,598,3,17,0,0,2
S01009171,583,4,19,7,0,2
S01009172,635,3,16,5,1,4
S01009173,688,0,14,12,0,0
S01009174,450,3,6,7,0,5
S01009175,743,6,21,5,0,7
S01009176,1038,11,8,0,0,0
S01009177,691,12,89,3,0,0
S01009178,687,24,32,4,1,1
S01009179,575,6,18,6,1,2
S01009180,980,9,15,5,0,2
S01009181,743,6,8,0,0,2
S01009182,915,4,12,0,1,2
S01009183,638,3,6,0,0,2
S01009184,824,6,7,0,0,4
S01009185,842,2,2,2,0,1
S01009186,731,6,41,0,1,2
S01009187,573,8,5,1,0,0
S01009188,883,7,0,0,2,0
S01009189,754,3,2,0,1,2
S01009190,1396,9,6,5,3,4
S01009191,693,10,23,4,0,0
S01009192,738,10,15,4,0,0
S01009193,1997,16,58,7,1,1
S01009194,741,2,1,0,1,0
S01009195,751,20,26,4,0,2
S01009196,633,1,5,0,1,0
S01009197,1071,19,47,0,0,1
S01009198,643,1,1,5,0,16
S01009199,529,8,21,5,0,0
S01009200,1714,35,46,5,3,7
S01009201,553,0,32,0,0,1
S01009202,468,5,13,0,1,0
S01009203,728,9,20,1,0,0
S01009204,822,5,11,0,0,0
S01009205,771,1,17,2,0,0
S01009206,662,1,4,14,0,2
S01009207,670,4,4,1,0,0
S01009208,616,2,0,1,0,0
S01009209,656,4,4,7,2,0
S01009210,438,0,2,2,1,0
S01009211,495,1,8,0,0,0
S01009212,708,1,15,0,0,0
S01009213,656,10,14,2,1,0
S01009214,980,9,24,0,0,1
S01009215,800,4,25,5,0,8
S01009216,854,10,19,2,1,1
S01009217,667,7,1,0,4,2
S01009218,748,3,14,0,1,0
S01009219,554,4,9,3,1,3
S01009220,484,3,14,8,0,0
S01009221,523,1,4,11,0,0
S01009222,453,4,7,4,2,2
S01009223,565,4,10,1,0,0
S01009224,629,1,5,0,0,0
S01009225,504,7,8,1,0,0
S01009226,793,3,12,0,1,0
S01009227,519,3,2,0,0,1
S01009228,515,7,4,3,0,2
S01009229,502,4,0,11,0,0
S01009230,361,2,3,0,1,0
S01009231,934,6,3,2,0,4
S01009232,519,0,10,0,0,0
S01009233,525,4,8,0,0,0
S01009234,891,7,4,13,3,5
S01009235,912,2,7,2,0,2
S01009236,476,6,6,1,0,0
S01009237,776,4,16,2,1,1
S01009238,663,3,0,0,0,0
S01009239,796,4,15,0,0,0
S01009240,527,7,6,3,0,4
S01009241,855,6,20,8,0,0
S01009242,667,2,10,1,0,0
S01009243,909,2,4,2,0,0
S01009244,776,2,1,1,0,0
S01009245,760,4,6,2,1,3
S01009246,809,5,2,0,0,0
S01009247,983,7,4,0,2,11
S01009248,664,1,0,0,0,4
S01009249,790,11,6,0,0,0
S01009250,606,0,0,0,0,0
S01009251,466,2,9,4,0,0
S01009252,425,3,5,0,0,0
S01009253,475,0,0,0,0,0
S01009254,784,2,8,4,0,5
S01009255,605,4,15,8,2,5
S01009256,431,9,0,1,0,3
S01009257,623,7,12,2,0,1
S01009258,1090,5,9,9,0,5
S01009259,874,4,4,0,1,2
S01009260,979,7,11,2,1,2
S01009261,643,1,4,1,0,4
S01009262,527,6,2,1,1,1
S01009263,1005,5,16,0,0,4
S01009264,465,3,6,0,0,0
S01009265,985,7,11,3,0,1
S01009266,782,4,0,0,1,3
S01009267,738,6,10,3,1,2
S01009268,1186,9,9,4,0,3
S01009269,858,6,4,1,0,0
S01009270,618,0,3,4,0,0
S01009271,788,12,11,0,0,2
S01009272,690,4,1,0,0,10
S01009273,462,3,7,5,0,4
S01009274,550,6,11,0,0,0
S01009275,988,2,4,0,1,0
S01009276,853,9,1,0,0,0
S01009277,1145,11,28,17,0,2
S01009278,581,4,4,6,3,0
S01009279,779,7,11,4,0,2
S01009280,873,3,3,2,0,3
S01009281,744,5,1,0,0,0
S01009282,694,12,8,8,1,1
S01009283,669,3,0,1,1,0
S01009284,712,2,16,0,0,2
S01009285,804,5,3,3,3,0
S01009286,694,6,6,7,0,0
S01009287,709,2,6,0,0,0
S01009288,913,13,11,2,2,1
S01009289,819,4,0,6,0,1
S01009290,627,0,4,0,0,0
S01009291,875,0,0,1,0,0
S01009292,516,1,1,0,1,0
S01009293,637,4,17,0,0,2
S01009294,714,6,5,0,0,0
S01009295,551,3,3,0,0,0
S01009296,403,1,15,0,0,4
S01009297,742,4,12,0,4,14
S01009298,823,10,7,0,0,6
S01009299,1056,17,25,3,2,6
S01009300,513,10,24,0,0,0
S01009301,1062,16,28,6,5,0
S01009302,735,1,34,4,0,11
S01009303,805,5,20,0,0,0
S01009304,1010,4,8,2,1,0
S01009305,786,5,11,3,0,2
S01009306,1069,14,23,3,0,7
S01009307,1039,24,30,6,2,15
S01009308,483,6,19,8,0,4
S01009309,707,12,11,6,0,5
S01009310,798,1,40,3,0,0
S01009311,707,6,61,6,0,10
S01009312,667,4,40,14,1,13
S01009313,514,3,25,0,0,1
S01009314,548,5,16,3,0,5
S01009315,538,11,37,0,8,0
S01009316,696,12,10,0,0,0
S01009317,746,7,16,0,0,3
S01009318,541,0,12,2,0,0
S01009319,897,11,9,4,0,1
S01009320,690,2,12,0,0,3
S01009321,583,5,14,4,1,1
S01009322,676,5,6,0,0,0
S01009323,645,3,3,1,0,0
S01009324,510,0,5,2,1,0
S01009325,690,7,5,4,0,5
S01009326,504,4,2,2,1,0
S01009327,691,2,4,0,0,1
S01009328,852,16,49,3,0,5
S01009329,1568,28,68,29,3,11
S01009330,482,5,45,4,2,5
S01009331,2072,24,146,22,5,9
S01009332,993,9,52,2,0,1
S01009333,906,10,62,5,0,7
S01009334,605,8,8,2,0,3
S01009335,856,11,21,21,1,3
S01009336,556,4,11,12,1,1
S01009337,697,12,9,12,4,9
S01009338,1012,12,62,14,4,13
S01009339,833,9,31,3,1,1
S01009340,659,2,16,1,3,1
S01009341,606,1,16,6,1,1
S01009342,701,15,5,2,0,4
S01009343,502,0,11,21,0,3
S01009344,625,8,21,1,0,4
S01009345,875,2,8,11,0,4
S01009346,653,13,35,9,0,8
S01009347,646,7,8,1,2,0
S01009348,444,1,22,10,3,0
S01009349,700,7,51,15,0,10
S01009350,551,6,19,0,0,7
S01009351,479,3,14,13,5,6
S01009352,712,9,27,4,0,8
S01009353,1185,17,42,16,5,12
S01009354,1953,32,115,8,2,25
S01009355,766,0,12,1,3,1
S01009356,884,5,3,4,0,0
S01009357,463,4,22,0,0,0
S01009358,596,5,41,0,0,10
S01009359,665,15,21,5,0,4
S01009360,763,7,17,0,0,4
S01009361,698,9,20,4,0,2
S01009362,889,6,21,2,1,4
S01009363,756,6,9,2,2,0
S01009364,867,4,7,1,1,2
S01009365,534,1,6,2,5,0
S01009366,637,6,16,19,1,1
S01009367,658,1,5,2,0,0
S01009368,502,3,1,1,0,3
S01009369,611,4,16,2,1,0
S01009370,748,8,8,7,0,2
S01009371,509,0,16,2,2,3
S01009372,455,2,6,0,0,1
S01009373,996,5,38,8,0,2
S01009374,872,7,9,3,1,0
S01009375,684,1,11,6,0,0
S01009376,486,0,14,5,0,3
S01009377,969,5,18,14,1,14
S01009378,916,15,13,16,0,6
S01009379,918,6,31,0,1,4
S01009380,532,7,8,1,0,7
S01009381,565,7,3,0,2,2
S01009382,742,15,9,4,0,11
S01009383,736,6,14,0,2,3
S01009384,506,6,5,1,0,5
S01009385,466,7,7,1,0,0
S01009386,576,2,8,1,0,1
S01009387,766,29,25,7,1,13
S01009388,742,3,4,9,0,8
S01009389,904,6,14,5,0,11
S01009390,604,12,15,3,0,12
S01009391,646,6,12,1,3,2
S01009392,496,7,3,3,0,1
S01009393,623,0,3,4,0,3
S01009394,870,13,15,7,0,5
S01009395,657,0,5,0,0,4
S01009396,654,8,10,1,0,3
S01009397,709,5,18,0,0,4
S01009398,595,0,10,1,0,1
S01009399,610,6,5,4,0,3
S01009400,493,3,1,0,0,0
S01009401,601,9,1,0,2,0
S01009402,843,1,26,0,0,1
S01009403,470,4,4,2,0,0
S01009404,653,4,17,4,0,0
S01009405,439,1,4,5,0,0
S01009406,1003,0,8,0,0,3
S01009407,468,6,5,1,0,5
S01009408,912,2,26,0,0,6
S01009409,969,9,12,2,0,3
S01009410,792,1,7,0,0,3
S01009411,736,3,7,0,0,2
S01009412,844,1,1,1,0,3
S01009413,989,8,15,4,0,1
S01009414,665,3,7,0,0,0
S01009415,599,2,36,1,1,0
S01009416,447,3,3,1,1,0
S01009417,1258,9,13,4,1,4
S01009418,1009,8,12,7,2,0
S01009419,593,1,1,0,0,0
S01009420,671,3,11,0,0,0
S01009421,747,5,5,1,1,0
S01009422,762,0,8,0,0,2
S01009423,1324,11,5,4,0,1
S01009424,601,0,2,6,1,4
S01009425,682,2,17,0,0,3
S01009426,712,0,7,5,2,0
S01009427,549,2,1,1,2,4
S01009428,700,2,9,1,0,4
S01009429,642,2,3,0,5,0
S01009430,667,2,2,5,0,5
S01009431,580,0,6,0,0,0
S01009432,794,1,12,1,0,1
S01009433,782,1,11,1,0,1
S01009434,563,2,7,1,0,0
S01009435,723,0,11,2,2,6
S01009436,628,4,2,0,0,0
S01009437,655,12,5,1,2,0
S01009438,880,5,27,2,0,0
S01009439,751,9,2,0,0,1
S01009440,621,13,8,0,0,2
S01009441,705,6,0,0,1,3
S01009442,533,7,9,0,0,6
S01009443,1730,20,58,6,4,20
S01009444,664,0,9,0,0,0
S01009445,833,1,1,0,0,0
S01009446,865,4,17,3,0,1
S01009447,501,0,6,0,0,0
S01009448,1159,2,21,0,1,9
S01009449,431,0,1,0,0,0
S01009450,523,0,0,1,0,4
S01009451,959,2,2,0,0,0
S01009452,566,5,7,0,2,3
S01009453,825,0,5,0,1,0
S01009454,886,5,5,1,0,2
S01009455,1100,14,19,0,0,2
S01009456,974,7,24,7,0,1
S01009457,632,1,2,0,0,1
S01009458,609,4,5,3,0,9
S01009459,747,9,10,0,0,2
S01009460,793,14,6,2,2,5
S01009461,871,9,5,7,0,0
S01009462,698,5,4,7,2,3
S01009463,630,6,7,0,0,2
S01009464,815,10,3,0,0,2
S01009465,551,4,2,0,1,1
S01009466,474,8,3,0,1,1
S01009467,651,9,7,3,0,4
S01009468,732,3,6,0,1,3
S01009469,775,8,10,2,0,1
S01009470,423,1,0,1,0,0
S01009471,553,8,11,0,1,11
S01009472,837,12,43,10,1,8
S01009473,800,8,33,4,1,29
S01009474,800,0,4,19,0,12
S01009475,486,0,41,8,0,0
S01009476,777,7,43,3,2,3
S01009477,771,19,10,4,0,0
S01009478,817,4,37,0,4,0
S01009479,925,15,17,1,4,11
S01009480,782,2,2,5,0,2
S01009481,814,4,16,10,0,10
S01009482,544,4,18,5,0,7
S01009483,680,15,15,7,0,10
S01009484,858,7,17,2,3,7
S01009485,732,3,31,14,0,5
S01009486,537,7,35,14,0,7
S01009487,791,4,43,0,0,10
S01009488,653,6,27,0,0,2
S01009489,778,7,5,1,0,0
S01009490,734,4,11,3,0,9
S01009491,815,5,2,3,0,0
S01009492,541,2,8,0,0,0
S01009493,834,7,17,0,0,0
S01009494,832,4,90,0,0,0
S01009495,807,7,2,0,0,4
S01009496,764,1,4,13,0,0
S01009497,898,17,23,2,2,4
S01009498,617,8,18,0,0,2
S01009499,731,4,19,1,0,3
S01009500,653,6,13,0,0,4
S01009501,870,15,9,6,1,4
S01009502,758,2,8,1,0,1
S01009503,680,3,16,0,0,1
S01009504,613,9,11,4,5,2
S01009505,712,8,22,9,0,18
S01009506,669,6,16,0,0,1
S01009507,763,8,75,4,1,5
S01009508,762,11,21,1,0,11
S01009509,866,5,32,0,6,9
S01009510,667,1,17,0,0,0
S01009511,556,1,2,0,0,0
S01009512,707,2,26,2,2,0
S01009513,545,0,16,4,0,1
S01009514,628,5,10,2,0,1
S01009515,651,1,10,0,0,5
S01009516,737,8,33,5,0,4
S01009517,870,9,98,10,2,25
S01009518,881,8,45,2,0,7
S01009519,864,15,62,2,3,4
S01009520,779,3,32,5,1,14
S01009521,890,5,16,0,0,3
S01009522,924,9,43,8,0,2
S01009523,538,5,19,1,0,6
S01009524,626,6,12,1,0,13
S01009525,497,7,36,8,1,0
S01009526,549,1,14,0,3,2
S01009527,602,4,8,2,0,6
S01009528,497,4,4,0,0,0
S01009529,584,2,0,0,0,2
S01009530,530,5,6,3,1,1
S01009531,1179,8,42,0,2,1
S01009532,787,5,0,4,0,4
S01009533,954,9,18,1,0,11
S01009534,863,13,20,0,0,3
S01009535,795,9,11,7,3,22
S01009536,547,2,15,0,0,1
S01009537,484,7,8,0,0,0
S01009538,863,8,26,0,2,0
S01009539,953,7,12,2,0,3
S01009540,769,13,6,5,0,4
S01009541,1290,7,17,3,0,4
S01009542,718,4,6,0,0,2
S01009543,558,5,6,2,0,0
S01009544,880,2,2,1,4,3
S01009545,671,4,3,1,0,0
S01009546,1117,8,5,0,0,5
S01009547,779,8,13,5,0,4
S01009548,541,1,2,0,0,0
S01009549,695,5,4,1,5,2
S01009550,514,0,14,0,0,3
S01009551,505,2,15,0,2,3
S01009552,892,5,3,4,1,5
S01009553,842,5,5,5,0,4
S01009554,543,7,11,0,1,1
S01009555,727,6,23,1,0,3
S01009556,678,3,3,3,1,1
S01009557,601,5,4,0,0,0
S01009558,659,1,15,0,0,0
S01009559,716,5,5,4,0,2
S01009560,866,1,24,4,0,2
S01009561,616,4,8,9,0,0
S01009562,745,3,12,0,1,0
S01009563,687,7,5,1,0,0
S01009564,661,5,7,0,0,2
S01009565,521,2,2,1,2,0
S01009566,948,1,21,0,0,0
S01009567,786,9,27,15,1,6
S01009568,691,4,11,0,2,1
S01009569,724,4,17,0,0,5
S01009570,474,1,12,0,0,1
S01009571,616,10,15,1,0,4
S01009572,813,0,37,0,0,4
S01009573,670,1,17,5,0,5
S01009574,892,8,22,4,0,1
S01009575,431,0,5,2,1,1
S01009576,463,0,14,1,0,1
S01009577,509,0,30,0,0,1
S01009578,653,1,6,0,0,1
S01009579,803,8,16,5,0,1
S01009580,923,3,25,0,1,4
S01009581,512,2,5,0,0,1
S01009582,491,5,5,1,0,1
S01009583,799,9,8,1,0,2
S01009584,485,4,12,4,0,0
S01009585,858,4,10,7,2,1
S01009586,565,10,9,1,0,0
S01009587,757,3,10,0,1,5
S01009588,996,7,4,1,1,2
S01009589,860,10,18,6,2,12
S01009590,640,2,31,0,0,0
S01009591,579,3,4,4,0,2
S01009592,498,4,36,1,0,26
S01009593,630,2,23,1,0,5
S01009594,602,0,13,0,0,2
S01009595,372,3,30,0,0,0
S01009596,702,5,2,5,0,0
S01009597,815,7,31,0,0,8
S01009598,617,5,0,1,2,9
S01009599,768,0,16,2,0,0
S01009600,572,8,27,0,5,11
S01009601,641,1,3,5,2,0
S01009602,658,6,14,0,0,0
S01009603,354,5,22,0,2,0
S01009604,773,0,12,1,3,3
S01009605,518,1,13,2,2,0
S01009606,903,2,41,5,1,19
S01009607,769,4,14,0,0,0
S01009608,578,7,10,1,0,0
S01009609,711,8,4,0,1,2
S01009610,917,8,15,0,0,1
S01009611,563,4,0,2,1,2
S01009612,557,3,9,0,1,4
S01009613,418,0,26,0,0,8
S01009614,475,3,0,3,2,3
S01009615,345,1,1,0,0,0
S01009616,661,2,4,15,0,0
S01009617,681,1,6,1,0,2
S01009618,642,1,7,1,0,1
S01009619,596,8,26,0,0,0
S01009620,796,2,13,1,0,0
S01009621,693,23,18,2,0,1
S01009622,712,7,13,6,0,1
S01009623,436,2,9,0,0,1
S01009624,795,0,26,0,0,0
S01009625,839,5,19,1,0,0
S01009626,576,11,8,0,2,6
S01009627,820,5,12,5,0,9
S01009628,486,0,9,0,0,0
S01009629,977,7,4,0,0,0
S01009630,739,7,3,0,0,0
S01009631,596,0,21,0,0,7
S01009632,514,5,17,0,0,5
S01009633,739,3,28,5,0,6
S01009634,495,0,6,1,1,2
S01009635,842,4,14,0,1,2
S01009636,657,3,17,0,5,0
S01009637,583,0,12,0,0,0
S01009638,1098,22,8,1,0,4
S01009639,768,3,4,1,0,1
S01009640,603,8,8,0,0,5
S01009641,864,17,23,0,2,4
S01009642,893,12,16,2,2,2
S01009643,1137,4,15,1,0,6
S01009644,837,3,2,4,2,6
S01009645,590,5,7,0,0,0
S01009646,662,5,0,0,0,0
S01009647,610,6,19,5,2,12
S01009648,843,1,0,0,1,5
S01009649,1022,10,0,0,0,0
S01009650,753,0,1,3,4,0
S01009651,1273,10,11,0,1,1
S01009652,776,4,4,0,0,3
S01009653,450,2,3,2,0,0
S01009654,586,7,2,0,0,0
S01009655,827,5,12,0,0,0
S01009656,714,1,7,0,0,3
S01009657,727,3,54,0,1,0
S01009658,711,1,2,0,0,0
S01009659,539,4,0,0,0,1
S01009660,1039,2,5,1,0,3
S01009661,858,7,4,0,0,2
S01009662,641,6,1,1,0,1
S01009663,601,14,0,2,2,6
S01009664,863,7,4,0,0,1
S01009665,665,8,8,2,0,3
S01009666,654,7,4,0,1,0
S01009667,524,1,2,1,1,5
S01009668,539,17,5,1,0,0
S01009669,481,4,6,0,0,0
S01009670,693,4,10,1,0,1
S01009671,569,12,3,0,0,2
S01009672,801,8,15,0,0,2
S01009673,728,5,7,0,0,0
S01009674,845,4,0,0,1,3
S01009675,785,2,4,0,0,4
S01009676,836,15,0,0,1,0
S01009677,540,2,11,1,0,1
S01009678,564,0,1,1,0,0
S01009679,918,10,7,0,1,0
S01009680,710,10,5,0,0,0
S01009681,678,3,18,2,0,2
S01009682,601,4,11,0,0,2
S01009683,789,4,14,1,0,10
S01009684,1151,13,4,1,0,2
S01009685,588,0,7,0,0,1
S01009686,905,13,15,4,0,14
S01009687,676,11,2,0,0,2
S01009688,739,10,13,3,1,21
S01009689,658,15,14,15,0,3
S01009690,583,4,10,10,5,8
S01009691,520,2,6,3,0,0
S01009692,1021,1,2,0,1,2
S01009693,596,1,1,0,0,0
S01009694,893,5,5,1,0,4
S01009695,515,9,8,0,1,5
S01009696,872,6,6,0,2,5
S01009697,739,4,2,0,1,0
S01009698,606,14,5,0,0,0
S01009699,381,2,3,0,0,1
S01009700,648,11,1,0,0,2
S01009701,492,9,8,0,0,4
S01009702,618,4,6,0,1,3
S01009703,595,7,3,1,2,3
S01009704,833,3,4,1,1,2
S01009705,710,4,6,2,5,0
S01009706,589,7,4,0,1,0
S01009707,459,9,1,0,0,0
S01009708,1081,10,1,0,0,0
S01009709,851,7,6,2,2,4
S01009710,432,2,7,0,0,0
S01009711,751,3,1,0,0,3
S01009712,602,17,7,0,1,2
S01009713,785,10,1,4,0,6
S01009714,880,5,5,6,1,11
S01009715,706,5,1,0,1,4
S01009716,612,15,25,1,1,4
S01009717,634,30,41,5,2,4
S01009718,631,17,43,0,0,6
S01009719,611,10,15,4,0,14
S01009720,641,17,39,1,0,7
S01009721,396,18,26,2,0,16
S01009722,1360,58,166,8,2,39
S01009723,567,27,64,4,4,10
S01009724,777,22,57,1,0,12
S01009725,403,12,26,2,0,3
S01009726,865,37,139,9,4,28
S01009727,607,21,13,6,0,13
S01009728,682,10,34,3,0,15
S01009729,555,9,12,5,0,1
S01009730,448,7,16,3,0,9
S01009731,543,10,15,0,0,9
S01009732,667,29,57,1,2,9
S01009733,415,0,5,0,1,2
S01009734,847,8,4,4,0,12
S01009735,652,13,11,0,0,8
S01009736,2730,177,629,38,9,92
S01009737,790,15,43,2,1,18
S01009738,457,15,16,12,1,7
S01009739,845,5,10,2,0,20
S01009740,518,6,17,0,0,3
S01009741,623,8,55,37,0,27
S01009742,464,2,6,0,0,0
S01009743,901,10,9,0,0,2
S01009744,661,1,5,4,2,0
S01009745,1315,19,53,6,0,1
S01009746,508,5,2,1,2,1
S01009747,624,15,12,0,0,20
S01009748,836,4,2,0,0,1
S01009749,917,9,27,6,0,1
S01009750,690,12,17,2,0,1
S01009751,728,12,18,0,0,3
S01009752,571,11,8,0,0,9
S01009753,570,5,24,0,0,3
S01009754,888,11,9,1,0,9
S01009755,548,8,8,0,0,1
S01009756,657,11,5,0,0,7
S01009757,724,7,16,5,0,2
S01009758,467,12,56,4,1,6
S01009759,840,22,48,67,1,13
S01009760,917,3,49,51,1,13
S01009761,605,8,131,2,0,8
S01009762,845,23,52,35,12,19
S01009763,552,8,147,7,0,15
S01009764,472,2,172,5,2,21
S01009765,623,6,361,28,0,3
S01009766,371,4,32,0,0,2
S01009767,1636,29,746,53,2,30
S01009768,565,13,166,23,1,8
S01009769,680,4,359,7,0,8
S01009770,408,17,240,3,0,12
S01009771,421,16,338,10,0,27
S01009772,433,3,117,4,2,9
S01009773,285,12,328,13,0,21
S01009774,200,19,353,3,0,12
S01009775,1486,28,298,33,3,38
S01009776,635,0,19,9,0,14
S01009777,336,5,31,7,1,11
S01009778,737,3,71,22,0,27
S01009779,500,8,3,4,0,9
S01009780,536,7,53,9,0,19
S01009781,508,1,15,19,0,15
S01009782,624,10,126,11,0,16
S01009783,551,5,44,5,0,1
S01009784,916,11,55,3,0,42
S01009785,777,4,27,10,0,11
S01009786,820,14,60,90,0,47
S01009787,820,6,42,19,1,18
S01009788,810,10,24,31,0,4
S01009789,744,14,41,22,0,14
S01009790,547,3,11,2,0,7
S01009791,632,10,44,31,2,34
S01009792,679,8,266,27,2,13
S01009793,1416,11,207,41,0,25
S01009794,526,4,21,1,0,4
S01009795,648,11,120,20,0,2
S01009796,587,4,125,12,0,8
S01009797,632,10,146,12,0,4
S01009798,605,6,45,0,0,1
S01009799,747,5,40,34,0,21
S01009800,902,25,40,34,5,18
S01009801,832,4,49,16,1,9
S01009802,848,12,70,21,3,21
S01009803,625,6,50,17,0,10
S01009804,414,4,38,1,0,0
S01009805,899,11,70,36,3,6
S01009806,728,12,92,17,2,6
S01009807,661,7,53,16,2,12
S01009808,530,5,45,5,0,4
S01009809,564,7,51,10,0,3
S01009810,565,8,48,21,0,14
S01009811,856,7,88,10,0,12
S01009812,672,7,38,6,0,3
S01009813,467,11,186,150,5,114
S01009814,656,3,72,8,0,6
S01009815,578,3,30,15,2,11
S01009816,553,2,20,9,2,3
S01009817,624,4,21,9,0,14
S01009818,838,0,41,0,0,11
S01009819,503,6,24,1,2,6
S01009820,845,11,46,17,0,10
S01009821,609,18,63,1,0,3
S01009822,420,1,56,1,0,6
S01009823,668,4,32,8,1,1
S01009824,773,9,78,12,0,35
S01009825,814,8,71,13,0,23
S01009826,547,7,47,1,0,7
S01009827,834,9,60,30,0,22
S01009828,549,0,36,11,4,20
S01009829,840,12,80,37,12,6
S01009830,627,15,43,13,2,2
S01009831,555,8,25,0,2,3
S01009832,873,10,81,13,0,10
S01009833,436,4,15,5,0,8
S01009834,697,5,149,28,0,4
S01009835,507,1,28,12,2,11
S01009836,862,3,73,0,7,14
S01009837,622,4,8,0,0,0
S01009838,783,6,60,27,4,8
S01009839,730,21,29,22,2,15
S01009840,834,7,26,21,2,9
S01009841,670,15,57,44,2,8
S01009842,516,13,26,25,3,35
S01009843,745,20,65,21,3,29
S01009844,604,23,116,95,7,60
S01009845,542,25,75,85,2,57
S01009846,929,4,83,55,5,36
S01009847,576,30,53,17,0,22
S01009848,869,7,44,34,0,19
S01009849,689,12,70,26,0,8
S01009850,755,10,76,4,0,27
S01009851,834,14,27,11,1,29
S01009852,463,10,80,3,2,1
S01009853,741,7,50,1,1,0
S01009854,736,9,108,17,4,9
S01009855,516,7,41,2,0,11
S01009856,540,3,75,4,1,25
S01009857,760,12,82,4,0,16
S01009858,640,2,83,4,0,10
S01009859,940,16,175,102,8,63
S01009860,840,20,59,48,3,34
S01009861,781,27,102,87,3,84
S01009862,803,22,148,98,4,52
S01009863,557,19,251,45,6,31
S01009864,703,27,48,27,1,45
S01009865,628,16,126,12,1,18
S01009866,659,23,183,8,1,70
S01009867,893,29,199,23,5,43
S01009868,393,19,216,16,0,27
S01009869,466,25,193,37,2,36
S01009870,347,15,225,26,3,41
S01009871,631,45,385,35,1,41
S01009872,497,26,273,34,1,29
S01009873,476,18,256,9,0,17
S01009874,695,22,210,30,2,16
S01009875,323,17,365,55,4,66
S01009876,133,7,123,14,0,15
S01009877,604,15,316,0,4,13
S01009878,250,9,541,8,0,37
S01009879,661,14,202,23,0,6
S01009880,234,8,548,13,1,26
S01009881,372,19,445,8,2,80
S01009882,751,41,345,17,0,41
S01009883,311,3,382,20,0,22
S01009884,469,28,338,8,2,34
S01009885,312,16,346,12,2,17
S01009886,329,14,432,9,0,31
S01009887,539,25,434,21,4,40
S01009888,290,20,307,16,2,37
S01009889,387,27,450,29,2,51
S01009890,241,8,163,18,1,26
S01009891,375,17,306,23,0,12
S01009892,505,29,195,33,6,38
S01009893,411,23,381,33,1,31
S01009894,494,23,313,34,1,48
S01009895,522,22,321,35,0,45
S01009896,489,16,558,48,2,48
S01009897,635,22,391,21,0,32
S01009898,277,13,379,13,0,42
S01009899,641,15,77,2,4,7
S01009900,665,21,14,2,2,7
S01009901,815,24,71,2,2,8
S01009902,803,11,116,7,1,20
S01009903,545,44,327,10,2,16
S01009904,741,18,42,0,1,7
S01009905,500,30,175,45,1,27
S01009906,361,10,81,9,0,20
S01009907,645,49,179,12,2,42
S01009908,827,32,154,6,2,28
S01009909,773,36,106,5,1,31
S01009910,345,13,58,2,3,9
S01009911,776,13,76,2,0,8
S01009912,653,11,208,39,1,25
S01009913,455,3,297,1,1,29
S01009914,729,17,252,7,2,16
S01009915,647,15,200,4,2,15
S01009916,438,9,479,5,0,27
S01009917,554,16,99,0,2,4
S01009918,592,14,91,2,1,1
S01009919,869,18,246,22,0,33
S01009920,775,24,65,7,1,8
S01009921,657,15,45,3,1,10
S01009922,891,19,82,7,0,5
S01009923,772,18,38,6,3,16
S01009924,845,20,79,16,3,9
S01009925,635,19,68,0,0,18
S01009926,516,18,157,4,0,10
S01009927,509,3,43,4,2,6
S01009928,878,15,43,5,4,2
S01009929,480,22,69,6,0,8
S01009930,658,20,99,0,1,4
S01009931,628,10,16,6,0,5
S01009932,611,22,59,7,2,8
S01009933,584,19,141,53,6,32
S01009934,745,9,106,6,2,20
S01009935,837,23,88,42,2,19
S01009936,435,6,90,10,1,10
S01009937,257,5,52,30,0,16
S01009938,709,9,64,21,0,42
S01009939,334,31,81,74,1,28
S01009940,666,6,102,36,0,6
S01009941,414,36,522,23,0,18
S01009942,696,9,131,51,1,21
S01009943,678,14,97,40,0,25
S01009944,469,5,152,9,1,15
S01009945,809,9,137,24,1,30
S01009946,654,29,131,16,0,8
S01009947,523,8,73,2,1,5
S01009948,608,28,82,44,3,65
S01009949,640,11,97,26,4,12
S01009950,554,14,80,1,0,5
S01009951,575,16,67,3,1,9
S01009952,639,6,26,1,2,2
S01009953,649,11,158,17,0,15
S01009954,470,23,237,7,0,12
S01009955,1015,41,91,45,0,5
S01009956,570,23,91,20,2,7
S01009957,644,18,53,4,0,5
S01009958,816,13,71,4,0,4
S01009959,574,17,35,0,0,2
S01009960,675,3,71,2,0,2
S01009961,593,17,45,1,4,2
S01009962,864,11,73,0,0,8
S01009963,721,8,16,3,1,2
S01009964,881,17,109,0,0,0
S01009965,751,3,32,6,0,4
S01009966,620,7,25,0,1,3
S01009967,732,9,28,4,1,4
S01009968,509,4,33,5,3,1
S01009969,756,5,27,4,1,3
S01009970,708,23,101,64,3,11
S01009971,971,14,80,55,6,20
S01009972,797,6,42,14,0,2
S01009973,615,4,18,2,0,13
S01009974,552,2,15,13,0,4
S01009975,893,6,2,43,0,5
S01009976,411,3,6,21,0,4
S01009977,628,13,7,18,0,1
S01009978,927,7,33,61,3,9
S01009979,568,6,47,38,2,13
S01009980,783,7,20,25,0,26
S01009981,626,1,22,12,0,3
S01009982,880,11,76,24,2,21
S01009983,515,6,17,74,3,19
S01009984,596,10,44,28,0,17
S01009985,465,5,17,25,0,31
S01009986,407,2,6,43,0,21
S01009987,780,2,22,24,0,16
S01009988,452,12,25,25,0,11
S01009989,716,13,49,19,0,24
S01009990,589,5,41,9,1,0
S01009991,578,7,50,13,1,30
S01009992,703,8,25,16,2,10
S01009993,639,6,59,8,5,3
S01009994,648,4,37,13,0,14
S01009995,481,27,11,12,1,12
S01009996,500,5,24,33,11,3
S01009997,493,11,82,15,5,5
S01009998,506,5,91,2,0,1
S01009999,607,2,33,5,0,8
S01010000,412,9,73,10,4,8
S01010001,640,0,87,0,2,2
S01010002,581,10,87,14,3,33
S01010003,575,7,21,2,0,4
S01010004,555,9,68,1,0,1
S01010005,1038,22,74,13,0,18
S01010006,1106,22,52,16,0,13
S01010007,794,12,40,0,3,4
S01010008,670,12,30,4,1,12
S01010009,524,9,20,8,1,7
S01010010,960,10,77,11,5,1
S01010011,657,3,40,7,5,9
S01010012,748,10,83,5,0,12
S01010013,790,7,62,0,1,14
S01010014,827,25,107,3,3,20
S01010015,601,18,51,4,1,14
S01010016,676,11,107,56,0,4
S01010017,475,11,88,54,2,16
S01010018,1034,17,216,57,3,11
S01010019,636,19,51,71,2,18
S01010020,635,7,65,23,0,3
S01010021,568,15,140,52,2,17
S01010022,1720,52,332,117,4,65
S01010023,423,12,37,37,2,15
S01010024,631,7,73,69,6,45
S01010025,379,7,81,73,0,29
S01010026,659,24,98,104,10,15
S01010027,688,13,133,28,3,25
S01010028,465,12,53,46,0,35
S01010029,502,12,66,29,0,7
S01010030,568,16,195,16,4,15
S01010031,568,17,127,7,4,32
S01010032,588,35,131,10,5,21
S01010033,945,49,410,69,9,72
S01010034,1060,40,248,243,9,102
S01010035,213,9,49,39,1,4
S01010036,488,23,221,43,1,54
S01010037,587,3,41,41,2,58
S01010038,765,9,111,89,2,44
S01010039,730,19,109,18,6,46
S01010040,610,10,92,80,4,23
S01010041,631,17,115,34,5,32
S01010042,769,23,110,37,3,55
S01010043,623,12,68,40,3,29
S01010044,871,19,131,41,0,32
S01010045,439,11,95,131,2,41
S01010046,1043,7,72,122,6,27
S01010047,580,7,58,124,0,62
S01010048,1792,26,190,150,4,41
S01010049,602,12,32,145,1,35
S01010050,1286,20,91,207,6,51
S01010051,769,16,24,81,1,28
S01010052,874,13,53,95,4,22
S01010053,615,10,151,95,0,29
S01010054,688,3,34,44,1,6
S01010055,857,13,63,79,5,32
S01010056,542,8,21,33,0,6
S01010057,494,4,15,42,1,4
S01010058,669,2,24,12,0,1
S01010059,502,9,19,5,1,8
S01010060,745,7,33,25,4,9
S01010061,428,1,56,12,0,0
S01010062,850,10,25,21,0,3
S01010063,895,17,68,39,0,5
S01010064,446,4,9,4,3,8
S01010065,713,10,3,26,2,5
S01010066,669,5,15,42,2,0
S01010067,565,11,29,54,1,13
S01010068,1275,12,182,107,3,33
S01010069,679,4,58,5,4,0
S01010070,517,4,29,0,2,0
S01010071,653,0,60,8,6,2
S01010072,699,2,17,11,0,6
S01010073,698,11,13,3,0,2
S01010074,682,1,30,5,1,0
S01010075,592,0,11,3,0,0
S01010076,584,0,9,11,4,0
S01010077,557,0,18,0,1,2
S01010078,522,8,29,1,0,6
S01010079,794,9,17,5,0,2
S01010080,602,7,13,4,0,6
S01010081,581,1,10,1,0,1
S01010082,745,5,22,4,4,10
S01010083,568,5,7,2,1,2
S01010084,766,5,13,19,2,1
S01010085,654,0,6,0,0,2
S01010086,799,6,12,2,0,4
S01010087,537,0,12,0,0,5
S01010088,3491,44,260,27,0,33
S01010089,483,1,41,7,1,10
S01010090,822,6,25,4,2,7
S01010091,802,27,95,7,4,12
S01010092,732,5,31,4,0,7
S01010093,676,6,37,4,2,0
S01010094,609,1,19,0,0,0
S01010095,582,3,0,0,0,0
S01010096,622,6,16,0,1,1
S01010097,664,0,9,0,0,0
S01010098,656,4,20,4,0,0
S01010099,637,0,7,4,0,2
S01010100,696,5,30,11,0,0
S01010101,658,0,18,4,0,3
S01010102,612,3,39,0,0,0
S01010103,972,3,52,2,1,8
S01010104,856,5,26,6,0,2
S01010105,363,0,6,17,0,8
S01010106,183,1,5,0,0,1
S01010107,535,12,45,29,8,7
S01010108,615,2,12,11,1,2
S01010109,968,15,25,17,0,10
S01010110,769,3,31,13,4,2
S01010111,674,14,0,5,2,1
S01010112,947,5,9,21,0,0
S01010113,546,2,53,60,5,4
S01010114,659,10,10,39,1,3
S01010115,392,0,5,7,2,1
S01010116,1234,15,127,59,4,37
S01010117,1354,17,194,90,1,22
S01010118,649,7,35,49,1,9
S01010119,458,5,6,22,0,6
S01010120,1042,21,24,35,0,4
S01010121,431,8,3,23,0,0
S01010122,460,0,5,7,0,0
S01010123,687,12,6,15,2,22
S01010124,570,3,12,51,3,3
S01010125,372,4,23,23,0,6
S01010126,712,1,9,4,0,8
S01010127,579,2,4,6,4,5
S01010128,419,8,12,95,1,22
S01010129,665,11,17,47,12,23
S01010130,771,11,36,50,6,11
S01010131,770,2,39,2,0,0
S01010132,823,3,11,18,5,10
S01010133,584,8,16,40,3,4
S01010134,936,5,37,20,0,9
S01010135,683,8,22,41,0,3
S01010136,721,7,28,5,0,4
S01010137,846,10,27,12,0,2
S01010138,649,5,29,65,3,37
S01010139,842,5,24,21,1,7
S01010140,677,6,54,9,1,11
S01010141,784,5,35,26,10,29
S01010142,656,2,23,12,1,8
S01010143,698,4,17,5,0,2
S01010144,600,9,44,26,1,9
S01010145,651,11,27,16,0,14
S01010146,575,8,23,35,0,3
S01010147,819,22,26,32,1,22
S01010148,1073,20,86,66,3,39
S01010149,1075,12,73,28,0,23
S01010150,753,6,21,19,4,15
S01010151,696,7,33,21,3,23
S01010152,659,5,30,12,2,5
S01010153,888,8,23,17,2,3
S01010154,799,0,29,22,3,9
S01010155,724,6,12,11,0,11
S01010156,443,8,10,5,2,12
S01010157,549,3,15,16,0,14
S01010158,764,2,8,10,3,16
S01010159,675,1,16,20,1,12
S01010160,333,11,32,80,1,31
S01010161,531,2,53,29,0,14
S01010162,624,15,40,120,1,38
S01010163,743,3,37,64,2,8
S01010164,751,6,28,43,0,8
S01010165,628,8,15,77,3,0
S01010166,921,18,91,62,1,6
S01010167,678,6,18,16,1,5
S01010168,426,4,22,21,0,5
S01010169,641,9,20,52,5,11
S01010170,437,6,2,10,0,4
S01010171,912,5,41,39,3,9
S01010172,668,17,35,20,0,9
S01010173,695,5,8,34,1,8
S01010174,1247,17,38,37,5,11
S01010175,432,7,21,19,1,17
S01010176,691,2,5,2,1,2
S01010177,569,2,6,90,6,42
S01010178,791,7,15,66,13,23
S01010179,682,8,52,30,1,7
S01010180,588,13,150,62,1,27
S01010181,483,13,1,48,0,7
S01010182,514,10,47,3,0,7
S01010183,394,0,10,42,0,18
S01010184,522,2,12,54,0,12
S01010185,613,4,41,115,1,6
S01010186,481,4,95,6,0,12
S01010187,496,2,6,0,0,3
S01010188,1394,17,382,34,3,62
S01010189,757,5,129,3,0,39
S01010190,546,14,282,4,3,23
S01010191,596,7,47,9,1,18
S01010192,596,3,202,11,2,21
S01010193,662,4,85,2,0,21
S01010194,596,1,3,20,1,0
S01010195,485,6,23,36,0,15
S01010196,565,2,11,10,2,13
S01010197,583,1,11,4,0,10
S01010198,941,15,21,21,3,14
S01010199,491,4,19,50,0,19
S01010200,583,11,21,32,2,13
S01010201,575,7,8,16,5,1
S01010202,591,5,33,143,0,13
S01010203,533,3,70,6,1,8
S01010204,574,6,27,54,8,14
S01010205,430,5,29,49,1,0
S01010206,0,0,0,0,0,0
S01010207,204,0,19,14,1,13
S01010208,702,3,85,113,1,13
S01010209,829,11,48,157,5,25
S01010210,747,10,31,29,3,12
S01010211,608,6,23,49,3,22
S01010212,953,24,100,121,3,54
S01010213,805,5,30,19,0,10
S01010214,768,14,81,7,0,17
S01010215,695,10,39,90,3,43
S01010216,372,5,40,97,2,60
S01010217,310,14,74,138,8,58
S01010218,679,21,92,112,4,60
S01010219,73,4,6,36,1,9
S01010220,353,11,91,14,1,14
S01010221,532,11,75,52,0,34
S01010222,459,10,37,171,5,38
S01010223,387,6,33,46,3,28
S01010224,801,19,99,151,9,42
S01010225,524,20,104,113,4,51
S01010226,0,0,0,0,0,0
S01010227,0,0,0,0,0,0
S01010228,807,13,42,191,2,36
S01010229,1036,9,75,115,4,29
S01010230,480,18,140,371,7,154
S01010231,756,10,30,120,7,41
S01010232,573,9,52,95,3,43
S01010233,552,8,42,134,2,28
S01010234,836,28,72,23,1,19
S01010235,649,17,102,20,0,7
S01010236,611,23,82,10,3,13
S01010237,582,14,56,11,1,7
S01010238,664,11,28,11,1,24
S01010239,657,3,41,16,1,31
S01010240,630,9,12,8,2,3
S01010241,853,24,23,19,3,12
S01010242,551,8,21,11,6,16
S01010243,798,16,79,35,5,42
S01010244,518,10,10,33,2,4
S01010245,688,7,8,45,1,10
S01010246,725,13,49,25,0,34
S01010247,662,5,41,8,2,19
S01010248,757,15,31,22,1,9
S01010249,571,12,34,19,2,13
S01010250,663,21,29,4,5,7
S01010251,506,20,40,10,1,10
S01010252,521,10,41,18,0,1
S01010253,528,6,46,33,0,22
S01010254,777,15,43,25,3,19
S01010255,595,4,103,204,5,80
S01010256,787,12,23,14,0,18
S01010257,1356,61,604,81,11,135
S01010258,859,45,380,43,5,83
S01010259,1095,47,544,194,10,154
S01010260,1393,70,447,114,6,171
S01010261,1968,80,997,215,10,283
S01010262,611,9,81,52,1,53
S01010263,525,21,97,16,2,19
S01010264,711,28,101,46,2,46
S01010265,656,31,153,20,3,72
S01010266,461,33,142,18,4,20
S01010267,454,41,197,18,2,40
S01010268,636,26,109,12,4,54
S01010269,338,19,94,8,2,29
S01010270,1330,60,469,84,6,144
S01010271,893,47,390,20,6,67
S01010272,674,34,208,80,6,86
S01010273,483,38,282,14,6,79
S01010274,699,27,252,34,1,95
S01010275,538,30,114,20,2,74
S01010276,652,29,259,30,1,79
S01010277,583,22,128,46,1,21
S01010278,414,31,183,41,4,47
S01010279,445,29,141,33,3,35
S01010280,679,28,217,12,2,34
S01010281,551,19,207,18,1,59
S01010282,773,24,165,12,0,25
S01010283,824,52,108,23,4,24
S01010284,1493,58,766,61,7,130
S01010285,619,36,144,19,0,21
S01010286,1501,91,768,56,9,108
S01010287,596,34,87,14,0,13
S01010288,988,44,191,19,2,35
S01010289,792,27,73,14,3,9
S01010290,580,19,96,7,4,16
S01010291,850,37,239,19,1,45
S01010292,683,34,94,9,4,24
S01010293,645,33,276,34,2,42
S01010294,535,26,124,1,4,14
S01010295,771,26,181,11,2,35
S01010296,423,19,180,24,5,28
S01010297,784,27,427,59,1,61
S01010298,664,23,92,14,3,33
S01010299,404,20,133,23,2,39
S01010300,705,32,142,16,2,28
S01010301,211,9,125,21,0,38
S01010302,414,14,170,37,1,47
S01010303,282,11,182,156,2,72
S01010304,510,22,115,62,1,31
S01010305,722,17,91,40,2,14
S01010306,485,19,94,8,2,12
S01010307,713,18,41,4,0,8
S01010308,900,26,126,15,0,13
S01010309,218,3,18,1,1,7
S01010310,393,9,98,124,2,47
S01010311,512,2,126,59,15,35
S01010312,691,4,39,108,2,29
S01010313,455,9,43,87,2,19
S01010314,1206,32,225,48,2,57
S01010315,662,17,125,42,6,22
S01010316,490,16,56,32,3,12
S01010317,863,26,75,12,2,21
S01010318,1649,51,395,73,7,56
S01010319,576,15,91,8,2,9
S01010320,676,26,63,27,4,18
S01010321,720,20,26,35,5,19
S01010322,837,23,47,9,2,6
S01010323,501,9,45,53,0,27
S01010324,691,5,7,22,0,10
S01010325,862,6,26,13,0,4
S01010326,836,14,234,89,7,55
S01010327,721,4,139,52,6,40
S01010328,803,3,155,24,0,22
S01010329,504,11,51,9,0,12
S01010330,507,8,9,33,4,34
S01010331,782,12,76,37,0,19
S01010332,722,6,42,53,1,31
S01010333,872,18,75,45,5,20
S01010334,980,14,26,37,0,14
S01010335,771,22,30,44,4,29
S01010336,450,8,8,130,0,28
S01010337,676,5,28,32,3,33
S01010338,400,5,21,82,1,16
S01010339,511,6,4,20,0,20
S01010340,687,2,29,47,3,14
S01010341,548,7,33,25,0,24
S01010342,509,3,12,0,0,8
S01010343,759,3,32,6,0,0
S01010344,558,9,32,84,3,29
S01010345,683,26,107,15,2,21
S01010346,812,12,64,9,0,3
S01010347,883,28,127,88,7,33
S01010348,755,8,23,0,1,3
S01010349,748,4,28,14,1,12
S01010350,820,13,34,114,6,41
S01010351,730,17,48,42,1,37
S01010352,443,22,15,51,1,4
S01010353,578,10,169,178,3,82
S01010354,555,28,60,52,6,17
S01010355,685,16,52,74,3,20
S01010356,741,10,37,25,1,2
S01010357,388,18,25,43,6,21
S01010358,700,14,65,47,3,37
S01010359,673,20,43,124,3,49
S01010360,560,11,78,94,0,36
S01010361,516,13,52,88,0,20
S01010362,538,13,62,51,5,29
S01010363,622,29,100,10,4,19
S01010364,866,13,78,2,0,11
S01010365,805,20,74,2,0,13
S01010366,837,17,120,11,0,32
S01010367,1390,62,267,28,2,38
S01010368,751,22,46,1,2,28
S01010369,551,35,50,13,0,15
S01010370,664,31,30,7,0,7
S01010371,1010,29,62,7,0,34
S01010372,551,27,37,2,0,9
S01010373,709,32,37,16,1,10
S01010374,830,31,47,3,2,10
S01010375,515,27,55,5,0,13
S01010376,530,27,126,7,0,24
S01010377,696,41,142,12,6,47
S01010378,630,25,78,9,1,20
S01010379,926,33,142,11,1,37
S01010380,859,36,47,4,4,43
S01010381,407,17,92,10,0,18
S01010382,670,30,42,10,4,20
S01010383,487,17,99,18,4,26
S01010384,1054,60,580,34,6,67
S01010385,710,30,56,10,1,25
S01010386,956,45,373,34,7,64
S01010387,1457,67,570,32,4,80
S01010388,816,12,97,16,2,41
S01010389,810,18,194,17,1,96
S01010390,960,28,99,8,1,25
S01010391,658,27,61,13,3,21
S01010392,508,25,125,18,0,108
S01010393,868,16,81,10,2,7
S01010394,794,23,50,50,0,34
S01010395,872,26,75,12,0,36
S01010396,879,26,116,13,1,23
S01010397,595,14,33,3,3,5
S01010398,971,19,52,4,0,7
S01010399,994,30,57,13,1,12
S01010400,951,35,70,4,5,20
S01010401,696,18,38,5,0,13
S01010402,923,26,46,3,5,14
S01010403,977,30,49,3,2,21
S01010404,855,24,34,10,1,14
S01010405,869,38,39,3,5,15
S01010406,805,34,62,5,2,19
S01010407,759,29,83,9,5,46
S01010408,503,14,62,0,0,11
S01010409,479,3,44,1,0,4
S01010410,629,11,78,5,6,14
S01010411,958,29,82,5,0,22
S01010412,772,16,41,0,1,6
S01010413,738,20,56,4,3,19
S01010414,845,23,115,4,0,15
S01010415,904,37,141,15,1,22
S01010416,575,15,44,0,2,7
S01010417,530,14,31,5,0,2
S01010418,976,25,26,3,0,12
S01010419,910,23,23,5,2,2
S01010420,635,11,47,5,0,13
S01010421,752,20,39,0,2,4
S01010422,969,5,56,7,2,1
S01010423,679,19,29,42,0,27
S01010424,655,14,58,46,2,33
S01010425,814,28,97,48,4,11
S01010426,528,20,55,19,0,31
S01010427,528,23,189,102,4,133
S01010428,585,18,61,2,0,15
S01010429,949,24,51,14,2,8
S01010430,615,34,157,76,6,89
S01010431,603,6,9,0,0,6
S01010432,630,15,94,26,0,50
S01010433,280,11,82,72,3,140
S01010434,430,21,95,77,5,62
S01010435,552,8,36,10,6,7
S01010436,604,19,81,35,1,58
S01010437,451,19,63,7,2,4
S01010438,596,21,62,123,5,20
S01010439,723,5,64,52,8,44
S01010440,609,12,26,29,3,7
S01010441,799,19,64,33,1,29
S01010442,610,13,51,39,4,17
S01010443,517,2,31,15,0,7
S01010444,561,7,28,17,2,9
S01010445,802,8,49,19,0,10
S01010446,730,1,24,10,1,1
S01010447,841,6,80,21,2,16
S01010448,647,7,56,8,0,16
S01010449,696,11,3,4,0,17
S01010450,699,12,35,10,7,8
S01010451,652,15,113,89,6,55
S01010452,694,10,39,12,0,16
S01010453,459,11,87,42,2,39
S01010454,783,7,27,2,0,3
S01010455,638,11,23,42,4,32
S01010456,496,3,16,16,1,2
S01010457,386,8,15,5,0,4
S01010458,572,7,56,46,0,28
S01010459,441,10,10,2,0,1
S01010460,572,7,77,6,2,18
S01010461,561,7,63,26,0,41
S01010462,314,11,184,185,2,276
S01010463,725,14,20,6,1,8
S01010464,467,14,27,2,0,3
S01010465,707,30,89,20,1,37
S01010466,676,21,75,5,1,11
S01010467,660,12,108,14,1,28
S01010468,687,20,150,17,3,26
S01010469,497,22,70,2,4,26
S01010470,700,5,41,11,2,13
S01010471,569,16,45,44,5,8
S01010472,605,14,76,27,0,45
S01010473,618,16,90,18,2,23
S01010474,525,22,99,5,5,18
S01010475,618,15,76,10,5,17
S01010476,1105,24,101,18,5,49
S01010477,704,17,57,14,0,29
S01010478,692,12,24,13,4,38
S01010479,927,11,43,35,7,33
S01010480,541,12,46,4,3,23
S01010481,473,11,37,51,6,36
S01010482,733,18,10,14,0,7
S01010483,1005,14,61,5,4,21
S01010484,474,15,24,30,1,1
S01010485,865,11,64,16,0,7
S01010486,821,5,27,2,0,5
S01010487,1022,6,21,14,3,33
S01010488,553,23,46,69,7,35
S01010489,965,19,22,35,16,21
S01010490,516,14,42,54,0,13
S01010491,667,12,17,53,4,20
S01010492,551,14,14,17,2,13
S01010493,683,6,18,15,0,4
S01010494,481,4,33,16,1,2
S01010495,741,6,35,19,1,11
S01010496,842,22,17,75,0,33
S01010497,508,7,9,10,0,1
S01010498,882,5,17,17,2,5
S01010499,814,11,23,36,1,45
S01010500,822,29,78,30,2,19
S01010501,1050,8,23,20,1,12
S01010502,708,12,7,13,0,1
S01010503,538,16,30,55,3,5
S01010504,593,2,1,0,0,3
S01010505,530,4,2,0,0,1
S01010506,915,2,4,0,0,8
S01010507,685,7,4,1,0,2
S01010508,1088,8,2,0,1,0
S01010509,946,6,1,2,0,3
S01010510,996,11,0,0,0,2
S01010511,828,5,3,0,1,1
S01010512,592,3,0,4,0,0
S01010513,737,2,5,1,1,0
S01010514,631,1,9,0,0,4
S01010515,693,1,13,0,0,1
S01010516,616,3,17,1,0,1
S01010517,736,10,10,0,0,9
S01010518,577,4,9,0,0,1
S01010519,716,10,3,0,0,0
S01010520,819,12,6,0,1,2
S01010521,745,7,9,0,0,2
S01010522,713,9,36,1,1,1
S01010523,629,6,19,0,0,0
S01010524,520,2,14,0,0,0
S01010525,629,3,0,0,0,1
S01010526,808,5,46,1,0,0
S01010527,856,9,8,1,1,3
S01010528,691,7,0,1,0,0
S01010529,733,9,0,0,0,2
S01010530,614,7,15,2,0,0
S01010531,1098,8,5,2,0,0
S01010532,406,2,0,0,0,2
S01010533,539,2,2,0,0,1
S01010534,807,4,2,0,0,0
S01010535,644,5,4,2,2,0
S01010536,684,1,13,0,0,2
S01010537,598,10,18,4,1,4
S01010538,958,9,6,3,0,0
S01010539,907,3,8,0,0,3
S01010540,506,9,3,0,0,0
S01010541,906,3,7,0,0,4
S01010542,819,8,1,2,1,2
S01010543,509,6,0,0,0,4
S01010544,838,4,0,0,0,0
S01010545,759,10,8,0,0,2
S01010546,694,5,4,2,0,0
S01010547,767,4,2,0,0,1
S01010548,708,1,2,0,3,0
S01010549,1767,11,10,0,0,2
S01010550,504,3,5,0,0,2
S01010551,778,0,0,0,0,0
S01010552,683,5,6,1,0,1
S01010553,582,4,0,0,0,0
S01010554,574,11,5,0,4,4
S01010555,707,11,16,0,1,2
S01010556,894,3,9,0,0,0
S01010557,531,4,0,1,0,1
S01010558,774,10,4,1,0,1
S01010559,752,4,10,0,0,3
S01010560,564,3,11,3,1,1
S01010561,632,5,12,0,0,0
S01010562,674,5,2,1,2,2
S01010563,472,5,5,4,1,0
S01010564,438,2,0,0,0,0
S01010565,550,3,3,0,0,4
S01010566,1241,4,1,2,4,1
S01010567,1132,4,4,0,0,5
S01010568,1667,16,9,0,4,6
S01010569,1097,15,27,5,5,61
S01010570,935,5,1,2,2,4
S01010571,656,5,11,10,1,4
S01010572,629,4,13,3,0,4
S01010573,479,3,2,3,0,1
S01010574,513,7,8,2,0,3
S01010575,644,3,9,8,1,0
S01010576,784,8,7,2,0,0
S01010577,722,15,7,1,0,0
S01010578,471,10,20,0,0,1
S01010579,628,2,11,0,4,0
S01010580,599,6,15,1,0,7
S01010581,410,7,22,0,0,3
S01010582,1709,23,52,3,2,6
S01010583,857,3,13,0,0,0
S01010584,919,3,19,2,4,1
S01010585,825,11,17,2,0,0
S01010586,720,12,24,0,2,0
S01010587,593,7,11,0,0,2
S01010588,588,7,10,2,0,0
S01010589,453,1,0,2,0,1
S01010590,795,5,10,2,0,6
S01010591,1384,4,20,3,0,5
S01010592,419,6,11,2,2,0
S01010593,1741,10,17,4,0,15
S01010594,590,6,34,4,2,0
S01010595,714,5,25,6,0,8
S01010596,1795,25,51,5,0,4
S01010597,770,6,13,0,0,8
S01010598,922,5,16,10,1,0
S01010599,1869,30,29,17,2,2
S01010600,1092,17,33,2,2,1
S01010601,622,8,16,0,0,5
S01010602,474,4,4,1,0,1
S01010603,728,0,11,0,1,1
S01010604,421,3,13,0,0,0
S01010605,1002,3,7,0,0,0
S01010606,752,16,17,0,0,10
S01010607,676,8,2,3,0,2
S01010608,608,5,11,2,0,4
S01010609,523,4,4,2,0,0
S01010610,650,14,12,0,0,2
S01010611,825,5,15,1,1,0
S01010612,675,11,2,2,6,1
S01010613,628,8,5,4,0,4
S01010614,580,7,10,2,10,4
S01010615,703,3,23,1,0,1
S01010616,712,7,29,2,0,0
S01010617,789,3,13,0,0,1
S01010618,641,10,9,8,0,8
S01010619,544,7,19,6,6,7
S01010620,578,8,39,0,1,3
S01010621,793,7,44,2,0,5
S01010622,574,1,8,5,2,7
S01010623,672,41,31,44,12,25
S01010624,599,3,46,10,6,7
S01010625,652,7,18,0,0,7
S01010626,934,9,6,1,0,0
S01010627,725,7,14,0,1,7
S01010628,827,15,31,4,2,2
S01010629,903,19,32,0,2,1
S01010630,466,8,8,6,3,13
S01010631,527,8,5,3,1,2
S01010632,832,10,24,1,1,0
S01010633,1015,8,6,0,0,8
S01010634,504,12,9,0,2,3
S01010635,698,12,27,1,0,4
S01010636,716,15,16,0,0,0
S01010637,469,18,28,4,1,3
S01010638,715,9,16,4,4,1
S01010639,1089,19,11,4,0,4
S01010640,563,7,37,2,2,0
S01010641,838,6,17,4,0,1
S01010642,1121,7,36,7,3,4
S01010643,697,6,2,2,0,4
S01010644,643,12,8,6,0,5
S01010645,417,0,4,0,1,4
S01010646,630,6,14,2,0,2
S01010647,570,0,11,0,0,1
S01010648,555,7,15,0,0,4
S01010649,517,0,7,0,2,0
S01010650,1558,15,43,0,5,11
S01010651,567,5,6,2,1,1
S01010652,845,8,21,1,0,2
S01010653,481,1,1,0,2,0
S01010654,704,4,4,4,1,0
S01010655,917,12,7,0,0,6
S01010656,726,0,4,0,1,1
S01010657,656,2,3,0,1,0
S01010658,762,3,10,1,0,0
S01010659,666,8,7,0,1,0
S01010660,592,6,9,0,0,0
S01010661,630,5,8,0,0,3
S01010662,833,15,6,0,1,3
S01010663,881,10,2,1,0,5
S01010664,710,1,2,1,0,1
S01010665,1019,8,0,3,1,6
S01010666,1016,22,9,11,0,9
S01010667,624,2,2,0,0,3
S01010668,1112,14,16,2,1,10
S01010669,575,2,3,1,0,1
S01010670,777,1,1,1,2,2
S01010671,729,8,1,1,0,2
S01010672,633,3,12,0,0,0
S01010673,891,7,6,0,0,6
S01010674,986,6,17,0,3,1
S01010675,720,0,3,1,0,0
S01010676,1016,8,2,6,0,1
S01010677,543,4,4,0,0,0
S01010678,712,8,1,1,0,3
S01010679,499,5,10,0,0,0
S01010680,684,11,8,1,2,0
S01010681,973,8,15,1,2,0
S01010682,1052,8,14,1,0,2
S01010683,999,7,6,0,2,0
S01010684,802,4,7,0,0,4
S01010685,602,4,3,0,0,3
S01010686,641,7,3,0,0,5
S01010687,836,6,7,0,0,0
S01010688,747,16,6,0,1,2
S01010689,737,9,2,0,0,1
S01010690,571,7,14,0,0,1
S01010691,740,5,0,2,1,6
S01010692,736,7,1,1,0,0
S01010693,491,8,6,3,0,7
S01010694,590,0,14,0,0,4
S01010695,658,9,0,0,0,4
S01010696,991,10,5,0,4,1
S01010697,1063,9,1,1,0,3
S01010698,736,2,7,0,2,2
S01010699,531,5,5,0,0,0
S01010700,546,2,3,0,2,0
S01010701,1009,7,1,1,2,1
S01010702,915,2,6,0,0,4
S01010703,851,6,0,0,1,3
S01010704,552,2,10,0,0,0
S01010705,1355,15,4,1,2,7
S01010706,765,15,7,0,1,3
S01010707,1208,8,6,2,0,1
S01010708,521,7,7,0,0,1
S01010709,663,6,0,2,0,0
S01010710,690,2,1,0,0,0
S01010711,759,3,14,0,0,2
S01010712,661,4,12,2,0,28
S01010713,615,5,12,2,0,8
S01010714,494,2,10,0,2,7
S01010715,711,10,7,1,0,2
S01010716,880,7,14,1,0,12
S01010717,591,8,12,0,0,4
S01010718,1054,8,19,2,0,4
S01010719,622,4,2,1,1,1
S01010720,1048,9,6,0,0,0
S01010721,614,7,2,0,0,1
S01010722,789,6,4,0,0,5
S01010723,931,4,5,0,0,4
S01010724,916,9,10,0,0,0
S01010725,1069,11,16,4,1,9
S01010726,839,10,7,1,0,2
S01010727,665,3,2,0,1,2
S01010728,540,0,11,0,0,1
S01010729,652,3,5,1,0,2
S01010730,927,0,17,0,0,2
S01010731,828,20,1,1,1,8
S01010732,699,8,12,0,1,0
S01010733,542,1,3,6,0,0
S01010734,854,6,10,0,0,4
S01010735,644,3,16,6,4,20
S01010736,524,1,3,0,0,2
S01010737,1297,11,22,3,2,5
S01010738,517,1,2,0,0,1
S01010739,760,15,23,1,0,0
S01010740,468,5,6,0,0,0
S01010741,987,17,9,0,0,1
S01010742,687,4,15,0,0,0
S01010743,645,9,2,1,0,1
S01010744,960,7,2,1,0,0
S01010745,520,7,22,0,4,0
S01010746,966,5,6,0,3,1
S01010747,800,12,1,2,0,4
S01010748,589,5,5,0,1,2
S01010749,599,2,0,0,0,0
S01010750,581,4,3,0,1,2
S01010751,734,3,2,0,0,0
S01010752,814,4,3,0,0,1
S01010753,1105,7,5,1,0,4
S01010754,538,4,10,8,0,0
S01010755,512,1,5,0,0,0
S01010756,636,1,5,0,2,3
S01010757,654,4,0,1,0,2
S01010758,772,1,1,0,0,1
S01010759,565,4,0,0,1,1
S01010760,748,12,4,2,2,1
S01010761,482,5,1,0,0,0
S01010762,548,2,1,1,0,0
S01010763,678,4,3,0,1,5
S01010764,579,7,0,0,0,4
S01010765,995,6,1,2,3,2
S01010766,774,6,6,2,1,0
S01010767,659,4,2,2,0,4
S01010768,489,11,5,0,7,0
S01010769,495,4,2,0,1,1
S01010770,733,1,1,1,2,0
S01010771,833,6,2,0,0,1
S01010772,784,3,3,0,0,1
S01010773,770,1,2,0,0,0
S01010774,685,7,6,0,0,1
S01010775,805,4,3,5,0,0
S01010776,508,3,2,0,0,0
S01010777,450,0,7,0,0,7
S01010778,501,4,0,0,0,0
S01010779,676,6,5,0,0,1
S01010780,533,1,4,0,0,0
S01010781,690,1,10,0,0,3
S01010782,572,5,16,3,1,0
S01010783,473,0,5,1,0,0
S01010784,661,2,4,0,0,0
S01010785,624,1,5,0,0,0
S01010786,719,8,2,1,0,3
S01010787,851,3,2,0,0,0
S01010788,604,5,7,0,0,0
S01010789,645,1,1,0,0,0
S01010790,687,4,3,0,1,2
S01010791,858,2,2,0,0,4
S01010792,556,2,0,0,0,0
S01010793,600,3,0,0,1,1
S01010794,583,4,2,0,1,0
S01010795,941,6,2,0,0,4
S01010796,830,6,5,1,1,0
S01010797,763,0,8,0,2,3
S01010798,619,5,1,0,0,0
S01010799,612,6,7,0,0,2
S01010800,661,6,4,0,1,5
S01010801,637,5,4,0,0,0
S01010802,443,1,0,1,0,0
S01010803,558,6,7,2,0,0
S01010804,586,0,8,0,0,1
S01010805,839,6,24,1,0,3
S01010806,803,4,4,1,1,0
S01010807,516,4,10,0,0,1
S01010808,479,1,0,0,0,0
S01010809,707,1,1,0,0,0
S01010810,526,0,0,0,1,2
S01010811,816,3,3,0,0,1
S01010812,433,0,2,5,0,1
S01010813,413,1,9,0,0,0
S01010814,614,4,3,0,0,1
S01010815,379,3,0,1,0,1
S01010816,615,2,7,0,1,1
S01010817,849,9,9,0,3,2
S01010818,961,14,6,3,0,2
S01010819,756,14,18,1,0,4
S01010820,639,4,6,0,0,1
S01010821,550,4,17,5,0,0
S01010822,616,5,10,2,0,1
S01010823,335,0,20,0,0,5
S01010824,644,3,15,0,0,4
S01010825,939,4,17,0,0,1
S01010826,661,8,6,1,0,0
S01010827,532,0,8,0,0,2
S01010828,1112,11,14,0,0,12
S01010829,879,3,4,0,0,2
S01010830,590,3,3,0,0,1
S01010831,560,0,13,1,0,0
S01010832,557,0,0,0,0,0
S01010833,806,1,7,0,0,0
S01010834,974,2,1,0,0,5
S01010835,522,0,3,0,0,3
S01010836,789,7,3,0,1,3
S01010837,752,4,2,1,0,1
S01010838,716,1,4,0,0,3
S01010839,736,10,1,3,0,0
S01010840,429,8,8,0,0,4
S01010841,706,7,4,0,0,1
S01010842,757,11,2,4,2,4
S01010843,620,2,8,2,1,1
S01010844,610,5,1,1,0,0
S01010845,468,2,5,0,0,2
S01010846,616,2,4,1,0,0
S01010847,541,0,2,0,0,0
S01010848,771,4,0,4,0,1
S01010849,935,8,4,0,0,1
S01010850,805,6,3,0,0,10
S01010851,947,3,0,0,2,5
S01010852,725,0,3,0,0,0
S01010853,946,2,7,0,1,2
S01010854,822,1,3,1,0,3
S01010855,490,4,4,0,0,0
S01010856,809,13,6,5,0,1
S01010857,774,2,9,4,6,1
S01010858,570,1,10,1,1,4
S01010859,857,1,1,0,0,14
S01010860,500,1,0,0,0,1
S01010861,588,6,2,2,1,1
S01010862,598,3,0,15,4,0
S01010863,791,6,1,0,0,12
S01010864,578,1,2,1,2,3
S01010865,808,5,7,0,1,0
S01010866,641,5,13,0,0,4
S01010867,623,4,9,2,0,0
S01010868,702,1,2,4,0,1
S01010869,680,6,6,0,0,6
S01010870,629,4,5,0,0,3
S01010871,806,6,7,2,2,0
S01010872,670,20,11,5,1,6
S01010873,445,4,8,1,2,2
S01010874,689,5,2,0,0,0
S01010875,488,5,7,3,0,4
S01010876,717,13,3,1,0,11
S01010877,784,2,5,4,2,8
S01010878,1042,7,2,0,0,0
S01010879,797,4,0,1,0,0
S01010880,415,0,35,0,0,18
S01010881,530,0,3,0,0,0
S01010882,442,3,0,0,0,1
S01010883,685,0,31,0,0,0
S01010884,691,4,0,0,0,1
S01010885,839,9,28,11,8,9
S01010886,270,4,4,3,1,0
S01010887,752,0,2,2,2,5
S01010888,782,2,3,10,0,1
S01010889,391,0,0,1,0,7
S01010890,731,1,12,6,1,8
S01010891,411,5,0,5,0,4
S01010892,796,14,25,1,3,2
S01010893,464,11,38,1,4,5
S01010894,598,11,33,13,0,8
S01010895,377,6,8,0,0,0
S01010896,731,5,7,3,1,4
S01010897,716,12,7,4,2,15
S01010898,566,3,8,2,1,11
S01010899,508,2,8,0,0,0
S01010900,698,32,19,5,5,31
S01010901,569,4,0,0,0,0
S01010902,869,2,5,1,0,0
S01010903,802,11,1,8,0,4
S01010904,546,6,7,0,0,5
S01010905,1080,6,16,0,0,7
S01010906,985,5,9,0,0,0
S01010907,653,5,49,2,0,1
S01010908,653,7,1,0,0,4
S01010909,587,2,4,0,1,6
S01010910,398,4,46,2,2,36
S01010911,524,6,7,0,0,0
S01010912,612,2,5,5,0,1
S01010913,637,0,16,1,0,0
S01010914,526,4,7,0,0,0
S01010915,652,0,6,0,0,0
S01010916,322,6,5,0,2,0
S01010917,498,0,0,0,0,0
S01010918,606,2,4,0,1,5
S01010919,703,0,5,2,1,1
S01010920,715,3,15,0,4,4
S01010921,594,5,8,0,0,0
S01010922,881,6,7,4,0,4
S01010923,805,1,0,0,0,0
S01010924,536,2,2,0,0,0
S01010925,622,1,6,0,0,9
S01010926,818,1,0,4,2,0
S01010927,561,1,6,0,0,0
S01010928,711,1,7,0,0,0
S01010929,611,5,0,2,1,0
S01010930,850,9,3,0,0,6
S01010931,1033,9,2,0,1,7
S01010932,719,5,1,4,0,0
S01010933,1244,9,39,0,0,6
S01010934,918,6,17,2,2,10
S01010935,628,7,1,2,1,1
S01010936,603,2,10,0,0,8
S01010937,678,3,16,0,0,1
S01010938,798,10,18,3,0,5
S01010939,465,3,3,2,2,1
S01010940,604,6,2,0,0,0
S01010941,757,5,1,0,0,6
S01010942,601,13,4,5,0,0
S01010943,598,2,5,2,0,3
S01010944,514,6,18,3,0,6
S01010945,570,4,7,2,0,1
S01010946,860,9,4,0,0,1
S01010947,478,8,6,3,0,6
S01010948,590,8,2,14,0,12
S01010949,866,9,17,2,0,2
S01010950,726,10,8,0,0,4
S01010951,660,2,7,2,5,4
S01010952,460,4,9,2,0,0
S01010953,493,0,12,0,0,1
S01010954,705,9,7,5,6,39
S01010955,1928,52,25,27,12,15
S01010956,1807,37,118,8,10,12
S01010957,510,6,8,0,0,0
S01010958,457,8,4,0,0,5
S01010959,599,10,12,6,0,3
S01010960,1195,24,34,2,3,2
S01010961,550,6,23,4,2,1
S01010962,524,8,6,1,1,0
S01010963,827,5,19,0,0,1
S01010964,646,12,27,4,3,2
S01010965,426,4,12,1,0,1
S01010966,657,4,24,12,0,0
S01010967,616,7,12,3,0,1
S01010968,618,11,10,7,0,0
S01010969,662,9,12,3,0,3
S01010970,1020,11,15,4,0,9
S01010971,991,6,23,0,0,7
S01010972,724,0,4,0,2,2
S01010973,459,1,8,0,0,1
S01010974,679,16,21,1,0,12
S01010975,427,0,17,0,0,0
S01010976,465,2,4,2,0,2
S01010977,614,0,11,0,0,4
S01010978,698,8,25,0,1,3
S01010979,797,10,55,3,1,12
S01010980,678,7,7,4,0,1
S01010981,661,4,44,11,0,4
S01010982,1142,5,26,5,0,3
S01010983,700,0,11,0,0,12
S01010984,643,5,5,0,0,2
S01010985,603,1,22,0,0,0
S01010986,476,4,29,0,0,2
S01010987,567,6,12,0,0,0
S01010988,554,4,2,0,0,2
S01010989,960,16,52,5,0,4
S01010990,699,12,86,2,3,4
S01010991,3638,55,172,24,5,13
S01010992,524,12,16,2,0,0
S01010993,563,1,8,0,0,5
S01010994,1489,13,45,6,0,8
S01010995,614,1,20,1,0,4
S01010996,485,4,13,0,0,0
S01010997,620,4,7,1,3,0
S01010998,780,9,12,1,0,1
S01010999,929,8,17,1,0,7
S01011000,2589,41,225,19,1,25
S01011001,582,4,14,0,0,12
S01011002,650,3,18,4,2,4
S01011003,640,17,21,2,0,9
S01011004,597,10,40,6,1,1
S01011005,664,2,12,18,0,1
S01011006,1977,9,54,34,0,30
S01011007,649,13,14,6,1,10
S01011008,841,7,4,4,0,3
S01011009,425,5,2,0,0,0
S01011010,519,8,9,5,0,1
S01011011,745,10,17,11,1,13
S01011012,684,8,40,5,0,5
S01011013,754,24,41,16,1,7
S01011014,708,4,5,5,0,1
S01011015,379,0,9,2,0,0
S01011016,1641,32,114,35,0,13
S01011017,1539,25,7,10,2,6
S01011018,788,5,6,1,0,1
S01011019,1403,13,16,2,1,3
S01011020,1308,20,19,4,4,2
S01011021,852,21,8,3,1,7
S01011022,616,2,12,2,0,1
S01011023,833,7,7,7,0,0
S01011024,734,10,8,0,3,1
S01011025,675,0,8,1,0,1
S01011026,537,2,3,0,4,1
S01011027,954,9,14,5,0,19
S01011028,916,1,2,8,0,0
S01011029,585,2,14,1,1,10
S01011030,785,8,10,9,0,4
S01011031,906,13,5,5,0,0
S01011032,726,0,1,4,2,2
S01011033,564,4,0,0,0,1
S01011034,588,7,4,0,0,3
S01011035,593,6,4,0,0,1
S01011036,596,0,0,2,0,6
S01011037,1283,11,18,19,8,19
S01011038,951,3,16,3,0,2
S01011039,1208,19,16,8,0,15
S01011040,736,12,6,2,0,0
S01011041,689,13,2,0,0,4
S01011042,737,7,13,0,0,1
S01011043,744,10,2,7,1,0
S01011044,642,5,10,3,0,14
S01011045,596,10,1,1,0,5
S01011046,819,5,5,0,0,1
S01011047,923,9,1,2,1,3
S01011048,847,3,5,4,0,1
S01011049,655,4,0,0,1,1
S01011050,574,1,0,0,0,1
S01011051,981,2,2,0,0,1
S01011052,747,6,3,0,1,3
S01011053,547,0,3,0,0,0
S01011054,510,0,5,0,0,1
S01011055,495,2,0,0,0,1
S01011056,772,3,1,0,0,0
S01011057,517,1,4,0,1,2
S01011058,605,5,3,1,2,9
S01011059,561,3,7,0,0,0
S01011060,745,1,13,0,0,1
S01011061,802,0,4,1,0,0
S01011062,874,4,5,0,0,7
S01011063,1010,1,6,2,0,0
S01011064,911,7,15,0,0,2
S01011065,705,3,5,2,1,1
S01011066,388,2,1,0,0,0
S01011067,418,2,5,0,0,3
S01011068,474,3,0,0,0,0
S01011069,461,3,1,0,0,0
S01011070,478,3,1,0,0,1
S01011071,679,6,0,2,1,0
S01011072,1328,6,17,14,3,0
S01011073,679,0,2,0,0,0
S01011074,615,1,1,0,1,1
S01011075,598,27,2,5,1,0
S01011076,683,3,26,1,1,3
S01011077,712,5,4,1,1,4
S01011078,1798,10,16,2,2,1
S01011079,1008,4,15,0,0,0
S01011080,896,12,5,0,0,2
S01011081,710,3,7,0,0,0
S01011082,474,5,9,0,2,2
S01011083,747,1,1,2,3,1
S01011084,691,3,3,1,0,4
S01011085,799,3,1,0,1,0
S01011086,814,6,1,0,0,1
S01011087,519,0,1,0,0,0
S01011088,924,0,2,0,2,5
S01011089,608,5,2,0,0,0
S01011090,954,5,7,2,5,3
S01011091,593,2,5,0,1,2
S01011092,554,5,19,2,0,1
S01011093,2993,16,57,2,2,17
S01011094,1180,14,16,1,1,12
S01011095,811,2,3,0,0,2
S01011096,1107,12,11,2,0,1
S01011097,719,4,2,2,0,0
S01011098,662,2,4,4,0,0
S01011099,735,6,7,2,0,2
S01011100,398,3,1,0,1,0
S01011101,480,6,8,3,0,3
S01011102,449,8,12,2,0,1
S01011103,393,5,14,4,0,0
S01011104,612,2,17,0,0,4
S01011105,767,2,9,2,1,2
S01011106,861,11,15,4,2,11
S01011107,1081,9,6,3,0,0
S01011108,484,3,3,1,1,1
S01011109,592,6,8,1,0,1
S01011110,583,4,5,3,0,4
S01011111,760,6,13,1,0,6
S01011112,663,5,6,4,0,5
S01011113,837,5,0,0,0,6
S01011114,639,2,2,5,0,1
S01011115,758,5,8,1,0,3
S01011116,567,1,19,0,0,0
S01011117,697,15,11,1,1,8
S01011118,807,8,21,1,0,6
S01011119,821,5,9,1,0,2
S01011120,647,1,10,1,5,2
S01011121,496,6,17,0,0,10
S01011122,582,12,5,3,0,0
S01011123,1110,5,6,0,0,1
S01011124,602,5,9,0,0,0
S01011125,415,1,0,0,1,0
S01011126,390,2,5,0,0,0
S01011127,415,1,1,0,1,2
S01011128,750,9,12,5,1,8
S01011129,913,4,22,0,1,2
S01011130,497,5,12,0,1,1
S01011131,571,1,1,2,0,8
S01011132,771,6,2,0,1,1
S01011133,424,5,4,0,0,3
S01011134,696,6,10,2,0,0
S01011135,662,4,0,0,0,0
S01011136,514,2,1,0,1,0
S01011137,456,0,1,0,0,0
S01011138,611,3,3,1,0,0
S01011139,1373,14,17,5,8,5
S01011140,463,2,12,0,0,1
S01011141,495,0,2,0,0,1
S01011142,1059,28,42,22,4,7
S01011143,1007,19,2,2,1,1
S01011144,590,5,1,2,1,0
S01011145,638,7,5,2,0,11
S01011146,720,7,2,0,1,3
S01011147,847,7,4,0,1,1
S01011148,690,9,4,2,1,3
S01011149,654,25,10,5,0,18
S01011150,856,31,20,8,1,8
S01011151,472,16,20,0,2,22
S01011152,526,2,3,2,0,1
S01011153,1068,8,22,1,4,4
S01011154,445,6,8,1,7,2
S01011155,600,8,26,0,1,1
S01011156,464,9,1,0,0,0
S01011157,514,8,3,0,0,1
S01011158,582,2,5,0,0,0
S01011159,564,4,4,3,0,9
S01011160,799,0,0,0,0,2
S01011161,563,1,9,0,0,3
S01011162,452,4,2,5,2,0
S01011163,661,10,3,0,0,0
S01011164,794,3,9,0,3,6
S01011165,647,5,2,0,3,6
S01011166,360,0,4,0,0,0
S01011167,691,4,2,1,0,1
S01011168,1320,17,2,1,7,11
S01011169,1344,17,5,0,2,11
S01011170,1013,9,6,0,2,6
S01011171,885,15,6,2,0,1
S01011172,761,6,3,1,0,0
S01011173,575,2,2,0,0,1
S01011174,443,3,0,0,0,4
S01011175,611,1,2,0,0,2
S01011176,537,7,0,0,0,3
S01011177,752,8,4,1,0,7
S01011178,453,7,18,0,0,4
S01011179,524,0,0,0,0,0
S01011180,606,0,0,0,0,1
S01011181,846,6,20,0,1,3
S01011182,748,1,1,0,0,2
S01011183,498,0,29,0,0,1
S01011184,1058,9,37,0,0,1
S01011185,604,6,10,0,0,3
S01011186,857,10,4,0,0,1
S01011187,621,1,5,0,0,0
S01011188,915,4,1,0,1,0
S01011189,747,4,12,0,0,1
S01011190,536,1,13,0,0,0
S01011191,496,0,4,0,0,0
S01011192,592,4,2,6,1,11
S01011193,642,1,2,0,0,0
S01011194,587,5,10,0,0,0
S01011195,717,9,2,3,1,1
S01011196,784,2,15,6,0,1
S01011197,807,3,12,4,0,18
S01011198,647,2,10,0,0,22
S01011199,1040,5,6,2,0,0
S01011200,673,3,9,0,2,1
S01011201,595,2,9,0,0,1
S01011202,751,6,7,0,1,2
S01011203,693,2,3,0,1,1
S01011204,483,4,6,0,0,0
S01011205,686,8,18,0,0,0
S01011206,569,1,20,0,3,0
S01011207,658,0,4,0,0,1
S01011208,745,9,17,0,1,2
S01011209,558,0,8,0,1,0
S01011210,560,7,31,1,1,7
S01011211,606,0,0,0,0,0
S01011212,453,2,14,0,0,12
S01011213,1177,6,15,2,4,0
S01011214,766,1,13,0,1,2
S01011215,479,9,0,0,0,1
S01011216,437,1,1,0,0,1
S01011217,768,0,9,3,0,8
S01011218,1070,7,14,2,1,13
S01011219,648,5,0,2,0,1
S01011220,802,4,10,0,0,8
S01011221,863,7,12,8,0,6
S01011222,751,0,4,0,0,0
S01011223,700,3,13,0,0,6
S01011224,605,6,15,0,3,3
S01011225,715,2,2,3,0,0
S01011226,1007,3,11,0,0,2
S01011227,659,9,8,2,0,5
S01011228,769,4,16,3,0,4
S01011229,477,2,4,0,0,5
S01011230,613,6,3,0,2,7
S01011231,539,0,4,2,0,5
S01011232,748,2,6,1,1,2
S01011233,1198,9,21,2,0,1
S01011234,1012,0,2,0,0,0
S01011235,272,0,11,1,1,0
S01011236,443,2,2,0,0,0
S01011237,703,9,4,6,0,0
S01011238,539,7,1,1,0,1
S01011239,576,2,1,0,0,0
S01011240,675,3,6,0,0,0
S01011241,956,4,6,0,0,7
S01011242,800,10,3,0,5,17
S01011243,828,6,5,3,3,2
S01011244,543,2,4,2,2,2
S01011245,701,4,1,3,0,8
S01011246,897,2,6,0,2,0
S01011247,769,4,3,0,0,2
S01011248,705,3,3,0,0,0
S01011249,659,4,2,0,0,2
S01011250,982,5,3,1,0,16
S01011251,865,3,3,1,0,0
S01011252,700,4,2,0,2,0
S01011253,812,0,1,2,0,21
S01011254,798,0,11,0,0,2
S01011255,736,0,21,0,0,0
S01011256,476,3,10,0,0,2
S01011257,344,0,0,0,0,0
S01011258,436,1,3,0,1,0
S01011259,640,2,1,0,0,0
S01011260,651,2,2,0,1,0
S01011261,841,16,2,7,0,7
S01011262,403,2,0,0,0,0
S01011263,1236,12,17,1,0,0
S01011264,610,7,0,0,0,0
S01011265,951,10,15,0,0,2
S01011266,814,5,0,0,0,2
S01011267,482,2,3,0,1,0
S01011268,295,0,2,0,0,0
S01011269,511,0,4,0,0,0
S01011270,551,7,3,0,0,1
S01011271,714,4,6,0,0,1
S01011272,663,8,1,2,0,11
S01011273,744,9,2,0,0,16
S01011274,802,20,0,3,0,8
S01011275,628,6,6,0,0,2
S01011276,870,3,16,7,0,0
S01011277,575,1,5,0,0,0
S01011278,393,0,0,0,0,0
S01011279,608,1,1,0,0,0
S01011280,525,5,0,2,2,0
S01011281,565,1,13,0,0,1
S01011282,829,2,11,2,4,6
S01011283,668,2,23,4,0,0
S01011284,546,2,17,2,1,0
S01011285,721,1,2,1,0,0
S01011286,575,1,4,0,0,5
S01011287,894,0,2,1,0,4
S01011288,758,0,9,0,0,3
S01011289,830,2,0,1,0,6
S01011290,1188,12,12,7,5,7
S01011291,681,1,2,0,0,0
S01011292,642,3,4,0,0,0
S01011293,614,4,7,21,0,1
S01011294,833,1,10,1,0,1
S01011295,1052,13,16,5,2,0
S01011296,501,3,8,3,0,2
S01011297,723,1,1,6,0,16
S01011298,647,1,6,0,0,0
S01011299,498,2,0,0,1,0
S01011300,856,0,2,0,0,0
S01011301,729,4,6,3,1,0
S01011302,730,4,2,2,1,16
S01011303,899,5,3,1,0,11
S01011304,667,7,0,0,1,1
S01011305,751,8,11,0,0,0
S01011306,541,1,5,0,0,5
S01011307,1647,9,35,4,0,7
S01011308,493,4,7,0,0,4
S01011309,685,4,1,0,0,0
S01011310,722,5,1,0,0,0
S01011311,696,5,3,0,0,3
S01011312,990,7,6,0,0,0
S01011313,631,3,5,0,0,0
S01011314,992,10,7,2,1,1
S01011315,332,6,2,0,0,0
S01011316,729,7,7,0,0,9
S01011317,752,14,10,1,0,1
S01011318,870,6,4,7,0,0
S01011319,750,0,1,0,1,2
S01011320,568,6,6,0,0,2
S01011321,645,0,0,0,2,0
S01011322,596,3,1,3,0,0
S01011323,770,2,6,0,0,0
S01011324,560,1,5,5,0,2
S01011325,683,8,6,0,0,3
S01011326,636,3,5,0,1,1
S01011327,584,7,6,2,0,1
S01011328,692,3,1,0,0,0
S01011329,937,4,13,2,0,4
S01011330,776,0,8,1,0,0
S01011331,772,1,11,4,0,3
S01011332,670,4,4,0,0,0
S01011333,724,0,9,1,4,4
S01011334,486,4,5,6,0,0
S01011335,912,11,21,1,1,0
S01011336,606,3,3,0,0,3
S01011337,691,6,4,0,0,0
S01011338,643,1,0,0,0,16
S01011339,510,8,3,1,0,5
S01011340,632,0,2,0,0,1
S01011341,622,4,15,0,0,11
S01011342,710,6,1,0,0,0
S01011343,782,8,2,0,0,2
S01011344,796,5,0,1,2,14
S01011345,725,4,1,0,0,10
S01011346,576,2,7,0,0,0
S01011347,961,6,2,0,2,1
S01011348,876,11,0,5,1,0
S01011349,790,5,10,0,0,1
S01011350,555,1,0,0,2,0
S01011351,600,0,2,1,1,0
S01011352,622,4,2,3,1,5
S01011353,613,4,1,0,0,0
S01011354,667,2,0,0,2,0
S01011355,865,1,1,1,0,1
S01011356,1136,1,0,4,1,0
S01011357,704,1,6,0,0,1
S01011358,416,0,5,0,0,0
S01011359,710,0,7,0,0,2
S01011360,459,1,2,0,1,2
S01011361,72,0,0,0,0,0
S01011362,741,1,15,17,0,6
S01011363,782,1,6,0,0,4
S01011364,611,8,12,11,0,0
S01011365,600,2,26,0,0,0
S01011366,483,0,2,1,0,0
S01011367,790,5,5,3,0,2
S01011368,847,3,77,3,4,2
S01011369,686,6,25,2,0,4
S01011370,633,5,23,6,1,3
S01011371,821,6,6,8,0,4
S01011372,597,4,28,15,0,0
S01011373,598,2,7,14,0,8
S01011374,668,6,17,3,0,5
S01011375,559,1,12,2,0,1
S01011376,468,2,4,7,0,4
S01011377,1100,6,15,1,0,3
S01011378,731,4,10,0,0,8
S01011379,1234,21,30,6,0,3
S01011380,656,4,2,12,0,0
S01011381,653,10,19,10,2,4
S01011382,847,7,45,18,1,7
S01011383,602,2,9,5,0,8
S01011384,678,5,22,5,0,6
S01011385,869,7,46,11,0,16
S01011386,644,4,21,0,0,0
S01011387,727,8,46,15,0,3
S01011388,991,11,51,26,1,7
S01011389,749,8,15,9,0,3
S01011390,691,1,8,7,0,2
S01011391,610,4,8,8,0,0
S01011392,620,0,2,2,0,0
S01011393,838,3,4,18,0,3
S01011394,528,2,7,0,0,0
S01011395,747,8,8,2,0,1
S01011396,747,6,19,0,2,0
S01011397,824,6,5,7,0,1
S01011398,645,12,15,13,0,0
S01011399,484,4,0,11,0,0
S01011400,639,6,20,8,1,5
S01011401,628,2,4,0,2,3
S01011402,937,1,21,1,0,10
S01011403,422,2,55,1,0,2
S01011404,745,0,15,2,0,1
S01011405,562,0,30,0,0,13
S01011406,852,7,8,0,0,1
S01011407,1134,6,11,1,8,0
S01011408,801,7,10,7,0,0
S01011409,817,5,9,5,0,0
S01011410,566,0,1,3,0,0
S01011411,658,2,4,0,0,0
S01011412,771,4,12,2,2,1
S01011413,469,0,11,0,0,7
S01011414,736,1,29,18,0,0
S01011415,841,6,5,1,2,0
S01011416,502,0,44,0,0,2
S01011417,873,6,22,0,2,5
S01011418,523,3,7,0,0,0
S01011419,495,1,2,0,0,1
S01011420,500,4,2,0,0,2
S01011421,571,10,37,0,0,6
S01011422,603,0,16,0,0,0
S01011423,510,3,11,0,0,6
S01011424,540,3,0,0,0,0
S01011425,823,2,3,5,0,1
S01011426,1407,0,19,0,0,1
S01011427,485,10,1,2,1,0
S01011428,539,0,2,0,0,3
S01011429,1125,4,38,6,2,7
S01011430,900,4,22,4,0,1
S01011431,1024,2,5,0,1,2
S01011432,983,5,7,4,0,2
S01011433,861,2,1,0,0,1
S01011434,570,0,6,0,0,0
S01011435,1054,1,9,1,0,0
S01011436,662,3,1,2,0,2
S01011437,667,1,2,1,1,0
S01011438,465,4,6,0,0,0
S01011439,954,0,4,0,2,0
S01011440,527,1,8,3,0,2
S01011441,730,2,9,0,3,3
S01011442,730,2,15,1,0,13
S01011443,549,2,29,0,0,0
S01011444,713,1,3,0,1,0
S01011445,434,3,9,14,0,1
S01011446,1916,13,61,11,1,3
S01011447,827,4,7,0,2,1
S01011448,683,5,16,4,0,0
S01011449,471,1,18,0,0,0
S01011450,556,5,66,0,0,3
S01011451,2999,31,288,25,0,13
S01011452,831,6,38,0,2,2
S01011453,656,6,30,0,1,6
S01011454,733,4,2,0,0,2
S01011455,639,1,19,0,0,0
S01011456,764,1,33,6,0,0
S01011457,791,4,15,0,0,1
S01011458,1159,12,77,7,0,0
S01011459,1071,8,30,13,0,15
S01011460,473,10,29,0,0,1
S01011461,667,4,35,0,0,0
S01011462,898,5,29,2,0,1
S01011463,1386,4,85,32,0,6
S01011464,485,0,88,9,0,2
S01011465,677,6,7,7,0,5
S01011466,732,8,16,21,0,7
S01011467,436,2,72,29,1,0
S01011468,747,0,149,6,1,0
S01011469,713,1,58,38,4,6
S01011470,1027,17,37,33,4,16
S01011471,831,9,25,11,0,12
S01011472,512,4,32,20,1,2
S01011473,686,1,16,10,0,5
S01011474,636,6,37,31,1,6
S01011475,603,11,22,25,5,12
S01011476,377,0,6,0,0,0
S01011477,773,0,26,0,2,7
S01011478,1184,8,74,6,0,3
S01011479,1089,6,35,0,4,3
S01011480,954,4,13,0,0,1
S01011481,867,0,31,0,0,4
S01011482,880,5,18,5,0,1
S01011483,454,2,5,4,0,5
S01011484,818,3,29,12,0,5
S01011485,878,12,26,23,0,1
S01011486,525,8,4,13,0,0
S01011487,906,3,37,8,1,1
S01011488,781,10,20,0,0,0
S01011489,691,0,33,0,0,1
S01011490,997,3,25,9,6,8
S01011491,409,0,2,8,0,0
S01011492,566,23,54,84,4,27
S01011493,421,0,31,0,0,1
S01011494,714,4,5,9,0,11
S01011495,785,3,29,9,4,3
S01011496,620,10,3,18,0,9
S01011497,607,9,71,4,0,0
S01011498,558,0,24,0,0,1
S01011499,699,3,36,5,2,6
S01011500,430,3,0,5,0,0
S01011501,578,6,20,4,0,6
S01011502,648,5,11,1,2,0
S01011503,576,2,18,3,0,0
S01011504,846,11,60,4,0,3
S01011505,616,4,51,0,0,18
S01011506,460,2,7,0,0,3
S01011507,616,0,29,0,1,0
S01011508,763,3,78,2,0,8
S01011509,535,2,4,5,0,2
S01011510,932,7,43,2,0,9
S01011511,482,5,19,0,1,4
S01011512,777,7,24,18,0,9
S01011513,685,0,10,21,0,19
S01011514,898,4,13,1,4,2
S01011515,445,2,11,6,0,0
S01011516,807,8,38,1,0,3
S01011517,500,3,9,0,1,1
S01011518,659,4,4,1,0,0
S01011519,676,10,9,1,0,5
S01011520,624,2,29,5,2,7
S01011521,889,4,31,4,1,7
S01011522,767,7,51,1,0,14
S01011523,661,5,18,0,0,1
S01011524,700,4,12,3,0,1
S01011525,860,4,12,1,0,7
S01011526,891,1,36,0,0,3
S01011527,609,2,21,0,0,1
S01011528,864,10,24,5,0,2
S01011529,532,3,9,10,1,0
S01011530,891,5,31,0,0,10
S01011531,960,9,90,0,1,1
S01011532,584,8,23,0,0,3
S01011533,668,1,12,11,0,1
S01011534,743,3,4,0,0,4
S01011535,1060,7,24,0,0,6
S01011536,569,3,30,0,0,0
S01011537,475,3,9,0,0,3
S01011538,688,2,26,1,0,1
S01011539,694,3,0,1,0,1
S01011540,1010,8,18,0,0,0
S01011541,1091,8,18,12,3,9
S01011542,936,1,18,0,1,4
S01011543,705,10,3,14,0,2
S01011544,606,7,6,0,0,2
S01011545,747,2,3,0,0,0
S01011546,620,6,41,0,0,2
S01011547,490,4,8,3,1,0
S01011548,739,8,15,7,0,0
S01011549,646,4,4,0,0,0
S01011550,597,1,10,0,0,0
S01011551,559,4,4,0,0,0
S01011552,586,2,8,2,0,0
S01011553,747,13,61,19,0,13
S01011554,983,6,10,7,0,6
S01011555,505,10,7,1,0,1
S01011556,445,0,5,1,0,0
S01011557,663,0,0,0,0,4
S01011558,577,1,1,0,0,0
S01011559,462,6,2,5,0,0
S01011560,716,2,5,0,0,0
S01011561,770,10,3,3,0,0
S01011562,779,1,11,0,0,1
S01011563,686,6,5,1,0,0
S01011564,914,7,12,2,3,0
S01011565,832,8,6,5,0,3
S01011566,746,2,18,0,0,0
S01011567,887,3,4,0,0,0
S01011568,664,0,24,0,0,0
S01011569,845,14,20,0,0,0
S01011570,610,13,23,1,1,0
S01011571,562,2,18,5,0,6
S01011572,605,4,7,0,1,12
S01011573,1050,11,24,0,0,1
S01011574,710,1,4,0,0,0
S01011575,505,2,7,1,0,1
S01011576,726,7,2,5,0,6
S01011577,601,2,32,3,0,1
S01011578,625,1,8,6,0,2
S01011579,969,22,9,4,0,4
S01011580,782,3,16,0,0,2
S01011581,632,6,16,1,1,1
S01011582,1104,4,10,0,0,3
S01011583,643,5,13,0,2,2
S01011584,650,1,8,0,0,0
S01011585,613,3,8,10,0,0
S01011586,616,2,6,0,0,1
S01011587,596,4,15,1,0,6
S01011588,731,3,2,8,5,1
S01011589,792,2,3,2,4,1
S01011590,686,1,0,0,0,4
S01011591,533,0,2,0,0,2
S01011592,540,3,12,1,0,0
S01011593,566,8,9,0,0,1
S01011594,430,0,5,0,0,0
S01011595,521,7,12,2,0,2
S01011596,1085,6,21,13,0,9
S01011597,565,0,3,0,1,0
S01011598,0,0,0,0,0,0
S01011599,788,18,4,0,1,2
S01011600,613,5,4,1,0,4
S01011601,684,16,28,1,0,5
S01011602,1247,17,54,0,0,6
S01011603,826,10,8,2,0,2
S01011604,365,5,1,3,0,0
S01011605,847,3,5,0,0,4
S01011606,965,17,64,1,0,0
S01011607,545,6,31,2,0,1
S01011608,850,4,47,2,0,5
S01011609,825,10,7,0,1,2
S01011610,769,0,14,1,0,0
S01011611,1072,0,18,4,4,7
S01011612,599,3,52,4,0,2
S01011613,738,1,9,0,0,0
S01011614,412,0,1,0,0,0
S01011615,676,9,8,0,0,0
S01011616,463,2,0,2,0,0
S01011617,852,1,1,2,0,0
S01011618,610,3,2,0,0,1
S01011619,947,8,44,2,1,2
S01011620,972,2,45,1,2,4
S01011621,721,3,3,8,1,0
S01011622,633,3,31,7,0,0
S01011623,739,1,13,0,0,0
S01011624,674,0,10,5,0,4
S01011625,513,1,6,3,5,0
S01011626,715,7,2,0,1,2
S01011627,652,8,18,3,1,0
S01011628,1054,3,19,0,0,0
S01011629,535,0,2,1,0,0
S01011630,672,1,2,1,2,2
S01011631,603,5,4,2,0,4
S01011632,744,7,0,0,0,2
S01011633,662,2,4,6,0,2
S01011634,457,0,6,8,0,0
S01011635,625,6,6,4,0,0
S01011636,637,2,14,0,0,2
S01011637,588,0,22,1,0,0
S01011638,353,0,1,0,0,0
S01011639,493,8,29,0,0,7
S01011640,652,6,13,8,0,3
S01011641,439,0,0,4,0,1
S01011642,712,6,3,2,1,1
S01011643,801,4,21,1,0,13
S01011644,680,4,11,0,1,1
S01011645,488,1,6,0,0,1
S01011646,569,0,6,0,0,0
S01011647,727,4,20,0,3,2
S01011648,1011,5,62,6,0,5
S01011649,515,2,18,2,0,0
S01011650,764,4,9,0,5,4
S01011651,773,3,23,9,0,4
S01011652,592,1,27,2,2,9
S01011653,833,17,32,1,0,0
S01011654,820,4,30,6,0,10
S01011655,746,7,23,5,1,1
S01011656,450,2,12,0,0,1
S01011657,403,2,5,0,0,12
S01011658,721,7,3,0,0,2
S01011659,804,3,6,0,0,1
S01011660,773,11,14,1,0,0
S01011661,473,2,0,3,0,0
S01011662,610,0,3,0,0,0
S01011663,573,1,1,6,0,5
S01011664,978,20,10,4,0,13
S01011665,654,12,0,1,1,3
S01011666,739,8,7,7,0,7
S01011667,710,3,9,5,0,4
S01011668,851,7,13,2,0,0
S01011669,612,2,11,1,0,1
S01011670,451,2,11,0,0,0
S01011671,705,3,7,0,0,2
S01011672,516,4,10,0,0,2
S01011673,577,1,18,4,0,5
S01011674,1247,3,11,0,0,2
S01011675,885,12,21,0,0,1
S01011676,634,5,4,1,0,0
S01011677,693,14,12,26,1,7
S01011678,484,4,3,10,0,0
S01011679,610,2,11,0,1,0
S01011680,969,8,10,0,0,0
S01011681,785,0,7,0,0,0
S01011682,499,2,12,2,0,9
S01011683,1839,14,23,16,2,5
S01011684,535,1,3,0,0,6
S01011685,749,3,21,0,1,0
S01011686,793,0,12,0,0,3
S01011687,810,3,8,2,2,1
S01011688,1372,2,28,1,0,0
S01011689,988,10,16,5,0,0
S01011690,949,4,14,9,0,0
S01011691,705,10,6,13,0,3
S01011692,1008,6,4,6,0,0
S01011693,738,5,10,1,0,1
S01011694,513,4,16,0,0,0
S01011695,3285,37,138,22,1,3
S01011696,943,16,109,9,3,8
S01011697,1016,7,54,4,0,0
S01011698,878,6,45,10,0,0
S01011699,1088,11,68,7,0,4
S01011700,655,0,31,3,0,2
S01011701,901,10,34,6,0,4
S01011702,603,8,3,3,0,1
S01011703,1601,17,58,1,0,2
S01011704,651,2,13,0,0,2
S01011705,761,2,15,2,0,20
S01011706,912,6,23,0,0,4
S01011707,910,6,14,0,0,4
S01011708,885,6,15,0,1,6
S01011709,1180,4,15,2,0,3
S01011710,482,3,8,0,1,0
S01011711,602,4,0,5,2,0
S01011712,582,7,9,1,0,2
S01011713,715,0,1,10,0,0
S01011714,429,1,12,0,0,0
S01011715,519,5,6,0,0,0
S01011716,791,5,6,0,1,2
S01011717,614,0,1,0,2,0
S01011718,744,4,19,0,0,0
S01011719,603,1,15,0,0,0
S01011720,425,11,11,1,0,2
S01011721,745,4,3,5,0,1
S01011722,776,4,10,0,0,1
S01011723,1021,0,6,2,2,0
S01011724,686,2,24,2,0,2
S01011725,553,1,3,0,0,2
S01011726,526,1,5,0,0,2
S01011727,766,5,74,1,2,1
S01011728,858,5,1,0,0,1
S01011729,613,0,4,0,0,2
S01011730,730,4,3,2,0,1
S01011731,797,10,5,1,0,2
S01011732,635,4,5,0,0,1
S01011733,719,5,0,0,0,1
S01011734,713,6,4,7,0,0
S01011735,652,3,5,1,0,0
S01011736,640,9,16,0,1,2
S01011737,652,5,8,5,10,2
S01011738,942,12,36,11,0,9
S01011739,652,10,5,0,0,0
S01011740,747,8,15,35,10,5
S01011741,651,1,13,12,0,6
S01011742,724,0,1,5,0,0
S01011743,704,3,9,0,0,0
S01011744,870,9,10,10,2,2
S01011745,796,6,5,8,0,3
S01011746,501,4,19,17,0,1
S01011747,818,8,65,8,2,5
S01011748,670,3,7,18,7,7
S01011749,534,14,36,24,0,10
S01011750,806,12,7,4,2,6
S01011751,594,7,13,1,0,14
S01011752,859,14,5,5,1,2
S01011753,791,0,16,2,1,1
S01011754,706,3,0,9,0,5
S01011755,854,0,1,1,0,7
S01011756,897,3,6,0,0,1
S01011757,697,8,1,1,1,0
S01011758,533,5,0,0,3,1
S01011759,738,5,20,0,4,0
S01011760,822,7,19,1,0,2
S01011761,642,6,8,1,2,2
S01011762,573,3,9,22,0,3
S01011763,744,2,1,1,0,1
S01011764,316,5,10,0,0,0
S01011765,829,7,17,1,0,3
S01011766,534,4,13,0,0,2
S01011767,718,6,37,0,0,0
S01011768,782,14,21,3,2,8
S01011769,606,4,22,0,0,6
S01011770,767,5,11,3,0,3
S01011771,572,0,27,0,0,4
S01011772,906,14,40,2,7,5
S01011773,516,3,4,2,0,1
S01011774,791,8,36,0,0,4
S01011775,632,0,7,5,0,3
S01011776,1046,16,66,6,0,2
S01011777,580,4,4,0,0,0
S01011778,589,4,21,0,1,10
S01011779,690,0,10,0,0,0
S01011780,816,1,43,0,0,2
S01011781,481,0,8,0,0,3
S01011782,527,4,15,0,1,0
S01011783,438,6,11,1,0,2
S01011784,781,3,13,0,0,1
S01011785,727,3,23,5,1,0
S01011786,428,8,12,1,0,8
S01011787,979,8,8,10,0,10
S01011788,599,10,77,0,0,10
S01011789,2505,18,82,8,0,3
S01011790,1307,4,14,4,0,1
S01011791,638,6,3,3,0,0
S01011792,990,6,7,2,0,1
S01011793,1172,8,12,3,0,0
S01011794,780,1,13,2,2,4
S01011795,523,0,0,0,0,3
S01011796,779,2,7,2,1,0
S01011797,926,4,0,0,0,0
S01011798,521,1,10,3,1,1
S01011799,820,1,1,8,0,1
S01011800,537,3,1,1,0,0
S01011801,526,1,0,3,0,2
S01011802,638,1,1,4,0,7
S01011803,743,5,15,4,0,0
S01011804,643,4,2,0,0,0
S01011805,481,6,4,6,2,2
S01011806,874,1,3,4,0,0
S01011807,1072,3,4,0,0,1
S01011808,712,4,0,1,1,2
S01011809,765,5,0,0,0,0
S01011810,952,5,5,1,1,8
S01011811,959,2,3,0,0,1
S01011812,622,13,4,0,0,0
S01011813,780,3,0,3,0,0
S01011814,811,1,1,0,3,1
S01011815,1065,7,3,0,0,1
S01011816,790,4,2,1,0,0
S01011817,1311,10,5,1,0,1
S01011818,926,6,3,0,0,2
S01011819,750,5,6,1,0,6
S01011820,851,1,4,2,0,0
S01011821,312,2,1,0,0,1
S01011822,573,7,18,2,0,6
S01011823,589,7,6,1,0,1
S01011824,619,1,7,0,0,2
S01011825,478,5,2,0,0,0
S01011826,600,11,0,4,7,1
S01011827,491,3,0,0,0,0
S01011828,986,1,3,0,0,0
S01011829,450,0,1,0,0,4
S01011830,538,7,13,0,0,3
S01011831,855,14,5,1,0,6
S01011832,756,7,4,0,0,6
S01011833,917,3,10,2,0,2
S01011834,1079,8,24,0,0,6
S01011835,822,7,30,6,1,2
S01011836,811,12,0,3,0,1
S01011837,622,3,3,1,0,0
S01011838,955,7,4,3,0,1
S01011839,901,5,6,1,0,4
S01011840,1133,5,6,2,0,0
S01011841,867,4,8,1,0,1
S01011842,921,11,19,0,2,1
S01011843,1220,10,25,3,0,2
S01011844,938,7,10,0,1,2
S01011845,851,15,10,2,0,3
S01011846,950,12,7,0,0,1
S01011847,435,9,1,2,0,0
S01011848,684,7,7,0,0,1
S01011849,989,10,9,2,1,0
S01011850,1304,19,25,7,0,3
S01011851,802,0,2,0,0,2
S01011852,971,0,28,0,0,4
S01011853,808,4,14,3,0,1
S01011854,815,4,7,3,0,1
S01011855,775,6,6,4,0,0
S01011856,669,8,0,0,0,0
S01011857,664,7,4,0,0,1
S01011858,877,0,3,0,1,1
S01011859,832,2,4,1,0,0
S01011860,430,3,8,0,0,1
S01011861,675,10,2,2,0,1
S01011862,889,6,24,0,0,1
S01011863,753,5,6,0,0,1
S01011864,758,5,3,4,0,3
S01011865,570,1,0,0,0,6
S01011866,762,5,0,0,0,4
S01011867,972,8,13,3,1,0
S01011868,821,4,19,0,1,6
S01011869,734,15,17,1,1,6
S01011870,701,2,7,0,1,0
S01011871,2011,29,26,3,0,14
S01011872,898,6,0,2,1,1
S01011873,748,1,11,1,0,0
S01011874,619,2,8,1,1,1
S01011875,700,0,6,5,0,1
S01011876,944,5,9,0,0,1
S01011877,519,5,8,0,0,0
S01011878,2084,55,80,8,1,11
S01011879,565,7,1,1,1,1
S01011880,583,4,1,1,1,0
S01011881,888,9,14,1,4,2
S01011882,885,2,11,2,2,3
S01011883,1375,12,6,8,1,1
S01011884,451,1,2,0,0,1
S01011885,705,6,3,0,0,4
S01011886,782,1,2,1,0,3
S01011887,562,11,7,2,0,3
S01011888,802,8,15,1,1,0
S01011889,818,8,10,0,1,1
S01011890,612,11,8,0,1,2
S01011891,1039,12,19,4,0,2
S01011892,829,9,27,3,0,4
S01011893,1011,22,43,1,0,16
S01011894,565,8,20,4,0,3
S01011895,554,6,13,1,1,0
S01011896,840,10,7,0,0,1
S01011897,1037,10,12,0,0,0
S01011898,684,7,3,11,0,3
S01011899,688,14,13,0,1,5
S01011900,694,4,17,0,0,0
S01011901,836,6,13,0,0,17
S01011902,989,8,6,0,0,2
S01011903,811,4,5,6,0,9
S01011904,743,7,22,1,0,3
S01011905,653,0,22,1,0,2
S01011906,363,1,11,2,0,2
S01011907,644,6,23,1,1,5
S01011908,696,7,37,3,0,9
S01011909,971,10,29,8,0,7
S01011910,796,9,11,0,0,5
S01011911,624,0,3,0,0,0
S01011912,642,4,22,0,0,2
S01011913,563,2,21,2,0,4
S01011914,828,10,54,7,2,10
S01011915,807,6,15,0,0,5
S01011916,467,3,10,0,0,2
S01011917,517,0,8,0,0,1
S01011918,850,9,8,2,1,5
S01011919,833,14,12,0,0,9
S01011920,548,3,6,0,7,2
S01011921,564,1,3,6,0,1
S01011922,609,8,20,3,0,8
S01011923,888,4,13,1,0,8
S01011924,380,4,12,2,0,3
S01011925,751,8,23,1,0,7
S01011926,626,4,10,1,0,7
S01011927,573,5,5,3,0,0
S01011928,641,9,1,0,1,1
S01011929,571,4,4,4,0,5
S01011930,632,5,0,5,0,10
S01011931,1398,21,69,10,0,18
S01011932,532,7,10,1,0,5
S01011933,572,9,21,17,0,2
S01011934,752,12,18,15,1,7
S01011935,732,18,43,2,1,6
S01011936,689,12,24,7,0,10
S01011937,514,6,46,12,1,6
S01011938,567,5,12,4,4,2
S01011939,618,8,41,1,1,1
S01011940,437,7,79,6,0,23
S01011941,621,15,49,5,0,23
S01011942,720,9,71,12,4,21
S01011943,1026,36,88,12,4,10
S01011944,484,4,3,0,0,1
S01011945,724,12,8,0,0,1
S01011946,695,11,12,0,1,2
S01011947,479,1,10,2,0,0
S01011948,1090,13,23,4,4,4
S01011949,802,11,4,0,0,5
S01011950,720,6,3,0,2,8
S01011951,661,1,4,0,0,2
S01011952,477,2,0,0,1,0
S01011953,885,9,9,0,0,2
S01011954,495,1,0,0,0,0
S01011955,1032,12,1,1,1,6
S01011956,918,5,9,4,0,5
S01011957,708,5,8,12,0,4
S01011958,1306,7,8,2,0,7
S01011959,852,3,6,1,1,0
S01011960,949,8,13,2,0,6
S01011961,852,5,2,2,0,5
S01011962,670,16,4,4,0,6
S01011963,619,7,1,1,0,6
S01011964,987,6,6,3,0,9
S01011965,747,4,5,5,0,1
S01011966,792,3,9,0,0,2
S01011967,1192,14,19,3,0,3
S01011968,913,20,27,6,0,15
S01011969,983,8,8,2,1,8
S01011970,781,18,6,6,2,11
S01011971,655,0,0,0,0,1
S01011972,993,6,4,0,0,7
S01011973,689,3,0,1,0,1
S01011974,856,4,1,1,1,1
S01011975,426,15,4,2,2,1
S01011976,724,4,2,0,0,2
S01011977,1105,3,2,1,0,7
S01011978,733,7,5,1,0,0
S01011979,1327,3,11,0,4,6
S01011980,698,1,1,0,0,0
S01011981,851,3,8,5,2,0
S01011982,945,2,2,12,0,1
S01011983,727,2,0,0,0,0
S01011984,669,6,22,0,1,0
S01011985,599,8,2,0,0,2
S01011986,561,4,4,5,0,2
S01011987,1039,14,8,0,0,0
S01011988,542,2,6,2,0,2
S01011989,747,0,12,0,0,1
S01011990,968,3,4,0,0,5
S01011991,664,4,5,2,0,0
S01011992,978,10,9,2,2,5
S01011993,715,2,5,1,1,4
S01011994,813,1,3,0,0,0
S01011995,1124,5,11,0,0,5
S01011996,460,0,0,1,0,0
S01011997,810,5,1,5,2,4
S01011998,558,4,1,0,6,1
S01011999,603,5,1,0,0,2
S01012000,430,6,0,1,0,0
S01012001,638,3,6,0,0,0
S01012002,495,2,0,0,0,3
S01012003,523,9,3,0,0,1
S01012004,904,3,0,0,0,5
S01012005,770,7,10,4,0,0
S01012006,1686,49,46,11,3,6
S01012007,776,2,5,0,0,6
S01012008,943,15,21,2,1,3
S01012009,610,5,4,0,0,0
S01012010,1191,11,10,1,3,9
S01012011,993,13,9,0,0,4
S01012012,673,11,8,5,0,1
S01012013,749,11,5,0,1,6
S01012014,743,9,3,1,2,2
S01012015,931,7,6,5,0,0
S01012016,617,10,4,0,0,2
S01012017,490,6,5,0,0,5
S01012018,775,11,13,1,2,3
S01012019,954,16,5,0,0,3
S01012020,621,5,2,0,0,0
S01012021,506,3,1,4,1,1
S01012022,636,5,1,2,1,2
S01012023,435,0,4,0,1,0
S01012024,826,9,10,1,1,0
S01012025,774,6,9,0,0,0
S01012026,1022,15,34,5,0,2
S01012027,905,1,14,9,2,2
S01012028,868,9,12,0,0,7
S01012029,2541,23,80,1,2,3
S01012030,5615,62,141,23,6,18
S01012031,748,9,31,0,0,0
S01012032,391,8,3,0,0,5
S01012033,794,0,5,2,0,0
S01012034,737,8,7,1,2,0
S01012035,816,10,5,2,2,0
S01012036,774,1,0,0,0,0
S01012037,1135,13,7,7,1,4
S01012038,837,2,7,10,0,2
S01012039,1001,1,2,4,0,0
S01012040,626,0,15,0,1,1
S01012041,861,4,4,0,0,3
S01012042,1182,3,14,4,2,4
S01012043,819,13,4,26,0,6
S01012044,884,4,7,2,2,2
S01012045,1002,4,16,41,0,2
S01012046,668,4,4,4,1,3
S01012047,715,3,10,8,0,10
S01012048,730,3,4,7,1,2
S01012049,589,0,3,1,1,1
S01012050,875,1,4,0,2,1
S01012051,508,2,23,0,0,1
S01012052,779,4,9,5,0,0
S01012053,806,1,3,5,2,2
S01012054,599,4,15,2,0,1
S01012055,884,2,6,4,0,7
S01012056,700,3,2,2,1,0
S01012057,721,1,32,1,0,1
S01012058,632,3,15,3,0,2
S01012059,772,5,2,6,1,1
S01012060,819,8,3,1,0,0
S01012061,876,10,10,8,0,2
S01012062,1335,17,43,14,1,9
S01012063,525,9,6,7,0,8
S01012064,587,3,15,31,0,4
S01012065,578,2,22,47,0,9
S01012066,855,9,43,28,5,15
S01012067,494,1,10,3,0,8
S01012068,417,2,21,26,0,10
S01012069,368,0,16,12,0,0
S01012070,578,19,17,42,0,19
S01012071,1037,11,99,107,6,46
S01012072,988,29,43,54,4,13
S01012073,867,8,37,21,0,1
S01012074,616,2,23,5,0,0
S01012075,587,3,12,0,0,0
S01012076,781,1,12,1,0,1
S01012077,744,6,14,10,4,6
S01012078,852,8,10,7,0,5
S01012079,790,12,6,9,0,3
S01012080,678,9,16,53,3,8
S01012081,723,5,6,25,0,8
S01012082,558,2,0,5,4,5
S01012083,689,7,1,6,2,0
S01012084,512,2,3,0,0,1
S01012085,675,9,3,1,0,3
S01012086,811,2,7,8,0,8
S01012087,827,3,13,7,0,2
S01012088,632,0,22,2,0,0
S01012089,764,0,19,5,0,0
S01012090,802,6,10,0,0,0
S01012091,494,2,0,0,0,0
S01012092,444,5,10,2,0,7
S01012093,403,0,1,5,0,0
S01012094,780,4,28,0,0,1
S01012095,991,0,20,5,0,5
S01012096,836,4,3,0,2,1
S01012097,705,1,22,3,3,1
S01012098,580,2,1,0,0,1
S01012099,752,7,14,5,0,0
S01012100,1264,11,10,3,0,2
S01012101,692,2,15,0,0,1
S01012102,606,3,24,6,2,3
S01012103,833,6,22,23,1,0
S01012104,832,4,13,12,0,0
S01012105,1021,9,24,5,2,3
S01012106,959,29,21,7,1,3
S01012107,662,5,39,3,1,0
S01012108,740,2,1,2,0,6
S01012109,888,16,40,45,3,13
S01012110,791,1,20,26,0,5
S01012111,673,11,21,23,0,11
S01012112,687,4,11,10,0,10
S01012113,947,12,13,0,0,10
S01012114,764,7,12,0,0,4
S01012115,490,4,5,20,2,12
S01012116,631,8,6,1,0,2
S01012117,1378,11,24,1,2,8
S01012118,552,1,19,0,0,0
S01012119,809,4,12,4,0,2
S01012120,1013,10,70,17,4,5
S01012121,1019,7,37,24,5,2
S01012122,720,3,5,3,1,0
S01012123,485,10,51,0,0,3
S01012124,411,4,8,5,0,8
S01012125,675,11,28,19,0,15
S01012126,665,20,25,17,1,2
S01012127,1342,26,112,92,4,23
S01012128,488,17,36,16,1,15
S01012129,613,11,19,16,1,6
S01012130,1023,11,27,25,1,8
S01012131,1060,25,114,109,1,21
S01012132,688,10,61,46,5,20
S01012133,530,7,19,30,2,25
S01012134,988,6,22,12,0,14
S01012135,828,11,26,45,10,2
S01012136,653,17,46,24,3,18
S01012137,836,26,56,13,2,22
S01012138,870,20,8,4,0,7
S01012139,879,2,24,2,0,2
S01012140,538,4,11,0,0,1
S01012141,880,18,23,0,0,4
S01012142,852,6,13,0,2,1
S01012143,811,0,23,0,0,2
S01012144,963,3,13,11,0,12
S01012145,965,5,11,10,0,0
S01012146,826,12,46,11,0,9
S01012147,689,8,27,12,0,4
S01012148,570,4,19,21,0,8
S01012149,738,5,85,13,1,8
S01012150,799,7,30,40,3,10
S01012151,522,5,10,19,0,0
S01012152,603,0,19,8,1,0
S01012153,830,11,26,43,3,14
S01012154,614,6,26,32,3,5
S01012155,584,3,33,12,0,5
S01012156,1124,12,54,59,5,24
S01012157,931,12,33,52,2,15
S01012158,1161,18,79,2,1,11
S01012159,484,0,2,0,0,2
S01012160,605,4,7,0,0,0
S01012161,355,2,43,12,0,9
S01012162,984,5,114,13,1,4
S01012163,727,5,79,14,0,4
S01012164,950,4,51,1,0,2
S01012165,850,8,2,8,0,14
S01012166,511,10,28,12,0,3
S01012167,665,1,16,0,0,14
S01012168,663,5,12,3,0,0
S01012169,771,0,12,0,0,7
S01012170,985,9,22,11,0,7
S01012171,897,3,70,11,1,5
S01012172,560,9,34,9,0,2
S01012173,616,7,27,1,1,0
S01012174,763,7,84,5,0,5
S01012175,594,6,27,1,0,25
S01012176,634,4,68,0,0,3
S01012177,534,5,54,4,0,4
S01012178,494,6,20,0,0,6
S01012179,436,8,57,15,0,10
S01012180,606,4,24,0,0,1
S01012181,656,5,33,2,0,4
S01012182,2394,24,318,26,2,45
S01012183,1126,20,113,20,3,15
S01012184,917,18,98,4,4,13
S01012185,762,47,82,15,3,8
S01012186,662,5,17,0,0,1
S01012187,575,3,18,3,1,14
S01012188,558,8,5,1,1,0
S01012189,565,6,5,0,0,0
S01012190,495,0,5,4,2,0
S01012191,671,6,12,0,0,0
S01012192,646,5,12,2,0,1
S01012193,454,0,4,0,0,0
S01012194,468,1,9,1,0,0
S01012195,1008,1,6,3,0,1
S01012196,483,0,13,0,0,0
S01012197,660,7,12,3,0,1
S01012198,793,5,26,5,0,1
S01012199,652,3,4,2,0,2
S01012200,578,5,4,0,0,1
S01012201,700,2,4,1,0,0
S01012202,540,3,9,2,0,0
S01012203,673,1,16,0,0,0
S01012204,644,0,8,0,0,0
S01012205,588,4,20,0,0,0
S01012206,756,5,1,1,1,4
S01012207,906,2,4,0,0,4
S01012208,1007,14,3,2,2,0
S01012209,728,4,7,0,1,2
S01012210,749,1,12,0,0,6
S01012211,884,6,12,0,4,2
S01012212,669,7,4,1,0,1
S01012213,719,2,0,2,0,0
S01012214,708,1,2,0,0,0
S01012215,746,3,0,0,1,0
S01012216,694,3,11,2,0,0
S01012217,499,9,4,17,3,9
S01012218,494,2,4,23,0,0
S01012219,823,7,1,1,0,0
S01012220,561,5,10,5,1,5
S01012221,587,4,4,7,1,5
S01012222,837,11,1,10,2,0
S01012223,637,3,4,7,0,11
S01012224,821,7,16,11,0,17
S01012225,903,14,14,18,0,11
S01012226,672,0,0,2,0,0
S01012227,606,9,6,3,0,0
S01012228,658,0,2,0,0,2
S01012229,605,10,16,0,3,4
S01012230,868,1,14,6,0,9
S01012231,698,6,24,0,0,1
S01012232,766,5,10,0,1,0
S01012233,814,4,23,0,0,7
S01012234,972,9,11,2,1,1
S01012235,506,6,2,1,1,0
S01012236,778,8,15,0,1,7
S01012237,763,8,7,0,0,4
S01012238,553,10,19,0,0,1
S01012239,487,10,13,4,0,3
S01012240,797,5,18,0,0,4
S01012241,506,13,3,0,0,4
S01012242,834,22,8,9,0,5
S01012243,662,6,5,0,3,1
S01012244,845,12,4,6,0,2
S01012245,704,6,9,0,0,1
S01012246,1011,20,5,0,0,2
S01012247,761,3,6,2,0,3
S01012248,803,10,5,0,2,2
S01012249,849,3,5,0,0,0
S01012250,1181,12,12,0,0,4
S01012251,1012,8,0,0,0,0
S01012252,671,3,1,0,0,0
S01012253,840,6,8,8,0,10
S01012254,810,24,9,1,0,6
S01012255,837,7,5,3,0,1
S01012256,635,4,0,2,0,1
S01012257,904,8,4,3,1,0
S01012258,715,6,0,1,0,0
S01012259,670,1,2,2,0,1
S01012260,935,4,7,0,3,0
S01012261,857,5,5,0,0,0
S01012262,1254,10,2,1,0,2
S01012263,694,9,1,4,1,1
S01012264,436,8,6,0,0,2
S01012265,789,6,2,0,0,0
S01012266,1086,8,1,0,1,0
S01012267,806,2,1,0,0,1
S01012268,698,6,5,1,0,0
S01012269,977,1,0,0,0,0
S01012270,769,3,5,0,0,10
S01012271,2091,22,21,7,1,11
S01012272,688,12,8,0,0,4
S01012273,855,6,13,2,3,3
S01012274,899,4,7,2,0,3
S01012275,750,10,23,2,0,6
S01012276,1009,15,12,4,0,5
S01012277,1044,5,18,2,0,1
S01012278,707,8,17,2,0,1
S01012279,696,2,11,6,6,16
S01012280,904,14,5,1,0,0
S01012281,643,3,10,3,0,1
S01012282,1011,6,28,1,0,2
S01012283,862,8,19,1,0,8
S01012284,752,5,12,0,0,4
S01012285,566,6,9,0,0,2
S01012286,931,14,2,0,1,4
S01012287,696,8,7,1,0,1
S01012288,723,6,10,4,0,0
S01012289,884,7,7,1,0,4
S01012290,552,7,4,1,0,0
S01012291,1105,7,25,8,0,5
S01012292,716,13,18,3,3,5
S01012293,450,2,7,0,0,2
S01012294,830,6,5,0,0,8
S01012295,715,6,14,0,1,5
S01012296,976,4,7,4,0,3
S01012297,709,1,1,0,1,0
S01012298,887,0,0,0,0,3
S01012299,654,6,0,0,0,0
S01012300,596,2,0,6,0,2
S01012301,882,3,0,1,2,1
S01012302,600,7,4,3,2,0
S01012303,952,18,7,1,0,6
S01012304,1021,12,16,2,1,3
S01012305,917,2,10,0,0,2
S01012306,578,5,11,3,2,8
S01012307,578,3,6,0,2,2
S01012308,886,10,0,0,1,3
S01012309,647,1,0,0,1,0
S01012310,1124,9,4,0,2,1
S01012311,508,4,4,0,0,0
S01012312,1036,2,2,1,0,0
S01012313,710,9,2,0,1,0
S01012314,861,4,2,1,0,0
S01012315,686,5,10,0,0,2
S01012316,593,4,1,0,0,2
S01012317,623,7,10,0,0,0
S01012318,789,3,0,4,0,0
S01012319,703,3,5,0,0,0
S01012320,609,9,1,0,0,2
S01012321,941,9,6,0,0,7
S01012322,990,9,4,2,0,3
S01012323,930,0,7,0,1,3
S01012324,1006,4,1,2,1,1
S01012325,576,6,0,0,0,0
S01012326,540,5,7,0,0,0
S01012327,773,0,1,2,1,0
S01012328,580,3,1,0,0,0
S01012329,821,3,4,0,2,0
S01012330,557,5,2,1,1,4
S01012331,645,3,4,0,0,0
S01012332,1006,7,5,0,0,0
S01012333,1011,0,0,0,2,0
S01012334,909,6,0,2,2,2
S01012335,888,4,5,0,1,0
S01012336,599,3,0,0,0,0
S01012337,716,1,0,1,0,1
S01012338,727,2,1,15,0,3
S01012339,614,7,2,1,0,2
S01012340,1142,3,6,0,0,0
S01012341,911,14,9,1,1,1
S01012342,921,2,0,0,0,3
S01012343,938,5,5,0,3,3
S01012344,625,9,4,0,1,4
S01012345,890,16,5,0,0,0
S01012346,815,17,2,4,0,0
S01012347,722,5,1,0,0,0
S01012348,624,4,3,0,0,0
S01012349,818,6,5,1,0,7
S01012350,854,8,3,0,0,13
S01012351,837,6,1,1,1,1
S01012352,703,3,5,1,3,0
S01012353,726,8,10,0,0,2
S01012354,766,6,2,1,0,4
S01012355,978,1,6,0,1,0
S01012356,682,1,1,0,1,0
S01012357,927,1,0,0,0,0
S01012358,798,4,2,2,2,5
S01012359,748,5,6,2,1,1
S01012360,710,4,1,0,0,6
S01012361,563,5,0,0,0,3
S01012362,731,3,4,0,0,1
S01012363,961,12,24,1,3,2
S01012364,603,6,1,0,1,2
S01012365,908,5,0,0,2,0
S01012366,783,8,14,2,0,0
S01012367,800,9,10,0,0,0
S01012368,642,4,8,0,1,1
S01012369,793,1,5,0,0,10
S01012370,853,6,4,0,1,6
S01012371,942,2,4,0,1,14
S01012372,624,4,2,2,5,0
S01012373,901,0,16,0,0,2
S01012374,858,5,5,0,0,0
S01012375,842,6,0,4,0,0
S01012376,935,7,5,4,0,3
S01012377,607,5,1,3,0,3
S01012378,559,10,11,0,0,0
S01012379,553,4,1,0,0,0
S01012380,856,2,0,0,0,0
S01012381,787,3,13,0,0,1
S01012382,909,3,7,6,0,1
S01012383,784,1,6,0,0,2
S01012384,520,5,13,3,0,4
S01012385,638,2,1,0,1,2
S01012386,932,8,2,2,3,1
S01012387,841,12,2,0,0,7
S01012388,741,16,16,5,0,0
S01012389,935,9,4,4,0,6
S01012390,807,6,3,0,0,2
S01012391,1162,10,28,0,0,0
S01012392,779,6,18,0,2,2
S01012393,719,4,13,0,0,3
S01012394,671,5,8,5,0,1
S01012395,452,6,5,6,0,0
S01012396,535,4,11,0,0,3
S01012397,774,12,5,4,0,8
S01012398,706,17,10,2,0,2
S01012399,680,10,29,4,2,4
S01012400,527,6,21,4,0,4
S01012401,696,8,7,0,1,0
S01012402,828,3,14,0,0,0
S01012403,1011,4,11,0,0,0
S01012404,755,11,10,0,0,5
S01012405,793,6,8,0,0,2
S01012406,683,0,4,0,0,0
S01012407,849,12,2,2,0,1
S01012408,581,10,0,5,0,3
S01012409,648,6,0,0,0,2
S01012410,1001,6,3,2,0,0
S01012411,966,3,5,1,0,0
S01012412,649,1,2,1,0,0
S01012413,899,3,3,0,2,6
S01012414,699,2,0,0,0,2
S01012415,562,2,1,0,0,0
S01012416,469,2,3,0,0,0
S01012417,566,4,2,0,0,2
S01012418,796,4,0,0,0,4
S01012419,772,3,1,0,0,0
S01012420,751,4,3,2,0,0
S01012421,692,6,1,1,0,0
S01012422,870,6,0,3,1,3
S01012423,753,2,0,0,0,1
S01012424,897,3,5,0,0,2
S01012425,551,0,9,0,0,0
S01012426,519,0,0,0,0,0
S01012427,564,2,2,0,0,4
S01012428,628,0,7,0,0,0
S01012429,536,2,3,1,1,3
S01012430,506,4,6,0,1,8
S01012431,847,5,16,0,0,7
S01012432,675,0,1,2,0,0
S01012433,473,5,3,0,4,3
S01012434,550,0,0,0,0,0
S01012435,636,3,2,1,0,1
S01012436,614,2,2,0,0,4
S01012437,562,8,5,0,2,5
S01012438,815,1,6,0,0,0
S01012439,707,2,6,1,0,0
S01012440,486,6,3,0,1,5
S01012441,813,6,1,0,1,5
S01012442,1692,20,22,2,4,3
S01012443,743,3,0,0,0,0
S01012444,940,1,19,0,0,10
S01012445,473,6,34,2,0,6
S01012446,498,2,1,0,1,0
S01012447,818,2,0,0,0,0
S01012448,897,9,8,0,0,7
S01012449,568,0,0,1,0,0
S01012450,1048,3,6,0,2,5
S01012451,959,7,10,2,2,10
S01012452,596,10,6,0,1,1
S01012453,733,3,0,5,0,3
S01012454,651,1,8,0,2,0
S01012455,612,6,6,0,0,0
S01012456,775,2,10,2,0,5
S01012457,782,2,14,0,0,0
S01012458,767,2,23,0,0,0
S01012459,472,2,9,0,0,11
S01012460,533,1,0,0,0,0
S01012461,624,4,13,1,0,2
S01012462,712,2,10,0,0,0
S01012463,541,1,20,0,0,6
S01012464,556,1,4,0,0,0
S01012465,681,2,0,0,0,0
S01012466,711,3,11,0,0,0
S01012467,693,6,24,0,0,5
S01012468,734,6,14,0,0,1
S01012469,683,0,3,0,0,2
S01012470,927,7,20,2,0,1
S01012471,767,10,14,7,0,1
S01012472,671,10,5,3,0,0
S01012473,475,6,23,4,2,5
S01012474,683,2,3,0,0,0
S01012475,594,3,7,0,2,0
S01012476,932,4,22,0,0,6
S01012477,619,1,2,0,0,1
S01012478,928,8,2,1,0,4
S01012479,634,0,2,0,0,1
S01012480,415,6,13,0,0,3
S01012481,876,12,30,4,4,16
S01012482,761,3,8,5,0,14
S01012483,755,8,9,4,0,3
S01012484,765,6,16,0,3,1
S01012485,884,10,3,1,2,0
S01012486,545,5,0,3,0,1
S01012487,474,0,1,0,0,1
S01012488,899,4,5,1,0,7
S01012489,827,11,39,12,4,23
S01012490,954,11,28,0,4,6
S01012491,490,4,21,0,0,11
S01012492,637,2,33,3,0,10
S01012493,353,3,4,0,0,0
S01012494,964,3,8,2,1,2
S01012495,904,4,5,0,0,4
S01012496,705,4,0,0,0,0
S01012497,456,3,0,1,0,0
S01012498,855,2,0,2,2,0
S01012499,689,2,7,4,0,4
S01012500,551,1,11,1,0,0
S01012501,533,3,0,1,0,0
S01012502,671,7,9,0,0,2
S01012503,644,2,1,0,0,0
S01012504,697,1,7,0,0,0
S01012505,950,8,9,0,5,1
S01012506,538,7,10,0,1,6
S01012507,814,3,1,0,2,0
S01012508,808,4,10,1,2,0
S01012509,512,0,6,1,0,3
S01012510,933,6,26,1,0,0
S01012511,460,5,7,0,0,0
S01012512,448,1,8,4,0,7
S01012513,497,5,11,0,4,1
S01012514,962,0,24,0,0,6
S01012515,616,1,11,0,0,10
S01012516,659,5,12,0,1,1
S01012517,1023,19,51,0,0,5
S01012518,466,5,7,0,0,1
S01012519,472,1,12,0,1,7
S01012520,717,0,2,0,0,0
S01012521,460,1,5,0,0,0
S01012522,859,3,11,1,0,0
S01012523,758,3,15,0,0,6
S01012524,835,4,7,0,0,0
S01012525,660,3,1,1,0,0
S01012526,711,10,8,0,0,2
S01012527,625,3,10,0,0,1
S01012528,767,11,30,4,0,0
S01012529,540,7,10,6,1,3
S01012530,859,3,3,1,0,3
S01012531,1023,6,14,0,0,3
S01012532,1033,4,6,0,0,2
S01012533,455,5,16,0,1,0
S01012534,593,4,11,0,0,0
S01012535,808,1,3,0,0,0
S01012536,769,6,6,0,0,2
S01012537,665,0,1,0,0,1
S01012538,1173,3,4,0,4,3
S01012539,560,4,13,3,0,0
S01012540,697,7,0,0,0,0
S01012541,1124,4,17,0,0,2
S01012542,1349,5,2,0,0,1
S01012543,651,4,11,0,0,2
S01012544,869,4,5,1,0,0
S01012545,429,1,0,3,0,0
S01012546,851,5,4,0,1,0
S01012547,622,2,5,4,0,2
S01012548,1984,2,18,3,1,2
S01012549,501,1,0,0,0,0
S01012550,791,7,0,2,0,4
S01012551,723,6,16,0,0,4
S01012552,833,1,7,0,0,1
S01012553,889,7,4,0,0,1
S01012554,427,1,1,0,0,3
S01012555,453,0,8,0,0,2
S01012556,482,3,1,2,0,0
S01012557,605,1,0,0,0,0
S01012558,541,4,9,0,0,0
S01012559,636,5,2,1,0,2
S01012560,521,8,2,0,0,2
S01012561,705,2,6,0,0,2
S01012562,651,6,3,1,2,2
S01012563,750,0,4,0,0,2
S01012564,608,1,3,0,0,1
S01012565,700,3,3,0,0,0
S01012566,713,8,11,2,0,3
S01012567,847,6,29,2,0,5
S01012568,525,5,0,5,0,0
S01012569,921,13,13,1,0,0
S01012570,434,5,0,0,0,1
S01012571,717,3,5,0,1,0
S01012572,456,4,4,0,0,0
S01012573,871,3,11,0,0,3
S01012574,862,15,11,0,4,0
S01012575,665,9,8,2,0,1
S01012576,674,3,4,0,0,0
S01012577,1208,4,13,4,1,0
S01012578,835,7,11,1,3,1
S01012579,771,13,4,9,0,3
S01012580,832,22,2,2,0,8
S01012581,635,7,3,0,1,1
S01012582,1007,7,10,1,1,9
S01012583,692,2,4,1,0,1
S01012584,771,4,3,1,1,0
S01012585,790,3,12,4,1,0
S01012586,894,7,9,2,1,1
S01012587,829,6,8,4,0,3
S01012588,583,6,2,3,0,1
S01012589,652,3,3,3,1,1
S01012590,792,0,0,2,0,0
S01012591,686,1,0,2,0,0
S01012592,707,5,11,6,0,0
S01012593,816,2,5,4,0,1
S01012594,438,1,12,0,0,0
S01012595,571,7,16,7,0,1
S01012596,694,0,0,2,0,0
S01012597,484,2,7,4,0,4
S01012598,618,0,5,0,0,1
S01012599,639,1,13,0,0,1
S01012600,648,9,9,0,4,1
S01012601,858,6,7,1,0,2
S01012602,638,3,5,1,0,0
S01012603,573,4,1,0,1,0
S01012604,645,3,11,1,0,3
S01012605,511,1,0,5,0,2
S01012606,860,8,1,0,2,1
S01012607,693,3,3,2,0,7
S01012608,760,7,8,0,0,3
S01012609,786,5,1,1,1,0
S01012610,925,2,17,0,0,1
S01012611,1127,2,12,1,0,4
S01012612,646,2,16,0,0,1
S01012613,600,3,5,0,0,0
S01012614,943,2,16,6,0,2
S01012615,773,5,6,1,0,4
S01012616,998,8,6,0,0,0
S01012617,901,0,4,1,0,2
S01012618,487,2,2,4,0,5
S01012619,530,1,2,0,0,0
S01012620,701,8,5,0,1,0
S01012621,563,0,2,5,0,0
S01012622,784,1,6,1,2,2
S01012623,606,5,6,0,0,2
S01012624,683,3,1,0,0,10
S01012625,507,9,14,0,0,1
S01012626,452,2,3,0,0,0
S01012627,596,1,4,2,1,4
S01012628,1264,13,15,2,0,0
S01012629,490,6,5,0,2,0
S01012630,850,0,5,0,1,0
S01012631,666,3,13,2,0,3
S01012632,749,4,10,0,1,0
S01012633,608,9,4,2,1,1
S01012634,661,2,4,0,1,5
S01012635,1152,9,9,1,2,18
S01012636,799,4,7,4,0,1
S01012637,746,0,2,6,0,0
S01012638,836,3,10,0,1,2
S01012639,852,4,0,3,0,0
S01012640,801,2,3,0,0,2
S01012641,957,2,5,5,1,0
S01012642,777,1,25,0,0,0
S01012643,408,1,6,0,0,11
S01012644,668,17,3,0,0,2
S01012645,824,3,5,1,1,6
S01012646,895,3,8,1,2,1
S01012647,668,1,14,0,0,9
S01012648,519,3,0,0,0,0
S01012649,597,1,2,0,0,0
S01012650,668,0,13,0,0,0
S01012651,638,5,10,0,0,0
S01012652,1014,2,4,0,0,1
S01012653,959,3,7,8,2,4
S01012654,1279,14,53,25,0,5
S01012655,1031,4,15,0,0,4
S01012656,730,4,3,0,0,5
S01012657,483,5,17,0,0,1
S01012658,851,2,7,0,0,0
S01012659,966,4,3,0,0,2
S01012660,695,7,11,0,2,0
S01012661,766,7,16,0,0,9
S01012662,776,4,16,0,2,0
S01012663,626,0,6,0,0,0
S01012664,892,6,1,0,1,2
S01012665,765,8,4,11,0,1
S01012666,570,4,4,2,0,0
S01012667,562,1,6,3,0,0
S01012668,711,7,9,17,0,5
S01012669,581,2,1,4,0,0
S01012670,645,2,1,0,0,0
S01012671,877,7,9,3,0,5
S01012672,765,7,6,0,1,2
S01012673,638,0,1,0,0,5
S01012674,596,9,11,0,1,0
S01012675,743,4,6,0,0,0
S01012676,772,3,3,0,2,0
S01012677,585,0,1,1,0,0
S01012678,810,3,4,0,0,0
S01012679,713,1,4,2,0,2
S01012680,523,12,3,4,0,0
S01012681,913,6,12,5,1,3
S01012682,675,0,3,0,0,0
S01012683,726,1,3,3,0,0
S01012684,510,3,4,2,0,4
S01012685,724,0,1,4,3,3
S01012686,964,8,8,1,0,1
S01012687,531,7,4,2,0,2
S01012688,752,4,12,4,0,0
S01012689,484,1,0,0,1,0
S01012690,470,1,0,1,0,1
S01012691,681,1,7,2,0,0
S01012692,731,3,11,0,2,0
S01012693,1106,10,1,0,1,0
S01012694,414,3,3,5,1,0
S01012695,823,3,9,2,1,0
S01012696,917,7,8,1,0,3
S01012697,1163,5,12,0,0,2
S01012698,881,8,18,6,0,9
S01012699,1351,14,35,9,1,0
S01012700,753,2,18,0,0,0
S01012701,1341,7,33,2,1,1
S01012702,1075,6,40,7,1,4
S01012703,537,0,15,1,0,0
S01012704,708,3,8,5,1,0
S01012705,710,2,21,0,0,1
S01012706,681,3,9,7,0,9
S01012707,738,3,6,0,0,1
S01012708,621,8,1,0,1,2
S01012709,547,7,33,0,1,7
S01012710,636,4,13,4,2,0
S01012711,897,3,22,3,0,0
S01012712,749,7,23,6,0,4
S01012713,704,5,19,6,0,2
S01012714,606,5,15,2,0,3
S01012715,559,6,51,20,0,4
S01012716,809,8,34,5,0,12
S01012717,970,15,78,17,3,6
S01012718,821,8,34,8,1,14
S01012719,903,7,56,2,0,8
S01012720,391,2,25,4,3,2
S01012721,594,2,6,0,0,0
S01012722,630,8,31,4,3,6
S01012723,642,4,6,1,0,1
S01012724,683,6,31,9,0,3
S01012725,803,7,51,14,3,6
S01012726,590,2,28,2,0,1
S01012727,613,9,19,0,2,1
S01012728,766,10,10,1,4,7
S01012729,756,3,14,1,0,3
S01012730,530,0,11,6,0,0
S01012731,748,6,5,0,0,5
S01012732,582,13,15,5,1,0
S01012733,2358,30,98,17,1,5
S01012734,558,8,35,0,0,2
S01012735,429,1,5,0,0,0
S01012736,953,7,6,0,0,2
S01012737,742,0,9,1,3,0
S01012738,560,4,8,1,0,4
S01012739,782,6,82,13,4,7
S01012740,929,6,53,23,3,5
S01012741,479,0,6,0,2,0
S01012742,601,13,13,1,0,3
S01012743,500,0,4,0,0,0
S01012744,584,2,5,1,0,0
S01012745,1088,6,13,0,1,0
S01012746,679,13,12,6,0,2
S01012747,782,3,7,5,0,6
S01012748,774,5,37,4,0,0
S01012749,781,6,34,20,3,5
S01012750,797,4,29,16,0,3
S01012751,753,5,16,10,1,12
S01012752,711,6,15,9,0,5
S01012753,447,3,4,1,0,0
S01012754,588,5,1,2,0,4
S01012755,392,1,11,3,0,2
S01012756,439,4,0,1,0,0
S01012757,380,0,4,1,0,12
S01012758,562,5,10,0,0,0
S01012759,704,4,4,6,0,2
S01012760,930,6,18,21,0,4
S01012761,624,2,8,3,0,3
S01012762,626,3,1,0,0,0
S01012763,388,0,6,0,0,0
S01012764,692,2,7,5,0,4
S01012765,648,5,5,4,1,0
S01012766,840,2,14,0,0,6
S01012767,524,2,2,0,0,0
S01012768,633,4,3,9,1,0
S01012769,382,0,0,0,0,1
S01012770,833,4,2,6,0,1
S01012771,561,7,5,7,2,1
S01012772,630,3,0,0,0,0
S01012773,829,2,25,0,0,3
S01012774,764,8,21,13,7,8
S01012775,373,1,1,2,0,0
S01012776,614,2,6,2,0,10
S01012777,907,6,33,0,0,6
S01012778,639,1,30,1,0,2
S01012779,472,6,5,3,0,0
S01012780,657,1,13,0,0,2
S01012781,782,5,9,1,0,3
S01012782,483,4,15,6,0,3
S01012783,621,8,13,10,0,1
S01012784,629,3,13,10,0,5
S01012785,632,3,9,15,0,11
S01012786,545,8,31,10,0,16
S01012787,460,2,25,0,0,1
S01012788,593,13,14,5,0,13
S01012789,655,4,43,0,0,4
S01012790,598,5,18,2,0,0
S01012791,730,1,8,2,0,0
S01012792,945,2,12,1,3,6
S01012793,621,7,12,7,1,0
S01012794,585,7,47,9,0,10
S01012795,930,14,14,5,0,3
S01012796,737,10,5,22,1,0
S01012797,658,4,21,2,0,1
S01012798,996,5,32,2,2,6
S01012799,838,10,23,5,0,3
S01012800,783,11,21,6,1,5
S01012801,408,3,7,4,0,3
S01012802,484,2,67,0,0,4
S01012803,574,2,14,0,0,1
S01012804,663,5,3,4,0,0
S01012805,837,4,6,1,0,5
S01012806,801,2,15,7,0,0
S01012807,582,11,34,0,0,3
S01012808,2144,24,20,11,1,5
S01012809,580,6,12,3,0,5
S01012810,785,11,3,1,0,3
S01012811,737,4,9,0,0,1
S01012812,563,4,4,1,0,0
S01012813,919,7,8,1,0,3
S01012814,753,2,49,0,0,0
S01012815,859,17,87,6,0,5
S01012816,492,7,60,12,0,4
S01012817,466,2,82,5,1,1
S01012818,721,10,71,0,0,0
S01012819,671,4,12,6,3,0
S01012820,4154,52,375,67,4,23
S01012821,581,19,193,19,1,8
S01012822,374,4,5,27,0,0
S01012823,700,8,65,0,0,10
S01012824,619,10,31,9,1,5
S01012825,442,2,7,0,0,4
S01012826,512,14,20,1,0,1
S01012827,498,2,217,12,0,10
S01012828,860,17,65,8,0,3
S01012829,719,12,37,6,0,5
S01012830,676,3,42,0,1,1
S01012831,619,6,10,10,0,6
S01012832,604,9,4,14,0,2
S01012833,699,6,18,11,0,0
S01012834,688,3,23,11,0,1
S01012835,878,18,27,3,0,10
S01012836,628,4,75,9,0,2
S01012837,548,11,18,8,0,5
S01012838,656,3,8,7,0,9
S01012839,563,8,9,1,0,3
S01012840,823,10,41,0,3,2
S01012841,500,2,20,1,1,0
S01012842,440,0,23,0,0,0
S01012843,828,24,48,1,1,6
S01012844,650,1,17,3,0,0
S01012845,743,23,18,4,0,0
S01012846,780,7,21,7,1,4
S01012847,515,2,7,18,0,1
S01012848,686,11,19,5,4,2
S01012849,635,3,33,0,2,1
S01012850,692,8,9,1,0,2
S01012851,766,6,18,11,0,2
S01012852,692,6,17,0,3,6
S01012853,721,2,31,0,0,4
S01012854,698,6,9,0,0,0
S01012855,550,7,17,2,0,3
S01012856,1303,10,38,7,0,2
S01012857,794,2,17,4,0,2
S01012858,652,0,22,4,0,1
S01012859,881,16,116,16,0,2
S01012860,847,4,21,2,0,4
S01012861,603,11,41,0,3,5
S01012862,456,6,33,7,0,16
S01012863,631,13,40,15,0,10
S01012864,625,3,21,17,0,16
S01012865,750,4,7,0,2,1
S01012866,691,2,29,8,0,21
S01012867,654,1,21,19,0,0
S01012868,463,2,56,9,0,4
S01012869,533,4,10,1,0,20
S01012870,871,5,11,0,0,1
S01012871,691,10,89,6,0,1
S01012872,585,6,121,6,0,16
S01012873,614,6,56,8,0,1
S01012874,756,6,36,12,1,8
S01012875,503,6,14,6,0,17
S01012876,1002,3,19,25,0,13
S01012877,732,4,4,7,0,0
S01012878,1310,7,5,12,1,4
S01012879,695,4,21,0,1,0
S01012880,861,5,10,1,1,2
S01012881,848,11,17,0,0,1
S01012882,467,7,9,15,0,7
S01012883,439,8,12,9,0,5
S01012884,454,3,1,7,0,0
S01012885,547,7,14,26,0,4
S01012886,755,6,43,0,0,6
S01012887,704,6,10,1,0,3
S01012888,788,6,3,8,0,3
S01012889,994,6,59,0,0,6
S01012890,774,12,24,9,1,2
S01012891,455,0,6,3,0,4
S01012892,1204,7,31,11,0,7
S01012893,663,7,15,35,1,1
S01012894,2359,23,57,18,1,19
S01012895,1308,17,82,31,1,11
S01012896,716,6,4,3,0,2
S01012897,1033,17,28,11,0,0
S01012898,518,6,25,0,0,0
S01012899,430,3,3,6,2,1
S01012900,3185,26,172,46,4,11
S01012901,657,9,19,12,0,0
S01012902,664,13,3,3,0,6
S01012903,760,8,13,0,1,1
S01012904,849,14,12,4,0,0
S01012905,585,1,17,2,0,0
S01012906,766,2,8,0,0,0
S01012907,879,9,6,4,0,3
S01012908,670,4,5,2,0,2
S01012909,474,2,4,3,1,0
S01012910,821,7,7,2,1,0
S01012911,734,0,6,0,0,1
S01012912,624,7,2,1,0,6
S01012913,765,11,7,1,0,6
S01012914,772,10,25,4,0,4
S01012915,1133,16,37,2,1,10
S01012916,615,6,6,8,0,1
S01012917,619,7,9,3,0,2
S01012918,486,0,8,3,0,1
S01012919,390,0,1,2,0,0
S01012920,555,0,4,2,0,0
S01012921,605,10,7,4,0,4
S01012922,1245,8,9,12,0,2
S01012923,660,6,5,2,0,2
S01012924,446,0,3,2,0,0
S01012925,469,1,4,0,0,0
S01012926,627,5,13,5,0,5
S01012927,709,12,23,4,0,1
S01012928,825,8,14,5,0,2
S01012929,692,7,6,0,0,0
S01012930,699,9,13,0,0,3
S01012931,1006,8,49,7,1,6
S01012932,469,2,16,0,0,0
S01012933,788,12,9,1,0,2
S01012934,794,2,28,0,1,0
S01012935,838,6,13,6,2,3
S01012936,662,8,31,5,0,6
S01012937,615,3,12,0,0,2
S01012938,630,2,26,6,0,6
S01012939,536,2,39,0,2,3
S01012940,595,6,12,1,0,3
S01012941,687,9,26,7,3,1
S01012942,685,5,16,2,0,7
S01012943,639,9,22,0,0,9
S01012944,438,5,4,0,0,1
S01012945,875,4,36,8,2,4
S01012946,684,10,42,0,0,2
S01012947,369,1,15,0,0,5
S01012948,586,3,4,3,2,2
S01012949,626,4,18,1,0,0
S01012950,786,3,34,7,0,5
S01012951,1057,4,49,15,0,10
S01012952,1058,17,91,8,0,12
S01012953,563,5,14,1,0,2
S01012954,440,1,1,2,0,4
S01012955,981,11,26,27,6,10
S01012956,930,7,20,5,0,4
S01012957,514,4,9,3,0,0
S01012958,575,4,17,0,2,1
S01012959,483,1,8,0,0,0
S01012960,527,0,4,5,1,1
S01012961,534,3,1,1,1,0
S01012962,561,0,8,0,0,0
S01012963,624,6,42,0,0,1
S01012964,653,4,37,1,0,0
S01012965,677,3,36,0,0,0
S01012966,1310,8,38,21,3,7
S01012967,447,2,11,1,0,3
S01012968,577,3,4,0,0,1
S01012969,723,16,31,4,0,3
S01012970,534,0,6,7,0,0
S01012971,787,13,31,10,0,2
S01012972,709,5,16,4,0,3
S01012973,739,10,34,4,0,4
S01012974,1187,5,8,0,0,14
S01012975,553,1,0,4,0,0
S01012976,562,6,11,6,0,10
S01012977,630,5,11,22,0,3
S01012978,634,6,20,2,0,0
S01012979,597,3,42,0,0,0
S01012980,583,6,6,3,0,1
S01012981,653,4,4,0,6,7
S01012982,729,9,0,0,0,0
S01012983,697,6,6,10,0,4
S01012984,556,3,25,2,0,6
S01012985,706,2,7,3,0,0
S01012986,854,4,18,2,0,0
S01012987,656,2,12,0,0,0
S01012988,817,4,16,2,4,3
S01012989,936,6,25,0,0,1
S01012990,564,2,20,0,0,0
S01012991,784,11,24,3,0,5
S01012992,709,4,22,2,0,1
S01012993,669,5,5,0,0,5
S01012994,762,10,32,3,0,9
S01012995,700,9,1,1,0,2
S01012996,559,5,6,0,0,2
S01012997,413,4,7,1,0,0
S01012998,945,6,18,0,3,2
S01012999,410,7,18,2,0,1
S01013000,612,8,7,0,0,8
S01013001,307,0,2,0,3,1
S01013002,495,3,6,0,0,0
S01013003,559,2,1,0,0,1
S01013004,640,6,4,0,0,0
S01013005,920,6,9,1,0,3
S01013006,360,3,9,0,0,2
S01013007,975,6,11,0,3,2
S01013008,897,7,12,0,5,2
S01013009,572,7,3,0,1,0
S01013010,670,6,5,0,0,0
S01013011,640,8,9,7,0,1
S01013012,582,7,2,2,0,0
S01013013,977,14,14,3,0,1
S01013014,809,6,3,0,1,2
S01013015,746,5,8,0,0,2
S01013016,537,6,1,0,3,5
S01013017,833,8,6,1,0,7
S01013018,902,8,4,1,0,1
S01013019,866,5,1,2,2,3
S01013020,474,3,7,0,0,0
S01013021,465,3,5,0,0,1
S01013022,480,2,5,3,1,0
S01013023,777,7,9,3,0,6
S01013024,509,4,12,0,0,0
S01013025,1051,8,42,0,1,2
S01013026,969,4,19,1,1,0
S01013027,916,2,18,5,1,0
S01013028,499,5,1,0,0,0
S01013029,625,0,2,0,2,0
S01013030,636,2,2,0,0,1
S01013031,619,9,3,4,0,1
S01013032,772,6,14,4,0,2
S01013033,724,6,22,1,3,0
S01013034,647,1,5,0,0,0
S01013035,656,5,3,1,0,0
S01013036,701,2,1,0,0,0
S01013037,687,0,10,1,0,0
S01013038,902,5,18,1,0,3
S01013039,452,0,25,4,1,0
S01013040,594,2,5,0,0,1
S01013041,502,2,19,0,4,0
S01013042,749,11,30,1,5,5
S01013043,641,1,36,0,0,9
S01013044,670,3,19,1,2,7
S01013045,659,0,30,4,4,2
S01013046,466,0,10,0,1,0
S01013047,828,6,32,0,0,2
S01013048,628,13,21,3,2,3
S01013049,747,3,42,4,1,1
S01013050,704,3,11,1,0,1
S01013051,833,4,9,0,0,2
S01013052,767,0,20,0,0,2
S01013053,568,5,30,6,4,1
S01013054,502,2,6,0,0,8
S01013055,602,1,11,9,0,7
S01013056,1106,15,44,12,0,9
S01013057,880,15,54,7,0,3
S01013058,643,6,41,0,0,4
S01013059,1034,8,21,5,0,5
S01013060,508,13,7,1,0,1
S01013061,875,4,5,0,0,9
S01013062,853,15,21,1,1,4
S01013063,768,9,12,0,3,3
S01013064,740,11,21,8,0,0
S01013065,704,10,41,17,0,4
S01013066,764,17,59,16,0,8
S01013067,813,25,65,11,3,28
S01013068,690,15,43,8,0,9
S01013069,663,17,35,16,0,9
S01013070,502,18,35,15,17,10
S01013071,880,43,50,17,2,26
S01013072,616,9,19,6,0,1
S01013073,1283,21,88,20,4,14
S01013074,1002,11,26,20,0,10
S01013075,817,6,35,15,4,4
S01013076,678,17,29,4,0,6
S01013077,702,3,14,0,0,3
S01013078,577,0,30,8,0,2
S01013079,1097,17,61,4,0,4
S01013080,703,10,10,3,1,7
S01013081,1015,10,34,11,0,6
S01013082,784,6,16,0,2,2
S01013083,1758,72,231,63,4,61
S01013084,701,8,9,1,0,2
S01013085,463,12,89,22,0,11
S01013086,782,12,46,11,0,5
S01013087,786,17,26,6,1,8
S01013088,804,3,6,4,0,3
S01013089,737,0,9,9,0,8
S01013090,701,11,15,1,0,12
S01013091,629,22,99,15,4,27
S01013092,758,20,39,0,0,4
S01013093,470,6,6,1,0,1
S01013094,556,0,0,0,6,3
S01013095,691,5,8,0,0,0
S01013096,674,23,24,3,9,29
S01013097,962,10,15,4,0,0
S01013098,666,8,9,0,2,0
S01013099,855,10,11,2,1,5
S01013100,656,1,3,0,0,0
S01013101,846,10,8,5,0,4
S01013102,578,3,6,0,0,0
S01013103,883,8,12,0,2,1
S01013104,827,10,18,0,0,2
S01013105,893,7,23,0,0,0
S01013106,738,6,2,1,1,2
S01013107,1305,7,4,7,3,0
S01013108,654,0,2,3,0,4
S01013109,1299,10,11,1,1,3
S01013110,595,7,1,0,0,3
S01013111,360,4,3,0,0,0
S01013112,539,10,4,0,0,4
S01013113,781,4,6,0,0,1
S01013114,837,7,17,1,0,2
S01013115,570,4,8,2,2,6
S01013116,758,5,3,0,2,4
S01013117,556,11,4,1,1,0
S01013118,480,6,3,0,2,0
S01013119,741,8,4,1,0,1
S01013120,921,1,7,0,0,1
S01013121,352,2,5,0,0,3
S01013122,161,0,2,4,0,4
S01013123,961,9,14,3,0,9
S01013124,591,4,3,0,1,2
S01013125,744,4,6,2,0,9
S01013126,649,11,13,6,0,8
S01013127,759,40,18,9,4,4
S01013128,656,6,16,18,0,2
S01013129,1060,1,70,11,0,5
S01013130,636,9,47,48,1,38
S01013131,581,12,2,3,7,3
S01013132,524,2,4,0,2,1
S01013133,985,3,28,7,3,5
S01013134,715,2,15,3,0,7
S01013135,776,13,26,7,0,16
S01013136,805,14,13,3,1,4
S01013137,670,1,22,5,0,0
S01013138,917,15,29,21,2,21
S01013139,682,15,14,0,0,3
S01013140,620,10,16,5,0,7
S01013141,913,8,29,12,2,7
S01013142,866,6,17,8,0,1
S01013143,667,3,18,0,0,0
S01013144,836,3,0,0,0,0
S01013145,661,1,9,1,0,4
S01013146,471,2,4,0,0,0
S01013147,783,5,25,4,2,0
S01013148,647,0,21,2,0,0
S01013149,742,10,3,0,2,0
S01013150,757,3,25,3,0,0
S01013151,444,0,6,0,0,0
S01013152,851,8,8,0,0,0
S01013153,837,5,1,21,0,5
S01013154,829,4,6,14,0,10
S01013155,783,8,18,30,0,2
S01013156,703,17,17,11,0,1
S01013157,951,7,18,29,0,24
S01013158,703,3,0,1,0,0
S01013159,493,0,27,0,0,3
S01013160,811,3,2,0,2,1
S01013161,976,11,1,0,5,6
S01013162,759,1,4,0,0,3
S01013163,563,3,4,0,0,0
S01013164,884,4,8,27,0,10
S01013165,863,0,10,2,0,0
S01013166,693,8,18,15,0,14
S01013167,697,6,24,9,0,2
S01013168,840,10,9,2,0,1
S01013169,810,4,8,7,0,1
S01013170,384,3,4,0,0,0
S01013171,537,7,4,0,0,5
S01013172,666,5,2,2,2,4
S01013173,680,3,4,0,1,4
S01013174,685,4,0,0,0,4
S01013175,829,2,1,0,0,1
S01013176,570,4,1,2,0,0
S01013177,544,2,0,3,0,0
S01013178,636,0,0,1,1,0
S01013179,741,1,6,0,1,1
S01013180,382,0,8,0,0,0
S01013181,651,1,3,3,0,0
S01013182,664,0,10,0,0,5
S01013183,775,2,16,0,0,0
S01013184,327,0,6,0,0,8
S01013185,657,3,0,0,0,0
S01013186,640,8,6,6,1,0
S01013187,692,2,3,0,0,6
S01013188,1012,14,3,12,3,1
S01013189,434,1,5,0,0,1
S01013190,773,5,11,6,0,2
S01013191,1267,9,19,5,4,0
S01013192,744,7,29,0,1,1
S01013193,1130,4,6,11,0,4
S01013194,456,6,3,5,0,0
S01013195,1290,16,17,11,0,9
S01013196,545,4,12,0,0,4
S01013197,618,3,2,0,0,2
S01013198,1351,11,17,4,0,1
S01013199,860,6,50,0,0,4
S01013200,641,10,19,3,0,15
S01013201,783,22,4,6,1,0
S01013202,528,7,11,18,0,0
S01013203,646,6,7,2,0,1
S01013204,653,5,14,4,0,0
S01013205,620,9,7,4,0,0
S01013206,556,1,1,2,0,0
S01013207,1005,9,10,2,1,7
S01013208,849,1,11,1,0,1
S01013209,735,7,4,2,0,6
S01013210,626,2,8,0,0,1
S01013211,738,6,6,2,1,1
S01013212,488,5,3,5,2,2
S01013213,489,5,8,0,0,0
S01013214,365,1,0,0,0,0
S01013215,1468,10,9,1,0,10
S01013216,410,2,1,1,0,3
S01013217,662,0,1,0,0,2
S01013218,489,1,2,0,0,0
S01013219,429,0,0,0,0,0
S01013220,555,4,2,1,0,0
S01013221,836,6,11,0,0,1
S01013222,585,3,3,0,0,3
S01013223,975,7,9,1,0,3
S01013224,783,4,1,0,0,1
S01013225,744,6,4,2,2,3
S01013226,501,1,4,2,0,0
S01013227,652,0,4,0,0,2
S01013228,642,6,6,0,1,3
S01013229,708,4,4,0,0,0
S01013230,571,2,0,0,0,0
S01013231,588,5,2,1,0,1
S01013232,678,5,5,0,0,0
S01013233,584,8,8,1,1,2
S01013234,352,4,6,3,0,0
S01013235,677,0,2,1,0,3
S01013236,820,2,1,0,0,10
S01013237,711,10,2,1,0,1
S01013238,937,3,1,0,0,2
S01013239,792,4,2,8,0,6
S01013240,478,2,2,6,3,1
S01013241,779,3,1,0,0,2
S01013242,584,16,12,2,0,1
S01013243,595,2,5,3,0,4
S01013244,666,2,1,0,0,0
S01013245,882,11,21,5,0,4
S01013246,540,6,10,9,0,3
S01013247,710,5,7,1,0,0
S01013248,590,7,4,2,1,4
S01013249,412,0,0,4,0,0
S01013250,1177,17,42,26,0,12
S01013251,723,8,15,5,0,3
S01013252,434,0,14,1,0,4
S01013253,681,6,18,0,0,2
S01013254,576,5,3,6,0,4
S01013255,1330,0,21,11,0,4
S01013256,753,17,17,2,1,6
S01013257,712,0,7,0,0,3
S01013258,668,23,2,5,1,2
S01013259,762,8,3,0,0,4
S01013260,832,9,15,4,1,9
S01013261,795,3,5,0,0,2
S01013262,558,1,0,0,0,2
S01013263,445,1,7,13,0,0
S01013264,429,4,21,4,0,0
S01013265,506,7,84,9,0,11
S01013266,486,6,32,11,2,0
S01013267,524,5,5,2,2,5
S01013268,627,8,12,0,2,0
S01013269,1608,47,121,25,0,27
S01013270,696,17,25,4,0,15
S01013271,520,1,25,4,1,3
S01013272,685,3,42,3,4,2
S01013273,822,16,68,0,3,13
S01013274,661,3,39,6,0,8
S01013275,621,4,37,6,2,0
S01013276,524,5,10,15,0,1
S01013277,806,19,44,5,0,10
S01013278,879,9,26,0,0,6
S01013279,579,4,24,10,0,18
S01013280,602,3,18,1,0,1
S01013281,733,10,25,19,0,0
S01013282,707,18,57,1,6,3
S01013283,796,12,41,4,2,16
S01013284,580,2,13,2,0,4
S01013285,545,0,6,0,0,1
S01013286,568,4,8,4,0,0
S01013287,660,6,3,0,0,2
S01013288,623,14,5,0,1,5
S01013289,1144,11,90,15,2,4
S01013290,782,10,7,0,0,5
S01013291,636,9,2,5,0,1
S01013292,1439,15,55,23,0,4
S01013293,595,1,9,1,0,2
S01013294,539,10,13,0,1,6
S01013295,615,4,1,3,0,6
S01013296,638,5,6,0,0,4
S01013297,618,8,12,1,0,4
S01013298,2675,45,114,47,1,25
S01013299,970,14,17,8,2,2
S01013300,662,11,17,8,1,0
S01013301,495,1,4,0,2,1
S01013302,728,7,18,11,0,4
S01013303,776,13,3,11,0,1
S01013304,822,16,23,7,4,9
S01013305,696,6,29,11,0,6
S01013306,880,17,12,9,1,9
S01013307,881,5,16,24,0,3
S01013308,883,9,10,8,0,1
S01013309,726,10,105,14,0,15
S01013310,533,1,33,6,0,6
S01013311,770,15,30,3,0,4
S01013312,1022,21,20,10,2,3
S01013313,614,2,10,14,2,5
S01013314,663,5,5,1,0,0
S01013315,624,16,95,11,2,14
S01013316,566,6,18,0,0,3
S01013317,697,8,12,4,0,1
S01013318,525,9,45,2,0,6
S01013319,498,3,33,2,0,4
S01013320,833,9,67,2,0,11
S01013321,369,7,15,4,0,3
S01013322,719,8,36,10,2,1
S01013323,812,14,26,13,3,0
S01013324,570,1,35,2,0,2
S01013325,1025,18,26,4,0,6
S01013326,478,4,15,3,2,7
S01013327,610,7,37,11,3,4
S01013328,554,6,18,7,0,1
S01013329,542,3,16,7,0,1
S01013330,891,17,67,11,0,7
S01013331,486,3,92,5,0,5
S01013332,648,12,42,3,0,2
S01013333,724,7,30,21,0,7
S01013334,703,7,17,0,1,0
S01013335,735,11,23,18,1,11
S01013336,796,5,2,10,0,1
S01013337,752,13,81,7,1,4
S01013338,411,3,99,18,0,1
S01013339,493,6,11,0,0,1
S01013340,668,10,30,6,0,3
S01013341,868,21,77,13,0,14
S01013342,635,11,6,3,0,0
S01013343,586,4,19,1,0,1
S01013344,780,9,20,16,2,3
S01013345,724,16,17,2,7,8
S01013346,727,10,43,2,0,6
S01013347,649,11,25,11,0,3
S01013348,676,13,65,8,0,1
S01013349,604,6,116,18,1,12
S01013350,573,6,27,0,0,0
S01013351,591,5,12,10,0,8
S01013352,689,12,29,1,0,8
S01013353,697,9,17,0,0,6
S01013354,696,0,8,0,0,4
S01013355,587,0,8,0,0,0
S01013356,630,7,10,0,0,3
S01013357,1014,6,24,5,0,6
S01013358,791,5,7,1,0,0
S01013359,560,18,15,7,4,6
S01013360,659,12,1,1,0,4
S01013361,491,0,9,0,0,1
S01013362,416,2,1,16,0,4
S01013363,708,3,8,10,0,2
S01013364,900,0,11,7,0,2
S01013365,888,1,28,2,2,2
S01013366,778,3,13,0,9,0
S01013367,392,3,27,0,0,0
S01013368,733,2,10,2,0,2
S01013369,793,11,12,17,0,0
S01013370,662,8,4,3,0,18
S01013371,614,0,0,4,0,0
S01013372,1156,6,12,19,0,0
S01013373,837,5,1,6,0,0
S01013374,857,10,3,19,0,0
S01013375,425,2,0,0,0,0
S01013376,550,3,17,0,0,1
S01013377,763,5,1,0,0,1
S01013378,830,7,24,3,0,0
S01013379,649,7,4,10,0,0
S01013380,3095,27,94,92,0,15
S01013381,398,0,5,0,0,0
S01013382,500,6,22,0,0,4
S01013383,685,14,17,6,0,1
S01013384,825,8,8,1,0,0
S01013385,419,1,5,4,0,0
S01013386,698,6,10,0,0,0
S01013387,607,3,0,0,1,0
S01013388,712,5,7,4,1,0
S01013389,664,1,8,2,0,1
S01013390,415,0,1,1,0,1
S01013391,396,2,3,0,0,0
S01013392,782,13,10,10,0,2
S01013393,697,5,1,4,1,0
S01013394,600,5,10,1,2,1
S01013395,570,0,2,0,0,12
S01013396,665,12,8,2,1,3
S01013397,808,11,3,0,0,2
S01013398,522,10,8,3,2,1
S01013399,1050,15,24,25,2,0
S01013400,800,7,16,2,0,5
S01013401,3290,38,99,16,2,16
S01013402,1136,24,33,7,0,6
S01013403,866,7,46,3,1,4
S01013404,504,7,32,2,0,3
S01013405,547,6,6,0,0,1
S01013406,602,7,15,3,0,1
S01013407,522,3,0,3,1,0
S01013408,587,9,3,12,0,3
S01013409,872,17,30,13,2,6
S01013410,567,13,10,2,5,0
S01013411,673,11,12,14,0,6
S01013412,669,7,8,15,0,1
S01013413,736,13,5,9,0,0
S01013414,731,3,15,14,0,0
S01013415,580,7,29,2,0,0
S01013416,548,8,3,5,0,1
S01013417,736,11,13,6,1,1
S01013418,567,11,8,3,0,5
S01013419,402,0,3,0,0,0
S01013420,483,4,6,2,0,0
S01013421,714,3,3,14,1,1
S01013422,681,6,9,3,0,3
S01013423,821,4,6,3,4,4
S01013424,414,2,11,0,0,1
S01013425,306,3,7,0,0,0
S01013426,670,4,19,0,0,5
S01013427,530,4,17,2,2,7
S01013428,782,4,5,0,1,0
S01013429,713,2,2,0,1,0
S01013430,807,3,3,4,0,0
S01013431,663,3,4,3,0,2
S01013432,756,4,10,1,1,2
S01013433,726,17,7,0,0,4
S01013434,562,7,2,2,1,0
S01013435,554,7,5,0,2,2
S01013436,784,3,8,4,1,4
S01013437,581,15,15,4,2,4
S01013438,548,20,11,5,0,8
S01013439,821,10,17,0,0,0
S01013440,908,8,11,6,0,4
S01013441,730,12,11,1,2,1
S01013442,657,3,14,2,0,2
S01013443,594,15,15,0,1,3
S01013444,858,11,12,1,0,5
S01013445,617,9,0,0,2,0
S01013446,669,7,17,2,0,2
S01013447,536,2,5,1,0,0
S01013448,693,11,10,0,1,4
S01013449,571,0,11,0,0,0
S01013450,512,9,7,0,0,3
S01013451,734,4,15,0,0,5
S01013452,788,7,16,0,0,2
S01013453,729,5,12,0,1,3
S01013454,755,5,8,3,2,2
S01013455,1709,37,118,10,5,25
S01013456,720,7,5,0,0,0
S01013457,828,20,11,9,3,2
S01013458,1203,10,45,13,4,6
S01013459,728,9,24,13,1,6
S01013460,799,5,23,0,0,5
S01013461,971,22,44,18,0,12
S01013462,717,6,15,1,0,3
S01013463,971,3,20,29,1,2
S01013464,643,6,7,2,2,0
S01013465,588,2,5,0,0,0
S01013466,423,1,8,1,0,1
S01013467,846,6,21,23,2,7
S01013468,655,6,17,1,2,1
S01013469,702,3,5,2,0,2
S01013470,646,5,11,23,0,4
S01013471,847,5,3,3,0,3
S01013472,698,9,32,5,1,5
S01013473,547,9,73,12,3,6
S01013474,502,3,32,6,0,4
S01013475,547,11,7,6,0,0
S01013476,519,1,15,1,0,4
S01013477,530,4,11,1,0,4
S01013478,752,6,23,1,0,3
S01013479,644,7,13,5,5,2
S01013480,602,3,12,11,0,6
S01013481,839,9,101,42,0,3
,,,,,,
,,,,,,
Cells in this table have been randomly adjusted to avoid the release of confidential data.,,,,,,