Intermediate Zone - Data Zone 2011,Very good,Good,Fair,Bad,Very bad
S01006506,487,321,121,33,9
S01006507,364,236,134,19,7
S01006508,289,163,70,14,5
S01006509,277,177,81,20,6
S01006510,269,223,100,25,4
S01006511,368,216,84,24,4
S01006512,325,179,81,10,3
S01006513,671,278,100,72,6
S01006514,626,298,86,23,9
S01006515,480,199,46,10,1
S01006516,357,197,57,9,5
S01006517,1276,579,150,45,6
S01006518,422,162,47,8,3
S01006519,530,211,60,15,8
S01006520,450,195,30,8,2
S01006521,481,185,39,9,4
S01006522,473,167,42,6,1
S01006523,504,255,100,23,4
S01006524,526,293,144,64,13
S01006525,443,248,89,23,10
S01006526,411,268,132,58,12
S01006527,455,279,129,38,10
S01006528,542,398,145,59,9
S01006529,399,306,109,49,15
S01006530,343,219,117,45,8
S01006531,387,272,148,50,15
S01006532,340,196,92,26,8
S01006533,438,201,56,14,0
S01006534,519,259,80,14,6
S01006535,532,337,88,25,7
S01006536,380,253,77,21,7
S01006537,429,253,95,31,12
S01006538,306,178,46,19,4
S01006539,405,218,73,28,11
S01006540,481,280,72,24,6
S01006541,452,249,90,33,12
S01006542,597,330,103,30,7
S01006543,436,228,73,22,5
S01006544,582,336,105,40,10
S01006545,492,332,115,28,12
S01006546,321,185,57,12,0
S01006547,1374,605,208,63,26
S01006548,389,217,67,11,3
S01006549,519,252,80,11,4
S01006550,501,265,80,25,6
S01006551,216,174,99,33,7
S01006552,464,332,98,25,7
S01006553,324,283,132,39,16
S01006554,347,270,138,38,10
S01006555,185,119,70,42,9
S01006556,302,251,124,51,14
S01006557,314,242,123,55,18
S01006558,306,176,62,16,0
S01006559,299,154,56,8,3
S01006560,564,273,90,32,8
S01006561,459,241,63,15,1
S01006562,559,257,90,28,3
S01006563,459,254,88,35,7
S01006564,386,267,124,41,12
S01006565,339,254,101,28,10
S01006566,418,245,88,15,4
S01006567,297,234,110,40,12
S01006568,464,301,97,8,6
S01006569,266,152,46,13,4
S01006570,406,211,63,18,2
S01006571,620,283,77,27,5
S01006572,558,237,67,21,6
S01006573,494,170,35,8,1
S01006574,663,224,78,10,5
S01006575,558,236,67,13,4
S01006576,404,186,57,13,2
S01006577,458,205,64,9,3
S01006578,575,308,78,21,10
S01006579,437,274,79,26,2
S01006580,388,197,57,5,4
S01006581,502,247,71,16,7
S01006582,500,270,84,24,6
S01006583,508,276,66,20,3
S01006584,317,219,51,18,4
S01006585,418,258,109,36,7
S01006586,559,413,154,42,16
S01006587,293,218,67,25,2
S01006588,310,246,49,16,5
S01006589,308,208,71,19,4
S01006590,370,263,81,18,5
S01006591,385,202,66,11,4
S01006592,367,212,50,6,2
S01006593,336,200,59,14,2
S01006594,231,167,68,26,2
S01006595,482,286,66,10,4
S01006596,406,250,64,22,10
S01006597,227,146,50,15,2
S01006598,532,236,63,14,2
S01006599,330,260,124,59,13
S01006600,516,376,141,40,18
S01006601,444,289,125,27,12
S01006602,436,238,93,18,7
S01006603,231,240,135,37,8
S01006604,255,219,95,33,11
S01006605,282,216,108,50,14
S01006606,354,256,114,32,8
S01006607,408,286,106,40,9
S01006608,1441,719,187,50,17
S01006609,361,306,141,55,19
S01006610,175,160,85,30,14
S01006611,364,309,146,53,14
S01006612,327,253,111,41,13
S01006613,245,171,49,11,3
S01006614,378,168,45,12,5
S01006615,511,205,41,8,2
S01006616,336,225,60,15,3
S01006617,354,241,109,32,7
S01006618,165,173,67,14,6
S01006619,342,278,87,20,8
S01006620,326,259,117,38,14
S01006621,210,192,43,15,4
S01006622,297,214,58,16,2
S01006623,463,337,132,30,4
S01006624,383,346,146,41,10
S01006625,194,200,100,28,4
S01006626,158,194,84,43,10
S01006627,235,267,113,38,16
S01006628,293,273,143,50,6
S01006629,300,340,152,45,15
S01006630,274,217,129,48,17
S01006631,359,330,159,55,7
S01006632,233,210,132,50,11
S01006633,254,222,102,31,15
S01006634,219,198,94,25,6
S01006635,243,232,88,42,10
S01006636,311,308,131,48,6
S01006637,274,198,90,20,3
S01006638,328,236,130,46,7
S01006639,378,294,166,68,16
S01006640,507,320,76,19,7
S01006641,517,328,110,32,7
S01006642,656,521,151,36,1
S01006643,307,192,71,12,4
S01006644,567,378,88,29,4
S01006645,224,198,107,44,2
S01006646,541,400,91,28,6
S01006647,258,241,73,18,9
S01006648,666,432,134,45,8
S01006649,433,358,140,35,6
S01006650,348,221,75,16,9
S01006651,386,298,143,24,12
S01006652,527,348,77,25,5
S01006653,322,173,62,17,2
S01006654,291,257,151,37,13
S01006655,602,271,127,42,11
S01006656,444,293,105,32,9
S01006657,219,156,57,13,1
S01006658,693,492,158,64,15
S01006659,333,209,63,13,2
S01006660,252,183,48,14,0
S01006661,237,155,62,14,5
S01006662,349,238,76,34,7
S01006663,249,159,63,18,0
S01006664,229,155,34,13,5
S01006665,465,297,100,25,6
S01006666,428,343,195,68,19
S01006667,229,238,119,48,26
S01006668,450,255,91,23,10
S01006669,434,292,132,66,20
S01006670,648,476,146,55,13
S01006671,1061,708,173,29,19
S01006672,311,231,104,44,12
S01006673,322,254,105,51,16
S01006674,235,262,177,62,22
S01006675,331,292,97,52,10
S01006676,210,203,116,50,12
S01006677,432,369,142,42,17
S01006678,680,512,236,82,28
S01006679,234,202,98,24,3
S01006680,331,330,140,62,17
S01006681,298,280,161,70,22
S01006682,398,287,132,47,13
S01006683,365,313,132,44,9
S01006684,208,228,131,55,15
S01006685,207,170,111,37,11
S01006686,156,176,88,36,9
S01006687,286,240,126,44,21
S01006688,314,291,171,60,17
S01006689,676,307,89,21,2
S01006690,262,204,88,14,4
S01006691,318,216,75,23,2
S01006692,301,224,91,22,15
S01006693,460,351,147,51,7
S01006694,288,292,195,82,19
S01006695,306,239,107,33,9
S01006696,288,254,145,34,14
S01006697,322,260,121,37,19
S01006698,254,188,126,50,24
S01006699,192,134,51,12,3
S01006700,303,261,122,38,8
S01006701,226,232,110,29,13
S01006702,268,268,130,32,10
S01006703,217,200,109,41,12
S01006704,179,190,91,37,11
S01006705,316,270,126,57,22
S01006706,261,182,93,33,11
S01006707,188,157,66,33,11
S01006708,313,240,135,65,17
S01006709,359,265,156,70,14
S01006710,264,305,162,67,15
S01006711,300,278,151,75,26
S01006712,188,167,91,36,11
S01006713,323,346,169,55,13
S01006714,261,223,117,39,10
S01006715,242,204,89,29,8
S01006716,215,191,96,36,15
S01006717,358,293,164,64,24
S01006718,230,211,116,32,5
S01006719,404,324,143,54,14
S01006720,239,212,93,43,4
S01006721,331,233,124,40,20
S01006722,283,216,111,42,13
S01006723,234,216,103,41,13
S01006724,361,266,131,53,13
S01006725,259,233,94,42,8
S01006726,272,226,102,35,6
S01006727,403,374,214,81,31
S01006728,335,265,104,35,7
S01006729,398,355,185,95,23
S01006730,281,247,100,33,6
S01006731,175,170,92,50,13
S01006732,940,481,150,26,10
S01006733,548,240,52,14,3
S01006734,570,249,85,30,7
S01006735,244,194,61,10,7
S01006736,714,279,49,13,4
S01006737,935,444,124,42,8
S01006738,894,498,151,39,6
S01006739,985,577,160,44,18
S01006740,263,258,108,44,12
S01006741,247,206,137,40,16
S01006742,188,156,64,39,6
S01006743,395,314,109,33,8
S01006744,200,195,80,28,7
S01006745,367,273,181,45,16
S01006746,344,287,132,60,13
S01006747,603,372,126,36,9
S01006748,752,541,201,62,13
S01006749,344,324,146,40,16
S01006750,260,216,119,34,15
S01006751,190,133,46,21,6
S01006752,261,242,102,35,10
S01006753,414,350,111,32,10
S01006754,397,287,118,21,6
S01006755,419,211,76,12,5
S01006756,421,229,80,12,0
S01006757,382,258,117,30,7
S01006758,288,227,58,21,8
S01006759,277,167,48,18,1
S01006760,225,179,51,5,3
S01006761,259,257,97,22,6
S01006762,872,517,170,57,18
S01006763,476,274,69,5,1
S01006764,333,275,63,18,4
S01006765,298,189,55,9,4
S01006766,308,183,47,8,1
S01006767,314,209,80,22,8
S01006768,325,183,44,10,4
S01006769,391,322,117,36,12
S01006770,286,231,86,12,1
S01006771,216,123,35,12,3
S01006772,363,287,95,10,7
S01006773,432,280,160,42,4
S01006774,271,183,62,12,3
S01006775,468,303,106,41,9
S01006776,175,179,102,44,12
S01006777,266,232,66,15,11
S01006778,225,219,85,32,4
S01006779,206,185,90,40,5
S01006780,232,156,58,19,8
S01006781,273,207,83,21,8
S01006782,397,283,97,26,6
S01006783,195,180,79,13,6
S01006784,243,203,78,24,3
S01006785,274,164,56,11,2
S01006786,409,265,58,25,0
S01006787,293,191,77,27,12
S01006788,1350,623,169,50,14
S01006789,248,212,83,13,2
S01006790,309,307,166,38,5
S01006791,322,189,77,19,5
S01006792,240,142,36,11,2
S01006793,294,187,88,13,4
S01006794,261,198,79,16,7
S01006795,397,233,88,25,0
S01006796,547,319,86,13,4
S01006797,308,184,65,14,7
S01006798,324,212,64,15,2
S01006799,417,300,130,23,9
S01006800,527,248,58,14,5
S01006801,763,450,145,43,15
S01006802,439,229,78,30,5
S01006803,270,240,92,33,8
S01006804,401,224,96,21,3
S01006805,585,363,115,29,5
S01006806,585,351,145,29,4
S01006807,362,222,79,8,4
S01006808,410,228,62,8,4
S01006809,390,258,152,44,15
S01006810,428,288,130,39,13
S01006811,668,305,106,23,19
S01006812,506,282,74,28,4
S01006813,437,286,94,20,5
S01006814,440,236,75,8,1
S01006815,268,206,84,39,8
S01006816,289,199,84,31,10
S01006817,464,254,74,34,8
S01006818,436,260,76,20,3
S01006819,696,315,97,22,4
S01006820,384,229,70,15,3
S01006821,1202,519,116,40,4
S01006822,710,303,71,12,10
S01006823,326,206,100,24,7
S01006824,397,291,113,46,7
S01006825,361,247,80,24,6
S01006826,431,295,106,27,8
S01006827,388,248,109,30,11
S01006828,353,264,125,40,16
S01006829,284,95,22,2,1
S01006830,327,216,125,21,8
S01006831,234,155,60,15,3
S01006832,496,253,121,29,10
S01006833,256,139,57,10,3
S01006834,280,152,26,6,1
S01006835,306,261,161,44,19
S01006836,329,154,38,15,2
S01006837,264,175,65,18,5
S01006838,340,194,49,14,4
S01006839,355,308,112,18,7
S01006840,631,311,85,19,7
S01006841,426,237,92,30,4
S01006842,322,274,84,18,2
S01006843,390,245,84,18,2
S01006844,259,236,72,21,6
S01006845,443,298,83,15,2
S01006846,216,168,66,16,6
S01006847,303,219,83,30,4
S01006848,1095,451,153,27,6
S01006849,1422,536,120,29,7
S01006850,436,313,99,39,13
S01006851,317,245,113,40,11
S01006852,304,169,67,17,4
S01006853,649,243,62,12,3
S01006854,452,291,124,27,7
S01006855,526,223,71,17,4
S01006856,453,197,75,6,2
S01006857,721,371,103,24,9
S01006858,384,192,48,2,2
S01006859,535,301,87,14,5
S01006860,181,142,67,19,2
S01006861,387,136,32,6,2
S01006862,335,242,96,25,4
S01006863,314,219,83,12,4
S01006864,462,188,80,17,10
S01006865,488,320,126,30,11
S01006866,308,143,52,12,0
S01006867,350,196,90,13,5
S01006868,411,239,93,36,12
S01006869,284,142,53,15,0
S01006870,235,148,35,16,6
S01006871,364,184,82,24,6
S01006872,844,300,77,13,3
S01006873,506,311,164,57,19
S01006874,283,198,46,8,7
S01006875,332,237,103,31,11
S01006876,451,342,135,38,4
S01006877,474,334,95,16,5
S01006878,312,242,92,33,5
S01006879,374,231,101,36,7
S01006880,490,180,52,10,1
S01006881,296,196,54,18,4
S01006882,133,102,64,15,4
S01006883,181,163,54,18,6
S01006884,410,319,141,31,4
S01006885,666,332,108,26,6
S01006886,588,310,98,24,6
S01006887,429,216,59,24,4
S01006888,501,299,78,23,6
S01006889,318,245,143,34,7
S01006890,304,193,63,17,5
S01006891,477,330,144,24,8
S01006892,267,184,95,34,4
S01006893,228,172,59,12,6
S01006894,413,313,132,31,10
S01006895,265,211,82,16,1
S01006896,344,266,122,26,6
S01006897,311,228,69,24,8
S01006898,339,268,84,28,6
S01006899,277,199,62,7,3
S01006900,197,204,46,10,0
S01006901,241,171,98,21,17
S01006902,265,201,85,41,16
S01006903,372,305,136,26,8
S01006904,254,225,118,35,6
S01006905,397,298,113,32,7
S01006906,282,263,148,55,16
S01006907,337,225,95,26,4
S01006908,333,274,118,30,13
S01006909,778,328,82,16,6
S01006910,596,331,82,30,4
S01006911,520,197,36,9,3
S01006912,543,256,62,19,4
S01006913,1705,700,151,28,8
S01006914,397,219,55,10,4
S01006915,476,275,87,22,3
S01006916,315,140,46,8,3
S01006917,706,258,58,8,3
S01006918,278,136,55,12,1
S01006919,210,150,44,17,4
S01006920,216,141,61,20,0
S01006921,490,236,62,9,0
S01006922,435,221,57,4,5
S01006923,360,255,118,29,8
S01006924,293,180,62,7,2
S01006925,203,133,53,15,4
S01006926,480,195,52,16,2
S01006927,767,297,52,9,5
S01006928,638,345,109,29,5
S01006929,485,223,67,10,1
S01006930,463,265,75,12,5
S01006931,189,116,26,7,4
S01006932,802,311,69,14,8
S01006933,278,157,50,11,0
S01006934,732,315,113,41,12
S01006935,306,232,88,18,5
S01006936,284,197,79,8,5
S01006937,340,269,78,14,2
S01006938,201,132,66,23,3
S01006939,291,197,59,17,0
S01006940,430,303,92,23,3
S01006941,287,201,62,15,6
S01006942,509,298,66,23,8
S01006943,478,139,34,6,0
S01006944,755,301,60,27,4
S01006945,247,130,47,6,2
S01006946,387,198,72,9,4
S01006947,451,238,82,24,6
S01006948,476,297,103,27,12
S01006949,422,180,67,8,4
S01006950,509,193,68,19,4
S01006951,196,165,54,17,6
S01006952,437,311,100,30,7
S01006953,445,239,77,17,2
S01006954,462,294,103,21,10
S01006955,267,178,66,30,8
S01006956,622,276,89,15,7
S01006957,634,306,113,20,7
S01006958,687,474,167,25,18
S01006959,295,216,138,35,8
S01006960,643,248,48,10,5
S01006961,597,265,64,13,1
S01006962,363,295,123,21,6
S01006963,306,239,75,14,5
S01006964,328,228,108,19,5
S01006965,190,165,75,19,5
S01006966,269,186,70,25,9
S01006967,326,217,62,5,2
S01006968,182,153,65,12,6
S01006969,350,283,143,47,10
S01006970,381,194,67,13,0
S01006971,202,176,104,27,4
S01006972,451,202,63,11,3
S01006973,493,223,76,21,2
S01006974,512,294,120,28,0
S01006975,564,356,99,21,6
S01006976,268,133,45,7,6
S01006977,448,225,71,23,0
S01006978,489,341,120,38,10
S01006979,557,311,110,34,6
S01006980,488,303,78,15,8
S01006981,434,259,83,14,14
S01006982,500,279,103,28,6
S01006983,308,255,92,22,6
S01006984,597,265,72,22,7
S01006985,432,366,148,40,7
S01006986,435,234,75,29,5
S01006987,284,209,103,28,4
S01006988,268,172,40,9,2
S01006989,731,382,146,21,12
S01006990,542,229,59,16,4
S01006991,182,153,67,22,4
S01006992,318,212,66,13,5
S01006993,270,168,81,19,4
S01006994,254,220,55,18,7
S01006995,470,288,101,20,8
S01006996,530,292,94,30,8
S01006997,499,225,75,8,1
S01006998,739,426,148,33,13
S01006999,419,304,111,27,11
S01007000,463,326,134,31,8
S01007001,508,336,162,40,10
S01007002,312,228,105,34,7
S01007003,279,192,48,7,2
S01007004,397,272,85,21,5
S01007005,506,303,70,19,8
S01007006,373,295,133,36,11
S01007007,395,284,82,27,9
S01007008,417,369,160,46,10
S01007009,451,362,149,43,6
S01007010,313,277,131,36,11
S01007011,297,278,157,42,14
S01007012,304,190,136,33,5
S01007013,297,166,51,10,1
S01007014,623,304,99,22,6
S01007015,333,197,78,20,6
S01007016,307,173,76,14,5
S01007017,418,313,164,46,20
S01007018,365,314,112,32,8
S01007019,228,197,83,23,6
S01007020,262,216,120,40,11
S01007021,380,287,116,32,9
S01007022,206,160,60,25,6
S01007023,205,172,72,24,2
S01007024,473,345,126,44,9
S01007025,358,290,142,48,22
S01007026,370,300,140,42,17
S01007027,457,368,155,46,11
S01007028,633,378,133,38,9
S01007029,292,183,59,20,4
S01007030,342,296,114,30,11
S01007031,275,192,84,35,12
S01007032,344,317,202,61,12
S01007033,243,215,91,34,5
S01007034,222,183,80,22,12
S01007035,347,293,119,52,15
S01007036,375,305,157,52,4
S01007037,381,290,149,36,9
S01007038,265,228,88,23,12
S01007039,471,363,118,32,16
S01007040,260,196,111,22,7
S01007041,328,270,80,30,9
S01007042,355,264,98,32,13
S01007043,479,304,132,33,11
S01007044,296,231,82,23,13
S01007045,330,296,116,35,13
S01007046,212,209,84,44,10
S01007047,261,201,93,26,12
S01007048,393,266,110,33,12
S01007049,413,314,149,47,11
S01007050,277,249,106,34,4
S01007051,371,226,113,29,11
S01007052,552,320,107,19,12
S01007053,262,177,68,21,7
S01007054,404,340,135,67,19
S01007055,330,186,63,16,4
S01007056,329,215,108,34,6
S01007057,219,177,81,23,3
S01007058,213,180,103,29,4
S01007059,466,348,146,49,11
S01007060,207,172,82,26,10
S01007061,498,311,93,25,6
S01007062,360,231,75,23,5
S01007063,305,241,84,27,10
S01007064,590,278,94,29,1
S01007065,290,213,82,29,6
S01007066,421,306,103,30,11
S01007067,165,198,77,24,5
S01007068,306,205,116,33,9
S01007069,423,263,102,34,14
S01007070,199,167,78,47,0
S01007071,330,286,120,36,6
S01007072,333,208,76,15,3
S01007073,468,357,209,42,10
S01007074,229,230,91,25,5
S01007075,300,249,105,32,6
S01007076,291,233,108,30,6
S01007077,291,267,113,29,9
S01007078,322,252,120,32,13
S01007079,355,295,171,56,18
S01007080,298,270,138,43,12
S01007081,291,258,124,39,17
S01007082,185,177,82,42,14
S01007083,362,398,167,54,26
S01007084,188,218,117,40,10
S01007085,384,321,145,48,5
S01007086,395,416,216,71,17
S01007087,319,298,207,74,28
S01007088,182,182,109,47,11
S01007089,235,165,60,10,6
S01007090,176,182,54,19,2
S01007091,455,250,90,31,11
S01007092,170,197,118,43,16
S01007093,372,305,134,46,8
S01007094,405,308,113,28,11
S01007095,253,207,70,19,8
S01007096,522,291,91,21,4
S01007097,1434,726,167,33,5
S01007098,704,331,81,26,3
S01007099,467,268,90,39,5
S01007100,342,255,107,24,10
S01007101,319,264,130,59,28
S01007102,318,258,90,33,4
S01007103,403,254,119,35,8
S01007104,304,187,61,18,9
S01007105,251,157,73,26,8
S01007106,268,206,103,43,12
S01007107,385,253,81,24,5
S01007108,775,395,133,35,6
S01007109,354,268,144,50,13
S01007110,360,242,116,39,10
S01007111,219,157,77,23,7
S01007112,248,162,76,21,7
S01007113,258,173,98,22,6
S01007114,374,303,133,28,9
S01007115,299,193,97,44,7
S01007116,518,268,85,9,4
S01007117,247,120,50,10,3
S01007118,268,203,104,38,12
S01007119,258,220,125,44,10
S01007120,401,333,182,69,21
S01007121,163,161,128,42,15
S01007122,237,189,94,22,9
S01007123,301,251,109,47,8
S01007124,359,291,126,47,12
S01007125,328,276,147,50,9
S01007126,357,324,151,74,25
S01007127,327,304,177,71,29
S01007128,253,250,161,59,17
S01007129,558,267,65,22,6
S01007130,262,198,60,24,9
S01007131,405,223,74,36,7
S01007132,311,207,91,25,16
S01007133,309,159,82,29,6
S01007134,279,223,98,35,5
S01007135,282,149,50,16,4
S01007136,372,178,53,10,5
S01007137,491,185,51,8,1
S01007138,314,180,83,22,4
S01007139,349,238,93,27,19
S01007140,652,309,136,34,13
S01007141,705,351,104,26,7
S01007142,721,259,100,19,2
S01007143,413,150,46,4,2
S01007144,353,326,154,61,16
S01007145,415,332,137,50,15
S01007146,400,206,93,25,5
S01007147,307,256,72,35,7
S01007148,250,160,52,10,1
S01007149,223,178,76,25,7
S01007150,326,280,131,33,12
S01007151,694,341,119,25,10
S01007152,265,150,83,25,4
S01007153,333,214,80,27,8
S01007154,265,242,145,53,20
S01007155,313,187,90,22,11
S01007156,328,241,84,39,8
S01007157,293,197,84,34,7
S01007158,436,278,122,27,12
S01007159,539,392,165,56,20
S01007160,335,294,120,48,19
S01007161,341,240,106,26,17
S01007162,210,160,89,28,15
S01007163,408,299,138,45,19
S01007164,227,212,69,32,16
S01007165,369,272,103,46,10
S01007166,306,207,95,26,8
S01007167,373,260,100,21,1
S01007168,443,301,114,25,6
S01007169,367,222,96,19,6
S01007170,367,236,80,23,4
S01007171,671,413,117,29,11
S01007172,423,361,136,50,17
S01007173,428,278,78,36,5
S01007174,521,299,113,30,17
S01007175,351,227,72,26,2
S01007176,295,236,84,28,8
S01007177,224,190,107,21,11
S01007178,316,229,129,61,12
S01007179,376,287,119,52,20
S01007180,380,261,114,19,4
S01007181,302,240,96,39,15
S01007182,426,305,140,35,15
S01007183,404,402,161,65,12
S01007184,381,348,161,61,19
S01007185,340,260,147,55,18
S01007186,212,177,111,44,11
S01007187,243,240,156,57,11
S01007188,244,214,70,39,11
S01007189,287,305,153,55,28
S01007190,278,290,158,54,16
S01007191,215,153,77,27,5
S01007192,583,373,149,44,15
S01007193,311,221,92,49,9
S01007194,183,191,79,34,10
S01007195,240,179,103,39,10
S01007196,499,242,116,57,11
S01007197,231,194,109,38,15
S01007198,202,174,71,28,18
S01007199,297,213,114,54,21
S01007200,346,299,124,47,16
S01007201,282,215,124,49,14
S01007202,264,248,125,49,13
S01007203,207,154,65,21,11
S01007204,433,315,131,43,14
S01007205,332,228,66,23,5
S01007206,143,106,70,16,5
S01007207,375,292,124,38,10
S01007208,403,323,202,56,26
S01007209,268,233,139,46,11
S01007210,249,242,100,38,6
S01007211,342,365,159,72,21
S01007212,182,135,57,18,7
S01007213,394,263,103,45,7
S01007214,202,248,151,52,14
S01007215,210,197,98,45,10
S01007216,407,289,99,35,7
S01007217,407,304,127,54,16
S01007218,411,265,107,31,10
S01007219,286,249,114,35,9
S01007220,318,278,107,40,7
S01007221,519,300,112,38,10
S01007222,272,241,102,24,11
S01007223,317,171,61,6,2
S01007224,317,172,68,29,9
S01007225,426,273,97,32,13
S01007226,337,255,107,32,12
S01007227,420,312,124,46,12
S01007228,267,173,87,22,11
S01007229,576,369,143,41,9
S01007230,320,252,111,40,5
S01007231,250,258,114,45,3
S01007232,272,234,141,54,14
S01007233,276,219,103,44,8
S01007234,275,207,99,29,5
S01007235,328,282,153,42,3
S01007236,304,198,92,28,7
S01007237,243,232,99,32,3
S01007238,317,310,118,35,17
S01007239,458,324,144,37,11
S01007240,275,214,75,27,12
S01007241,306,205,65,24,10
S01007242,465,331,138,29,12
S01007243,308,217,84,32,3
S01007244,332,226,107,31,4
S01007245,296,215,114,39,13
S01007246,385,298,105,39,12
S01007247,315,225,100,34,6
S01007248,369,240,99,14,2
S01007249,222,172,75,18,8
S01007250,315,246,121,27,12
S01007251,210,141,89,32,6
S01007252,311,249,107,28,9
S01007253,621,429,171,56,12
S01007254,249,229,131,47,17
S01007255,274,267,146,57,14
S01007256,297,278,146,52,23
S01007257,216,197,92,34,5
S01007258,351,235,107,37,7
S01007259,322,312,167,60,17
S01007260,305,275,129,49,17
S01007261,383,258,110,21,10
S01007262,284,253,104,40,11
S01007263,274,240,126,30,7
S01007264,299,247,105,33,14
S01007265,388,312,195,69,17
S01007266,289,203,103,37,14
S01007267,300,172,69,18,4
S01007268,269,214,92,27,10
S01007269,168,143,45,13,10
S01007270,269,176,70,28,8
S01007271,374,345,142,46,24
S01007272,347,286,133,71,15
S01007273,265,239,82,27,10
S01007274,326,240,131,55,17
S01007275,238,206,92,32,9
S01007276,459,287,127,48,6
S01007277,360,249,82,23,9
S01007278,264,156,61,13,10
S01007279,300,201,58,16,10
S01007280,288,176,83,18,3
S01007281,423,275,96,31,6
S01007282,266,186,61,21,4
S01007283,398,293,155,45,16
S01007284,447,268,116,29,9
S01007285,462,309,136,28,8
S01007286,524,349,124,42,9
S01007287,316,211,82,23,5
S01007288,314,194,101,20,3
S01007289,469,253,75,20,9
S01007290,574,276,97,49,15
S01007291,272,178,101,52,13
S01007292,350,191,90,19,8
S01007293,309,204,110,36,6
S01007294,442,286,117,35,15
S01007295,156,116,90,30,19
S01007296,203,177,109,39,11
S01007297,446,265,80,29,9
S01007298,239,148,84,25,10
S01007299,327,247,84,31,15
S01007300,194,130,80,23,6
S01007301,621,415,164,52,8
S01007302,247,178,93,36,11
S01007303,563,291,133,32,20
S01007304,386,205,117,12,12
S01007305,361,267,75,25,9
S01007306,367,265,125,30,6
S01007307,478,284,106,23,9
S01007308,407,263,99,47,9
S01007309,325,269,117,19,9
S01007310,347,291,137,41,4
S01007311,358,235,131,37,7
S01007312,328,256,112,28,9
S01007313,525,365,114,34,9
S01007314,356,182,72,30,7
S01007315,339,243,132,36,2
S01007316,328,283,155,60,14
S01007317,419,261,109,40,12
S01007318,256,166,86,35,8
S01007319,307,250,100,33,11
S01007320,380,240,101,30,11
S01007321,303,224,90,28,9
S01007322,306,238,117,22,4
S01007323,229,111,68,20,6
S01007324,176,137,51,16,1
S01007325,362,312,107,27,15
S01007326,490,319,124,41,17
S01007327,312,216,112,38,11
S01007328,266,250,116,31,7
S01007329,344,230,159,37,23
S01007330,306,240,136,45,19
S01007331,509,332,144,52,15
S01007332,256,142,72,23,11
S01007333,335,204,96,18,4
S01007334,188,183,106,57,17
S01007335,357,254,124,44,10
S01007336,168,174,95,54,14
S01007337,251,195,124,38,9
S01007338,356,205,96,30,8
S01007339,273,206,101,24,10
S01007340,199,163,94,32,12
S01007341,291,196,142,39,14
S01007342,295,256,126,39,15
S01007343,311,210,108,37,12
S01007344,154,137,69,24,10
S01007345,185,158,96,55,13
S01007346,128,154,138,61,12
S01007347,219,164,139,63,10
S01007348,207,153,122,52,15
S01007349,194,132,69,23,5
S01007350,178,162,119,42,12
S01007351,348,240,108,24,12
S01007352,276,167,95,20,4
S01007353,264,244,116,38,9
S01007354,280,225,154,52,16
S01007355,439,352,170,65,20
S01007356,262,216,111,44,22
S01007357,310,235,114,46,6
S01007358,401,262,111,34,11
S01007359,366,262,149,59,24
S01007360,199,183,90,34,8
S01007361,419,291,165,46,16
S01007362,281,218,152,54,23
S01007363,237,224,113,56,15
S01007364,294,272,131,66,22
S01007365,188,140,96,18,14
S01007366,184,149,96,44,14
S01007367,185,163,103,29,11
S01007368,249,154,90,46,9
S01007369,296,217,117,40,20
S01007370,254,221,116,49,11
S01007371,296,196,81,39,21
S01007372,326,268,181,64,19
S01007373,237,197,76,23,7
S01007374,203,145,61,30,13
S01007375,178,137,59,18,9
S01007376,303,256,129,65,21
S01007377,303,177,83,28,4
S01007378,449,218,70,10,6
S01007379,284,181,78,45,10
S01007380,288,151,67,32,12
S01007381,317,160,58,28,6
S01007382,332,192,77,21,13
S01007383,354,215,107,27,6
S01007384,463,215,90,31,5
S01007385,369,291,128,36,7
S01007386,391,272,83,19,5
S01007387,426,211,90,22,9
S01007388,318,178,64,15,6
S01007389,297,195,41,16,7
S01007390,313,118,46,17,10
S01007391,273,168,53,9,4
S01007392,220,120,73,25,6
S01007393,363,218,115,66,16
S01007394,283,202,104,32,8
S01007395,351,279,185,57,17
S01007396,247,237,109,56,16
S01007397,406,300,153,44,14
S01007398,277,193,96,49,13
S01007399,251,176,91,42,12
S01007400,262,238,112,35,9
S01007401,346,244,102,27,8
S01007402,288,184,90,16,4
S01007403,709,364,102,33,8
S01007404,301,160,63,12,5
S01007405,344,189,50,18,6
S01007406,355,204,76,27,12
S01007407,348,176,79,21,9
S01007408,236,190,61,33,4
S01007409,291,227,120,47,22
S01007410,289,177,127,60,14
S01007411,349,241,146,67,33
S01007412,172,148,74,21,12
S01007413,440,298,100,32,12
S01007414,364,226,63,25,3
S01007415,350,260,187,76,16
S01007416,234,160,90,51,13
S01007417,545,293,110,29,10
S01007418,253,187,126,56,17
S01007419,411,264,134,63,10
S01007420,586,523,276,83,19
S01007421,352,189,86,35,7
S01007422,270,196,83,39,12
S01007423,404,252,101,30,9
S01007424,390,239,103,28,6
S01007425,358,301,131,32,20
S01007426,390,274,131,42,19
S01007427,231,177,115,46,16
S01007428,319,288,144,61,24
S01007429,439,276,113,39,8
S01007430,163,136,61,19,10
S01007431,206,158,50,17,10
S01007432,402,280,152,56,15
S01007433,517,313,138,63,16
S01007434,184,151,75,33,9
S01007435,281,220,100,33,14
S01007436,248,197,117,50,15
S01007437,161,141,65,23,11
S01007438,238,201,117,43,10
S01007439,276,207,130,37,11
S01007440,262,213,81,48,17
S01007441,210,176,74,14,1
S01007442,184,174,56,12,6
S01007443,500,250,110,31,17
S01007444,602,301,110,50,10
S01007445,392,169,58,10,4
S01007446,274,143,37,7,2
S01007447,276,135,58,16,6
S01007448,429,315,150,47,15
S01007449,340,316,142,67,18
S01007450,266,212,121,59,13
S01007451,213,202,92,48,14
S01007452,667,433,135,40,17
S01007453,483,242,60,16,5
S01007454,250,178,70,44,10
S01007455,343,277,121,75,18
S01007456,325,244,140,60,18
S01007457,415,305,180,59,17
S01007458,206,185,66,17,9
S01007459,238,194,118,29,10
S01007460,268,263,159,77,19
S01007461,222,209,117,63,20
S01007462,299,277,101,35,10
S01007463,441,310,189,92,17
S01007464,253,202,133,49,15
S01007465,291,218,137,82,18
S01007466,306,310,217,80,21
S01007467,369,297,189,71,22
S01007468,229,196,86,40,6
S01007469,439,287,110,37,11
S01007470,239,228,110,54,19
S01007471,195,151,55,18,5
S01007472,249,181,108,34,8
S01007473,171,129,65,32,14
S01007474,239,163,67,18,4
S01007475,438,225,98,25,11
S01007476,364,258,81,40,4
S01007477,231,158,72,19,9
S01007478,445,284,136,48,15
S01007479,259,193,92,24,2
S01007480,323,242,86,28,8
S01007481,403,309,139,43,23
S01007482,171,117,101,31,15
S01007483,304,191,108,38,7
S01007484,219,133,87,26,11
S01007485,122,78,74,37,11
S01007486,315,200,109,46,23
S01007487,254,203,131,76,19
S01007488,417,299,158,63,13
S01007489,318,260,141,55,14
S01007490,407,265,159,71,22
S01007491,587,296,176,69,16
S01007492,219,178,96,41,10
S01007493,286,246,125,44,18
S01007494,201,182,89,38,7
S01007495,370,232,115,31,11
S01007496,318,261,144,46,19
S01007497,293,173,105,35,12
S01007498,278,231,126,57,20
S01007499,371,257,141,56,23
S01007500,195,172,119,46,13
S01007501,233,262,122,49,13
S01007502,175,135,71,25,18
S01007503,379,325,154,58,20
S01007504,217,228,105,40,11
S01007505,159,109,71,23,7
S01007506,256,166,86,36,7
S01007507,334,282,156,64,20
S01007508,245,230,129,40,14
S01007509,250,193,102,35,15
S01007510,410,298,176,66,30
S01007511,254,217,158,71,22
S01007512,209,143,90,38,4
S01007513,394,279,167,76,16
S01007514,229,179,82,28,10
S01007515,351,205,91,34,8
S01007516,258,177,96,32,13
S01007517,132,167,116,45,8
S01007518,311,234,134,59,17
S01007519,140,128,77,26,2
S01007520,424,315,176,63,23
S01007521,245,141,57,18,4
S01007522,407,342,170,74,25
S01007523,283,200,72,14,3
S01007524,442,295,129,33,8
S01007525,271,207,86,34,13
S01007526,247,225,145,40,10
S01007527,342,294,134,50,9
S01007528,250,228,116,39,16
S01007529,248,216,105,30,10
S01007530,269,170,88,21,3
S01007531,301,205,77,30,6
S01007532,283,149,60,19,11
S01007533,189,120,65,19,10
S01007534,401,283,150,75,10
S01007535,397,328,165,68,19
S01007536,423,307,135,42,12
S01007537,437,356,187,55,17
S01007538,410,291,129,34,7
S01007539,291,213,101,31,7
S01007540,362,273,173,55,23
S01007541,301,285,151,38,13
S01007542,329,296,141,49,19
S01007543,427,316,161,57,21
S01007544,455,350,160,52,11
S01007545,386,251,108,32,4
S01007546,244,181,64,19,5
S01007547,267,229,85,34,11
S01007548,293,235,84,41,11
S01007549,338,237,112,27,11
S01007550,392,286,142,64,23
S01007551,330,226,116,40,14
S01007552,352,293,184,65,19
S01007553,304,224,161,69,29
S01007554,118,138,109,49,9
S01007555,219,186,94,39,13
S01007556,183,141,90,35,11
S01007557,512,283,150,70,29
S01007558,183,137,77,19,9
S01007559,352,200,84,27,6
S01007560,375,305,158,84,20
S01007561,278,237,150,46,14
S01007562,360,252,108,46,14
S01007563,343,245,118,31,16
S01007564,312,238,109,25,12
S01007565,457,343,135,50,18
S01007566,291,182,83,39,8
S01007567,262,185,74,25,4
S01007568,297,227,81,31,5
S01007569,350,278,129,47,9
S01007570,492,346,138,37,13
S01007571,232,181,74,28,7
S01007572,508,294,186,70,18
S01007573,550,287,58,14,3
S01007574,367,304,166,53,10
S01007575,222,180,161,58,18
S01007576,191,169,116,53,9
S01007577,303,211,106,61,26
S01007578,239,226,153,51,25
S01007579,231,189,106,52,13
S01007580,347,217,141,49,16
S01007581,214,157,94,40,13
S01007582,235,206,126,65,14
S01007583,322,322,212,92,28
S01007584,270,200,100,39,8
S01007585,437,307,154,47,20
S01007586,314,261,122,42,8
S01007587,300,274,164,31,19
S01007588,404,286,109,24,5
S01007589,281,266,109,37,4
S01007590,319,203,78,26,4
S01007591,259,152,90,29,14
S01007592,237,202,120,50,9
S01007593,480,325,179,53,19
S01007594,362,256,131,46,12
S01007595,446,368,132,46,12
S01007596,163,137,87,37,5
S01007597,249,199,85,21,9
S01007598,274,193,84,39,16
S01007599,428,276,135,54,14
S01007600,389,289,180,70,24
S01007601,285,221,94,20,0
S01007602,288,190,89,17,6
S01007603,408,217,96,13,9
S01007604,365,276,123,23,10
S01007605,379,248,103,27,11
S01007606,282,187,98,31,5
S01007607,294,175,87,23,13
S01007608,380,274,112,17,7
S01007609,421,280,174,43,15
S01007610,224,151,126,43,7
S01007611,294,272,221,84,21
S01007612,498,382,260,87,22
S01007613,318,223,92,24,8
S01007614,452,286,103,24,8
S01007615,454,305,126,51,25
S01007616,261,226,121,49,14
S01007617,176,150,92,32,8
S01007618,201,149,81,35,12
S01007619,272,225,108,46,13
S01007620,253,179,91,29,7
S01007621,284,183,85,21,16
S01007622,230,157,79,34,14
S01007623,271,190,77,25,7
S01007624,275,191,84,27,4
S01007625,210,165,66,22,3
S01007626,352,168,55,17,4
S01007627,1302,602,136,40,13
S01007628,286,208,99,23,10
S01007629,325,208,94,24,12
S01007630,418,285,121,31,10
S01007631,279,204,83,22,7
S01007632,394,297,144,67,14
S01007633,419,355,156,61,21
S01007634,341,227,79,26,12
S01007635,290,266,152,30,11
S01007636,441,289,189,67,24
S01007637,452,297,118,50,10
S01007638,321,254,170,44,12
S01007639,428,270,162,52,13
S01007640,326,199,107,36,13
S01007641,394,285,136,41,8
S01007642,362,286,133,52,12
S01007643,389,276,148,36,9
S01007644,326,275,126,47,16
S01007645,226,151,78,29,9
S01007646,246,177,75,33,9
S01007647,313,210,108,33,8
S01007648,332,245,93,44,8
S01007649,332,267,118,60,14
S01007650,371,298,135,50,6
S01007651,262,173,80,25,12
S01007652,243,180,117,27,16
S01007653,363,228,155,44,12
S01007654,452,379,190,73,31
S01007655,350,237,109,32,5
S01007656,383,231,97,42,15
S01007657,188,127,63,20,4
S01007658,203,139,77,23,8
S01007659,352,277,138,44,22
S01007660,316,240,154,70,25
S01007661,314,218,114,43,15
S01007662,334,281,165,46,32
S01007663,345,262,121,42,16
S01007664,173,184,117,45,8
S01007665,334,229,98,26,15
S01007666,166,136,77,13,6
S01007667,302,188,111,26,7
S01007668,369,301,191,81,36
S01007669,263,177,79,41,12
S01007670,274,211,121,38,14
S01007671,442,259,125,56,24
S01007672,415,279,147,34,12
S01007673,251,203,96,31,4
S01007674,287,243,129,54,8
S01007675,266,224,109,32,8
S01007676,282,203,92,28,6
S01007677,402,241,102,38,19
S01007678,252,248,128,45,22
S01007679,251,240,168,57,24
S01007680,323,283,117,32,11
S01007681,141,109,71,32,6
S01007682,483,239,106,28,11
S01007683,448,176,65,11,7
S01007684,432,234,85,26,6
S01007685,509,226,82,23,3
S01007686,370,201,78,23,2
S01007687,498,254,87,18,4
S01007688,544,311,121,31,7
S01007689,274,160,88,23,9
S01007690,515,362,121,43,10
S01007691,1687,1211,365,62,28
S01007692,460,259,87,33,8
S01007693,633,385,108,32,13
S01007694,565,365,135,40,7
S01007695,388,291,145,58,20
S01007696,371,279,103,39,9
S01007697,468,324,141,57,16
S01007698,453,370,160,52,14
S01007699,412,222,92,41,10
S01007700,506,305,101,38,4
S01007701,254,196,71,43,14
S01007702,477,396,115,23,2
S01007703,389,266,98,40,13
S01007704,405,316,131,57,19
S01007705,489,321,94,16,2
S01007706,526,286,93,17,5
S01007707,636,360,91,25,4
S01007708,277,233,110,47,22
S01007709,210,219,106,43,6
S01007710,358,284,116,47,15
S01007711,469,376,176,90,19
S01007712,281,252,118,44,11
S01007713,192,175,76,39,17
S01007714,283,252,93,38,20
S01007715,382,276,137,48,17
S01007716,338,310,191,115,35
S01007717,285,221,114,52,12
S01007718,221,243,160,63,18
S01007719,288,280,164,83,27
S01007720,276,274,154,57,16
S01007721,320,315,149,69,21
S01007722,424,352,209,75,32
S01007723,281,292,203,92,31
S01007724,215,223,93,52,7
S01007725,262,245,128,62,20
S01007726,322,313,125,58,23
S01007727,414,336,178,67,27
S01007728,444,348,131,53,11
S01007729,401,301,124,59,18
S01007730,254,215,112,16,2
S01007731,327,263,133,44,6
S01007732,295,222,100,31,12
S01007733,520,263,116,20,10
S01007734,413,263,102,39,11
S01007735,369,275,103,29,6
S01007736,265,183,91,22,11
S01007737,401,319,153,63,27
S01007738,319,253,125,42,9
S01007739,139,142,117,41,6
S01007740,219,195,69,25,7
S01007741,215,203,122,58,14
S01007742,273,241,102,49,19
S01007743,345,289,123,54,17
S01007744,288,197,135,80,8
S01007745,192,192,119,69,19
S01007746,324,245,137,52,18
S01007747,157,141,86,37,19
S01007748,243,199,107,70,17
S01007749,334,214,79,25,9
S01007750,432,259,97,31,7
S01007751,332,262,107,33,10
S01007752,295,268,128,27,15
S01007753,215,156,84,38,15
S01007754,354,274,148,68,26
S01007755,262,226,124,60,28
S01007756,191,186,112,37,11
S01007757,416,273,103,21,10
S01007758,443,282,127,32,8
S01007759,382,302,154,49,12
S01007760,353,180,57,19,4
S01007761,473,305,91,15,8
S01007762,321,263,134,47,11
S01007763,220,152,116,47,13
S01007764,370,217,80,22,7
S01007765,332,217,75,15,7
S01007766,457,249,113,24,5
S01007767,422,258,123,33,14
S01007768,302,220,89,35,16
S01007769,358,239,86,30,5
S01007770,381,185,91,29,10
S01007771,307,163,78,15,5
S01007772,368,272,166,80,18
S01007773,363,225,78,25,4
S01007774,663,226,58,10,1
S01007775,424,305,96,21,3
S01007776,414,187,61,11,4
S01007777,781,279,72,18,6
S01007778,527,146,53,9,3
S01007779,305,271,112,37,10
S01007780,385,266,102,33,10
S01007781,511,297,92,34,16
S01007782,326,202,86,46,6
S01007783,319,273,180,85,26
S01007784,285,224,93,31,10
S01007785,185,163,106,58,16
S01007786,257,218,123,54,11
S01007787,272,228,98,36,14
S01007788,295,248,98,58,24
S01007789,263,167,107,51,22
S01007790,313,238,139,52,20
S01007791,390,158,56,16,5
S01007792,329,288,145,64,19
S01007793,393,289,186,68,24
S01007794,236,192,84,51,6
S01007795,351,220,100,42,6
S01007796,321,241,78,38,12
S01007797,363,201,107,37,17
S01007798,396,176,56,10,6
S01007799,390,160,34,15,4
S01007800,345,268,215,83,32
S01007801,416,344,204,105,41
S01007802,249,183,58,21,4
S01007803,337,267,170,107,43
S01007804,271,185,105,45,19
S01007805,252,168,87,47,7
S01007806,302,231,113,39,11
S01007807,432,236,108,25,10
S01007808,377,309,123,47,19
S01007809,395,293,117,34,10
S01007810,396,278,164,68,26
S01007811,570,357,164,56,18
S01007812,377,297,162,89,23
S01007813,310,236,134,60,9
S01007814,264,165,79,38,12
S01007815,338,305,146,45,9
S01007816,280,186,78,19,3
S01007817,197,127,68,33,10
S01007818,338,220,75,35,12
S01007819,400,283,132,35,14
S01007820,401,301,141,59,21
S01007821,202,179,72,27,11
S01007822,289,241,123,55,21
S01007823,281,200,87,21,6
S01007824,375,287,112,36,13
S01007825,402,303,137,51,17
S01007826,350,182,119,54,25
S01007827,266,156,59,36,11
S01007828,352,288,214,69,29
S01007829,177,160,103,36,10
S01007830,315,294,165,60,28
S01007831,395,295,186,74,27
S01007832,206,171,105,43,20
S01007833,260,269,147,89,28
S01007834,319,248,97,41,17
S01007835,324,208,91,32,8
S01007836,264,177,94,20,11
S01007837,360,233,84,25,12
S01007838,555,349,107,27,8
S01007839,238,178,115,42,20
S01007840,309,276,131,53,17
S01007841,317,216,92,38,12
S01007842,340,213,110,51,14
S01007843,288,218,122,30,13
S01007844,288,248,126,66,15
S01007845,330,233,138,57,24
S01007846,351,251,110,41,17
S01007847,341,256,133,78,27
S01007848,272,225,132,94,24
S01007849,436,333,195,62,14
S01007850,295,208,140,62,24
S01007851,367,289,163,83,19
S01007852,265,180,101,42,7
S01007853,335,229,146,84,24
S01007854,428,311,140,61,19
S01007855,195,176,86,45,10
S01007856,491,306,130,41,21
S01007857,174,172,83,42,15
S01007858,384,292,207,108,36
S01007859,298,172,116,46,19
S01007860,345,213,96,41,11
S01007861,254,193,111,47,13
S01007862,294,223,121,44,11
S01007863,391,262,164,55,19
S01007864,389,317,127,61,21
S01007865,636,259,63,11,5
S01007866,311,170,37,13,5
S01007867,1087,368,67,18,10
S01007868,385,292,90,24,7
S01007869,490,284,137,40,9
S01007870,125,99,75,26,13
S01007871,239,202,119,48,24
S01007872,245,180,131,73,34
S01007873,213,179,131,76,18
S01007874,237,209,145,59,22
S01007875,335,234,98,49,12
S01007876,367,280,155,47,20
S01007877,262,212,151,67,21
S01007878,154,131,110,49,13
S01007879,327,248,133,61,23
S01007880,232,162,75,23,4
S01007881,236,144,105,38,23
S01007882,370,230,92,23,6
S01007883,452,324,142,53,20
S01007884,259,173,103,58,9
S01007885,253,192,154,60,22
S01007886,332,266,155,74,10
S01007887,274,182,79,29,6
S01007888,461,271,190,73,24
S01007889,211,105,83,34,11
S01007890,290,225,116,37,14
S01007891,442,272,159,56,15
S01007892,258,229,123,37,13
S01007893,391,309,148,58,15
S01007894,395,292,125,40,13
S01007895,286,178,70,38,8
S01007896,262,227,119,56,15
S01007897,200,97,48,19,8
S01007898,190,163,64,16,9
S01007899,314,170,80,19,8
S01007900,259,194,75,34,19
S01007901,220,218,113,46,11
S01007902,288,230,169,68,39
S01007903,177,167,122,56,12
S01007904,362,256,108,24,14
S01007905,235,188,127,54,16
S01007906,171,170,168,77,23
S01007907,184,175,108,60,17
S01007908,377,241,158,66,24
S01007909,256,178,86,32,12
S01007910,381,304,139,62,21
S01007911,301,201,98,46,8
S01007912,327,203,115,45,18
S01007913,214,185,110,48,15
S01007914,214,190,88,43,12
S01007915,323,217,158,56,13
S01007916,248,214,161,81,17
S01007917,326,230,150,55,23
S01007918,341,240,139,60,14
S01007919,394,253,89,38,16
S01007920,394,208,89,22,8
S01007921,271,259,175,83,31
S01007922,282,223,151,94,21
S01007923,435,300,163,80,11
S01007924,429,335,239,72,27
S01007925,213,150,55,21,3
S01007926,235,126,73,8,4
S01007927,449,195,103,32,5
S01007928,463,275,151,55,17
S01007929,1316,515,158,38,18
S01007930,274,142,47,12,6
S01007931,599,320,130,44,20
S01007932,412,270,95,32,8
S01007933,423,252,85,23,13
S01007934,285,209,88,37,10
S01007935,277,237,119,38,18
S01007936,560,268,94,25,6
S01007937,594,337,135,38,11
S01007938,335,238,94,42,10
S01007939,387,238,134,49,12
S01007940,440,317,186,87,13
S01007941,256,221,82,38,3
S01007942,326,152,59,23,6
S01007943,272,196,125,43,9
S01007944,293,236,136,57,13
S01007945,267,209,151,62,21
S01007946,239,184,94,39,17
S01007947,260,230,153,35,6
S01007948,230,176,122,55,17
S01007949,284,206,87,33,5
S01007950,454,279,112,34,10
S01007951,395,288,129,54,15
S01007952,232,206,109,41,14
S01007953,385,264,135,61,21
S01007954,271,208,116,47,32
S01007955,353,243,134,43,11
S01007956,297,208,106,43,14
S01007957,371,313,177,84,28
S01007958,163,163,94,47,13
S01007959,231,229,132,48,14
S01007960,270,181,115,52,14
S01007961,459,381,276,73,34
S01007962,252,175,88,41,12
S01007963,374,332,203,100,32
S01007964,288,251,163,55,22
S01007965,188,176,85,26,9
S01007966,470,269,157,94,28
S01007967,222,153,96,40,10
S01007968,385,270,129,69,18
S01007969,306,264,140,38,11
S01007970,498,286,155,67,24
S01007971,371,264,159,60,28
S01007972,344,259,127,44,18
S01007973,360,261,96,29,3
S01007974,193,219,146,64,21
S01007975,280,223,117,54,19
S01007976,209,205,144,61,12
S01007977,263,185,67,23,8
S01007978,219,186,122,41,15
S01007979,484,263,110,46,5
S01007980,310,184,77,32,8
S01007981,219,190,81,23,8
S01007982,193,156,74,35,1
S01007983,320,256,164,85,13
S01007984,313,251,97,30,9
S01007985,363,279,142,66,18
S01007986,253,160,95,34,8
S01007987,322,218,128,43,16
S01007988,278,211,118,45,14
S01007989,374,281,129,65,12
S01007990,340,219,110,40,8
S01007991,646,317,87,29,7
S01007992,357,163,47,11,4
S01007993,331,267,93,19,4
S01007994,554,235,69,16,4
S01007995,445,254,82,20,3
S01007996,205,73,47,6,5
S01007997,386,261,124,24,6
S01007998,246,157,79,19,7
S01007999,270,201,114,61,12
S01008000,334,284,170,77,32
S01008001,333,290,184,76,39
S01008002,306,216,133,60,32
S01008003,269,202,127,41,17
S01008004,338,179,85,25,10
S01008005,437,220,71,34,8
S01008006,208,160,109,56,24
S01008007,179,142,88,40,7
S01008008,284,213,94,46,15
S01008009,379,298,153,60,23
S01008010,442,279,145,57,18
S01008011,150,145,146,73,16
S01008012,264,283,144,59,17
S01008013,221,195,157,55,18
S01008014,204,152,76,24,10
S01008015,403,310,135,60,16
S01008016,327,222,140,67,13
S01008017,455,276,115,30,13
S01008018,265,197,85,18,9
S01008019,324,129,86,31,2
S01008020,445,234,83,27,5
S01008021,291,212,95,27,5
S01008022,488,233,83,29,4
S01008023,344,181,51,17,2
S01008024,818,268,61,21,6
S01008025,199,183,111,50,11
S01008026,352,322,190,57,11
S01008027,243,177,86,27,9
S01008028,277,181,82,34,8
S01008029,1403,618,202,65,15
S01008030,447,311,148,52,15
S01008031,314,232,125,52,25
S01008032,383,272,125,40,15
S01008033,503,187,49,10,4
S01008034,451,177,35,9,2
S01008035,316,143,83,25,3
S01008036,349,179,65,21,2
S01008037,457,270,160,66,32
S01008038,425,245,101,62,22
S01008039,380,260,126,52,25
S01008040,488,247,91,24,8
S01008041,330,227,107,32,5
S01008042,358,168,58,9,8
S01008043,656,235,98,24,13
S01008044,518,247,99,27,8
S01008045,708,322,126,25,13
S01008046,315,251,192,83,23
S01008047,329,200,80,21,4
S01008048,325,170,61,17,4
S01008049,485,234,99,14,6
S01008050,367,164,64,16,7
S01008051,529,225,86,17,3
S01008052,1031,401,129,31,8
S01008053,352,169,60,28,3
S01008054,421,235,120,55,18
S01008055,777,237,85,20,1
S01008056,485,215,84,30,7
S01008057,545,260,91,23,10
S01008058,540,220,70,22,7
S01008059,365,194,54,16,9
S01008060,404,192,71,17,6
S01008061,723,286,187,53,10
S01008062,482,243,94,26,4
S01008063,555,275,83,13,5
S01008064,332,194,100,42,10
S01008065,574,275,79,19,4
S01008066,601,203,59,20,2
S01008067,468,173,72,20,3
S01008068,591,279,92,28,10
S01008069,506,241,108,26,9
S01008070,429,290,124,40,10
S01008071,413,187,67,34,6
S01008072,379,247,89,14,8
S01008073,254,107,52,18,5
S01008074,580,300,151,36,11
S01008075,350,173,53,18,0
S01008076,291,172,126,26,5
S01008077,490,209,115,19,9
S01008078,537,223,99,30,8
S01008079,430,248,103,27,11
S01008080,417,185,70,17,7
S01008081,370,157,60,14,6
S01008082,442,226,82,22,7
S01008083,499,209,74,24,6
S01008084,494,268,104,32,9
S01008085,480,251,102,28,8
S01008086,535,328,141,43,16
S01008087,457,214,112,20,9
S01008088,437,275,97,33,12
S01008089,471,198,79,25,6
S01008090,372,216,78,23,15
S01008091,207,97,46,12,3
S01008092,498,228,106,25,11
S01008093,429,183,79,25,6
S01008094,651,435,272,66,19
S01008095,348,215,116,30,7
S01008096,419,208,106,37,8
S01008097,262,177,98,39,9
S01008098,378,253,73,18,6
S01008099,282,138,54,22,0
S01008100,421,272,117,55,15
S01008101,391,239,117,42,18
S01008102,289,212,113,40,12
S01008103,321,230,148,90,23
S01008104,405,243,175,60,15
S01008105,440,281,133,81,29
S01008106,366,260,164,55,24
S01008107,1014,391,120,27,6
S01008108,458,233,87,20,9
S01008109,434,241,114,21,4
S01008110,420,255,99,26,8
S01008111,393,247,100,36,13
S01008112,403,228,109,44,9
S01008113,452,308,130,39,7
S01008114,331,198,75,24,5
S01008115,485,255,99,43,12
S01008116,465,267,94,35,4
S01008117,376,239,119,32,9
S01008118,491,260,116,40,21
S01008119,256,168,102,50,16
S01008120,328,177,76,36,11
S01008121,359,188,82,11,7
S01008122,446,183,65,13,1
S01008123,582,262,79,17,4
S01008124,480,250,79,25,7
S01008125,443,247,92,22,7
S01008126,435,219,57,13,0
S01008127,535,207,59,20,3
S01008128,379,261,110,33,5
S01008129,352,265,138,67,8
S01008130,321,308,167,62,25
S01008131,306,234,146,51,23
S01008132,603,339,149,41,16
S01008133,247,184,105,40,8
S01008134,280,169,93,39,12
S01008135,710,419,234,100,31
S01008136,299,262,142,47,16
S01008137,347,246,144,113,30
S01008138,317,246,152,89,19
S01008139,468,348,185,105,28
S01008140,220,135,82,49,21
S01008141,329,237,108,31,11
S01008142,362,229,84,33,7
S01008143,483,251,164,60,25
S01008144,2429,713,198,72,15
S01008145,461,300,135,54,16
S01008146,282,146,88,33,11
S01008147,296,241,108,48,18
S01008148,328,204,91,48,14
S01008149,305,205,112,48,9
S01008150,355,251,160,64,13
S01008151,262,205,92,47,16
S01008152,373,279,144,71,32
S01008153,362,211,87,16,1
S01008154,400,298,136,51,11
S01008155,303,190,77,17,6
S01008156,331,233,104,42,12
S01008157,452,263,96,41,14
S01008158,294,209,73,21,10
S01008159,367,261,153,76,39
S01008160,433,265,191,87,20
S01008161,558,339,108,37,12
S01008162,510,306,145,40,9
S01008163,353,267,131,59,29
S01008164,853,507,161,54,18
S01008165,1491,631,162,45,15
S01008166,228,160,88,50,3
S01008167,333,243,140,39,9
S01008168,329,275,171,55,15
S01008169,421,274,127,51,14
S01008170,317,180,58,15,0
S01008171,335,260,108,55,21
S01008172,229,203,101,17,5
S01008173,319,175,81,32,5
S01008174,224,154,57,30,7
S01008175,319,254,99,44,5
S01008176,392,241,113,50,10
S01008177,335,258,106,38,16
S01008178,270,176,95,18,8
S01008179,247,132,37,5,7
S01008180,234,123,44,11,8
S01008181,294,204,94,30,9
S01008182,384,306,159,50,7
S01008183,291,216,91,27,6
S01008184,340,266,125,50,16
S01008185,404,313,156,49,14
S01008186,310,242,108,38,13
S01008187,294,223,110,42,13
S01008188,355,313,166,68,19
S01008189,198,131,64,26,1
S01008190,401,312,147,43,6
S01008191,455,279,102,39,10
S01008192,510,337,151,51,13
S01008193,427,264,125,36,11
S01008194,344,231,87,24,7
S01008195,304,249,135,46,11
S01008196,462,300,138,40,11
S01008197,910,419,91,31,10
S01008198,325,260,109,40,10
S01008199,345,228,128,51,12
S01008200,251,175,120,49,20
S01008201,325,213,151,67,24
S01008202,224,157,102,32,7
S01008203,225,195,124,49,13
S01008204,339,254,190,72,28
S01008205,316,198,137,38,10
S01008206,303,226,128,45,16
S01008207,299,194,74,35,6
S01008208,487,274,80,23,10
S01008209,259,148,43,12,3
S01008210,354,272,142,57,20
S01008211,384,282,137,67,20
S01008212,297,173,47,16,5
S01008213,449,289,122,35,7
S01008214,311,227,119,49,16
S01008215,299,205,96,23,17
S01008216,214,150,63,12,5
S01008217,306,168,66,13,5
S01008218,1523,722,197,42,10
S01008219,386,316,190,81,16
S01008220,314,194,94,41,17
S01008221,381,288,122,43,25
S01008222,286,185,142,41,23
S01008223,198,170,105,48,10
S01008224,357,266,137,31,9
S01008225,288,219,114,26,7
S01008226,292,232,173,59,13
S01008227,402,216,156,52,12
S01008228,328,207,83,33,5
S01008229,294,187,124,48,10
S01008230,427,239,78,16,4
S01008231,518,171,56,14,1
S01008232,556,217,67,20,4
S01008233,491,201,59,18,5
S01008234,153,133,72,37,13
S01008235,411,297,163,54,21
S01008236,389,249,113,53,20
S01008237,626,364,130,56,13
S01008238,352,258,127,47,19
S01008239,631,342,154,47,14
S01008240,353,264,97,16,5
S01008241,310,214,88,26,1
S01008242,509,363,151,72,18
S01008243,677,329,124,36,14
S01008244,299,172,86,22,0
S01008245,590,299,122,28,5
S01008246,684,317,109,39,25
S01008247,419,248,75,21,6
S01008248,433,251,90,29,9
S01008249,600,290,124,45,4
S01008250,1894,846,257,63,22
S01008251,747,288,111,19,5
S01008252,359,263,89,15,8
S01008253,321,257,119,44,19
S01008254,422,323,180,62,13
S01008255,345,200,78,25,9
S01008256,431,282,146,48,14
S01008257,263,190,158,45,16
S01008258,364,272,111,31,7
S01008259,388,271,162,64,17
S01008260,307,254,134,27,16
S01008261,331,274,122,62,15
S01008262,341,169,66,27,10
S01008263,384,174,89,28,12
S01008264,406,185,130,38,9
S01008265,508,277,99,32,8
S01008266,356,198,67,19,4
S01008267,559,279,101,33,8
S01008268,450,192,78,25,9
S01008269,418,272,129,45,16
S01008270,375,208,109,36,12
S01008271,266,205,104,39,18
S01008272,1790,714,235,69,17
S01008273,482,211,78,26,2
S01008274,332,244,101,43,8
S01008275,280,168,69,19,7
S01008276,257,165,70,19,5
S01008277,427,184,75,19,4
S01008278,592,280,100,26,6
S01008279,350,217,104,20,6
S01008280,483,304,114,39,10
S01008281,420,219,90,23,6
S01008282,328,208,88,26,18
S01008283,755,301,90,26,1
S01008284,1715,760,250,76,14
S01008285,293,218,107,45,18
S01008286,368,224,133,37,13
S01008287,465,233,98,39,7
S01008288,431,293,134,44,9
S01008289,244,180,86,33,11
S01008290,397,281,142,34,13
S01008291,317,253,143,41,14
S01008292,353,230,113,33,8
S01008293,353,141,55,18,0
S01008294,463,249,106,15,7
S01008295,436,271,114,28,10
S01008296,344,189,87,42,15
S01008297,511,257,87,27,12
S01008298,548,308,100,29,7
S01008299,293,212,127,53,16
S01008300,376,238,120,46,11
S01008301,359,243,117,25,8
S01008302,531,255,98,41,11
S01008303,246,184,89,32,21
S01008304,214,121,40,19,4
S01008305,307,201,110,33,4
S01008306,269,184,66,12,3
S01008307,458,256,105,21,12
S01008308,259,156,86,21,6
S01008309,253,176,111,61,28
S01008310,392,294,208,90,24
S01008311,181,133,72,31,14
S01008312,217,101,47,22,10
S01008313,279,263,156,69,36
S01008314,168,165,113,48,7
S01008315,206,184,171,83,15
S01008316,277,170,117,44,14
S01008317,475,286,141,48,21
S01008318,964,469,157,51,6
S01008319,333,247,132,67,16
S01008320,273,219,100,41,14
S01008321,220,141,43,7,3
S01008322,473,319,142,70,21
S01008323,237,210,131,67,19
S01008324,463,245,105,37,16
S01008325,357,216,105,44,12
S01008326,431,285,142,74,24
S01008327,346,290,124,54,15
S01008328,2325,822,278,70,23
S01008329,522,238,83,32,5
S01008330,464,236,89,32,11
S01008331,316,157,61,17,5
S01008332,542,284,117,24,8
S01008333,488,264,163,71,25
S01008334,461,204,78,23,2
S01008335,359,163,107,46,10
S01008336,368,253,104,50,9
S01008337,555,246,92,34,15
S01008338,483,187,82,17,4
S01008339,344,149,61,6,1
S01008340,422,222,73,28,11
S01008341,379,163,41,13,6
S01008342,410,226,107,42,11
S01008343,504,219,96,28,12
S01008344,612,217,77,17,8
S01008345,673,239,103,28,5
S01008346,640,253,85,17,9
S01008347,606,313,141,42,12
S01008348,415,211,89,19,6
S01008349,539,209,66,18,3
S01008350,307,150,79,21,7
S01008351,539,258,90,29,8
S01008352,431,174,66,25,2
S01008353,303,133,49,16,6
S01008354,1985,694,218,68,17
S01008355,404,187,89,38,11
S01008356,313,178,57,13,8
S01008357,335,200,61,35,8
S01008358,356,211,99,57,13
S01008359,420,209,62,22,5
S01008360,486,230,94,14,6
S01008361,556,231,59,33,8
S01008362,828,374,150,30,7
S01008363,453,202,60,17,10
S01008364,374,207,52,16,10
S01008365,345,212,79,21,0
S01008366,421,271,114,65,10
S01008367,353,222,110,55,15
S01008368,354,207,80,23,8
S01008369,367,200,65,19,4
S01008370,389,207,66,24,3
S01008371,460,202,50,27,7
S01008372,404,228,76,21,5
S01008373,491,190,50,15,4
S01008374,479,205,53,19,1
S01008375,498,191,57,10,12
S01008376,331,141,40,14,1
S01008377,470,205,66,12,6
S01008378,554,279,95,25,11
S01008379,302,171,42,12,5
S01008380,444,173,29,10,3
S01008381,424,159,37,14,4
S01008382,541,237,75,12,5
S01008383,304,136,41,6,3
S01008384,543,274,77,24,14
S01008385,412,167,57,16,7
S01008386,406,263,122,40,5
S01008387,354,160,48,9,3
S01008388,331,162,53,25,7
S01008389,295,197,110,38,10
S01008390,391,176,49,10,6
S01008391,457,214,93,35,14
S01008392,618,198,66,11,2
S01008393,428,219,88,23,7
S01008394,548,207,49,12,0
S01008395,314,127,45,14,3
S01008396,337,200,102,32,5
S01008397,558,228,66,14,2
S01008398,373,162,75,20,8
S01008399,261,158,62,19,3
S01008400,407,203,65,17,5
S01008401,502,246,103,34,18
S01008402,712,286,115,32,10
S01008403,390,144,35,9,2
S01008404,539,223,110,31,10
S01008405,545,153,53,13,5
S01008406,516,194,145,58,19
S01008407,212,163,107,25,17
S01008408,348,160,59,19,5
S01008409,403,282,128,64,23
S01008410,272,187,111,46,13
S01008411,365,138,68,25,0
S01008412,383,225,94,29,8
S01008413,250,123,58,33,7
S01008414,357,116,60,15,8
S01008415,426,287,95,38,13
S01008416,423,246,157,69,14
S01008417,395,229,68,27,6
S01008418,319,218,81,16,9
S01008419,291,118,38,15,5
S01008420,257,127,38,10,3
S01008421,420,240,147,45,15
S01008422,363,145,48,7,5
S01008423,972,374,110,21,10
S01008424,470,235,107,22,6
S01008425,1973,1069,215,44,16
S01008426,316,187,95,23,12
S01008427,589,279,99,21,2
S01008428,385,215,100,46,11
S01008429,527,292,106,22,9
S01008430,574,240,83,39,7
S01008431,455,257,94,25,2
S01008432,430,184,56,18,4
S01008433,400,239,97,20,11
S01008434,543,299,88,26,2
S01008435,389,240,82,22,4
S01008436,532,254,119,31,7
S01008437,385,187,94,25,8
S01008438,442,150,40,10,3
S01008439,773,229,87,28,3
S01008440,717,245,82,26,7
S01008441,284,147,40,16,2
S01008442,435,195,48,15,3
S01008443,411,159,59,11,0
S01008444,623,260,58,6,1
S01008445,434,274,139,50,15
S01008446,724,296,88,8,3
S01008447,452,171,45,11,2
S01008448,363,243,87,18,4
S01008449,403,258,119,50,20
S01008450,234,194,75,33,9
S01008451,303,204,118,44,9
S01008452,255,191,78,56,10
S01008453,365,238,87,19,4
S01008454,339,271,164,69,18
S01008455,405,296,174,49,28
S01008456,395,256,147,58,16
S01008457,191,228,120,45,16
S01008458,398,304,155,58,14
S01008459,286,253,124,46,15
S01008460,333,284,126,63,20
S01008461,394,283,165,52,17
S01008462,143,140,124,68,23
S01008463,200,193,92,38,11
S01008464,385,296,113,30,7
S01008465,328,261,94,51,7
S01008466,345,205,105,19,8
S01008467,340,243,117,38,5
S01008468,536,307,137,51,38
S01008469,246,198,76,30,7
S01008470,436,259,130,60,26
S01008471,358,270,151,68,22
S01008472,308,197,103,31,11
S01008473,221,201,93,49,11
S01008474,302,243,152,60,19
S01008475,262,179,102,36,8
S01008476,266,255,106,51,18
S01008477,283,274,122,44,17
S01008478,556,354,175,77,19
S01008479,327,254,113,35,22
S01008480,279,195,85,23,10
S01008481,647,636,333,124,61
S01008482,220,190,90,30,10
S01008483,263,177,96,51,11
S01008484,351,237,95,35,6
S01008485,552,373,118,34,7
S01008486,371,284,159,57,26
S01008487,672,446,153,28,11
S01008488,391,282,106,37,13
S01008489,305,229,100,31,10
S01008490,380,307,119,37,13
S01008491,443,329,112,32,3
S01008492,647,398,141,55,11
S01008493,612,453,169,57,13
S01008494,375,329,129,60,19
S01008495,453,324,84,30,9
S01008496,448,324,114,35,2
S01008497,393,279,90,18,11
S01008498,423,275,82,45,11
S01008499,441,286,97,34,9
S01008500,199,124,46,30,22
S01008501,372,178,44,15,1
S01008502,368,231,56,17,2
S01008503,487,250,57,8,4
S01008504,662,326,82,13,7
S01008505,393,192,78,8,0
S01008506,518,255,125,30,8
S01008507,683,323,90,19,9
S01008508,484,196,55,14,5
S01008509,602,338,136,36,14
S01008510,467,267,91,23,4
S01008511,547,275,86,14,12
S01008512,314,151,37,18,7
S01008513,405,147,76,14,8
S01008514,551,248,109,34,9
S01008515,528,212,55,10,2
S01008516,558,312,140,35,9
S01008517,433,249,74,21,5
S01008518,552,242,59,14,2
S01008519,530,185,61,17,5
S01008520,664,292,71,14,5
S01008521,593,237,63,17,6
S01008522,324,169,51,13,1
S01008523,614,238,95,22,8
S01008524,386,288,130,68,19
S01008525,351,262,116,57,36
S01008526,455,250,136,39,10
S01008527,321,221,103,26,11
S01008528,362,227,95,20,7
S01008529,400,279,139,52,16
S01008530,350,257,111,50,22
S01008531,307,240,145,54,11
S01008532,226,122,62,25,5
S01008533,281,120,34,13,1
S01008534,378,185,47,9,5
S01008535,343,194,62,14,6
S01008536,342,196,52,11,5
S01008537,398,217,46,18,0
S01008538,309,171,33,15,4
S01008539,446,241,57,19,12
S01008540,542,237,84,16,4
S01008541,528,259,67,12,5
S01008542,1129,433,101,20,4
S01008543,438,195,51,13,3
S01008544,406,122,38,6,1
S01008545,456,234,67,18,8
S01008546,461,219,74,18,0
S01008547,520,372,95,28,8
S01008548,826,420,140,44,10
S01008549,2724,1375,353,117,26
S01008550,374,246,105,36,14
S01008551,398,311,143,40,14
S01008552,388,259,110,38,10
S01008553,322,221,106,49,17
S01008554,451,314,159,72,25
S01008555,410,280,168,60,16
S01008556,375,261,137,46,15
S01008557,674,407,184,96,34
S01008558,397,244,147,47,18
S01008559,296,192,101,44,18
S01008560,412,199,107,40,20
S01008561,300,208,102,29,7
S01008562,317,263,179,81,27
S01008563,369,272,123,45,23
S01008564,232,183,97,43,15
S01008565,418,266,163,85,29
S01008566,446,348,162,72,20
S01008567,312,249,105,53,15
S01008568,383,282,114,25,8
S01008569,196,188,112,73,16
S01008570,338,247,152,70,25
S01008571,322,231,129,41,9
S01008572,326,256,147,46,16
S01008573,336,220,126,28,3
S01008574,338,240,67,18,0
S01008575,389,215,87,17,2
S01008576,337,264,106,34,15
S01008577,415,286,164,51,23
S01008578,414,209,47,18,6
S01008579,749,409,148,31,8
S01008580,236,189,60,30,11
S01008581,401,285,131,73,20
S01008582,456,321,162,67,18
S01008583,320,223,102,42,19
S01008584,365,265,105,40,13
S01008585,264,199,99,33,10
S01008586,419,286,131,56,18
S01008587,592,361,131,24,5
S01008588,478,210,69,15,6
S01008589,238,122,41,17,1
S01008590,432,246,89,28,7
S01008591,449,215,73,26,2
S01008592,454,267,92,24,10
S01008593,545,203,53,12,8
S01008594,687,321,130,27,12
S01008595,322,284,169,60,32
S01008596,393,272,127,36,26
S01008597,445,280,112,36,9
S01008598,453,248,77,23,6
S01008599,545,253,62,11,5
S01008600,599,220,86,22,4
S01008601,1761,984,185,40,7
S01008602,375,226,66,17,8
S01008603,941,518,157,32,9
S01008604,609,373,65,22,8
S01008605,385,173,55,12,4
S01008606,503,205,71,17,5
S01008607,367,164,51,20,7
S01008608,440,192,75,22,14
S01008609,571,256,110,39,16
S01008610,449,209,90,23,6
S01008611,712,341,89,21,3
S01008612,502,278,71,12,5
S01008613,448,188,66,14,9
S01008614,424,166,34,17,5
S01008615,532,189,60,20,0
S01008616,439,165,46,6,0
S01008617,536,189,44,7,1
S01008618,444,173,56,7,0
S01008619,335,142,34,9,0
S01008620,529,209,48,11,5
S01008621,460,173,46,8,1
S01008622,299,143,37,7,4
S01008623,543,254,78,12,3
S01008624,457,206,64,24,7
S01008625,374,162,40,12,2
S01008626,601,234,44,10,3
S01008627,446,162,74,22,12
S01008628,361,147,50,9,3
S01008629,344,193,52,10,7
S01008630,349,206,52,18,4
S01008631,489,248,67,21,4
S01008632,327,252,114,26,5
S01008633,531,267,71,22,12
S01008634,474,210,51,16,4
S01008635,583,258,77,30,7
S01008636,434,205,63,15,7
S01008637,479,249,96,27,13
S01008638,350,193,106,24,8
S01008639,538,296,73,26,5
S01008640,529,239,47,14,3
S01008641,587,222,41,12,3
S01008642,544,231,74,12,3
S01008643,448,204,44,11,3
S01008644,469,244,75,21,6
S01008645,462,239,70,21,3
S01008646,540,270,63,12,3
S01008647,326,210,64,20,8
S01008648,300,183,55,16,4
S01008649,403,271,124,26,10
S01008650,360,260,64,17,3
S01008651,1066,797,203,57,9
S01008652,232,157,57,32,8
S01008653,390,251,99,37,10
S01008654,492,315,99,32,18
S01008655,515,285,91,29,3
S01008656,320,203,80,32,7
S01008657,380,251,68,21,9
S01008658,846,608,167,80,19
S01008659,443,255,77,24,7
S01008660,657,319,78,21,3
S01008661,527,351,95,36,19
S01008662,426,262,78,16,7
S01008663,499,257,89,36,2
S01008664,428,204,73,34,8
S01008665,1103,635,186,37,10
S01008666,605,354,112,22,1
S01008667,748,422,119,29,9
S01008668,383,212,61,13,0
S01008669,244,155,31,7,3
S01008670,694,347,77,17,1
S01008671,455,232,55,10,1
S01008672,363,204,60,13,7
S01008673,1329,772,175,60,15
S01008674,544,281,68,18,1
S01008675,471,256,94,35,9
S01008676,441,235,71,15,8
S01008677,404,351,220,61,5
S01008678,726,481,133,41,6
S01008679,675,438,180,56,19
S01008680,422,256,68,23,5
S01008681,592,429,133,38,20
S01008682,339,230,81,36,12
S01008683,723,504,174,77,22
S01008684,513,363,152,83,11
S01008685,1124,697,198,68,12
S01008686,672,420,178,85,21
S01008687,303,214,74,19,9
S01008688,381,262,113,29,7
S01008689,349,248,103,34,5
S01008690,694,456,139,42,9
S01008691,664,437,148,43,15
S01008692,798,493,204,48,14
S01008693,138,112,48,10,3
S01008694,505,283,84,25,5
S01008695,367,219,65,18,2
S01008696,364,189,55,12,6
S01008697,520,311,105,23,12
S01008698,223,140,50,19,14
S01008699,443,270,124,53,12
S01008700,285,181,65,14,8
S01008701,755,477,184,95,22
S01008702,282,183,56,15,5
S01008703,464,346,185,74,25
S01008704,2044,1192,339,128,39
S01008705,349,238,113,39,11
S01008706,362,224,80,44,19
S01008707,374,267,124,74,27
S01008708,488,316,197,93,42
S01008709,296,207,112,48,10
S01008710,239,138,69,30,17
S01008711,333,222,119,74,15
S01008712,383,309,243,143,51
S01008713,210,147,107,44,11
S01008714,210,151,71,41,11
S01008715,248,214,132,61,20
S01008716,204,187,117,46,15
S01008717,265,147,61,25,0
S01008718,410,237,111,31,11
S01008719,487,396,132,45,7
S01008720,1047,533,158,41,14
S01008721,464,231,76,16,1
S01008722,569,309,138,54,20
S01008723,347,219,81,23,10
S01008724,539,268,111,46,14
S01008725,389,190,77,15,8
S01008726,311,157,61,12,4
S01008727,580,263,102,37,12
S01008728,287,189,83,25,5
S01008729,357,212,57,21,6
S01008730,399,208,87,23,10
S01008731,184,159,78,42,18
S01008732,250,169,79,42,9
S01008733,797,440,174,65,16
S01008734,312,174,104,21,6
S01008735,603,274,95,21,6
S01008736,400,234,84,37,6
S01008737,380,205,85,19,8
S01008738,462,223,92,34,6
S01008739,313,188,87,26,10
S01008740,264,129,45,11,3
S01008741,538,295,122,32,7
S01008742,214,152,93,25,8
S01008743,420,311,112,43,14
S01008744,491,308,135,48,20
S01008745,227,135,69,13,3
S01008746,446,333,137,67,17
S01008747,237,141,53,13,1
S01008748,332,193,68,24,6
S01008749,509,338,166,46,14
S01008750,302,199,84,25,15
S01008751,252,166,106,33,10
S01008752,245,191,95,43,20
S01008753,208,176,78,36,10
S01008754,245,175,82,31,8
S01008755,459,322,142,65,27
S01008756,211,205,121,48,18
S01008757,177,150,117,51,20
S01008758,292,238,118,62,15
S01008759,184,192,89,55,10
S01008760,374,273,165,74,18
S01008761,299,184,97,28,7
S01008762,273,205,74,19,12
S01008763,498,246,88,14,8
S01008764,368,208,68,26,2
S01008765,439,292,66,22,6
S01008766,522,296,122,27,10
S01008767,246,174,66,17,9
S01008768,1151,699,225,79,19
S01008769,562,359,99,24,10
S01008770,515,328,57,15,3
S01008771,620,381,102,49,18
S01008772,412,236,74,27,10
S01008773,421,300,142,55,19
S01008774,535,373,133,54,18
S01008775,314,188,56,22,8
S01008776,316,221,127,44,15
S01008777,357,297,179,82,23
S01008778,544,356,126,34,11
S01008779,444,274,70,14,6
S01008780,227,141,33,5,2
S01008781,585,353,137,55,24
S01008782,361,250,72,31,10
S01008783,232,145,31,11,4
S01008784,194,129,57,12,6
S01008785,288,225,120,50,19
S01008786,470,327,113,46,6
S01008787,113,91,63,31,5
S01008788,384,199,63,21,3
S01008789,365,269,148,56,20
S01008790,330,193,80,34,5
S01008791,510,328,92,22,5
S01008792,476,312,126,37,4
S01008793,154,146,87,34,10
S01008794,369,319,148,56,22
S01008795,464,322,103,23,11
S01008796,430,338,150,60,14
S01008797,316,263,106,33,9
S01008798,381,287,122,34,8
S01008799,375,186,68,20,5
S01008800,540,382,96,25,5
S01008801,500,395,110,32,4
S01008802,450,328,114,38,7
S01008803,393,283,106,38,13
S01008804,340,277,158,56,6
S01008805,315,193,64,21,8
S01008806,657,418,104,28,3
S01008807,361,248,83,26,9
S01008808,346,196,77,23,21
S01008809,492,256,76,17,1
S01008810,466,215,55,21,2
S01008811,524,260,66,25,2
S01008812,284,174,50,12,0
S01008813,470,340,150,46,19
S01008814,389,252,92,22,7
S01008815,424,276,97,45,12
S01008816,307,159,63,21,9
S01008817,635,302,119,45,6
S01008818,567,305,104,23,3
S01008819,373,214,98,43,4
S01008820,481,336,149,66,25
S01008821,483,174,51,7,5
S01008822,427,193,63,15,3
S01008823,416,164,69,18,12
S01008824,579,274,97,34,8
S01008825,424,224,51,18,5
S01008826,276,165,65,20,5
S01008827,451,180,61,18,3
S01008828,517,237,76,27,10
S01008829,394,178,72,24,4
S01008830,552,236,73,24,2
S01008831,406,227,92,20,2
S01008832,405,197,64,16,0
S01008833,531,263,106,31,14
S01008834,626,308,114,23,10
S01008835,436,243,101,19,9
S01008836,371,215,99,32,10
S01008837,948,474,153,52,10
S01008838,638,332,125,19,5
S01008839,572,327,93,28,12
S01008840,531,325,93,22,7
S01008841,419,232,62,15,10
S01008842,515,265,75,14,5
S01008843,850,532,163,27,12
S01008844,387,216,61,21,5
S01008845,597,267,76,23,3
S01008846,340,155,66,9,4
S01008847,323,159,40,10,3
S01008848,408,185,63,11,4
S01008849,382,165,44,22,4
S01008850,451,191,50,11,8
S01008851,482,241,111,42,11
S01008852,536,244,68,19,7
S01008853,347,162,33,9,4
S01008854,558,246,67,10,6
S01008855,724,317,118,23,10
S01008856,337,167,43,8,5
S01008857,425,221,75,12,4
S01008858,335,151,53,8,1
S01008859,535,340,131,32,9
S01008860,495,243,93,22,6
S01008861,438,198,50,13,3
S01008862,491,221,68,22,6
S01008863,476,201,53,15,8
S01008864,826,331,99,19,5
S01008865,554,233,68,13,8
S01008866,526,191,44,14,1
S01008867,498,228,49,6,2
S01008868,607,307,77,22,4
S01008869,666,315,99,21,9
S01008870,511,225,86,10,4
S01008871,586,250,64,12,0
S01008872,558,279,57,16,3
S01008873,582,233,60,17,7
S01008874,547,295,100,32,5
S01008875,436,260,107,25,4
S01008876,302,188,78,22,5
S01008877,305,156,34,10,2
S01008878,377,320,111,46,8
S01008879,406,239,81,17,11
S01008880,309,183,111,38,13
S01008881,426,215,73,19,6
S01008882,612,260,75,14,6
S01008883,648,243,78,31,12
S01008884,395,218,65,15,7
S01008885,557,231,64,16,5
S01008886,559,310,98,12,6
S01008887,453,212,65,17,3
S01008888,324,196,67,15,4
S01008889,471,250,95,16,5
S01008890,413,185,85,21,7
S01008891,500,239,62,21,2
S01008892,519,304,102,39,16
S01008893,594,238,73,17,1
S01008894,577,219,72,18,9
S01008895,470,203,101,34,11
S01008896,441,166,28,8,3
S01008897,446,217,48,21,0
S01008898,492,227,95,19,6
S01008899,313,230,153,50,24
S01008900,418,287,137,64,25
S01008901,408,251,123,48,20
S01008902,507,362,187,60,21
S01008903,385,291,158,75,19
S01008904,471,358,157,44,14
S01008905,465,366,180,62,14
S01008906,329,258,119,51,13
S01008907,492,355,140,77,22
S01008908,714,502,178,68,10
S01008909,333,261,102,45,11
S01008910,220,139,67,14,7
S01008911,773,469,129,30,6
S01008912,471,204,68,24,5
S01008913,420,211,74,27,7
S01008914,430,266,106,45,13
S01008915,295,161,54,14,10
S01008916,341,319,205,90,32
S01008917,234,224,102,58,14
S01008918,195,178,72,35,8
S01008919,223,137,88,56,15
S01008920,1071,706,180,52,17
S01008921,351,298,193,83,20
S01008922,299,278,138,50,17
S01008923,323,324,209,74,23
S01008924,343,246,150,70,23
S01008925,337,244,87,27,12
S01008926,273,180,66,32,5
S01008927,426,303,96,45,10
S01008928,519,370,180,53,17
S01008929,467,338,184,68,23
S01008930,376,311,156,63,23
S01008931,769,523,238,108,34
S01008932,449,260,104,37,12
S01008933,278,197,91,39,15
S01008934,316,246,105,46,16
S01008935,481,248,101,25,6
S01008936,258,104,33,11,0
S01008937,466,270,89,25,10
S01008938,438,231,59,12,4
S01008939,432,247,72,26,3
S01008940,367,176,51,13,5
S01008941,636,253,96,39,6
S01008942,458,199,81,19,1
S01008943,579,214,67,11,6
S01008944,602,271,99,23,13
S01008945,521,212,66,14,5
S01008946,535,316,118,30,8
S01008947,579,352,113,29,9
S01008948,364,200,83,23,4
S01008949,474,275,115,53,22
S01008950,515,288,135,41,12
S01008951,340,274,129,61,24
S01008952,347,283,145,44,26
S01008953,447,279,141,52,17
S01008954,460,325,143,69,16
S01008955,311,214,89,23,6
S01008956,414,321,124,49,14
S01008957,478,293,116,49,10
S01008958,408,279,117,40,14
S01008959,332,271,102,35,12
S01008960,723,289,66,16,5
S01008961,313,219,66,21,0
S01008962,314,208,65,14,7
S01008963,463,254,88,16,1
S01008964,319,168,50,15,3
S01008965,469,271,100,21,8
S01008966,333,197,66,19,7
S01008967,606,287,106,30,4
S01008968,1084,484,138,29,10
S01008969,548,304,116,30,10
S01008970,570,264,96,25,9
S01008971,412,201,50,17,5
S01008972,511,170,61,18,10
S01008973,456,230,116,29,14
S01008974,420,228,73,26,7
S01008975,291,210,143,51,22
S01008976,316,152,38,15,2
S01008977,287,181,79,18,7
S01008978,244,186,81,15,9
S01008979,401,206,60,13,5
S01008980,390,246,96,22,7
S01008981,360,259,76,27,7
S01008982,426,257,84,27,5
S01008983,310,201,85,21,6
S01008984,232,169,66,16,6
S01008985,586,381,108,22,10
S01008986,415,258,82,21,5
S01008987,367,253,87,26,12
S01008988,457,324,126,40,13
S01008989,323,270,66,18,5
S01008990,592,366,110,21,6
S01008991,509,252,71,19,11
S01008992,239,163,88,23,4
S01008993,671,338,98,20,15
S01008994,315,232,104,41,17
S01008995,401,255,76,17,4
S01008996,563,286,106,35,10
S01008997,738,312,121,35,8
S01008998,459,261,105,47,5
S01008999,376,267,129,51,13
S01009000,1116,504,153,33,10
S01009001,411,217,78,18,8
S01009002,2102,743,212,58,22
S01009003,593,263,87,29,4
S01009004,323,186,81,16,8
S01009005,434,274,97,37,9
S01009006,385,241,102,41,13
S01009007,352,216,93,27,6
S01009008,450,297,110,43,10
S01009009,236,125,81,37,8
S01009010,546,294,92,19,8
S01009011,489,238,72,13,2
S01009012,418,196,69,14,5
S01009013,409,281,84,19,6
S01009014,306,158,98,27,6
S01009015,387,199,98,12,8
S01009016,254,164,58,23,4
S01009017,242,171,86,31,6
S01009018,371,258,109,25,5
S01009019,235,143,77,16,6
S01009020,409,247,107,35,8
S01009021,319,235,127,35,6
S01009022,381,279,156,29,7
S01009023,382,254,149,41,10
S01009024,484,296,156,42,18
S01009025,410,288,147,41,17
S01009026,460,274,142,44,14
S01009027,290,222,130,36,11
S01009028,220,139,93,25,6
S01009029,268,176,84,34,9
S01009030,319,153,94,32,8
S01009031,357,201,133,62,18
S01009032,255,185,117,41,9
S01009033,323,218,124,37,16
S01009034,352,173,102,27,14
S01009035,534,285,114,30,8
S01009036,614,269,116,43,14
S01009037,488,196,108,56,15
S01009038,461,262,127,47,16
S01009039,250,140,87,31,7
S01009040,250,203,106,33,16
S01009041,373,266,158,53,11
S01009042,231,161,118,33,14
S01009043,263,160,96,35,11
S01009044,326,222,129,67,16
S01009045,333,181,118,33,6
S01009046,558,273,166,43,20
S01009047,394,206,105,25,7
S01009048,387,215,104,36,4
S01009049,242,147,77,22,8
S01009050,414,276,127,55,16
S01009051,379,225,88,24,7
S01009052,260,184,94,22,10
S01009053,255,251,105,62,20
S01009054,238,180,81,38,8
S01009055,564,409,120,57,11
S01009056,239,178,84,38,5
S01009057,223,180,93,40,12
S01009058,306,240,148,68,24
S01009059,438,250,88,33,7
S01009060,851,372,117,20,7
S01009061,308,277,113,47,13
S01009062,264,198,130,52,10
S01009063,342,239,101,32,5
S01009064,234,166,103,29,8
S01009065,260,198,100,47,18
S01009066,296,240,121,46,14
S01009067,533,281,92,20,6
S01009068,352,274,153,55,10
S01009069,325,177,69,14,3
S01009070,264,170,84,18,4
S01009071,214,128,63,28,11
S01009072,243,155,62,19,4
S01009073,305,254,133,67,25
S01009074,307,223,118,51,7
S01009075,186,160,106,46,7
S01009076,430,281,139,40,6
S01009077,230,201,92,31,4
S01009078,444,241,62,17,2
S01009079,316,265,188,79,12
S01009080,362,299,192,66,22
S01009081,232,176,91,31,9
S01009082,509,340,197,69,22
S01009083,311,223,130,37,11
S01009084,500,242,81,25,12
S01009085,546,224,53,21,2
S01009086,275,172,137,53,17
S01009087,221,180,95,56,3
S01009088,519,325,153,46,18
S01009089,540,221,68,12,3
S01009090,1503,601,174,54,15
S01009091,505,209,59,5,3
S01009092,632,330,186,47,16
S01009093,337,222,121,44,10
S01009094,343,200,95,12,4
S01009095,448,289,125,52,8
S01009096,570,248,155,40,13
S01009097,451,272,81,23,9
S01009098,240,169,38,9,6
S01009099,270,251,128,39,12
S01009100,321,270,163,66,10
S01009101,340,288,159,61,21
S01009102,344,307,142,56,10
S01009103,218,178,63,28,7
S01009104,274,239,121,52,24
S01009105,374,227,102,34,9
S01009106,233,178,88,32,17
S01009107,377,258,96,34,9
S01009108,292,250,89,26,3
S01009109,289,209,82,25,6
S01009110,228,216,93,34,9
S01009111,395,251,95,43,11
S01009112,264,176,63,19,4
S01009113,337,279,129,59,27
S01009114,375,239,125,34,10
S01009115,247,182,82,16,8
S01009116,202,115,67,15,6
S01009117,312,229,124,42,9
S01009118,329,172,56,13,5
S01009119,304,240,128,63,5
S01009120,219,193,99,35,4
S01009121,245,243,138,53,20
S01009122,1875,735,234,59,19
S01009123,290,165,60,20,6
S01009124,263,146,75,28,17
S01009125,216,209,129,55,22
S01009126,188,207,135,63,15
S01009127,236,218,128,52,13
S01009128,226,230,170,68,25
S01009129,168,147,88,46,16
S01009130,202,182,72,25,13
S01009131,184,157,106,47,18
S01009132,366,239,103,35,10
S01009133,227,226,118,59,32
S01009134,355,270,115,35,13
S01009135,306,177,52,17,4
S01009136,361,212,118,37,11
S01009137,555,226,60,19,7
S01009138,426,263,105,30,6
S01009139,146,147,65,28,9
S01009140,249,220,108,41,14
S01009141,277,275,166,74,25
S01009142,273,268,135,53,15
S01009143,163,153,108,63,24
S01009144,546,275,77,11,5
S01009145,367,315,174,76,25
S01009146,336,286,151,62,25
S01009147,253,220,152,52,13
S01009148,298,202,99,53,9
S01009149,349,250,121,30,9
S01009150,88,210,281,126,33
S01009151,354,256,141,66,16
S01009152,183,205,160,70,21
S01009153,199,151,81,18,5
S01009154,476,301,160,39,15
S01009155,224,147,74,18,8
S01009156,322,183,68,25,1
S01009157,358,305,139,54,23
S01009158,249,169,63,29,10
S01009159,132,125,78,46,17
S01009160,188,202,140,68,17
S01009161,254,196,96,63,25
S01009162,214,227,167,55,29
S01009163,207,153,82,31,4
S01009164,297,276,152,45,20
S01009165,326,234,122,40,12
S01009166,218,201,124,56,21
S01009167,212,166,82,37,8
S01009168,258,213,80,34,4
S01009169,248,242,173,83,33
S01009170,243,209,104,49,18
S01009171,267,218,97,28,10
S01009172,401,193,45,18,5
S01009173,377,222,83,26,5
S01009174,317,131,19,3,2
S01009175,473,235,63,7,5
S01009176,619,296,107,30,5
S01009177,299,268,151,55,19
S01009178,305,227,145,47,23
S01009179,238,217,98,41,11
S01009180,444,303,170,75,19
S01009181,303,262,132,55,9
S01009182,451,292,142,41,12
S01009183,354,196,73,14,6
S01009184,345,265,168,54,20
S01009185,357,250,151,70,21
S01009186,406,230,103,30,11
S01009187,303,166,83,23,9
S01009188,402,285,148,47,13
S01009189,318,226,143,57,18
S01009190,913,383,98,24,5
S01009191,503,179,36,12,0
S01009192,300,308,117,40,2
S01009193,1360,560,122,38,7
S01009194,390,230,98,20,9
S01009195,437,251,72,29,9
S01009196,296,201,98,34,10
S01009197,653,318,122,25,20
S01009198,289,252,88,26,11
S01009199,303,144,82,23,14
S01009200,1090,517,157,30,12
S01009201,252,216,83,28,7
S01009202,269,155,37,19,4
S01009203,303,218,137,82,20
S01009204,409,264,106,47,16
S01009205,418,270,84,22,3
S01009206,337,244,84,16,4
S01009207,284,241,106,35,10
S01009208,264,203,110,33,12
S01009209,299,222,119,24,11
S01009210,224,144,57,17,6
S01009211,219,178,73,27,7
S01009212,275,228,131,68,20
S01009213,305,210,111,36,19
S01009214,501,303,157,38,16
S01009215,351,269,154,52,10
S01009216,349,291,158,74,16
S01009217,220,213,148,73,25
S01009218,322,265,118,44,17
S01009219,219,197,110,42,4
S01009220,177,166,104,45,17
S01009221,193,206,98,25,13
S01009222,191,152,80,32,10
S01009223,238,192,99,33,16
S01009224,283,192,99,44,17
S01009225,192,180,96,38,15
S01009226,251,268,176,80,29
S01009227,184,182,109,43,7
S01009228,203,162,107,45,13
S01009229,261,153,75,29,4
S01009230,128,148,66,21,5
S01009231,425,318,143,44,22
S01009232,182,194,99,40,14
S01009233,215,175,93,39,15
S01009234,343,329,165,61,20
S01009235,378,314,154,56,26
S01009236,229,162,66,29,4
S01009237,396,260,111,24,9
S01009238,246,209,143,51,17
S01009239,354,243,144,50,21
S01009240,215,172,94,52,11
S01009241,359,245,165,91,29
S01009242,299,246,108,21,4
S01009243,400,297,155,56,11
S01009244,396,255,107,16,7
S01009245,341,267,104,48,11
S01009246,346,251,151,54,17
S01009247,465,324,138,63,14
S01009248,330,220,86,31,5
S01009249,327,239,157,63,21
S01009250,257,199,95,40,15
S01009251,204,153,83,27,14
S01009252,239,127,54,14,0
S01009253,176,153,81,52,13
S01009254,367,214,144,57,20
S01009255,289,210,100,29,7
S01009256,191,151,69,25,7
S01009257,285,205,120,30,8
S01009258,654,330,84,32,14
S01009259,458,265,118,37,6
S01009260,484,319,124,51,21
S01009261,255,223,119,43,15
S01009262,208,189,93,36,12
S01009263,578,307,114,24,7
S01009264,205,162,73,25,7
S01009265,470,318,157,50,17
S01009266,338,267,131,44,13
S01009267,313,257,137,39,16
S01009268,570,361,176,86,17
S01009269,365,266,151,68,19
S01009270,247,202,116,46,12
S01009271,381,277,108,37,8
S01009272,271,249,132,43,11
S01009273,219,174,66,21,5
S01009274,291,164,75,29,8
S01009275,467,319,149,49,14
S01009276,409,274,125,42,13
S01009277,684,357,125,27,8
S01009278,323,180,69,23,6
S01009279,393,236,136,37,7
S01009280,358,259,157,87,25
S01009281,294,232,131,76,20
S01009282,341,239,114,20,13
S01009283,324,199,77,53,15
S01009284,368,234,104,24,7
S01009285,410,263,110,29,6
S01009286,312,258,109,24,10
S01009287,368,210,104,30,2
S01009288,501,280,121,37,3
S01009289,416,283,104,21,8
S01009290,292,221,92,20,5
S01009291,422,288,137,19,11
S01009292,211,176,89,37,12
S01009293,308,202,98,47,8
S01009294,403,213,81,24,2
S01009295,249,197,85,21,5
S01009296,207,133,61,16,6
S01009297,455,232,66,20,6
S01009298,271,259,189,102,26
S01009299,526,363,154,50,14
S01009300,233,180,94,33,6
S01009301,431,377,205,78,23
S01009302,285,248,156,71,23
S01009303,410,264,110,34,16
S01009304,481,342,145,44,15
S01009305,330,272,124,54,18
S01009306,542,365,148,47,14
S01009307,512,368,169,55,10
S01009308,245,176,74,19,4
S01009309,355,245,96,31,14
S01009310,386,296,123,27,10
S01009311,335,263,116,52,15
S01009312,354,246,103,30,8
S01009313,200,188,111,37,12
S01009314,279,195,80,14,6
S01009315,233,190,117,38,13
S01009316,401,213,71,23,2
S01009317,430,244,84,13,7
S01009318,305,173,68,11,2
S01009319,442,311,114,39,11
S01009320,285,234,131,46,15
S01009321,255,232,93,21,8
S01009322,299,233,92,48,7
S01009323,248,233,129,30,12
S01009324,210,173,99,31,5
S01009325,333,214,108,40,14
S01009326,275,141,68,24,6
S01009327,289,251,115,37,7
S01009328,623,221,53,21,6
S01009329,1108,461,96,28,10
S01009330,319,132,58,21,8
S01009331,1400,633,168,61,12
S01009332,581,314,115,36,12
S01009333,426,345,146,55,17
S01009334,253,193,113,54,17
S01009335,375,290,170,60,21
S01009336,216,197,111,47,14
S01009337,288,235,141,58,22
S01009338,444,349,213,85,28
S01009339,332,261,178,79,29
S01009340,294,208,120,51,8
S01009341,271,211,99,41,8
S01009342,270,259,149,36,11
S01009343,246,194,70,22,5
S01009344,278,221,110,39,9
S01009345,416,311,132,38,10
S01009346,486,183,42,9,1
S01009347,456,166,34,6,4
S01009348,310,124,35,7,4
S01009349,491,215,59,18,8
S01009350,323,169,64,25,5
S01009351,313,159,38,10,2
S01009352,478,216,53,12,1
S01009353,818,344,91,14,7
S01009354,1416,540,144,32,3
S01009355,371,266,110,28,9
S01009356,430,300,117,42,7
S01009357,294,148,33,11,3
S01009358,377,199,57,13,4
S01009359,429,193,56,21,8
S01009360,405,235,114,26,7
S01009361,323,255,116,31,7
S01009362,430,325,136,19,12
S01009363,302,283,145,41,8
S01009364,480,232,119,42,7
S01009365,213,205,89,25,14
S01009366,295,212,126,38,9
S01009367,294,212,108,37,15
S01009368,208,165,105,26,8
S01009369,287,219,92,33,7
S01009370,285,267,146,66,12
S01009371,254,173,75,22,9
S01009372,189,153,89,26,7
S01009373,455,338,193,53,10
S01009374,316,286,171,91,29
S01009375,289,232,116,46,16
S01009376,163,169,114,56,11
S01009377,493,353,128,44,6
S01009378,467,312,128,52,9
S01009379,548,281,90,34,7
S01009380,237,194,93,23,11
S01009381,267,208,77,11,8
S01009382,315,253,146,62,8
S01009383,287,268,132,64,9
S01009384,302,144,55,15,4
S01009385,254,159,42,22,5
S01009386,246,206,95,28,16
S01009387,449,205,124,49,12
S01009388,330,239,125,59,15
S01009389,405,323,134,64,14
S01009390,410,166,55,16,2
S01009391,384,211,54,17,4
S01009392,294,154,51,14,1
S01009393,333,215,64,11,6
S01009394,419,299,125,50,13
S01009395,334,210,92,24,5
S01009396,352,208,79,27,11
S01009397,387,242,75,25,4
S01009398,254,238,86,28,4
S01009399,303,213,82,27,2
S01009400,238,137,90,23,9
S01009401,299,186,93,29,3
S01009402,426,285,115,34,12
S01009403,245,152,57,23,3
S01009404,292,222,99,53,14
S01009405,217,149,62,17,6
S01009406,442,331,168,59,9
S01009407,196,156,95,29,9
S01009408,523,274,113,29,7
S01009409,529,264,143,47,8
S01009410,352,243,139,49,16
S01009411,287,253,140,48,15
S01009412,331,285,147,70,17
S01009413,425,335,164,75,17
S01009414,315,206,106,36,22
S01009415,268,197,119,49,9
S01009416,198,157,82,13,3
S01009417,766,348,126,40,7
S01009418,384,328,197,92,36
S01009419,251,191,105,39,9
S01009420,298,197,104,73,13
S01009421,320,238,124,57,20
S01009422,268,285,140,60,17
S01009423,779,391,131,33,11
S01009424,238,179,126,51,22
S01009425,261,222,152,47,20
S01009426,241,252,139,74,20
S01009427,190,195,122,41,11
S01009428,249,233,143,52,38
S01009429,217,192,137,76,26
S01009430,250,232,128,58,15
S01009431,234,174,114,49,17
S01009432,306,247,165,54,31
S01009433,337,242,141,60,18
S01009434,220,208,83,45,14
S01009435,303,225,127,65,24
S01009436,231,212,127,48,17
S01009437,261,215,117,63,22
S01009438,402,283,153,56,21
S01009439,259,263,133,87,14
S01009440,254,206,129,47,11
S01009441,285,237,127,49,16
S01009442,298,157,83,17,3
S01009443,965,505,216,111,39
S01009444,318,221,101,27,7
S01009445,373,270,116,59,15
S01009446,349,253,174,78,36
S01009447,161,185,92,49,18
S01009448,595,377,167,38,11
S01009449,177,152,86,12,5
S01009450,187,174,107,52,11
S01009451,369,303,186,82,23
S01009452,209,172,126,57,14
S01009453,324,281,141,62,28
S01009454,504,260,100,27,11
S01009455,646,332,111,40,8
S01009456,465,304,158,65,24
S01009457,314,193,78,39,12
S01009458,290,179,116,39,9
S01009459,282,267,152,54,14
S01009460,309,285,147,66,13
S01009461,557,234,79,19,2
S01009462,332,228,108,37,6
S01009463,267,215,117,24,13
S01009464,387,269,128,39,10
S01009465,276,172,75,31,4
S01009466,205,185,69,23,5
S01009467,322,240,77,26,7
S01009468,293,261,119,53,19
S01009469,378,246,121,40,8
S01009470,178,154,67,22,1
S01009471,176,170,135,76,24
S01009472,435,264,144,54,15
S01009473,338,291,158,66,17
S01009474,413,237,112,54,19
S01009475,296,153,72,15,5
S01009476,500,251,69,12,3
S01009477,354,247,128,57,20
S01009478,355,294,151,45,19
S01009479,433,299,152,75,14
S01009480,385,259,111,28,14
S01009481,328,301,161,49,16
S01009482,227,195,99,41,16
S01009483,333,241,112,31,6
S01009484,312,323,177,62,22
S01009485,335,241,133,54,30
S01009486,259,202,94,36,9
S01009487,346,299,128,62,9
S01009488,343,213,89,35,4
S01009489,313,219,151,81,21
S01009490,303,267,134,47,16
S01009491,302,239,171,82,31
S01009492,225,189,98,29,11
S01009493,468,266,92,23,8
S01009494,509,276,114,28,5
S01009495,439,271,85,20,8
S01009496,348,245,119,53,10
S01009497,378,327,161,62,16
S01009498,319,206,85,23,12
S01009499,348,251,116,34,10
S01009500,279,211,127,43,14
S01009501,345,303,172,67,19
S01009502,289,274,144,50,14
S01009503,320,207,113,46,15
S01009504,244,218,123,42,16
S01009505,290,253,151,62,10
S01009506,245,237,137,56,24
S01009507,357,296,141,46,14
S01009508,295,272,161,68,10
S01009509,376,318,155,56,15
S01009510,338,205,105,29,4
S01009511,274,193,68,22,3
S01009512,393,234,84,22,11
S01009513,275,182,81,21,3
S01009514,342,219,66,16,5
S01009515,267,206,140,37,14
S01009516,311,233,158,56,28
S01009517,669,246,83,16,1
S01009518,625,249,55,11,4
S01009519,564,259,94,30,7
S01009520,397,258,126,42,8
S01009521,303,323,187,82,17
S01009522,479,294,146,58,11
S01009523,254,177,95,39,8
S01009524,263,209,112,61,10
S01009525,215,192,100,32,16
S01009526,237,202,93,25,9
S01009527,248,211,109,40,13
S01009528,147,174,124,43,13
S01009529,271,196,82,39,2
S01009530,253,189,70,28,4
S01009531,563,367,190,91,21
S01009532,264,269,163,81,26
S01009533,421,301,154,77,45
S01009534,342,279,159,91,28
S01009535,369,271,134,53,22
S01009536,231,183,104,37,11
S01009537,201,168,89,34,6
S01009538,350,276,188,69,12
S01009539,457,290,144,56,23
S01009540,321,263,137,64,15
S01009541,628,448,169,56,18
S01009542,268,230,149,61,22
S01009543,229,166,98,70,12
S01009544,351,277,171,73,23
S01009545,261,236,120,53,9
S01009546,600,320,172,39,9
S01009547,313,268,151,59,17
S01009548,214,190,88,42,11
S01009549,324,223,124,28,12
S01009550,262,166,79,17,7
S01009551,234,177,81,28,6
S01009552,391,297,147,52,21
S01009553,347,298,130,73,13
S01009554,211,185,116,40,12
S01009555,344,230,134,40,7
S01009556,257,221,126,66,18
S01009557,244,192,121,37,23
S01009558,256,238,118,49,11
S01009559,252,261,132,72,18
S01009560,359,287,161,67,21
S01009561,248,221,112,46,12
S01009562,267,274,151,61,11
S01009563,261,237,123,60,15
S01009564,290,215,113,45,15
S01009565,231,181,83,27,10
S01009566,455,308,153,44,11
S01009567,337,275,156,50,18
S01009568,303,226,123,38,14
S01009569,304,254,131,53,6
S01009570,186,166,87,33,14
S01009571,224,217,139,49,15
S01009572,300,294,179,65,15
S01009573,258,230,127,64,19
S01009574,378,297,176,55,18
S01009575,174,131,78,37,20
S01009576,169,159,106,42,6
S01009577,249,171,80,34,9
S01009578,294,205,106,54,13
S01009579,387,223,158,39,22
S01009580,528,286,110,24,2
S01009581,221,168,92,29,12
S01009582,222,168,82,22,10
S01009583,359,280,130,39,7
S01009584,254,170,58,17,10
S01009585,363,285,149,64,21
S01009586,212,180,128,44,21
S01009587,294,259,148,54,19
S01009588,396,305,220,65,26
S01009589,457,261,130,51,8
S01009590,337,220,85,29,1
S01009591,267,202,95,23,5
S01009592,244,198,98,22,5
S01009593,338,246,62,19,2
S01009594,333,186,71,21,8
S01009595,209,144,40,10,2
S01009596,285,244,120,54,11
S01009597,355,250,167,74,15
S01009598,236,182,135,64,17
S01009599,293,254,154,68,20
S01009600,219,191,129,61,21
S01009601,281,208,102,42,21
S01009602,348,227,75,24,8
S01009603,179,118,62,16,5
S01009604,336,273,115,52,11
S01009605,185,150,117,58,21
S01009606,520,266,131,42,11
S01009607,418,211,117,32,8
S01009608,269,208,90,26,5
S01009609,366,210,101,35,12
S01009610,414,326,141,40,16
S01009611,292,180,74,16,10
S01009612,241,193,87,41,9
S01009613,247,122,63,19,7
S01009614,191,173,85,32,2
S01009615,142,130,61,19,2
S01009616,299,227,108,44,7
S01009617,343,218,88,28,12
S01009618,224,218,127,60,20
S01009619,268,157,119,61,27
S01009620,305,239,179,63,20
S01009621,287,228,144,60,18
S01009622,263,235,156,62,17
S01009623,164,139,101,34,16
S01009624,313,268,158,56,27
S01009625,373,277,128,73,11
S01009626,251,189,101,44,18
S01009627,396,238,146,58,14
S01009628,121,149,136,71,15
S01009629,393,333,178,66,16
S01009630,328,213,139,58,13
S01009631,191,186,161,64,19
S01009632,165,173,129,53,20
S01009633,303,226,162,57,26
S01009634,167,146,126,50,15
S01009635,331,269,174,61,32
S01009636,222,212,138,84,29
S01009637,208,176,135,56,20
S01009638,505,334,185,91,20
S01009639,344,236,138,43,17
S01009640,233,193,120,59,21
S01009641,296,295,197,94,25
S01009642,383,322,146,55,21
S01009643,681,339,109,26,4
S01009644,409,246,121,69,9
S01009645,246,185,110,39,19
S01009646,294,194,108,47,15
S01009647,235,204,133,57,20
S01009648,384,257,153,41,16
S01009649,479,345,150,40,15
S01009650,330,252,126,46,7
S01009651,683,399,158,43,18
S01009652,336,271,126,37,13
S01009653,238,149,54,16,0
S01009654,286,192,95,18,6
S01009655,375,232,170,50,16
S01009656,248,218,169,74,16
S01009657,307,266,135,56,15
S01009658,292,220,136,52,15
S01009659,204,180,104,41,15
S01009660,456,346,180,62,12
S01009661,436,267,113,38,14
S01009662,298,217,106,26,10
S01009663,302,225,61,30,8
S01009664,428,265,120,47,13
S01009665,299,228,102,45,11
S01009666,301,192,128,44,4
S01009667,277,163,68,22,5
S01009668,298,200,49,8,4
S01009669,226,160,73,19,8
S01009670,313,229,122,36,5
S01009671,310,177,73,19,4
S01009672,386,254,124,49,9
S01009673,346,242,108,39,4
S01009674,422,287,104,20,15
S01009675,345,276,121,42,13
S01009676,415,285,112,35,7
S01009677,304,159,63,21,6
S01009678,269,174,84,36,3
S01009679,377,328,178,38,14
S01009680,371,236,82,35,3
S01009681,371,196,94,28,13
S01009682,314,201,74,22,7
S01009683,360,294,116,36,10
S01009684,647,359,126,29,10
S01009685,251,177,117,41,12
S01009686,413,314,154,61,10
S01009687,308,244,99,28,10
S01009688,324,257,139,52,17
S01009689,316,228,108,44,13
S01009690,255,209,98,41,17
S01009691,238,183,79,25,6
S01009692,448,363,164,45,6
S01009693,299,204,79,15,1
S01009694,338,355,161,40,13
S01009695,304,145,63,9,11
S01009696,447,291,110,32,11
S01009697,386,233,90,33,9
S01009698,338,166,90,21,10
S01009699,162,131,67,18,10
S01009700,329,202,89,36,6
S01009701,231,169,64,35,14
S01009702,311,192,80,38,12
S01009703,278,192,97,32,11
S01009704,391,297,112,35,10
S01009705,307,234,131,46,8
S01009706,288,196,78,28,9
S01009707,223,162,53,26,5
S01009708,526,334,149,61,26
S01009709,391,280,140,52,9
S01009710,212,158,56,13,3
S01009711,360,204,135,41,16
S01009712,282,185,109,38,11
S01009713,373,261,130,33,14
S01009714,416,297,145,39,9
S01009715,359,216,106,25,11
S01009716,315,221,88,31,6
S01009717,350,213,102,36,12
S01009718,327,232,94,36,11
S01009719,326,212,90,22,5
S01009720,294,238,125,30,14
S01009721,318,111,26,6,0
S01009722,951,491,150,29,7
S01009723,363,219,69,16,4
S01009724,428,286,96,46,15
S01009725,278,123,33,9,0
S01009726,691,331,52,5,0
S01009727,362,205,70,18,7
S01009728,380,259,82,18,6
S01009729,285,207,74,15,3
S01009730,208,140,81,29,21
S01009731,309,175,70,15,5
S01009732,437,233,77,15,5
S01009733,230,135,50,12,0
S01009734,518,262,66,25,7
S01009735,381,207,74,21,5
S01009736,2025,1325,269,51,5
S01009737,471,245,111,36,3
S01009738,244,176,67,16,3
S01009739,518,254,81,22,10
S01009740,261,170,70,31,12
S01009741,492,199,49,7,5
S01009742,243,154,61,14,4
S01009743,463,294,119,42,5
S01009744,334,220,94,21,4
S01009745,748,429,163,38,14
S01009746,236,178,71,23,9
S01009747,295,215,112,39,12
S01009748,399,268,130,43,6
S01009749,448,315,135,54,11
S01009750,351,237,94,38,6
S01009751,346,238,115,59,13
S01009752,341,181,58,16,3
S01009753,261,200,108,27,9
S01009754,455,285,129,39,12
S01009755,290,178,69,25,8
S01009756,352,236,57,23,8
S01009757,450,206,63,27,8
S01009758,236,201,74,28,8
S01009759,428,300,175,64,21
S01009760,435,322,161,89,25
S01009761,335,229,124,57,15
S01009762,413,294,187,66,22
S01009763,380,207,100,37,6
S01009764,293,201,109,57,13
S01009765,463,279,171,76,31
S01009766,186,130,62,25,11
S01009767,1371,679,283,125,45
S01009768,397,223,105,42,10
S01009769,604,299,95,43,18
S01009770,327,216,92,33,12
S01009771,439,239,106,28,7
S01009772,267,190,82,21,6
S01009773,358,199,76,19,5
S01009774,331,159,64,35,6
S01009775,1012,501,235,106,35
S01009776,305,185,117,54,21
S01009777,140,125,74,42,14
S01009778,290,263,180,91,33
S01009779,184,144,97,70,29
S01009780,249,186,105,57,27
S01009781,205,162,98,79,21
S01009782,368,238,109,55,13
S01009783,238,188,90,59,31
S01009784,424,288,192,84,42
S01009785,320,232,136,109,32
S01009786,411,256,196,129,35
S01009787,342,261,176,98,33
S01009788,348,254,159,79,34
S01009789,345,232,141,88,31
S01009790,242,152,98,53,25
S01009791,311,203,145,61,32
S01009792,544,275,128,30,15
S01009793,1029,431,163,52,22
S01009794,306,153,68,22,5
S01009795,453,236,68,27,13
S01009796,371,216,104,33,13
S01009797,416,252,96,28,7
S01009798,361,195,70,22,7
S01009799,319,239,168,96,31
S01009800,429,299,168,97,29
S01009801,365,263,167,94,18
S01009802,385,270,173,101,42
S01009803,268,203,133,76,26
S01009804,227,118,63,37,12
S01009805,388,279,195,122,41
S01009806,299,270,171,87,33
S01009807,328,216,117,61,21
S01009808,242,170,96,55,27
S01009809,281,191,93,51,20
S01009810,293,177,116,55,17
S01009811,344,272,199,112,45
S01009812,316,200,134,57,21
S01009813,424,260,162,68,23
S01009814,294,238,129,65,16
S01009815,291,173,98,59,11
S01009816,261,196,93,36,12
S01009817,260,205,140,60,13
S01009818,349,274,170,74,18
S01009819,255,177,66,25,15
S01009820,401,261,163,77,23
S01009821,338,221,81,41,12
S01009822,253,132,67,24,8
S01009823,251,214,146,66,33
S01009824,405,284,151,49,20
S01009825,384,268,164,73,38
S01009826,259,195,103,39,13
S01009827,428,284,141,73,26
S01009828,199,165,130,101,25
S01009829,402,305,166,89,18
S01009830,297,247,104,43,11
S01009831,251,199,91,42,9
S01009832,438,310,153,66,22
S01009833,212,159,54,32,6
S01009834,389,265,128,76,23
S01009835,260,160,81,46,21
S01009836,386,301,177,68,28
S01009837,216,161,143,86,24
S01009838,340,274,171,77,28
S01009839,309,263,162,69,15
S01009840,324,265,181,90,37
S01009841,301,268,144,62,24
S01009842,264,191,76,44,32
S01009843,351,236,175,98,29
S01009844,385,276,142,82,24
S01009845,346,233,109,81,21
S01009846,424,357,187,99,48
S01009847,280,213,131,68,16
S01009848,353,305,161,108,42
S01009849,323,247,133,79,23
S01009850,342,278,158,73,24
S01009851,389,242,158,95,30
S01009852,241,174,85,46,10
S01009853,374,211,129,64,20
S01009854,372,280,122,80,30
S01009855,262,191,71,36,17
S01009856,275,222,90,50,8
S01009857,415,253,115,60,29
S01009858,321,232,112,48,26
S01009859,500,400,236,128,40
S01009860,356,259,205,121,58
S01009861,425,335,174,99,39
S01009862,446,355,174,117,34
S01009863,394,297,137,60,21
S01009864,369,268,134,63,17
S01009865,334,311,114,39,7
S01009866,414,308,133,66,20
S01009867,557,362,170,75,25
S01009868,309,246,80,34,2
S01009869,378,254,87,29,11
S01009870,317,197,81,40,22
S01009871,474,345,185,99,38
S01009872,391,311,110,28,13
S01009873,315,265,126,59,13
S01009874,452,268,150,78,27
S01009875,364,289,113,53,13
S01009876,145,85,42,14,6
S01009877,507,278,118,37,9
S01009878,373,278,136,46,16
S01009879,573,225,78,15,5
S01009880,415,246,124,34,11
S01009881,426,270,146,60,23
S01009882,672,388,101,33,8
S01009883,396,214,89,29,12
S01009884,441,296,94,34,10
S01009885,392,190,81,31,11
S01009886,399,217,128,54,15
S01009887,456,362,153,73,15
S01009888,306,240,88,30,6
S01009889,478,277,105,60,18
S01009890,167,157,73,38,19
S01009891,333,258,84,44,16
S01009892,296,259,139,74,33
S01009893,394,301,127,43,14
S01009894,375,266,164,88,20
S01009895,383,300,147,83,32
S01009896,480,367,184,93,39
S01009897,502,332,173,71,20
S01009898,298,243,111,48,24
S01009899,379,213,95,49,8
S01009900,410,217,69,15,4
S01009901,526,279,87,21,6
S01009902,392,270,171,74,44
S01009903,478,314,101,36,16
S01009904,415,240,106,41,11
S01009905,393,255,87,40,10
S01009906,238,147,79,17,5
S01009907,425,307,136,43,20
S01009908,608,282,118,32,11
S01009909,500,304,113,30,9
S01009910,211,155,46,12,3
S01009911,512,223,99,31,12
S01009912,484,261,124,48,20
S01009913,433,220,94,33,3
S01009914,547,311,125,28,13
S01009915,509,248,102,20,3
S01009916,475,284,142,46,14
S01009917,385,202,67,15,2
S01009918,411,192,78,12,5
S01009919,610,347,168,52,14
S01009920,499,264,82,28,8
S01009921,420,209,80,17,6
S01009922,562,308,92,38,8
S01009923,412,271,126,37,12
S01009924,507,308,92,44,18
S01009925,427,206,79,19,7
S01009926,365,225,75,27,11
S01009927,281,158,87,30,7
S01009928,544,274,98,26,7
S01009929,322,178,75,13,0
S01009930,434,217,84,31,13
S01009931,389,213,48,14,4
S01009932,391,203,80,23,10
S01009933,367,234,127,82,31
S01009934,470,275,96,30,14
S01009935,405,271,194,99,41
S01009936,191,159,135,44,21
S01009937,141,96,70,40,18
S01009938,340,222,160,92,29
S01009939,198,189,85,58,22
S01009940,300,219,186,91,23
S01009941,509,307,149,34,17
S01009942,322,280,197,88,26
S01009943,296,271,163,90,40
S01009944,302,200,89,49,10
S01009945,406,308,187,86,27
S01009946,373,254,137,50,24
S01009947,292,167,94,49,17
S01009948,331,230,152,94,22
S01009949,333,254,127,48,16
S01009950,396,181,54,16,3
S01009951,403,176,71,17,6
S01009952,404,152,89,25,11
S01009953,459,247,99,40,8
S01009954,422,202,85,37,10
S01009955,605,312,186,68,27
S01009956,369,187,101,44,10
S01009957,459,179,71,15,6
S01009958,563,249,66,19,6
S01009959,351,171,85,20,7
S01009960,400,203,98,38,13
S01009961,342,200,80,27,11
S01009962,446,306,126,63,15
S01009963,370,231,112,28,12
S01009964,589,275,88,44,11
S01009965,405,223,120,42,7
S01009966,334,202,88,24,10
S01009967,412,231,93,30,12
S01009968,291,149,82,28,5
S01009969,460,216,87,24,8
S01009970,352,276,155,101,32
S01009971,501,317,177,117,34
S01009972,423,254,119,53,16
S01009973,285,201,107,38,20
S01009974,208,171,130,64,14
S01009975,356,237,179,124,47
S01009976,160,136,85,48,16
S01009977,184,175,151,99,57
S01009978,375,317,200,118,33
S01009979,265,206,101,76,26
S01009980,298,262,154,118,30
S01009981,243,188,140,69,31
S01009982,468,290,157,82,17
S01009983,273,164,116,54,26
S01009984,305,229,104,43,13
S01009985,230,158,103,47,10
S01009986,187,131,100,46,11
S01009987,276,242,201,99,24
S01009988,178,149,119,68,12
S01009989,331,276,118,71,26
S01009990,241,221,135,38,10
S01009991,304,234,89,35,17
S01009992,292,221,136,86,25
S01009993,352,213,113,39,6
S01009994,333,253,87,34,12
S01009995,247,186,70,31,6
S01009996,238,171,112,48,9
S01009997,270,197,88,43,9
S01009998,302,163,91,34,13
S01009999,327,200,96,26,6
S01010000,239,161,76,33,6
S01010001,335,223,127,29,20
S01010002,302,242,137,40,9
S01010003,297,190,86,24,14
S01010004,347,187,69,23,7
S01010005,635,350,114,50,15
S01010006,559,393,154,86,19
S01010007,465,247,101,29,9
S01010008,295,224,146,56,13
S01010009,227,211,74,46,11
S01010010,626,276,104,42,12
S01010011,302,222,122,54,21
S01010012,426,262,126,29,10
S01010013,413,297,123,38,6
S01010014,509,289,126,48,13
S01010015,361,206,87,30,8
S01010016,386,247,132,66,24
S01010017,258,198,110,58,22
S01010018,583,392,218,108,36
S01010019,264,255,158,81,43
S01010020,316,203,118,68,23
S01010021,361,230,112,63,28
S01010022,1189,703,265,106,29
S01010023,137,143,111,94,37
S01010024,330,230,147,86,42
S01010025,250,156,78,63,22
S01010026,395,274,136,79,37
S01010027,407,267,117,76,23
S01010028,237,178,115,52,34
S01010029,249,153,115,69,23
S01010030,394,265,112,25,14
S01010031,418,252,68,18,3
S01010032,432,247,76,27,4
S01010033,693,488,249,104,27
S01010034,718,558,254,130,41
S01010035,184,84,30,18,4
S01010036,483,269,66,9,3
S01010037,269,190,138,94,37
S01010038,414,349,143,78,35
S01010039,528,299,72,26,6
S01010040,369,273,112,48,15
S01010041,382,284,112,47,13
S01010042,470,339,113,54,25
S01010043,330,248,121,67,20
S01010044,447,326,189,98,37
S01010045,316,208,119,57,22
S01010046,574,352,198,114,39
S01010047,290,233,139,124,45
S01010048,1004,631,322,187,53
S01010049,302,259,161,75,32
S01010050,647,460,301,188,58
S01010051,306,294,186,89,44
S01010052,458,347,161,63,33
S01010053,416,266,126,76,23
S01010054,311,191,143,91,40
S01010055,349,308,218,125,51
S01010056,257,165,111,65,12
S01010057,219,169,112,51,12
S01010058,286,215,116,65,26
S01010059,223,170,103,40,10
S01010060,300,271,141,84,32
S01010061,219,152,85,27,14
S01010062,390,281,144,69,29
S01010063,362,292,239,90,42
S01010064,210,142,76,30,13
S01010065,279,227,125,87,36
S01010066,277,220,132,67,38
S01010067,302,203,83,65,20
S01010068,792,475,218,93,32
S01010069,344,219,127,39,21
S01010070,266,163,74,41,8
S01010071,290,228,137,50,25
S01010072,278,219,142,69,27
S01010073,321,206,116,55,25
S01010074,281,205,141,72,17
S01010075,232,177,115,61,19
S01010076,243,182,101,63,22
S01010077,236,145,110,68,15
S01010078,289,155,77,30,19
S01010079,391,259,114,41,22
S01010080,303,184,109,26,8
S01010081,253,201,81,51,15
S01010082,374,248,118,36,14
S01010083,210,178,115,67,22
S01010084,281,234,160,93,36
S01010085,316,202,106,23,10
S01010086,330,221,143,102,27
S01010087,235,176,93,36,12
S01010088,2611,919,238,68,20
S01010089,212,164,93,64,12
S01010090,393,231,144,60,36
S01010091,523,261,111,38,12
S01010092,246,243,150,105,42
S01010093,315,221,128,46,15
S01010094,284,195,95,47,10
S01010095,260,194,103,23,7
S01010096,289,222,89,30,12
S01010097,292,205,109,53,16
S01010098,329,218,101,27,9
S01010099,301,210,93,33,10
S01010100,309,250,122,46,17
S01010101,278,215,135,43,14
S01010102,352,192,82,25,5
S01010103,557,336,100,33,12
S01010104,504,258,91,36,9
S01010105,167,112,62,44,13
S01010106,64,62,43,15,6
S01010107,227,181,132,76,23
S01010108,238,192,109,78,23
S01010109,530,297,108,73,27
S01010110,261,246,172,109,28
S01010111,213,200,150,98,38
S01010112,361,282,183,108,51
S01010113,278,197,106,66,21
S01010114,246,230,135,90,30
S01010115,182,143,58,13,6
S01010116,797,449,164,43,20
S01010117,953,448,189,58,27
S01010118,289,204,146,87,23
S01010119,215,161,66,44,11
S01010120,418,304,228,135,39
S01010121,190,117,88,54,18
S01010122,151,123,94,84,22
S01010123,320,235,123,50,19
S01010124,326,186,86,39,10
S01010125,198,120,68,24,11
S01010126,311,227,108,58,26
S01010127,212,161,132,59,34
S01010128,229,173,99,39,19
S01010129,311,241,120,66,33
S01010130,460,228,138,44,17
S01010131,320,266,144,63,19
S01010132,323,235,173,100,36
S01010133,214,188,143,84,21
S01010134,335,290,226,106,51
S01010135,286,202,161,84,25
S01010136,298,228,154,62,21
S01010137,326,247,198,91,36
S01010138,206,229,175,133,44
S01010139,335,267,159,94,45
S01010140,311,282,111,46,17
S01010141,314,260,183,105,31
S01010142,245,228,132,79,25
S01010143,265,204,145,87,25
S01010144,272,211,129,62,18
S01010145,280,228,129,66,21
S01010146,238,205,107,72,22
S01010147,354,260,173,96,42
S01010148,663,347,162,76,39
S01010149,564,332,191,94,31
S01010150,269,204,200,107,37
S01010151,258,235,171,86,34
S01010152,292,202,140,54,28
S01010153,353,282,168,102,37
S01010154,291,245,185,107,37
S01010155,227,222,163,107,39
S01010156,151,154,96,63,16
S01010157,200,155,136,78,29
S01010158,300,223,164,80,36
S01010159,231,198,153,98,36
S01010160,172,178,72,52,9
S01010161,271,191,82,59,20
S01010162,358,259,143,65,15
S01010163,332,244,145,104,29
S01010164,343,229,167,73,26
S01010165,241,202,151,92,34
S01010166,523,305,174,74,24
S01010167,185,215,170,109,43
S01010168,198,137,93,34,14
S01010169,283,233,139,61,21
S01010170,173,139,89,40,21
S01010171,406,286,190,98,31
S01010172,246,228,150,85,40
S01010173,284,253,143,54,19
S01010174,400,493,312,129,21
S01010175,198,155,84,47,13
S01010176,268,216,120,71,28
S01010177,307,199,120,63,25
S01010178,354,268,192,75,32
S01010179,314,198,149,81,39
S01010180,382,290,95,61,15
S01010181,229,143,98,64,22
S01010182,214,206,112,39,9
S01010183,163,128,99,51,24
S01010184,222,170,128,58,24
S01010185,316,226,135,75,26
S01010186,272,182,95,31,11
S01010187,201,188,75,31,12
S01010188,1134,530,161,54,13
S01010189,520,294,89,24,8
S01010190,522,270,67,14,2
S01010191,376,189,74,30,3
S01010192,447,267,85,24,14
S01010193,341,227,151,46,11
S01010194,220,196,118,61,25
S01010195,236,190,77,42,20
S01010196,212,162,124,81,29
S01010197,217,176,136,50,32
S01010198,364,309,192,106,43
S01010199,223,169,102,58,33
S01010200,280,165,123,74,22
S01010201,283,178,103,36,12
S01010202,297,241,142,73,29
S01010203,267,226,84,33,11
S01010204,234,190,138,73,48
S01010205,173,177,96,47,24
S01010206,0,0,0,0,0
S01010207,101,68,41,36,7
S01010208,373,302,152,69,25
S01010209,439,283,222,98,40
S01010210,330,251,155,70,25
S01010211,266,183,144,82,36
S01010212,499,349,235,133,44
S01010213,295,255,192,94,31
S01010214,366,274,166,61,20
S01010215,288,254,175,121,46
S01010216,218,171,106,54,25
S01010217,272,192,87,42,14
S01010218,438,268,168,69,25
S01010219,46,45,22,9,4
S01010220,244,183,41,10,4
S01010221,236,200,145,92,31
S01010222,310,221,113,60,15
S01010223,171,163,86,57,25
S01010224,487,314,178,102,40
S01010225,311,266,143,74,22
S01010226,0,0,0,0,0
S01010227,0,0,0,0,0
S01010228,460,275,197,119,33
S01010229,511,387,215,107,42
S01010230,450,402,193,83,40
S01010231,425,281,146,90,27
S01010232,327,246,115,64,19
S01010233,305,219,132,85,22
S01010234,499,307,115,44,14
S01010235,436,234,87,34,7
S01010236,414,208,86,26,10
S01010237,330,227,83,25,6
S01010238,335,251,96,40,15
S01010239,275,238,138,70,28
S01010240,290,224,100,43,10
S01010241,366,300,171,69,23
S01010242,241,215,97,53,11
S01010243,417,321,137,74,25
S01010244,224,152,122,54,21
S01010245,285,201,146,89,40
S01010246,317,244,163,88,35
S01010247,245,232,150,74,35
S01010248,438,256,100,29,10
S01010249,337,216,67,19,6
S01010250,395,241,77,13,7
S01010251,329,196,47,12,3
S01010252,312,189,62,19,6
S01010253,240,216,105,59,16
S01010254,347,251,153,92,39
S01010255,402,310,160,86,33
S01010256,307,276,147,98,29
S01010257,1152,799,219,66,13
S01010258,831,478,81,18,5
S01010259,996,741,208,83,26
S01010260,1099,805,192,85,20
S01010261,1949,1252,265,63,22
S01010262,304,223,163,92,27
S01010263,395,212,58,11,5
S01010264,487,284,100,52,13
S01010265,561,295,66,12,2
S01010266,388,203,62,23,3
S01010267,425,252,61,10,4
S01010268,426,288,92,24,9
S01010269,263,144,57,16,5
S01010270,938,719,271,111,60
S01010271,830,437,119,37,7
S01010272,452,344,175,85,30
S01010273,505,311,70,12,0
S01010274,653,384,72,5,2
S01010275,435,257,68,13,5
S01010276,640,338,51,18,3
S01010277,334,222,154,65,24
S01010278,347,205,114,47,13
S01010279,359,191,81,38,13
S01010280,551,290,95,27,9
S01010281,449,304,72,30,8
S01010282,461,310,129,88,17
S01010283,630,291,83,23,12
S01010284,1397,827,217,56,13
S01010285,447,255,89,33,15
S01010286,1453,856,174,44,7
S01010287,468,206,49,17,6
S01010288,757,388,119,20,4
S01010289,592,245,59,15,6
S01010290,420,206,60,27,13
S01010291,677,336,126,43,7
S01010292,541,210,62,25,6
S01010293,531,348,101,44,8
S01010294,429,194,71,10,0
S01010295,580,305,101,29,4
S01010296,347,206,84,31,11
S01010297,622,438,178,82,33
S01010298,371,230,137,68,22
S01010299,237,200,116,48,18
S01010300,344,295,179,74,37
S01010301,207,148,39,9,1
S01010302,266,209,114,73,17
S01010303,324,237,104,34,13
S01010304,309,217,110,70,31
S01010305,385,234,139,102,26
S01010306,341,175,71,29,8
S01010307,476,205,71,16,9
S01010308,582,344,103,45,13
S01010309,85,70,46,39,8
S01010310,297,196,114,42,17
S01010311,343,192,118,78,23
S01010312,336,231,155,124,28
S01010313,242,181,104,62,26
S01010314,685,494,212,138,46
S01010315,396,294,115,55,11
S01010316,257,195,104,39,11
S01010317,551,266,118,51,13
S01010318,1223,700,186,98,25
S01010319,334,227,90,26,20
S01010320,388,255,94,57,19
S01010321,335,249,145,71,22
S01010322,550,254,86,28,9
S01010323,172,179,158,92,35
S01010324,213,209,153,104,49
S01010325,283,282,205,112,32
S01010326,525,369,185,113,38
S01010327,403,270,158,87,42
S01010328,387,299,190,90,43
S01010329,188,202,106,68,23
S01010330,205,173,122,70,25
S01010331,330,243,188,126,35
S01010332,333,246,161,81,34
S01010333,409,280,190,113,46
S01010334,453,327,177,87,28
S01010335,324,242,201,102,34
S01010336,238,205,93,70,20
S01010337,277,250,138,84,26
S01010338,197,141,98,67,18
S01010339,207,173,112,53,16
S01010340,348,213,133,63,23
S01010341,309,186,89,41,12
S01010342,209,180,100,32,12
S01010343,376,276,103,33,8
S01010344,267,198,157,66,23
S01010345,520,223,84,19,8
S01010346,412,281,147,42,16
S01010347,531,373,157,82,23
S01010348,281,255,156,77,18
S01010349,309,230,158,85,27
S01010350,418,296,189,99,29
S01010351,421,260,119,66,10
S01010352,222,150,89,52,27
S01010353,372,315,195,109,31
S01010354,289,215,141,51,20
S01010355,388,248,139,65,17
S01010356,382,234,139,51,10
S01010357,232,117,94,37,20
S01010358,320,235,181,93,34
S01010359,371,247,159,105,32
S01010360,386,221,117,47,15
S01010361,212,228,149,76,20
S01010362,242,230,155,64,12
S01010363,390,266,87,31,10
S01010364,557,275,108,25,4
S01010365,536,269,80,20,5
S01010366,545,318,112,34,8
S01010367,1059,543,134,41,10
S01010368,479,219,107,34,11
S01010369,368,204,63,25,5
S01010370,475,199,54,10,0
S01010371,739,283,90,27,6
S01010372,374,180,49,10,9
S01010373,480,212,77,25,5
S01010374,595,239,64,16,5
S01010375,393,174,34,9,3
S01010376,401,220,61,21,13
S01010377,597,253,64,25,9
S01010378,497,197,54,13,2
S01010379,712,315,90,29,7
S01010380,576,291,77,40,10
S01010381,306,170,44,20,4
S01010382,421,234,77,27,12
S01010383,291,176,128,32,25
S01010384,1017,615,132,28,10
S01010385,420,247,103,49,13
S01010386,745,480,161,76,18
S01010387,1204,744,175,66,20
S01010388,444,272,159,72,36
S01010389,696,316,87,31,7
S01010390,572,354,136,44,18
S01010391,384,228,96,59,19
S01010392,485,226,56,15,8
S01010393,498,317,102,50,16
S01010394,410,273,168,78,22
S01010395,494,318,140,60,11
S01010396,515,328,136,64,17
S01010397,405,146,69,24,6
S01010398,586,303,108,44,13
S01010399,705,300,75,17,5
S01010400,641,291,108,32,13
S01010401,407,252,79,25,12
S01010402,656,254,74,32,6
S01010403,620,308,108,37,9
S01010404,553,261,81,31,12
S01010405,610,250,73,28,7
S01010406,608,215,71,21,9
S01010407,577,249,57,32,8
S01010408,326,167,55,29,12
S01010409,345,145,33,9,3
S01010410,454,196,67,24,0
S01010411,714,283,79,14,6
S01010412,465,213,106,38,16
S01010413,457,247,97,31,5
S01010414,563,263,119,41,16
S01010415,504,340,159,91,31
S01010416,357,191,69,20,4
S01010417,349,160,61,10,0
S01010418,649,281,94,16,5
S01010419,600,250,92,17,6
S01010420,402,179,94,27,6
S01010421,533,194,61,23,3
S01010422,601,261,117,49,16
S01010423,308,252,141,76,20
S01010424,343,241,134,67,25
S01010425,375,301,185,94,45
S01010426,296,188,105,47,18
S01010427,424,311,156,65,23
S01010428,356,184,105,32,4
S01010429,641,279,95,31,9
S01010430,391,334,157,70,25
S01010431,381,162,53,20,9
S01010432,334,220,164,75,27
S01010433,277,161,84,43,25
S01010434,264,256,99,59,14
S01010435,259,189,104,47,21
S01010436,309,248,137,72,32
S01010437,221,169,103,52,11
S01010438,380,251,136,36,24
S01010439,359,309,140,59,27
S01010440,252,206,133,60,26
S01010441,466,322,105,46,8
S01010442,296,243,121,48,25
S01010443,240,176,108,42,9
S01010444,253,200,107,48,17
S01010445,296,244,207,108,33
S01010446,339,234,131,49,14
S01010447,331,273,206,116,36
S01010448,329,221,124,47,15
S01010449,268,218,130,85,27
S01010450,305,235,148,51,24
S01010451,417,257,153,79,24
S01010452,298,246,134,71,18
S01010453,255,208,105,53,24
S01010454,296,219,162,113,29
S01010455,253,196,152,118,29
S01010456,235,150,87,49,11
S01010457,170,131,79,27,9
S01010458,291,242,97,53,31
S01010459,186,142,73,52,12
S01010460,331,221,85,34,12
S01010461,263,217,132,51,32
S01010462,442,287,139,73,31
S01010463,350,244,115,44,19
S01010464,238,155,73,32,12
S01010465,455,282,111,30,9
S01010466,428,249,77,30,6
S01010467,428,222,113,47,16
S01010468,461,276,127,32,10
S01010469,284,191,92,42,14
S01010470,321,225,138,70,22
S01010471,298,217,117,49,15
S01010472,379,210,109,52,17
S01010473,331,255,122,35,23
S01010474,343,192,92,28,18
S01010475,388,237,86,27,9
S01010476,629,385,185,74,27
S01010477,404,236,100,54,23
S01010478,263,226,174,90,30
S01010479,415,338,189,84,31
S01010480,263,199,102,45,18
S01010481,245,186,108,49,22
S01010482,339,224,146,62,18
S01010483,472,334,172,101,38
S01010484,238,154,96,46,8
S01010485,481,269,133,61,15
S01010486,421,281,104,45,15
S01010487,513,329,175,61,21
S01010488,317,233,102,70,12
S01010489,424,293,208,123,29
S01010490,252,211,92,68,12
S01010491,301,257,123,70,24
S01010492,244,169,108,70,15
S01010493,301,213,126,60,28
S01010494,240,163,81,40,10
S01010495,327,211,152,90,36
S01010496,386,257,202,107,34
S01010497,215,150,89,58,23
S01010498,316,263,187,120,41
S01010499,351,265,172,106,37
S01010500,450,268,147,90,28
S01010501,487,334,172,80,45
S01010502,348,202,108,56,27
S01010503,251,182,136,64,20
S01010504,307,194,76,16,8
S01010505,280,150,75,20,9
S01010506,442,321,122,35,6
S01010507,316,257,86,37,9
S01010508,574,334,135,38,18
S01010509,506,297,113,34,10
S01010510,466,311,172,39,17
S01010511,412,250,119,40,16
S01010512,287,187,89,27,8
S01010513,391,234,83,28,10
S01010514,314,200,97,28,10
S01010515,323,213,117,43,14
S01010516,327,190,85,27,7
S01010517,360,267,99,30,5
S01010518,322,169,66,28,6
S01010519,382,224,82,27,14
S01010520,436,224,98,56,21
S01010521,352,243,122,35,8
S01010522,343,196,157,49,16
S01010523,278,229,88,44,15
S01010524,257,183,67,23,4
S01010525,324,191,84,28,5
S01010526,414,243,131,49,24
S01010527,365,266,163,67,22
S01010528,373,199,90,29,8
S01010529,370,228,112,29,4
S01010530,347,208,63,17,6
S01010531,569,319,173,38,14
S01010532,188,152,49,17,3
S01010533,276,170,69,22,9
S01010534,443,245,97,26,7
S01010535,402,183,60,11,4
S01010536,337,205,104,44,10
S01010537,296,210,99,18,8
S01010538,532,329,86,22,11
S01010539,456,315,102,33,16
S01010540,268,167,63,14,9
S01010541,511,279,92,29,10
S01010542,415,277,104,29,8
S01010543,275,159,61,19,3
S01010544,430,246,123,41,6
S01010545,381,246,114,29,7
S01010546,306,245,109,44,3
S01010547,425,243,77,25,5
S01010548,349,210,116,32,7
S01010549,1023,520,195,42,14
S01010550,271,141,71,21,8
S01010551,405,243,94,31,6
S01010552,349,242,85,17,4
S01010553,310,186,65,23,4
S01010554,237,217,99,28,15
S01010555,303,236,148,42,10
S01010556,333,289,183,78,23
S01010557,235,163,86,43,5
S01010558,343,275,123,42,8
S01010559,322,236,138,51,24
S01010560,303,167,80,19,10
S01010561,287,230,98,24,10
S01010562,295,237,104,38,12
S01010563,227,148,70,29,11
S01010564,162,141,83,44,10
S01010565,229,173,114,34,12
S01010566,710,370,135,33,5
S01010567,598,347,133,47,16
S01010568,952,484,199,54,14
S01010569,695,349,114,37,14
S01010570,412,303,165,52,14
S01010571,317,245,80,35,4
S01010572,313,197,98,44,3
S01010573,216,166,73,26,6
S01010574,267,190,59,16,3
S01010575,324,225,84,24,2
S01010576,423,266,86,24,4
S01010577,346,227,99,58,15
S01010578,241,143,73,30,11
S01010579,285,221,112,22,4
S01010580,281,216,93,27,13
S01010581,211,150,52,21,3
S01010582,877,583,262,64,8
S01010583,454,271,115,27,8
S01010584,534,285,97,29,3
S01010585,546,209,76,21,1
S01010586,380,255,81,30,6
S01010587,294,220,74,22,3
S01010588,294,161,94,42,15
S01010589,172,155,88,34,8
S01010590,516,223,59,11,3
S01010591,863,407,109,27,13
S01010592,211,160,57,9,4
S01010593,1028,530,167,44,18
S01010594,374,176,68,17,4
S01010595,492,181,61,20,3
S01010596,1200,527,112,31,10
S01010597,520,189,69,15,4
S01010598,623,237,68,20,6
S01010599,1245,520,140,33,6
S01010600,575,336,165,57,13
S01010601,312,185,108,36,7
S01010602,266,145,51,20,5
S01010603,387,240,81,22,7
S01010604,227,136,51,12,4
S01010605,503,333,126,41,7
S01010606,356,276,116,34,12
S01010607,360,226,78,23,5
S01010608,260,211,103,49,8
S01010609,224,186,74,35,8
S01010610,326,243,80,19,9
S01010611,363,310,113,48,20
S01010612,295,262,108,22,5
S01010613,229,214,120,71,13
S01010614,277,163,107,51,17
S01010615,387,225,89,23,7
S01010616,392,251,81,20,5
S01010617,406,270,103,23,2
S01010618,365,216,75,11,5
S01010619,217,228,89,37,14
S01010620,253,223,99,43,8
S01010621,446,257,117,22,9
S01010622,235,179,104,55,19
S01010623,525,200,69,20,7
S01010624,292,221,92,47,21
S01010625,345,200,101,26,7
S01010626,443,289,163,47,11
S01010627,358,233,114,41,9
S01010628,412,295,132,35,7
S01010629,394,282,183,65,31
S01010630,238,156,80,25,8
S01010631,227,173,94,38,14
S01010632,340,301,148,55,15
S01010633,420,299,213,85,21
S01010634,209,180,98,35,8
S01010635,293,257,121,63,7
S01010636,353,261,90,30,9
S01010637,185,184,96,40,15
S01010638,297,264,120,45,14
S01010639,445,365,209,79,21
S01010640,272,228,83,27,3
S01010641,288,281,168,92,31
S01010642,439,367,257,83,32
S01010643,269,227,143,53,17
S01010644,231,195,135,96,22
S01010645,202,138,64,15,2
S01010646,331,208,80,29,11
S01010647,235,201,97,36,9
S01010648,280,190,75,21,12
S01010649,252,173,76,23,4
S01010650,874,472,198,58,27
S01010651,252,185,91,40,12
S01010652,451,274,107,34,10
S01010653,196,178,85,22,4
S01010654,332,202,122,47,14
S01010655,481,301,124,31,7
S01010656,361,241,99,23,7
S01010657,339,204,78,34,7
S01010658,425,236,85,23,7
S01010659,372,219,65,20,4
S01010660,272,193,86,42,14
S01010661,276,198,126,34,9
S01010662,430,275,105,36,10
S01010663,495,272,93,33,4
S01010664,349,255,90,17,5
S01010665,484,353,137,52,12
S01010666,536,317,147,60,11
S01010667,312,213,71,27,9
S01010668,558,349,194,39,14
S01010669,303,163,77,34,3
S01010670,398,226,113,28,19
S01010671,362,235,110,23,10
S01010672,323,180,99,41,7
S01010673,437,271,132,57,15
S01010674,529,283,151,34,14
S01010675,359,208,111,30,14
S01010676,565,308,107,42,6
S01010677,268,174,80,17,7
S01010678,359,223,101,30,12
S01010679,199,187,90,28,10
S01010680,347,179,127,44,10
S01010681,494,310,144,42,10
S01010682,555,336,142,23,14
S01010683,539,288,130,45,17
S01010684,388,262,127,35,7
S01010685,266,217,89,34,8
S01010686,285,221,94,42,10
S01010687,386,283,116,46,13
S01010688,387,245,105,27,4
S01010689,325,253,112,44,13
S01010690,299,176,78,36,7
S01010691,376,237,101,31,6
S01010692,383,231,95,33,5
S01010693,224,179,86,22,5
S01010694,245,223,100,33,9
S01010695,335,216,90,27,8
S01010696,530,296,132,40,17
S01010697,531,353,142,46,5
S01010698,359,216,115,33,18
S01010699,276,172,61,20,9
S01010700,297,168,68,15,4
S01010701,515,307,139,53,8
S01010702,427,304,149,32,14
S01010703,453,269,110,19,7
S01010704,253,167,100,29,12
S01010705,747,406,169,47,14
S01010706,397,244,99,30,20
S01010707,638,384,147,42,13
S01010708,235,192,77,25,7
S01010709,344,194,97,28,6
S01010710,332,192,113,37,19
S01010711,420,222,98,24,11
S01010712,349,202,103,31,15
S01010713,330,191,86,23,10
S01010714,186,158,102,45,23
S01010715,318,238,119,39,17
S01010716,370,301,155,72,17
S01010717,308,195,87,16,5
S01010718,572,324,129,46,19
S01010719,324,183,97,21,6
S01010720,525,327,159,43,7
S01010721,295,221,80,26,1
S01010722,348,283,125,27,13
S01010723,508,317,85,33,4
S01010724,519,255,118,37,10
S01010725,675,300,92,27,16
S01010726,416,254,157,28,9
S01010727,394,208,45,16,6
S01010728,342,127,66,19,4
S01010729,360,196,77,22,4
S01010730,464,302,129,26,22
S01010731,425,256,137,33,7
S01010732,290,236,125,53,20
S01010733,218,201,81,47,7
S01010734,413,220,175,52,18
S01010735,331,229,90,38,2
S01010736,257,180,74,16,3
S01010737,553,428,213,101,45
S01010738,204,188,89,30,10
S01010739,342,254,140,53,7
S01010740,175,152,95,44,14
S01010741,498,305,151,39,15
S01010742,314,233,115,38,6
S01010743,275,216,105,48,15
S01010744,430,297,171,52,18
S01010745,175,199,105,58,15
S01010746,462,331,121,51,14
S01010747,355,267,124,59,14
S01010748,312,168,89,27,4
S01010749,313,164,94,29,7
S01010750,254,192,110,29,10
S01010751,331,223,106,68,12
S01010752,396,250,127,35,13
S01010753,491,310,205,94,20
S01010754,239,183,89,42,7
S01010755,239,149,91,34,6
S01010756,313,194,100,25,9
S01010757,283,208,119,38,16
S01010758,341,263,122,38,10
S01010759,265,187,97,26,3
S01010760,374,215,128,41,10
S01010761,210,197,59,19,3
S01010762,253,178,79,31,7
S01010763,350,200,101,26,12
S01010764,278,191,87,27,4
S01010765,490,308,144,48,15
S01010766,381,242,123,35,11
S01010767,266,220,130,48,16
S01010768,215,172,85,28,9
S01010769,230,166,74,23,3
S01010770,310,238,123,52,17
S01010771,334,259,166,71,13
S01010772,308,261,140,66,19
S01010773,286,265,144,55,22
S01010774,307,190,129,62,11
S01010775,471,246,76,22,10
S01010776,252,154,81,19,7
S01010777,182,157,85,34,4
S01010778,233,124,99,39,8
S01010779,282,209,121,59,14
S01010780,247,172,87,24,8
S01010781,358,232,76,22,17
S01010782,240,193,119,36,14
S01010783,213,132,87,38,11
S01010784,310,197,109,37,14
S01010785,308,214,86,17,5
S01010786,374,207,117,26,9
S01010787,394,265,139,41,17
S01010788,307,172,99,22,14
S01010789,293,222,88,32,9
S01010790,321,230,103,32,11
S01010791,378,302,130,43,9
S01010792,233,172,102,33,18
S01010793,263,229,91,20,2
S01010794,304,189,67,21,8
S01010795,444,312,128,47,19
S01010796,461,234,104,38,7
S01010797,433,229,87,20,6
S01010798,298,207,86,29,5
S01010799,220,222,135,38,17
S01010800,298,226,104,36,12
S01010801,269,219,112,30,17
S01010802,207,168,51,13,6
S01010803,257,166,106,38,10
S01010804,272,187,103,24,8
S01010805,439,284,111,29,12
S01010806,322,270,136,61,29
S01010807,268,169,71,26,5
S01010808,233,156,66,21,0
S01010809,350,215,102,37,8
S01010810,241,162,93,23,7
S01010811,360,262,140,51,17
S01010812,186,144,83,21,9
S01010813,194,136,59,25,8
S01010814,311,207,81,19,6
S01010815,180,121,62,16,7
S01010816,324,183,86,25,11
S01010817,496,265,77,19,15
S01010818,529,295,116,32,15
S01010819,375,254,117,33,12
S01010820,358,181,81,19,11
S01010821,333,166,69,6,2
S01010822,327,192,87,23,7
S01010823,206,102,35,15,3
S01010824,406,184,57,14,4
S01010825,629,249,67,14,5
S01010826,302,236,96,35,6
S01010827,279,165,71,24,4
S01010828,625,351,135,30,8
S01010829,399,298,125,50,19
S01010830,293,190,81,25,8
S01010831,357,170,34,10,3
S01010832,299,153,76,23,6
S01010833,441,258,71,39,5
S01010834,450,353,134,34,15
S01010835,276,170,66,17,4
S01010836,437,230,105,22,6
S01010837,399,207,103,39,9
S01010838,329,257,97,26,15
S01010839,369,247,91,32,10
S01010840,173,159,75,33,12
S01010841,332,223,111,43,9
S01010842,243,240,183,91,24
S01010843,239,184,147,46,17
S01010844,314,199,79,16,9
S01010845,209,166,59,35,7
S01010846,260,194,113,45,11
S01010847,273,174,67,23,5
S01010848,334,216,133,70,21
S01010849,431,271,141,78,24
S01010850,313,223,179,81,28
S01010851,434,284,145,71,24
S01010852,321,194,124,66,19
S01010853,442,256,149,79,32
S01010854,331,254,141,69,35
S01010855,204,143,94,43,11
S01010856,331,262,165,56,24
S01010857,394,242,103,35,16
S01010858,236,194,94,51,12
S01010859,343,265,175,68,23
S01010860,177,167,93,50,9
S01010861,216,183,104,75,22
S01010862,251,148,134,67,21
S01010863,467,201,105,30,9
S01010864,290,189,83,18,7
S01010865,401,263,127,26,8
S01010866,303,197,112,36,11
S01010867,317,192,93,32,6
S01010868,320,179,138,51,29
S01010869,409,197,80,13,3
S01010870,256,203,125,43,14
S01010871,399,252,126,36,10
S01010872,292,219,143,53,8
S01010873,131,139,113,60,20
S01010874,361,194,95,32,15
S01010875,229,146,78,34,18
S01010876,303,229,125,57,36
S01010877,377,233,121,57,13
S01010878,407,341,202,87,19
S01010879,385,241,112,51,14
S01010880,208,159,67,27,7
S01010881,216,168,101,40,8
S01010882,237,136,52,16,7
S01010883,345,219,117,27,8
S01010884,228,196,161,75,31
S01010885,319,286,189,83,29
S01010886,103,91,52,29,10
S01010887,276,232,126,95,33
S01010888,311,256,138,70,22
S01010889,134,119,84,45,23
S01010890,220,229,152,116,46
S01010891,98,118,105,77,30
S01010892,261,260,200,84,36
S01010893,169,163,122,53,17
S01010894,269,191,126,53,26
S01010895,167,112,69,33,10
S01010896,260,259,147,59,26
S01010897,288,197,174,77,18
S01010898,267,162,98,49,15
S01010899,251,166,57,38,11
S01010900,351,242,124,57,17
S01010901,228,149,108,72,19
S01010902,361,242,171,86,14
S01010903,272,235,183,109,25
S01010904,199,171,107,68,20
S01010905,502,308,188,78,37
S01010906,477,289,155,61,21
S01010907,427,197,63,16,7
S01010908,289,193,97,72,12
S01010909,278,175,105,28,10
S01010910,204,128,88,50,19
S01010911,158,140,148,61,28
S01010912,211,188,126,70,36
S01010913,310,210,85,41,11
S01010914,255,165,77,28,8
S01010915,314,202,93,44,5
S01010916,137,100,55,27,16
S01010917,228,153,69,41,11
S01010918,232,180,121,64,22
S01010919,271,237,125,58,22
S01010920,327,210,98,86,20
S01010921,229,168,123,68,22
S01010922,305,242,188,122,40
S01010923,342,255,126,66,17
S01010924,198,171,96,50,19
S01010925,240,199,125,55,18
S01010926,354,228,154,65,25
S01010927,231,159,116,44,18
S01010928,319,195,131,52,22
S01010929,258,184,101,50,27
S01010930,483,267,85,23,6
S01010931,584,323,106,30,5
S01010932,328,218,113,57,17
S01010933,817,324,120,27,10
S01010934,489,314,117,24,6
S01010935,273,211,113,31,10
S01010936,235,196,121,59,9
S01010937,287,275,96,27,8
S01010938,333,281,154,57,12
S01010939,241,155,60,14,0
S01010940,299,204,81,18,8
S01010941,375,238,114,30,8
S01010942,350,188,64,13,7
S01010943,274,192,97,42,10
S01010944,218,176,109,27,11
S01010945,266,188,89,33,7
S01010946,351,308,153,50,15
S01010947,232,149,87,25,6
S01010948,267,198,106,33,17
S01010949,445,286,118,38,9
S01010950,310,266,120,44,8
S01010951,311,229,113,21,1
S01010952,223,157,68,12,7
S01010953,208,187,74,28,6
S01010954,454,230,67,18,2
S01010955,1397,499,123,30,7
S01010956,1179,607,148,47,14
S01010957,251,179,73,18,2
S01010958,216,147,76,27,8
S01010959,334,188,74,28,5
S01010960,653,361,162,65,21
S01010961,271,173,100,34,15
S01010962,161,187,124,49,18
S01010963,416,262,123,38,13
S01010964,365,203,88,28,18
S01010965,183,146,62,41,13
S01010966,326,214,104,36,17
S01010967,274,210,104,44,9
S01010968,294,226,89,27,5
S01010969,307,239,103,35,10
S01010970,501,320,167,53,15
S01010971,515,332,121,46,13
S01010972,308,244,125,43,16
S01010973,209,150,73,27,13
S01010974,284,259,118,56,16
S01010975,181,139,78,41,9
S01010976,181,139,105,30,18
S01010977,287,193,105,29,17
S01010978,318,207,120,66,18
S01010979,398,288,145,35,13
S01010980,292,225,113,55,12
S01010981,308,241,116,39,18
S01010982,576,354,167,55,26
S01010983,309,233,125,40,16
S01010984,294,200,117,31,12
S01010985,295,214,84,26,2
S01010986,321,146,35,7,0
S01010987,373,153,39,11,9
S01010988,348,155,53,6,2
S01010989,643,293,74,23,6
S01010990,361,270,116,41,14
S01010991,2587,967,258,74,18
S01010992,373,136,38,6,3
S01010993,273,185,92,24,4
S01010994,859,470,170,53,10
S01010995,316,220,77,21,6
S01010996,263,150,62,20,3
S01010997,307,216,83,24,5
S01010998,507,201,71,20,4
S01010999,474,318,116,41,9
S01011000,1813,774,220,68,22
S01011001,259,166,136,41,8
S01011002,269,223,136,43,8
S01011003,345,199,102,32,9
S01011004,334,209,73,26,10
S01011005,277,225,122,59,16
S01011006,1179,632,225,55,14
S01011007,294,253,95,30,21
S01011008,383,260,153,53,12
S01011009,173,138,74,40,10
S01011010,194,187,98,49,11
S01011011,295,238,159,83,22
S01011012,292,227,135,71,16
S01011013,372,249,155,56,14
S01011014,332,237,105,38,6
S01011015,159,132,61,33,5
S01011016,1173,494,119,44,11
S01011017,898,441,176,54,18
S01011018,365,271,115,39,11
S01011019,857,401,135,37,7
S01011020,850,349,131,17,10
S01011021,428,266,129,48,21
S01011022,294,195,103,31,15
S01011023,369,258,152,59,8
S01011024,326,266,118,37,9
S01011025,289,234,105,52,8
S01011026,219,177,106,36,11
S01011027,444,284,175,74,18
S01011028,401,287,156,53,24
S01011029,272,175,106,47,14
S01011030,353,291,113,43,12
S01011031,418,284,154,56,16
S01011032,291,258,132,49,7
S01011033,238,183,100,29,17
S01011034,245,166,117,44,28
S01011035,264,173,105,49,16
S01011036,259,203,91,38,17
S01011037,703,402,175,63,18
S01011038,439,294,132,74,28
S01011039,648,359,169,73,18
S01011040,345,251,107,42,10
S01011041,313,170,129,56,36
S01011042,372,242,103,39,3
S01011043,306,272,130,47,21
S01011044,283,217,117,40,19
S01011045,279,202,90,32,8
S01011046,381,302,113,25,10
S01011047,472,305,125,34,7
S01011048,384,280,135,43,12
S01011049,305,216,107,26,7
S01011050,301,176,71,18,7
S01011051,478,316,128,51,21
S01011052,294,273,122,53,18
S01011053,248,174,95,21,12
S01011054,265,163,70,15,3
S01011055,257,159,65,9,8
S01011056,415,218,99,30,14
S01011057,239,181,78,25,3
S01011058,318,191,83,22,8
S01011059,272,205,67,24,3
S01011060,317,258,140,37,8
S01011061,301,291,157,51,10
S01011062,405,310,127,33,15
S01011063,463,326,166,52,13
S01011064,457,302,122,35,11
S01011065,331,243,99,34,7
S01011066,182,121,68,15,4
S01011067,169,135,83,36,4
S01011068,191,155,101,20,10
S01011069,201,163,68,22,11
S01011070,213,185,73,12,1
S01011071,280,274,93,30,11
S01011072,615,497,165,64,23
S01011073,319,236,93,30,4
S01011074,312,189,84,25,9
S01011075,253,228,98,41,11
S01011076,302,247,120,37,13
S01011077,329,234,107,43,11
S01011078,1061,503,195,51,15
S01011079,514,332,142,30,9
S01011080,395,299,153,51,19
S01011081,320,249,100,39,10
S01011082,184,154,104,38,11
S01011083,297,265,135,45,17
S01011084,325,234,98,28,16
S01011085,356,278,118,49,5
S01011086,373,263,148,33,8
S01011087,204,183,99,31,5
S01011088,414,339,134,37,6
S01011089,246,212,114,27,16
S01011090,484,315,124,37,12
S01011091,290,201,79,22,11
S01011092,250,176,87,56,16
S01011093,1826,900,244,87,25
S01011094,718,345,116,32,13
S01011095,410,279,92,32,5
S01011096,645,326,120,36,13
S01011097,370,248,79,27,6
S01011098,290,255,83,24,20
S01011099,294,264,140,40,12
S01011100,147,154,72,20,8
S01011101,196,195,71,27,10
S01011102,185,157,79,47,6
S01011103,172,144,62,33,5
S01011104,226,189,161,51,14
S01011105,285,261,167,53,23
S01011106,503,264,99,33,7
S01011107,596,324,121,41,17
S01011108,216,172,61,31,17
S01011109,246,222,103,29,9
S01011110,244,211,90,40,10
S01011111,307,299,131,45,11
S01011112,414,184,73,11,0
S01011113,359,279,150,45,12
S01011114,323,212,90,21,4
S01011115,346,251,128,37,8
S01011116,242,216,88,32,10
S01011117,357,239,112,19,6
S01011118,447,254,102,22,10
S01011119,427,266,101,35,14
S01011120,338,218,75,25,7
S01011121,200,187,101,30,12
S01011122,250,234,93,18,6
S01011123,480,406,163,53,16
S01011124,311,213,67,23,0
S01011125,160,146,79,32,6
S01011126,184,122,60,15,11
S01011127,312,85,15,2,1
S01011128,383,257,108,28,5
S01011129,553,237,113,38,1
S01011130,206,170,95,26,18
S01011131,271,193,85,20,11
S01011132,389,244,105,28,14
S01011133,183,154,65,24,8
S01011134,264,251,140,41,16
S01011135,281,234,118,29,5
S01011136,219,177,88,21,10
S01011137,250,130,52,17,2
S01011138,312,187,91,27,5
S01011139,944,387,67,18,5
S01011140,204,165,65,36,8
S01011141,216,170,69,26,13
S01011142,677,360,102,18,5
S01011143,500,324,144,58,10
S01011144,319,192,59,26,4
S01011145,324,220,89,18,10
S01011146,332,248,99,37,16
S01011147,384,290,128,47,9
S01011148,324,252,95,27,8
S01011149,375,219,81,30,7
S01011150,518,285,99,18,4
S01011151,319,140,53,20,4
S01011152,278,154,76,24,3
S01011153,571,347,145,42,5
S01011154,185,138,97,43,6
S01011155,262,213,120,31,8
S01011156,222,161,70,11,7
S01011157,215,190,88,26,3
S01011158,295,192,70,26,4
S01011159,243,185,101,35,18
S01011160,362,296,103,28,8
S01011161,258,189,98,24,11
S01011162,224,157,67,18,3
S01011163,258,247,128,25,16
S01011164,353,262,136,49,16
S01011165,221,245,134,51,7
S01011166,167,131,53,11,3
S01011167,335,237,93,30,4
S01011168,729,425,144,48,12
S01011169,795,395,136,39,8
S01011170,497,338,141,45,16
S01011171,418,284,153,42,8
S01011172,350,241,127,37,10
S01011173,286,181,90,23,6
S01011174,174,135,92,37,14
S01011175,296,193,91,28,9
S01011176,243,188,90,24,5
S01011177,376,231,120,36,10
S01011178,213,151,80,29,6
S01011179,197,155,102,53,17
S01011180,246,170,115,51,27
S01011181,466,265,104,41,8
S01011182,406,218,91,27,10
S01011183,245,175,77,30,7
S01011184,609,313,129,34,17
S01011185,279,213,97,22,13
S01011186,335,305,137,71,23
S01011187,269,211,106,33,8
S01011188,390,288,144,72,23
S01011189,308,249,146,50,12
S01011190,204,160,112,54,20
S01011191,218,148,93,31,9
S01011192,278,181,102,39,16
S01011193,249,221,110,49,16
S01011194,214,210,116,45,16
S01011195,323,231,124,51,7
S01011196,287,245,152,94,28
S01011197,347,264,152,59,23
S01011198,307,185,110,57,22
S01011199,526,298,147,65,18
S01011200,276,235,110,54,12
S01011201,290,173,97,37,7
S01011202,285,264,134,59,22
S01011203,274,216,120,71,20
S01011204,226,163,77,18,10
S01011205,470,181,41,18,2
S01011206,274,208,71,24,16
S01011207,301,167,107,63,19
S01011208,387,247,90,35,11
S01011209,251,161,93,46,15
S01011210,313,183,63,29,18
S01011211,314,170,74,31,16
S01011212,182,164,86,31,17
S01011213,485,360,242,87,28
S01011214,336,234,131,61,22
S01011215,208,136,86,43,12
S01011216,180,131,73,46,14
S01011217,312,263,132,59,18
S01011218,504,319,188,74,24
S01011219,216,224,123,66,28
S01011220,345,244,145,74,16
S01011221,346,318,147,69,18
S01011222,321,231,129,57,17
S01011223,309,231,118,55,12
S01011224,208,187,143,66,28
S01011225,318,213,115,62,10
S01011226,438,323,177,62,22
S01011227,252,239,126,51,20
S01011228,285,256,154,72,31
S01011229,153,140,120,50,22
S01011230,207,177,133,88,25
S01011231,199,157,120,50,23
S01011232,235,252,154,96,22
S01011233,697,348,116,55,15
S01011234,435,298,153,95,36
S01011235,107,79,62,33,4
S01011236,164,132,91,47,15
S01011237,305,230,106,60,21
S01011238,195,195,90,56,17
S01011239,158,178,147,77,19
S01011240,216,220,129,91,30
S01011241,335,278,231,94,36
S01011242,362,247,142,69,16
S01011243,259,225,216,120,26
S01011244,171,168,136,62,18
S01011245,269,206,145,74,23
S01011246,330,280,189,88,22
S01011247,333,232,145,55,15
S01011248,316,210,123,39,19
S01011249,308,209,108,32,7
S01011250,460,312,157,59,20
S01011251,354,265,171,61,21
S01011252,293,207,119,70,17
S01011253,338,261,148,65,25
S01011254,389,285,106,25,6
S01011255,451,217,61,23,2
S01011256,269,169,38,12,1
S01011257,123,139,63,13,7
S01011258,214,126,67,21,10
S01011259,258,181,130,59,12
S01011260,277,211,112,49,7
S01011261,365,276,122,77,24
S01011262,178,122,71,24,11
S01011263,632,357,189,68,20
S01011264,278,172,98,47,19
S01011265,416,323,137,81,20
S01011266,328,236,178,64,11
S01011267,185,186,68,37,16
S01011268,106,107,62,15,5
S01011269,183,154,126,45,9
S01011270,173,165,142,59,23
S01011271,268,232,146,65,13
S01011272,255,190,151,67,21
S01011273,361,202,137,52,19
S01011274,391,229,129,59,30
S01011275,269,192,114,52,16
S01011276,379,277,160,56,24
S01011277,234,211,107,24,9
S01011278,174,153,44,18,8
S01011279,276,190,108,37,2
S01011280,250,187,80,18,5
S01011281,308,189,67,11,7
S01011282,439,238,121,43,9
S01011283,423,177,69,16,3
S01011284,379,135,42,9,3
S01011285,314,215,124,61,12
S01011286,231,168,110,57,19
S01011287,394,258,159,61,24
S01011288,331,236,119,65,22
S01011289,317,272,160,67,23
S01011290,463,364,272,106,25
S01011291,229,222,136,72,26
S01011292,214,179,148,82,24
S01011293,272,184,118,47,22
S01011294,244,292,178,100,33
S01011295,532,329,157,58,12
S01011296,185,167,98,45,17
S01011297,298,219,142,71,11
S01011298,296,232,90,30,9
S01011299,246,159,67,22,6
S01011300,365,262,148,66,21
S01011301,394,207,95,37,10
S01011302,220,215,200,92,30
S01011303,426,284,147,43,18
S01011304,296,222,107,35,16
S01011305,386,229,99,35,19
S01011306,221,177,105,44,9
S01011307,920,502,189,71,21
S01011308,238,168,73,26,0
S01011309,349,205,111,24,6
S01011310,360,199,110,42,20
S01011311,379,201,95,23,8
S01011312,496,333,139,22,14
S01011313,250,211,120,45,16
S01011314,496,296,149,63,15
S01011315,161,84,57,19,18
S01011316,342,206,132,57,16
S01011317,358,250,126,33,12
S01011318,333,308,171,58,19
S01011319,327,246,137,40,6
S01011320,237,178,92,56,18
S01011321,301,223,82,31,11
S01011322,284,175,97,37,8
S01011323,336,249,127,42,20
S01011324,251,174,84,47,13
S01011325,253,214,142,69,25
S01011326,182,230,157,65,20
S01011327,193,189,144,69,10
S01011328,285,214,131,50,18
S01011329,370,334,188,49,17
S01011330,365,269,112,34,6
S01011331,390,257,107,24,11
S01011332,341,206,96,27,8
S01011333,311,260,132,33,9
S01011334,265,144,67,22,2
S01011335,404,314,156,54,16
S01011336,300,177,86,41,9
S01011337,300,248,107,36,9
S01011338,326,188,98,32,12
S01011339,218,190,93,19,7
S01011340,277,190,110,50,12
S01011341,275,211,100,49,12
S01011342,309,238,115,42,13
S01011343,309,247,139,84,17
S01011344,335,277,123,67,18
S01011345,341,225,110,53,10
S01011346,213,194,112,50,15
S01011347,364,323,178,89,16
S01011348,374,276,155,66,27
S01011349,402,263,106,27,8
S01011350,260,177,86,29,7
S01011351,222,196,110,58,20
S01011352,257,195,121,46,16
S01011353,232,172,124,78,16
S01011354,340,196,93,29,4
S01011355,375,260,150,68,14
S01011356,620,356,134,23,14
S01011357,289,228,127,53,15
S01011358,213,147,40,17,3
S01011359,250,220,149,81,14
S01011360,172,163,83,39,14
S01011361,6,19,33,18,4
S01011362,438,224,71,37,14
S01011363,275,258,145,87,28
S01011364,306,216,87,29,8
S01011365,381,184,48,13,3
S01011366,173,125,132,49,10
S01011367,352,221,133,66,33
S01011368,591,243,81,20,2
S01011369,325,199,133,57,9
S01011370,417,154,72,22,3
S01011371,314,272,165,71,24
S01011372,212,211,136,68,18
S01011373,263,188,100,57,18
S01011374,368,209,82,33,7
S01011375,277,178,74,40,6
S01011376,163,152,101,53,16
S01011377,743,275,84,19,7
S01011378,337,224,119,52,19
S01011379,796,334,116,37,12
S01011380,338,197,98,34,6
S01011381,324,195,119,42,14
S01011382,467,274,108,58,20
S01011383,187,186,138,87,25
S01011384,260,203,132,101,25
S01011385,386,270,166,89,39
S01011386,268,182,132,70,17
S01011387,347,234,126,76,17
S01011388,577,306,126,60,19
S01011389,288,266,131,73,25
S01011390,261,218,131,68,31
S01011391,257,211,106,45,14
S01011392,235,201,123,47,22
S01011393,333,252,177,85,19
S01011394,319,162,45,8,4
S01011395,263,241,176,70,16
S01011396,253,262,142,86,27
S01011397,288,249,182,88,32
S01011398,263,192,131,73,25
S01011399,191,148,104,49,7
S01011400,316,211,102,37,13
S01011401,286,176,125,36,15
S01011402,348,309,218,64,31
S01011403,216,134,83,36,11
S01011404,268,241,165,69,24
S01011405,246,210,104,30,11
S01011406,414,255,125,53,18
S01011407,534,356,180,66,24
S01011408,321,273,139,68,24
S01011409,332,257,143,77,24
S01011410,258,166,92,35,17
S01011411,281,199,123,41,22
S01011412,325,282,130,39,14
S01011413,229,166,71,20,5
S01011414,331,247,139,57,14
S01011415,349,249,163,75,17
S01011416,229,206,86,28,5
S01011417,369,291,155,73,18
S01011418,191,150,114,59,19
S01011419,182,146,98,52,24
S01011420,193,167,88,45,16
S01011421,326,180,85,23,7
S01011422,243,187,122,53,15
S01011423,216,149,94,54,16
S01011424,218,185,93,32,15
S01011425,348,237,143,77,25
S01011426,868,385,112,50,11
S01011427,214,133,115,27,13
S01011428,182,189,99,56,19
S01011429,409,432,232,88,18
S01011430,409,284,160,62,19
S01011431,402,294,203,93,42
S01011432,407,309,198,68,22
S01011433,414,239,138,57,18
S01011434,256,159,107,45,8
S01011435,506,340,143,61,21
S01011436,268,196,121,60,22
S01011437,265,193,129,62,23
S01011438,190,132,79,58,18
S01011439,429,273,164,64,29
S01011440,206,171,104,45,15
S01011441,329,200,133,60,23
S01011442,307,214,145,76,16
S01011443,223,158,119,58,25
S01011444,279,234,128,56,23
S01011445,187,140,95,25,10
S01011446,1234,541,150,54,20
S01011447,370,259,113,75,22
S01011448,296,207,131,59,13
S01011449,193,134,84,57,22
S01011450,356,161,78,26,10
S01011451,2160,880,221,69,24
S01011452,392,269,154,44,12
S01011453,327,196,108,44,20
S01011454,290,223,147,68,17
S01011455,230,207,133,62,25
S01011456,313,240,152,80,22
S01011457,322,242,142,76,30
S01011458,689,352,145,47,18
S01011459,591,331,137,50,21
S01011460,261,151,67,26,8
S01011461,279,223,116,72,16
S01011462,434,268,151,58,16
S01011463,887,397,153,60,20
S01011464,358,153,63,12,6
S01011465,291,204,126,58,19
S01011466,402,217,91,54,24
S01011467,234,172,81,35,17
S01011468,560,258,76,13,1
S01011469,389,247,125,49,19
S01011470,497,349,170,88,29
S01011471,357,274,169,63,26
S01011472,219,185,113,34,17
S01011473,222,203,173,103,21
S01011474,242,205,152,92,23
S01011475,207,212,155,81,27
S01011476,195,127,43,15,5
S01011477,377,276,115,30,9
S01011478,784,325,118,36,10
S01011479,619,324,130,50,15
S01011480,503,307,115,35,12
S01011481,546,204,96,50,7
S01011482,374,266,170,81,25
S01011483,235,168,42,23,4
S01011484,371,234,143,85,34
S01011485,400,260,159,95,21
S01011486,217,152,97,62,25
S01011487,414,244,184,87,24
S01011488,324,252,137,80,15
S01011489,371,233,82,26,9
S01011490,386,333,211,105,25
S01011491,145,129,89,37,21
S01011492,314,257,114,62,10
S01011493,233,155,43,15,10
S01011494,317,212,126,65,17
S01011495,321,275,137,78,21
S01011496,245,221,111,58,24
S01011497,392,181,79,30,11
S01011498,308,179,68,16,12
S01011499,345,204,132,57,12
S01011500,181,118,89,29,20
S01011501,194,206,126,71,18
S01011502,284,208,118,46,13
S01011503,256,177,105,42,17
S01011504,472,248,135,54,12
S01011505,270,211,135,57,19
S01011506,198,147,82,33,12
S01011507,258,208,110,48,20
S01011508,362,279,147,54,17
S01011509,230,169,101,36,10
S01011510,392,323,157,86,32
S01011511,193,165,93,51,13
S01011512,333,256,147,65,35
S01011513,288,213,140,73,29
S01011514,371,289,161,73,24
S01011515,161,170,87,33,15
S01011516,431,254,116,36,16
S01011517,219,149,93,35,14
S01011518,257,195,138,58,16
S01011519,280,229,123,49,21
S01011520,293,192,101,55,25
S01011521,355,291,170,92,27
S01011522,324,234,161,94,28
S01011523,269,220,123,53,18
S01011524,314,231,123,37,11
S01011525,367,250,169,73,25
S01011526,407,282,160,56,26
S01011527,252,209,112,48,7
S01011528,327,267,181,95,31
S01011529,210,185,95,51,14
S01011530,374,265,198,70,29
S01011531,547,289,154,58,21
S01011532,339,194,62,18,4
S01011533,263,205,136,60,27
S01011534,295,243,137,61,24
S01011535,470,286,192,109,39
S01011536,283,197,89,28,5
S01011537,247,170,45,15,8
S01011538,393,201,80,33,10
S01011539,257,194,147,71,30
S01011540,424,313,180,100,24
S01011541,489,367,182,70,37
S01011542,398,291,151,84,30
S01011543,299,242,109,62,22
S01011544,251,166,124,65,12
S01011545,353,218,122,43,15
S01011546,380,180,73,25,7
S01011547,308,142,45,8,5
S01011548,347,253,112,46,19
S01011549,331,183,95,43,4
S01011550,291,201,80,30,6
S01011551,299,141,81,33,14
S01011552,294,170,87,33,9
S01011553,563,210,54,15,7
S01011554,433,276,198,74,27
S01011555,239,143,91,36,16
S01011556,160,135,91,43,20
S01011557,279,176,124,61,27
S01011558,248,175,104,39,16
S01011559,203,136,77,46,15
S01011560,309,204,131,64,19
S01011561,324,245,135,64,20
S01011562,344,213,132,71,31
S01011563,284,197,133,58,29
S01011564,452,270,121,71,21
S01011565,381,261,137,60,18
S01011566,342,220,122,62,22
S01011567,342,237,189,96,25
S01011568,341,188,107,37,13
S01011569,469,212,131,53,10
S01011570,282,180,116,48,23
S01011571,163,171,141,81,28
S01011572,274,185,114,44,13
S01011573,500,313,157,84,25
S01011574,336,221,101,41,17
S01011575,258,142,86,32,4
S01011576,230,190,176,112,37
S01011577,275,202,103,49,11
S01011578,259,186,104,78,17
S01011579,561,282,122,32,9
S01011580,450,193,105,37,17
S01011581,235,178,145,75,29
S01011582,541,339,161,64,17
S01011583,268,206,105,64,22
S01011584,262,194,128,51,23
S01011585,274,182,106,48,24
S01011586,200,216,135,57,18
S01011587,259,193,103,51,22
S01011588,310,215,141,67,15
S01011589,353,243,132,52,21
S01011590,293,207,123,59,14
S01011591,199,156,93,68,21
S01011592,207,169,101,49,27
S01011593,238,172,107,46,19
S01011594,171,135,74,41,14
S01011595,278,165,72,26,8
S01011596,441,376,194,92,31
S01011597,188,178,119,63,21
S01011598,0,0,0,0,0
S01011599,331,246,152,61,21
S01011600,201,178,152,63,30
S01011601,375,228,95,33,3
S01011602,818,333,109,45,19
S01011603,324,239,149,96,40
S01011604,139,134,57,34,14
S01011605,370,234,151,75,27
S01011606,621,289,98,27,10
S01011607,288,187,81,22,6
S01011608,463,263,117,46,18
S01011609,286,255,174,94,36
S01011610,317,255,120,66,23
S01011611,579,273,177,64,15
S01011612,429,170,47,12,2
S01011613,347,242,111,41,8
S01011614,202,103,63,32,11
S01011615,291,209,107,63,15
S01011616,207,132,78,41,9
S01011617,342,266,158,70,22
S01011618,250,190,99,59,16
S01011619,517,327,109,39,10
S01011620,638,279,76,27,11
S01011621,358,210,117,35,10
S01011622,401,156,78,26,13
S01011623,362,204,128,43,19
S01011624,330,224,82,44,17
S01011625,226,145,104,35,12
S01011626,397,233,65,23,5
S01011627,429,172,65,14,3
S01011628,547,356,125,31,17
S01011629,228,140,104,51,15
S01011630,267,204,135,63,13
S01011631,266,168,104,62,18
S01011632,328,223,124,62,17
S01011633,281,210,107,63,12
S01011634,198,153,79,36,11
S01011635,260,187,118,50,26
S01011636,265,210,109,49,25
S01011637,256,175,118,51,15
S01011638,94,113,90,41,18
S01011639,182,165,111,58,14
S01011640,277,198,125,57,26
S01011641,192,143,72,31,6
S01011642,348,201,121,46,8
S01011643,443,221,112,48,13
S01011644,321,187,104,63,17
S01011645,212,139,90,42,9
S01011646,258,192,91,25,6
S01011647,410,211,97,25,9
S01011648,663,282,99,34,15
S01011649,265,149,76,34,7
S01011650,398,223,113,46,4
S01011651,351,254,125,60,23
S01011652,278,204,105,38,11
S01011653,376,266,141,65,31
S01011654,350,259,150,83,22
S01011655,272,221,157,99,34
S01011656,168,144,87,43,25
S01011657,153,109,85,58,16
S01011658,289,226,126,66,25
S01011659,352,212,161,73,18
S01011660,322,264,132,53,25
S01011661,182,156,91,41,10
S01011662,332,170,77,33,5
S01011663,240,170,111,52,13
S01011664,434,278,182,85,40
S01011665,228,192,147,66,35
S01011666,268,229,157,79,30
S01011667,276,186,155,82,32
S01011668,354,249,172,67,32
S01011669,276,156,123,48,23
S01011670,198,138,76,38,14
S01011671,301,212,140,59,6
S01011672,218,164,95,48,7
S01011673,254,164,121,58,10
S01011674,688,345,149,55,22
S01011675,394,287,153,62,25
S01011676,273,170,126,58,18
S01011677,408,199,96,31,15
S01011678,202,148,91,45,12
S01011679,358,171,68,21,6
S01011680,409,272,176,95,37
S01011681,349,234,132,51,23
S01011682,258,151,77,23,13
S01011683,1068,510,202,81,30
S01011684,240,165,97,37,8
S01011685,421,244,76,21,11
S01011686,402,243,119,30,9
S01011687,354,246,127,63,28
S01011688,833,374,123,51,21
S01011689,647,241,97,26,9
S01011690,561,259,108,40,8
S01011691,442,194,72,23,8
S01011692,425,279,196,98,26
S01011693,377,220,108,35,15
S01011694,315,147,57,14,5
S01011695,2295,879,231,66,18
S01011696,703,274,82,20,6
S01011697,631,280,103,42,18
S01011698,438,294,134,60,17
S01011699,644,343,137,43,11
S01011700,283,207,115,66,19
S01011701,506,279,114,46,9
S01011702,285,208,83,36,10
S01011703,1055,439,143,29,13
S01011704,357,210,63,27,8
S01011705,378,232,113,51,25
S01011706,407,288,143,78,35
S01011707,482,291,115,34,11
S01011708,433,254,144,68,12
S01011709,604,349,160,63,24
S01011710,230,135,77,33,22
S01011711,243,192,111,51,12
S01011712,235,199,118,39,13
S01011713,292,228,141,48,20
S01011714,235,152,38,17,0
S01011715,228,165,85,41,8
S01011716,440,242,87,19,12
S01011717,301,172,98,34,15
S01011718,472,194,77,14,4
S01011719,317,207,65,23,2
S01011720,221,148,58,20,2
S01011721,315,235,140,59,16
S01011722,313,240,141,66,28
S01011723,451,338,155,59,25
S01011724,370,211,82,37,13
S01011725,307,168,53,27,5
S01011726,291,148,63,27,5
S01011727,575,192,61,19,5
S01011728,400,260,148,48,9
S01011729,270,174,100,54,20
S01011730,280,238,154,51,20
S01011731,357,239,147,63,15
S01011732,281,232,92,40,5
S01011733,304,240,118,45,19
S01011734,335,207,120,47,19
S01011735,307,218,87,43,9
S01011736,308,214,103,29,18
S01011737,314,215,112,38,6
S01011738,423,332,185,61,18
S01011739,263,224,111,56,19
S01011740,329,246,157,70,25
S01011741,238,231,148,46,19
S01011742,315,245,115,41,20
S01011743,283,266,111,53,4
S01011744,367,262,164,83,26
S01011745,286,260,153,87,32
S01011746,229,155,83,45,26
S01011747,336,311,166,65,29
S01011748,287,243,124,50,10
S01011749,240,189,104,70,16
S01011750,292,289,163,80,17
S01011751,268,193,102,52,14
S01011752,399,268,149,52,15
S01011753,333,271,147,47,20
S01011754,274,250,132,52,21
S01011755,344,316,131,55,20
S01011756,367,301,159,66,17
S01011757,274,207,149,65,16
S01011758,237,157,100,33,17
S01011759,345,223,139,52,10
S01011760,318,278,167,77,18
S01011761,296,219,88,43,15
S01011762,256,181,109,48,13
S01011763,346,204,127,57,19
S01011764,142,117,43,22,4
S01011765,439,270,104,37,10
S01011766,273,177,70,25,8
S01011767,297,232,145,67,27
S01011768,352,259,133,67,19
S01011769,243,183,127,59,26
S01011770,299,264,141,63,19
S01011771,332,191,64,9,0
S01011772,546,274,109,34,13
S01011773,295,162,53,9,6
S01011774,436,242,102,44,15
S01011775,360,196,73,13,6
S01011776,680,272,131,46,7
S01011777,340,169,58,23,2
S01011778,368,155,72,30,7
S01011779,349,198,110,34,9
S01011780,446,261,115,29,16
S01011781,258,158,52,20,6
S01011782,252,183,83,23,9
S01011783,218,142,63,24,11
S01011784,318,233,162,63,23
S01011785,346,225,122,47,21
S01011786,284,130,32,4,4
S01011787,433,298,168,79,36
S01011788,445,165,63,15,3
S01011789,1694,625,197,73,30
S01011790,680,390,177,65,19
S01011791,263,186,130,44,26
S01011792,355,299,199,122,29
S01011793,620,337,165,63,14
S01011794,315,230,151,77,28
S01011795,183,179,92,50,22
S01011796,338,225,128,63,28
S01011797,490,274,121,37,6
S01011798,213,181,93,42,9
S01011799,379,267,130,45,11
S01011800,233,170,96,38,8
S01011801,255,156,82,27,10
S01011802,276,194,113,50,16
S01011803,362,229,111,53,13
S01011804,289,227,93,27,11
S01011805,238,181,62,20,3
S01011806,444,293,102,37,10
S01011807,564,379,110,26,6
S01011808,362,224,99,26,10
S01011809,416,221,97,35,6
S01011810,475,324,134,30,4
S01011811,473,360,103,25,4
S01011812,297,244,80,19,3
S01011813,392,286,84,16,7
S01011814,417,282,82,29,8
S01011815,645,332,81,10,7
S01011816,465,234,78,14,3
S01011817,728,418,135,35,6
S01011818,470,296,127,28,18
S01011819,348,262,121,35,1
S01011820,365,297,123,52,21
S01011821,143,99,56,13,5
S01011822,258,206,101,31,11
S01011823,280,198,98,19,9
S01011824,261,230,96,28,10
S01011825,238,165,63,14,5
S01011826,273,219,102,16,5
S01011827,170,189,95,32,9
S01011828,458,323,147,46,14
S01011829,232,140,65,16,5
S01011830,230,197,104,19,10
S01011831,347,314,137,63,20
S01011832,334,276,115,30,18
S01011833,531,253,103,29,16
S01011834,694,297,105,25,2
S01011835,450,271,108,26,17
S01011836,464,249,78,30,6
S01011837,367,194,56,10,7
S01011838,550,295,101,16,8
S01011839,421,314,138,33,9
S01011840,594,349,140,50,11
S01011841,415,275,129,51,15
S01011842,428,313,140,57,14
S01011843,706,371,130,36,20
S01011844,579,266,89,20,9
S01011845,448,268,122,37,8
S01011846,544,269,116,33,7
S01011847,223,150,59,12,3
S01011848,390,212,67,24,3
S01011849,536,303,121,39,9
S01011850,855,379,98,19,5
S01011851,431,212,120,38,5
S01011852,441,333,158,53,13
S01011853,469,249,73,34,6
S01011854,382,264,135,35,16
S01011855,381,255,105,35,14
S01011856,340,216,80,31,8
S01011857,355,206,73,34,6
S01011858,418,283,133,38,12
S01011859,336,283,159,41,18
S01011860,262,126,42,6,3
S01011861,380,195,87,23,4
S01011862,480,270,134,24,12
S01011863,391,225,102,38,9
S01011864,426,254,70,16,7
S01011865,290,185,72,24,10
S01011866,370,245,110,31,13
S01011867,464,334,141,43,20
S01011868,423,276,109,34,10
S01011869,353,267,108,33,12
S01011870,305,246,114,35,13
S01011871,1217,578,211,55,23
S01011872,536,260,88,21,3
S01011873,366,258,102,30,4
S01011874,319,224,64,23,3
S01011875,319,251,104,31,9
S01011876,548,268,90,37,12
S01011877,255,181,78,16,7
S01011878,1344,679,164,39,12
S01011879,322,168,63,16,1
S01011880,331,174,68,14,4
S01011881,434,314,114,48,8
S01011882,377,293,171,54,10
S01011883,789,447,115,42,12
S01011884,231,163,45,12,3
S01011885,427,200,67,17,5
S01011886,395,248,118,26,4
S01011887,294,198,62,25,8
S01011888,355,298,111,42,20
S01011889,414,250,116,44,14
S01011890,349,177,87,22,6
S01011891,341,365,267,67,26
S01011892,454,287,100,27,1
S01011893,453,391,166,72,14
S01011894,268,208,90,24,6
S01011895,313,168,67,19,6
S01011896,475,271,77,24,8
S01011897,591,320,119,27,4
S01011898,448,188,66,6,7
S01011899,326,274,95,19,6
S01011900,402,234,57,20,5
S01011901,510,252,82,25,4
S01011902,482,327,149,32,11
S01011903,435,277,92,29,8
S01011904,379,251,92,39,12
S01011905,390,202,65,18,3
S01011906,179,121,58,20,2
S01011907,316,235,95,22,10
S01011908,412,248,77,11,7
S01011909,584,325,84,24,5
S01011910,341,299,112,60,13
S01011911,277,208,105,35,5
S01011912,278,229,112,42,9
S01011913,208,230,106,43,2
S01011914,391,309,130,55,19
S01011915,397,272,120,35,13
S01011916,196,173,76,35,6
S01011917,235,179,82,23,7
S01011918,380,289,135,61,13
S01011919,359,334,115,56,10
S01011920,214,188,101,46,14
S01011921,230,195,103,34,11
S01011922,284,204,102,46,12
S01011923,352,281,191,61,31
S01011924,171,155,54,16,9
S01011925,493,219,52,17,9
S01011926,249,255,94,41,12
S01011927,202,230,114,36,9
S01011928,277,226,109,36,6
S01011929,218,205,109,42,10
S01011930,272,238,101,31,13
S01011931,708,505,197,85,22
S01011932,253,193,87,13,10
S01011933,251,217,105,39,12
S01011934,335,320,109,31,10
S01011935,318,293,144,36,8
S01011936,317,247,100,61,15
S01011937,241,181,110,45,6
S01011938,264,200,87,32,6
S01011939,251,246,115,50,10
S01011940,234,172,113,35,4
S01011941,302,253,117,40,3
S01011942,319,272,178,57,10
S01011943,412,387,241,106,27
S01011944,263,160,48,14,7
S01011945,442,208,71,17,4
S01011946,358,213,99,39,15
S01011947,230,161,75,20,7
S01011948,496,381,183,60,16
S01011949,409,281,98,30,7
S01011950,296,234,135,56,15
S01011951,358,192,87,25,3
S01011952,286,146,47,10,4
S01011953,474,304,91,33,2
S01011954,220,148,88,24,12
S01011955,452,379,149,44,30
S01011956,530,280,96,27,2
S01011957,401,214,92,20,12
S01011958,729,399,154,41,8
S01011959,407,289,118,37,11
S01011960,605,267,85,15,9
S01011961,491,259,85,24,9
S01011962,410,198,54,28,7
S01011963,351,191,67,23,4
S01011964,486,342,134,32,17
S01011965,392,227,101,36,9
S01011966,442,239,81,36,11
S01011967,619,400,139,57,20
S01011968,539,278,118,40,5
S01011969,419,378,153,50,9
S01011970,355,253,144,55,17
S01011971,356,175,94,24,5
S01011972,484,352,123,39,11
S01011973,322,232,103,30,11
S01011974,443,253,118,42,11
S01011975,206,165,63,14,2
S01011976,326,263,99,35,11
S01011977,482,408,147,55,26
S01011978,309,231,135,42,29
S01011979,691,410,178,55,14
S01011980,346,241,75,30,7
S01011981,403,309,111,41,5
S01011982,500,304,108,41,10
S01011983,351,251,94,33,7
S01011984,309,182,116,69,22
S01011985,280,207,83,29,11
S01011986,206,208,102,51,11
S01011987,489,340,161,51,15
S01011988,232,193,94,33,5
S01011989,363,233,122,30,10
S01011990,494,318,122,40,4
S01011991,315,196,118,36,10
S01011992,424,342,162,60,16
S01011993,300,239,132,51,10
S01011994,338,253,143,83,9
S01011995,646,352,99,36,12
S01011996,194,160,70,26,11
S01011997,376,287,117,39,9
S01011998,311,185,51,16,7
S01011999,329,176,68,33,8
S01012000,222,136,63,17,0
S01012001,304,225,89,27,6
S01012002,236,153,75,29,10
S01012003,262,171,71,28,5
S01012004,406,332,120,41,13
S01012005,419,249,76,40,6
S01012006,1049,525,162,47,16
S01012007,386,248,109,37,5
S01012008,519,305,116,38,7
S01012009,299,211,86,20,2
S01012010,540,401,210,64,9
S01012011,489,364,120,41,11
S01012012,317,225,114,36,6
S01012013,416,224,86,32,10
S01012014,348,241,127,31,13
S01012015,488,299,121,28,8
S01012016,334,177,92,29,4
S01012017,269,164,61,10,5
S01012018,458,241,77,25,3
S01012019,516,287,133,29,11
S01012020,294,154,107,53,20
S01012021,282,142,70,12,9
S01012022,312,185,100,36,11
S01012023,242,132,52,11,0
S01012024,460,248,106,27,7
S01012025,403,238,106,29,12
S01012026,745,244,71,17,3
S01012027,500,233,133,50,15
S01012028,513,258,101,15,8
S01012029,1294,739,391,164,60
S01012030,4101,1347,328,74,19
S01012031,489,201,79,18,4
S01012032,231,110,47,13,6
S01012033,383,230,126,47,10
S01012034,348,235,117,40,10
S01012035,368,279,138,38,7
S01012036,384,236,107,38,11
S01012037,557,332,184,78,20
S01012038,342,257,153,90,19
S01012039,414,302,189,81,20
S01012040,319,198,93,27,8
S01012041,392,278,121,55,21
S01012042,575,357,177,73,23
S01012043,362,271,135,73,32
S01012044,330,261,158,117,34
S01012045,417,354,192,84,20
S01012046,283,174,137,70,20
S01012047,300,203,157,76,13
S01012048,252,216,166,93,19
S01012049,244,184,115,39,10
S01012050,422,288,120,44,10
S01012051,234,149,95,42,10
S01012052,287,268,163,56,21
S01012053,340,260,141,66,14
S01012054,268,193,98,47,15
S01012055,383,279,143,77,21
S01012056,294,228,109,56,16
S01012057,365,246,105,29,8
S01012058,311,222,82,25,12
S01012059,298,255,140,77,17
S01012060,346,247,169,53,20
S01012061,432,295,125,41,13
S01012062,838,398,133,38,12
S01012063,258,195,70,26,10
S01012064,268,193,104,55,19
S01012065,312,177,106,44,18
S01012066,424,295,139,64,28
S01012067,193,152,94,56,19
S01012068,184,110,108,49,22
S01012069,150,121,69,43,13
S01012070,263,195,128,73,19
S01012071,551,360,235,123,39
S01012072,419,375,214,92,31
S01012073,464,296,121,35,13
S01012074,347,203,59,30,6
S01012075,297,212,64,24,6
S01012076,346,236,127,67,19
S01012077,314,262,124,63,14
S01012078,405,282,136,44,16
S01012079,315,251,157,81,15
S01012080,368,219,129,42,11
S01012081,338,208,135,65,17
S01012082,217,170,116,51,16
S01012083,234,206,158,81,25
S01012084,247,169,77,19,8
S01012085,307,223,118,26,11
S01012086,313,287,159,64,13
S01012087,351,274,149,62,17
S01012088,329,218,73,31,4
S01012089,401,244,106,28,10
S01012090,431,254,97,29,9
S01012091,229,182,63,17,4
S01012092,208,156,74,21,4
S01012093,176,131,73,24,6
S01012094,442,240,95,30,6
S01012095,469,316,159,56,22
S01012096,348,261,153,63,19
S01012097,386,207,87,37,14
S01012098,263,177,88,45,12
S01012099,292,209,175,72,36
S01012100,541,401,222,91,32
S01012101,344,224,107,29,6
S01012102,263,206,111,53,13
S01012103,422,288,129,37,6
S01012104,518,250,63,24,5
S01012105,521,373,112,43,13
S01012106,534,307,132,36,12
S01012107,352,220,96,27,7
S01012108,170,216,209,113,45
S01012109,451,296,174,61,20
S01012110,317,257,175,68,21
S01012111,301,234,120,65,15
S01012112,275,228,129,76,19
S01012113,421,305,159,80,20
S01012114,419,238,90,32,10
S01012115,227,171,84,41,9
S01012116,312,201,80,38,17
S01012117,924,347,113,35,5
S01012118,294,181,64,24,9
S01012119,407,268,119,28,13
S01012120,667,264,136,40,10
S01012121,419,321,218,113,27
S01012122,344,214,110,54,12
S01012123,255,178,78,34,7
S01012124,193,138,72,27,6
S01012125,269,241,149,71,18
S01012126,382,225,86,29,8
S01012127,709,551,234,80,23
S01012128,263,201,76,28,9
S01012129,241,219,133,54,19
S01012130,397,318,244,116,26
S01012131,603,403,194,104,24
S01012132,338,296,116,58,16
S01012133,296,185,92,34,9
S01012134,446,319,159,90,29
S01012135,312,290,186,100,31
S01012136,291,262,125,67,20
S01012137,387,289,177,78,24
S01012138,431,264,140,50,19
S01012139,410,277,131,63,32
S01012140,288,155,81,20,6
S01012141,535,258,91,26,7
S01012142,401,287,141,37,8
S01012143,437,257,111,23,5
S01012144,498,330,121,36,14
S01012145,600,256,103,24,12
S01012146,333,285,158,101,23
S01012147,298,215,129,69,25
S01012148,219,221,109,52,18
S01012149,400,236,129,66,18
S01012150,386,253,157,73,17
S01012151,244,167,100,34,14
S01012152,210,211,131,66,13
S01012153,405,292,133,63,28
S01012154,249,242,112,62,17
S01012155,227,223,104,61,22
S01012156,584,395,193,70,31
S01012157,493,316,155,61,23
S01012158,725,378,128,36,5
S01012159,222,175,66,19,12
S01012160,282,227,82,22,6
S01012161,181,118,78,36,6
S01012162,544,292,169,90,25
S01012163,409,250,113,39,18
S01012164,552,313,97,36,7
S01012165,332,309,162,67,19
S01012166,241,185,105,26,8
S01012167,284,222,117,59,14
S01012168,310,210,111,37,11
S01012169,361,218,138,52,23
S01012170,404,336,188,79,26
S01012171,412,314,159,84,19
S01012172,248,197,107,46,13
S01012173,268,214,119,41,12
S01012174,488,255,92,19,6
S01012175,309,204,104,27,16
S01012176,317,232,118,31,12
S01012177,290,186,87,31,5
S01012178,239,178,79,21,7
S01012179,229,158,94,37,7
S01012180,275,201,103,32,19
S01012181,326,199,112,43,19
S01012182,1733,769,221,66,18
S01012183,646,383,171,74,22
S01012184,601,326,101,20,10
S01012185,385,303,146,63,17
S01012186,276,211,139,46,14
S01012187,225,189,120,57,20
S01012188,227,187,114,31,11
S01012189,259,181,89,36,11
S01012190,300,140,45,14,4
S01012191,346,204,104,31,3
S01012192,386,186,73,22,2
S01012193,239,153,52,11,3
S01012194,262,147,59,4,6
S01012195,569,270,129,34,18
S01012196,260,155,57,19,4
S01012197,325,192,104,56,9
S01012198,356,269,132,51,19
S01012199,286,219,106,40,14
S01012200,262,167,103,42,11
S01012201,325,209,119,42,11
S01012202,287,172,69,24,6
S01012203,311,237,90,35,19
S01012204,341,200,75,22,11
S01012205,310,185,85,26,3
S01012206,409,229,101,26,8
S01012207,410,288,145,54,18
S01012208,458,329,153,60,28
S01012209,350,233,106,42,12
S01012210,360,202,119,64,22
S01012211,473,279,101,42,13
S01012212,310,233,109,25,4
S01012213,360,246,89,23,4
S01012214,374,244,65,19,8
S01012215,400,250,80,15,4
S01012216,378,223,79,25,8
S01012217,234,167,85,45,9
S01012218,227,140,85,55,12
S01012219,307,277,171,67,15
S01012220,194,186,118,68,19
S01012221,249,186,103,45,25
S01012222,277,260,196,99,27
S01012223,253,178,137,59,31
S01012224,416,252,118,63,15
S01012225,427,285,162,69,23
S01012226,336,189,107,34,13
S01012227,288,195,94,44,4
S01012228,327,199,100,28,8
S01012229,307,216,85,24,5
S01012230,478,289,105,18,10
S01012231,457,195,57,18,2
S01012232,454,228,59,28,9
S01012233,497,233,101,16,1
S01012234,629,257,76,26,7
S01012235,305,141,55,17,3
S01012236,449,250,82,25,6
S01012237,486,213,65,17,1
S01012238,248,176,103,45,14
S01012239,227,152,94,40,5
S01012240,386,249,114,53,18
S01012241,293,160,57,14,3
S01012242,572,223,63,23,5
S01012243,438,156,55,20,7
S01012244,533,242,73,17,4
S01012245,357,225,84,40,12
S01012246,608,296,100,25,5
S01012247,404,244,94,27,7
S01012248,468,225,92,24,10
S01012249,434,254,126,39,8
S01012250,756,328,101,24,5
S01012251,484,332,140,45,20
S01012252,338,214,88,17,14
S01012253,414,262,142,44,10
S01012254,415,282,110,33,4
S01012255,357,292,154,38,16
S01012256,347,213,63,17,4
S01012257,476,296,98,43,8
S01012258,416,234,61,8,5
S01012259,383,200,76,18,5
S01012260,473,280,125,53,15
S01012261,558,230,61,14,4
S01012262,787,338,107,31,8
S01012263,317,241,111,28,10
S01012264,247,128,62,11,4
S01012265,382,238,121,39,9
S01012266,533,326,169,53,19
S01012267,431,254,97,26,4
S01012268,399,207,73,21,9
S01012269,442,347,141,43,5
S01012270,341,283,115,40,10
S01012271,1198,658,223,52,22
S01012272,383,188,101,29,8
S01012273,491,245,108,28,8
S01012274,456,295,125,25,8
S01012275,348,255,128,43,10
S01012276,512,317,161,48,9
S01012277,522,321,160,53,11
S01012278,313,256,104,54,19
S01012279,313,250,113,45,16
S01012280,427,310,135,41,17
S01012281,313,208,108,28,6
S01012282,460,356,171,49,10
S01012283,482,266,106,37,7
S01012284,325,262,127,41,17
S01012285,283,172,97,26,8
S01012286,361,349,192,45,7
S01012287,244,242,149,57,19
S01012288,270,244,139,67,17
S01012289,468,268,129,30,9
S01012290,270,157,83,34,17
S01012291,666,322,121,33,11
S01012292,404,220,104,23,6
S01012293,186,169,82,18,5
S01012294,408,261,128,35,12
S01012295,419,201,80,31,15
S01012296,603,247,104,25,6
S01012297,409,204,63,26,7
S01012298,457,287,115,24,7
S01012299,384,188,63,17,8
S01012300,254,207,95,38,8
S01012301,450,254,141,34,8
S01012302,313,192,57,40,10
S01012303,527,302,128,20,7
S01012304,570,318,124,33,9
S01012305,359,316,159,72,20
S01012306,252,185,118,34,14
S01012307,239,219,84,46,4
S01012308,458,310,104,27,8
S01012309,304,198,107,31,12
S01012310,570,347,157,51,17
S01012311,223,178,78,29,7
S01012312,489,326,153,55,17
S01012313,348,239,101,24,10
S01012314,397,281,130,51,7
S01012315,256,240,137,55,19
S01012316,260,195,98,41,10
S01012317,310,201,91,32,8
S01012318,359,269,114,41,13
S01012319,348,235,83,33,12
S01012320,266,218,98,30,11
S01012321,450,316,125,55,16
S01012322,465,328,165,42,11
S01012323,450,318,128,37,8
S01012324,456,358,147,44,11
S01012325,236,205,104,29,11
S01012326,204,182,124,33,7
S01012327,317,270,148,33,8
S01012328,246,191,98,34,16
S01012329,361,309,115,29,11
S01012330,252,222,68,21,3
S01012331,368,187,74,23,5
S01012332,480,351,141,39,8
S01012333,517,313,141,34,8
S01012334,376,326,151,53,15
S01012335,428,307,134,22,5
S01012336,257,211,107,24,4
S01012337,266,240,149,50,15
S01012338,308,254,121,42,20
S01012339,246,201,123,43,13
S01012340,522,404,163,54,9
S01012341,475,291,124,35,7
S01012342,455,282,136,39,13
S01012343,464,309,126,43,12
S01012344,271,225,103,34,11
S01012345,441,279,130,42,17
S01012346,417,253,132,24,8
S01012347,337,216,133,32,9
S01012348,311,200,85,31,4
S01012349,365,276,143,39,19
S01012350,418,284,121,36,16
S01012351,405,273,116,39,15
S01012352,327,222,115,39,12
S01012353,298,262,148,33,10
S01012354,316,253,136,60,13
S01012355,488,300,133,45,17
S01012356,301,220,124,31,10
S01012357,472,278,124,37,20
S01012358,394,237,142,33,11
S01012359,301,239,143,59,21
S01012360,295,232,117,56,19
S01012361,239,164,117,36,12
S01012362,338,219,128,38,12
S01012363,408,326,194,60,18
S01012364,253,176,130,38,13
S01012365,448,305,126,21,14
S01012366,285,264,190,52,19
S01012367,406,237,114,43,12
S01012368,313,209,105,21,9
S01012369,434,233,103,32,7
S01012370,377,250,166,57,20
S01012371,385,302,182,76,18
S01012372,234,215,136,45,8
S01012373,412,304,154,32,11
S01012374,417,292,110,40,8
S01012375,407,268,129,31,17
S01012376,495,306,126,21,11
S01012377,349,165,82,20,2
S01012378,271,189,83,29,10
S01012379,299,156,77,22,7
S01012380,393,269,126,51,18
S01012381,306,290,147,46,14
S01012382,479,283,128,33,1
S01012383,307,277,152,48,9
S01012384,241,180,81,30,15
S01012385,303,206,106,19,6
S01012386,374,321,168,68,17
S01012387,410,291,124,34,12
S01012388,403,233,105,31,10
S01012389,496,291,117,47,13
S01012390,453,246,86,24,4
S01012391,652,382,119,34,11
S01012392,459,241,88,18,2
S01012393,384,259,70,21,5
S01012394,291,201,135,50,13
S01012395,201,166,67,28,5
S01012396,275,184,70,23,8
S01012397,361,263,125,42,16
S01012398,344,239,100,43,12
S01012399,321,268,101,29,10
S01012400,248,181,83,35,14
S01012401,317,216,136,34,9
S01012402,472,255,82,26,10
S01012403,544,319,118,31,12
S01012404,412,225,101,26,22
S01012405,429,266,96,15,4
S01012406,388,193,74,25,4
S01012407,477,251,98,30,3
S01012408,332,188,55,21,3
S01012409,333,198,90,29,6
S01012410,502,320,138,44,10
S01012411,472,323,135,38,6
S01012412,308,191,118,31,7
S01012413,389,303,162,52,11
S01012414,311,254,98,34,8
S01012415,321,183,55,8,2
S01012416,234,170,66,5,0
S01012417,240,167,101,48,20
S01012418,361,263,120,45,13
S01012419,375,195,151,42,17
S01012420,283,246,150,59,21
S01012421,306,198,121,60,11
S01012422,389,295,128,40,28
S01012423,325,251,121,49,17
S01012424,403,281,146,60,17
S01012425,228,149,107,60,16
S01012426,204,152,115,32,18
S01012427,216,163,137,41,13
S01012428,265,188,114,43,19
S01012429,228,158,115,39,8
S01012430,201,167,118,32,12
S01012431,371,254,162,63,21
S01012432,247,226,136,46,25
S01012433,166,154,106,47,14
S01012434,207,167,109,52,20
S01012435,264,193,129,52,7
S01012436,275,201,88,47,10
S01012437,261,194,90,38,5
S01012438,404,244,120,40,17
S01012439,264,205,164,62,21
S01012440,238,175,65,13,6
S01012441,357,287,126,40,8
S01012442,975,465,205,68,32
S01012443,397,222,81,32,11
S01012444,559,253,111,29,16
S01012445,337,121,42,18,3
S01012446,221,154,75,42,9
S01012447,399,269,111,35,7
S01012448,477,279,110,42,8
S01012449,283,183,63,25,13
S01012450,562,298,144,47,16
S01012451,460,312,153,42,26
S01012452,278,203,96,24,18
S01012453,435,192,84,19,13
S01012454,325,194,117,23,2
S01012455,376,165,70,14,4
S01012456,466,225,79,15,4
S01012457,408,246,118,24,2
S01012458,449,237,80,16,6
S01012459,260,156,57,16,2
S01012460,246,188,74,20,6
S01012461,285,195,123,30,10
S01012462,305,217,135,53,13
S01012463,243,188,100,32,14
S01012464,227,173,110,40,10
S01012465,292,221,111,44,20
S01012466,300,256,115,47,6
S01012467,356,222,107,30,13
S01012468,409,207,87,38,16
S01012469,363,213,86,21,6
S01012470,461,266,134,72,25
S01012471,415,231,115,31,8
S01012472,332,217,98,30,9
S01012473,238,173,71,21,4
S01012474,269,237,116,50,15
S01012475,260,199,107,33,7
S01012476,481,291,135,40,12
S01012477,330,192,74,22,5
S01012478,432,299,125,63,24
S01012479,350,205,63,13,4
S01012480,149,138,98,41,10
S01012481,437,296,132,57,20
S01012482,353,228,134,59,17
S01012483,287,248,160,60,22
S01012484,426,229,97,34,9
S01012485,422,264,134,51,22
S01012486,218,154,111,52,17
S01012487,212,158,74,29,6
S01012488,340,285,188,78,28
S01012489,308,298,183,100,27
S01012490,336,313,214,105,33
S01012491,209,165,92,47,10
S01012492,213,216,162,79,15
S01012493,162,113,65,17,5
S01012494,410,342,147,57,23
S01012495,366,308,163,68,15
S01012496,236,242,141,75,15
S01012497,176,133,97,42,14
S01012498,338,256,191,53,18
S01012499,271,226,129,64,16
S01012500,225,159,112,52,22
S01012501,178,175,114,57,15
S01012502,228,207,139,83,31
S01012503,269,193,119,52,13
S01012504,287,204,133,67,14
S01012505,372,305,185,72,37
S01012506,235,170,103,47,7
S01012507,321,249,180,55,15
S01012508,386,229,145,57,11
S01012509,227,184,71,32,7
S01012510,483,299,130,43,12
S01012511,195,158,80,26,8
S01012512,216,162,61,23,4
S01012513,287,145,62,17,4
S01012514,583,277,101,35,0
S01012515,257,161,128,68,19
S01012516,281,222,107,50,16
S01012517,455,333,206,80,24
S01012518,231,151,67,26,3
S01012519,225,150,83,28,7
S01012520,326,227,119,43,10
S01012521,230,149,65,17,5
S01012522,455,272,115,30,5
S01012523,401,245,88,33,11
S01012524,364,283,144,37,15
S01012525,320,209,99,26,17
S01012526,374,228,92,22,10
S01012527,271,232,98,32,8
S01012528,376,256,116,49,15
S01012529,254,198,75,32,11
S01012530,430,299,103,31,10
S01012531,565,302,124,32,13
S01012532,576,285,125,41,11
S01012533,211,160,74,25,8
S01012534,207,218,113,49,21
S01012535,398,227,105,72,11
S01012536,332,259,129,48,14
S01012537,271,193,119,63,20
S01012538,511,342,221,87,28
S01012539,226,203,101,41,11
S01012540,300,237,102,52,14
S01012541,587,332,145,63,22
S01012542,736,383,181,51,10
S01012543,330,228,90,14,6
S01012544,374,252,157,72,19
S01012545,195,128,81,21,11
S01012546,441,265,114,31,9
S01012547,283,212,99,37,9
S01012548,1267,487,195,50,14
S01012549,225,137,83,44,12
S01012550,387,242,117,42,14
S01012551,371,254,83,32,7
S01012552,403,247,141,48,7
S01012553,516,252,87,39,6
S01012554,226,146,51,4,0
S01012555,234,171,43,10,6
S01012556,253,165,57,12,8
S01012557,310,194,81,20,4
S01012558,221,193,97,33,9
S01012559,188,212,166,56,27
S01012560,211,193,91,38,4
S01012561,304,241,113,48,9
S01012562,251,219,130,49,11
S01012563,419,232,72,26,5
S01012564,292,202,89,22,8
S01012565,348,190,102,45,21
S01012566,288,229,148,57,19
S01012567,361,307,153,52,17
S01012568,300,144,63,23,5
S01012569,514,249,136,40,13
S01012570,195,155,71,17,6
S01012571,312,240,121,39,15
S01012572,197,148,76,29,11
S01012573,424,297,116,37,9
S01012574,438,284,128,33,9
S01012575,357,219,77,27,9
S01012576,320,225,100,29,5
S01012577,679,356,153,32,8
S01012578,393,257,169,35,10
S01012579,388,247,121,39,4
S01012580,418,296,116,29,8
S01012581,257,215,118,45,9
S01012582,553,330,113,31,8
S01012583,301,214,122,44,15
S01012584,358,230,132,46,17
S01012585,318,252,164,54,22
S01012586,442,312,109,37,13
S01012587,414,289,102,37,7
S01012588,239,222,98,25,12
S01012589,294,194,106,57,12
S01012590,317,258,137,67,15
S01012591,234,205,167,58,28
S01012592,458,174,79,16,6
S01012593,411,249,115,39,11
S01012594,200,139,81,22,7
S01012595,235,188,113,51,15
S01012596,307,213,109,43,21
S01012597,309,115,51,14,6
S01012598,323,182,83,29,4
S01012599,283,225,95,39,13
S01012600,343,208,83,29,5
S01012601,445,260,132,26,10
S01012602,229,187,151,56,22
S01012603,211,196,108,59,7
S01012604,271,199,132,44,16
S01012605,213,171,89,32,12
S01012606,563,239,62,6,2
S01012607,321,241,102,36,8
S01012608,304,244,154,56,15
S01012609,334,254,127,62,19
S01012610,352,285,200,81,27
S01012611,610,340,138,38,11
S01012612,256,218,121,51,21
S01012613,268,188,115,29,8
S01012614,389,303,175,76,25
S01012615,387,212,140,35,15
S01012616,530,289,133,42,14
S01012617,550,257,77,15,8
S01012618,238,153,72,28,8
S01012619,201,163,99,46,22
S01012620,332,238,108,28,8
S01012621,261,186,96,21,8
S01012622,410,219,121,36,7
S01012623,246,202,118,37,14
S01012624,321,191,130,46,16
S01012625,248,157,95,25,7
S01012626,197,161,83,12,4
S01012627,262,207,91,38,15
S01012628,688,348,161,71,25
S01012629,281,138,65,14,3
S01012630,317,265,164,85,25
S01012631,307,213,116,37,14
S01012632,379,238,99,37,12
S01012633,305,192,104,20,7
S01012634,282,196,127,51,17
S01012635,582,347,176,68,19
S01012636,440,251,89,28,7
S01012637,310,224,139,60,19
S01012638,357,255,145,69,22
S01012639,342,278,142,63,35
S01012640,277,243,171,98,23
S01012641,381,288,181,85,33
S01012642,292,276,140,71,23
S01012643,164,128,81,38,14
S01012644,302,205,123,53,12
S01012645,395,238,136,65,6
S01012646,435,290,127,54,8
S01012647,397,200,65,27,3
S01012648,218,136,118,35,10
S01012649,278,194,93,27,8
S01012650,284,213,112,50,22
S01012651,292,180,113,48,18
S01012652,445,349,169,46,14
S01012653,495,262,154,63,10
S01012654,767,403,142,54,14
S01012655,445,290,202,92,25
S01012656,294,221,138,61,28
S01012657,224,149,78,51,10
S01012658,378,257,164,46,14
S01012659,602,258,81,28,7
S01012660,313,190,133,56,30
S01012661,406,246,99,30,16
S01012662,303,252,163,65,19
S01012663,248,202,127,40,12
S01012664,358,285,166,74,20
S01012665,327,235,137,61,27
S01012666,193,178,124,63,21
S01012667,214,153,128,58,19
S01012668,340,227,121,52,11
S01012669,271,189,94,21,11
S01012670,277,232,105,30,9
S01012671,384,263,175,65,15
S01012672,297,242,143,74,27
S01012673,237,204,126,51,17
S01012674,236,179,127,51,24
S01012675,298,187,154,77,36
S01012676,374,240,111,46,8
S01012677,230,178,125,40,14
S01012678,401,265,113,27,9
S01012679,306,213,121,50,28
S01012680,294,147,75,19,6
S01012681,493,274,111,45,14
S01012682,260,206,154,44,18
S01012683,304,238,120,51,17
S01012684,268,162,68,18,8
S01012685,292,224,131,61,16
S01012686,495,307,120,46,14
S01012687,278,162,77,25,7
S01012688,342,249,129,49,9
S01012689,285,142,50,7,4
S01012690,243,145,63,14,10
S01012691,419,185,61,21,5
S01012692,376,202,108,45,11
S01012693,715,296,84,21,4
S01012694,201,129,71,21,5
S01012695,441,242,109,39,11
S01012696,568,252,88,25,6
S01012697,784,301,74,20,5
S01012698,454,295,120,49,7
S01012699,735,429,157,65,17
S01012700,393,217,112,42,12
S01012701,926,314,110,29,7
S01012702,686,304,103,34,9
S01012703,312,149,60,27,2
S01012704,328,201,112,69,20
S01012705,324,229,116,51,8
S01012706,302,188,129,66,19
S01012707,374,243,105,20,2
S01012708,266,175,109,70,11
S01012709,225,214,103,40,13
S01012710,262,178,134,60,21
S01012711,334,270,191,98,31
S01012712,454,223,81,24,5
S01012713,398,182,116,24,12
S01012714,304,206,97,23,1
S01012715,269,207,119,37,10
S01012716,404,264,120,65,15
S01012717,420,327,221,83,39
S01012718,412,279,127,53,20
S01012719,464,318,133,47,14
S01012720,195,144,60,22,2
S01012721,272,182,103,30,19
S01012722,233,200,149,77,25
S01012723,244,186,124,82,14
S01012724,311,242,113,43,22
S01012725,416,257,148,45,18
S01012726,285,174,106,48,14
S01012727,250,210,107,55,21
S01012728,312,239,148,73,28
S01012729,363,239,105,55,12
S01012730,237,164,93,44,7
S01012731,314,241,136,58,15
S01012732,280,170,109,44,17
S01012733,1727,590,138,42,11
S01012734,392,172,31,8,3
S01012735,185,128,78,37,10
S01012736,460,270,163,53,22
S01012737,386,215,98,43,11
S01012738,270,172,75,45,19
S01012739,570,229,60,24,7
S01012740,640,270,77,26,4
S01012741,226,185,56,13,6
S01012742,324,210,63,22,9
S01012743,223,188,70,20,6
S01012744,304,175,82,24,7
S01012745,676,292,107,34,9
S01012746,376,213,81,28,14
S01012747,330,254,149,58,12
S01012748,338,211,161,87,19
S01012749,327,284,146,65,24
S01012750,344,277,139,68,22
S01012751,289,235,163,75,30
S01012752,341,208,134,53,9
S01012753,189,122,85,42,16
S01012754,232,192,102,54,19
S01012755,146,125,81,44,15
S01012756,143,136,101,42,20
S01012757,124,141,78,38,12
S01012758,243,154,107,54,16
S01012759,260,202,144,84,28
S01012760,346,322,154,104,56
S01012761,217,213,137,57,20
S01012762,269,196,117,35,13
S01012763,167,109,74,34,11
S01012764,296,195,119,72,27
S01012765,290,185,112,53,19
S01012766,415,255,105,61,25
S01012767,264,157,83,17,3
S01012768,297,208,104,35,9
S01012769,222,102,34,19,3
S01012770,378,236,140,67,24
S01012771,225,182,94,59,20
S01012772,255,184,117,58,20
S01012773,362,238,151,80,31
S01012774,339,268,137,56,20
S01012775,146,125,70,23,10
S01012776,237,204,130,39,23
S01012777,477,301,127,40,7
S01012778,302,204,99,53,15
S01012779,181,153,84,57,12
S01012780,268,188,134,60,21
S01012781,303,256,145,70,25
S01012782,228,114,92,61,17
S01012783,216,219,123,71,21
S01012784,251,198,129,62,20
S01012785,205,208,157,73,27
S01012786,231,193,113,53,21
S01012787,261,142,55,21,9
S01012788,256,187,115,69,15
S01012789,320,209,106,57,14
S01012790,344,167,81,27,5
S01012791,370,242,90,32,8
S01012792,321,292,213,120,29
S01012793,256,181,113,83,16
S01012794,246,235,106,54,18
S01012795,359,281,190,99,37
S01012796,349,255,114,44,13
S01012797,299,202,107,62,15
S01012798,631,280,95,35,5
S01012799,514,212,97,38,12
S01012800,468,234,86,33,8
S01012801,166,154,78,20,6
S01012802,358,137,49,5,4
S01012803,302,192,71,21,5
S01012804,323,189,110,42,16
S01012805,425,225,147,41,18
S01012806,460,222,99,33,15
S01012807,421,137,53,14,4
S01012808,1316,528,246,92,23
S01012809,278,212,80,33,7
S01012810,267,236,173,99,27
S01012811,349,218,106,59,15
S01012812,275,165,89,34,10
S01012813,526,257,115,33,9
S01012814,398,262,98,34,12
S01012815,582,272,73,43,4
S01012816,319,162,69,21,7
S01012817,317,166,51,17,3
S01012818,461,212,85,35,9
S01012819,244,218,119,87,27
S01012820,3228,1110,255,59,21
S01012821,492,221,74,24,7
S01012822,159,129,70,39,10
S01012823,427,254,76,16,8
S01012824,330,189,101,41,13
S01012825,176,148,83,34,11
S01012826,225,150,104,56,13
S01012827,432,198,78,22,6
S01012828,597,254,71,24,7
S01012829,313,222,148,73,26
S01012830,312,199,118,73,19
S01012831,230,215,112,71,22
S01012832,273,211,80,51,18
S01012833,271,251,143,56,14
S01012834,286,210,133,80,17
S01012835,406,252,182,71,26
S01012836,428,184,80,25,6
S01012837,206,158,123,71,26
S01012838,245,197,151,71,23
S01012839,268,185,103,24,5
S01012840,561,219,81,15,8
S01012841,231,177,91,21,1
S01012842,204,157,65,31,6
S01012843,529,245,99,26,9
S01012844,408,168,76,16,0
S01012845,439,197,90,52,12
S01012846,295,240,165,90,30
S01012847,225,172,91,41,9
S01012848,404,218,64,27,11
S01012849,295,213,99,47,21
S01012850,284,204,125,70,29
S01012851,358,249,126,52,15
S01012852,377,225,81,29,5
S01012853,326,248,133,43,7
S01012854,355,225,103,29,5
S01012855,313,181,59,21,6
S01012856,674,369,187,90,40
S01012857,254,259,186,92,26
S01012858,216,226,141,77,26
S01012859,479,310,156,69,18
S01012860,350,274,165,64,25
S01012861,329,205,90,29,14
S01012862,196,149,107,49,16
S01012863,255,249,126,58,19
S01012864,258,193,148,64,19
S01012865,303,231,150,57,16
S01012866,305,223,139,62,22
S01012867,189,221,177,90,24
S01012868,193,178,97,47,20
S01012869,247,146,92,61,20
S01012870,395,266,151,48,24
S01012871,343,250,141,44,17
S01012872,376,213,105,31,10
S01012873,292,256,97,36,9
S01012874,366,229,137,68,14
S01012875,243,153,97,38,13
S01012876,479,322,172,70,15
S01012877,300,237,129,58,24
S01012878,719,411,158,35,15
S01012879,376,216,91,23,11
S01012880,490,246,100,38,7
S01012881,390,285,136,45,22
S01012882,228,153,77,37,12
S01012883,139,149,113,53,22
S01012884,195,121,96,45,8
S01012885,233,167,114,60,17
S01012886,410,262,94,37,7
S01012887,335,247,112,21,11
S01012888,418,225,113,39,10
S01012889,643,275,103,36,12
S01012890,350,231,130,79,30
S01012891,191,134,99,34,16
S01012892,473,388,211,145,42
S01012893,303,212,123,65,23
S01012894,1593,611,178,68,31
S01012895,1019,324,78,26,9
S01012896,247,228,156,81,22
S01012897,658,296,98,28,8
S01012898,359,129,43,14,5
S01012899,149,138,95,57,12
S01012900,2018,897,364,128,39
S01012901,307,235,106,41,6
S01012902,304,214,105,46,19
S01012903,352,247,127,47,16
S01012904,391,277,144,51,16
S01012905,278,181,90,45,10
S01012906,358,250,119,42,7
S01012907,384,286,154,55,23
S01012908,304,221,98,49,13
S01012909,189,142,87,51,15
S01012910,289,270,175,76,21
S01012911,371,216,101,38,14
S01012912,278,200,102,52,13
S01012913,356,229,130,56,17
S01012914,389,247,133,35,8
S01012915,655,329,139,60,14
S01012916,253,228,90,52,13
S01012917,304,232,74,20,9
S01012918,228,170,69,28,3
S01012919,182,125,65,16,4
S01012920,276,181,75,18,11
S01012921,268,208,98,48,7
S01012922,697,374,144,41,16
S01012923,328,215,99,29,3
S01012924,206,164,50,27,1
S01012925,248,158,53,12,3
S01012926,294,216,100,32,9
S01012927,379,227,110,20,9
S01012928,422,245,131,33,21
S01012929,342,224,103,31,7
S01012930,260,248,129,72,17
S01012931,465,366,159,72,16
S01012932,216,170,67,26,8
S01012933,360,259,128,54,11
S01012934,369,267,124,52,16
S01012935,404,279,135,40,10
S01012936,314,211,124,48,15
S01012937,294,199,90,38,6
S01012938,309,215,103,30,14
S01012939,304,216,57,8,4
S01012940,329,197,75,17,3
S01012941,433,218,61,11,6
S01012942,302,234,106,53,13
S01012943,335,235,80,27,6
S01012944,243,134,48,19,4
S01012945,542,270,81,21,8
S01012946,404,242,70,22,3
S01012947,210,134,31,12,4
S01012948,331,182,58,20,8
S01012949,340,203,80,20,6
S01012950,519,232,65,15,3
S01012951,823,233,60,12,4
S01012952,760,303,88,33,5
S01012953,307,193,63,13,7
S01012954,234,135,61,13,5
S01012955,641,285,98,26,12
S01012956,382,288,186,82,29
S01012957,215,185,95,34,5
S01012958,345,147,77,27,2
S01012959,231,149,82,26,5
S01012960,259,166,73,26,12
S01012961,273,179,65,18,5
S01012962,295,198,59,13,4
S01012963,377,184,76,21,11
S01012964,451,174,51,13,7
S01012965,321,200,143,36,16
S01012966,766,383,141,73,25
S01012967,209,136,80,25,15
S01012968,238,190,104,44,11
S01012969,341,229,138,47,17
S01012970,182,195,113,43,17
S01012971,391,249,145,42,17
S01012972,324,212,137,61,10
S01012973,348,224,140,56,24
S01012974,473,347,253,107,33
S01012975,212,179,118,41,7
S01012976,257,195,93,41,7
S01012977,297,225,96,49,6
S01012978,246,217,132,58,11
S01012979,269,214,104,43,14
S01012980,262,175,107,45,14
S01012981,310,213,104,32,15
S01012982,311,255,120,45,10
S01012983,342,240,105,28,8
S01012984,271,182,96,28,13
S01012985,292,269,125,31,1
S01012986,389,281,134,54,25
S01012987,268,209,132,52,13
S01012988,326,307,130,57,20
S01012989,405,311,157,73,22
S01012990,240,186,100,44,16
S01012991,356,263,133,58,19
S01012992,314,256,109,47,12
S01012993,288,213,119,51,13
S01012994,309,244,162,83,22
S01012995,301,230,113,59,14
S01012996,248,184,98,28,14
S01012997,157,173,64,23,10
S01012998,490,291,126,50,15
S01012999,196,129,71,32,12
S01013000,282,200,102,36,11
S01013001,166,101,37,7,3
S01013002,291,141,48,13,7
S01013003,330,172,52,11,2
S01013004,348,206,76,18,2
S01013005,538,279,80,33,9
S01013006,247,77,31,11,3
S01013007,541,266,147,33,14
S01013008,510,265,108,24,14
S01013009,295,194,69,18,8
S01013010,413,175,70,20,4
S01013011,401,171,62,19,5
S01013012,276,191,86,30,12
S01013013,586,271,103,38,9
S01013014,411,243,116,37,11
S01013015,456,213,74,15,3
S01013016,320,144,58,27,7
S01013017,432,267,99,46,12
S01013018,525,255,103,30,7
S01013019,550,237,74,12,4
S01013020,229,152,67,24,11
S01013021,236,137,65,24,13
S01013022,260,149,61,15,5
S01013023,446,246,84,15,10
S01013024,295,166,45,15,3
S01013025,597,343,110,39,13
S01013026,451,302,169,60,15
S01013027,379,292,150,74,43
S01013028,252,163,64,24,5
S01013029,278,177,111,51,11
S01013030,303,206,83,41,9
S01013031,255,228,101,47,5
S01013032,447,234,87,25,7
S01013033,392,225,101,30,7
S01013034,268,198,123,45,19
S01013035,274,192,121,60,16
S01013036,283,223,129,54,15
S01013037,327,207,128,27,4
S01013038,396,303,152,54,24
S01013039,243,154,63,13,8
S01013040,267,179,111,41,14
S01013041,232,174,73,39,7
S01013042,419,228,96,43,16
S01013043,291,218,112,52,14
S01013044,291,249,97,48,17
S01013045,344,206,102,39,9
S01013046,189,152,98,28,13
S01013047,494,264,93,15,6
S01013048,321,217,94,29,8
S01013049,377,275,100,32,8
S01013050,275,235,135,60,14
S01013051,356,291,121,63,18
S01013052,346,256,133,46,10
S01013053,229,201,125,58,10
S01013054,230,168,83,29,8
S01013055,263,208,119,37,10
S01013056,525,381,187,76,19
S01013057,390,324,139,81,25
S01013058,424,197,58,11,6
S01013059,551,347,135,36,9
S01013060,274,150,80,22,5
S01013061,496,283,84,23,7
S01013062,469,264,118,34,7
S01013063,436,236,89,27,6
S01013064,350,227,130,48,19
S01013065,322,249,141,50,13
S01013066,404,292,99,49,20
S01013067,499,329,100,14,4
S01013068,336,227,131,49,17
S01013069,395,239,82,24,3
S01013070,285,178,99,14,12
S01013071,560,328,101,20,3
S01013072,270,160,145,56,17
S01013073,727,386,231,68,19
S01013074,486,325,168,69,19
S01013075,315,269,177,91,29
S01013076,434,223,60,10,8
S01013077,291,238,120,61,10
S01013078,266,182,105,59,11
S01013079,666,326,128,49,7
S01013080,413,200,96,24,12
S01013081,656,303,90,26,7
S01013082,386,268,102,35,19
S01013083,1220,738,194,26,7
S01013084,419,191,92,15,4
S01013085,319,175,60,26,12
S01013086,452,263,97,31,9
S01013087,517,231,82,19,6
S01013088,454,272,66,14,12
S01013089,313,266,117,48,19
S01013090,409,232,64,27,11
S01013091,447,257,75,12,3
S01013092,368,292,126,27,12
S01013093,239,172,57,11,3
S01013094,343,162,53,8,2
S01013095,473,174,49,8,1
S01013096,408,250,65,28,8
S01013097,603,275,94,15,5
S01013098,524,138,18,4,2
S01013099,431,273,132,39,9
S01013100,411,165,64,19,4
S01013101,381,295,121,58,19
S01013102,293,186,76,24,6
S01013103,564,263,57,16,7
S01013104,459,270,104,14,8
S01013105,526,265,103,22,7
S01013106,396,213,94,28,14
S01013107,781,364,127,36,19
S01013108,347,197,80,28,3
S01013109,817,346,120,31,8
S01013110,342,188,54,14,8
S01013111,189,115,44,8,7
S01013112,280,157,85,24,8
S01013113,384,244,122,36,4
S01013114,462,265,99,31,4
S01013115,241,196,125,30,6
S01013116,396,251,100,20,8
S01013117,297,164,72,27,12
S01013118,260,146,57,18,8
S01013119,399,222,84,44,6
S01013120,436,299,132,46,17
S01013121,148,116,69,22,6
S01013122,69,59,18,16,5
S01013123,405,323,169,79,24
S01013124,256,165,115,47,16
S01013125,295,238,146,64,21
S01013126,285,191,136,55,19
S01013127,326,248,161,81,22
S01013128,214,212,167,85,20
S01013129,466,345,214,97,31
S01013130,379,227,103,64,10
S01013131,265,186,105,43,13
S01013132,186,167,114,51,18
S01013133,386,260,208,126,51
S01013134,304,246,131,51,12
S01013135,345,232,160,60,40
S01013136,328,248,178,62,20
S01013137,266,195,148,53,29
S01013138,479,275,171,58,22
S01013139,266,214,133,76,23
S01013140,253,194,110,67,31
S01013141,457,275,146,75,20
S01013142,287,288,182,108,30
S01013143,286,224,111,54,15
S01013144,329,254,169,67,21
S01013145,303,191,107,57,17
S01013146,224,140,75,26,10
S01013147,396,249,117,40,14
S01013148,275,219,112,54,12
S01013149,353,241,124,32,11
S01013150,337,249,127,55,22
S01013151,214,152,48,22,17
S01013152,419,260,122,48,15
S01013153,397,221,163,61,24
S01013154,388,250,149,62,13
S01013155,395,268,129,38,14
S01013156,308,225,132,58,26
S01013157,471,299,168,66,23
S01013158,359,219,96,28,10
S01013159,218,201,65,30,14
S01013160,443,226,111,24,11
S01013161,476,275,154,69,25
S01013162,348,202,141,64,15
S01013163,285,165,92,27,4
S01013164,421,294,152,50,17
S01013165,388,251,150,57,32
S01013166,312,188,158,64,23
S01013167,287,240,135,66,10
S01013168,377,237,145,67,33
S01013169,316,261,159,74,20
S01013170,145,126,68,36,16
S01013171,280,176,70,18,9
S01013172,307,208,114,37,15
S01013173,344,190,92,42,22
S01013174,391,205,63,25,4
S01013175,430,253,99,34,20
S01013176,255,161,104,41,15
S01013177,249,161,95,28,9
S01013178,263,224,103,40,11
S01013179,365,233,104,32,15
S01013180,198,124,48,16,4
S01013181,292,234,94,33,9
S01013182,295,201,127,42,14
S01013183,351,237,146,44,15
S01013184,166,81,58,25,12
S01013185,276,208,120,35,18
S01013186,333,191,83,39,9
S01013187,360,169,111,44,16
S01013188,501,325,148,58,16
S01013189,215,137,51,28,9
S01013190,393,227,109,47,21
S01013191,792,355,111,31,14
S01013192,375,241,116,37,12
S01013193,554,368,147,43,45
S01013194,213,164,74,13,4
S01013195,533,411,252,116,28
S01013196,255,193,85,22,8
S01013197,306,179,93,38,8
S01013198,675,418,167,92,31
S01013199,383,262,178,76,21
S01013200,295,205,104,66,14
S01013201,342,238,141,66,24
S01013202,245,164,97,49,13
S01013203,296,179,114,48,27
S01013204,368,183,77,46,2
S01013205,290,164,122,53,15
S01013206,221,175,98,47,20
S01013207,469,284,179,83,21
S01013208,337,252,165,80,29
S01013209,325,214,141,55,19
S01013210,265,229,103,31,11
S01013211,284,252,142,57,18
S01013212,278,163,42,21,2
S01013213,241,164,80,11,4
S01013214,189,129,39,8,4
S01013215,794,461,171,56,15
S01013216,191,126,68,24,10
S01013217,286,223,106,39,11
S01013218,206,143,96,40,10
S01013219,177,136,76,33,7
S01013220,217,213,93,34,4
S01013221,358,264,152,56,23
S01013222,229,171,123,56,18
S01013223,424,256,192,96,27
S01013224,372,237,115,57,11
S01013225,326,243,103,61,22
S01013226,273,163,51,12,15
S01013227,238,181,156,57,25
S01013228,216,238,120,61,21
S01013229,301,254,109,45,10
S01013230,232,197,108,29,7
S01013231,252,167,106,52,15
S01013232,280,204,127,59,21
S01013233,252,202,109,34,13
S01013234,206,117,34,6,4
S01013235,293,211,120,43,12
S01013236,343,296,137,42,15
S01013237,354,214,102,41,12
S01013238,354,263,199,89,38
S01013239,349,254,133,47,25
S01013240,210,141,91,45,13
S01013241,382,258,104,28,14
S01013242,302,202,85,23,2
S01013243,233,217,103,44,17
S01013244,267,198,139,51,14
S01013245,411,298,143,54,15
S01013246,279,174,66,38,11
S01013247,272,204,153,62,29
S01013248,222,183,125,66,11
S01013249,188,132,62,23,12
S01013250,690,369,149,50,23
S01013251,363,198,122,49,20
S01013252,202,138,72,30,7
S01013253,343,186,114,44,12
S01013254,220,178,106,72,24
S01013255,442,490,290,117,22
S01013256,379,221,115,60,18
S01013257,291,213,126,78,17
S01013258,323,229,106,35,9
S01013259,348,256,124,36,13
S01013260,381,275,146,53,11
S01013261,342,230,160,55,18
S01013262,199,176,131,47,8
S01013263,278,132,46,9,1
S01013264,262,141,39,11,2
S01013265,369,178,55,8,6
S01013266,340,151,36,19,0
S01013267,222,159,98,47,15
S01013268,299,199,103,46,4
S01013269,1056,546,166,49,18
S01013270,438,220,65,24,6
S01013271,293,167,59,21,7
S01013272,472,200,53,10,4
S01013273,552,262,78,28,5
S01013274,353,233,100,17,14
S01013275,326,196,105,35,8
S01013276,281,178,72,19,5
S01013277,407,246,149,59,20
S01013278,332,294,169,93,32
S01013279,256,209,88,62,15
S01013280,292,195,103,27,9
S01013281,326,260,133,58,16
S01013282,356,246,125,49,18
S01013283,415,257,120,61,16
S01013284,278,230,73,14,5
S01013285,295,171,62,18,6
S01013286,292,175,92,19,3
S01013287,341,240,70,16,3
S01013288,323,192,98,28,9
S01013289,780,333,124,25,6
S01013290,451,251,71,25,8
S01013291,339,217,73,16,8
S01013292,895,477,118,36,12
S01013293,289,200,89,25,8
S01013294,257,209,76,18,11
S01013295,279,238,79,28,6
S01013296,221,235,122,53,20
S01013297,284,214,108,25,9
S01013298,1822,745,239,83,21
S01013299,454,317,160,61,23
S01013300,319,211,103,43,20
S01013301,208,153,97,30,15
S01013302,423,239,77,17,10
S01013303,301,282,155,57,9
S01013304,372,281,156,51,20
S01013305,306,236,127,58,17
S01013306,348,321,152,74,32
S01013307,377,318,143,81,12
S01013308,358,300,168,70,12
S01013309,490,248,91,25,12
S01013310,237,199,97,39,6
S01013311,370,260,132,51,8
S01013312,422,332,227,76,21
S01013313,305,203,99,37,6
S01013314,265,215,131,49,18
S01013315,512,183,55,8,3
S01013316,307,189,74,15,6
S01013317,339,199,127,47,15
S01013318,309,187,65,15,6
S01013319,287,156,63,26,7
S01013320,517,313,70,15,5
S01013321,136,130,95,37,8
S01013322,359,214,128,57,13
S01013323,353,249,164,76,25
S01013324,239,189,105,58,20
S01013325,489,299,172,89,26
S01013326,219,166,80,32,12
S01013327,298,207,119,39,9
S01013328,240,207,91,32,17
S01013329,227,215,86,26,13
S01013330,524,321,109,31,6
S01013331,352,182,44,17,5
S01013332,308,223,109,48,21
S01013333,380,281,78,45,10
S01013334,304,232,143,42,10
S01013335,351,249,130,58,10
S01013336,283,297,146,75,16
S01013337,380,304,125,38,11
S01013338,341,145,36,10,3
S01013339,244,161,72,24,10
S01013340,326,243,120,26,6
S01013341,542,304,115,25,6
S01013342,254,226,110,48,20
S01013343,237,210,108,40,12
S01013344,352,236,158,70,18
S01013345,319,276,126,46,8
S01013346,442,248,76,16,9
S01013347,314,238,102,35,8
S01013348,413,242,72,25,9
S01013349,400,262,70,18,6
S01013350,271,179,92,58,8
S01013351,249,218,109,43,9
S01013352,318,231,116,57,11
S01013353,347,210,116,41,17
S01013354,300,223,120,46,19
S01013355,271,198,90,27,5
S01013356,277,190,123,50,12
S01013357,469,319,151,79,35
S01013358,311,264,138,66,25
S01013359,247,194,117,40,12
S01013360,239,219,135,71,16
S01013361,161,148,117,63,14
S01013362,193,137,63,38,10
S01013363,282,227,143,54,24
S01013364,447,259,144,51,19
S01013365,406,289,151,55,29
S01013366,402,257,99,29,17
S01013367,235,133,37,17,4
S01013368,299,212,138,85,15
S01013369,310,257,160,72,31
S01013370,246,236,135,65,16
S01013371,191,210,148,63,9
S01013372,459,385,211,98,40
S01013373,334,266,172,61,15
S01013374,302,297,180,100,15
S01013375,157,121,108,35,12
S01013376,230,181,106,41,13
S01013377,318,250,128,56,18
S01013378,364,284,145,64,11
S01013379,238,240,120,62,13
S01013380,2052,945,247,61,16
S01013381,166,119,77,31,9
S01013382,268,161,76,21,4
S01013383,279,208,139,71,21
S01013384,344,250,172,62,17
S01013385,187,149,55,24,10
S01013386,361,234,88,22,12
S01013387,256,196,98,45,19
S01013388,254,233,156,61,19
S01013389,277,227,99,41,26
S01013390,179,145,63,24,7
S01013391,200,117,64,18,4
S01013392,499,230,66,15,5
S01013393,285,236,123,49,14
S01013394,260,174,116,56,16
S01013395,226,158,108,78,15
S01013396,419,213,44,12,3
S01013397,366,273,126,48,9
S01013398,319,164,53,10,2
S01013399,599,313,131,57,20
S01013400,315,272,163,57,25
S01013401,2147,953,241,93,23
S01013402,759,339,83,22,1
S01013403,541,286,81,14,3
S01013404,298,148,66,21,7
S01013405,208,217,104,24,9
S01013406,263,196,124,35,11
S01013407,217,174,93,33,12
S01013408,250,212,93,47,11
S01013409,435,313,124,52,13
S01013410,211,196,114,52,25
S01013411,331,232,121,21,11
S01013412,293,243,105,45,17
S01013413,406,228,95,29,8
S01013414,257,237,161,71,36
S01013415,228,203,121,56,11
S01013416,217,183,109,49,7
S01013417,338,245,124,45,19
S01013418,272,192,94,23,11
S01013419,183,143,56,12,4
S01013420,207,170,77,33,7
S01013421,430,205,66,21,11
S01013422,304,241,115,36,8
S01013423,386,257,134,44,23
S01013424,251,109,47,21,1
S01013425,145,106,47,14,7
S01013426,277,237,116,55,11
S01013427,366,143,42,12,3
S01013428,333,238,158,42,21
S01013429,361,203,115,34,8
S01013430,351,276,135,38,20
S01013431,268,231,114,51,13
S01013432,397,226,106,40,11
S01013433,422,201,108,19,2
S01013434,355,160,52,6,2
S01013435,393,135,34,8,3
S01013436,414,230,117,32,9
S01013437,280,222,79,24,15
S01013438,275,166,102,35,14
S01013439,494,247,76,23,5
S01013440,538,301,72,14,5
S01013441,472,186,73,21,4
S01013442,347,225,75,16,7
S01013443,346,185,80,17,2
S01013444,334,316,149,64,22
S01013445,349,138,89,32,18
S01013446,332,216,105,38,7
S01013447,385,125,23,10,3
S01013448,350,234,96,36,2
S01013449,312,192,60,14,2
S01013450,291,178,50,15,1
S01013451,452,232,57,13,3
S01013452,505,246,51,3,4
S01013453,328,215,125,66,12
S01013454,415,240,93,24,3
S01013455,1123,521,197,52,11
S01013456,319,227,123,44,19
S01013457,355,280,149,60,28
S01013458,716,360,173,26,6
S01013459,322,210,162,70,18
S01013460,346,299,129,42,12
S01013461,541,338,125,53,8
S01013462,343,259,101,31,8
S01013463,474,303,152,67,33
S01013464,307,205,111,28,9
S01013465,232,217,107,34,6
S01013466,245,128,52,8,0
S01013467,510,267,100,24,9
S01013468,278,204,121,60,17
S01013469,319,264,86,29,15
S01013470,280,225,135,43,10
S01013471,356,288,151,49,17
S01013472,428,192,82,30,12
S01013473,419,178,41,12,2
S01013474,321,151,58,14,4
S01013475,277,207,64,27,4
S01013476,255,161,95,28,8
S01013477,203,203,96,41,6
S01013478,401,234,109,36,11
S01013479,228,241,113,68,26
S01013480,261,191,114,61,9
S01013481,588,265,102,31,4
,,,,,
,,,,,
Cells in this table have been randomly adjusted to avoid the release of confidential data.,,,,,