Intermediate Zone - Data Zone 2011,All occupied household spaces,One person,Two people,Three people,Four people,Five people,Six people,Seven people,Eight or more people
S01006506,491,208,178,47,43,15,1,0,0
S01006507,366,132,139,51,28,6,0,1,1
S01006508,292,143,88,31,23,4,1,1,0
S01006509,270,101,103,30,25,8,0,2,2
S01006510,297,139,78,36,36,7,1,0,0
S01006511,310,81,126,47,46,4,3,0,0
S01006512,255,58,120,28,32,11,0,0,0
S01006513,417,96,156,58,78,30,1,0,0
S01006514,376,61,149,65,74,20,6,0,2
S01006515,279,41,106,48,62,16,1,0,0
S01006516,196,45,88,28,20,14,0,1,0
S01006517,831,161,338,159,119,40,1,4,0
S01006518,250,43,111,32,41,19,2,0,0
S01006519,292,45,119,57,57,10,3,0,2
S01006520,231,20,81,38,61,23,5,0,0
S01006521,288,65,108,49,53,10,3,0,1
S01006522,268,57,94,40,54,21,0,0,1
S01006523,410,160,124,57,55,15,2,0,0
S01006524,385,172,110,40,44,18,2,2,0
S01006525,367,136,116,50,52,12,2,0,0
S01006526,435,184,138,59,35,14,5,1,0
S01006527,340,116,99,65,42,18,6,0,0
S01006528,487,207,131,65,45,23,5,10,1
S01006529,516,296,138,45,23,8,4,1,1
S01006530,348,161,89,50,27,21,3,1,0
S01006531,416,187,111,56,42,17,11,0,3
S01006532,310,131,105,36,27,10,3,0,0
S01006533,324,97,131,51,43,6,0,0,0
S01006534,412,150,148,43,60,12,2,1,0
S01006535,588,334,169,41,34,7,1,1,1
S01006536,514,347,130,21,12,4,0,0,0
S01006537,349,105,144,46,46,6,3,0,0
S01006538,242,56,116,26,35,7,2,0,0
S01006539,343,124,132,42,41,4,0,0,0
S01006540,429,167,161,53,39,3,3,0,0
S01006541,428,197,132,40,51,7,1,0,0
S01006542,517,198,180,63,66,8,0,0,1
S01006543,360,116,142,55,39,7,1,0,0
S01006544,516,214,188,57,42,12,0,0,0
S01006545,567,312,160,43,43,8,1,0,0
S01006546,264,78,108,43,30,7,0,0,0
S01006547,1008,358,295,150,161,32,12,2,0
S01006548,310,87,126,61,30,7,4,0,0
S01006549,399,133,142,58,47,9,7,0,0
S01006550,386,106,173,52,46,6,0,0,0
S01006551,320,194,74,26,20,5,1,0,0
S01006552,458,171,174,63,39,9,0,0,0
S01006553,398,164,145,38,35,10,2,2,0
S01006554,380,147,136,48,39,12,2,0,0
S01006555,234,135,55,19,22,0,3,0,0
S01006556,391,185,112,52,32,8,4,0,0
S01006557,389,181,115,50,30,9,3,0,1
S01006558,349,206,96,29,15,3,0,0,0
S01006559,255,105,89,35,24,4,0,0,2
S01006560,458,186,145,48,65,12,3,0,0
S01006561,333,96,119,46,54,17,1,0,0
S01006562,423,156,132,55,61,20,2,0,0
S01006563,413,174,131,53,47,9,2,1,0
S01006564,528,341,116,44,18,6,1,2,0
S01006565,451,315,101,17,11,4,0,1,0
S01006566,461,257,137,40,27,0,0,0,0
S01006567,481,335,112,21,12,2,0,0,0
S01006568,603,417,133,35,9,10,3,0,0
S01006569,289,166,81,18,17,6,1,0,0
S01006570,361,160,113,40,38,6,1,0,0
S01006571,521,205,210,58,33,8,2,1,1
S01006572,377,103,142,53,55,21,1,0,0
S01006573,292,72,107,48,51,9,4,0,1
S01006574,431,150,145,54,53,21,6,2,0
S01006575,408,153,133,52,58,15,1,0,0
S01006576,322,146,78,43,45,6,2,0,0
S01006577,429,241,108,46,23,11,0,0,0
S01006578,636,397,160,48,25,5,1,0,0
S01006579,550,350,145,29,21,2,0,0,0
S01006580,405,255,88,36,16,6,0,0,0
S01006581,390,125,154,51,50,10,0,1,0
S01006582,519,278,178,24,21,11,2,1,0
S01006583,405,214,138,44,6,2,0,0,0
S01006584,398,240,122,21,13,2,0,0,0
S01006585,507,307,130,39,16,10,5,0,0
S01006586,844,616,164,41,9,3,4,0,0
S01006587,390,240,111,21,10,3,1,0,0
S01006588,405,254,109,27,9,6,0,0,0
S01006589,360,191,121,23,18,2,0,2,0
S01006590,399,226,126,27,7,6,5,1,0
S01006591,374,188,126,35,15,12,0,0,0
S01006592,354,167,133,22,27,4,0,0,0
S01006593,364,196,114,30,19,5,0,0,0
S01006594,353,249,76,16,11,1,0,0,0
S01006595,526,315,154,28,22,5,2,0,0
S01006596,400,201,127,32,28,9,1,0,0
S01006597,321,230,74,9,8,0,0,0,0
S01006598,379,115,149,50,49,5,5,0,0
S01006599,521,321,153,34,11,1,0,0,1
S01006600,561,310,160,43,39,3,0,1,0
S01006601,507,283,137,32,31,14,1,4,1
S01006602,408,167,150,47,36,8,0,0,0
S01006603,318,137,96,39,33,8,5,0,3
S01006604,293,98,114,48,27,4,3,1,0
S01006605,357,177,92,46,29,8,0,1,0
S01006606,385,151,150,46,29,6,1,1,0
S01006607,366,117,111,63,54,9,8,1,0
S01006608,1022,256,372,204,160,30,2,0,0
S01006609,436,175,145,74,33,9,1,0,1
S01006610,240,97,87,36,18,2,0,0,0
S01006611,433,173,138,67,40,11,1,0,0
S01006612,358,125,136,57,38,7,1,0,0
S01006613,234,92,82,30,21,8,1,0,0
S01006614,261,80,84,45,39,12,1,1,0
S01006615,264,30,90,54,75,14,3,1,0
S01006616,325,122,127,38,30,4,2,0,0
S01006617,359,126,139,48,40,7,1,0,0
S01006618,225,81,101,27,16,0,0,0,0
S01006619,335,117,109,54,43,9,2,0,1
S01006620,369,126,154,45,31,2,2,0,0
S01006621,231,93,81,25,26,4,1,0,0
S01006622,304,123,111,41,21,7,0,0,0
S01006623,460,163,158,82,45,10,2,0,0
S01006624,548,313,156,30,29,15,0,0,0
S01006625,268,108,104,30,22,2,2,2,0
S01006626,283,153,80,31,14,2,2,0,0
S01006627,454,293,122,34,4,4,0,0,0
S01006628,529,370,112,23,22,5,0,0,0
S01006629,348,119,115,55,37,18,3,0,0
S01006630,303,101,105,42,37,13,4,1,0
S01006631,477,238,132,55,31,11,5,1,0
S01006632,372,203,96,50,18,5,0,0,0
S01006633,280,119,66,33,35,18,4,0,0
S01006634,246,102,67,33,16,14,9,0,0
S01006635,298,122,97,39,27,12,1,4,0
S01006636,388,184,90,48,40,19,4,5,0
S01006637,358,206,103,27,19,2,0,0,0
S01006638,503,328,131,30,6,5,3,0,0
S01006639,614,401,147,46,16,1,1,0,0
S01006640,477,204,172,52,26,17,5,1,0
S01006641,602,339,180,48,28,7,0,0,1
S01006642,495,277,172,35,5,3,1,0,0
S01006643,372,217,114,34,6,1,0,0,0
S01006644,634,299,270,38,19,6,2,1,0
S01006645,361,217,96,27,18,2,1,0,0
S01006646,319,186,88,29,8,6,1,0,0
S01006647,333,174,93,45,14,9,0,1,0
S01006648,608,380,164,34,18,7,0,1,0
S01006649,586,351,150,54,24,6,1,0,0
S01006650,393,224,107,31,16,9,0,0,0
S01006651,348,228,80,28,7,5,1,0,0
S01006652,327,151,135,26,14,1,0,0,0
S01006653,313,153,103,26,16,6,0,2,3
S01006654,467,265,146,39,11,3,2,0,0
S01006655,524,251,178,46,39,9,2,0,0
S01006656,490,256,152,38,39,8,0,0,0
S01006657,256,137,82,23,7,4,1,0,2
S01006658,744,357,215,107,43,16,4,2,0
S01006659,328,158,92,48,21,6,2,0,0
S01006660,226,101,56,30,13,18,4,2,2
S01006661,242,107,79,28,18,6,2,1,0
S01006662,270,110,59,59,19,17,6,2,0
S01006663,239,106,70,29,17,15,2,0,0
S01006664,229,102,84,17,16,4,2,0,0
S01006665,368,205,105,34,16,9,0,1,0
S01006666,671,392,193,56,23,3,0,0,0
S01006667,434,285,101,28,15,3,2,0,0
S01006668,409,198,156,33,11,7,2,0,0
S01006669,429,262,120,31,11,4,1,0,1
S01006670,387,247,118,14,5,1,1,0,0
S01006671,212,96,80,27,10,1,0,0,1
S01006672,340,171,91,39,25,6,5,0,0
S01006673,387,200,127,34,23,2,0,0,0
S01006674,499,326,113,40,17,1,2,0,0
S01006675,341,119,97,61,44,11,7,1,0
S01006676,321,165,85,48,21,5,1,0,0
S01006677,544,264,169,63,31,13,4,0,0
S01006678,727,290,210,122,68,26,11,0,0
S01006679,307,125,131,33,16,2,0,0,0
S01006680,439,207,106,65,53,6,2,1,0
S01006681,458,286,115,31,16,3,1,2,0
S01006682,376,149,88,51,55,22,8,3,0
S01006683,364,130,94,61,46,19,12,2,0
S01006684,390,241,94,27,21,4,3,0,1
S01006685,341,200,93,30,9,0,0,1,0
S01006686,263,127,92,28,12,3,2,0,0
S01006687,402,188,147,37,27,0,1,0,0
S01006688,495,269,147,39,28,12,0,0,0
S01006689,535,219,177,69,46,19,6,0,3
S01006690,299,139,87,45,20,6,0,0,0
S01006691,338,152,120,42,15,12,0,0,0
S01006692,339,143,131,24,24,11,1,2,0
S01006693,548,274,162,62,34,13,3,0,0
S01006694,530,311,137,45,29,8,0,0,0
S01006695,321,120,106,41,37,13,3,0,1
S01006696,365,163,100,51,34,13,3,0,0
S01006697,399,176,141,45,24,10,2,0,1
S01006698,396,248,90,33,18,3,2,0,4
S01006699,196,73,74,19,22,7,0,0,0
S01006700,393,192,126,26,36,11,2,0,0
S01006701,316,129,109,53,21,7,0,0,0
S01006702,328,106,131,40,33,12,2,1,0
S01006703,280,110,90,47,28,6,2,0,0
S01006704,275,131,86,31,21,5,1,0,0
S01006705,404,171,122,68,36,5,0,1,0
S01006706,273,104,75,59,24,9,2,0,0
S01006707,220,73,88,33,24,1,1,0,0
S01006708,374,147,116,66,37,8,0,1,0
S01006709,435,199,127,55,40,15,3,0,0
S01006710,413,154,164,67,22,8,1,0,0
S01006711,445,217,127,52,41,4,0,0,0
S01006712,248,89,103,32,18,5,4,0,0
S01006713,448,174,156,65,43,9,1,0,0
S01006714,309,129,93,39,34,13,0,0,0
S01006715,212,40,62,56,36,13,4,1,0
S01006716,234,70,74,46,29,12,3,0,1
S01006717,426,162,139,58,55,9,2,2,0
S01006718,246,54,97,53,26,9,3,0,1
S01006719,374,87,128,69,67,16,6,0,0
S01006720,258,78,96,41,23,13,7,0,0
S01006721,338,106,124,56,38,11,2,1,0
S01006722,293,90,103,48,42,11,5,1,0
S01006723,275,98,90,43,36,4,3,0,0
S01006724,314,70,92,66,60,16,3,2,0
S01006725,267,79,88,40,45,12,5,0,0
S01006726,262,68,75,73,30,12,4,0,0
S01006727,469,188,117,88,43,17,11,4,2
S01006728,331,97,122,63,40,11,0,0,0
S01006729,436,149,110,75,55,39,10,0,0
S01006730,266,53,101,60,34,16,2,1,0
S01006731,261,121,76,34,24,5,1,0,0
S01006732,738,226,297,98,89,21,5,0,0
S01006733,323,50,124,62,65,14,4,0,0
S01006734,355,86,107,65,78,12,0,0,0
S01006735,243,77,103,26,30,3,1,0,0
S01006736,397,73,114,104,89,12,3,2,0
S01006737,643,140,257,113,105,19,1,4,0
S01006738,863,428,265,82,63,19,5,0,0
S01006739,812,301,243,127,101,25,8,5,0
S01006740,329,133,99,53,32,9,4,0,0
S01006741,336,153,102,41,31,5,0,0,0
S01006742,227,108,61,29,23,3,4,0,1
S01006743,440,191,154,46,39,14,0,0,0
S01006744,291,141,103,30,13,3,1,0,0
S01006745,463,210,142,73,30,4,3,2,0
S01006746,387,139,133,62,45,11,0,0,0
S01006747,483,130,170,88,72,18,4,0,0
S01006748,791,336,259,109,57,21,9,0,0
S01006749,411,143,150,59,37,15,1,1,0
S01006750,284,88,119,39,26,12,1,0,0
S01006751,195,69,72,25,24,2,0,0,0
S01006752,330,137,104,47,24,13,0,0,0
S01006753,446,168,159,51,51,10,4,0,0
S01006754,396,131,167,48,42,6,0,1,0
S01006755,300,86,106,50,48,8,1,7,1
S01006756,280,103,72,38,42,20,6,2,0
S01006757,342,127,124,46,38,4,0,0,0
S01006758,308,114,130,29,26,7,1,0,0
S01006759,247,89,96,26,29,4,1,0,0
S01006760,251,105,94,29,14,2,0,0,0
S01006761,333,112,162,34,22,3,0,0,0
S01006762,745,251,262,96,107,18,6,1,0
S01006763,342,91,116,63,50,18,3,2,0
S01006764,347,140,118,46,36,7,0,0,0
S01006765,277,122,86,33,24,6,5,1,0
S01006766,237,59,97,31,36,9,2,0,0
S01006767,285,87,105,45,34,10,1,0,0
S01006768,213,21,99,47,34,5,2,0,0
S01006769,393,114,156,54,55,11,2,0,0
S01006770,269,67,124,34,27,12,5,0,0
S01006771,150,28,55,30,27,10,3,0,0
S01006772,371,132,150,40,38,6,5,0,0
S01006773,338,91,125,56,48,13,3,0,0
S01006774,221,43,102,41,29,8,0,2,0
S01006775,466,210,128,67,50,11,2,1,0
S01006776,296,158,93,20,18,6,1,0,0
S01006777,261,60,128,29,35,7,2,0,0
S01006778,287,100,120,39,23,4,0,0,0
S01006779,258,105,81,41,24,6,0,1,0
S01006780,226,81,82,35,20,6,1,1,0
S01006781,272,84,108,43,27,6,4,0,0
S01006782,392,146,142,47,44,11,0,1,0
S01006783,255,103,108,23,19,0,0,0,0
S01006784,283,118,105,31,25,5,0,0,0
S01006785,217,45,88,46,29,5,0,0,0
S01006786,330,85,131,53,44,9,4,0,2
S01006787,280,86,120,35,25,12,1,0,0
S01006788,874,223,262,170,170,39,9,1,0
S01006789,291,110,125,31,21,3,0,2,0
S01006790,456,212,170,42,23,3,5,1,0
S01006791,289,96,119,31,33,9,1,0,0
S01006792,188,51,83,26,18,7,4,1,0
S01006793,289,112,111,23,34,7,0,0,0
S01006794,283,116,100,29,23,10,2,0,2
S01006795,337,110,125,36,53,11,2,0,0
S01006796,379,71,150,67,63,25,3,1,0
S01006797,246,58,112,38,23,7,1,0,0
S01006798,260,49,124,39,38,10,1,0,0
S01006799,421,175,144,47,41,15,1,1,0
S01006800,342,60,153,52,54,13,6,2,1
S01006801,543,115,216,84,98,27,3,0,0
S01006802,330,103,116,31,52,26,1,1,0
S01006803,315,132,113,30,25,13,3,0,0
S01006804,308,71,110,59,49,10,4,0,0
S01006805,458,127,163,76,60,19,10,3,0
S01006806,472,108,207,63,72,17,5,0,0
S01006807,271,65,106,33,44,11,6,1,1
S01006808,271,45,106,47,49,23,0,0,0
S01006809,390,123,158,50,36,14,7,2,0
S01006810,399,127,155,58,45,12,8,0,0
S01006811,444,97,160,86,72,18,10,5,0
S01006812,352,80,128,54,73,11,4,4,0
S01006813,369,123,122,53,51,21,2,0,0
S01006814,306,58,132,46,52,17,1,2,0
S01006815,305,136,89,41,30,5,4,0,0
S01006816,291,121,92,40,25,9,3,1,0
S01006817,335,86,118,52,49,23,5,1,0
S01006818,325,67,139,44,62,11,4,0,0
S01006819,455,93,169,86,78,22,1,5,0
S01006820,314,92,119,47,50,4,1,0,0
S01006821,739,160,241,158,150,24,8,1,0
S01006822,418,60,166,88,82,12,10,0,2
S01006823,310,117,115,43,27,7,0,0,0
S01006824,382,141,111,62,42,16,1,2,0
S01006825,325,96,129,49,38,11,1,0,0
S01006826,358,89,138,71,46,11,0,0,0
S01006827,408,196,106,62,34,9,2,0,0
S01006828,457,229,153,38,30,4,0,0,0
S01006829,141,22,40,25,40,9,3,0,0
S01006830,311,98,136,39,29,6,3,1,0
S01006831,219,61,106,27,22,3,0,0,1
S01006832,436,153,163,62,51,6,0,0,0
S01006833,191,45,87,22,25,12,0,0,0
S01006834,164,27,47,42,36,14,2,0,0
S01006835,485,301,116,38,26,5,1,0,0
S01006836,234,77,77,27,41,11,0,0,0
S01006837,229,58,85,47,33,5,1,0,0
S01006838,251,56,106,33,49,8,0,0,1
S01006839,397,137,168,47,29,12,0,0,0
S01006840,397,58,149,67,99,20,0,0,0
S01006841,319,68,114,69,59,8,1,0,0
S01006842,305,74,134,46,40,10,1,0,0
S01006843,316,60,149,54,43,10,0,0,0
S01006844,325,147,129,14,25,7,1,0,0
S01006845,371,105,142,59,52,10,2,0,0
S01006846,242,98,94,25,20,4,0,1,0
S01006847,245,53,103,43,38,9,2,0,0
S01006848,658,128,217,139,138,29,4,0,1
S01006849,664,60,166,153,192,68,20,5,0
S01006850,370,94,125,76,50,20,2,2,0
S01006851,337,116,118,63,29,7,6,2,0
S01006852,230,49,97,25,40,12,2,0,0
S01006853,372,69,152,60,54,27,7,3,0
S01006854,402,111,174,51,44,15,7,0,0
S01006855,330,57,146,55,45,24,2,0,0
S01006856,295,67,107,48,56,16,0,1,0
S01006857,488,109,179,72,89,26,7,1,1
S01006858,251,46,102,51,29,19,4,0,0
S01006859,414,104,179,53,61,10,3,0,0
S01006860,234,116,76,30,9,2,0,0,0
S01006861,199,26,70,33,57,15,0,0,0
S01006862,345,124,133,41,39,8,0,0,0
S01006863,306,127,91,41,36,8,0,0,0
S01006864,284,74,71,53,64,16,6,3,0
S01006865,480,204,171,46,44,14,3,0,0
S01006866,218,50,99,26,28,13,1,0,0
S01006867,308,87,141,43,30,6,0,1,0
S01006868,363,123,129,56,38,14,1,0,0
S01006869,207,58,71,22,43,7,1,0,0
S01006870,203,56,89,33,22,3,0,0,0
S01006871,266,70,91,57,38,12,0,0,0
S01006872,442,56,158,87,106,30,7,0,0
S01006873,478,163,187,47,60,16,1,0,0
S01006874,235,55,106,36,27,8,2,0,1
S01006875,335,131,116,30,44,12,3,1,0
S01006876,421,121,165,50,66,14,4,0,2
S01006877,390,88,173,52,49,21,2,0,0
S01006878,330,131,112,40,35,6,4,1,2
S01006879,325,101,138,40,30,10,6,0,0
S01006880,286,47,115,53,60,9,3,0,0
S01006881,237,53,113,23,33,11,4,2,0
S01006882,156,57,57,23,12,5,1,0,0
S01006883,219,96,75,22,20,6,0,0,0
S01006884,440,179,163,36,58,8,0,0,0
S01006885,457,112,157,76,81,23,5,0,0
S01006886,435,98,181,75,59,13,3,2,0
S01006887,290,61,109,44,61,13,1,0,0
S01006888,363,78,145,57,62,21,3,0,0
S01006889,347,117,117,64,29,14,3,0,0
S01006890,260,80,99,43,32,7,2,0,0
S01006891,434,145,151,69,54,12,3,0,0
S01006892,280,112,92,36,27,9,3,2,0
S01006893,198,55,72,34,27,7,3,3,1
S01006894,470,192,192,35,43,10,1,0,0
S01006895,306,143,95,34,27,6,2,0,0
S01006896,383,161,127,49,36,4,5,0,0
S01006897,298,89,124,42,30,6,2,0,0
S01006898,357,119,148,51,31,7,0,0,0
S01006899,240,65,95,40,29,9,0,0,0
S01006900,221,61,108,30,20,4,0,0,0
S01006901,277,122,95,33,21,4,3,0,1
S01006902,297,127,105,25,25,12,5,0,0
S01006903,396,140,139,66,41,16,1,3,0
S01006904,311,126,120,37,17,9,0,2,0
S01006905,415,155,156,57,35,11,3,1,0
S01006906,437,238,127,34,30,8,1,0,1
S01006907,417,227,139,28,16,7,0,0,0
S01006908,435,232,131,37,25,8,5,0,0
S01006909,461,84,156,97,108,13,3,3,0
S01006910,425,90,181,70,69,18,3,1,0
S01006911,254,30,71,47,83,22,5,0,0
S01006912,367,74,158,59,63,9,2,1,0
S01006913,940,174,296,188,223,51,13,1,0
S01006914,281,50,128,48,40,11,3,0,0
S01006915,341,66,141,45,65,15,3,2,0
S01006916,204,43,76,40,32,9,3,0,0
S01006917,324,27,66,72,132,24,0,0,0
S01006918,188,40,70,29,36,9,3,2,0
S01006919,200,61,89,25,15,5,0,1,0
S01006920,241,127,66,24,16,5,3,0,0
S01006921,274,28,90,64,76,17,2,0,0
S01006922,269,42,114,35,54,16,4,1,1
S01006923,377,139,148,44,35,8,1,0,0
S01006924,227,47,101,32,37,9,0,0,0
S01006925,200,58,92,25,18,3,1,0,0
S01006926,261,36,83,52,79,10,6,0,0
S01006927,369,43,78,105,107,29,5,0,0
S01006928,451,127,141,74,69,31,8,1,1
S01006929,289,28,133,46,61,16,4,0,1
S01006930,361,77,176,49,49,8,0,0,0
S01006931,148,44,57,21,28,2,0,0,0
S01006932,439,84,115,86,118,29,2,0,0
S01006933,220,51,105,29,29,5,1,0,0
S01006934,452,109,155,66,102,23,2,3,0
S01006935,307,97,132,35,33,4,3,0,0
S01006936,273,99,101,32,34,4,3,0,0
S01006937,341,135,108,53,38,4,0,2,1
S01006938,232,109,83,23,17,8,0,0,0
S01006939,238,51,107,36,41,5,1,0,1
S01006940,392,128,152,48,50,13,4,1,0
S01006941,241,73,75,39,39,10,3,0,0
S01006942,375,90,140,65,62,15,1,0,0
S01006943,210,19,53,40,84,11,2,0,0
S01006944,438,105,118,75,119,16,6,0,0
S01006945,201,63,82,27,18,6,4,0,0
S01006946,280,71,103,49,42,15,0,0,0
S01006947,311,60,106,65,67,15,2,0,0
S01006948,390,101,154,57,57,11,5,1,0
S01006949,274,51,121,40,41,18,3,0,0
S01006950,306,62,98,58,79,9,0,0,0
S01006951,203,65,80,31,24,3,0,0,0
S01006952,383,92,172,56,43,18,0,1,0
S01006953,305,65,106,57,57,16,3,0,0
S01006954,370,86,152,52,54,16,6,0,0
S01006955,261,99,88,33,31,9,1,0,0
S01006956,394,66,159,81,69,16,6,0,0
S01006957,402,81,143,75,70,25,5,1,3
S01006958,679,256,253,86,72,12,0,0,0
S01006959,363,186,103,30,27,8,2,3,0
S01006960,326,45,92,66,89,28,3,0,0
S01006961,324,49,89,70,86,24,7,0,0
S01006962,420,152,190,41,29,7,1,0,0
S01006963,285,81,110,49,38,5,1,0,2
S01006964,346,135,121,52,32,3,0,0,0
S01006965,216,81,83,25,19,6,2,0,0
S01006966,245,85,75,46,27,13,2,1,0
S01006967,262,62,111,40,36,13,0,0,0
S01006968,189,58,73,30,20,8,2,1,0
S01006969,402,166,152,51,20,8,2,0,0
S01006970,269,49,127,34,45,9,0,0,0
S01006971,264,109,91,31,29,0,0,0,0
S01006972,278,42,109,55,58,9,3,1,0
S01006973,329,70,130,54,51,22,4,0,0
S01006974,411,81,194,65,51,14,2,2,0
S01006975,436,96,190,68,58,16,4,2,2
S01006976,185,34,75,37,29,8,3,0,0
S01006977,307,66,124,44,53,15,2,2,1
S01006978,440,130,165,54,66,19,4,0,0
S01006979,433,123,157,63,69,16,2,4,0
S01006980,373,85,160,47,63,14,4,0,0
S01006981,329,74,134,51,55,9,1,1,1
S01006982,381,97,138,60,70,14,2,0,0
S01006983,285,64,117,44,49,12,0,1,0
S01006984,377,78,129,81,70,14,5,0,1
S01006985,460,149,183,63,48,17,2,0,0
S01006986,282,51,84,61,66,16,1,0,0
S01006987,313,106,129,42,29,4,2,0,0
S01006988,187,33,68,36,39,9,6,0,0
S01006989,496,81,202,86,94,25,9,0,0
S01006990,295,33,95,69,85,13,3,1,0
S01006991,221,99,71,23,23,4,1,0,0
S01006992,255,46,127,36,33,8,2,2,0
S01006993,210,30,97,39,26,17,3,0,0
S01006994,236,58,98,41,30,13,0,0,0
S01006995,357,86,131,63,57,19,9,0,0
S01006996,373,77,136,66,66,24,3,0,1
S01006997,313,65,114,56,63,16,5,0,0
S01006998,578,156,229,75,94,19,4,4,0
S01006999,358,78,160,58,43,14,4,1,0
S01007000,422,142,145,51,56,22,6,0,0
S01007001,460,145,175,61,59,17,2,2,0
S01007002,249,52,101,34,37,15,4,1,1
S01007003,214,44,87,29,42,6,2,1,0
S01007004,330,88,128,50,43,11,8,1,0
S01007005,369,63,180,49,53,19,3,2,0
S01007006,398,128,165,50,42,11,2,1,0
S01007007,352,86,164,53,35,11,2,0,1
S01007008,469,185,165,63,40,18,0,1,0
S01007009,517,219,187,47,41,14,4,1,0
S01007010,398,197,126,30,28,6,5,4,0
S01007011,469,282,114,40,24,9,3,1,0
S01007012,319,121,114,38,35,9,3,1,0
S01007013,205,39,87,30,30,13,5,2,0
S01007014,415,81,184,50,69,29,4,2,0
S01007015,258,59,108,39,28,15,8,1,0
S01007016,228,36,106,37,31,16,2,0,0
S01007017,513,234,169,66,32,10,3,0,0
S01007018,382,104,174,50,41,12,1,0,0
S01007019,287,129,101,28,23,6,0,0,0
S01007020,380,213,109,23,30,2,0,1,0
S01007021,381,134,136,46,53,8,1,2,2
S01007022,210,72,76,23,30,7,1,0,0
S01007023,216,55,103,26,16,6,3,1,0
S01007024,440,123,189,56,43,25,3,0,0
S01007025,417,180,124,44,43,17,4,1,0
S01007026,451,199,163,45,35,12,0,0,0
S01007027,512,194,193,54,38,18,7,0,0
S01007028,514,144,191,81,75,15,5,3,0
S01007029,228,51,87,35,41,7,2,2,1
S01007030,373,131,141,42,44,12,5,0,0
S01007031,281,106,99,31,29,13,1,2,0
S01007032,552,306,165,40,27,11,5,0,0
S01007033,289,111,101,39,31,7,0,1,0
S01007034,254,102,87,26,26,8,2,0,0
S01007035,410,164,147,44,43,9,3,0,0
S01007036,401,143,160,37,46,13,1,0,1
S01007037,435,177,152,49,45,11,1,0,0
S01007038,307,135,91,45,23,14,2,0,0
S01007039,446,149,143,73,60,18,1,3,0
S01007040,291,116,103,31,35,6,1,0,0
S01007041,339,133,107,47,40,9,1,0,0
S01007042,332,96,131,41,42,14,4,3,0
S01007043,389,98,160,48,49,19,6,1,1
S01007044,321,116,128,42,28,3,2,0,0
S01007045,336,66,161,56,27,18,5,1,0
S01007046,256,94,91,31,20,13,9,0,1
S01007047,274,80,118,40,24,11,1,0,0
S01007048,344,76,160,44,50,11,5,0,1
S01007049,419,154,134,57,53,10,8,4,2
S01007050,314,120,102,42,32,15,0,0,0
S01007051,344,127,112,41,41,20,2,0,0
S01007052,405,83,164,74,62,25,4,0,0
S01007053,211,46,84,22,43,8,4,1,0
S01007054,469,188,163,54,49,12,3,0,0
S01007055,237,47,98,33,41,11,3,2,0
S01007056,271,52,115,50,39,8,2,0,0
S01007057,253,94,99,34,22,3,1,0,0
S01007058,283,138,88,25,20,5,4,1,0
S01007059,482,177,169,66,51,17,3,0,0
S01007060,204,53,70,46,22,10,2,4,0
S01007061,367,77,130,72,61,24,0,0,0
S01007062,282,55,122,43,47,10,7,0,0
S01007063,293,91,106,42,44,2,6,2,0
S01007064,386,66,158,70,66,22,0,1,0
S01007065,285,76,136,37,29,11,1,0,0
S01007066,367,100,137,57,52,18,4,2,0
S01007067,250,95,109,29,16,1,0,0,0
S01007068,288,80,113,57,28,9,1,0,0
S01007069,346,93,125,61,48,10,8,4,0
S01007070,244,102,87,26,23,8,0,1,0
S01007071,353,109,132,61,33,16,0,1,0
S01007072,269,69,104,45,44,10,0,0,0
S01007073,346,98,129,58,46,10,5,0,0
S01007074,271,94,95,48,27,10,0,0,0
S01007075,335,132,108,50,35,10,2,0,0
S01007076,292,83,116,40,32,15,3,1,0
S01007077,347,122,143,33,41,7,2,0,0
S01007078,360,140,129,46,34,7,2,0,1
S01007079,493,256,132,61,31,10,3,0,0
S01007080,383,167,131,39,28,19,3,0,0
S01007081,346,127,121,48,45,8,0,0,0
S01007082,254,116,65,43,21,4,4,0,0
S01007083,522,274,117,71,46,10,1,0,1
S01007084,270,115,102,22,24,6,0,1,0
S01007085,475,248,115,63,29,17,6,2,0
S01007086,604,327,140,75,35,16,6,2,2
S01007087,517,302,127,50,24,13,4,1,0
S01007088,272,123,83,33,18,9,3,0,0
S01007089,220,63,101,26,25,3,2,0,0
S01007090,243,115,82,29,15,0,0,0,0
S01007091,315,66,98,63,61,22,5,1,0
S01007092,304,149,100,35,14,8,2,0,0
S01007093,410,151,163,41,39,9,3,0,1
S01007094,360,89,137,56,62,11,4,0,1
S01007095,227,51,98,27,32,14,6,0,0
S01007096,363,83,124,55,80,16,2,0,0
S01007097,908,196,293,156,193,53,13,0,0
S01007098,420,71,146,86,79,32,7,0,0
S01007099,360,94,134,46,67,16,3,0,0
S01007100,305,77,133,33,35,17,6,1,1
S01007101,342,120,118,43,45,9,5,0,0
S01007102,295,82,109,42,44,15,4,0,1
S01007103,366,113,123,67,36,21,2,0,1
S01007104,253,68,109,32,33,11,3,1,0
S01007105,243,95,80,30,36,8,2,0,0
S01007106,307,119,105,45,25,14,1,0,0
S01007107,310,73,124,46,44,19,4,0,0
S01007108,511,92,200,85,87,37,8,1,1
S01007109,375,140,119,54,33,20,5,2,1
S01007110,343,113,115,53,48,11,3,0,0
S01007111,225,71,94,28,26,5,0,0,0
S01007112,227,63,94,34,26,7,0,1,1
S01007113,241,93,84,23,28,8,6,0,0
S01007114,385,120,146,58,53,9,0,0,0
S01007115,251,71,97,40,31,8,3,1,0
S01007116,321,43,111,72,74,20,1,0,0
S01007117,180,42,83,17,26,4,3,2,0
S01007118,284,86,106,53,30,7,1,1,0
S01007119,322,119,115,52,29,3,0,0,0
S01007120,500,203,169,70,43,13,2,0,0
S01007121,320,207,69,17,18,8,2,0,0
S01007122,295,150,83,28,19,12,2,0,0
S01007123,345,136,129,44,27,6,4,0,0
S01007124,385,119,140,89,28,10,3,1,0
S01007125,394,171,116,43,47,12,5,0,0
S01007126,437,186,108,76,50,16,4,1,0
S01007127,523,329,94,43,38,13,5,0,2
S01007128,405,199,120,54,19,10,1,0,0
S01007129,372,80,160,54,64,14,1,3,0
S01007130,279,109,104,41,23,5,2,0,0
S01007131,344,122,115,58,39,11,0,0,0
S01007132,299,83,132,38,39,5,2,0,0
S01007133,263,73,106,50,28,8,0,1,0
S01007134,293,97,115,36,24,11,5,0,0
S01007135,209,45,87,38,30,7,1,1,0
S01007136,217,26,87,40,37,19,6,0,2
S01007137,248,28,68,64,67,17,4,0,0
S01007138,249,66,92,34,38,14,4,0,2
S01007139,299,79,108,53,41,13,3,3,0
S01007140,462,93,193,81,63,25,6,0,1
S01007141,448,65,175,84,93,20,6,0,0
S01007142,344,37,99,85,88,27,10,0,0
S01007143,209,26,53,48,68,14,0,0,0
S01007144,465,142,245,39,24,6,2,1,0
S01007145,469,175,186,54,37,12,4,0,0
S01007146,327,108,118,50,35,14,5,0,0
S01007147,308,83,137,43,35,8,2,0,0
S01007148,206,44,96,34,26,4,0,0,0
S01007149,236,65,111,31,19,8,1,1,0
S01007150,376,142,163,34,27,6,0,2,0
S01007151,492,118,179,97,74,20,1,1,2
S01007152,232,80,82,29,30,6,2,0,0
S01007153,302,93,121,45,37,6,1,0,0
S01007154,460,273,128,32,18,2,0,0,0
S01007155,315,126,116,42,25,4,0,2,0
S01007156,322,94,134,49,36,7,2,0,0
S01007157,283,91,105,51,31,4,0,0,0
S01007158,378,99,150,59,51,16,0,1,0
S01007159,587,237,209,76,50,15,3,0,0
S01007160,402,166,131,55,41,7,0,0,0
S01007161,344,129,115,57,27,10,3,3,0
S01007162,274,137,79,29,22,4,1,0,0
S01007163,412,141,147,67,45,10,1,3,0
S01007164,287,109,119,26,27,5,0,0,0
S01007165,336,101,138,44,33,11,5,1,0
S01007166,318,113,121,39,32,9,0,0,0
S01007167,332,77,150,51,45,8,1,0,0
S01007168,395,93,185,54,50,12,1,0,0
S01007169,321,94,128,48,42,4,4,0,0
S01007170,302,72,146,37,32,16,2,0,2
S01007171,549,154,224,81,67,15,5,0,1
S01007172,452,128,218,53,40,10,5,1,0
S01007173,334,64,136,61,60,12,1,0,0
S01007174,391,100,123,69,76,19,4,0,0
S01007175,307,87,121,58,27,11,4,0,0
S01007176,289,89,97,57,38,3,3,1,0
S01007177,286,126,97,27,26,8,0,0,0
S01007178,406,221,95,43,29,19,1,0,0
S01007179,381,114,175,48,36,6,2,0,0
S01007180,374,122,148,52,46,4,2,0,0
S01007181,291,81,137,40,23,7,3,0,0
S01007182,500,241,169,46,36,4,3,0,1
S01007183,573,259,206,66,35,5,4,0,0
S01007184,597,356,155,48,30,8,0,0,0
S01007185,441,241,119,39,27,12,0,1,1
S01007186,333,215,64,23,22,5,0,0,2
S01007187,448,269,126,34,14,3,2,2,0
S01007188,336,178,105,29,17,6,1,0,0
S01007189,474,263,135,29,34,8,2,0,0
S01007190,372,126,154,51,33,6,2,0,0
S01007191,211,58,80,35,31,3,1,0,0
S01007192,534,189,183,64,72,12,5,4,0
S01007193,270,66,87,60,43,15,1,0,0
S01007194,226,75,81,38,20,8,3,0,1
S01007195,266,97,88,42,27,8,4,0,0
S01007196,387,109,121,68,73,10,4,0,0
S01007197,274,114,82,37,26,17,2,0,0
S01007198,232,83,83,33,23,7,3,0,0
S01007199,287,99,75,46,37,15,7,4,2
S01007200,417,175,134,53,35,14,4,0,0
S01007201,346,153,112,30,42,8,1,0,0
S01007202,347,135,119,56,33,5,1,1,0
S01007203,197,49,78,33,29,5,1,1,0
S01007204,440,146,173,51,53,13,3,0,0
S01007205,268,62,115,39,37,12,2,0,0
S01007206,205,115,63,12,10,4,0,0,0
S01007207,424,167,160,53,31,9,1,5,0
S01007208,593,333,164,54,27,12,2,1,0
S01007209,378,220,93,34,18,10,0,0,1
S01007210,356,184,95,55,11,7,1,2,0
S01007211,501,240,141,65,36,11,4,1,0
S01007212,204,81,81,20,20,3,0,0,0
S01007213,401,166,149,37,32,8,5,1,0
S01007214,443,296,96,31,17,2,0,1,0
S01007215,336,195,95,18,18,10,0,0,0
S01007216,362,102,140,49,49,15,2,1,0
S01007217,451,177,151,71,33,12,0,0,0
S01007218,353,81,164,40,43,17,4,0,0
S01007219,341,146,100,45,42,4,4,0,0
S01007220,363,159,99,47,43,10,0,2,0
S01007221,405,109,141,66,62,24,2,0,2
S01007222,299,81,130,52,30,5,0,0,0
S01007223,227,46,89,43,38,6,1,0,0
S01007224,271,85,105,41,28,7,2,2,0
S01007225,365,96,156,55,40,16,3,1,0
S01007226,345,89,174,35,36,9,4,0,0
S01007227,434,154,162,63,42,15,2,0,0
S01007228,263,74,126,34,20,7,1,0,1
S01007229,482,112,217,65,54,26,8,0,0
S01007230,344,143,98,51,34,12,4,2,0
S01007231,360,177,103,34,30,9,2,0,0
S01007232,420,243,106,48,15,9,3,0,0
S01007233,309,107,115,49,28,12,1,0,0
S01007234,254,82,78,32,41,14,5,2,0
S01007235,458,248,130,30,37,9,0,0,0
S01007236,304,124,95,45,30,7,2,1,0
S01007237,311,121,131,33,19,8,2,0,0
S01007238,413,146,193,36,27,7,2,0,0
S01007239,406,104,181,44,48,22,1,2,0
S01007240,281,79,130,34,30,6,2,0,0
S01007241,268,58,127,49,25,7,1,1,0
S01007242,448,140,179,53,59,16,2,1,0
S01007243,280,71,116,38,38,7,3,0,0
S01007244,337,98,159,43,32,3,2,0,0
S01007245,324,115,126,49,22,9,1,0,2
S01007246,377,88,181,51,49,8,0,0,0
S01007247,310,89,141,35,29,14,2,0,1
S01007248,314,75,142,47,37,11,7,0,0
S01007249,209,79,75,23,18,8,4,1,0
S01007250,411,222,118,36,24,7,4,0,0
S01007251,252,120,75,24,27,6,0,0,0
S01007252,323,97,122,55,32,9,2,1,0
S01007253,586,153,274,66,76,15,0,0,0
S01007254,367,185,106,49,19,2,2,1,0
S01007255,398,181,135,38,28,11,2,0,0
S01007256,429,222,114,47,26,17,2,1,0
S01007257,277,123,95,27,21,6,3,2,0
S01007258,363,167,98,43,39,15,0,0,0
S01007259,439,210,118,57,36,13,2,2,1
S01007260,415,197,136,47,24,11,3,1,0
S01007261,382,128,157,58,30,7,0,3,0
S01007262,339,123,137,41,24,10,4,2,0
S01007263,353,129,162,37,25,4,0,0,0
S01007264,333,123,127,43,36,4,0,1,0
S01007265,476,204,153,57,39,11,8,0,0
S01007266,300,103,109,43,33,6,3,0,0
S01007267,250,63,112,30,33,9,0,0,1
S01007268,277,87,106,37,37,8,1,0,0
S01007269,180,58,77,23,13,5,1,0,0
S01007270,243,80,91,28,32,11,1,0,0
S01007271,463,187,173,51,41,7,3,0,0
S01007272,445,205,138,56,31,10,5,0,0
S01007273,290,94,115,42,29,4,0,1,1
S01007274,481,306,103,38,27,4,2,1,0
S01007275,250,80,107,23,27,9,5,1,0
S01007276,416,127,157,66,47,15,3,0,2
S01007277,332,82,155,48,36,7,0,0,0
S01007278,232,67,102,26,26,5,2,0,0
S01007279,257,58,124,37,34,6,1,0,1
S01007280,247,71,108,24,26,10,6,0,1
S01007281,371,107,153,51,43,13,3,6,0
S01007282,245,82,86,33,30,9,3,0,0
S01007283,468,178,201,47,33,7,2,1,0
S01007284,423,174,144,45,35,21,2,2,0
S01007285,435,130,192,46,47,18,4,0,0
S01007286,496,193,180,46,56,17,6,1,0
S01007287,307,127,115,28,21,12,5,0,0
S01007288,303,110,115,31,43,7,0,2,0
S01007289,352,90,141,61,40,13,8,0,0
S01007290,436,159,111,69,70,21,4,1,0
S01007291,330,170,98,29,24,10,0,1,1
S01007292,305,94,128,46,29,7,3,0,0
S01007293,300,114,79,56,36,10,3,1,0
S01007294,375,123,130,55,42,15,5,1,0
S01007295,248,152,55,28,7,5,1,0,0
S01007296,382,273,82,10,7,6,0,0,0
S01007297,442,219,130,40,41,7,4,1,0
S01007298,251,104,83,37,25,1,1,1,0
S01007299,375,178,118,38,36,5,2,0,0
S01007300,234,118,74,27,13,2,0,0,0
S01007301,544,154,204,81,75,18,8,2,0
S01007302,286,115,106,31,23,9,0,0,0
S01007303,441,136,164,69,47,18,3,0,1
S01007304,345,121,144,30,35,16,2,0,0
S01007305,342,106,136,48,45,10,0,0,0
S01007306,366,114,152,42,42,12,7,0,0
S01007307,396,99,169,68,38,12,6,0,1
S01007308,380,125,173,38,26,9,6,2,1
S01007309,344,99,167,44,21,9,4,0,1
S01007310,424,156,188,47,23,7,1,3,0
S01007311,343,122,120,39,44,17,1,0,0
S01007312,358,107,184,32,26,8,1,2,0
S01007313,503,165,218,61,42,10,2,3,1
S01007314,310,99,134,39,29,13,0,0,2
S01007315,375,157,126,47,40,9,0,0,0
S01007316,461,250,128,29,38,11,4,2,0
S01007317,389,147,122,48,56,15,0,1,0
S01007318,245,76,99,30,34,6,3,0,2
S01007319,388,196,119,34,33,6,0,0,0
S01007320,384,132,173,42,28,6,3,0,0
S01007321,313,99,152,30,25,9,1,0,0
S01007322,375,199,96,36,27,15,1,0,0
S01007323,241,108,95,20,14,1,0,0,0
S01007324,183,71,71,15,15,11,0,0,0
S01007325,398,154,148,39,43,16,4,3,0
S01007326,475,168,194,50,37,21,3,1,0
S01007327,349,163,102,34,40,16,0,0,0
S01007328,347,151,111,55,27,6,1,0,0
S01007329,372,129,146,44,32,12,8,0,1
S01007330,385,143,167,44,21,8,1,1,0
S01007331,481,144,192,78,43,15,4,1,0
S01007332,231,67,104,29,23,8,4,0,0
S01007333,338,146,120,33,28,9,1,1,0
S01007334,308,171,77,34,15,11,4,1,0
S01007335,418,200,127,40,41,9,0,0,0
S01007336,296,180,72,25,10,6,0,0,0
S01007337,378,230,95,23,29,3,1,0,0
S01007338,272,63,94,46,46,18,4,0,1
S01007339,316,144,101,30,33,6,1,1,0
S01007340,288,167,77,22,17,6,2,0,0
S01007341,374,166,154,26,10,11,3,0,0
S01007342,362,112,195,27,11,8,3,0,2
S01007343,323,117,123,42,25,9,7,0,0
S01007344,236,125,82,19,4,2,3,0,0
S01007345,264,138,60,32,17,8,3,2,0
S01007346,341,233,77,22,8,1,0,0,0
S01007347,353,216,78,24,24,8,4,0,0
S01007348,264,118,76,31,26,12,1,0,0
S01007349,186,57,68,34,18,6,2,4,0
S01007350,323,201,82,24,10,2,4,0,0
S01007351,405,183,154,25,31,5,2,0,0
S01007352,279,90,128,27,18,7,3,1,0
S01007353,318,93,149,40,26,8,5,0,0
S01007354,405,181,161,31,27,4,3,0,0
S01007355,528,191,230,55,36,13,2,2,0
S01007356,335,116,159,30,22,5,2,1,0
S01007357,372,149,157,34,30,4,1,0,0
S01007358,364,118,147,48,39,9,1,1,0
S01007359,412,145,159,50,50,9,0,0,0
S01007360,262,86,130,22,15,4,1,0,0
S01007361,502,228,183,51,29,9,2,2,0
S01007362,353,156,120,46,23,6,0,0,2
S01007363,346,149,127,32,31,3,0,0,0
S01007364,417,199,124,44,42,10,1,0,0
S01007365,220,91,71,29,25,3,1,0,0
S01007366,278,150,70,35,21,1,0,1,0
S01007367,282,157,86,20,10,6,4,2,0
S01007368,244,96,68,29,38,11,4,1,0
S01007369,367,171,128,24,31,8,2,0,1
S01007370,358,173,119,36,22,2,3,0,0
S01007371,311,127,101,45,31,11,1,0,0
S01007372,407,170,157,44,27,7,6,2,0
S01007373,257,78,114,38,18,3,4,2,0
S01007374,206,63,83,35,23,5,0,1,0
S01007375,202,68,99,19,13,4,1,0,2
S01007376,366,135,126,56,31,10,1,0,2
S01007377,262,56,129,43,26,5,3,0,0
S01007378,209,58,94,29,16,9,2,1,0
S01007379,269,99,82,42,30,10,3,2,0
S01007380,235,74,74,36,34,11,1,1,1
S01007381,217,37,104,29,37,7,2,1,0
S01007382,282,91,106,37,34,11,1,1,1
S01007383,346,126,132,44,37,6,1,0,0
S01007384,354,104,128,57,51,14,0,0,0
S01007385,409,143,162,56,30,12,2,0,0
S01007386,336,80,157,37,44,20,1,0,0
S01007387,312,55,141,61,37,14,3,0,0
S01007388,250,54,108,44,31,9,1,0,0
S01007389,189,39,55,34,27,10,16,1,3
S01007390,189,32,52,51,39,10,0,0,0
S01007391,222,44,114,35,18,8,3,0,0
S01007392,209,65,97,23,22,4,0,0,0
S01007393,311,121,112,23,36,15,1,3,1
S01007394,348,168,118,33,20,8,1,0,0
S01007395,588,368,163,41,12,1,2,1,0
S01007396,429,259,122,35,7,4,1,1,0
S01007397,487,221,165,57,32,11,1,0,0
S01007398,279,101,81,45,35,11,3,0,0
S01007399,294,146,77,31,17,6,5,5,0
S01007400,347,162,116,30,26,11,2,0,0
S01007401,326,97,124,58,34,10,3,0,0
S01007402,260,70,107,43,28,5,5,0,0
S01007403,425,65,125,87,105,37,6,0,0
S01007404,243,70,106,31,27,8,2,0,0
S01007405,258,61,110,44,29,8,5,0,2
S01007406,288,67,138,34,28,15,2,1,0
S01007407,272,65,114,45,37,6,3,0,0
S01007408,248,88,86,41,26,8,0,0,0
S01007409,336,148,112,36,30,6,3,1,0
S01007410,290,98,93,46,32,13,5,0,2
S01007411,444,222,115,62,34,9,3,0,0
S01007412,199,58,84,27,22,4,0,0,0
S01007413,388,104,156,61,47,11,4,3,0
S01007414,246,27,94,54,55,12,4,0,0
S01007415,384,109,142,61,43,16,8,2,0
S01007416,219,51,77,49,21,14,7,0,0
S01007417,405,75,185,62,70,12,4,1,0
S01007418,287,91,108,39,34,12,2,1,0
S01007419,345,88,100,73,64,19,4,0,0
S01007420,281,41,96,65,60,15,6,1,1
S01007421,285,84,89,53,48,13,1,0,0
S01007422,278,105,94,39,24,10,2,0,0
S01007423,332,97,100,50,63,15,3,0,0
S01007424,340,85,153,49,39,10,2,1,0
S01007425,393,127,157,61,38,10,0,0,2
S01007426,445,200,147,51,31,12,2,1,0
S01007427,317,136,125,33,19,4,0,0,0
S01007428,477,244,151,49,26,6,0,1,0
S01007429,422,161,146,62,40,12,3,2,0
S01007430,203,89,79,15,12,5,3,0,0
S01007431,209,54,95,40,20,0,0,0,0
S01007432,409,118,174,64,34,11,2,0,0
S01007433,469,136,191,70,52,16,3,2,0
S01007434,233,101,72,36,21,3,0,0,0
S01007435,332,153,103,36,29,8,4,0,0
S01007436,361,196,101,45,13,7,1,1,0
S01007437,225,121,63,18,16,3,4,0,0
S01007438,343,171,107,40,19,5,1,0,0
S01007439,338,135,133,36,19,9,5,0,0
S01007440,299,112,104,42,34,8,1,0,0
S01007441,229,60,106,39,17,2,1,0,0
S01007442,202,40,116,31,11,2,1,0,0
S01007443,383,126,144,52,49,9,3,0,0
S01007444,476,160,167,70,56,19,0,0,1
S01007445,268,54,116,52,38,8,0,0,0
S01007446,185,27,92,27,28,6,3,0,0
S01007447,219,61,95,26,28,7,0,1,1
S01007448,439,118,196,81,36,9,1,0,0
S01007449,444,172,172,57,26,12,5,0,0
S01007450,335,143,101,50,21,15,2,0,0
S01007451,292,116,112,32,20,4,3,1,0
S01007452,531,133,188,97,79,24,4,2,1
S01007453,276,25,91,69,72,13,5,0,1
S01007454,204,44,73,30,28,18,6,0,2
S01007455,377,133,109,70,46,11,6,1,0
S01007456,384,168,126,56,30,4,4,1,0
S01007457,450,172,157,66,39,6,7,1,0
S01007458,223,65,96,28,25,4,3,0,0
S01007459,293,92,134,43,20,5,1,0,0
S01007460,411,184,155,35,27,9,3,1,0
S01007461,361,203,92,31,25,7,3,0,0
S01007462,367,165,116,48,28,11,1,1,0
S01007463,415,128,122,52,66,28,13,3,0
S01007464,339,158,99,49,27,8,2,0,0
S01007465,376,176,111,45,29,18,3,1,0
S01007466,601,394,127,51,18,1,5,0,0
S01007467,521,259,157,60,33,10,2,0,0
S01007468,297,115,134,25,19,3,0,0,0
S01007469,384,105,138,83,38,12,7,0,0
S01007470,324,146,101,35,31,7,3,0,1
S01007471,201,66,72,40,21,3,0,0,0
S01007472,269,98,89,42,31,10,2,0,0
S01007473,224,103,81,26,15,0,0,0,0
S01007474,216,50,101,31,24,8,0,0,0
S01007475,356,108,124,60,47,13,0,0,0
S01007476,348,114,133,56,35,6,0,0,1
S01007477,239,96,89,18,22,11,0,0,0
S01007478,475,210,150,67,38,7,0,0,1
S01007479,284,120,88,45,23,7,1,0,0
S01007480,331,128,110,40,48,6,2,0,0
S01007481,447,156,188,46,44,10,3,0,0
S01007482,239,118,76,25,12,8,0,0,0
S01007483,290,109,84,44,42,15,0,0,0
S01007484,263,137,81,23,15,0,4,1,0
S01007485,193,105,52,27,3,2,1,0,0
S01007486,313,116,103,48,34,8,3,3,2
S01007487,414,267,77,37,19,13,1,0,0
S01007488,484,219,153,51,45,13,3,2,0
S01007489,394,152,145,56,28,14,0,0,0
S01007490,420,161,132,63,45,13,5,1,0
S01007491,496,181,150,70,69,18,4,2,0
S01007492,264,93,105,37,22,6,1,0,0
S01007493,365,145,134,56,26,6,0,0,0
S01007494,242,73,105,25,20,11,2,0,0
S01007495,331,88,137,44,48,10,3,2,0
S01007496,418,152,197,31,25,6,3,0,0
S01007497,293,101,118,37,25,8,1,3,0
S01007498,368,153,137,45,26,8,0,0,0
S01007499,414,142,165,52,32,10,5,1,0
S01007500,288,117,120,27,12,8,1,0,0
S01007501,334,116,150,37,17,8,5,0,2
S01007502,207,74,86,26,13,8,0,0,0
S01007503,468,182,173,63,33,12,2,0,0
S01007504,315,126,132,27,18,10,2,0,0
S01007505,177,57,87,13,10,5,2,0,1
S01007506,270,99,110,28,23,5,2,1,0
S01007507,461,211,156,45,30,13,2,0,0
S01007508,331,126,134,36,22,11,2,0,0
S01007509,285,84,143,28,22,7,4,0,0
S01007510,484,175,214,39,31,14,8,2,0
S01007511,389,164,149,46,17,9,2,0,0
S01007512,254,114,96,15,21,7,0,0,2
S01007513,473,200,156,59,45,12,1,0,0
S01007514,257,122,75,32,19,5,1,0,2
S01007515,295,88,121,34,36,13,2,0,1
S01007516,269,112,75,33,30,12,4,0,0
S01007517,235,103,99,17,12,1,3,0,0
S01007518,364,149,116,40,43,11,5,1,0
S01007519,212,74,120,9,6,1,0,0,0
S01007520,485,161,215,52,43,10,8,0,0
S01007521,219,63,105,22,19,8,1,0,4
S01007522,499,202,196,53,39,10,5,1,0
S01007523,247,70,100,33,29,6,2,1,2
S01007524,399,109,182,48,35,17,4,2,2
S01007525,274,92,102,34,34,9,0,0,0
S01007526,394,228,103,37,22,1,2,1,0
S01007527,436,173,182,32,33,9,3,1,0
S01007528,348,178,100,36,24,9,2,0,1
S01007529,319,127,133,25,28,4,1,0,0
S01007530,247,74,106,31,22,7,2,0,2
S01007531,308,96,153,36,15,5,1,0,1
S01007532,245,83,101,26,31,6,2,2,0
S01007533,188,65,71,25,17,7,3,0,0
S01007534,444,165,170,59,31,18,4,0,1
S01007535,484,192,177,55,39,17,5,0,1
S01007536,450,190,140,55,50,11,5,2,1
S01007537,543,243,208,42,31,10,3,2,1
S01007538,363,99,156,39,49,11,2,2,2
S01007539,306,104,123,35,32,12,0,0,0
S01007540,484,229,162,49,37,7,0,0,0
S01007541,380,149,150,40,34,7,0,3,0
S01007542,445,208,143,47,37,9,2,0,0
S01007543,499,198,179,73,37,12,2,0,0
S01007544,520,172,257,48,31,3,3,3,1
S01007545,367,111,157,52,37,9,0,1,0
S01007546,227,64,93,29,28,10,3,0,0
S01007547,297,91,130,37,31,5,6,0,0
S01007548,295,88,116,48,35,9,0,1,0
S01007549,330,95,153,37,28,12,5,2,0
S01007550,466,178,200,41,28,16,3,0,0
S01007551,345,109,153,42,30,11,3,0,0
S01007552,439,174,141,47,59,12,0,2,0
S01007553,359,127,120,46,45,15,3,0,0
S01007554,231,104,88,20,17,3,2,4,0
S01007555,265,88,115,27,26,6,3,0,0
S01007556,241,126,63,29,16,8,0,0,0
S01007557,471,135,192,73,51,13,4,0,0
S01007558,203,81,76,24,18,3,5,1,1
S01007559,319,100,139,34,33,9,2,0,0
S01007560,488,209,169,55,40,10,2,0,0
S01007561,366,162,116,48,25,12,2,0,0
S01007562,364,117,150,47,32,15,4,1,0
S01007563,370,133,146,46,28,12,3,0,0
S01007564,325,93,149,36,39,5,3,0,0
S01007565,444,117,193,70,41,19,3,1,0
S01007566,264,58,128,39,27,10,2,0,0
S01007567,238,45,115,44,22,7,3,0,0
S01007568,305,90,133,52,24,5,2,0,0
S01007569,363,96,176,42,34,12,0,0,0
S01007570,448,122,168,78,51,20,7,0,0
S01007571,238,69,107,19,29,5,5,0,1
S01007572,473,164,174,68,51,15,3,0,0
S01007573,343,62,109,87,60,21,0,2,0
S01007574,425,135,177,56,44,11,2,0,0
S01007575,407,245,119,25,18,0,2,0,0
S01007576,281,144,75,29,18,14,2,3,0
S01007577,345,149,94,56,25,11,5,0,0
S01007578,368,186,93,46,38,3,1,0,0
S01007579,301,134,86,42,30,5,0,0,0
S01007580,300,96,83,53,38,21,4,5,0
S01007581,226,69,81,43,18,9,4,5,0
S01007582,334,141,113,51,20,6,4,0,0
S01007583,545,290,137,74,32,12,2,0,0
S01007584,290,111,99,36,27,11,5,1,0
S01007585,461,161,180,57,51,11,2,0,0
S01007586,376,148,129,62,30,9,0,0,0
S01007587,322,142,112,35,21,11,1,0,0
S01007588,372,106,156,59,43,6,2,1,0
S01007589,407,206,141,33,20,5,0,0,0
S01007590,287,98,101,44,37,9,2,1,0
S01007591,279,117,100,37,18,8,1,0,0
S01007592,359,202,91,37,18,6,1,0,0
S01007593,488,160,188,64,57,14,4,1,0
S01007594,327,91,144,34,44,6,4,4,0
S01007595,448,147,191,50,41,6,6,0,8
S01007596,227,89,98,23,9,2,4,0,0
S01007597,257,58,136,34,20,6,2,1,0
S01007598,268,74,123,30,28,8,0,0,2
S01007599,407,127,157,67,32,14,4,0,0
S01007600,498,266,140,51,27,8,2,0,0
S01007601,322,137,102,46,30,3,1,0,0
S01007602,272,82,108,50,23,13,1,0,0
S01007603,315,73,137,38,55,16,2,1,0
S01007604,385,111,182,53,32,6,0,0,0
S01007605,362,108,154,56,36,8,0,0,0
S01007606,322,148,109,28,32,5,0,0,0
S01007607,276,82,106,53,30,6,0,1,0
S01007608,356,98,150,50,48,7,2,0,0
S01007609,462,189,148,68,45,10,1,1,0
S01007610,248,102,85,33,18,5,3,0,0
S01007611,599,412,119,44,14,10,1,0,0
S01007612,754,487,161,58,32,8,5,0,4
S01007613,319,122,117,36,28,16,1,0,0
S01007614,409,134,170,48,41,18,0,1,0
S01007615,505,225,166,65,35,10,3,1,0
S01007616,418,252,111,35,12,7,0,1,0
S01007617,221,71,87,41,22,2,0,0,0
S01007618,229,85,79,41,13,10,2,0,0
S01007619,321,130,109,36,32,10,2,3,0
S01007620,281,98,128,27,19,5,5,0,0
S01007621,284,84,135,32,32,2,0,0,0
S01007622,246,89,87,34,27,8,0,1,0
S01007623,247,61,104,37,40,8,0,0,0
S01007624,261,69,105,50,29,7,0,0,0
S01007625,221,68,96,27,26,3,1,0,0
S01007626,270,84,97,45,38,4,1,0,0
S01007627,849,203,300,151,147,36,10,0,0
S01007628,292,93,116,42,30,10,0,0,0
S01007629,287,72,127,37,37,8,5,0,0
S01007630,392,107,168,66,36,12,1,1,0
S01007631,271,74,126,35,23,8,1,2,0
S01007632,468,177,195,49,36,9,2,0,0
S01007633,472,162,171,72,53,13,3,0,0
S01007634,294,72,125,44,38,10,3,0,0
S01007635,339,106,156,43,21,14,0,1,0
S01007636,517,251,164,38,51,10,3,0,1
S01007637,423,152,126,66,61,12,0,1,0
S01007638,426,196,149,48,28,5,3,0,1
S01007639,424,138,153,65,45,17,0,3,0
S01007640,306,96,129,37,33,10,5,0,1
S01007641,392,125,154,50,45,12,4,3,0
S01007642,461,221,174,27,29,8,1,0,0
S01007643,422,161,162,46,34,14,3,0,0
S01007644,404,156,156,55,27,10,0,0,0
S01007645,230,69,97,26,22,10,2,0,0
S01007646,263,88,121,33,19,1,2,0,0
S01007647,351,145,129,40,27,6,1,0,0
S01007648,373,157,137,33,39,6,1,0,0
S01007649,387,143,152,45,37,11,1,0,0
S01007650,418,141,178,57,24,13,2,2,0
S01007651,235,60,96,35,28,8,8,0,0
S01007652,266,92,100,48,22,4,1,2,0
S01007653,383,118,172,51,34,7,3,1,0
S01007654,526,207,191,69,40,15,2,0,2
S01007655,324,92,133,45,40,8,3,4,1
S01007656,346,107,137,40,47,11,4,0,0
S01007657,189,62,77,28,15,2,3,0,0
S01007658,213,62,101,21,15,7,2,1,0
S01007659,386,117,165,53,33,14,2,0,0
S01007660,413,186,132,44,38,11,1,1,0
S01007661,368,178,115,35,35,6,1,0,0
S01007662,496,266,147,48,28,6,2,0,0
S01007663,386,150,138,47,44,8,1,1,1
S01007664,277,133,81,31,23,8,0,1,0
S01007665,305,85,114,51,43,5,4,0,0
S01007666,174,43,81,24,23,5,0,0,0
S01007667,276,70,120,34,40,10,0,0,0
S01007668,461,181,161,64,45,14,3,0,0
S01007669,258,99,74,46,20,11,4,4,0
S01007670,314,119,108,36,36,12,2,0,0
S01007671,391,102,171,63,38,11,2,0,0
S01007672,394,84,208,43,42,17,2,0,0
S01007673,291,100,120,40,24,7,0,0,0
S01007674,367,153,123,53,29,7,0,0,0
S01007675,287,70,148,41,25,6,1,0,1
S01007676,277,79,116,39,21,16,5,0,0
S01007677,322,70,137,51,49,19,2,0,0
S01007678,366,175,111,40,24,6,8,0,0
S01007679,389,151,159,52,21,8,0,0,0
S01007680,361,112,157,45,38,9,5,0,0
S01007681,188,82,74,13,20,2,2,0,0
S01007682,399,136,141,58,43,9,6,4,0
S01007683,314,100,113,41,26,22,3,2,0
S01007684,366,110,168,43,35,7,2,2,0
S01007685,271,75,106,44,28,13,1,3,0
S01007686,315,109,121,36,36,3,3,0,1
S01007687,399,151,139,46,42,17,5,1,1
S01007688,551,266,182,55,29,11,10,0,0
S01007689,295,159,84,24,21,3,3,1,0
S01007690,397,180,113,55,24,13,5,2,5
S01007691,635,261,214,91,36,23,8,2,3
S01007692,412,170,138,51,34,16,5,0,1
S01007693,425,224,135,37,14,10,4,2,0
S01007694,533,238,155,55,44,38,4,1,2
S01007695,595,376,157,35,17,1,5,0,0
S01007696,439,234,112,41,40,12,0,0,0
S01007697,628,360,197,45,19,4,2,0,0
S01007698,556,313,147,34,32,20,7,1,2
S01007699,437,228,127,45,23,9,5,0,0
S01007700,435,139,176,56,48,11,4,0,2
S01007701,315,164,100,22,23,5,0,0,1
S01007702,281,127,89,39,14,10,2,1,0
S01007703,390,154,128,66,22,14,5,1,0
S01007704,488,263,97,49,42,24,2,0,0
S01007705,295,86,89,70,27,19,1,0,0
S01007706,422,121,178,62,41,13,4,2,0
S01007707,578,222,252,48,26,20,4,0,0
S01007708,380,230,84,20,22,15,3,2,4
S01007709,316,175,87,29,14,7,4,0,0
S01007710,436,204,145,45,26,10,2,0,0
S01007711,513,239,141,68,38,18,8,0,1
S01007712,362,179,118,39,15,8,4,2,0
S01007713,228,103,63,26,25,8,2,1,1
S01007714,377,196,94,57,22,6,1,1,0
S01007715,373,153,84,52,50,22,9,2,0
S01007716,596,390,135,32,22,8,9,1,4
S01007717,400,225,106,40,25,4,1,0,0
S01007718,455,282,125,25,15,2,5,0,0
S01007719,573,396,129,18,23,2,3,0,0
S01007720,411,197,133,40,28,7,4,3,0
S01007721,528,297,156,40,27,5,2,0,0
S01007722,637,371,148,63,38,10,3,0,0
S01007723,524,302,137,40,23,19,1,0,0
S01007724,342,202,79,36,20,3,2,0,1
S01007725,454,284,109,35,21,6,1,0,0
S01007726,485,305,97,32,23,13,6,5,2
S01007727,504,280,123,46,34,16,3,3,0
S01007728,543,305,132,49,34,14,5,5,0
S01007729,517,276,154,45,32,5,6,1,0
S01007730,402,250,125,23,2,2,0,2,0
S01007731,443,225,148,39,23,5,2,0,0
S01007732,341,160,105,38,31,9,1,0,0
S01007733,382,112,143,45,47,16,11,5,3
S01007734,387,109,174,56,32,12,1,0,1
S01007735,356,129,130,39,37,15,3,0,3
S01007736,219,64,70,30,18,16,3,2,8
S01007737,450,192,159,45,37,10,3,3,3
S01007738,379,151,131,44,33,8,2,1,0
S01007739,263,133,98,21,11,3,0,0,0
S01007740,256,102,86,30,28,5,0,0,2
S01007741,365,209,101,27,14,9,2,0,0
S01007742,371,172,125,44,20,8,1,0,0
S01007743,436,202,135,57,36,8,1,0,2
S01007744,356,164,100,46,30,9,0,1,2
S01007745,307,165,69,44,14,13,1,1,0
S01007746,366,140,112,57,45,9,5,4,0
S01007747,211,76,71,40,20,4,0,0,0
S01007748,337,172,80,57,27,7,0,0,0
S01007749,284,75,119,44,32,14,6,2,0
S01007750,377,113,162,53,33,6,4,2,0
S01007751,327,107,141,37,25,12,1,4,4
S01007752,385,196,120,32,19,10,2,4,0
S01007753,220,67,78,33,31,9,0,0,1
S01007754,411,157,122,71,38,16,4,0,0
S01007755,352,158,100,51,36,8,3,0,0
S01007756,263,113,88,23,29,5,3,2,0
S01007757,365,93,153,54,46,10,3,0,0
S01007758,445,161,187,52,32,12,0,0,0
S01007759,568,348,149,45,16,9,0,1,0
S01007760,267,84,105,26,36,16,1,0,0
S01007761,432,137,193,51,39,9,3,0,0
S01007762,442,259,123,33,22,2,2,1,0
S01007763,316,179,77,33,22,1,2,0,0
S01007764,313,83,121,60,37,8,0,0,0
S01007765,293,89,116,45,33,9,0,0,0
S01007766,381,112,147,58,46,11,3,0,0
S01007767,396,116,172,53,42,12,1,0,0
S01007768,369,187,111,33,30,3,2,0,0
S01007769,322,91,150,39,32,11,1,2,0
S01007770,318,90,140,43,31,12,1,0,0
S01007771,239,59,90,46,33,10,0,1,0
S01007772,526,284,149,53,30,6,0,1,0
S01007773,316,77,144,56,32,6,1,0,0
S01007774,319,32,88,89,90,20,3,0,0
S01007775,345,107,114,69,46,6,2,1,0
S01007776,280,71,100,50,45,13,2,0,0
S01007777,380,32,114,81,107,27,8,4,0
S01007778,256,28,92,49,64,22,0,0,0
S01007779,357,116,153,46,32,9,0,0,0
S01007780,349,94,133,69,41,8,4,0,0
S01007781,407,112,137,92,47,15,3,2,0
S01007782,294,110,72,52,43,16,0,1,0
S01007783,431,183,123,66,43,7,8,2,0
S01007784,285,92,90,60,40,3,4,0,0
S01007785,268,112,86,45,23,3,3,0,0
S01007786,321,116,114,46,37,6,0,0,0
S01007787,276,64,109,46,38,18,0,0,0
S01007788,276,74,69,61,43,16,11,1,0
S01007789,241,75,61,44,34,17,8,4,0
S01007790,310,92,98,56,42,17,7,1,0
S01007791,252,39,113,57,32,9,2,0,0
S01007792,367,109,129,58,47,16,6,0,0
S01007793,459,198,119,69,50,18,2,3,0
S01007794,223,50,91,35,34,10,6,1,0
S01007795,284,74,81,60,45,13,5,3,0
S01007796,292,91,84,61,39,23,1,0,0
S01007797,287,92,65,51,50,19,5,1,1
S01007798,229,36,76,47,48,17,5,2,2
S01007799,198,23,51,40,60,20,4,0,1
S01007800,353,100,106,63,55,18,9,4,0
S01007801,417,184,99,48,42,19,14,9,0
S01007802,200,46,65,42,25,19,2,1,0
S01007803,474,238,117,57,37,16,4,0,0
S01007804,246,62,86,39,30,22,4,5,0
S01007805,205,52,54,41,35,19,6,3,1
S01007806,294,78,98,64,41,10,0,0,0
S01007807,314,58,126,53,53,18,4,4,1
S01007808,317,61,107,68,44,20,17,4,2
S01007809,389,105,175,57,42,7,1,0,0
S01007810,388,128,121,57,40,28,12,3,0
S01007811,426,85,139,95,66,31,8,3,3
S01007812,361,96,104,70,42,32,13,4,0
S01007813,298,85,89,48,45,17,10,0,0
S01007814,235,67,79,42,31,11,5,0,0
S01007815,351,93,163,49,34,7,3,0,0
S01007816,252,64,107,46,26,9,0,0,0
S01007817,205,61,92,28,14,6,1,0,1
S01007818,305,93,120,41,38,10,2,0,2
S01007819,378,113,134,63,47,13,2,0,2
S01007820,415,145,134,59,43,16,5,2,0
S01007821,237,89,86,30,23,6,3,0,0
S01007822,375,154,139,42,29,8,1,1,0
S01007823,274,89,97,43,28,10,2,1,1
S01007824,401,141,162,46,41,5,4,2,0
S01007825,463,190,181,48,26,8,1,4,0
S01007826,293,101,83,57,39,6,4,3,0
S01007827,281,130,98,25,16,10,1,1,0
S01007828,579,370,144,40,18,4,3,0,0
S01007829,299,165,101,20,8,4,0,0,0
S01007830,500,276,151,35,12,13,9,0,0
S01007831,516,251,156,58,33,20,2,1,1
S01007832,324,173,96,36,15,2,0,0,0
S01007833,479,270,149,29,20,4,6,2,0
S01007834,395,203,113,43,25,7,1,2,1
S01007835,320,127,106,41,29,13,2,0,1
S01007836,315,159,102,27,17,6,4,0,0
S01007837,334,107,137,42,38,9,0,0,1
S01007838,443,121,156,78,67,18,3,2,0
S01007839,296,149,84,22,26,7,4,0,2
S01007840,444,231,134,53,22,8,0,0,0
S01007841,324,134,102,58,20,7,5,0,6
S01007842,341,158,74,50,36,17,0,5,1
S01007843,347,162,104,35,31,13,0,0,0
S01007844,427,233,112,45,23,9,1,0,0
S01007845,387,184,94,46,43,15,3,0,0
S01007846,347,113,125,59,28,15,4,2,1
S01007847,387,158,104,58,38,20,5,0,0
S01007848,419,221,125,35,27,10,3,2,0
S01007849,473,172,150,84,45,19,5,0,2
S01007850,289,75,89,54,47,21,1,0,0
S01007851,483,226,148,63,33,11,1,1,1
S01007852,314,164,74,38,30,7,0,0,1
S01007853,493,306,109,38,26,12,2,2,0
S01007854,468,217,120,56,50,18,4,2,0
S01007855,286,148,93,20,12,8,2,2,0
S01007856,411,122,135,63,65,19,6,3,0
S01007857,232,89,72,39,25,6,1,0,0
S01007858,520,232,160,73,38,8,6,0,0
S01007859,272,97,65,41,45,13,3,4,1
S01007860,271,70,71,64,39,19,6,2,0
S01007861,258,74,78,58,32,12,5,0,2
S01007862,301,86,114,47,41,6,4,0,0
S01007863,431,182,122,63,45,13,3,2,0
S01007864,466,216,126,65,44,17,1,0,0
S01007865,330,29,103,82,91,20,6,0,0
S01007866,210,36,83,52,34,4,4,0,0
S01007867,612,127,213,127,106,30,4,3,0
S01007868,364,78,200,43,31,9,2,2,0
S01007869,362,77,140,63,65,14,6,1,0
S01007870,136,38,50,28,14,5,1,0,0
S01007871,272,88,88,39,28,15,10,0,0
S01007872,318,131,99,55,27,10,2,1,0
S01007873,283,112,105,35,26,4,1,0,0
S01007874,360,159,132,38,27,2,2,0,0
S01007875,329,101,123,60,41,10,4,0,0
S01007876,392,127,142,54,45,19,1,0,1
S01007877,338,122,125,46,31,8,3,2,0
S01007878,192,86,59,21,20,8,0,0,0
S01007879,341,95,118,71,44,10,1,0,0
S01007880,245,86,98,40,17,3,0,0,0
S01007881,250,96,78,41,21,11,5,0,0
S01007882,288,54,126,48,43,13,4,0,0
S01007883,466,159,169,76,51,10,0,0,1
S01007884,276,78,110,58,23,5,2,0,0
S01007885,338,147,101,49,31,6,0,4,0
S01007886,432,200,133,53,31,14,0,3,0
S01007887,253,76,95,35,35,5,3,0,1
S01007888,464,170,148,75,45,21,8,0,0
S01007889,234,107,80,28,18,0,0,1,0
S01007890,301,96,106,44,37,13,4,0,0
S01007891,431,158,135,69,41,21,5,0,0
S01007892,342,141,128,40,23,9,1,0,0
S01007893,432,137,174,64,47,7,5,0,0
S01007894,384,108,150,61,53,9,0,1,0
S01007895,250,69,98,32,41,8,2,0,0
S01007896,345,144,111,52,31,6,1,0,0
S01007897,157,44,54,29,21,5,3,0,0
S01007898,192,51,81,20,33,3,0,1,0
S01007899,243,58,91,46,36,8,2,5,0
S01007900,243,70,78,44,33,15,1,1,0
S01007901,291,116,90,45,33,10,2,0,0
S01007902,361,126,118,63,38,9,7,0,0
S01007903,292,120,125,31,15,1,1,0,0
S01007904,330,76,157,57,28,15,0,2,0
S01007905,302,123,96,47,29,6,2,0,1
S01007906,343,157,129,37,18,0,1,0,0
S01007907,252,91,87,28,27,13,3,0,0
S01007908,422,151,160,63,37,9,0,0,0
S01007909,250,80,79,53,27,7,2,0,0
S01007910,376,106,116,72,60,16,5,1,0
S01007911,290,91,98,49,38,12,2,0,0
S01007912,311,98,107,44,42,15,3,0,0
S01007913,311,149,95,35,28,4,0,0,0
S01007914,257,99,82,47,18,8,4,0,1
S01007915,362,144,111,51,39,12,0,0,1
S01007916,371,174,111,40,34,11,1,2,1
S01007917,378,147,134,62,32,2,0,0,0
S01007918,393,167,119,66,29,7,4,0,2
S01007919,326,73,137,51,44,18,4,0,0
S01007920,303,75,123,50,35,11,8,3,0
S01007921,398,157,132,61,37,5,4,2,0
S01007922,368,147,125,52,29,16,2,3,0
S01007923,453,149,182,49,47,18,4,0,4
S01007924,460,166,117,95,54,22,3,4,1
S01007925,186,35,88,25,24,8,4,0,0
S01007926,175,32,83,26,28,8,2,0,0
S01007927,315,72,121,52,39,24,5,0,1
S01007928,437,153,160,64,47,15,1,0,0
S01007929,770,130,285,153,145,45,6,1,2
S01007930,196,36,91,30,25,11,2,1,0
S01007931,481,144,165,82,73,12,3,0,3
S01007932,379,108,166,45,43,10,3,0,0
S01007933,319,74,106,83,30,12,8,1,1
S01007934,280,91,87,56,38,6,2,0,0
S01007935,401,225,110,38,21,9,0,1,0
S01007936,390,91,144,65,74,14,2,0,0
S01007937,490,134,190,94,61,15,1,0,1
S01007938,364,156,121,40,40,9,0,0,0
S01007939,362,122,113,64,41,16,6,0,0
S01007940,495,183,186,64,43,21,3,4,0
S01007941,266,57,127,39,26,10,4,0,0
S01007942,213,65,46,32,46,22,0,0,2
S01007943,321,123,123,41,21,7,3,0,0
S01007944,375,143,151,41,30,6,0,0,0
S01007945,379,172,132,44,21,11,1,1,0
S01007946,288,128,94,29,31,6,1,1,1
S01007947,318,101,135,37,33,9,2,0,0
S01007948,281,104,103,37,24,10,4,1,0
S01007949,309,111,127,40,24,8,0,0,0
S01007950,390,109,153,58,56,11,3,0,0
S01007951,407,135,146,63,47,13,3,0,0
S01007952,339,164,115,40,13,6,1,0,0
S01007953,392,131,132,67,45,12,5,0,0
S01007954,296,102,90,53,31,16,4,1,0
S01007955,324,90,114,58,39,12,3,1,5
S01007956,297,98,93,50,46,8,2,0,0
S01007957,547,276,172,58,30,10,2,0,0
S01007958,268,134,87,23,18,5,1,0,0
S01007959,351,148,136,41,23,2,2,0,0
S01007960,295,103,106,42,30,13,1,0,0
S01007961,339,83,163,43,26,18,6,0,0
S01007962,252,90,82,29,35,10,5,1,0
S01007963,435,149,123,72,64,17,7,7,2
S01007964,356,123,126,58,31,17,5,0,0
S01007965,236,95,72,39,24,3,1,1,0
S01007966,435,140,144,66,51,25,6,3,1
S01007967,232,69,81,43,23,9,0,0,2
S01007968,393,116,156,54,45,12,0,4,0
S01007969,370,141,114,68,35,7,3,0,0
S01007970,469,174,142,80,49,17,1,6,2
S01007971,461,217,140,43,39,15,1,1,1
S01007972,377,134,134,63,37,4,0,2,0
S01007973,357,95,168,53,33,5,0,0,0
S01007974,360,193,101,44,18,2,2,0,0
S01007975,367,168,118,45,31,3,2,0,0
S01007976,432,287,108,27,10,2,1,0,0
S01007977,259,89,96,41,25,7,1,0,0
S01007978,405,273,99,24,9,2,0,0,0
S01007979,405,132,146,51,60,14,5,2,0
S01007980,300,127,89,47,26,10,1,0,0
S01007981,248,74,114,29,24,6,1,0,0
S01007982,213,63,89,33,21,7,0,0,0
S01007983,439,208,125,60,36,7,2,0,0
S01007984,326,127,97,56,36,6,5,0,0
S01007985,381,103,139,76,48,8,1,0,0
S01007986,247,68,99,50,25,8,0,0,0
S01007987,324,93,126,57,37,9,2,0,0
S01007988,301,92,117,51,35,8,0,1,0
S01007989,362,98,117,90,52,8,5,0,0
S01007990,290,72,110,50,36,11,1,7,0
S01007991,426,72,157,96,81,15,1,1,0
S01007992,224,44,73,52,40,11,3,1,0
S01007993,328,76,160,45,36,5,0,0,1
S01007994,297,35,91,62,78,24,7,1,0
S01007995,314,54,119,61,66,11,3,0,0
S01007996,143,37,61,14,21,9,1,0,0
S01007997,351,89,161,43,40,13,4,2,0
S01007998,229,71,91,27,34,5,0,0,1
S01007999,310,129,78,53,40,11,0,0,0
S01008000,398,145,132,66,41,9,3,0,0
S01008001,441,201,106,59,51,19,3,1,0
S01008002,356,154,89,59,42,11,2,0,0
S01008003,252,87,66,44,42,10,3,0,0
S01008004,240,42,79,55,55,12,0,1,0
S01008005,300,65,96,72,48,11,7,3,0
S01008006,252,89,73,43,35,10,3,0,0
S01008007,247,125,74,28,11,13,0,0,0
S01008008,298,112,90,48,34,15,3,0,0
S01008009,444,204,114,54,51,14,4,2,2
S01008010,475,202,161,63,28,16,5,0,0
S01008011,381,275,73,19,8,4,1,0,0
S01008012,514,363,94,37,15,5,0,0,0
S01008013,349,219,84,19,18,3,0,0,0
S01008014,260,120,100,23,10,5,2,0,0
S01008015,532,291,143,56,33,5,3,1,0
S01008016,425,226,110,52,37,2,1,0,0
S01008017,379,91,170,58,46,12,1,2,0
S01008018,311,122,141,19,19,4,0,0,0
S01008019,242,71,99,31,36,4,1,0,0
S01008020,375,140,122,54,37,17,4,2,0
S01008021,304,116,111,36,29,5,3,2,0
S01008022,331,76,117,54,58,23,3,0,0
S01008023,227,31,81,60,50,6,0,0,0
S01008024,395,47,102,93,129,19,3,0,1
S01008025,275,82,133,38,18,3,0,0,0
S01008026,461,176,170,62,38,10,5,0,0
S01008027,239,74,85,36,37,7,1,1,0
S01008028,243,62,87,45,40,10,2,0,0
S01008029,851,153,308,165,169,43,8,4,2
S01008030,478,164,201,62,39,10,2,0,1
S01008031,363,147,123,45,28,9,4,2,1
S01008032,381,121,145,48,52,11,2,0,0
S01008033,264,37,86,53,76,15,1,0,0
S01008034,259,51,87,50,61,10,4,0,0
S01008035,280,98,114,34,25,9,0,0,0
S01008036,246,49,95,40,55,7,0,0,0
S01008037,437,164,124,68,53,17,9,2,0
S01008038,349,92,107,74,54,21,1,0,0
S01008039,357,123,107,62,60,5,2,0,0
S01008040,367,99,137,61,56,11,4,0,0
S01008041,351,154,109,34,45,6,0,0,0
S01008042,285,92,114,41,31,3,1,0,0
S01008043,406,86,144,78,75,20,1,0,0
S01008044,430,149,166,54,50,9,2,0,0
S01008045,518,165,165,82,74,24,6,2,0
S01008046,564,377,126,26,26,6,0,0,0
S01008047,288,84,118,44,33,9,0,0,0
S01008048,242,58,97,32,40,14,1,0,0
S01008049,355,90,132,61,51,13,6,0,0
S01008050,242,53,90,31,57,12,4,0,1
S01008051,331,76,97,60,82,14,2,0,0
S01008052,633,135,221,119,132,25,4,0,0
S01008053,257,65,94,47,38,11,1,0,0
S01008054,365,141,132,31,40,16,1,0,0
S01008055,410,56,151,74,106,22,1,0,0
S01008056,355,122,107,46,57,20,4,0,1
S01008057,392,127,111,58,75,16,3,0,0
S01008058,307,46,107,64,63,26,5,0,0
S01008059,257,54,99,45,41,12,3,0,0
S01008060,275,53,109,52,45,15,1,0,0
S01008061,443,129,102,78,117,15,1,0,0
S01008062,367,107,124,61,51,12,3,0,0
S01008063,376,95,121,66,73,18,0,1,0
S01008064,295,99,95,51,29,20,1,1,1
S01008065,353,58,137,55,80,23,3,1,0
S01008066,326,38,141,46,84,18,4,0,0
S01008067,301,69,111,55,43,15,3,0,0
S01008068,418,102,153,82,66,11,4,0,0
S01008069,374,98,131,66,63,12,2,0,0
S01008070,383,92,155,71,52,12,1,0,0
S01008071,290,57,113,58,47,13,2,0,0
S01008072,364,154,118,45,33,11,3,1,0
S01008073,174,31,80,25,33,4,2,0,0
S01008074,375,61,141,74,81,14,4,0,0
S01008075,244,49,99,47,39,8,2,0,0
S01008076,305,117,126,27,31,3,0,0,2
S01008077,353,97,129,52,50,22,6,0,0
S01008078,360,96,111,59,70,16,6,0,0
S01008079,339,65,156,47,52,17,2,0,0
S01008080,276,60,98,52,39,17,3,1,2
S01008081,238,58,80,40,46,11,0,1,1
S01008082,330,85,121,49,56,11,3,1,0
S01008083,289,44,105,43,73,15,4,2,3
S01008084,386,88,149,73,61,12,0,0,0
S01008085,341,60,139,58,67,18,2,0,0
S01008086,439,108,167,72,67,21,3,0,0
S01008087,329,86,105,55,60,14,3,0,3
S01008088,399,139,142,50,64,5,1,0,0
S01008089,294,57,101,58,58,19,3,2,0
S01008090,303,83,104,50,54,7,2,0,0
S01008091,144,27,60,24,25,8,1,0,0
S01008092,368,99,139,53,60,12,3,2,0
S01008093,301,83,99,56,52,11,2,0,0
S01008094,332,74,111,57,68,17,8,0,0
S01008095,328,112,119,55,33,11,1,0,1
S01008096,335,93,129,48,47,15,2,2,0
S01008097,286,109,96,35,31,11,0,0,0
S01008098,302,67,118,55,50,12,0,0,0
S01008099,201,52,74,30,32,15,0,0,0
S01008100,404,139,153,45,44,19,1,1,1
S01008101,396,183,103,48,42,17,4,0,1
S01008102,277,90,93,46,31,11,3,2,0
S01008103,451,227,135,56,26,7,0,0,0
S01008104,422,146,155,65,39,10,5,0,0
S01008105,490,224,128,81,44,13,0,0,0
S01008106,414,174,114,64,48,13,4,1,0
S01008107,483,63,93,83,168,61,10,0,0
S01008108,293,44,94,64,62,23,0,0,0
S01008109,333,73,128,66,46,17,4,0,0
S01008110,320,77,103,63,59,14,1,1,0
S01008111,352,120,110,59,47,16,0,0,0
S01008112,328,72,133,55,50,16,1,0,0
S01008113,409,128,139,67,59,12,7,1,0
S01008114,259,53,95,49,54,5,0,0,0
S01008115,383,111,123,78,53,13,2,0,0
S01008116,348,82,115,66,65,17,1,0,0
S01008117,336,91,127,62,41,13,3,0,0
S01008118,369,86,125,78,60,16,4,4,1
S01008119,254,81,78,51,24,15,4,0,0
S01008120,289,103,93,46,35,10,1,0,0
S01008121,263,43,124,42,47,7,0,0,0
S01008122,266,45,107,33,61,15,4,1,0
S01008123,394,98,142,69,71,10,4,0,0
S01008124,344,81,127,56,72,7,1,2,0
S01008125,351,95,137,54,47,16,2,0,0
S01008126,301,62,125,54,48,11,0,0,0
S01008127,290,43,91,56,75,19,6,0,0
S01008128,345,83,160,48,45,8,1,0,0
S01008129,406,173,118,57,46,10,3,0,0
S01008130,466,220,146,56,30,8,5,1,0
S01008131,412,208,115,58,22,8,0,2,1
S01008132,470,119,166,80,85,10,6,4,0
S01008133,324,167,96,27,24,6,3,1,0
S01008134,337,190,88,33,18,8,0,0,0
S01008135,625,237,193,81,83,19,7,0,2
S01008136,413,211,110,47,33,10,2,0,0
S01008137,426,184,127,50,40,17,3,1,0
S01008138,380,157,113,39,48,20,6,1,0
S01008139,523,196,158,86,58,21,3,0,2
S01008140,242,91,83,35,22,9,2,0,0
S01008141,312,86,119,62,39,8,2,0,0
S01008142,293,47,138,52,47,11,2,0,0
S01008143,451,180,130,62,60,16,5,0,0
S01008144,1234,240,352,219,310,99,9,0,1
S01008145,434,158,139,60,48,19,4,4,0
S01008146,248,80,87,39,31,6,3,2,0
S01008147,332,125,113,49,36,8,1,2,1
S01008148,333,124,121,39,43,4,2,0,0
S01008149,312,106,103,60,33,5,5,0,0
S01008150,417,183,115,64,37,11,5,0,0
S01008151,287,106,98,37,33,8,6,0,1
S01008152,453,190,150,59,40,14,0,0,0
S01008153,284,60,120,50,44,9,1,0,0
S01008154,423,142,157,66,41,16,1,0,0
S01008155,277,85,112,45,28,7,0,1,0
S01008156,335,118,108,61,34,4,5,2,0
S01008157,387,128,129,59,55,13,1,0,0
S01008158,286,81,124,47,26,7,1,0,0
S01008159,443,201,130,52,47,12,0,1,3
S01008160,386,139,114,59,47,20,3,3,1
S01008161,433,111,159,79,68,17,5,2,0
S01008162,437,132,152,72,58,18,0,3,1
S01008163,352,98,125,64,34,24,4,4,2
S01008164,366,119,117,74,42,9,2,0,3
S01008165,871,139,310,184,185,44,10,0,0
S01008166,231,68,81,38,29,9,4,0,0
S01008167,304,83,100,49,45,18,4,2,2
S01008168,349,90,152,58,32,15,1,0,3
S01008169,378,101,134,72,50,20,2,0,0
S01008170,237,46,103,41,37,7,3,0,0
S01008171,399,165,148,49,23,8,7,0,0
S01008172,259,87,92,43,27,4,4,0,0
S01008173,262,68,95,55,34,9,3,0,0
S01008174,226,74,94,32,25,4,0,0,0
S01008175,369,165,112,50,32,9,7,0,0
S01008176,400,146,153,52,35,11,0,0,0
S01008177,371,167,100,47,40,11,2,1,0
S01008178,278,98,115,36,22,3,3,0,0
S01008179,172,35,64,35,34,4,0,0,0
S01008180,169,26,69,36,27,4,0,0,0
S01008181,273,72,121,36,33,5,1,2,0
S01008182,550,305,176,35,24,3,4,0,0
S01008183,289,96,105,39,40,6,3,0,0
S01008184,486,291,127,30,24,5,4,1,0
S01008185,537,281,161,58,28,7,2,0,0
S01008186,370,182,118,39,23,8,2,0,0
S01008187,348,169,92,43,30,15,3,0,0
S01008188,486,239,138,53,39,12,5,0,0
S01008189,210,78,85,21,21,5,0,0,0
S01008190,363,107,117,46,57,18,13,3,0
S01008191,362,90,130,57,69,13,1,0,2
S01008192,436,184,144,45,41,14,4,2,0
S01008193,344,102,110,64,47,18,0,4,0
S01008194,275,53,109,57,41,11,1,3,0
S01008195,334,110,109,58,43,14,0,0,0
S01008196,376,108,109,69,53,27,4,0,5
S01008197,551,114,180,108,111,34,4,1,2
S01008198,302,74,120,39,41,20,5,3,0
S01008199,305,77,94,66,41,27,0,0,0
S01008200,303,131,94,35,21,14,1,0,2
S01008201,354,125,124,52,34,9,5,3,2
S01008202,254,93,89,35,23,6,0,0,0
S01008203,314,153,99,30,23,9,5,0,0
S01008204,468,219,156,47,28,12,1,4,0
S01008205,293,69,122,52,31,12,7,0,0
S01008206,302,96,90,52,41,18,4,0,2
S01008207,248,64,81,51,36,11,3,0,0
S01008208,362,97,120,67,57,15,5,0,1
S01008209,170,33,52,34,33,14,3,0,0
S01008210,393,131,149,60,39,11,4,2,0
S01008211,441,178,151,61,49,4,0,0,1
S01008212,212,42,77,36,51,6,0,0,0
S01008213,372,87,148,52,65,20,3,0,0
S01008214,349,135,119,49,34,12,0,0,0
S01008215,321,132,112,40,30,7,1,1,0
S01008216,201,47,89,36,22,4,0,0,0
S01008217,231,50,100,29,40,11,0,0,0
S01008218,937,150,344,188,203,43,8,0,1
S01008219,415,145,146,66,37,10,1,3,0
S01008220,230,47,58,45,34,26,10,4,0
S01008221,362,112,112,72,37,18,9,1,0
S01008222,284,96,81,43,38,25,4,0,0
S01008223,270,113,94,28,28,5,0,0,0
S01008224,402,150,167,45,33,8,1,0,0
S01008225,285,74,117,47,33,5,6,0,0
S01008226,392,177,118,55,28,10,5,0,0
S01008227,393,152,117,59,47,13,5,0,0
S01008228,283,68,122,48,36,11,0,1,0
S01008229,303,90,114,55,29,9,2,2,0
S01008230,298,62,104,64,47,14,6,0,0
S01008231,242,17,65,55,84,13,5,3,0
S01008232,311,65,76,79,74,10,5,0,5
S01008233,278,46,82,61,66,19,2,1,0
S01008234,195,56,86,32,18,2,1,0,0
S01008235,432,133,167,72,43,14,3,0,0
S01008236,385,133,146,47,42,13,3,1,0
S01008237,506,144,167,83,82,25,3,0,0
S01008238,370,129,133,54,46,10,2,0,0
S01008239,474,118,165,75,83,23,5,0,4
S01008240,318,76,138,54,43,9,0,0,0
S01008241,284,63,149,32,31,10,0,1,0
S01008242,547,205,215,48,62,17,0,1,0
S01008243,479,110,170,88,94,15,3,1,0
S01008244,265,79,110,35,33,7,1,0,0
S01008245,430,100,174,53,83,16,3,1,0
S01008246,448,76,193,75,72,22,3,1,0
S01008247,325,77,136,47,46,16,3,0,0
S01008248,357,95,159,37,48,14,7,0,0
S01008249,455,115,191,56,74,19,2,0,0
S01008250,1192,213,459,200,252,56,6,1,1
S01008251,438,71,161,94,83,23,8,0,0
S01008252,317,75,132,50,53,5,0,0,0
S01008253,364,131,138,43,40,9,3,0,0
S01008254,440,140,157,67,65,12,4,0,0
S01008255,272,67,103,36,47,18,2,0,0
S01008256,423,164,135,55,48,15,10,0,1
S01008257,381,216,102,33,21,9,0,0,0
S01008258,405,154,171,42,30,6,1,1,0
S01008259,445,218,126,47,40,13,1,0,0
S01008260,340,115,121,51,36,7,6,0,2
S01008261,355,109,132,55,35,19,4,0,0
S01008262,250,60,99,43,34,8,3,0,1
S01008263,289,93,110,39,36,11,1,0,0
S01008264,333,112,104,50,58,13,0,0,0
S01008265,434,141,179,46,47,18,0,2,0
S01008266,312,97,141,34,34,7,0,0,0
S01008267,400,101,149,60,56,27,6,0,0
S01008268,325,89,157,38,38,9,3,0,0
S01008269,419,176,156,35,33,11,10,0,0
S01008270,374,171,124,35,33,11,0,0,0
S01008271,381,219,110,22,27,3,0,0,0
S01008272,1075,223,356,184,240,52,14,2,2
S01008273,352,99,146,48,51,10,1,0,2
S01008274,321,111,103,52,31,21,3,1,0
S01008275,241,80,81,42,31,8,2,0,0
S01008276,231,65,97,33,27,7,2,1,0
S01008277,301,66,138,38,41,10,3,0,0
S01008278,420,99,176,58,65,22,3,0,0
S01008279,318,103,123,46,40,12,1,0,0
S01008280,446,160,164,63,45,16,1,0,0
S01008281,327,96,128,45,41,15,6,0,0
S01008282,286,72,125,45,30,7,0,5,0
S01008283,445,70,178,75,90,26,4,1,0
S01008284,1072,214,347,215,232,51,6,4,0
S01008285,339,136,123,40,30,10,3,0,0
S01008286,317,89,112,53,42,11,6,1,0
S01008287,329,107,106,48,51,12,9,0,2
S01008288,427,155,142,55,54,16,2,1,0
S01008289,291,140,84,34,24,5,4,0,0
S01008290,397,157,135,50,38,13,6,0,0
S01008291,395,154,164,33,35,8,0,1,0
S01008292,311,85,105,66,43,13,1,0,0
S01008293,203,34,66,38,47,14,5,0,0
S01008294,320,57,114,66,62,19,1,1,0
S01008295,365,90,152,57,56,12,2,0,0
S01008296,299,124,66,50,45,17,2,0,0
S01008297,331,65,107,69,55,30,2,2,0
S01008298,393,83,137,86,66,17,3,0,2
S01008299,353,171,94,41,24,18,2,4,1
S01008300,351,124,115,48,38,18,3,6,0
S01008301,335,102,116,57,45,7,4,0,1
S01008302,390,110,138,49,71,14,7,0,1
S01008303,293,125,91,44,26,7,0,0,0
S01008304,175,48,71,24,25,8,0,0,0
S01008305,297,86,124,51,33,6,1,0,0
S01008306,236,62,98,35,36,7,0,0,0
S01008307,320,57,120,66,63,11,2,0,0
S01008308,241,62,109,36,27,4,2,0,0
S01008309,342,196,75,39,17,9,3,0,0
S01008310,499,231,147,67,36,12,5,3,0
S01008311,204,84,61,33,23,7,1,0,1
S01008312,171,56,57,22,30,5,2,1,0
S01008313,392,160,127,54,35,7,4,0,1
S01008314,315,200,70,21,13,8,0,0,0
S01008315,450,318,84,27,15,5,0,0,2
S01008316,271,100,71,52,32,8,7,0,2
S01008317,415,126,144,62,59,13,7,1,3
S01008318,588,112,191,118,121,43,4,6,0
S01008319,392,169,111,56,38,13,4,0,0
S01008320,326,130,126,28,30,11,1,0,0
S01008321,161,24,58,49,24,7,0,0,0
S01008322,481,171,175,76,38,22,4,0,0
S01008323,280,102,73,50,28,12,13,0,0
S01008324,317,68,93,61,70,14,10,1,3
S01008325,289,77,80,63,54,16,1,0,0
S01008326,433,159,132,66,51,21,2,1,0
S01008327,387,149,113,59,52,12,1,2,0
S01008328,1173,225,266,218,319,106,29,4,6
S01008329,297,40,94,61,64,19,10,5,2
S01008330,286,38,88,70,54,25,8,4,1
S01008331,233,81,65,26,37,20,0,2,0
S01008332,411,146,124,42,61,21,11,3,2
S01008333,505,234,158,43,49,16,9,1,1
S01008334,333,109,105,46,57,13,1,0,0
S01008335,290,111,65,45,45,17,6,1,0
S01008336,336,126,85,53,43,21,4,4,0
S01008337,370,124,79,57,77,22,10,1,0
S01008338,240,38,51,57,60,25,4,2,0
S01008339,219,47,73,37,43,8,4,0,0
S01008340,308,79,114,45,48,15,2,1,1
S01008341,200,20,63,41,53,19,1,2,0
S01008342,321,93,101,49,53,17,7,1,1
S01008343,332,72,118,59,68,12,3,2,0
S01008344,369,94,136,41,62,26,7,2,0
S01008345,401,81,160,50,71,24,13,4,2
S01008346,357,54,131,54,78,31,5,0,3
S01008347,489,181,143,50,82,29,6,0,1
S01008348,310,97,89,55,52,17,2,0,0
S01008349,308,62,96,56,69,17,4,0,0
S01008350,240,65,102,34,29,11,3,0,1
S01008351,361,82,118,65,71,22,4,0,0
S01008352,252,52,80,39,59,19,1,6,2
S01008353,200,45,66,34,34,11,5,2,0
S01008354,1005,187,234,193,266,92,30,6,3
S01008355,315,124,83,41,51,16,8,0,0
S01008356,244,77,80,36,37,12,1,0,1
S01008357,288,96,102,41,31,16,3,0,0
S01008358,345,137,115,37,38,15,3,0,0
S01008359,286,77,88,42,60,17,1,1,0
S01008360,320,45,143,55,57,16,3,0,2
S01008361,339,67,109,73,61,24,2,0,0
S01008362,526,156,124,83,133,27,4,0,0
S01008363,301,92,89,47,45,24,4,2,0
S01008364,279,89,79,50,44,7,4,1,1
S01008365,277,74,110,32,46,11,3,0,0
S01008366,390,151,119,46,48,19,6,2,0
S01008367,359,149,99,51,42,14,1,0,1
S01008368,308,118,86,48,44,11,1,0,0
S01008369,252,69,67,53,47,12,6,0,1
S01008370,298,122,79,24,44,18,8,2,2
S01008371,293,68,95,52,60,18,3,0,0
S01008372,280,63,94,42,59,10,12,1,0
S01008373,263,35,79,62,59,18,4,0,1
S01008374,281,56,85,52,71,11,5,1,0
S01008375,274,38,87,59,71,17,2,0,0
S01008376,206,47,67,39,34,11,4,0,2
S01008377,292,80,77,44,77,13,4,2,2
S01008378,395,124,110,53,84,19,4,1,0
S01008379,199,44,73,26,32,16,6,0,0
S01008380,235,27,76,58,60,9,2,0,2
S01008381,230,35,69,52,63,9,2,0,0
S01008382,320,68,86,59,82,18,2,1,4
S01008383,174,24,57,36,46,8,2,0,0
S01008384,379,94,132,64,71,15,2,1,1
S01008385,244,47,83,31,67,12,2,1,0
S01008386,346,99,141,51,48,14,0,0,0
S01008387,233,51,85,48,34,10,1,0,0
S01008388,239,60,83,48,41,1,2,1,0
S01008389,308,125,106,23,44,2,0,2,0
S01008390,243,53,78,38,63,15,2,0,0
S01008391,346,129,94,30,64,22,3,0,0
S01008392,329,57,115,63,61,26,5,1,0
S01008393,350,128,111,44,57,11,0,0,0
S01008394,280,38,75,58,90,19,0,0,0
S01008395,184,35,59,37,35,13,0,3,2
S01008396,318,132,100,29,35,22,3,1,0
S01008397,313,48,117,49,67,26,1,1,1
S01008398,250,57,92,36,45,16,1,1,1
S01008399,240,97,83,27,25,8,4,0,0
S01008400,263,61,89,37,50,9,14,3,0
S01008401,377,123,113,48,61,17,8,3,0
S01008402,438,82,184,64,64,33,9,6,0
S01008403,210,33,73,37,48,18,1,0,0
S01008404,342,81,116,51,65,24,2,0,0
S01008405,267,45,82,47,57,27,8,0,2
S01008406,467,241,103,40,56,22,4,1,0
S01008407,295,172,71,23,20,9,3,2,0
S01008408,252,94,64,42,37,15,2,0,0
S01008409,404,161,124,61,37,15,5,0,1
S01008410,323,155,89,36,23,10,0,1,3
S01008411,237,68,72,33,47,16,4,0,0
S01008412,284,94,65,34,54,24,3,4,2
S01008413,199,61,71,30,27,17,0,0,0
S01008414,191,37,52,30,38,22,5,4,4
S01008415,342,109,91,53,54,17,9,6,0
S01008416,425,179,117,56,44,23,3,0,0
S01008417,315,81,137,41,40,14,4,0,0
S01008418,299,88,125,41,29,11,1,0,0
S01008419,186,58,57,29,30,9,5,0,0
S01008420,186,51,67,25,34,10,0,0,0
S01008421,408,166,117,53,55,15,1,0,0
S01008422,229,66,71,22,58,10,3,0,0
S01008423,533,63,201,107,126,30,4,1,3
S01008424,337,60,153,43,61,17,1,0,0
S01008425,728,168,248,136,148,24,1,0,0
S01008426,267,79,86,50,36,13,2,0,0
S01008427,394,76,156,72,67,20,5,0,0
S01008428,353,134,111,49,46,6,5,0,0
S01008429,400,104,149,57,70,20,3,0,0
S01008430,395,118,127,56,76,16,0,1,1
S01008431,351,86,133,66,51,14,0,0,0
S01008432,297,78,119,38,50,10,2,0,0
S01008433,343,90,150,48,41,12,4,0,0
S01008434,409,109,153,65,71,11,3,1,0
S01008435,300,64,121,48,57,6,2,2,0
S01008436,426,147,165,46,59,9,1,0,0
S01008437,369,163,133,39,16,11,4,0,0
S01008438,247,66,70,45,49,14,2,0,0
S01008439,425,94,132,68,104,24,3,0,0
S01008440,439,102,162,64,88,17,2,0,0
S01008441,188,30,73,38,39,9,0,0,0
S01008442,321,101,132,42,39,7,0,1,0
S01008443,263,68,97,40,43,18,0,0,0
S01008444,235,64,76,38,47,11,0,0,0
S01008445,414,201,103,49,53,8,2,2,0
S01008446,362,83,147,45,71,15,1,0,0
S01008447,288,61,136,39,34,16,1,0,1
S01008448,321,76,157,42,32,12,2,0,0
S01008449,338,122,80,52,32,35,6,7,2
S01008450,224,68,69,53,19,9,3,3,0
S01008451,271,103,68,38,30,17,9,4,5
S01008452,237,100,44,23,36,23,8,1,2
S01008453,289,88,79,57,39,18,6,0,0
S01008454,382,139,114,61,42,16,10,0,0
S01008455,485,242,113,73,31,16,6,4,0
S01008456,462,235,117,63,30,13,3,3,0
S01008457,357,204,96,32,19,4,2,0,0
S01008458,418,141,138,71,48,14,5,1,0
S01008459,368,180,94,46,25,12,7,1,0
S01008460,365,137,93,69,35,16,10,0,1
S01008461,468,227,132,65,28,12,4,5,0
S01008462,315,213,62,22,8,10,1,1,0
S01008463,288,157,62,38,20,7,0,1,0
S01008464,400,147,136,69,35,12,1,0,0
S01008465,346,119,126,53,39,7,3,0,0
S01008466,300,86,122,49,31,11,1,2,1
S01008467,310,89,110,49,47,14,0,1,1
S01008468,441,151,133,77,58,17,8,0,0
S01008469,233,61,94,29,31,13,1,0,1
S01008470,370,122,93,58,72,20,5,2,1
S01008471,330,96,87,55,47,28,8,2,4
S01008472,266,88,69,47,31,20,4,2,1
S01008473,255,95,68,46,31,9,6,1,0
S01008474,436,241,102,55,28,10,0,0,0
S01008475,322,163,90,35,28,7,0,0,0
S01008476,398,208,116,46,23,5,0,0,0
S01008477,440,225,152,42,15,5,0,0,0
S01008478,638,318,211,53,32,18,0,0,3
S01008479,396,165,148,55,20,8,1,0,0
S01008480,274,97,85,47,39,5,0,1,0
S01008481,499,157,163,91,56,13,10,1,0
S01008482,283,130,97,23,18,14,0,0,0
S01008483,306,131,100,43,23,7,1,0,0
S01008484,303,79,112,51,49,5,1,4,0
S01008485,463,142,153,78,63,17,5,4,0
S01008486,460,228,147,50,29,4,1,0,0
S01008487,530,238,210,46,30,3,1,3,0
S01008488,443,199,161,48,31,4,3,1,0
S01008489,340,132,128,47,24,6,2,0,0
S01008490,486,245,168,43,25,3,4,0,1
S01008491,494,236,165,46,33,8,2,1,3
S01008492,693,318,239,94,35,6,0,2,0
S01008493,553,247,172,90,33,7,4,0,0
S01008494,625,434,134,27,24,5,1,0,0
S01008495,615,375,205,28,7,0,0,0,0
S01008496,618,376,192,39,10,0,0,0,0
S01008497,570,382,155,24,5,1,0,0,0
S01008498,523,288,183,34,14,3,0,0,1
S01008499,554,306,200,35,11,1,0,2,0
S01008500,228,116,60,21,14,7,3,0,0
S01008501,312,106,149,29,21,6,0,0,0
S01008502,393,187,152,40,9,5,0,0,0
S01008503,430,163,192,44,28,3,0,0,0
S01008504,538,223,160,84,58,11,1,0,0
S01008505,329,118,125,51,29,4,0,1,1
S01008506,495,225,177,52,28,4,1,1,0
S01008507,459,161,187,58,41,11,1,0,0
S01008508,326,91,126,44,48,15,2,0,0
S01008509,533,199,212,62,53,6,0,0,0
S01008510,391,106,168,58,46,7,0,0,0
S01008511,354,73,152,55,61,10,2,0,2
S01008512,205,36,86,35,38,8,0,0,3
S01008513,249,52,96,36,54,7,1,1,0
S01008514,429,153,156,49,57,11,1,0,0
S01008515,334,89,119,46,64,12,3,2,0
S01008516,631,375,172,42,31,6,1,0,0
S01008517,414,174,154,49,27,7,1,0,0
S01008518,381,105,141,72,47,12,4,0,0
S01008519,330,80,128,46,59,17,1,0,0
S01008520,425,98,173,54,74,19,5,1,0
S01008521,343,54,131,59,75,23,2,0,0
S01008522,254,72,98,47,31,5,0,0,0
S01008523,455,157,175,53,55,16,0,1,0
S01008524,466,220,143,55,33,12,1,0,1
S01008525,407,202,79,68,32,15,4,1,1
S01008526,445,189,152,51,37,11,1,2,1
S01008527,330,124,115,52,25,11,3,0,0
S01008528,302,92,104,47,49,8,5,0,1
S01008529,371,122,133,57,45,12,1,2,0
S01008530,386,174,110,53,27,19,1,0,1
S01008531,393,189,105,50,38,8,3,0,0
S01008532,210,88,55,33,23,9,2,0,0
S01008533,162,33,56,22,28,18,2,3,0
S01008534,267,67,106,44,36,8,2,1,0
S01008535,283,84,114,39,35,7,4,0,0
S01008536,262,77,93,38,43,9,2,0,0
S01008537,280,59,124,39,46,13,1,0,0
S01008538,239,55,126,28,28,5,0,1,0
S01008539,346,91,142,51,49,6,1,1,0
S01008540,374,90,144,69,61,9,1,0,0
S01008541,327,57,119,51,83,13,5,0,0
S01008542,606,97,189,119,161,37,2,1,0
S01008543,256,36,96,51,60,17,1,0,0
S01008544,212,28,86,36,45,15,0,0,0
S01008545,333,76,143,50,51,11,0,0,0
S01008546,338,72,165,43,42,9,3,0,0
S01008547,455,126,184,86,45,12,3,2,0
S01008548,580,141,198,125,80,29,7,1,2
S01008549,1913,422,745,403,260,68,11,1,3
S01008550,342,118,143,41,31,4,2,0,0
S01008551,504,235,172,63,25,7,1,0,0
S01008552,381,134,164,33,41,15,2,1,0
S01008553,329,129,98,51,27,15,9,0,0
S01008554,364,84,99,71,49,34,11,4,6
S01008555,451,199,133,60,39,11,4,2,2
S01008556,365,126,104,72,37,18,7,0,2
S01008557,646,256,193,94,66,25,6,4,0
S01008558,381,145,116,51,35,18,7,5,0
S01008559,286,94,95,49,30,15,4,0,2
S01008560,316,90,96,63,42,15,6,1,1
S01008561,275,85,93,41,32,12,4,0,4
S01008562,498,293,102,62,25,8,1,3,0
S01008563,399,143,145,60,30,14,2,1,2
S01008564,307,152,84,39,22,7,1,0,0
S01008565,473,207,135,62,57,12,3,0,0
S01008566,439,127,150,77,51,24,7,2,0
S01008567,286,73,83,67,36,18,7,1,1
S01008568,357,114,124,56,37,19,4,0,0
S01008569,383,258,75,32,9,6,0,0,0
S01008570,396,167,116,53,41,14,0,2,1
S01008571,334,121,122,42,34,17,2,0,0
S01008572,319,96,108,60,42,10,3,0,0
S01008573,286,87,96,51,39,9,4,1,1
S01008574,289,73,128,39,35,11,0,3,0
S01008575,325,96,136,52,36,9,1,0,0
S01008576,395,165,166,36,24,5,2,0,0
S01008577,429,163,173,40,40,9,4,0,0
S01008578,292,60,132,41,48,11,0,0,0
S01008579,635,197,274,84,69,14,5,0,0
S01008580,258,102,90,40,21,8,1,0,0
S01008581,481,205,168,71,29,6,2,0,0
S01008582,473,179,157,65,40,18,11,1,3
S01008583,352,157,102,49,27,11,3,1,0
S01008584,373,149,115,53,33,16,6,1,0
S01008585,238,61,68,59,32,10,3,4,0
S01008586,410,148,121,71,51,20,2,0,0
S01008587,328,96,114,50,50,17,1,2,2
S01008588,343,121,103,49,47,15,3,4,0
S01008589,173,50,53,25,39,8,1,2,0
S01008590,415,186,128,49,40,11,0,0,0
S01008591,312,82,113,55,37,18,2,2,1
S01008592,363,96,138,63,55,12,1,1,0
S01008593,319,70,116,41,71,14,8,1,0
S01008594,481,149,180,78,52,16,6,1,1
S01008595,523,301,158,35,25,4,3,0,0
S01008596,447,181,173,62,27,7,1,0,0
S01008597,420,146,167,54,40,11,1,0,0
S01008598,321,95,97,57,50,18,3,2,3
S01008599,369,90,147,62,44,23,1,0,0
S01008600,301,56,105,46,54,29,3,1,7
S01008601,326,106,108,64,40,6,0,1,1
S01008602,318,146,114,33,19,5,0,0,0
S01008603,524,184,207,85,31,14,4,0,0
S01008604,420,156,161,53,33,9,6,1,0
S01008605,311,113,122,55,15,6,2,0,1
S01008606,323,83,114,49,51,17,4,0,4
S01008607,261,72,95,35,42,12,2,0,0
S01008608,310,90,127,39,40,16,1,0,0
S01008609,398,133,118,67,58,20,0,0,0
S01008610,374,158,98,56,53,8,1,0,0
S01008611,513,207,183,77,42,3,1,0,0
S01008612,346,120,151,42,24,11,3,1,0
S01008613,340,119,124,52,35,12,0,1,0
S01008614,294,95,105,48,34,10,0,0,1
S01008615,319,77,107,64,54,14,2,1,0
S01008616,255,41,89,66,55,3,1,0,0
S01008617,270,55,54,62,74,17,5,0,1
S01008618,246,39,60,77,55,8,5,0,0
S01008619,194,42,53,35,55,7,3,0,0
S01008620,276,35,71,82,59,13,7,1,2
S01008621,256,57,60,66,51,16,2,1,0
S01008622,196,62,51,27,39,11,3,0,1
S01008623,341,92,99,52,71,29,3,0,1
S01008624,356,133,112,55,46,5,1,0,0
S01008625,241,52,98,41,30,18,2,0,0
S01008626,382,95,158,61,45,20,3,0,0
S01008627,252,52,96,35,44,16,4,3,1
S01008628,271,97,105,33,31,4,0,0,0
S01008629,295,110,103,44,36,4,2,0,0
S01008630,314,128,113,32,29,9,3,0,0
S01008631,465,212,175,47,27,7,0,0,0
S01008632,375,204,136,16,14,2,2,0,0
S01008633,413,151,143,45,57,15,2,1,0
S01008634,286,54,98,49,62,15,4,2,0
S01008635,405,137,136,52,54,19,3,3,3
S01008636,315,97,110,46,51,10,3,0,0
S01008637,392,140,149,53,39,11,0,0,0
S01008638,330,143,91,48,33,9,4,1,2
S01008639,445,180,154,47,35,24,2,0,1
S01008640,394,131,159,53,40,10,0,1,0
S01008641,364,105,120,72,44,24,1,1,0
S01008642,407,124,167,69,40,8,0,0,1
S01008643,322,109,107,61,27,11,6,1,0
S01008644,389,152,137,45,44,7,0,1,0
S01008645,348,111,121,46,54,12,3,0,0
S01008646,493,232,177,45,28,8,1,0,0
S01008647,370,180,143,29,12,3,0,0,0
S01008648,318,128,147,28,14,0,0,0,0
S01008649,538,327,172,29,4,4,0,0,0
S01008650,436,237,150,30,17,2,0,0,0
S01008651,614,388,170,37,16,2,0,1,0
S01008652,324,205,86,21,9,0,0,0,0
S01008653,380,215,121,26,7,5,1,0,0
S01008654,592,320,209,45,10,5,2,0,0
S01008655,459,216,161,55,24,3,0,0,0
S01008656,441,283,121,21,7,3,1,0,0
S01008657,351,163,116,47,28,1,0,0,0
S01008658,856,460,299,66,24,4,0,0,0
S01008659,444,214,145,57,14,13,1,0,0
S01008660,538,233,175,57,49,20,2,0,2
S01008661,433,189,157,56,22,8,1,0,0
S01008662,277,110,109,40,9,6,0,0,0
S01008663,436,185,150,51,25,26,1,1,1
S01008664,392,171,141,51,16,11,4,0,0
S01008665,652,314,224,54,51,10,0,0,1
S01008666,330,93,100,57,55,22,2,2,0
S01008667,512,204,147,73,57,22,3,0,0
S01008668,309,122,141,30,7,8,1,1,2
S01008669,131,19,22,18,49,21,5,0,0
S01008670,256,45,63,48,47,44,6,2,2
S01008671,323,94,105,66,41,15,2,0,0
S01008672,334,139,116,43,21,7,0,0,0
S01008673,1100,635,319,90,41,11,1,0,0
S01008674,378,167,123,55,23,6,7,1,0
S01008675,432,283,102,29,10,4,0,0,0
S01008676,360,139,143,38,28,6,7,0,1
S01008677,393,203,149,30,11,3,0,0,0
S01008678,391,176,162,25,19,8,1,0,0
S01008679,521,327,97,34,27,24,8,0,1
S01008680,350,132,116,56,32,14,0,0,0
S01008681,520,263,169,62,23,2,1,0,1
S01008682,415,223,137,31,17,2,5,0,0
S01008683,591,306,177,59,33,9,7,0,0
S01008684,589,310,189,52,25,7,2,0,0
S01008685,471,269,138,38,17,4,2,0,0
S01008686,634,382,186,38,22,3,0,3,0
S01008687,399,220,151,19,5,0,2,0,0
S01008688,506,289,174,27,9,3,0,0,0
S01008689,498,309,153,19,12,3,0,0,0
S01008690,786,382,304,70,27,5,0,1,0
S01008691,715,403,258,36,17,1,0,0,0
S01008692,818,372,317,89,30,6,4,0,1
S01008693,159,64,61,20,10,4,0,0,2
S01008694,518,229,218,51,20,2,0,0,0
S01008695,342,123,140,56,23,3,0,0,0
S01008696,276,64,118,53,29,8,1,0,0
S01008697,439,126,184,57,55,12,1,2,0
S01008698,196,62,70,25,31,7,2,0,0
S01008699,473,216,145,69,27,9,4,0,0
S01008700,261,80,113,31,22,12,1,0,0
S01008701,691,286,178,107,71,34,14,2,2
S01008702,300,136,116,34,12,3,0,0,0
S01008703,478,175,132,75,61,27,9,1,1
S01008704,1641,504,556,314,184,61,12,9,1
S01008705,367,147,129,48,28,8,3,1,3
S01008706,317,99,98,65,39,10,6,0,0
S01008707,392,167,85,67,42,14,10,2,1
S01008708,510,235,109,79,44,34,11,2,0
S01008709,272,72,92,54,34,14,6,1,0
S01008710,228,97,52,35,28,10,1,1,0
S01008711,393,189,103,56,31,9,4,1,0
S01008712,538,258,137,66,53,16,4,2,2
S01008713,253,106,69,51,27,6,0,0,0
S01008714,253,112,77,46,13,4,0,0,1
S01008715,352,174,97,40,27,9,3,0,2
S01008716,298,144,80,45,24,5,3,0,0
S01008717,204,50,83,33,28,4,2,0,4
S01008718,367,125,137,56,29,11,5,0,2
S01008719,451,117,169,90,54,17,6,2,1
S01008720,758,168,305,152,111,18,5,1,0
S01008721,327,70,130,63,52,9,1,2,0
S01008722,518,207,161,60,69,12,6,1,0
S01008723,309,113,116,45,28,6,1,0,0
S01008724,427,146,137,67,61,12,4,0,0
S01008725,300,94,101,46,43,9,1,1,0
S01008726,238,66,86,37,41,4,2,0,0
S01008727,455,169,147,69,51,13,2,0,0
S01008728,279,108,85,42,36,7,1,0,0
S01008729,277,68,110,41,49,8,1,0,0
S01008730,381,175,114,52,35,9,0,0,0
S01008731,253,120,71,42,16,2,0,0,0
S01008732,335,197,85,25,21,3,1,0,0
S01008733,839,382,323,83,42,8,1,0,0
S01008734,312,137,102,34,33,5,0,0,0
S01008735,389,83,141,62,79,15,8,0,2
S01008736,306,74,106,54,56,12,1,1,2
S01008737,285,66,108,49,45,15,1,1,0
S01008738,307,68,110,41,70,16,2,0,2
S01008739,292,108,97,46,25,12,4,0,0
S01008740,193,56,65,34,29,6,4,0,0
S01008741,410,108,141,66,80,15,2,1,1
S01008742,280,144,94,20,18,2,0,0,1
S01008743,451,193,141,58,51,5,4,2,0
S01008744,501,191,184,70,48,6,2,0,0
S01008745,237,104,83,28,17,5,0,0,0
S01008746,532,247,171,65,39,10,6,0,0
S01008747,207,72,74,30,23,4,3,0,0
S01008748,283,83,121,37,27,11,3,1,0
S01008749,437,102,194,65,51,14,4,3,1
S01008750,301,93,134,41,26,4,3,0,0
S01008751,274,97,98,45,24,5,1,0,0
S01008752,344,192,95,37,18,4,0,0,0
S01008753,298,164,89,26,16,4,0,0,0
S01008754,319,166,107,24,21,1,0,0,0
S01008755,619,362,162,62,25,5,2,0,0
S01008756,375,218,107,33,14,0,1,0,0
S01008757,322,194,85,26,13,4,0,0,0
S01008758,379,175,112,59,22,11,0,0,0
S01008759,302,157,90,38,12,4,0,1,0
S01008760,460,222,117,57,47,9,2,1,0
S01008761,248,70,89,56,27,1,5,0,0
S01008762,304,114,125,32,19,4,3,0,0
S01008763,429,151,172,69,34,2,1,0,0
S01008764,301,79,125,52,39,4,3,0,0
S01008765,403,148,159,45,41,6,2,0,2
S01008766,414,114,151,78,54,15,2,0,0
S01008767,249,93,93,34,26,3,2,0,0
S01008768,1157,481,461,121,73,19,4,0,0
S01008769,573,235,233,73,21,8,1,0,0
S01008770,463,169,176,76,32,4,2,0,0
S01008771,579,207,220,94,47,9,1,0,0
S01008772,387,158,139,49,29,9,2,0,0
S01008773,587,342,169,54,15,6,2,0,0
S01008774,562,247,185,61,46,18,5,1,0
S01008775,267,84,104,34,28,10,0,2,4
S01008776,402,218,126,37,15,1,4,0,0
S01008777,597,347,187,44,15,3,3,0,0
S01008778,660,326,277,39,17,1,0,0,0
S01008779,458,195,202,38,14,6,0,1,0
S01008780,237,101,108,23,3,3,0,0,0
S01008781,650,325,233,57,30,6,0,0,0
S01008782,405,196,157,34,18,5,0,0,0
S01008783,254,116,120,12,8,0,0,0,0
S01008784,244,120,106,10,7,0,0,0,0
S01008785,402,198,147,26,21,10,0,0,0
S01008786,561,291,205,43,20,0,0,0,0
S01008787,162,85,32,20,19,2,0,0,0
S01008788,412,212,152,38,9,0,2,0,0
S01008789,503,273,154,45,21,8,3,2,0
S01008790,340,156,115,34,24,7,0,0,0
S01008791,469,154,194,72,39,4,0,1,0
S01008792,474,211,182,45,29,4,2,0,0
S01008793,285,183,75,19,2,4,1,1,0
S01008794,529,275,167,55,20,9,4,0,0
S01008795,533,242,230,38,24,3,2,0,0
S01008796,591,317,201,40,19,7,3,2,0
S01008797,484,285,170,14,15,0,0,0,0
S01008798,536,303,190,29,9,4,0,0,0
S01008799,327,126,123,45,25,8,0,0,0
S01008800,654,343,250,44,16,4,0,0,0
S01008801,529,314,171,33,8,5,0,0,0
S01008802,605,338,221,31,11,2,0,0,0
S01008803,508,299,147,28,17,8,4,2,1
S01008804,314,200,91,20,5,3,0,0,0
S01008805,314,127,126,33,21,5,2,0,0
S01008806,721,355,265,73,24,3,0,0,0
S01008807,466,274,142,36,10,3,0,0,0
S01008808,406,212,144,38,11,1,0,0,0
S01008809,346,138,139,27,32,7,3,0,0
S01008810,394,155,155,53,19,9,1,1,0
S01008811,336,107,140,49,26,8,5,0,0
S01008812,206,97,80,20,8,0,0,0,0
S01008813,563,291,167,55,28,13,1,5,1
S01008814,399,161,160,42,27,5,1,0,0
S01008815,546,319,176,36,14,1,0,1,1
S01008816,345,190,119,19,12,4,1,0,0
S01008817,624,270,263,58,29,2,2,0,0
S01008818,524,206,215,57,41,3,4,0,0
S01008819,373,159,141,49,16,3,0,0,0
S01008820,591,302,200,53,32,4,2,0,2
S01008821,274,60,79,59,64,8,1,2,4
S01008822,281,67,104,45,51,7,5,0,3
S01008823,269,83,111,27,37,13,1,0,0
S01008824,502,214,165,63,51,6,0,0,5
S01008825,343,113,139,45,38,7,1,0,0
S01008826,321,171,102,26,17,3,0,0,0
S01008827,273,55,111,39,53,15,0,0,0
S01008828,434,172,155,48,41,11,3,0,0
S01008829,291,85,105,49,34,13,4,0,2
S01008830,401,126,147,55,58,13,0,0,0
S01008831,357,131,127,41,49,11,0,0,0
S01008832,347,130,139,31,33,6,1,1,0
S01008833,506,239,161,54,41,12,0,0,0
S01008834,494,176,181,81,42,14,1,0,0
S01008835,400,145,153,62,35,7,0,0,0
S01008836,455,261,140,33,19,1,1,0,0
S01008837,756,358,298,65,31,0,0,0,0
S01008838,674,345,256,43,23,7,0,0,0
S01008839,587,286,209,50,27,11,2,0,0
S01008840,505,207,190,63,37,9,0,0,1
S01008841,387,153,161,42,27,1,3,1,0
S01008842,406,121,174,56,42,9,4,0,0
S01008843,652,298,243,70,32,6,1,0,0
S01008844,365,134,167,41,15,4,0,0,0
S01008845,519,222,203,54,24,16,0,0,0
S01008846,334,171,120,24,14,3,0,1,1
S01008847,273,114,101,36,13,4,2,0,1
S01008848,358,160,129,32,30,7,2,0,0
S01008849,348,155,152,20,16,3,0,0,0
S01008850,358,142,129,49,30,7,1,0,0
S01008851,575,350,167,33,20,5,0,0,0
S01008852,451,181,180,43,37,7,3,0,0
S01008853,317,157,106,36,17,3,0,0,0
S01008854,485,213,198,38,27,10,1,1,0
S01008855,645,272,263,64,37,7,2,0,0
S01008856,312,143,119,24,22,4,1,0,0
S01008857,432,216,149,46,19,2,0,0,0
S01008858,326,176,108,27,15,1,3,0,0
S01008859,667,377,234,31,21,3,1,0,0
S01008860,508,244,198,49,15,2,0,1,0
S01008861,347,113,158,37,33,6,0,0,0
S01008862,514,288,176,30,19,1,0,0,0
S01008863,382,141,159,44,33,4,0,1,0
S01008864,429,209,153,39,25,4,0,0,0
S01008865,441,161,170,70,37,3,0,0,0
S01008866,443,206,181,32,16,6,1,0,1
S01008867,412,167,167,40,38,1,1,0,0
S01008868,494,202,205,41,33,11,2,0,0
S01008869,611,264,254,59,25,5,1,0,0
S01008870,418,172,178,35,24,8,1,0,0
S01008871,444,173,167,55,35,13,4,0,0
S01008872,425,156,164,58,22,18,5,1,1
S01008873,455,193,157,47,39,13,4,1,0
S01008874,554,269,195,52,30,6,0,0,0
S01008875,509,265,187,39,16,1,2,0,0
S01008876,295,114,107,40,25,5,3,0,0
S01008877,232,74,83,37,33,7,0,0,0
S01008878,453,185,178,49,35,7,0,1,0
S01008879,387,156,144,46,33,7,2,0,0
S01008880,284,105,109,39,25,6,0,0,0
S01008881,370,130,166,41,32,2,1,0,0
S01008882,430,121,174,60,58,16,0,0,0
S01008883,382,87,138,68,61,19,4,0,1
S01008884,306,85,124,40,42,14,3,0,0
S01008885,339,63,132,58,66,12,2,1,0
S01008886,497,201,184,65,40,4,0,2,0
S01008887,331,102,119,46,54,9,0,3,0
S01008888,352,188,123,29,11,2,0,0,0
S01008889,445,201,152,47,33,12,0,0,0
S01008890,295,83,97,45,54,13,3,0,0
S01008891,342,86,119,65,60,10,0,1,0
S01008892,529,267,150,53,44,12,2,2,0
S01008893,355,67,126,64,83,14,1,0,0
S01008894,366,95,124,60,63,18,2,0,1
S01008895,305,79,110,37,60,23,0,0,0
S01008896,247,57,76,37,63,11,0,1,0
S01008897,305,99,90,40,54,16,3,0,1
S01008898,333,61,141,53,57,16,1,0,0
S01008899,368,149,105,63,36,8,6,0,0
S01008900,403,129,129,66,49,16,10,0,0
S01008901,363,116,112,64,45,20,4,4,0
S01008902,483,166,141,100,51,18,4,1,1
S01008903,455,187,153,61,39,10,9,0,0
S01008904,416,128,106,82,60,31,6,2,0
S01008905,479,185,112,92,50,29,11,0,0
S01008906,360,143,108,52,39,19,2,2,0
S01008907,409,108,117,81,44,42,7,7,3
S01008908,734,298,263,105,46,17,7,0,1
S01008909,342,101,134,58,38,9,0,0,0
S01008910,207,63,86,33,17,5,0,0,0
S01008911,712,250,293,113,49,4,1,2,0
S01008912,325,92,106,54,64,9,1,0,0
S01008913,285,61,93,71,45,12,4,1,2
S01008914,380,116,127,67,60,8,1,0,0
S01008915,230,69,66,44,36,6,2,1,0
S01008916,547,282,153,66,33,4,2,2,0
S01008917,347,181,91,42,24,8,1,0,0
S01008918,231,92,66,42,22,6,2,0,2
S01008919,247,101,76,33,27,7,2,2,1
S01008920,1038,392,426,128,70,17,4,0,1
S01008921,488,228,134,79,29,14,3,0,1
S01008922,377,143,125,60,39,8,0,1,0
S01008923,493,242,150,55,36,5,2,0,0
S01008924,340,104,103,58,39,10,5,8,1
S01008925,279,76,85,53,35,20,8,2,0
S01008926,243,68,106,31,28,10,5,0,0
S01008927,474,206,168,64,30,6,0,0,0
S01008928,408,131,163,69,26,14,4,2,0
S01008929,551,286,120,69,40,24,5,3,0
S01008930,374,124,100,70,49,19,14,3,1
S01008931,727,266,193,129,95,39,13,0,0
S01008932,419,164,145,57,39,6,1,0,1
S01008933,283,112,71,49,31,6,7,3,0
S01008934,335,128,95,58,38,12,3,1,0
S01008935,362,95,140,46,66,14,2,0,0
S01008936,159,31,56,27,38,8,0,0,0
S01008937,426,174,144,46,47,15,0,0,0
S01008938,283,67,94,39,62,22,1,0,0
S01008939,314,76,98,64,66,12,2,0,0
S01008940,251,68,92,28,47,14,0,1,1
S01008941,387,96,128,52,80,28,2,0,0
S01008942,331,103,126,38,53,13,2,0,0
S01008943,344,73,141,37,74,16,2,0,0
S01008944,428,110,162,58,77,15,1,0,0
S01008945,319,62,113,50,67,18,1,3,0
S01008946,473,186,151,60,55,17,5,1,0
S01008947,464,138,144,82,77,8,7,0,0
S01008948,299,87,114,54,37,3,2,4,1
S01008949,397,116,129,64,71,13,3,1,0
S01008950,421,116,142,82,66,19,2,0,2
S01008951,436,204,136,58,29,8,5,0,0
S01008952,421,191,112,56,39,16,4,0,0
S01008953,414,138,135,72,45,19,1,4,0
S01008954,486,207,137,71,50,15,5,0,0
S01008955,249,65,96,38,44,8,0,0,0
S01008956,471,212,141,61,46,9,1,1,1
S01008957,429,156,132,65,47,20,5,1,0
S01008958,448,220,118,54,45,10,1,1,0
S01008959,365,139,120,59,40,4,0,0,0
S01008960,449,110,163,71,83,16,4,1,1
S01008961,313,115,122,45,28,4,0,0,0
S01008962,279,80,111,41,33,7,0,0,0
S01008963,348,96,128,56,48,17,3,0,1
S01008964,215,38,82,40,40,10,3,2,0
S01008965,348,70,143,53,66,9,6,1,0
S01008966,271,83,96,37,41,12,2,0,0
S01008967,430,101,174,64,69,21,4,0,2
S01008968,708,169,233,142,140,22,3,0,0
S01008969,429,104,178,62,71,14,1,0,0
S01008970,442,137,177,66,54,11,4,0,0
S01008971,271,48,111,51,52,13,0,0,0
S01008972,305,70,123,40,52,18,2,0,0
S01008973,400,152,157,43,25,10,0,2,0
S01008974,373,150,125,41,43,6,1,2,0
S01008975,436,249,119,41,21,4,2,0,0
S01008976,210,38,92,35,33,11,0,0,0
S01008977,264,71,126,33,23,6,1,1,0
S01008978,252,73,105,42,27,0,0,1,0
S01008979,310,99,108,55,43,4,1,0,1
S01008980,334,96,123,59,48,6,3,0,0
S01008981,331,96,129,50,42,11,0,0,0
S01008982,357,115,115,68,42,9,5,0,1
S01008983,320,126,107,64,21,2,0,0,0
S01008984,230,76,78,53,23,3,0,0,0
S01008985,519,186,177,85,65,12,1,0,0
S01008986,336,89,128,56,48,10,3,0,0
S01008987,325,87,131,48,46,7,5,0,0
S01008988,487,199,159,71,45,5,0,1,0
S01008989,350,145,131,50,25,5,1,1,0
S01008990,546,221,169,94,57,4,1,0,0
S01008991,387,126,131,61,58,10,4,0,0
S01008992,261,120,79,34,24,2,2,1,0
S01008993,492,146,177,73,68,19,7,0,0
S01008994,313,101,106,56,39,13,3,0,0
S01008995,331,84,137,58,46,10,2,0,0
S01008996,404,99,130,83,71,15,5,1,0
S01008997,463,87,158,98,94,17,6,1,1
S01008998,335,83,102,50,59,28,7,3,0
S01008999,405,145,155,54,40,6,1,1,0
S01009000,703,135,253,126,153,32,3,1,0
S01009001,301,86,97,54,52,12,0,0,1
S01009002,1173,210,383,245,260,61,12,1,0
S01009003,413,112,143,72,64,15,3,0,2
S01009004,271,82,99,41,33,8,4,1,0
S01009005,423,169,140,53,44,11,2,0,0
S01009006,335,86,130,59,46,12,2,0,0
S01009007,285,75,96,50,48,17,2,0,1
S01009008,439,146,186,55,39,11,2,0,0
S01009009,255,131,64,27,23,6,3,1,0
S01009010,405,101,146,76,70,12,0,0,0
S01009011,322,56,119,64,64,12,0,0,0
S01009012,292,65,121,41,54,10,1,0,0
S01009013,348,86,147,59,46,9,1,1,0
S01009014,288,130,83,35,27,12,0,1,1
S01009015,316,112,123,28,27,17,7,0,2
S01009016,256,121,75,35,18,7,1,0,0
S01009017,262,119,84,27,21,9,2,0,0
S01009018,359,143,107,54,31,19,6,0,0
S01009019,215,84,63,30,19,14,3,1,1
S01009020,361,134,110,46,49,15,7,0,0
S01009021,367,170,110,36,35,12,4,0,0
S01009022,444,193,157,53,30,11,0,0,0
S01009023,419,170,160,42,36,13,4,0,0
S01009024,487,233,146,46,42,11,5,0,0
S01009025,452,191,147,61,37,12,1,3,0
S01009026,461,181,168,53,38,20,1,0,0
S01009027,366,158,141,39,16,7,6,0,0
S01009028,241,100,85,23,22,14,0,0,0
S01009029,270,96,100,32,29,10,0,0,0
S01009030,292,115,106,28,25,17,3,2,0
S01009031,366,140,123,49,39,10,4,1,0
S01009032,313,134,112,44,17,5,4,0,0
S01009033,344,134,121,41,29,15,3,0,1
S01009034,296,96,105,46,29,13,6,1,0
S01009035,413,123,131,74,64,19,2,1,0
S01009036,450,148,140,59,71,26,5,0,0
S01009037,377,122,128,61,45,16,8,0,1
S01009038,428,154,149,63,45,8,4,1,0
S01009039,272,132,85,22,20,11,3,0,0
S01009040,358,205,105,26,19,5,1,0,0
S01009041,538,362,101,33,31,9,1,0,1
S01009042,293,145,93,26,20,7,0,0,0
S01009043,291,146,81,30,23,8,1,0,0
S01009044,364,166,117,52,24,7,0,0,2
S01009045,338,147,103,47,31,6,4,0,0
S01009046,487,179,151,73,59,16,4,1,0
S01009047,336,124,107,50,43,12,2,0,0
S01009048,341,102,143,48,31,12,5,0,0
S01009049,249,89,111,22,21,1,1,4,0
S01009050,412,145,154,55,37,10,7,0,0
S01009051,287,68,99,55,39,21,6,1,0
S01009052,303,136,91,48,24,1,0,0,0
S01009053,340,153,89,52,27,16,3,0,0
S01009054,239,78,90,34,23,15,2,0,1
S01009055,540,164,224,74,68,11,2,0,0
S01009056,216,55,66,45,32,16,0,4,0
S01009057,262,116,70,33,27,12,4,0,0
S01009058,405,186,121,57,32,10,4,0,0
S01009059,323,87,105,51,57,18,5,0,0
S01009060,546,92,223,118,88,20,3,1,0
S01009061,328,91,104,80,42,11,0,0,0
S01009062,307,106,116,44,23,18,2,0,0
S01009063,301,69,127,50,39,9,4,1,0
S01009064,260,90,101,42,17,8,1,0,0
S01009065,299,134,76,37,39,16,0,0,0
S01009066,329,120,106,46,48,13,1,0,0
S01009067,327,43,110,65,79,23,6,0,1
S01009068,380,117,128,78,42,9,3,1,0
S01009069,250,61,101,43,36,6,0,0,2
S01009070,253,76,113,32,18,8,1,0,1
S01009071,214,81,80,25,18,8,1,1,0
S01009072,198,49,70,35,28,16,0,2,0
S01009073,297,79,106,57,37,10,6,5,0
S01009074,290,74,99,55,44,13,1,1,0
S01009075,239,71,104,38,16,4,0,0,0
S01009076,403,127,150,56,53,16,1,0,0
S01009077,256,61,116,46,24,3,2,1,0
S01009078,269,34,83,65,70,12,4,0,0
S01009079,385,150,124,64,34,14,0,0,1
S01009080,458,168,170,67,38,12,2,0,1
S01009081,281,114,109,35,17,4,2,0,0
S01009082,506,166,177,72,61,23,2,4,0
S01009083,341,117,136,39,36,11,0,0,0
S01009084,312,61,93,71,63,20,4,0,0
S01009085,291,32,85,73,77,20,2,0,0
S01009086,300,95,117,38,40,9,1,0,0
S01009087,248,70,87,52,32,2,0,2,0
S01009088,405,88,159,73,55,22,4,0,0
S01009089,302,42,89,77,80,13,2,0,0
S01009090,905,244,239,151,211,47,8,3,0
S01009091,262,25,78,81,66,17,2,0,0
S01009092,558,195,191,88,58,14,12,0,0
S01009093,342,126,122,36,37,18,5,0,0
S01009094,290,70,136,36,36,11,2,0,0
S01009095,446,164,170,56,47,10,0,0,0
S01009096,390,118,105,66,77,21,3,0,0
S01009097,344,84,123,63,59,12,2,2,1
S01009098,191,39,85,28,28,7,4,0,0
S01009099,360,159,111,59,22,10,1,1,0
S01009100,420,192,124,55,32,9,4,0,0
S01009101,374,111,128,75,42,7,5,4,0
S01009102,323,81,75,83,51,23,5,2,2
S01009103,243,70,122,31,15,3,2,0,0
S01009104,357,142,123,48,29,10,4,0,0
S01009105,340,117,113,47,44,11,4,1,0
S01009106,266,95,103,33,29,5,1,0,0
S01009107,335,84,133,64,43,9,0,0,0
S01009108,315,95,137,44,30,6,0,0,0
S01009109,267,57,131,40,29,7,2,0,0
S01009110,273,95,96,40,33,6,1,0,0
S01009111,378,132,143,54,36,9,2,2,0
S01009112,239,64,108,34,24,4,5,0,0
S01009113,375,134,144,48,29,15,0,1,0
S01009114,339,98,124,67,33,14,6,1,0
S01009115,261,94,101,32,30,3,0,0,1
S01009116,190,46,102,24,13,4,0,1,0
S01009117,353,141,116,57,26,11,0,1,0
S01009118,219,38,73,58,39,6,2,1,1
S01009119,299,74,104,57,46,11,1,0,3
S01009120,237,71,75,49,33,11,1,0,0
S01009121,364,142,148,38,30,6,0,0,0
S01009122,1117,223,364,212,254,53,5,2,1
S01009123,223,48,82,50,30,8,1,1,0
S01009124,212,51,75,35,38,12,1,0,0
S01009125,287,101,121,35,20,4,0,2,1
S01009126,292,128,79,46,28,12,0,2,0
S01009127,291,105,84,56,29,16,1,1,0
S01009128,439,242,136,37,18,6,0,0,0
S01009129,209,69,67,40,26,6,1,0,0
S01009130,225,72,80,37,24,7,2,0,0
S01009131,288,145,96,31,13,4,3,0,0
S01009132,334,100,124,56,39,9,6,0,0
S01009133,337,145,111,41,21,10,2,3,0
S01009134,399,151,160,49,34,8,0,0,0
S01009135,271,99,98,42,24,5,3,0,0
S01009136,277,86,89,35,47,14,4,2,0
S01009137,289,32,83,67,82,18,5,2,0
S01009138,397,142,145,50,39,11,6,0,0
S01009139,262,174,63,22,6,4,1,0,0
S01009140,357,187,106,30,25,6,2,0,0
S01009141,473,290,112,38,26,5,4,0,0
S01009142,468,302,99,38,18,9,2,0,0
S01009143,308,195,62,25,21,3,2,0,1
S01009144,432,139,167,68,41,11,2,0,0
S01009145,478,180,190,57,41,7,2,2,0
S01009146,409,170,130,54,33,19,0,5,1
S01009147,291,91,86,68,33,11,3,3,0
S01009148,250,55,68,59,46,13,6,4,0
S01009149,376,149,131,41,42,10,2,0,0
S01009150,589,446,140,3,0,0,0,0,0
S01009151,468,229,161,32,38,5,0,0,0
S01009152,459,320,116,14,7,1,0,0,0
S01009153,267,151,74,20,18,2,1,1,0
S01009154,454,153,194,50,49,10,1,0,0
S01009155,231,89,81,27,24,5,2,0,0
S01009156,267,71,112,42,36,6,0,0,0
S01009157,402,138,123,82,36,15,2,1,0
S01009158,238,83,81,39,28,6,2,0,1
S01009159,215,105,66,17,14,6,3,0,0
S01009160,331,184,91,31,19,5,1,0,0
S01009161,337,160,98,54,12,6,0,1,0
S01009162,445,273,117,41,11,3,2,0,0
S01009163,256,131,74,29,22,5,2,1,0
S01009164,345,96,124,75,35,13,0,1,0
S01009165,316,98,109,52,41,12,5,1,0
S01009166,341,165,111,37,21,6,2,1,0
S01009167,204,59,63,35,28,10,1,2,2
S01009168,310,124,123,35,24,1,2,0,0
S01009169,440,242,116,46,22,8,3,1,0
S01009170,306,121,100,51,27,3,0,0,1
S01009171,302,134,77,47,36,7,1,0,0
S01009172,284,73,111,49,42,6,0,0,1
S01009173,310,71,136,49,45,6,2,0,0
S01009174,161,15,48,41,45,11,0,0,0
S01009175,308,47,130,63,56,10,1,1,0
S01009176,427,88,175,78,68,18,3,0,2
S01009177,361,129,122,58,32,9,5,5,2
S01009178,336,115,108,58,34,14,4,0,0
S01009179,255,70,90,40,42,10,2,1,0
S01009180,469,169,163,63,50,13,3,3,0
S01009181,332,103,112,53,51,15,3,0,0
S01009182,420,126,167,56,52,14,4,0,1
S01009183,257,40,118,40,45,11,3,0,0
S01009184,381,125,142,53,41,16,4,1,0
S01009185,365,109,146,44,42,15,6,4,1
S01009186,307,73,103,53,54,19,6,0,0
S01009187,237,65,84,41,35,8,5,0,0
S01009188,376,100,141,61,45,21,4,1,0
S01009189,334,114,98,59,45,13,5,0,0
S01009190,521,67,207,101,117,21,6,0,2
S01009191,239,25,61,48,80,16,4,1,0
S01009192,261,80,94,49,31,1,2,0,0
S01009193,754,139,210,159,195,39,12,0,0
S01009194,319,67,145,52,44,10,0,1,0
S01009195,346,118,106,63,49,8,4,0,0
S01009196,289,101,99,44,30,7,5,0,1
S01009197,438,85,145,96,91,12,6,0,0
S01009198,298,80,130,39,34,15,0,0,0
S01009199,243,71,82,42,42,3,2,2,0
S01009200,681,127,227,137,146,39,4,0,0
S01009201,258,77,92,44,34,10,0,1,0
S01009202,187,36,69,30,40,9,3,0,0
S01009203,298,85,98,52,34,20,8,3,2
S01009204,352,94,117,74,51,13,2,0,0
S01009205,371,101,176,47,46,3,1,0,0
S01009206,340,118,142,43,30,6,0,0,0
S01009207,369,155,145,40,20,0,3,0,0
S01009208,303,107,120,45,22,6,0,0,0
S01009209,343,143,142,33,20,5,0,0,0
S01009210,197,48,90,25,29,3,2,0,0
S01009211,218,52,87,43,26,7,2,0,0
S01009212,359,132,145,41,29,11,1,0,1
S01009213,318,113,106,54,33,10,2,0,0
S01009214,412,106,151,66,71,16,0,0,1
S01009215,406,179,119,50,41,14,3,6,2
S01009216,449,186,145,69,35,9,1,0,0
S01009217,288,109,83,55,25,11,2,2,1
S01009218,374,130,150,50,34,10,0,0,0
S01009219,296,120,106,45,20,5,0,0,0
S01009220,262,108,98,28,20,7,0,0,0
S01009221,237,72,78,52,27,5,1,0,0
S01009222,211,73,64,41,28,6,0,0,1
S01009223,281,107,106,33,29,8,0,2,0
S01009224,299,104,104,54,31,4,3,1,0
S01009225,261,99,102,32,21,5,0,0,0
S01009226,497,284,142,49,19,2,0,0,0
S01009227,328,201,84,33,13,2,0,0,0
S01009228,283,155,67,30,15,9,8,1,2
S01009229,260,113,86,29,18,6,5,0,0
S01009230,241,145,77,9,9,2,0,0,0
S01009231,468,172,175,62,51,8,1,1,0
S01009232,292,147,86,33,21,4,0,2,0
S01009233,254,98,84,29,30,5,5,0,0
S01009234,448,179,134,79,42,15,0,0,0
S01009235,449,186,131,71,49,7,5,0,0
S01009236,235,74,94,32,23,5,0,0,0
S01009237,378,139,135,51,36,11,3,0,0
S01009238,333,119,121,51,30,6,0,0,0
S01009239,428,209,116,52,32,11,4,0,0
S01009240,321,188,75,32,17,8,1,0,0
S01009241,430,197,103,51,59,15,1,1,0
S01009242,330,121,118,46,34,8,1,1,0
S01009243,393,109,129,74,62,11,1,5,0
S01009244,363,105,150,61,42,5,0,0,0
S01009245,352,93,165,55,33,9,2,1,0
S01009246,387,142,129,68,35,13,1,0,0
S01009247,433,113,162,80,62,16,0,0,0
S01009248,300,89,117,46,39,10,1,0,0
S01009249,411,184,114,65,26,15,1,0,0
S01009250,274,96,86,46,35,9,3,0,0
S01009251,226,74,89,33,21,8,1,0,0
S01009252,162,27,56,33,35,9,2,0,0
S01009253,237,89,90,36,15,5,1,1,0
S01009254,375,151,120,44,32,19,7,1,0
S01009255,378,227,86,32,22,5,3,0,1
S01009256,217,71,92,31,20,1,0,0,0
S01009257,355,171,114,32,24,6,1,0,0
S01009258,447,93,177,79,72,20,4,0,2
S01009259,374,84,159,59,57,12,2,0,0
S01009260,464,178,156,55,59,18,1,0,0
S01009261,354,175,101,46,22,2,3,0,1
S01009262,276,123,78,43,21,5,1,1,0
S01009263,472,157,168,75,62,12,1,1,0
S01009264,226,68,99,33,22,2,0,0,0
S01009265,478,164,178,69,56,10,1,0,0
S01009266,393,146,147,56,36,7,2,0,0
S01009267,375,148,160,36,24,6,1,0,0
S01009268,516,146,184,80,85,18,3,1,0
S01009269,367,120,102,70,46,23,5,0,0
S01009270,324,154,94,41,29,8,0,0,1
S01009271,351,70,174,49,38,7,5,0,0
S01009272,283,80,86,51,42,16,5,0,2
S01009273,218,57,94,36,15,9,0,0,0
S01009274,248,70,97,40,29,9,2,2,0
S01009275,403,109,153,80,47,12,5,0,0
S01009276,382,95,169,60,42,14,3,0,0
S01009277,497,81,242,79,70,15,6,2,0
S01009278,263,81,87,51,33,5,1,0,0
S01009279,368,124,134,56,30,16,4,0,0
S01009280,405,140,138,66,48,8,5,0,0
S01009281,369,139,137,47,35,8,2,0,0
S01009282,353,122,149,40,34,10,0,0,1
S01009283,271,64,95,51,40,15,7,0,0
S01009284,315,77,121,64,49,5,1,0,0
S01009285,353,104,122,72,37,15,5,0,0
S01009286,361,142,137,44,33,7,0,1,0
S01009287,337,96,158,43,33,7,2,0,0
S01009288,436,141,182,50,42,12,2,1,3
S01009289,377,113,163,38,52,11,2,1,0
S01009290,281,75,128,21,40,12,1,0,0
S01009291,410,119,178,53,44,12,2,0,0
S01009292,241,81,89,35,23,9,1,0,0
S01009293,303,107,112,44,29,7,5,0,1
S01009294,295,66,110,65,33,14,7,0,0
S01009295,263,69,125,41,25,4,1,0,0
S01009296,187,45,81,29,27,3,1,0,0
S01009297,336,85,136,62,43,11,2,0,0
S01009298,542,342,126,36,27,4,0,1,0
S01009299,566,257,174,70,46,16,3,0,1
S01009300,326,187,84,34,17,4,1,0,0
S01009301,646,359,182,65,32,4,1,0,0
S01009302,431,225,119,46,27,7,4,2,0
S01009303,367,130,127,54,43,8,0,0,0
S01009304,435,127,153,72,53,18,5,2,2
S01009305,407,198,126,41,36,7,2,0,0
S01009306,613,311,179,70,41,12,1,0,0
S01009307,630,324,208,55,22,15,4,0,0
S01009308,326,197,87,23,15,4,0,0,0
S01009309,426,231,122,36,30,7,1,0,0
S01009310,392,134,163,46,37,6,4,2,0
S01009311,278,55,83,56,46,20,11,5,2
S01009312,402,196,119,47,23,7,3,1,0
S01009313,284,152,68,26,24,7,5,1,1
S01009314,233,43,102,43,31,10,3,0,1
S01009315,284,115,81,50,31,4,1,2,0
S01009316,319,93,126,48,36,8,6,0,0
S01009317,326,67,150,50,52,11,0,0,0
S01009318,236,54,102,31,36,7,3,0,0
S01009319,413,121,161,66,49,13,2,1,0
S01009320,377,165,128,49,30,7,0,0,0
S01009321,292,74,159,28,25,4,1,1,0
S01009322,334,121,123,53,29,5,3,0,0
S01009323,330,125,138,36,25,4,1,0,0
S01009324,255,92,98,33,26,4,0,0,0
S01009325,288,89,106,50,30,9,2,0,1
S01009326,211,49,86,35,30,9,2,0,1
S01009327,315,96,128,32,39,16,1,0,0
S01009328,320,59,77,73,79,27,3,2,3
S01009329,674,174,206,122,125,36,6,4,1
S01009330,201,44,63,39,33,9,7,5,0
S01009331,791,107,228,194,192,45,10,6,3
S01009332,429,83,179,86,58,15,2,2,1
S01009333,450,161,142,79,46,14,7,0,0
S01009334,318,143,91,44,30,9,1,0,0
S01009335,395,134,115,66,54,22,3,1,0
S01009336,319,151,107,34,23,4,0,0,0
S01009337,316,106,97,61,34,13,5,3,3
S01009338,507,210,122,78,70,15,6,5,0
S01009339,432,194,119,61,40,12,3,2,1
S01009340,300,102,88,46,47,11,2,1,0
S01009341,273,88,91,44,38,10,4,1,0
S01009342,330,113,103,68,32,9,5,0,0
S01009343,247,78,83,46,31,5,2,0,0
S01009344,309,117,96,44,44,6,2,0,0
S01009345,373,98,124,73,58,17,4,0,0
S01009346,229,21,56,48,83,17,6,0,0
S01009347,222,13,70,53,64,13,2,0,0
S01009348,169,19,48,48,41,9,2,0,0
S01009349,287,57,81,55,66,18,7,1,0
S01009350,240,81,61,38,45,13,5,0,0
S01009351,211,68,54,34,36,12,5,0,0
S01009352,285,51,94,53,76,8,3,0,0
S01009353,491,105,153,114,94,22,10,2,0
S01009354,774,141,239,145,188,44,12,3,0
S01009355,356,102,151,47,43,11,3,0,0
S01009356,414,126,176,55,44,11,4,2,0
S01009357,183,31,69,36,29,10,5,2,0
S01009358,257,36,124,45,43,6,3,3,0
S01009359,281,55,100,54,58,11,0,0,0
S01009360,372,120,150,46,42,14,2,0,0
S01009361,340,107,142,37,46,2,9,0,0
S01009362,417,107,186,70,41,12,1,0,0
S01009363,371,126,146,58,30,10,0,2,0
S01009364,348,76,132,63,52,24,4,0,0
S01009365,277,113,95,34,25,7,0,1,0
S01009366,308,106,99,52,42,8,4,0,0
S01009367,310,112,105,42,40,8,1,3,0
S01009368,210,54,73,50,25,10,1,0,0
S01009369,280,78,108,44,41,9,2,1,0
S01009370,384,146,145,48,33,8,4,0,0
S01009371,238,82,86,41,20,6,4,1,1
S01009372,217,67,95,40,13,7,2,0,0
S01009373,493,200,150,58,46,24,4,0,2
S01009374,464,211,147,54,35,16,1,0,0
S01009375,331,110,117,70,23,10,0,0,0
S01009376,268,122,93,30,23,3,0,0,1
S01009377,368,112,111,62,50,28,0,4,0
S01009378,383,93,132,71,51,24,13,2,0
S01009379,342,58,105,70,77,22,6,4,0
S01009380,214,42,89,42,24,12,4,2,0
S01009381,279,106,100,42,21,10,2,0,0
S01009382,377,148,130,41,45,13,0,0,0
S01009383,416,202,135,44,26,6,4,1,0
S01009384,250,80,99,34,25,7,0,0,0
S01009385,222,61,95,40,22,4,1,0,0
S01009386,254,81,89,44,25,13,3,4,0
S01009387,347,70,148,72,32,22,2,1,0
S01009388,352,133,109,58,24,20,6,0,0
S01009389,484,209,159,62,46,7,1,0,0
S01009390,233,28,82,55,52,15,2,0,0
S01009391,275,63,100,60,44,10,2,0,0
S01009392,193,36,57,41,46,9,1,0,0
S01009393,271,71,108,44,33,12,1,0,0
S01009394,494,235,191,35,25,6,1,0,0
S01009395,302,83,143,29,33,8,3,1,0
S01009396,292,65,149,31,34,14,3,0,0
S01009397,347,128,122,41,43,11,1,0,0
S01009398,302,108,126,30,33,3,2,0,0
S01009399,303,95,139,31,35,4,1,0,0
S01009400,222,65,82,35,26,10,1,0,0
S01009401,283,78,125,37,27,10,2,0,0
S01009402,387,92,181,54,41,11,4,0,0
S01009403,204,44,89,34,30,5,2,0,0
S01009404,287,88,80,55,38,19,1,0,0
S01009405,204,69,80,22,27,10,0,0,0
S01009406,471,180,153,77,46,11,1,0,0
S01009407,239,78,109,31,20,0,2,0,0
S01009408,397,93,152,71,61,16,0,0,0
S01009409,446,132,174,79,51,13,2,0,0
S01009410,353,101,132,67,40,12,2,2,0
S01009411,321,87,118,56,51,7,3,2,0
S01009412,408,160,118,76,37,10,4,1,0
S01009413,494,180,184,68,49,10,2,1,0
S01009414,290,74,115,47,34,14,3,0,0
S01009415,325,146,105,32,30,8,2,1,1
S01009416,200,36,99,32,22,5,4,0,0
S01009417,452,82,128,91,113,28,10,1,2
S01009418,499,205,163,65,46,14,0,0,0
S01009419,257,82,78,52,29,12,4,2,0
S01009420,267,75,83,48,39,16,7,2,2
S01009421,313,97,95,52,42,13,6,3,2
S01009422,377,135,148,50,34,8,5,0,0
S01009423,492,86,168,82,111,38,6,1,0
S01009424,270,83,119,32,23,11,1,0,0
S01009425,373,159,143,42,20,5,3,0,0
S01009426,400,202,114,43,28,7,2,0,0
S01009427,320,163,104,27,21,5,0,0,0
S01009428,278,82,88,57,36,12,0,3,0
S01009429,324,129,113,47,23,10,4,0,0
S01009430,324,121,113,48,31,7,5,0,1
S01009431,310,126,118,44,19,7,0,0,0
S01009432,332,92,113,55,50,14,6,2,0
S01009433,326,95,105,57,43,15,7,2,4
S01009434,247,79,83,36,33,8,2,1,2
S01009435,330,122,89,56,41,16,2,1,0
S01009436,291,96,114,38,27,12,1,3,0
S01009437,313,100,115,56,31,6,4,0,0
S01009438,414,149,145,54,38,16,4,1,4
S01009439,354,125,112,55,48,6,4,0,0
S01009440,314,139,104,39,22,7,1,2,0
S01009441,344,128,116,55,35,10,0,0,0
S01009442,219,46,93,29,36,9,5,0,2
S01009443,730,181,260,146,110,22,9,4,0
S01009444,273,49,120,51,46,6,3,0,0
S01009445,364,109,132,60,42,17,1,0,2
S01009446,476,223,151,56,35,10,1,0,0
S01009447,268,121,90,33,17,4,3,0,1
S01009448,504,121,200,91,73,9,1,3,0
S01009449,209,72,81,27,24,0,0,1,0
S01009450,289,132,104,37,13,2,1,0,0
S01009451,453,161,168,68,36,15,4,1,3
S01009452,302,150,92,31,23,4,1,0,0
S01009453,416,165,152,50,34,10,5,0,0
S01009454,405,132,151,51,51,16,0,0,0
S01009455,501,148,189,83,63,17,1,0,0
S01009456,488,190,164,78,42,17,5,0,0
S01009457,268,79,106,40,26,10,2,0,1
S01009458,317,140,108,35,28,5,0,1,0
S01009459,451,250,125,49,18,11,0,1,0
S01009460,399,178,104,58,26,15,7,2,1
S01009461,283,18,81,64,80,29,7,0,0
S01009462,311,90,120,51,37,7,7,1,0
S01009463,312,105,130,47,22,6,0,0,0
S01009464,402,140,159,47,48,8,0,0,0
S01009465,265,98,87,42,26,5,2,0,0
S01009466,245,86,105,28,24,3,0,0,0
S01009467,313,95,138,42,35,4,2,0,0
S01009468,406,197,130,39,31,7,2,0,0
S01009469,407,164,161,35,36,10,1,1,0
S01009470,221,87,91,25,12,4,2,0,0
S01009471,379,233,105,28,12,2,0,0,0
S01009472,423,162,133,61,48,7,6,3,0
S01009473,468,239,119,63,32,13,0,0,0
S01009474,392,164,108,49,55,10,5,1,1
S01009475,225,51,104,22,37,4,4,0,0
S01009476,309,51,111,56,67,18,6,0,0
S01009477,389,178,126,37,28,15,0,0,0
S01009478,501,253,165,51,22,4,3,0,0
S01009479,496,252,151,44,30,13,2,3,0
S01009480,428,201,135,50,37,8,0,0,0
S01009481,473,249,142,41,29,5,1,0,0
S01009482,326,187,101,16,13,5,0,0,0
S01009483,431,232,138,32,21,8,0,0,0
S01009484,481,261,137,40,32,6,2,0,0
S01009485,365,135,117,57,38,12,5,1,0
S01009486,299,105,132,27,25,10,0,0,0
S01009487,421,191,116,58,36,14,5,2,0
S01009488,271,62,87,55,53,11,4,0,0
S01009489,388,188,99,63,26,8,4,0,0
S01009490,368,143,131,41,35,12,5,4,0
S01009491,411,178,136,56,23,12,6,0,0
S01009492,236,66,89,41,25,7,6,2,0
S01009493,373,82,181,42,55,14,1,0,0
S01009494,390,115,138,57,53,19,2,5,2
S01009495,380,117,149,59,42,9,2,0,0
S01009496,371,149,117,53,33,13,3,0,2
S01009497,460,177,163,68,40,11,1,0,0
S01009498,278,53,145,33,40,6,2,0,0
S01009499,348,110,139,40,38,12,6,0,0
S01009500,330,130,113,46,28,7,3,0,1
S01009501,417,160,118,79,47,9,4,2,0
S01009502,367,130,124,70,32,11,0,0,0
S01009503,331,115,125,54,26,10,1,1,2
S01009504,289,103,81,53,33,10,2,0,1
S01009505,343,121,105,64,38,8,4,1,1
S01009506,342,141,107,47,40,5,2,0,0
S01009507,345,85,130,60,46,13,7,1,2
S01009508,392,157,125,63,31,8,6,0,0
S01009509,401,167,101,57,48,22,6,2,3
S01009510,302,76,131,43,47,4,2,0,0
S01009511,258,76,105,31,43,5,0,0,0
S01009512,314,65,147,53,33,12,4,0,0
S01009513,245,55,112,28,37,12,0,0,0
S01009514,284,73,124,38,32,14,2,0,0
S01009515,360,168,119,39,17,7,2,0,0
S01009516,370,148,134,55,23,10,2,1,0
S01009517,348,60,87,72,86,31,10,1,0
S01009518,317,45,83,66,92,23,6,1,1
S01009519,361,60,140,70,62,19,8,0,1
S01009520,336,90,110,58,45,23,2,1,2
S01009521,386,119,135,55,48,18,10,2,0
S01009522,384,99,123,64,58,29,7,3,1
S01009523,253,92,75,40,26,13,2,2,0
S01009524,362,178,121,35,15,9,3,0,0
S01009525,264,105,75,37,34,6,4,1,0
S01009526,348,188,117,19,16,1,0,1,0
S01009527,394,240,107,25,18,4,0,0,0
S01009528,340,217,102,17,2,2,1,0,0
S01009529,258,88,103,32,26,6,0,0,1
S01009530,255,71,123,28,28,6,0,0,0
S01009531,616,276,184,77,54,24,3,0,1
S01009532,456,238,130,48,29,5,2,0,0
S01009533,529,254,157,63,42,9,4,0,0
S01009534,471,241,118,55,32,19,7,1,0
S01009535,389,171,88,60,46,14,7,0,2
S01009536,240,84,69,30,37,15,2,1,0
S01009537,269,136,80,21,20,10,2,0,0
S01009538,476,264,126,48,24,11,3,0,0
S01009539,424,120,157,64,56,17,3,3,0
S01009540,455,251,117,45,35,6,0,0,0
S01009541,545,129,231,81,78,21,3,1,0
S01009542,387,190,118,42,30,4,5,4,0
S01009543,296,125,115,31,21,7,1,0,1
S01009544,463,187,171,67,28,7,3,0,0
S01009545,302,90,113,46,40,13,0,0,0
S01009546,482,148,155,94,62,17,2,1,2
S01009547,395,148,145,56,33,9,3,0,0
S01009548,268,96,105,32,20,10,1,0,0
S01009549,341,126,127,44,26,16,2,0,0
S01009550,213,53,71,41,28,9,6,1,2
S01009551,230,78,72,34,33,10,2,0,1
S01009552,412,135,164,49,48,10,3,0,0
S01009553,415,174,130,46,44,17,3,0,1
S01009554,306,143,107,30,19,1,2,0,0
S01009555,378,153,133,53,29,9,4,0,1
S01009556,328,128,116,41,26,11,0,3,2
S01009557,277,102,94,33,31,12,6,0,0
S01009558,296,96,97,57,35,11,4,0,0
S01009559,349,146,94,51,40,8,4,3,0
S01009560,382,130,122,46,48,27,8,2,0
S01009561,300,125,82,42,32,15,4,2,0
S01009562,341,128,123,46,32,10,4,0,0
S01009563,362,159,127,37,25,11,3,1,0
S01009564,312,120,93,50,38,12,2,1,0
S01009565,246,93,77,38,26,10,1,0,0
S01009566,415,128,136,67,56,20,7,1,0
S01009567,415,181,134,47,31,12,6,0,3
S01009568,319,114,110,41,40,14,2,0,1
S01009569,345,112,121,57,33,14,3,0,0
S01009570,235,85,85,35,19,4,2,0,0
S01009571,298,101,108,51,19,13,6,0,0
S01009572,435,191,125,63,37,11,2,0,0
S01009573,317,113,95,53,35,18,1,0,0
S01009574,435,166,147,52,39,23,5,0,0
S01009575,216,76,84,34,17,7,2,0,0
S01009576,212,56,110,23,19,3,0,0,0
S01009577,229,35,125,30,29,5,3,0,2
S01009578,302,111,89,53,33,1,4,4,1
S01009579,420,167,150,59,37,3,5,0,0
S01009580,373,73,149,65,69,24,0,0,0
S01009581,237,81,86,27,32,10,0,0,1
S01009582,234,91,71,25,40,6,1,0,0
S01009583,364,124,113,66,41,13,7,0,0
S01009584,210,53,86,27,27,16,4,0,0
S01009585,397,126,138,70,49,8,2,1,0
S01009586,301,137,106,29,21,7,0,0,0
S01009587,383,157,123,51,35,14,0,0,0
S01009588,425,148,145,61,46,16,3,0,0
S01009589,348,81,103,76,62,16,6,4,0
S01009590,265,50,104,48,41,23,1,0,0
S01009591,294,105,126,29,28,6,0,1,0
S01009592,244,73,126,30,18,4,4,0,0
S01009593,261,34,122,48,36,9,1,2,0
S01009594,273,70,116,36,34,8,2,1,0
S01009595,156,24,64,30,31,3,4,0,0
S01009596,341,139,102,48,31,17,4,0,0
S01009597,359,119,107,53,49,18,5,7,0
S01009598,288,130,78,31,29,13,9,5,0
S01009599,375,140,138,51,32,8,6,2,0
S01009600,316,164,79,31,28,12,3,4,1
S01009601,310,123,103,34,32,15,3,0,0
S01009602,285,56,130,47,42,7,3,0,0
S01009603,174,41,91,19,16,2,4,0,2
S01009604,367,121,138,60,42,5,5,0,0
S01009605,286,135,84,38,17,4,4,0,0
S01009606,328,49,128,66,71,12,0,0,1
S01009607,314,63,142,48,45,10,1,0,0
S01009608,281,96,111,38,26,8,1,1,1
S01009609,341,116,132,44,41,10,0,0,0
S01009610,495,215,172,57,44,4,0,0,0
S01009611,251,51,127,37,25,9,0,0,0
S01009612,284,107,107,44,21,4,2,0,0
S01009613,189,38,77,34,23,6,4,0,1
S01009614,236,80,98,34,19,4,2,0,0
S01009615,173,63,65,21,18,3,0,0,0
S01009616,336,131,124,47,26,9,0,5,0
S01009617,310,97,121,38,36,13,3,0,0
S01009618,348,147,129,46,21,5,0,0,0
S01009619,313,133,106,38,19,13,4,0,1
S01009620,396,162,134,48,30,16,6,0,0
S01009621,386,182,120,42,31,2,8,1,0
S01009622,408,218,113,35,26,16,2,1,0
S01009623,241,101,91,31,10,4,0,1,0
S01009624,397,157,117,74,39,10,2,0,0
S01009625,380,119,126,70,54,12,2,1,0
S01009626,236,71,60,38,41,14,9,0,0
S01009627,343,87,112,65,56,14,7,1,0
S01009628,267,143,75,31,13,4,2,1,0
S01009629,442,143,151,79,49,14,4,1,0
S01009630,345,115,118,67,31,12,2,0,0
S01009631,380,229,100,23,19,4,2,0,0
S01009632,308,172,79,21,20,11,1,0,0
S01009633,321,111,87,53,38,18,7,3,2
S01009634,248,107,92,28,13,7,0,0,0
S01009635,459,212,147,63,34,8,1,0,0
S01009636,411,239,108,35,21,8,0,0,0
S01009637,311,154,93,36,20,2,0,1,0
S01009638,435,119,130,69,65,29,13,9,0
S01009639,339,110,137,44,34,8,2,0,0
S01009640,369,221,89,23,26,10,1,0,0
S01009641,532,296,161,38,25,2,5,0,0
S01009642,515,251,172,50,29,7,3,0,0
S01009643,464,86,172,106,71,16,3,0,1
S01009644,371,106,131,63,60,9,2,0,0
S01009645,295,117,99,36,31,6,1,1,0
S01009646,269,78,84,51,40,10,6,1,0
S01009647,334,160,113,27,27,2,6,0,0
S01009648,400,144,143,57,35,17,0,2,1
S01009649,455,147,156,66,59,24,1,2,0
S01009650,350,95,162,50,29,10,1,0,0
S01009651,579,155,246,82,60,27,3,1,1
S01009652,413,161,198,37,19,3,0,0,0
S01009653,227,71,107,29,15,5,0,0,0
S01009654,279,101,96,37,35,7,0,0,2
S01009655,362,105,114,72,43,17,4,0,0
S01009656,378,174,120,43,30,8,2,2,1
S01009657,365,110,156,52,28,10,3,0,2
S01009658,291,62,110,63,37,18,1,0,0
S01009659,263,103,97,29,18,6,8,0,0
S01009660,452,110,179,94,47,22,1,0,0
S01009661,369,78,169,67,42,11,2,0,0
S01009662,287,69,132,47,32,6,5,0,0
S01009663,285,90,106,42,37,5,3,0,0
S01009664,399,112,181,53,35,14,2,1,2
S01009665,325,114,124,43,29,16,1,1,0
S01009666,333,129,133,35,20,12,2,1,0
S01009667,231,50,105,39,29,6,2,0,0
S01009668,247,75,100,24,30,15,3,0,0
S01009669,237,74,108,30,22,2,2,0,0
S01009670,339,127,136,41,27,5,4,0,0
S01009671,260,75,113,33,33,6,0,0,0
S01009672,358,128,114,48,45,18,3,5,0
S01009673,344,125,133,35,37,11,4,1,0
S01009674,381,110,159,54,39,14,0,4,0
S01009675,376,103,178,59,29,7,2,0,0
S01009676,375,113,149,46,48,14,5,3,2
S01009677,250,78,104,33,18,12,2,2,2
S01009678,267,88,108,31,34,3,3,0,0
S01009679,485,213,180,51,34,5,0,0,0
S01009680,351,132,130,42,33,8,6,1,0
S01009681,291,69,113,42,49,11,0,2,1
S01009682,272,74,116,39,36,9,1,0,0
S01009683,367,144,145,34,32,8,0,0,1
S01009684,486,109,204,75,69,22,1,2,0
S01009685,264,88,97,43,26,8,2,0,0
S01009686,505,243,157,54,32,13,4,0,2
S01009687,289,86,93,58,39,12,2,1,0
S01009688,414,208,107,49,35,17,0,1,0
S01009689,382,195,101,47,29,9,1,0,0
S01009690,323,147,97,47,21,7,1,0,0
S01009691,266,94,117,26,22,5,2,0,0
S01009692,497,184,201,63,45,8,0,0,1
S01009693,253,61,101,43,38,8,0,0,0
S01009694,453,179,182,45,35,13,0,0,0
S01009695,240,70,96,36,24,9,3,0,0
S01009696,425,132,184,54,40,8,2,0,0
S01009697,347,101,154,52,29,10,3,0,0
S01009698,285,78,131,31,33,8,2,1,0
S01009699,222,104,99,13,3,4,1,0,0
S01009700,302,97,125,31,36,2,10,0,1
S01009701,271,136,82,24,16,9,0,0,2
S01009702,270,71,121,26,39,9,4,0,0
S01009703,296,115,103,38,30,5,3,0,0
S01009704,423,156,173,50,34,7,2,0,0
S01009705,377,169,130,37,23,15,4,1,0
S01009706,297,119,107,32,23,14,2,0,0
S01009707,217,74,87,23,28,4,1,0,2
S01009708,481,149,186,67,60,18,0,0,0
S01009709,438,180,161,46,32,13,3,3,0
S01009710,186,58,57,33,25,12,0,0,0
S01009711,350,151,101,47,30,14,6,1,0
S01009712,302,105,125,35,25,9,3,0,0
S01009713,433,182,183,28,34,6,0,1,0
S01009714,477,184,206,49,29,9,2,0,0
S01009715,360,132,144,42,29,10,0,0,0
S01009716,306,91,132,44,26,7,4,1,0
S01009717,292,116,104,38,29,5,0,0,0
S01009718,340,104,149,57,28,4,0,0,0
S01009719,317,117,106,49,33,4,3,0,0
S01009720,368,149,147,39,20,13,0,0,0
S01009721,193,48,79,28,17,11,7,0,0
S01009722,558,240,201,53,44,18,1,1,0
S01009723,281,120,89,30,22,18,0,1,0
S01009724,460,175,207,42,30,3,1,0,1
S01009725,188,47,72,30,28,5,1,0,0
S01009726,232,74,90,34,18,10,4,1,0
S01009727,265,49,117,39,44,14,2,0,0
S01009728,335,87,149,42,50,4,0,0,0
S01009729,277,90,113,35,23,9,3,0,0
S01009730,225,86,97,23,18,4,1,0,0
S01009731,253,71,109,27,30,13,0,1,0
S01009732,339,105,134,40,33,24,1,1,1
S01009733,194,53,86,24,25,6,0,0,0
S01009734,382,108,153,51,49,12,6,1,1
S01009735,309,84,151,31,30,10,2,0,0
S01009736,325,124,111,36,31,16,1,5,0
S01009737,361,94,129,60,54,9,8,2,0
S01009738,256,93,110,29,15,8,1,0,0
S01009739,324,59,106,72,51,25,8,3,0
S01009740,244,84,86,33,21,10,2,4,2
S01009741,165,23,45,41,38,14,5,3,0
S01009742,215,50,111,26,14,8,3,0,0
S01009743,428,132,178,58,41,11,4,0,0
S01009744,313,86,146,28,36,8,2,0,0
S01009745,575,149,228,76,79,29,17,5,0
S01009746,251,70,133,30,11,5,4,2,0
S01009747,362,156,141,37,21,3,6,0,0
S01009748,371,87,171,62,42,11,3,1,0
S01009749,438,137,169,69,49,8,7,2,0
S01009750,330,113,114,49,41,9,3,1,0
S01009751,360,134,132,40,39,15,2,3,0
S01009752,274,90,93,41,40,7,2,0,0
S01009753,300,128,106,32,34,3,0,0,0
S01009754,433,161,161,56,40,12,3,2,0
S01009755,256,74,102,45,25,3,2,0,0
S01009756,299,84,115,48,41,10,1,0,0
S01009757,326,72,152,48,40,10,4,0,0
S01009758,263,102,96,26,30,3,2,1,0
S01009759,463,191,118,74,53,16,8,0,0
S01009760,451,159,141,66,57,14,8,4,4
S01009761,333,115,111,49,38,6,3,12,0
S01009762,435,172,106,73,49,25,6,2,0
S01009763,252,59,74,46,50,12,8,2,1
S01009764,285,104,59,66,41,15,5,1,0
S01009765,369,116,90,55,49,29,19,8,1
S01009766,181,56,70,26,16,8,2,1,0
S01009767,798,158,218,148,161,74,25,10,5
S01009768,341,134,82,50,55,15,6,2,0
S01009769,389,96,101,73,71,37,9,2,1
S01009770,258,65,90,25,44,18,10,4,0
S01009771,274,52,83,52,43,25,18,6,0
S01009772,253,90,84,38,21,11,4,1,1
S01009773,178,10,30,37,50,34,13,1,4
S01009774,153,8,35,26,30,25,18,7,4
S01009775,798,234,257,163,90,36,12,4,2
S01009776,308,114,98,40,33,21,1,1,0
S01009777,210,111,54,25,9,13,0,2,0
S01009778,404,188,97,62,26,22,10,1,2
S01009779,291,153,78,40,12,4,1,0,0
S01009780,237,71,61,43,36,14,9,3,0
S01009781,240,72,73,56,24,10,5,0,0
S01009782,300,80,75,60,59,18,7,1,0
S01009783,281,99,96,50,27,10,0,1,0
S01009784,418,135,108,79,62,24,3,6,1
S01009785,380,152,96,66,49,11,6,0,0
S01009786,436,182,102,71,39,22,5,5,3
S01009787,398,137,120,75,38,19,10,0,0
S01009788,395,130,127,72,41,13,7,1,0
S01009789,373,127,126,66,36,15,5,2,0
S01009790,254,80,90,58,21,8,7,0,0
S01009791,339,132,95,48,42,17,4,0,1
S01009792,327,52,94,62,71,21,16,9,2
S01009793,657,164,200,127,109,33,14,5,3
S01009794,226,55,78,45,40,6,2,2,0
S01009795,285,39,98,59,56,20,8,0,0
S01009796,319,110,100,43,40,13,10,1,0
S01009797,332,95,114,55,46,17,3,1,3
S01009798,256,47,95,57,41,11,4,0,1
S01009799,383,158,102,45,55,10,7,7,0
S01009800,435,159,109,76,59,20,10,4,1
S01009801,356,89,101,87,56,14,4,4,0
S01009802,406,146,118,77,42,16,5,7,0
S01009803,330,148,70,66,29,11,4,0,1
S01009804,190,76,81,17,7,5,2,0,1
S01009805,361,106,105,64,54,18,13,1,0
S01009806,412,220,104,37,31,12,6,7,0
S01009807,354,142,110,52,33,9,3,2,0
S01009808,266,120,61,34,36,15,3,0,0
S01009809,320,139,100,46,22,6,2,1,0
S01009810,343,157,103,44,28,5,4,0,0
S01009811,498,236,152,51,42,16,1,1,0
S01009812,362,159,112,49,28,11,7,0,0
S01009813,362,156,58,51,41,30,13,11,5
S01009814,357,153,100,52,33,17,4,1,0
S01009815,325,144,95,52,22,8,2,1,0
S01009816,303,114,115,42,23,3,2,0,0
S01009817,345,161,91,51,32,6,0,0,2
S01009818,457,177,187,58,24,4,3,2,0
S01009819,246,86,84,34,35,5,0,0,2
S01009820,439,183,127,56,47,20,4,0,0
S01009821,287,103,71,47,35,25,2,1,2
S01009822,195,54,48,35,42,11,1,0,0
S01009823,299,104,96,56,30,13,2,0,1
S01009824,365,111,100,62,62,28,2,0,1
S01009825,434,191,102,69,49,19,4,2,1
S01009826,231,65,59,41,35,24,6,1,0
S01009827,375,119,86,72,58,25,7,3,2
S01009828,311,159,79,32,22,16,4,3,0
S01009829,519,267,125,61,50,12,4,0,0
S01009830,316,109,107,53,25,12,9,0,0
S01009831,266,88,85,60,30,4,1,1,0
S01009832,469,193,144,62,50,18,2,2,2
S01009833,244,106,89,26,15,6,0,0,2
S01009834,389,143,118,46,54,20,6,2,0
S01009835,263,97,88,39,26,10,3,0,0
S01009836,418,137,131,75,52,15,8,0,0
S01009837,365,192,108,38,24,2,1,0,0
S01009838,495,274,119,50,42,10,0,2,0
S01009839,528,348,108,41,26,3,2,0,0
S01009840,448,203,127,63,36,10,2,2,0
S01009841,426,235,106,51,27,3,4,0,0
S01009842,329,175,78,41,23,7,2,0,0
S01009843,456,223,126,49,39,6,7,3,2
S01009844,500,279,115,48,24,23,8,3,0
S01009845,427,244,75,60,34,4,3,6,0
S01009846,606,305,174,79,29,16,2,2,2
S01009847,398,232,84,47,20,7,1,3,0
S01009848,430,153,129,75,48,19,2,6,0
S01009849,450,230,135,51,23,8,1,2,0
S01009850,475,265,114,44,25,15,5,2,4
S01009851,501,251,146,56,39,7,1,0,0
S01009852,248,81,94,25,32,11,4,1,0
S01009853,395,165,119,62,29,10,3,3,0
S01009854,410,159,116,74,38,19,4,0,0
S01009855,250,79,86,41,31,12,4,1,0
S01009856,301,133,77,48,23,6,8,5,3
S01009857,371,128,109,54,43,25,5,2,2
S01009858,336,134,97,58,33,13,3,0,2
S01009859,650,341,148,66,49,23,12,6,5
S01009860,568,323,129,78,16,18,6,2,0
S01009861,513,251,137,42,53,18,4,4,2
S01009862,663,420,137,57,40,8,4,0,0
S01009863,517,299,125,40,36,14,4,2,0
S01009864,471,229,158,41,18,10,6,0,3
S01009865,448,226,153,39,13,3,10,0,2
S01009866,468,204,146,59,43,9,1,4,2
S01009867,668,331,240,45,34,12,1,0,0
S01009868,301,117,114,30,26,9,3,2,2
S01009869,353,155,101,33,37,16,7,0,3
S01009870,307,147,82,29,21,11,10,2,2
S01009871,591,331,129,58,34,15,18,4,3
S01009872,408,181,130,27,34,20,13,2,0
S01009873,384,223,77,32,24,10,9,3,6
S01009874,483,234,143,50,29,11,5,6,5
S01009875,345,154,79,31,32,24,9,10,7
S01009876,96,24,22,8,17,16,4,2,2
S01009877,374,120,126,45,37,13,12,1,13
S01009878,272,84,47,41,26,38,17,15,7
S01009879,332,71,118,55,48,11,11,11,3
S01009880,258,65,53,40,31,35,13,8,9
S01009881,317,71,91,49,49,27,23,3,3
S01009882,644,288,251,50,29,11,9,2,0
S01009883,271,68,97,32,30,15,20,7,2
S01009884,377,126,136,42,34,24,8,4,0
S01009885,241,60,60,41,29,18,16,4,5
S01009886,271,72,67,33,30,24,16,8,11
S01009887,494,257,100,40,36,34,19,6,2
S01009888,244,84,54,42,28,12,12,9,6
S01009889,366,156,91,32,24,20,21,11,12
S01009890,238,132,51,16,29,4,3,1,0
S01009891,351,171,97,25,22,20,10,1,5
S01009892,474,301,107,19,26,14,2,1,1
S01009893,402,202,97,24,25,25,16,4,5
S01009894,457,240,109,38,36,20,14,3,4
S01009895,487,253,114,51,46,16,4,2,2
S01009896,472,201,97,44,55,45,22,7,1
S01009897,504,238,124,52,32,32,8,7,5
S01009898,265,83,72,31,30,26,19,6,2
S01009899,462,258,159,20,13,3,1,5,0
S01009900,411,179,179,42,8,3,0,0,0
S01009901,483,195,201,44,29,11,0,3,0
S01009902,506,250,155,43,33,8,9,0,3
S01009903,339,89,96,65,38,23,9,5,14
S01009904,486,252,175,33,19,5,0,0,0
S01009905,382,161,125,43,29,13,3,2,1
S01009906,260,119,102,10,16,9,4,0,0
S01009907,611,423,127,28,16,9,2,4,3
S01009908,523,223,178,54,37,25,5,1,0
S01009909,520,240,210,46,16,9,4,2,0
S01009910,231,110,81,21,16,4,0,0,1
S01009911,381,131,129,51,50,16,1,1,0
S01009912,355,111,114,54,40,15,10,5,6
S01009913,311,81,131,35,23,14,11,11,3
S01009914,429,146,149,49,34,28,6,9,8
S01009915,379,113,142,53,36,19,13,3,0
S01009916,305,63,90,42,42,26,21,8,13
S01009917,326,128,110,50,27,6,3,0,3
S01009918,290,80,108,37,39,9,12,4,1
S01009919,636,302,218,56,31,17,6,0,2
S01009920,532,261,217,38,9,0,1,0,2
S01009921,450,233,181,17,13,3,2,1,0
S01009922,602,300,237,35,22,3,3,1,0
S01009923,564,362,146,34,16,1,4,2,0
S01009924,579,317,184,47,20,5,5,2,0
S01009925,444,219,182,28,12,3,3,0,0
S01009926,336,126,125,46,20,9,10,1,1
S01009927,303,145,100,24,23,10,0,2,0
S01009928,535,257,195,56,17,6,0,2,0
S01009929,268,92,100,34,28,6,7,1,0
S01009930,452,220,178,26,15,8,1,1,0
S01009931,417,216,169,27,4,0,0,2,0
S01009932,418,208,160,27,17,6,0,0,0
S01009933,487,271,134,46,22,11,3,0,0
S01009934,455,198,161,36,37,14,5,0,0
S01009935,641,390,175,48,11,7,3,3,0
S01009936,354,255,69,19,7,1,5,0,2
S01009937,217,127,52,26,12,1,0,0,0
S01009938,510,310,132,32,21,9,5,2,0
S01009939,301,185,47,37,13,13,6,2,1
S01009940,428,222,104,58,20,15,8,1,1
S01009941,315,48,91,65,57,27,24,8,6
S01009942,484,269,109,38,45,20,4,1,1
S01009943,437,206,118,66,30,10,5,0,0
S01009944,267,86,73,46,30,21,8,1,0
S01009945,497,222,137,68,31,24,7,4,0
S01009946,344,107,119,49,41,22,10,6,1
S01009947,285,125,83,36,26,12,5,2,1
S01009948,425,234,72,58,42,15,3,1,2
S01009949,384,164,111,62,27,12,5,0,0
S01009950,256,50,103,46,47,9,6,0,0
S01009951,254,34,117,43,35,18,3,4,1
S01009952,306,108,94,46,47,8,0,1,0
S01009953,357,104,133,51,45,12,5,2,2
S01009954,251,58,66,39,45,24,8,0,9
S01009955,546,241,146,63,66,18,3,7,1
S01009956,323,112,109,57,27,12,4,0,2
S01009957,291,67,116,48,50,7,3,3,2
S01009958,364,85,128,69,60,19,3,0,0
S01009959,287,96,101,40,34,8,3,1,0
S01009960,345,133,108,48,36,12,3,3,0
S01009961,295,103,83,48,46,8,3,0,0
S01009962,601,375,156,36,31,1,1,0,1
S01009963,311,69,125,49,52,15,0,0,0
S01009964,422,120,171,58,54,9,4,2,7
S01009965,351,99,131,70,36,16,1,0,1
S01009966,267,57,105,48,43,7,3,0,0
S01009967,392,166,135,39,43,11,0,0,0
S01009968,228,57,83,37,35,15,0,0,0
S01009969,341,101,123,53,46,15,9,0,0
S01009970,439,218,91,44,44,34,4,0,0
S01009971,476,157,142,77,64,21,6,6,4
S01009972,376,115,131,65,42,15,5,0,0
S01009973,276,67,112,50,31,11,4,0,2
S01009974,289,126,84,44,22,12,0,0,2
S01009975,435,195,98,53,51,30,4,1,0
S01009976,239,120,52,47,12,4,2,0,0
S01009977,463,331,83,39,9,5,0,0,0
S01009978,474,174,133,90,57,19,2,0,0
S01009979,348,157,105,46,33,5,2,0,0
S01009980,367,164,90,47,37,20,8,1,0
S01009981,325,156,75,46,31,9,5,3,0
S01009982,423,136,112,96,55,7,5,1,2
S01009983,270,105,61,52,25,21,2,1,3
S01009984,301,99,93,57,37,12,3,2,0
S01009985,241,101,54,38,24,12,7,0,3
S01009986,228,93,62,37,27,4,0,0,0
S01009987,495,300,107,49,18,15,2,0,0
S01009988,297,164,79,26,26,3,1,2,0
S01009989,374,132,123,58,41,16,3,0,0
S01009990,315,126,101,52,22,14,1,0,0
S01009991,302,112,88,49,26,20,2,1,2
S01009992,357,149,105,40,39,20,1,2,0
S01009993,329,111,113,52,40,11,2,0,0
S01009994,316,92,115,56,42,8,1,0,1
S01009995,236,64,94,42,26,4,5,0,1
S01009996,258,86,89,41,24,16,5,0,0
S01009997,269,91,82,50,34,9,6,0,0
S01009998,233,54,87,39,22,27,7,2,2
S01009999,268,61,103,51,36,12,5,0,0
S01010000,234,80,88,27,25,12,2,0,0
S01010001,309,99,88,50,56,13,2,0,1
S01010002,325,105,116,49,35,17,4,0,1
S01010003,273,75,111,44,36,4,3,0,0
S01010004,245,39,102,47,38,8,1,1,3
S01010005,676,375,196,44,38,12,7,0,0
S01010006,777,477,216,39,32,8,2,0,0
S01010007,417,164,142,59,39,7,1,2,0
S01010008,449,301,120,24,6,0,1,0,0
S01010009,433,313,105,10,3,0,0,0,0
S01010010,466,161,157,60,57,24,6,2,3
S01010011,505,333,140,14,12,2,0,0,0
S01010012,356,97,127,72,44,15,5,0,1
S01010013,485,244,165,36,28,14,2,0,0
S01010014,519,238,173,57,35,9,4,3,0
S01010015,378,166,151,39,9,11,1,1,0
S01010016,349,131,80,47,58,15,12,3,2
S01010017,291,121,78,32,35,19,4,0,0
S01010018,654,290,191,78,57,26,11,1,0
S01010019,427,231,97,52,33,11,2,0,0
S01010020,341,142,87,73,21,14,6,2,0
S01010021,256,56,81,54,42,17,2,1,3
S01010022,1216,541,443,122,74,20,8,6,1
S01010023,345,224,87,20,14,2,0,0,0
S01010024,455,246,123,46,26,6,6,1,0
S01010025,308,167,79,31,16,12,1,2,0
S01010026,504,258,143,58,29,17,0,0,0
S01010027,474,233,137,59,32,7,4,0,3
S01010028,370,214,99,33,19,6,0,0,0
S01010029,343,195,70,41,21,5,4,3,0
S01010030,407,175,128,51,34,10,3,0,2
S01010031,416,166,182,51,9,4,0,0,0
S01010032,300,121,134,22,14,3,2,0,0
S01010033,867,479,244,68,35,23,9,7,2
S01010034,833,387,225,111,60,27,9,8,7
S01010035,151,63,45,16,20,5,1,0,2
S01010036,423,145,182,63,18,12,0,0,0
S01010037,393,209,100,41,27,8,1,2,2
S01010038,574,294,183,50,33,9,1,2,4
S01010039,572,266,272,25,2,7,0,0,0
S01010040,476,260,148,28,28,10,2,0,1
S01010041,489,308,138,30,10,0,0,0,0
S01010042,561,253,225,49,25,7,0,0,0
S01010043,463,268,124,34,24,12,1,0,0
S01010044,623,334,185,50,37,15,2,3,0
S01010045,271,94,59,33,43,22,6,5,5
S01010046,650,304,201,63,48,19,10,5,0
S01010047,453,266,98,30,32,12,4,8,0
S01010048,971,377,251,159,115,44,20,5,2
S01010049,394,187,90,55,42,9,4,3,2
S01010050,718,327,154,114,83,21,6,6,5
S01010051,548,321,146,41,27,6,0,1,1
S01010052,643,387,164,44,33,8,0,1,2
S01010053,391,161,104,44,43,26,10,7,2
S01010054,330,120,91,60,41,9,4,3,0
S01010055,524,244,158,66,33,15,2,0,2
S01010056,282,105,74,61,37,4,0,0,0
S01010057,277,115,98,27,23,8,2,3,0
S01010058,344,154,89,57,26,14,4,0,0
S01010059,369,253,86,17,12,1,1,0,0
S01010060,480,271,127,52,16,6,4,3,0
S01010061,241,110,65,34,21,10,0,0,0
S01010062,412,157,105,83,51,13,2,1,0
S01010063,557,333,111,55,39,14,3,2,0
S01010064,235,94,89,35,19,6,0,0,0
S01010065,372,165,99,57,30,11,4,2,0
S01010066,343,134,97,54,47,10,0,0,0
S01010067,303,128,60,63,32,13,8,0,0
S01010068,768,308,238,116,79,20,11,1,0
S01010069,340,114,116,66,24,12,8,0,1
S01010070,232,55,94,45,29,8,0,3,0
S01010071,351,142,106,57,23,14,2,3,0
S01010072,353,146,105,55,33,6,4,1,1
S01010073,340,106,140,46,28,14,0,0,0
S01010074,300,92,128,49,28,4,3,0,1
S01010075,291,116,89,42,33,11,0,0,0
S01010076,265,84,78,51,46,5,0,0,1
S01010077,281,115,88,40,25,12,0,1,0
S01010078,225,41,87,41,33,10,3,1,0
S01010079,356,86,145,61,53,10,1,0,0
S01010080,292,84,123,47,31,4,0,0,0
S01010081,287,100,109,43,27,8,0,0,0
S01010082,389,144,151,63,24,7,2,0,0
S01010083,295,126,88,42,32,6,0,0,0
S01010084,407,185,111,61,40,10,0,0,0
S01010085,295,75,132,45,34,7,2,0,0
S01010086,387,133,136,61,42,11,2,0,0
S01010087,241,65,92,43,29,6,2,0,0
S01010088,1318,152,400,325,317,91,26,6,1
S01010089,300,159,78,35,15,7,0,0,2
S01010090,375,134,123,60,47,7,4,0,0
S01010091,377,95,128,70,62,16,6,1,2
S01010092,388,148,138,58,30,7,3,0,0
S01010093,349,129,126,52,31,6,3,1,1
S01010094,276,85,103,48,29,14,4,1,0
S01010095,265,67,116,44,31,6,0,0,0
S01010096,278,66,108,63,38,3,0,0,1
S01010097,296,78,122,50,30,18,2,0,0
S01010098,273,61,106,54,37,13,0,1,0
S01010099,276,61,122,43,38,8,2,1,0
S01010100,352,112,137,58,29,10,1,0,0
S01010101,308,105,117,43,28,9,4,1,0
S01010102,258,47,99,55,45,8,3,0,1
S01010103,429,100,152,94,58,14,7,0,0
S01010104,357,82,116,76,57,19,4,0,0
S01010105,184,79,34,46,19,5,0,0,1
S01010106,101,49,28,15,5,4,0,0,0
S01010107,330,155,99,44,27,6,0,0,0
S01010108,340,180,75,41,35,5,1,2,0
S01010109,449,153,146,78,54,14,4,0,2
S01010110,438,222,111,60,29,9,5,2,0
S01010111,363,172,99,54,27,9,2,0,0
S01010112,496,235,134,62,40,19,4,2,0
S01010113,304,110,90,58,30,11,5,0,0
S01010114,365,175,90,55,27,8,4,0,3
S01010115,155,31,54,35,24,9,1,0,0
S01010116,564,118,185,113,101,36,8,0,1
S01010117,616,145,163,118,134,38,17,1,4
S01010118,304,101,71,71,36,20,5,0,2
S01010119,208,73,57,30,26,19,7,0,0
S01010120,491,167,145,94,52,16,14,0,1
S01010121,254,123,75,37,14,3,2,0,0
S01010122,224,98,63,30,19,10,1,4,1
S01010123,335,135,76,66,35,11,8,2,0
S01010124,282,99,84,40,41,12,6,0,0
S01010125,180,62,45,34,26,11,2,1,0
S01010126,318,91,105,66,39,7,4,3,0
S01010127,285,117,82,45,30,0,7,1,0
S01010128,225,86,44,40,27,17,5,0,3
S01010129,378,177,77,71,31,13,5,0,0
S01010130,378,111,134,59,52,17,7,1,0
S01010131,320,84,125,52,49,8,3,1,0
S01010132,461,216,141,57,30,12,3,0,0
S01010133,373,220,77,36,19,12,0,4,0
S01010134,571,299,164,55,41,10,0,0,0
S01010135,350,146,94,50,40,10,7,4,1
S01010136,374,149,127,49,33,9,3,2,0
S01010137,545,320,130,64,25,2,0,0,0
S01010138,569,431,87,18,23,8,0,0,0
S01010139,506,267,148,52,22,7,8,0,1
S01010140,413,201,121,49,33,7,0,0,0
S01010141,498,269,111,87,28,9,0,0,0
S01010142,375,171,127,39,26,13,0,0,0
S01010143,380,165,128,55,25,8,4,0,0
S01010144,346,155,91,60,31,7,1,2,0
S01010145,391,193,114,45,30,9,0,0,0
S01010146,370,204,94,44,21,6,0,0,0
S01010147,488,245,137,59,23,18,3,2,0
S01010148,542,173,150,103,81,29,6,0,0
S01010149,476,144,148,86,65,22,7,0,0
S01010150,395,171,123,56,31,12,4,1,1
S01010151,370,146,113,59,39,5,3,2,4
S01010152,378,146,153,57,18,5,1,0,0
S01010153,484,231,143,62,37,5,2,1,0
S01010154,456,228,125,49,41,11,1,0,0
S01010155,428,224,120,49,22,11,0,0,0
S01010156,252,121,64,36,12,11,3,0,1
S01010157,270,101,77,54,29,11,4,0,1
S01010158,421,198,126,61,20,12,1,0,3
S01010159,343,151,93,53,27,16,5,2,0
S01010160,269,151,55,35,21,4,1,0,1
S01010161,268,87,77,58,28,13,3,2,0
S01010162,331,129,78,52,44,26,11,0,0
S01010163,327,85,98,66,51,16,8,2,0
S01010164,291,78,75,54,55,16,7,3,0
S01010165,333,136,87,56,30,20,2,2,0
S01010166,476,165,136,79,62,28,4,3,0
S01010167,424,264,117,24,22,0,0,0,0
S01010168,224,88,71,29,25,8,0,2,0
S01010169,319,108,118,51,27,8,6,1,0
S01010170,238,102,81,32,17,5,2,0,0
S01010171,489,209,139,75,47,14,6,1,0
S01010172,494,306,141,32,12,6,0,0,0
S01010173,313,101,97,51,34,15,7,0,4
S01010174,242,88,62,50,27,10,2,2,1
S01010175,244,101,78,35,17,9,2,2,0
S01010176,363,152,130,43,26,6,0,0,1
S01010177,302,105,78,55,41,15,10,1,0
S01010178,369,124,98,50,46,31,11,2,4
S01010179,381,164,112,52,38,10,3,0,2
S01010180,301,61,72,74,62,27,6,0,0
S01010181,238,80,66,47,32,6,6,0,1
S01010182,298,129,98,38,20,5,2,0,1
S01010183,226,90,74,33,24,3,0,0,4
S01010184,287,119,83,56,14,15,1,1,1
S01010185,337,117,91,65,43,17,5,0,1
S01010186,241,59,99,43,18,14,6,1,0
S01010187,286,144,95,23,15,6,1,0,0
S01010188,731,167,238,140,118,48,8,5,4
S01010189,340,61,109,70,68,20,8,2,0
S01010190,273,22,78,61,61,34,11,2,2
S01010191,264,58,78,66,43,13,7,0,0
S01010192,291,34,98,78,55,20,8,2,0
S01010193,303,92,105,46,38,14,2,0,4
S01010194,264,79,83,51,36,15,3,1,0
S01010195,217,53,68,43,31,12,7,3,0
S01010196,275,85,108,45,25,6,4,0,0
S01010197,265,80,90,53,30,8,1,3,0
S01010198,367,106,107,73,47,25,4,3,2
S01010199,258,80,91,46,26,17,0,0,0
S01010200,295,100,93,50,32,7,9,0,0
S01010201,246,75,62,45,41,19,2,0,0
S01010202,384,190,92,44,25,24,5,0,1
S01010203,283,99,94,51,30,8,1,0,0
S01010204,342,145,112,49,27,9,4,0,0
S01010205,286,146,85,33,17,2,2,0,1
S01010206,0,0,0,0,0,0,0,0,0
S01010207,112,46,38,11,9,6,4,2,0
S01010208,542,305,158,43,22,9,3,0,3
S01010209,512,247,148,59,30,12,5,2,7
S01010210,409,183,108,62,35,16,5,0,0
S01010211,364,172,104,51,29,11,0,2,0
S01010212,684,377,147,76,58,19,2,1,0
S01010213,453,207,141,61,34,9,2,0,1
S01010214,393,118,131,91,40,9,2,0,2
S01010215,508,305,102,57,28,8,5,0,0
S01010216,324,193,80,16,21,7,6,6,0
S01010217,267,126,49,32,31,19,5,2,0
S01010218,553,324,111,71,33,20,1,0,0
S01010219,74,49,9,8,4,2,0,1,0
S01010220,270,111,117,33,10,0,0,0,0
S01010221,375,207,106,37,16,5,2,4,0
S01010222,382,209,91,39,23,10,4,4,2
S01010223,315,196,77,27,12,0,0,2,1
S01010224,517,223,128,75,44,33,3,3,2
S01010225,440,236,101,56,28,14,3,0,1
S01010226,0,0,0,0,0,0,0,0,0
S01010227,0,0,0,0,0,0,0,0,0
S01010228,562,311,137,50,29,26,5,4,2
S01010229,588,238,162,101,53,27,7,4,0
S01010230,648,377,134,62,46,17,12,0,0
S01010231,492,228,143,60,41,11,5,0,1
S01010232,323,105,93,56,35,20,8,2,0
S01010233,361,161,97,38,38,22,3,2,0
S01010234,570,266,229,52,17,5,0,0,0
S01010235,399,129,224,31,12,2,1,0,0
S01010236,380,158,156,38,12,5,3,4,2
S01010237,345,113,166,45,17,1,3,0,0
S01010238,401,170,161,48,11,11,2,2,0
S01010239,419,210,137,42,20,5,3,0,2
S01010240,400,211,138,36,14,4,0,0,0
S01010241,621,371,205,31,13,1,0,0,0
S01010242,394,246,106,30,11,4,0,2,0
S01010243,583,365,133,43,20,6,10,4,2
S01010244,344,192,99,30,16,0,3,0,0
S01010245,407,211,99,47,36,9,1,0,1
S01010246,423,184,122,60,47,9,1,0,0
S01010247,409,212,121,46,29,5,4,0,0
S01010248,455,168,214,57,14,4,0,0,0
S01010249,401,197,169,29,4,4,0,0,0
S01010250,389,139,184,39,14,7,3,0,0
S01010251,316,116,153,21,17,3,0,0,0
S01010252,289,98,131,26,26,4,3,0,0
S01010253,359,191,95,46,18,8,0,0,0
S01010254,528,281,169,55,13,3,4,1,0
S01010255,465,239,92,49,35,22,19,7,0
S01010256,541,341,122,54,15,6,1,4,0
S01010257,524,286,193,34,11,0,0,0,0
S01010258,410,183,198,11,13,2,0,0,0
S01010259,494,316,91,50,21,7,7,4,1
S01010260,759,434,257,51,14,1,1,0,0
S01010261,507,266,136,59,31,9,5,1,0
S01010262,520,327,129,45,10,5,4,0,0
S01010263,433,234,166,25,5,3,0,0,0
S01010264,585,367,187,24,3,1,0,0,0
S01010265,505,276,198,24,5,1,0,0,0
S01010266,286,122,97,28,21,5,9,0,0
S01010267,287,108,107,45,13,13,4,0,0
S01010268,431,221,157,30,16,4,0,3,1
S01010269,290,148,106,20,9,4,0,0,0
S01010270,836,580,168,63,23,5,0,0,0
S01010271,362,125,116,51,45,9,11,0,6
S01010272,732,487,168,48,16,5,6,0,2
S01010273,438,184,147,63,39,7,0,0,2
S01010274,380,165,151,45,12,6,0,0,0
S01010275,380,205,134,32,11,2,0,0,0
S01010276,587,268,218,63,30,3,3,0,0
S01010277,407,188,109,71,29,9,5,2,0
S01010278,364,175,96,42,39,8,0,3,1
S01010279,311,113,97,52,32,11,6,0,0
S01010280,485,175,183,82,27,8,2,2,0
S01010281,476,232,166,51,25,1,5,1,1
S01010282,597,366,185,28,15,0,0,2,0
S01010283,540,217,219,57,40,9,2,0,0
S01010284,689,380,238,54,15,2,0,0,0
S01010285,439,194,157,49,27,10,2,2,0
S01010286,463,138,197,75,35,7,0,0,0
S01010287,319,97,98,66,33,15,2,2,2
S01010288,438,140,164,73,33,20,6,0,0
S01010289,467,179,184,57,38,7,1,1,0
S01010290,382,152,165,43,17,7,2,0,0
S01010291,514,179,183,82,53,15,3,0,2
S01010292,395,112,164,76,41,1,0,1,0
S01010293,353,134,122,42,30,14,3,2,0
S01010294,266,43,91,75,38,13,3,4,0
S01010295,433,103,188,68,37,27,8,0,0
S01010296,282,85,89,53,33,12,5,1,2
S01010297,630,358,184,47,24,6,3,0,0
S01010298,505,306,120,31,28,9,4,0,0
S01010299,324,172,71,42,20,15,6,0,0
S01010300,494,234,187,46,20,5,1,0,0
S01010301,226,112,74,25,10,2,2,2,0
S01010302,380,221,89,29,31,12,0,2,0
S01010303,265,86,59,42,52,17,6,3,0
S01010304,421,237,114,35,18,9,6,0,3
S01010305,545,341,123,48,22,9,2,2,1
S01010306,388,227,115,38,7,4,0,0,0
S01010307,437,187,184,41,20,5,0,0,0
S01010308,516,210,215,52,27,10,0,0,4
S01010309,141,72,42,20,4,4,0,0,0
S01010310,324,153,82,41,30,14,3,0,2
S01010311,321,128,78,49,42,13,5,5,3
S01010312,430,192,123,69,24,14,4,1,0
S01010313,307,158,64,37,38,2,3,2,3
S01010314,691,363,211,63,37,17,0,2,0
S01010315,387,127,137,75,43,11,3,2,0
S01010316,326,166,84,46,19,11,2,1,0
S01010317,574,271,230,49,19,4,0,4,0
S01010318,558,286,148,61,43,15,2,0,4
S01010319,407,192,157,33,16,3,2,1,0
S01010320,513,300,163,30,11,3,6,0,0
S01010321,455,265,136,31,9,6,6,1,0
S01010322,477,178,211,53,25,3,4,2,1
S01010323,318,204,65,29,9,4,2,6,0
S01010324,389,191,113,39,20,20,1,2,0
S01010325,500,244,157,54,37,5,0,2,0
S01010326,577,272,117,88,55,36,7,3,0
S01010327,364,113,106,67,52,15,7,2,0
S01010328,497,232,124,73,50,15,3,1,2
S01010329,332,170,97,46,14,3,0,4,0
S01010330,269,104,71,47,30,14,3,0,0
S01010331,498,250,139,65,23,19,6,0,0
S01010332,313,79,83,55,53,24,10,2,4
S01010333,533,270,130,65,42,19,7,0,0
S01010334,497,180,154,92,51,18,0,0,0
S01010335,371,147,96,51,44,18,8,6,3
S01010336,320,173,55,43,38,6,1,2,0
S01010337,346,126,95,66,36,13,6,4,0
S01010338,245,111,55,33,28,11,4,0,0
S01010339,241,77,75,47,27,11,5,0,0
S01010340,359,152,94,45,47,16,5,2,0
S01010341,264,87,76,47,31,15,4,4,2
S01010342,280,123,84,41,23,1,1,0,0
S01010343,353,102,130,61,49,7,4,0,0
S01010344,398,233,74,55,28,8,4,0,2
S01010345,277,33,71,63,76,21,4,3,4
S01010346,431,160,155,59,39,15,3,0,0
S01010347,489,241,134,52,36,21,5,0,0
S01010348,416,194,123,61,32,8,1,0,0
S01010349,397,175,114,62,31,10,4,4,0
S01010350,479,199,130,74,53,12,8,3,0
S01010351,387,139,110,62,53,21,5,0,0
S01010352,285,146,73,42,15,10,1,2,0
S01010353,553,316,113,57,44,22,3,1,1
S01010354,365,177,88,58,29,11,4,0,1
S01010355,425,214,92,54,38,21,5,2,0
S01010356,395,161,122,62,31,6,8,1,0
S01010357,265,150,45,37,21,10,4,1,0
S01010358,526,318,118,48,28,8,3,0,0
S01010359,510,285,119,64,32,11,3,0,0
S01010360,359,138,104,56,47,17,4,2,0
S01010361,428,282,77,35,26,10,0,0,0
S01010362,490,381,57,27,19,12,0,0,0
S01010363,411,185,134,51,34,2,2,3,1
S01010364,368,55,152,72,64,17,8,0,4
S01010365,444,169,169,49,38,21,0,1,0
S01010366,516,218,183,52,43,17,0,0,2
S01010367,536,201,197,54,62,15,6,1,0
S01010368,393,136,161,53,29,6,4,1,0
S01010369,379,178,138,36,19,4,1,0,0
S01010370,337,97,140,58,29,9,2,1,0
S01010371,550,213,196,78,45,12,4,1,2
S01010372,272,86,95,38,34,11,2,2,0
S01010373,431,183,174,42,21,8,0,4,0
S01010374,446,154,172,67,49,4,2,0,1
S01010375,255,71,91,45,27,15,4,1,1
S01010376,359,122,173,32,22,4,3,2,2
S01010377,384,128,101,63,65,15,5,2,3
S01010378,297,75,94,65,36,16,8,2,2
S01010379,497,162,170,83,53,16,7,5,0
S01010380,537,241,194,60,30,8,1,3,0
S01010381,333,172,125,30,7,2,0,0,0
S01010382,466,233,178,40,12,2,2,0,0
S01010383,382,207,121,27,17,7,2,0,0
S01010384,494,215,202,54,19,7,1,0,0
S01010385,514,255,215,32,9,3,0,0,0
S01010386,530,299,159,49,13,2,4,0,0
S01010387,578,260,246,48,19,4,0,1,0
S01010388,570,289,199,56,17,4,3,0,0
S01010389,699,387,239,38,22,9,4,0,0
S01010390,770,501,213,37,12,8,0,0,0
S01010391,520,328,147,30,12,0,2,0,0
S01010392,425,177,182,32,24,7,2,1,0
S01010393,651,392,210,32,19,3,1,0,0
S01010394,546,312,133,64,25,11,3,1,0
S01010395,631,366,174,54,25,7,1,0,0
S01010396,596,279,220,59,28,8,4,0,0
S01010397,376,182,131,39,22,2,0,0,0
S01010398,576,270,217,50,33,6,0,0,0
S01010399,641,286,275,57,17,5,1,0,0
S01010400,513,180,191,76,49,11,2,0,3
S01010401,424,208,131,46,26,7,0,0,0
S01010402,514,205,192,52,53,7,5,0,0
S01010403,533,216,203,59,40,12,0,4,1
S01010404,501,237,163,51,35,10,4,0,2
S01010405,495,183,211,64,36,7,0,0,0
S01010406,468,189,169,55,44,10,0,1,0
S01010407,449,162,160,74,47,6,3,0,1
S01010408,284,126,67,45,36,9,2,0,0
S01010409,195,40,45,50,51,12,0,0,0
S01010410,321,103,107,42,46,18,3,0,1
S01010411,392,79,114,63,93,35,12,0,1
S01010412,390,165,144,45,27,4,0,0,0
S01010413,400,161,134,46,38,15,4,2,1
S01010414,473,190,151,53,52,21,4,2,0
S01010415,621,321,180,67,42,10,4,1,0
S01010416,317,121,111,41,41,4,0,0,0
S01010417,281,112,99,30,27,8,3,2,1
S01010418,556,245,207,55,38,7,0,0,0
S01010419,501,217,172,55,46,10,0,1,0
S01010420,302,103,84,47,47,18,3,0,0
S01010421,343,105,100,64,58,12,4,0,2
S01010422,478,179,145,75,64,14,5,0,0
S01010423,485,287,115,52,30,3,1,0,0
S01010424,480,280,115,53,23,5,2,1,0
S01010425,608,372,160,40,22,8,8,0,2
S01010426,380,228,73,35,29,10,0,0,0
S01010427,436,203,81,62,39,39,7,5,0
S01010428,313,115,101,43,45,7,0,2,0
S01010429,414,102,134,69,89,20,2,0,0
S01010430,472,223,115,55,50,16,1,6,1
S01010431,252,57,81,62,46,10,0,0,0
S01010432,452,259,106,41,34,7,5,4,0
S01010433,231,90,45,42,13,24,9,6,2
S01010434,332,151,97,29,29,18,8,1,0
S01010435,288,103,93,55,27,4,3,1,0
S01010436,468,278,111,41,25,7,4,0,2
S01010437,266,111,76,41,19,4,10,2,0
S01010438,361,135,95,69,33,19,5,2,1
S01010439,486,265,121,57,30,11,2,0,2
S01010440,366,181,114,37,23,9,3,0,0
S01010441,551,305,143,63,33,6,1,0,0
S01010442,381,190,97,56,25,5,2,4,3
S01010443,242,76,71,51,33,12,0,0,0
S01010444,248,68,82,41,38,11,2,5,0
S01010445,328,109,97,61,32,26,4,2,2
S01010446,327,86,110,64,50,10,1,2,0
S01010447,503,256,120,63,47,13,4,0,0
S01010448,317,100,100,57,46,10,6,0,1
S01010449,363,149,115,56,34,9,0,1,0
S01010450,399,189,109,56,32,11,2,0,0
S01010451,445,214,108,60,40,16,4,0,2
S01010452,392,171,117,65,29,9,1,0,0
S01010453,338,182,63,46,35,11,0,0,0
S01010454,381,159,128,56,30,4,2,1,2
S01010455,512,359,95,41,9,5,0,0,0
S01010456,297,153,92,31,20,2,1,0,0
S01010457,211,91,66,30,17,7,0,0,0
S01010458,375,176,119,39,32,4,5,0,0
S01010459,237,106,65,44,15,6,1,0,0
S01010460,343,147,115,35,35,9,2,1,0
S01010461,351,167,89,51,27,12,3,2,0
S01010462,367,168,61,24,33,38,19,20,4
S01010463,368,157,105,48,47,15,1,0,0
S01010464,242,89,81,36,29,4,2,0,0
S01010465,442,179,150,61,39,14,3,0,0
S01010466,452,230,146,45,22,4,0,1,0
S01010467,463,260,129,38,23,9,3,0,0
S01010468,431,160,148,63,47,9,2,1,0
S01010469,412,275,96,21,6,9,2,0,0
S01010470,357,154,109,43,38,10,2,2,0
S01010471,331,133,107,54,24,6,4,5,0
S01010472,396,192,124,41,26,14,3,0,2
S01010473,465,266,140,34,22,5,4,0,0
S01010474,370,170,134,35,17,7,0,3,0
S01010475,431,228,138,39,21,4,2,0,0
S01010476,620,274,181,98,48,16,6,0,0
S01010477,368,165,105,50,34,9,1,2,0
S01010478,508,351,93,30,19,11,5,1,0
S01010479,524,219,156,77,53,13,2,2,0
S01010480,281,110,79,37,39,10,4,1,0
S01010481,265,105,71,36,26,16,8,2,1
S01010482,345,118,104,57,46,18,2,0,0
S01010483,548,214,185,82,54,17,1,0,0
S01010484,239,83,72,49,24,13,0,0,0
S01010485,388,103,128,71,54,19,7,2,4
S01010486,386,90,171,74,34,8,6,0,0
S01010487,431,115,123,88,82,20,6,0,0
S01010488,321,118,81,52,36,19,8,0,0
S01010489,454,199,117,63,56,15,2,3,0
S01010490,272,103,70,40,32,20,6,0,1
S01010491,394,187,104,62,28,7,9,1,0
S01010492,253,95,68,39,28,14,5,4,5
S01010493,290,91,68,62,40,22,8,1,0
S01010494,225,82,63,32,34,6,3,3,3
S01010495,416,203,101,59,38,9,2,1,0
S01010496,450,184,124,75,32,23,8,5,0
S01010497,231,84,58,44,22,20,1,1,0
S01010498,430,156,138,79,44,10,5,2,0
S01010499,421,207,68,62,45,27,8,3,1
S01010500,372,115,89,71,53,34,7,6,0
S01010501,493,182,129,86,70,20,4,1,1
S01010502,321,106,97,56,42,15,5,0,0
S01010503,302,125,74,63,23,15,1,4,0
S01010504,303,124,116,24,26,7,2,0,1
S01010505,258,99,90,32,18,14,5,0,0
S01010506,451,156,190,54,36,12,4,1,0
S01010507,338,127,115,54,33,3,1,0,0
S01010508,503,158,218,56,47,23,1,0,0
S01010509,438,130,182,73,38,11,3,1,0
S01010510,471,182,163,67,50,16,0,0,0
S01010511,364,126,107,58,45,19,8,0,0
S01010512,280,101,94,46,23,8,3,0,1
S01010513,318,81,128,49,45,11,3,0,0
S01010514,280,84,100,43,34,14,1,2,0
S01010515,352,136,126,49,36,7,2,0,0
S01010516,323,141,107,45,22,4,4,2,0
S01010517,375,152,124,50,33,9,1,0,0
S01010518,276,98,94,44,34,9,2,0,0
S01010519,314,81,128,44,50,8,2,0,1
S01010520,407,156,149,55,40,10,1,0,0
S01010521,409,204,103,56,33,7,3,0,0
S01010522,313,183,66,37,20,2,2,1,0
S01010523,337,158,96,42,29,10,4,0,0
S01010524,240,68,117,29,13,6,3,5,1
S01010525,288,89,127,33,20,11,4,1,0
S01010526,364,139,120,40,54,4,1,0,4
S01010527,497,253,153,57,27,7,3,0,0
S01010528,325,108,132,36,35,10,3,0,1
S01010529,344,102,143,43,45,5,1,0,0
S01010530,291,97,111,39,29,7,2,1,1
S01010531,530,189,216,59,41,18,4,0,0
S01010532,198,60,94,24,16,3,1,0,0
S01010533,277,117,108,25,16,8,2,1,0
S01010534,379,130,147,49,39,13,5,0,0
S01010535,301,85,139,36,27,8,4,1,0
S01010536,376,185,102,44,25,14,0,0,0
S01010537,310,130,110,42,17,8,3,0,0
S01010538,426,121,167,58,55,19,2,4,0
S01010539,457,176,196,39,34,11,0,0,0
S01010540,267,100,113,28,20,1,1,2,1
S01010541,432,139,177,53,52,8,3,0,0
S01010542,393,118,174,45,35,10,3,2,0
S01010543,234,65,103,33,25,5,0,1,1
S01010544,372,112,141,52,44,13,6,1,0
S01010545,369,149,135,44,27,13,3,1,0
S01010546,355,152,131,33,27,7,5,0,0
S01010547,344,99,152,47,30,11,7,2,0
S01010548,334,92,165,25,33,9,6,0,0
S01010549,743,175,283,127,115,32,5,2,1
S01010550,235,79,91,36,27,5,3,0,0
S01010551,332,83,141,42,44,18,3,1,0
S01010552,326,105,140,35,29,16,5,0,0
S01010553,276,82,136,31,23,5,1,0,0
S01010554,353,186,113,36,15,2,1,0,0
S01010555,425,222,134,35,27,7,1,0,0
S01010556,393,171,115,53,30,15,6,1,0
S01010557,272,102,111,38,22,3,0,0,0
S01010558,409,156,162,56,30,2,2,0,0
S01010559,368,150,146,36,30,4,1,2,0
S01010560,278,92,117,34,23,11,0,1,0
S01010561,296,87,137,37,25,5,2,0,0
S01010562,315,107,111,48,44,8,0,0,0
S01010563,206,67,62,33,27,13,4,0,0
S01010564,251,137,62,29,9,8,0,0,0
S01010565,287,126,93,30,26,10,1,0,0
S01010566,497,111,205,62,72,28,18,3,1
S01010567,439,95,190,66,57,24,7,0,0
S01010568,713,190,271,107,105,29,5,2,2
S01010569,436,112,179,73,53,15,1,0,0
S01010570,428,139,150,69,54,11,4,1,0
S01010571,379,193,119,28,27,11,1,0,0
S01010572,318,135,91,39,37,12,2,0,0
S01010573,215,74,67,32,33,7,5,0,0
S01010574,233,63,97,34,30,10,0,0,0
S01010575,302,90,120,45,35,12,4,0,0
S01010576,341,85,141,43,52,16,2,0,0
S01010577,330,115,99,60,40,11,2,1,2
S01010578,211,53,79,37,32,8,2,0,0
S01010579,322,121,131,30,30,8,2,0,0
S01010580,367,196,109,41,14,7,0,0,0
S01010581,232,116,71,22,16,9,1,0,0
S01010582,507,132,203,93,60,15,2,2,0
S01010583,437,166,166,67,33,6,2,0,0
S01010584,403,111,140,72,60,19,1,0,0
S01010585,323,55,115,73,56,20,1,2,1
S01010586,316,69,131,54,58,4,2,0,0
S01010587,292,94,124,38,27,7,1,0,1
S01010588,225,59,83,32,29,18,1,0,0
S01010589,261,135,79,32,8,6,1,0,0
S01010590,291,38,114,49,70,21,4,0,0
S01010591,588,187,167,92,103,28,7,3,1
S01010592,264,142,90,21,12,1,0,0,0
S01010593,818,276,301,112,99,25,8,0,1
S01010594,284,92,100,39,42,8,3,0,0
S01010595,300,65,96,68,62,8,3,0,0
S01010596,754,193,252,126,135,35,7,4,2
S01010597,362,114,130,61,45,11,1,0,0
S01010598,389,109,124,67,71,17,1,1,0
S01010599,784,174,286,147,131,39,7,1,0
S01010600,525,187,204,65,48,17,1,0,0
S01010601,299,119,95,44,35,7,1,0,0
S01010602,248,114,76,30,24,7,0,0,0
S01010603,365,130,153,46,31,4,2,0,0
S01010604,195,52,74,36,19,10,0,0,0
S01010605,473,158,186,51,52,20,0,2,0
S01010606,383,146,123,59,33,14,4,0,0
S01010607,317,100,123,44,37,11,2,0,0
S01010608,322,137,104,54,16,7,3,1,0
S01010609,255,101,77,47,31,4,0,0,0
S01010610,336,119,142,39,28,5,1,2,0
S01010611,489,268,132,51,33,5,2,0,0
S01010612,304,93,102,59,35,12,5,0,0
S01010613,333,156,98,36,32,9,1,0,0
S01010614,311,152,75,39,34,7,3,0,0
S01010615,382,174,112,50,34,6,3,0,0
S01010616,349,108,138,58,35,7,1,0,0
S01010617,358,105,134,63,46,6,2,2,0
S01010618,311,101,117,53,27,9,3,0,2
S01010619,358,214,87,30,17,5,1,0,0
S01010620,453,335,91,20,10,0,0,0,0
S01010621,433,181,157,41,48,8,2,0,0
S01010622,332,186,74,35,22,9,3,0,0
S01010623,285,66,65,51,59,28,11,6,1
S01010624,363,172,121,36,25,8,1,0,0
S01010625,319,104,148,30,27,13,2,0,1
S01010626,422,153,158,49,49,10,1,0,0
S01010627,390,207,115,37,23,4,3,0,0
S01010628,460,249,114,48,41,5,0,0,0
S01010629,483,224,151,55,41,5,4,0,0
S01010630,256,112,81,31,23,3,3,0,0
S01010631,323,180,107,26,9,0,2,0,0
S01010632,473,223,147,70,21,5,2,0,0
S01010633,524,237,149,72,45,14,5,0,0
S01010634,232,88,57,42,26,17,3,0,0
S01010635,337,137,79,56,46,12,4,2,0
S01010636,371,137,151,40,36,12,2,0,0
S01010637,363,259,72,15,12,5,0,0,0
S01010638,441,224,161,31,26,1,2,0,0
S01010639,677,386,207,48,22,14,3,1,0
S01010640,366,198,118,31,13,5,2,0,0
S01010641,518,317,119,40,29,6,4,0,0
S01010642,629,309,183,69,48,18,7,0,0
S01010643,308,90,103,59,27,18,8,0,0
S01010644,393,225,106,40,11,6,4,2,0
S01010645,246,129,72,21,15,3,1,1,0
S01010646,320,106,136,47,21,9,0,1,0
S01010647,297,143,109,28,11,1,0,0,0
S01010648,309,143,100,36,22,5,3,0,0
S01010649,285,135,93,26,23,7,0,0,0
S01010650,697,220,235,117,91,26,6,1,0
S01010651,263,93,94,31,33,13,3,0,0
S01010652,372,102,138,69,53,9,2,0,0
S01010653,272,114,120,23,13,0,0,0,0
S01010654,343,130,112,58,32,9,1,0,0
S01010655,429,127,187,49,45,15,4,2,0
S01010656,300,79,97,60,45,18,2,0,0
S01010657,274,51,128,47,33,8,10,0,0
S01010658,331,75,142,54,42,11,3,1,0
S01010659,309,79,142,51,26,6,6,0,0
S01010660,303,125,100,36,29,7,2,1,0
S01010661,357,176,114,40,21,6,0,0,0
S01010662,378,104,147,74,35,14,1,2,1
S01010663,392,107,171,50,51,14,5,1,0
S01010664,322,83,163,33,31,10,7,0,0
S01010665,492,176,195,46,55,15,6,0,0
S01010666,517,184,203,65,44,18,3,0,0
S01010667,293,88,121,47,20,17,1,0,0
S01010668,558,186,241,66,49,9,4,4,0
S01010669,282,106,115,27,19,11,1,2,1
S01010670,398,152,164,38,34,7,3,0,0
S01010671,339,120,133,39,31,9,5,1,0
S01010672,349,172,99,45,27,6,0,1,0
S01010673,480,224,160,40,41,12,1,0,0
S01010674,517,224,190,48,42,11,3,0,1
S01010675,357,133,144,37,31,12,3,0,0
S01010676,467,158,199,50,41,15,5,0,4
S01010677,273,98,116,40,11,4,1,0,0
S01010678,354,146,117,40,36,10,6,0,0
S01010679,297,176,80,18,18,5,0,0,0
S01010680,382,188,112,36,29,12,1,1,0
S01010681,465,195,125,58,49,25,7,0,1
S01010682,456,126,182,63,55,21,7,0,0
S01010683,465,157,177,61,42,21,5,0,2
S01010684,412,140,189,49,23,8,2,1,0
S01010685,331,132,145,28,25,0,2,0,0
S01010686,331,130,140,24,23,14,0,1,1
S01010687,434,165,191,41,20,16,0,1,0
S01010688,391,168,147,37,32,6,0,0,0
S01010689,404,170,169,34,24,10,0,2,0
S01010690,298,142,82,34,28,8,2,0,0
S01010691,362,121,153,54,26,9,1,0,0
S01010692,360,143,121,50,32,9,2,3,0
S01010693,241,86,99,24,25,4,1,2,0
S01010694,300,109,134,30,19,4,3,0,1
S01010695,303,77,146,42,21,13,5,1,0
S01010696,426,119,167,65,51,24,4,0,0
S01010697,469,143,191,59,50,17,7,2,0
S01010698,348,112,152,37,28,13,4,2,0
S01010699,248,75,94,46,27,5,0,0,0
S01010700,246,67,102,29,37,8,3,0,0
S01010701,446,134,165,69,50,18,7,2,1
S01010702,415,109,204,47,37,13,2,0,3
S01010703,358,84,153,55,41,17,3,3,0
S01010704,291,121,106,44,15,7,2,0,0
S01010705,627,191,247,85,82,19,4,0,0
S01010706,348,126,121,45,41,13,4,0,1
S01010707,524,140,197,94,68,18,3,2,0
S01010708,264,95,103,31,23,7,2,0,0
S01010709,308,102,117,41,37,11,3,0,0
S01010710,318,111,119,36,33,20,0,0,0
S01010711,350,111,128,51,40,11,4,0,1
S01010712,291,81,100,54,35,10,4,2,0
S01010713,287,100,91,48,32,11,5,0,0
S01010714,330,205,83,28,12,1,1,0,0
S01010715,373,166,109,64,31,6,1,0,1
S01010716,486,264,132,40,32,15,3,0,1
S01010717,293,90,131,35,30,5,0,0,0
S01010718,477,158,162,64,62,23,4,3,1
S01010719,292,98,118,39,25,10,4,0,1
S01010720,478,154,191,62,54,12,4,1,0
S01010721,302,113,115,43,28,4,0,2,0
S01010722,389,150,137,52,27,16,3,2,0
S01010723,386,82,157,75,49,14,8,1,0
S01010724,407,107,156,78,50,14,2,0,0
S01010725,490,124,213,70,67,13,2,0,0
S01010726,424,161,146,70,36,13,0,0,0
S01010727,282,58,130,40,38,13,5,0,0
S01010728,226,54,91,38,32,12,1,0,0
S01010729,283,64,123,57,25,3,1,0,3
S01010730,425,117,180,58,41,15,4,0,0
S01010731,418,152,159,62,27,13,1,0,0
S01010732,332,116,118,51,28,16,4,0,0
S01010733,245,89,76,43,19,10,7,0,1
S01010734,369,134,102,68,43,14,5,0,2
S01010735,291,103,74,51,43,11,5,3,2
S01010736,234,59,101,37,29,6,2,0,0
S01010737,664,288,216,75,59,19,6,0,0
S01010738,248,80,102,28,28,8,0,0,0
S01010739,411,181,130,53,32,8,5,0,0
S01010740,258,135,71,22,14,8,4,1,0
S01010741,387,72,153,64,77,11,2,2,0
S01010742,347,142,115,40,37,10,1,0,0
S01010743,270,71,103,39,32,15,4,4,1
S01010744,453,153,192,53,44,9,3,0,0
S01010745,338,211,75,28,17,4,3,0,0
S01010746,464,166,180,51,38,24,5,0,0
S01010747,373,123,144,54,25,16,7,0,0
S01010748,298,107,129,25,28,9,1,0,0
S01010749,277,74,126,42,21,13,1,0,0
S01010750,282,91,124,32,26,6,0,0,1
S01010751,368,150,127,47,30,12,0,1,0
S01010752,360,121,114,59,45,12,5,0,1
S01010753,500,199,159,72,52,20,6,3,0
S01010754,314,162,102,24,15,8,3,1,0
S01010755,258,104,93,37,16,6,3,1,0
S01010756,308,110,122,34,28,10,0,1,0
S01010757,360,141,166,29,22,4,0,0,0
S01010758,352,102,158,47,26,11,8,1,0
S01010759,300,138,99,42,15,5,4,0,0
S01010760,351,153,134,30,23,6,3,2,0
S01010761,219,61,101,23,20,6,7,0,0
S01010762,271,93,111,40,24,6,0,0,0
S01010763,330,121,123,44,33,8,0,0,1
S01010764,302,110,139,25,20,7,2,0,0
S01010765,507,191,207,58,32,15,7,2,0
S01010766,388,145,151,44,34,11,2,1,0
S01010767,357,160,130,31,24,12,2,1,0
S01010768,278,135,89,26,16,6,4,0,0
S01010769,253,87,114,28,21,4,4,0,0
S01010770,371,159,131,38,28,11,2,1,0
S01010771,444,202,161,32,31,16,1,0,1
S01010772,406,158,165,43,28,9,3,2,0
S01010773,360,96,172,47,33,7,3,0,0
S01010774,340,131,123,46,27,6,0,1,1
S01010775,355,99,132,54,55,15,0,0,0
S01010776,261,110,90,29,22,9,1,0,0
S01010777,251,144,62,23,15,5,2,0,0
S01010778,260,123,75,32,19,8,3,0,0
S01010779,352,177,90,38,27,13,4,0,0
S01010780,262,102,93,33,25,8,0,0,0
S01010781,351,148,104,58,31,7,1,2,0
S01010782,299,149,85,25,29,10,0,0,0
S01010783,264,135,80,30,18,6,2,0,0
S01010784,323,142,95,39,26,14,7,0,0
S01010785,294,97,115,35,37,10,0,0,0
S01010786,300,86,112,50,40,10,2,0,0
S01010787,395,129,159,46,38,22,4,0,0
S01010788,293,106,110,41,26,11,1,0,2
S01010789,301,107,112,32,32,11,3,1,0
S01010790,317,104,119,41,30,18,6,1,0
S01010791,417,147,176,47,36,14,2,0,0
S01010792,288,124,103,35,16,3,5,2,0
S01010793,275,77,123,35,27,10,2,1,0
S01010794,275,94,102,39,27,12,1,0,0
S01010795,480,190,181,57,42,9,0,0,0
S01010796,363,115,136,36,49,19,1,4,0
S01010797,334,89,132,49,49,11,4,0,0
S01010798,297,102,118,30,33,9,1,0,0
S01010799,420,267,116,22,12,1,2,0,0
S01010800,382,184,136,33,25,4,0,0,0
S01010801,341,151,113,46,24,8,0,0,0
S01010802,234,102,88,18,24,2,0,1,0
S01010803,277,133,66,45,18,9,4,2,1
S01010804,303,140,100,26,28,11,1,1,0
S01010805,414,157,141,61,35,9,7,1,1
S01010806,454,236,137,44,32,8,1,0,0
S01010807,239,79,73,37,32,13,1,1,0
S01010808,216,62,84,27,33,5,1,0,0
S01010809,302,98,117,36,41,9,4,0,0
S01010810,263,103,95,33,15,13,0,0,0
S01010811,426,175,162,47,24,9,3,0,0
S01010812,234,109,90,20,13,2,2,0,0
S01010813,235,117,77,21,12,7,2,0,0
S01010814,314,123,126,33,22,4,4,3,0
S01010815,197,77,70,36,10,4,0,0,0
S01010816,314,139,98,34,27,13,2,1,0
S01010817,377,98,159,59,42,18,4,0,0
S01010818,489,194,171,59,55,7,2,2,0
S01010819,380,150,121,51,48,6,4,0,0
S01010820,274,63,122,38,40,11,0,0,0
S01010821,240,52,108,32,31,14,2,0,0
S01010822,281,82,134,36,21,6,1,0,2
S01010823,126,20,37,26,30,11,4,0,0
S01010824,241,27,85,67,56,9,1,0,0
S01010825,332,43,91,72,102,18,4,2,0
S01010826,310,88,139,39,34,4,4,1,0
S01010827,215,37,84,54,27,8,3,0,0
S01010828,429,56,160,89,100,18,2,0,0
S01010829,467,180,206,52,25,6,3,0,0
S01010830,291,97,123,34,33,1,0,0,0
S01010831,200,20,59,52,54,10,1,0,0
S01010832,248,75,85,47,39,5,1,0,0
S01010833,348,90,138,53,47,13,3,0,0
S01010834,498,172,230,49,37,8,2,0,0
S01010835,229,52,110,31,33,6,1,0,0
S01010836,393,143,147,49,43,6,3,0,0
S01010837,318,78,112,65,55,6,2,1,0
S01010838,317,111,91,56,48,15,0,0,0
S01010839,337,111,114,56,45,7,4,0,0
S01010840,285,169,87,15,10,1,2,1,0
S01010841,407,198,144,32,29,6,0,0,0
S01010842,534,359,127,26,15,4,1,0,0
S01010843,444,296,117,21,10,0,1,0,0
S01010844,281,85,110,41,39,5,2,0,0
S01010845,231,72,97,34,19,4,2,0,0
S01010846,281,87,94,59,35,5,1,0,0
S01010847,251,76,95,45,31,6,0,0,0
S01010848,305,82,85,63,50,19,5,0,4
S01010849,366,100,98,77,55,30,3,5,0
S01010850,315,97,111,59,27,13,8,1,0
S01010851,407,131,117,82,50,19,3,0,0
S01010852,319,103,101,57,40,14,3,0,0
S01010853,400,99,150,70,54,20,3,1,0
S01010854,376,119,133,79,40,9,1,2,0
S01010855,216,63,78,35,32,8,4,1,0
S01010856,404,170,121,69,39,5,0,0,0
S01010857,329,78,122,73,41,7,1,3,0
S01010858,275,97,85,52,29,9,0,0,0
S01010859,363,113,99,80,46,16,6,2,1
S01010860,253,99,91,39,14,9,3,0,0
S01010861,320,151,90,51,24,4,0,0,0
S01010862,299,118,89,56,29,4,2,0,1
S01010863,301,73,109,34,57,19,8,0,0
S01010864,268,64,133,34,31,4,0,1,0
S01010865,429,153,198,45,22,8,0,0,0
S01010866,300,109,111,41,30,10,1,0,0
S01010867,292,112,98,40,34,5,1,0,1
S01010868,288,104,113,28,29,10,4,1,0
S01010869,279,61,97,57,55,7,2,1,0
S01010870,372,202,111,30,20,4,3,0,0
S01010871,383,164,113,56,37,13,1,0,0
S01010872,420,230,127,34,21,4,1,2,0
S01010873,339,253,56,22,8,0,0,0,0
S01010874,307,100,109,41,31,25,1,0,0
S01010875,277,130,93,33,19,1,0,0,1
S01010876,458,255,133,48,17,3,1,0,0
S01010877,421,194,129,52,34,15,1,0,0
S01010878,507,242,172,51,37,7,0,0,0
S01010879,399,153,143,58,30,9,2,0,0
S01010880,204,69,56,40,31,5,3,0,0
S01010881,266,96,97,47,19,1,0,0,0
S01010882,165,23,53,42,31,7,0,3,0
S01010883,281,86,78,47,57,13,0,0,0
S01010884,407,237,97,39,28,5,1,1,0
S01010885,556,360,104,43,33,14,3,0,0
S01010886,166,94,47,14,7,2,1,0,1
S01010887,443,253,111,42,33,6,2,0,0
S01010888,481,285,119,39,25,5,4,0,0
S01010889,254,158,63,27,6,2,1,0,0
S01010890,499,331,111,30,21,3,3,0,0
S01010891,312,229,60,18,2,3,0,0,0
S01010892,514,347,102,31,27,10,0,2,0
S01010893,305,206,42,25,24,7,4,0,0
S01010894,308,146,101,24,20,3,5,0,0
S01010895,183,90,38,19,19,10,3,3,0
S01010896,390,168,126,61,29,5,0,1,0
S01010897,367,149,113,55,38,6,0,0,0
S01010898,233,61,74,45,31,20,3,1,0
S01010899,207,44,69,54,30,8,1,0,1
S01010900,346,128,93,66,35,20,6,0,0
S01010901,252,77,80,51,24,9,6,0,2
S01010902,414,143,139,80,47,4,0,0,1
S01010903,455,234,123,56,34,6,6,0,0
S01010904,311,154,92,38,22,5,0,0,0
S01010905,545,205,195,80,52,9,3,0,0
S01010906,412,113,124,94,60,18,1,0,1
S01010907,266,40,98,56,57,9,1,1,0
S01010908,307,121,93,41,32,18,3,0,0
S01010909,272,95,109,33,25,11,0,0,0
S01010910,240,126,48,34,14,5,7,8,0
S01010911,373,251,83,30,7,0,0,0,0
S01010912,359,198,94,43,14,7,2,0,0
S01010913,327,140,97,46,34,8,1,0,0
S01010914,228,58,75,51,23,10,4,0,0
S01010915,259,47,95,61,38,16,1,0,0
S01010916,182,92,50,23,11,6,0,0,0
S01010917,262,114,89,32,20,2,2,0,0
S01010918,315,139,100,41,25,11,0,0,0
S01010919,317,100,108,55,37,13,0,0,0
S01010920,326,94,117,54,40,15,2,0,0
S01010921,257,81,80,45,25,24,2,0,0
S01010922,389,138,131,70,34,11,5,1,0
S01010923,385,150,125,57,34,15,0,2,0
S01010924,242,95,67,31,29,11,3,2,0
S01010925,314,132,94,59,19,6,2,2,1
S01010926,373,131,111,72,44,11,4,1,0
S01010927,253,75,91,42,27,7,3,0,0
S01010928,285,79,77,57,46,16,11,0,0
S01010929,254,56,86,50,40,10,2,0,2
S01010930,364,73,161,71,46,10,2,0,1
S01010931,433,121,137,72,79,20,3,1,0
S01010932,333,119,118,39,42,11,6,0,0
S01010933,493,86,180,98,99,21,6,3,0
S01010934,423,107,193,58,44,20,0,0,1
S01010935,325,137,109,30,36,9,1,0,0
S01010936,390,232,114,31,10,6,0,0,0
S01010937,333,117,126,43,39,10,4,0,0
S01010938,379,135,117,64,41,15,2,1,1
S01010939,197,38,84,41,34,2,1,0,0
S01010940,265,63,121,33,38,8,2,0,0
S01010941,320,64,136,65,41,15,2,2,0
S01010942,265,63,107,52,41,4,3,0,0
S01010943,250,73,86,36,40,13,6,1,0
S01010944,285,137,85,30,28,10,0,1,0
S01010945,239,77,67,41,38,9,3,4,0
S01010946,385,114,147,60,41,17,3,1,0
S01010947,230,80,80,34,25,8,2,1,0
S01010948,279,84,101,56,26,9,2,0,0
S01010949,341,66,148,55,56,15,1,0,0
S01010950,355,116,142,54,35,9,0,0,1
S01010951,284,74,104,52,32,16,1,1,0
S01010952,196,39,81,41,30,4,0,0,1
S01010953,225,62,87,42,27,5,2,0,0
S01010954,226,55,95,36,30,5,1,0,0
S01010955,745,107,278,136,157,46,11,5,3
S01010956,814,191,294,146,149,26,4,4,0
S01010957,230,62,102,25,24,15,0,0,0
S01010958,226,84,91,23,21,10,0,0,1
S01010959,307,132,92,36,32,14,0,1,0
S01010960,498,125,161,94,77,32,4,1,4
S01010961,262,79,93,47,31,7,1,0,0
S01010962,330,176,118,24,11,3,1,0,0
S01010963,376,121,124,59,55,16,1,0,0
S01010964,295,69,127,44,37,14,4,0,0
S01010965,214,82,76,35,16,5,3,0,0
S01010966,319,107,104,63,35,7,0,1,0
S01010967,305,115,107,43,29,10,3,0,0
S01010968,302,95,121,42,38,5,0,0,0
S01010969,345,134,133,42,24,5,3,1,0
S01010970,469,153,157,71,52,28,2,0,2
S01010971,409,79,161,83,53,27,2,1,0
S01010972,329,95,121,60,40,7,0,3,0
S01010973,200,51,78,38,20,11,1,0,1
S01010974,323,92,129,56,31,16,0,1,0
S01010975,186,52,73,39,14,8,2,0,2
S01010976,206,72,75,31,20,4,1,0,0
S01010977,300,88,127,48,26,6,0,0,0
S01010978,347,149,91,56,32,16,1,0,1
S01010979,348,95,104,61,62,20,8,0,0
S01010980,345,150,103,34,40,12,1,0,0
S01010981,346,128,125,40,35,16,2,0,0
S01010982,451,100,197,82,53,12,5,0,0
S01010983,375,146,148,50,24,7,0,0,0
S01010984,301,84,130,46,34,6,2,0,0
S01010985,242,57,66,61,41,10,4,2,0
S01010986,182,31,57,32,49,14,2,0,0
S01010987,218,35,77,53,41,15,0,0,0
S01010988,208,25,73,49,43,14,1,0,0
S01010989,396,92,115,65,95,24,1,2,0
S01010990,316,69,119,60,46,17,3,0,3
S01010991,1333,194,368,282,356,93,24,8,6
S01010992,188,20,57,44,50,15,0,0,1
S01010993,250,67,106,41,28,8,4,0,2
S01010994,595,128,229,102,100,32,4,4,0
S01010995,290,62,142,41,35,7,0,0,0
S01010996,231,61,107,33,24,5,0,0,0
S01010997,285,79,132,35,30,6,2,0,0
S01010998,313,60,118,63,57,13,0,0,0
S01010999,470,167,190,48,55,6,2,0,1
S01011000,1127,228,402,230,212,44,5,2,0
S01011001,274,86,102,46,25,8,3,3,0
S01011002,305,93,101,62,40,7,0,0,0
S01011003,278,70,90,56,46,13,3,1,0
S01011004,276,67,119,39,33,10,5,4,0
S01011005,352,138,127,47,33,7,0,0,0
S01011006,840,211,257,175,146,37,10,2,3
S01011007,278,78,81,63,46,7,3,2,1
S01011008,365,98,149,44,49,18,3,5,1
S01011009,207,63,83,40,19,2,1,0,0
S01011010,339,206,98,13,17,5,0,0,0
S01011011,427,210,121,52,35,6,2,1,0
S01011012,319,119,78,50,53,14,1,5,0
S01011013,384,108,159,61,33,12,5,0,0
S01011014,364,135,142,48,31,2,3,0,0
S01011015,192,72,82,22,14,3,2,0,0
S01011016,661,120,186,141,160,44,7,3,0
S01011017,605,105,242,108,93,45,8,3,1
S01011018,365,105,155,55,36,10,2,1,1
S01011019,537,104,184,88,116,35,8,0,0
S01011020,519,69,214,116,92,24,4,0,0
S01011021,347,113,91,50,60,23,6,8,0
S01011022,245,53,85,49,39,12,2,4,1
S01011023,367,105,143,51,46,17,1,3,0
S01011024,301,85,88,59,41,17,8,0,1
S01011025,274,83,87,47,35,13,10,1,3
S01011026,234,76,68,43,27,12,1,2,0
S01011027,428,168,93,83,52,20,10,0,3
S01011028,414,154,120,68,57,15,4,1,0
S01011029,269,84,96,41,31,14,4,0,0
S01011030,361,93,146,73,42,6,2,1,0
S01011031,413,143,121,71,56,15,6,0,0
S01011032,344,110,142,45,31,13,0,0,1
S01011033,276,91,124,28,24,6,3,0,0
S01011034,329,153,111,36,24,5,0,0,0
S01011035,251,67,88,41,42,10,1,0,0
S01011036,288,102,109,39,27,9,0,2,0
S01011037,567,182,164,99,73,30,7,3,4
S01011038,373,92,105,73,64,26,4,1,2
S01011039,598,226,186,105,58,23,3,1,0
S01011040,290,69,94,52,49,18,5,0,3
S01011041,230,45,66,52,42,15,7,1,2
S01011042,328,91,121,59,42,12,2,1,0
S01011043,335,113,99,60,41,11,7,2,0
S01011044,309,127,91,45,28,10,1,5,4
S01011045,304,114,118,39,22,10,1,0,0
S01011046,372,95,175,53,31,15,6,0,1
S01011047,412,115,172,59,40,15,8,0,2
S01011048,439,187,159,46,31,12,4,0,0
S01011049,319,123,117,33,34,6,3,3,0
S01011050,254,64,107,41,26,7,3,0,0
S01011051,482,164,207,56,38,14,4,0,0
S01011052,365,147,135,38,36,8,1,0,0
S01011053,287,134,87,32,24,10,0,0,0
S01011054,244,93,87,34,25,8,0,2,0
S01011055,224,66,89,33,30,2,3,1,0
S01011056,311,80,130,39,37,15,4,3,3
S01011057,248,86,88,36,27,11,0,0,0
S01011058,269,63,122,40,30,16,1,0,0
S01011059,268,91,108,23,35,5,4,0,0
S01011060,381,185,111,41,31,10,3,1,0
S01011061,435,207,142,49,26,7,1,3,0
S01011062,441,183,149,57,37,6,7,1,0
S01011063,497,205,163,52,61,15,3,0,0
S01011064,474,204,164,52,32,16,3,0,1
S01011065,310,99,131,39,32,7,3,0,0
S01011066,201,70,87,24,17,0,1,0,0
S01011067,238,103,98,20,12,3,0,0,0
S01011068,226,73,93,28,19,7,4,2,0
S01011069,227,87,81,33,16,6,4,0,0
S01011070,231,77,97,21,25,6,1,0,0
S01011071,325,85,164,44,21,9,2,0,0
S01011072,573,167,199,91,71,32,12,0,0
S01011073,296,78,123,42,38,9,5,0,0
S01011074,284,100,101,36,39,10,1,0,0
S01011075,293,101,109,37,34,6,6,0,0
S01011076,373,172,118,38,30,9,5,0,0
S01011077,365,139,136,51,32,7,0,0,0
S01011078,725,187,265,98,126,34,9,3,3
S01011079,493,191,163,64,55,12,4,0,2
S01011080,473,209,165,40,48,8,3,0,0
S01011081,344,126,122,44,39,10,1,1,0
S01011082,272,157,62,26,21,4,0,1,0
S01011083,359,111,158,46,32,10,2,0,0
S01011084,327,91,155,41,35,6,0,1,0
S01011085,387,111,187,44,34,7,2,0,0
S01011086,356,93,147,53,42,15,6,0,0
S01011087,263,104,95,37,20,2,3,0,0
S01011088,466,194,159,60,39,13,3,0,1
S01011089,316,124,124,35,24,6,0,0,0
S01011090,408,102,168,58,50,21,7,2,0
S01011091,275,68,142,26,23,11,4,0,0
S01011092,276,108,90,39,28,10,1,0,1
S01011093,1251,306,437,212,227,57,8,2,0
S01011094,439,65,176,79,96,23,3,0,0
S01011095,355,75,176,51,32,19,3,0,0
S01011096,446,119,132,74,88,22,8,4,0
S01011097,311,66,150,45,35,6,6,1,1
S01011098,350,138,139,40,35,1,0,0,0
S01011099,365,134,140,53,26,9,5,0,0
S01011100,205,81,77,25,15,3,2,0,0
S01011101,231,82,75,39,27,6,1,1,0
S01011102,265,129,89,32,11,1,1,0,0
S01011103,238,125,72,20,18,5,0,0,0
S01011104,288,146,93,22,22,5,0,0,0
S01011105,473,252,160,32,28,1,0,0,0
S01011106,367,99,119,76,40,22,4,0,4
S01011107,437,121,125,84,78,24,3,1,0
S01011108,238,92,88,38,9,6,4,2,1
S01011109,339,154,135,30,12,6,0,1,0
S01011110,312,146,94,40,25,8,4,0,0
S01011111,388,166,107,63,38,5,3,1,1
S01011112,265,57,82,67,54,10,1,0,0
S01011113,423,165,152,63,27,12,2,0,0
S01011114,294,78,130,46,25,11,1,0,1
S01011115,371,146,119,56,35,10,0,2,1
S01011116,296,109,120,42,17,4,3,1,0
S01011117,366,152,128,42,33,13,0,4,0
S01011118,438,187,149,56,40,8,0,0,0
S01011119,426,163,164,49,33,11,3,0,0
S01011120,291,79,128,38,31,11,4,2,0
S01011121,364,254,74,19,15,2,0,0,0
S01011122,297,124,100,32,29,11,0,0,0
S01011123,528,176,189,96,50,12,0,0,0
S01011124,280,79,112,51,34,4,0,0,0
S01011125,218,107,57,29,11,7,4,0,0
S01011126,179,60,60,32,15,12,0,0,0
S01011127,134,7,54,30,32,12,5,0,0
S01011128,374,158,123,41,37,9,3,1,1
S01011129,335,59,133,59,55,23,4,4,0
S01011130,295,153,85,33,12,11,1,0,0
S01011131,308,130,119,28,19,6,1,0,0
S01011132,354,109,144,43,45,12,2,1,0
S01011133,187,58,69,26,24,5,3,0,0
S01011134,404,179,164,32,22,3,1,0,0
S01011135,341,141,125,44,19,6,4,2,0
S01011136,274,116,106,27,20,3,2,0,0
S01011137,180,47,61,32,23,8,4,4,1
S01011138,249,70,76,47,40,12,2,0,2
S01011139,324,75,94,62,65,19,3,1,0
S01011140,230,88,74,33,18,10,1,0,1
S01011141,228,80,84,29,30,6,0,0,1
S01011142,341,81,148,57,42,6,3,0,0
S01011143,460,142,175,57,54,23,5,0,0
S01011144,254,75,89,33,32,13,6,1,0
S01011145,306,76,149,48,25,6,1,1,0
S01011146,346,121,131,42,38,13,2,0,0
S01011147,437,178,161,49,35,11,5,0,0
S01011148,335,106,150,37,36,4,1,0,0
S01011149,310,110,116,34,30,12,3,3,0
S01011150,352,85,103,58,67,31,7,0,0
S01011151,212,58,63,36,36,15,3,1,0
S01011152,292,128,117,24,17,7,1,0,0
S01011153,456,232,142,39,32,8,2,0,0
S01011154,307,203,72,14,12,7,0,0,0
S01011155,348,186,85,41,24,11,1,0,0
S01011156,243,94,105,21,15,6,1,0,1
S01011157,280,116,122,24,21,0,1,0,0
S01011158,273,81,115,39,31,8,0,0,0
S01011159,350,202,100,18,16,8,1,0,0
S01011160,377,126,151,41,47,11,0,1,0
S01011161,266,87,106,33,28,8,0,2,0
S01011162,196,60,69,28,25,12,3,2,0
S01011163,336,137,112,50,28,7,0,1,0
S01011164,340,109,116,52,44,9,4,3,1
S01011165,364,178,116,39,24,9,1,0,0
S01011166,195,75,86,21,10,3,0,0,0
S01011167,300,58,174,36,21,7,0,0,3
S01011168,564,128,236,91,78,19,10,1,2
S01011169,548,116,207,101,89,24,10,2,1
S01011170,480,160,200,44,59,17,1,3,0
S01011171,450,169,188,45,32,9,4,2,1
S01011172,376,144,145,35,35,10,2,1,1
S01011173,257,77,108,27,30,12,2,1,0
S01011174,211,89,76,24,14,5,2,1,0
S01011175,308,128,101,35,29,8,2,2,0
S01011176,282,113,120,27,20,4,1,1,0
S01011177,376,141,140,48,30,15,1,1,0
S01011178,203,57,80,37,18,7,4,0,0
S01011179,266,105,93,45,17,6,0,0,0
S01011180,302,133,87,44,25,8,5,0,0
S01011181,375,73,181,56,53,11,0,1,0
S01011182,303,65,123,42,54,13,2,0,0
S01011183,223,58,77,44,33,7,0,3,0
S01011184,456,112,164,79,75,19,3,0,2
S01011185,294,101,119,40,29,10,1,0,2
S01011186,462,202,165,57,22,14,1,1,0
S01011187,294,80,142,37,29,2,1,0,0
S01011188,435,163,139,72,47,12,3,0,0
S01011189,351,144,108,44,47,6,1,0,0
S01011190,279,116,97,37,22,7,3,0,0
S01011191,231,83,88,26,23,9,1,1,1
S01011192,282,88,112,42,29,12,3,0,0
S01011193,297,104,102,44,33,11,5,0,0
S01011194,281,104,94,46,19,14,3,1,0
S01011195,312,87,116,50,41,14,5,0,1
S01011196,393,165,107,51,51,8,1,0,0
S01011197,348,108,109,58,53,22,4,0,0
S01011198,274,80,81,51,39,14,4,4,1
S01011199,483,157,175,86,52,13,4,0,0
S01011200,359,150,129,47,28,4,1,0,0
S01011201,288,95,113,41,24,8,2,0,2
S01011202,392,154,148,58,29,8,0,0,0
S01011203,362,150,122,55,28,4,0,0,0
S01011204,235,69,119,27,18,5,1,0,0
S01011205,233,20,57,63,80,10,0,0,1
S01011206,262,62,110,53,34,2,1,0,0
S01011207,329,135,101,49,30,7,3,0,0
S01011208,343,99,134,65,39,7,1,2,0
S01011209,266,89,98,42,30,5,1,1,0
S01011210,248,60,88,51,39,5,0,3,4
S01011211,253,50,97,59,35,7,1,1,0
S01011212,212,54,92,33,22,8,0,0,0
S01011213,480,129,177,85,58,15,7,5,0
S01011214,316,88,104,54,36,24,8,3,0
S01011215,217,82,55,43,21,9,3,0,2
S01011216,253,145,63,21,13,9,1,1,0
S01011217,384,160,120,56,34,15,2,2,0
S01011218,445,124,124,106,60,24,9,1,1
S01011219,323,124,109,49,37,4,0,0,0
S01011220,412,166,136,64,33,14,0,0,0
S01011221,436,171,148,66,36,8,5,1,1
S01011222,360,136,123,52,40,6,2,1,0
S01011223,357,144,114,55,34,7,2,0,0
S01011224,343,170,108,36,22,8,1,1,0
S01011225,340,124,110,55,37,6,3,1,0
S01011226,485,177,186,58,42,15,2,0,0
S01011227,393,229,99,31,19,13,0,2,1
S01011228,475,265,141,46,17,7,1,0,0
S01011229,312,207,65,21,12,5,0,0,0
S01011230,292,133,83,38,18,16,0,1,0
S01011231,290,132,94,36,19,9,0,0,0
S01011232,468,259,150,38,16,4,0,0,0
S01011233,479,122,138,96,82,33,6,1,0
S01011234,483,181,160,74,48,13,4,0,0
S01011235,142,67,41,15,15,0,2,0,0
S01011236,264,152,66,24,11,5,2,0,0
S01011237,335,126,103,62,30,11,1,1,0
S01011238,290,139,83,40,20,1,5,1,0
S01011239,361,226,82,28,18,7,1,0,0
S01011240,441,291,88,40,15,5,0,2,0
S01011241,486,250,146,43,29,14,3,0,1
S01011242,402,192,118,52,24,14,2,0,0
S01011243,550,372,104,48,21,4,2,0,0
S01011244,377,266,77,21,11,2,2,2,0
S01011245,412,225,118,39,18,9,2,2,0
S01011246,530,262,193,49,24,5,0,0,0
S01011247,366,113,168,41,33,4,1,0,0
S01011248,320,89,131,49,36,11,5,0,0
S01011249,307,88,128,49,36,4,1,1,0
S01011250,439,143,125,95,54,18,4,0,0
S01011251,422,147,156,57,38,16,0,1,0
S01011252,335,123,110,57,33,12,0,0,0
S01011253,397,172,105,57,44,19,7,0,1
S01011254,355,75,178,49,37,13,0,2,0
S01011255,270,44,73,73,65,18,3,0,0
S01011256,165,24,52,36,40,11,5,0,1
S01011257,179,66,76,19,11,5,0,0,0
S01011258,194,59,68,28,28,13,0,1,0
S01011259,347,166,111,47,18,6,1,0,0
S01011260,336,122,143,41,25,5,0,0,0
S01011261,367,111,119,62,51,12,8,1,0
S01011262,184,61,67,23,27,4,2,0,0
S01011263,494,129,165,101,81,17,7,0,0
S01011264,258,85,75,43,39,13,4,0,0
S01011265,463,182,140,84,32,15,4,2,5
S01011266,369,118,130,61,46,10,2,2,0
S01011267,252,103,95,24,29,3,0,0,0
S01011268,150,52,63,19,8,5,0,0,0
S01011269,316,206,65,22,19,4,3,0,0
S01011270,337,192,86,39,11,6,1,0,0
S01011271,329,133,110,40,36,12,2,2,0
S01011272,383,205,100,42,24,5,4,0,0
S01011273,332,107,103,70,31,17,3,2,0
S01011274,393,145,127,76,34,10,1,3,0
S01011275,271,79,91,56,25,16,4,2,0
S01011276,407,137,124,82,41,13,6,0,0
S01011277,284,96,122,33,23,10,0,0,0
S01011278,211,81,90,28,10,1,0,0,0
S01011279,317,128,122,36,24,6,1,0,0
S01011280,230,40,118,31,26,10,0,0,0
S01011281,238,56,91,44,32,13,4,0,0
S01011282,351,88,122,63,61,10,4,0,0
S01011283,261,51,76,58,63,13,0,0,0
S01011284,196,15,71,43,55,10,0,0,0
S01011285,301,105,92,48,24,22,12,1,0
S01011286,267,96,81,53,21,9,2,1,2
S01011287,393,129,132,65,46,12,7,2,0
S01011288,346,112,119,70,31,14,3,1,0
S01011289,422,174,142,65,27,18,0,0,0
S01011290,554,206,203,77,43,17,9,0,4
S01011291,382,183,127,48,19,4,2,0,0
S01011292,317,132,102,47,17,13,5,2,0
S01011293,309,123,98,47,25,13,3,0,0
S01011294,504,299,127,36,36,5,2,1,0
S01011295,520,182,212,54,47,20,3,4,0
S01011296,272,120,95,36,9,8,1,2,0
S01011297,320,106,96,54,41,16,6,1,0
S01011298,235,43,69,49,48,23,2,1,0
S01011299,209,38,100,34,17,11,4,0,0
S01011300,409,142,143,67,44,7,3,0,0
S01011301,351,129,130,38,25,26,5,0,0
S01011302,477,294,121,34,18,8,0,0,0
S01011303,452,176,162,56,46,10,4,1,0
S01011304,273,72,84,61,32,19,4,1,0
S01011305,326,102,98,56,51,17,1,1,0
S01011306,276,105,97,48,14,8,0,0,0
S01011307,700,147,309,111,92,32,8,3,0
S01011308,221,65,87,33,28,10,0,1,0
S01011309,337,116,146,44,27,6,1,0,0
S01011310,360,143,126,46,44,8,0,0,0
S01011311,304,84,123,39,43,14,1,0,0
S01011312,480,143,230,48,39,17,1,0,0
S01011313,372,203,109,29,26,4,1,0,0
S01011314,491,185,177,60,51,16,0,0,0
S01011315,168,78,48,27,12,6,1,0,0
S01011316,333,111,110,64,28,23,4,0,0
S01011317,397,160,174,32,21,12,1,0,0
S01011318,517,279,184,22,20,7,3,0,0
S01011319,385,142,168,34,30,10,1,0,0
S01011320,353,214,81,37,21,3,2,0,0
S01011321,301,97,112,50,34,5,1,0,0
S01011322,253,64,87,57,35,8,0,0,0
S01011323,338,112,118,39,47,12,4,4,0
S01011324,295,136,91,31,26,8,3,0,0
S01011325,455,295,102,34,26,2,0,0,0
S01011326,478,338,117,16,5,2,0,0,0
S01011327,385,243,115,18,10,2,0,0,0
S01011328,364,160,131,35,25,10,2,1,0
S01011329,513,225,201,45,30,9,0,1,0
S01011330,349,84,158,54,40,8,4,1,0
S01011331,368,104,174,37,42,10,2,0,0
S01011332,331,116,129,48,30,7,2,0,0
S01011333,405,175,173,27,14,12,4,0,0
S01011334,204,41,91,39,23,8,3,0,0
S01011335,477,154,233,42,38,7,0,0,0
S01011336,281,97,97,40,30,12,1,0,0
S01011337,345,90,193,30,24,5,1,1,0
S01011338,278,69,98,63,28,9,3,0,0
S01011339,236,85,73,36,24,10,2,2,0
S01011340,289,113,75,48,35,9,3,0,0
S01011341,333,148,97,51,27,10,0,0,0
S01011342,358,159,117,32,34,7,8,3,0
S01011343,434,221,124,46,32,7,2,1,0
S01011344,378,134,123,73,37,10,4,0,0
S01011345,348,133,108,68,23,8,3,2,2
S01011346,321,154,92,48,23,3,0,0,0
S01011347,546,290,142,72,40,4,2,0,0
S01011348,407,150,119,60,59,12,3,0,0
S01011349,369,121,135,58,49,9,0,0,0
S01011350,261,75,117,38,21,8,0,0,0
S01011351,342,182,100,30,21,7,1,1,0
S01011352,345,174,108,34,15,11,3,0,0
S01011353,269,96,89,54,25,7,3,0,0
S01011354,298,78,122,50,35,5,4,0,0
S01011355,433,168,155,72,30,7,0,1,0
S01011356,490,146,168,79,63,19,8,0,2
S01011357,343,116,139,45,35,9,0,0,0
S01011358,167,33,59,38,30,6,1,0,0
S01011359,385,172,138,40,28,2,3,0,0
S01011360,227,98,70,25,25,4,1,4,0
S01011361,61,50,11,0,0,0,0,0,0
S01011362,292,53,89,71,59,14,2,1,0
S01011363,399,173,131,59,27,11,0,0,0
S01011364,265,70,94,49,36,15,4,0,0
S01011365,208,27,48,47,60,18,3,1,0
S01011366,239,107,81,31,15,1,0,0,0
S01011367,393,157,129,59,45,5,0,2,0
S01011368,320,48,82,67,99,22,4,0,2
S01011369,356,148,114,56,33,9,0,0,0
S01011370,246,57,62,60,56,12,3,0,1
S01011371,462,242,122,45,43,9,1,0,0
S01011372,388,237,88,31,23,4,4,2,0
S01011373,341,176,94,36,24,5,3,1,0
S01011374,294,80,97,56,51,8,2,1,0
S01011375,283,123,89,18,35,13,0,0,0
S01011376,307,199,67,20,19,0,0,0,0
S01011377,436,91,150,80,87,16,7,0,0
S01011378,363,143,115,56,38,9,2,0,0
S01011379,508,107,184,77,109,24,5,0,0
S01011380,352,169,101,43,30,12,0,0,0
S01011381,325,119,113,44,38,8,3,0,0
S01011382,438,173,137,71,42,14,3,2,0
S01011383,364,211,89,36,25,2,2,0,0
S01011384,316,114,91,64,27,10,7,2,1
S01011385,449,190,128,67,37,19,5,0,4
S01011386,209,38,58,51,31,16,4,6,2
S01011387,348,133,93,51,42,20,8,1,0
S01011388,449,122,142,90,65,20,5,0,0
S01011389,433,231,111,48,26,7,7,0,0
S01011390,313,100,101,62,31,14,5,0,0
S01011391,257,66,82,57,30,20,2,0,0
S01011392,286,98,99,41,39,6,2,2,0
S01011393,388,153,120,53,39,17,5,1,0
S01011394,174,16,41,47,55,11,4,0,0
S01011395,439,227,144,34,22,9,3,0,0
S01011396,411,224,89,40,34,18,2,0,0
S01011397,388,201,87,43,33,18,4,0,0
S01011398,313,134,79,38,41,15,4,3,0
S01011399,256,107,88,39,13,8,0,1,0
S01011400,349,168,96,39,31,13,1,1,0
S01011401,303,110,114,37,28,11,2,0,1
S01011402,506,227,166,62,34,13,5,0,0
S01011403,208,69,63,37,25,9,4,0,1
S01011404,424,212,130,47,25,9,0,0,2
S01011405,284,111,95,39,28,18,2,0,0
S01011406,350,95,104,65,62,22,2,0,0
S01011407,539,200,167,95,59,12,4,3,1
S01011408,370,115,125,70,51,8,1,0,0
S01011409,367,129,110,63,48,15,2,0,0
S01011410,289,119,93,39,32,4,0,0,0
S01011411,286,87,91,53,37,13,4,0,0
S01011412,351,90,147,66,35,9,4,0,0
S01011413,223,69,89,31,31,4,1,1,0
S01011414,367,144,113,51,41,7,5,3,1
S01011415,440,194,142,62,33,7,4,0,2
S01011416,254,62,120,48,16,8,0,0,0
S01011417,445,176,152,54,55,10,1,0,0
S01011418,272,110,102,29,25,5,0,1,0
S01011419,247,92,90,37,21,7,0,0,0
S01011420,277,143,70,35,23,4,0,0,0
S01011421,246,70,75,47,34,13,6,0,0
S01011422,264,84,81,40,41,11,5,0,0
S01011423,215,72,56,34,33,15,6,0,0
S01011424,230,67,76,36,37,13,2,0,0
S01011425,331,98,97,60,44,28,4,2,1
S01011426,473,66,139,91,133,42,5,0,0
S01011427,243,89,83,39,30,2,0,0,0
S01011428,296,141,97,31,19,5,4,0,0
S01011429,255,54,102,41,38,11,4,2,0
S01011430,393,145,133,42,54,13,4,2,0
S01011431,525,226,166,85,36,14,1,0,0
S01011432,466,175,158,53,50,21,2,0,3
S01011433,371,126,98,70,53,24,3,0,0
S01011434,258,87,87,47,31,7,0,0,0
S01011435,453,119,177,66,71,17,2,0,0
S01011436,350,172,93,45,31,3,6,0,1
S01011437,350,165,95,45,29,12,1,0,0
S01011438,228,97,69,32,17,5,9,0,0
S01011439,442,144,148,85,50,10,4,0,1
S01011440,271,110,99,36,17,3,5,0,0
S01011441,334,106,122,54,36,10,3,3,0
S01011442,355,134,115,62,31,9,4,3,0
S01011443,286,114,87,52,15,12,2,0,0
S01011444,311,107,84,60,40,15,3,0,0
S01011445,233,111,65,31,18,6,0,1,0
S01011446,741,137,228,166,149,41,13,3,0
S01011447,364,111,126,66,44,11,9,0,0
S01011448,327,116,128,36,33,11,2,1,0
S01011449,262,136,68,31,24,5,0,0,0
S01011450,250,67,76,45,42,7,7,4,1
S01011451,1208,168,414,290,238,73,11,7,7
S01011452,409,151,138,50,42,20,2,1,0
S01011453,304,110,86,54,37,19,3,0,0
S01011454,349,137,102,68,24,10,5,3,0
S01011455,317,116,115,52,16,9,7,1,0
S01011456,348,123,111,48,38,18,6,4,2
S01011457,353,110,120,58,37,19,6,0,0
S01011458,472,73,173,100,96,22,1,2,0
S01011459,469,133,145,97,54,27,5,4,1
S01011460,192,32,75,46,28,11,5,0,1
S01011461,338,138,95,54,39,12,0,0,0
S01011462,434,165,136,58,55,16,4,0,0
S01011463,582,144,171,115,111,31,3,7,3
S01011464,215,56,50,38,47,17,5,2,0
S01011465,292,95,80,56,40,11,6,1,0
S01011466,369,166,83,46,57,13,4,0,0
S01011467,235,89,62,32,31,20,0,0,0
S01011468,310,54,72,66,79,26,7,4,0
S01011469,303,87,72,50,53,28,6,4,4
S01011470,488,162,153,77,60,24,11,2,0
S01011471,461,211,149,48,35,13,3,0,0
S01011472,267,102,88,30,23,17,4,0,0
S01011473,453,283,118,30,21,5,0,0,0
S01011474,455,305,99,22,16,9,3,0,2
S01011475,416,249,117,24,19,5,4,0,0
S01011476,177,44,78,27,22,2,0,0,0
S01011477,347,82,149,52,48,9,1,2,0
S01011478,532,148,183,83,88,21,9,0,0
S01011479,567,215,209,79,53,9,0,0,0
S01011480,460,172,158,62,52,9,8,1,1
S01011481,388,130,108,60,75,14,1,0,0
S01011482,430,168,127,73,40,20,4,0,0
S01011483,217,71,78,36,26,4,1,2,0
S01011484,384,133,121,60,48,16,2,4,0
S01011485,361,89,102,77,56,23,9,1,0
S01011486,233,75,61,50,38,11,2,0,0
S01011487,383,123,121,60,64,7,8,1,0
S01011488,328,81,104,77,43,20,0,1,0
S01011489,264,50,74,59,59,18,4,0,0
S01011490,474,186,154,77,37,12,6,0,0
S01011491,240,133,58,35,10,5,2,0,0
S01011492,352,171,71,51,34,16,4,3,2
S01011493,170,34,51,33,38,11,1,0,0
S01011494,326,122,92,59,32,21,3,0,1
S01011495,356,117,110,61,37,26,2,4,1
S01011496,298,114,79,59,25,15,6,0,0
S01011497,291,86,105,51,32,13,1,1,2
S01011498,228,45,81,47,42,7,5,0,0
S01011499,385,171,118,52,34,9,0,0,0
S01011500,219,88,86,24,19,7,1,0,0
S01011501,339,176,85,43,25,4,3,0,0
S01011502,300,90,110,61,23,11,5,0,0
S01011503,250,64,96,37,36,14,3,0,0
S01011504,381,103,127,67,57,23,4,0,0
S01011505,341,142,105,57,29,4,2,0,0
S01011506,221,82,71,32,29,3,1,0,0
S01011507,291,102,86,45,39,12,1,0,0
S01011508,431,197,112,58,47,12,1,0,0
S01011509,240,70,85,45,28,11,1,0,0
S01011510,418,137,120,82,46,21,10,4,1
S01011511,254,101,85,40,18,4,5,0,0
S01011512,453,235,116,56,30,11,3,0,0
S01011513,349,147,93,56,29,19,4,0,0
S01011514,341,80,99,64,56,32,6,1,4
S01011515,266,146,74,31,16,2,1,0,0
S01011516,385,123,141,71,34,14,4,0,0
S01011517,224,73,69,36,35,6,3,0,0
S01011518,299,123,68,52,38,12,4,2,0
S01011519,306,90,111,62,35,10,1,0,1
S01011520,297,113,84,47,29,19,4,1,0
S01011521,448,196,123,61,43,18,0,4,0
S01011522,457,242,111,52,36,10,2,0,0
S01011523,342,142,115,47,26,11,2,1,0
S01011524,364,141,136,50,29,7,2,0,0
S01011525,337,82,130,56,53,13,4,0,0
S01011526,416,136,140,58,54,27,0,0,0
S01011527,289,85,121,43,29,7,3,0,1
S01011528,488,227,166,51,32,11,1,0,0
S01011529,295,152,72,39,23,7,4,0,0
S01011530,478,218,145,60,36,17,3,1,0
S01011531,462,145,145,80,56,28,2,1,0
S01011532,221,31,78,48,46,17,2,1,0
S01011533,340,143,107,41,26,21,0,0,0
S01011534,344,122,103,64,42,10,1,2,0
S01011535,511,239,136,51,61,17,3,2,0
S01011536,264,81,86,49,33,7,3,0,1
S01011537,241,90,91,34,22,3,2,0,0
S01011538,308,91,110,44,43,14,4,2,0
S01011539,304,110,77,67,29,14,6,1,0
S01011540,450,147,127,97,54,19,4,1,0
S01011541,475,139,146,91,70,20,7,0,2
S01011542,420,131,143,76,46,15,5,0,0
S01011543,329,117,97,55,37,11,6,2,1
S01011544,291,113,78,53,34,8,0,1,0
S01011545,332,102,108,66,46,8,2,0,0
S01011546,233,32,71,55,52,18,2,1,0
S01011547,209,57,63,43,32,6,3,1,0
S01011548,337,116,99,62,43,17,4,0,0
S01011549,290,81,116,43,33,13,1,0,0
S01011550,266,65,116,40,36,8,2,0,0
S01011551,215,49,73,34,40,10,3,3,3
S01011552,253,68,90,40,39,9,1,2,0
S01011553,263,25,62,56,78,37,1,0,3
S01011554,426,142,131,76,51,18,7,1,0
S01011555,231,72,83,35,28,10,2,0,0
S01011556,236,118,61,33,13,6,2,0,0
S01011557,281,79,91,61,33,16,2,0,1
S01011558,236,63,73,49,37,7,5,0,0
S01011559,203,68,57,38,27,9,4,0,0
S01011560,323,111,99,63,32,12,2,2,0
S01011561,293,62,90,60,48,24,9,0,0
S01011562,350,136,79,68,47,14,6,0,0
S01011563,280,71,81,64,51,7,5,1,0
S01011564,395,120,118,76,63,11,5,2,0
S01011565,355,106,109,68,47,15,7,4,1
S01011566,339,106,117,68,29,9,7,2,1
S01011567,435,181,133,62,44,16,1,4,0
S01011568,285,78,87,59,48,13,0,0,0
S01011569,340,69,117,79,54,16,6,0,1
S01011570,314,132,100,37,29,9,4,3,0
S01011571,382,254,82,34,9,4,0,3,0
S01011572,326,161,91,33,21,7,2,5,0
S01011573,508,216,139,60,64,16,8,0,1
S01011574,288,68,99,65,41,10,6,2,0
S01011575,209,62,54,45,28,17,1,0,0
S01011576,351,187,79,42,26,13,1,1,1
S01011577,325,147,90,49,29,9,2,0,0
S01011578,305,122,95,58,22,10,1,0,0
S01011579,387,76,148,71,69,17,9,2,0
S01011580,299,65,84,67,53,30,3,0,0
S01011581,399,252,86,32,22,4,4,2,0
S01011582,498,178,166,68,61,19,7,1,0
S01011583,355,177,97,47,28,5,2,0,1
S01011584,307,120,96,39,35,14,3,0,1
S01011585,297,124,84,43,29,10,3,3,1
S01011586,289,119,97,37,27,11,3,1,0
S01011587,238,63,77,37,28,22,6,0,3
S01011588,293,82,83,52,53,18,7,0,2
S01011589,329,85,110,65,50,13,6,0,0
S01011590,278,82,81,55,40,12,11,0,0
S01011591,256,103,68,53,23,9,0,1,0
S01011592,317,167,82,45,14,4,0,0,2
S01011593,289,120,87,45,27,4,0,1,1
S01011594,210,88,73,27,15,7,4,2,2
S01011595,290,152,76,32,24,6,3,0,1
S01011596,652,361,179,58,36,13,4,0,1
S01011597,258,118,88,27,15,8,0,2,0
S01011598,0,0,0,0,0,0,0,0,0
S01011599,381,151,120,59,36,9,5,3,1
S01011600,371,196,124,41,12,5,0,0,0
S01011601,314,69,134,62,38,5,6,0,0
S01011602,531,128,167,121,81,25,6,2,0
S01011603,458,247,111,43,39,11,6,2,0
S01011604,172,55,60,31,24,2,0,0,0
S01011605,385,137,118,67,49,15,3,0,0
S01011606,358,45,103,92,86,19,12,0,1
S01011607,246,69,88,41,30,13,4,0,0
S01011608,355,73,131,61,63,23,4,0,0
S01011609,425,203,113,56,28,18,2,2,0
S01011610,362,150,88,55,53,14,2,0,0
S01011611,419,97,144,79,77,16,3,0,0
S01011612,206,16,52,46,64,24,4,0,0
S01011613,347,89,169,48,33,8,1,0,0
S01011614,186,64,56,35,23,9,0,0,0
S01011615,303,112,85,59,22,15,8,3,0
S01011616,215,79,70,24,31,9,0,1,0
S01011617,414,160,139,60,44,9,2,0,0
S01011618,267,89,76,50,33,13,4,2,0
S01011619,400,95,134,74,74,20,3,0,0
S01011620,367,54,119,80,83,22,9,1,0
S01011621,279,57,100,50,44,18,8,4,1
S01011622,233,36,67,49,59,15,6,1,0
S01011623,332,130,85,45,49,13,5,2,2
S01011624,300,92,102,46,41,17,2,1,0
S01011625,236,80,79,35,29,12,0,1,0
S01011626,295,62,114,62,44,9,2,2,0
S01011627,257,47,78,60,50,10,4,2,0
S01011628,441,97,174,78,67,18,5,1,0
S01011629,228,73,78,29,24,16,6,0,0
S01011630,290,86,95,58,43,11,0,1,0
S01011631,250,76,66,43,33,25,2,1,0
S01011632,317,97,104,43,48,16,4,1,0
S01011633,313,133,91,36,31,18,3,1,0
S01011634,204,67,53,44,24,11,2,0,0
S01011635,275,88,90,39,39,16,4,0,0
S01011636,263,78,81,43,41,15,5,2,0
S01011637,289,104,93,47,32,10,0,0,0
S01011638,228,134,69,19,4,2,0,0,0
S01011639,244,103,75,26,21,9,1,3,4
S01011640,278,88,78,48,37,19,4,2,0
S01011641,191,48,90,24,22,8,3,2,0
S01011642,334,102,130,62,37,10,0,1,0
S01011643,351,112,105,57,59,15,5,0,1
S01011644,331,141,94,36,42,16,2,0,0
S01011645,237,82,92,41,9,13,2,0,0
S01011646,256,54,122,47,29,4,0,0,0
S01011647,321,78,122,64,47,10,1,2,0
S01011648,403,103,87,71,104,24,7,1,0
S01011649,245,97,67,47,26,8,3,0,0
S01011650,331,93,114,54,55,9,6,0,0
S01011651,402,166,128,61,34,10,4,0,0
S01011652,290,92,105,45,34,6,4,1,0
S01011653,329,76,104,55,59,26,3,4,2
S01011654,485,267,126,39,32,20,2,0,0
S01011655,457,263,113,44,26,4,2,2,2
S01011656,226,97,63,33,29,6,1,0,0
S01011657,243,142,56,26,13,6,4,1,0
S01011658,339,131,103,56,32,10,5,0,2
S01011659,347,116,104,66,45,10,4,2,0
S01011660,374,123,148,48,43,9,2,0,0
S01011661,238,98,87,34,20,8,1,0,0
S01011662,234,45,87,49,39,13,2,1,0
S01011663,264,87,83,53,27,8,2,2,0
S01011664,407,115,116,81,57,27,8,4,0
S01011665,390,215,112,36,17,3,0,1,1
S01011666,416,220,114,40,31,9,4,2,0
S01011667,346,167,93,46,33,4,1,0,0
S01011668,400,137,130,66,45,14,7,0,0
S01011669,319,135,118,32,29,7,2,0,0
S01011670,217,79,76,29,23,7,3,0,0
S01011671,349,134,117,57,31,7,2,1,0
S01011672,264,107,83,43,19,4,3,0,0
S01011673,281,99,92,55,28,13,1,0,0
S01011674,499,138,128,99,107,22,5,0,0
S01011675,397,140,126,72,47,10,3,3,0
S01011676,299,96,112,43,33,4,1,0,0
S01011677,297,86,94,43,46,20,6,4,0
S01011678,223,94,55,38,21,14,1,4,0
S01011679,229,35,83,57,40,17,0,1,0
S01011680,452,173,127,67,55,19,3,4,0
S01011681,336,91,120,63,32,21,4,0,1
S01011682,209,61,76,37,25,9,3,2,3
S01011683,741,186,217,139,147,41,10,1,0
S01011684,231,86,67,31,30,13,5,1,2
S01011685,277,48,90,47,63,21,6,0,2
S01011686,375,107,163,55,42,7,1,0,0
S01011687,402,163,133,59,33,13,3,1,0
S01011688,527,92,169,136,102,20,4,2,2
S01011689,351,41,116,63,95,30,3,0,0
S01011690,387,98,116,76,71,20,5,1,0
S01011691,267,61,71,47,56,25,7,2,1
S01011692,445,148,130,83,56,20,6,1,0
S01011693,352,122,119,63,36,10,4,0,0
S01011694,201,37,60,45,42,12,1,1,0
S01011695,1276,169,444,314,274,65,12,1,1
S01011696,350,30,98,80,102,31,9,0,0
S01011697,421,108,116,78,80,26,5,2,0
S01011698,405,128,130,65,58,18,6,0,0
S01011699,515,143,200,79,77,7,4,2,0
S01011700,337,136,122,36,28,9,3,0,3
S01011701,434,141,163,67,42,14,5,0,0
S01011702,301,110,114,37,33,5,3,0,0
S01011703,632,120,202,129,148,25,7,1,0
S01011704,257,65,73,44,55,15,5,0,0
S01011705,323,96,84,70,53,15,3,1,0
S01011706,462,200,138,59,40,21,1,3,0
S01011707,362,68,127,83,64,14,6,0,0
S01011708,437,174,140,63,46,12,2,0,0
S01011709,482,103,170,111,70,20,8,0,0
S01011710,216,72,66,37,31,11,4,0,0
S01011711,318,158,75,52,22,9,2,0,0
S01011712,330,161,100,41,22,5,3,0,0
S01011713,354,119,150,46,30,9,3,0,0
S01011714,164,33,42,34,43,9,0,0,0
S01011715,269,117,79,43,23,5,0,0,0
S01011716,333,97,97,70,53,16,2,0,0
S01011717,292,86,124,50,28,0,0,0,1
S01011718,269,44,69,57,86,12,1,0,0
S01011719,240,40,92,50,45,13,0,0,0
S01011720,194,51,78,29,28,5,2,1,0
S01011721,341,118,113,53,37,17,0,0,1
S01011722,363,137,118,45,44,13,2,3,1
S01011723,444,122,158,80,67,13,0,0,0
S01011724,291,72,105,44,54,15,2,1,0
S01011725,217,34,88,46,33,12,1,1,0
S01011726,218,38,92,40,35,7,1,1,0
S01011727,264,38,65,40,76,30,9,7,1
S01011728,400,155,117,60,43,18,5,0,0
S01011729,278,97,93,34,41,10,4,1,0
S01011730,415,184,164,43,23,4,1,0,0
S01011731,346,113,112,63,36,14,5,1,0
S01011732,298,71,139,47,30,6,1,0,0
S01011733,322,100,123,37,46,11,2,0,0
S01011734,327,117,96,52,41,13,2,2,0
S01011735,280,65,116,44,42,14,1,0,0
S01011736,299,107,89,49,31,16,1,3,0
S01011737,301,124,78,42,28,20,4,1,4
S01011738,486,197,153,74,43,15,6,1,0
S01011739,292,102,80,57,33,17,4,0,0
S01011740,349,128,107,47,35,8,11,11,2
S01011741,313,114,97,55,30,18,2,0,0
S01011742,337,123,107,52,38,14,3,0,0
S01011743,367,159,118,51,31,7,0,1,0
S01011744,484,209,181,55,27,6,2,0,0
S01011745,448,224,130,57,26,7,4,0,0
S01011746,217,69,60,29,33,11,10,1,0
S01011747,386,137,107,61,51,21,7,3,0
S01011748,296,96,91,48,37,10,6,7,0
S01011749,264,109,67,31,27,14,13,4,2
S01011750,424,198,118,55,35,14,4,0,0
S01011751,324,142,107,39,28,4,5,0,0
S01011752,448,195,140,59,41,10,1,1,0
S01011753,415,169,154,48,30,13,1,0,0
S01011754,366,150,122,59,30,8,1,0,0
S01011755,438,193,138,63,34,14,0,0,0
S01011756,442,195,120,61,42,20,6,0,0
S01011757,350,156,94,47,38,10,2,0,0
S01011758,225,61,71,41,31,14,1,0,0
S01011759,333,101,129,37,49,17,4,2,0
S01011760,422,181,134,56,32,11,3,5,0
S01011761,271,76,93,43,37,13,6,3,0
S01011762,296,125,85,51,25,7,0,0,3
S01011763,345,127,113,52,45,9,2,0,0
S01011764,131,25,58,23,19,7,1,1,0
S01011765,366,87,149,63,52,12,4,0,0
S01011766,223,38,101,35,41,9,0,4,0
S01011767,397,176,134,48,26,6,4,0,2
S01011768,396,179,116,51,34,12,3,0,0
S01011769,326,146,117,40,25,4,0,1,0
S01011770,410,180,142,45,32,6,3,2,0
S01011771,235,42,93,48,41,15,0,2,0
S01011772,382,63,168,76,48,20,3,3,1
S01011773,194,25,67,55,45,5,1,0,0
S01011774,345,95,107,64,62,10,3,1,0
S01011775,244,40,79,62,48,10,2,0,0
S01011776,323,22,72,89,91,37,13,2,0
S01011777,260,77,86,55,33,6,1,0,0
S01011778,266,84,85,36,47,12,5,0,0
S01011779,317,96,123,45,37,12,2,0,0
S01011780,334,50,156,50,58,13,6,1,0
S01011781,203,44,79,42,26,11,1,0,0
S01011782,249,60,114,43,20,8,1,0,0
S01011783,200,46,100,30,27,4,0,0,0
S01011784,381,148,118,60,46,5,3,0,2
S01011785,350,113,127,56,34,15,2,0,0
S01011786,126,4,24,26,40,27,5,2,0
S01011787,466,185,138,61,45,32,3,1,0
S01011788,225,21,78,49,50,23,4,3,4
S01011789,977,161,333,199,224,46,6,4,0
S01011790,554,141,210,87,85,24,7,2,0
S01011791,324,132,109,45,26,16,0,0,0
S01011792,598,353,153,44,35,11,1,0,0
S01011793,503,184,145,70,77,22,7,2,1
S01011794,401,170,130,55,30,14,2,0,0
S01011795,299,158,90,25,16,5,3,0,0
S01011796,407,191,114,53,33,9,3,1,0
S01011797,388,86,167,61,56,14,1,1,2
S01011798,240,81,78,46,27,8,1,0,2
S01011799,358,81,167,53,47,16,1,0,0
S01011800,250,87,85,39,34,10,1,0,0
S01011801,230,80,68,38,23,15,3,3,0
S01011802,319,141,80,51,38,8,0,0,0
S01011803,316,92,103,54,40,18,6,4,0
S01011804,369,203,110,27,22,8,2,0,0
S01011805,283,130,110,21,15,4,1,0,0
S01011806,404,152,142,49,39,17,4,1,0
S01011807,489,151,196,67,57,17,2,0,0
S01011808,345,147,99,39,43,17,1,0,0
S01011809,360,109,153,49,38,8,5,0,0
S01011810,440,144,173,49,48,21,6,0,0
S01011811,436,128,186,59,46,17,5,2,0
S01011812,285,75,128,35,34,9,3,0,0
S01011813,361,118,131,57,42,11,0,1,0
S01011814,351,104,132,48,38,22,5,4,0
S01011815,427,109,138,76,75,25,5,1,0
S01011816,330,82,130,47,46,23,3,0,0
S01011817,570,164,213,81,70,24,11,3,0
S01011818,480,198,184,42,42,10,7,0,0
S01011819,420,193,147,49,22,5,0,2,0
S01011820,410,175,131,55,29,16,0,2,1
S01011821,191,118,43,17,13,3,0,0,0
S01011822,406,286,81,20,16,3,0,0,0
S01011823,297,116,108,29,34,10,2,0,0
S01011824,307,128,102,34,27,8,3,2,0
S01011825,265,116,97,30,13,5,0,0,0
S01011826,323,146,102,42,26,4,2,0,0
S01011827,284,145,102,18,11,6,2,1,0
S01011828,460,167,179,36,49,23,3,2,2
S01011829,218,74,93,18,25,7,0,0,0
S01011830,289,123,110,26,14,12,4,0,0
S01011831,445,170,189,46,19,7,6,1,3
S01011832,384,144,158,41,27,11,3,2,0
S01011833,386,74,185,63,52,11,4,0,0
S01011834,441,97,153,79,84,25,3,0,0
S01011835,362,70,167,60,46,15,3,1,0
S01011836,347,83,153,36,52,22,4,0,1
S01011837,262,57,127,28,34,13,1,0,1
S01011838,433,115,188,60,56,13,0,1,0
S01011839,432,141,184,45,59,5,2,0,0
S01011840,512,151,206,66,67,17,4,4,0
S01011841,420,149,157,55,47,9,4,0,0
S01011842,503,237,149,55,44,14,0,0,0
S01011843,529,113,234,88,63,24,6,1,0
S01011844,375,78,154,57,66,19,1,0,0
S01011845,399,141,147,37,54,16,3,0,1
S01011846,441,138,171,60,61,12,5,0,0
S01011847,189,31,95,34,22,3,0,0,0
S01011848,312,87,129,48,39,9,0,0,0
S01011849,433,123,150,78,60,17,3,0,0
S01011850,554,129,227,80,82,29,6,2,0
S01011851,358,125,128,54,27,16,10,1,0
S01011852,496,216,154,67,47,10,2,0,0
S01011853,376,127,137,52,41,13,0,0,0
S01011854,392,136,178,44,32,4,1,0,0
S01011855,379,137,136,57,39,9,1,1,0
S01011856,311,80,154,29,32,10,2,0,0
S01011857,292,85,116,42,29,9,6,3,2
S01011858,435,144,199,54,32,8,2,0,0
S01011859,441,175,177,46,34,4,2,0,0
S01011860,200,54,92,27,20,3,0,2,1
S01011861,330,119,128,33,34,9,2,2,0
S01011862,440,138,217,46,31,10,2,0,0
S01011863,332,119,128,34,40,11,4,0,0
S01011864,349,94,150,49,46,8,2,0,0
S01011865,280,104,113,31,23,7,3,1,0
S01011866,350,109,131,51,40,8,3,0,0
S01011867,455,184,123,69,58,21,3,0,2
S01011868,437,215,131,40,36,10,3,3,2
S01011869,423,212,137,39,23,14,2,2,0
S01011870,346,145,105,48,25,16,2,3,0
S01011871,845,169,347,153,126,42,8,0,0
S01011872,383,85,182,39,53,20,5,0,0
S01011873,350,93,165,45,37,9,0,2,0
S01011874,283,75,123,41,31,9,2,0,0
S01011875,327,116,116,46,30,12,5,1,0
S01011876,428,128,180,63,41,14,2,2,0
S01011877,267,95,116,28,17,10,0,0,0
S01011878,757,141,288,152,126,41,4,0,0
S01011879,241,46,112,41,33,6,1,1,0
S01011880,257,65,106,42,32,11,1,0,0
S01011881,422,162,125,49,68,12,2,0,0
S01011882,462,186,171,56,38,8,2,0,0
S01011883,578,137,231,107,89,14,2,1,0
S01011884,196,37,92,42,22,5,3,0,0
S01011885,293,70,105,54,49,12,3,0,0
S01011886,348,94,144,57,41,8,1,2,0
S01011887,226,52,70,53,32,11,8,3,0
S01011888,376,135,108,70,52,7,1,1,0
S01011889,414,176,140,41,47,7,2,0,0
S01011890,284,87,102,46,40,9,0,0,0
S01011891,382,206,96,39,32,5,1,1,0
S01011892,471,228,146,54,35,11,1,0,0
S01011893,573,262,194,64,25,18,2,2,0
S01011894,305,132,94,46,26,5,0,1,0
S01011895,261,82,116,29,24,10,0,0,0
S01011896,422,162,155,46,49,9,0,2,0
S01011897,463,128,184,68,63,13,5,2,0
S01011898,305,83,120,47,43,7,3,0,0
S01011899,355,121,151,41,34,7,1,0,0
S01011900,301,68,131,40,49,12,4,0,0
S01011901,407,134,164,50,38,18,3,0,0
S01011902,462,143,191,62,54,11,3,0,2
S01011903,382,117,156,51,43,8,6,0,1
S01011904,315,93,131,35,38,17,0,0,0
S01011905,280,56,124,46,39,12,4,0,0
S01011906,200,74,90,20,14,2,0,0,0
S01011907,335,123,134,42,34,3,0,2,0
S01011908,326,74,142,61,36,12,1,0,0
S01011909,424,114,125,93,74,16,0,0,0
S01011910,399,167,119,67,30,14,3,2,0
S01011911,291,96,100,46,38,8,1,0,0
S01011912,314,117,101,58,18,14,6,0,0
S01011913,323,157,92,51,14,6,2,0,0
S01011914,379,131,107,51,55,18,12,2,0
S01011915,340,106,92,79,33,26,7,1,0
S01011916,213,71,65,38,29,6,1,0,0
S01011917,251,94,88,38,19,7,4,1,0
S01011918,373,133,82,77,64,9,2,2,0
S01011919,390,164,131,45,35,10,4,1,0
S01011920,281,120,93,36,21,6,1,1,2
S01011921,289,127,91,40,20,12,1,0,0
S01011922,329,146,105,48,23,10,0,1,2
S01011923,410,163,126,57,46,13,5,0,0
S01011924,194,83,47,31,23,5,0,0,0
S01011925,284,42,97,57,67,21,2,0,0
S01011926,309,120,101,50,31,6,4,0,1
S01011927,281,106,102,36,26,9,2,0,1
S01011928,342,140,129,42,25,6,0,0,0
S01011929,301,129,103,42,21,7,1,0,0
S01011930,294,114,91,36,34,15,4,2,1
S01011931,593,149,184,127,83,37,9,7,0
S01011932,299,144,89,44,15,8,1,0,1
S01011933,343,180,96,29,27,6,2,0,2
S01011934,407,174,162,40,26,8,0,1,0
S01011935,479,281,136,22,28,13,1,2,0
S01011936,413,236,121,27,20,8,1,0,0
S01011937,392,265,88,25,12,5,0,0,2
S01011938,373,220,108,21,18,3,0,0,0
S01011939,425,279,105,22,12,4,2,0,1
S01011940,343,213,84,20,20,8,2,0,0
S01011941,464,296,135,17,10,3,3,0,0
S01011942,585,412,123,26,16,2,1,0,1
S01011943,810,577,152,46,25,10,1,0,0
S01011944,200,43,101,25,16,8,3,0,2
S01011945,328,66,174,45,36,9,0,0,0
S01011946,368,168,120,35,34,13,0,2,0
S01011947,215,63,81,31,26,11,0,1,0
S01011948,574,273,194,50,40,10,1,2,0
S01011949,389,125,168,34,53,6,0,1,0
S01011950,382,159,148,38,31,4,1,0,1
S01011951,317,111,114,44,34,10,0,0,0
S01011952,204,46,88,27,34,8,1,0,0
S01011953,420,117,200,50,40,10,4,1,0
S01011954,245,106,75,31,23,6,1,1,0
S01011955,498,195,167,56,51,19,3,1,0
S01011956,387,79,157,75,59,13,4,1,0
S01011957,333,92,143,44,37,8,4,1,0
S01011958,583,159,240,76,82,17,4,2,0
S01011959,406,117,188,58,32,7,3,0,1
S01011960,368,71,133,56,82,22,7,1,0
S01011961,359,93,124,52,72,10,2,2,0
S01011962,281,52,124,50,41,14,1,1,1
S01011963,265,86,79,49,39,19,3,0,0
S01011964,489,184,176,62,53,11,3,2,0
S01011965,381,134,158,51,31,6,2,0,0
S01011966,356,103,139,48,45,14,3,0,0
S01011967,485,117,215,70,56,20,8,2,0
S01011968,478,179,174,62,54,8,3,0,0
S01011969,497,173,206,63,42,11,0,0,0
S01011970,430,214,111,59,30,16,3,0,0
S01011971,280,70,116,43,34,14,2,2,0
S01011972,477,135,227,61,40,10,4,0,0
S01011973,305,82,134,40,38,10,1,0,0
S01011974,361,88,172,45,40,14,5,0,0
S01011975,201,46,99,28,22,5,1,0,0
S01011976,352,125,139,49,38,4,4,0,0
S01011977,548,195,218,70,48,11,1,0,1
S01011978,383,153,141,45,30,6,3,1,0
S01011979,555,144,230,68,75,27,2,0,4
S01011980,311,70,148,49,35,6,2,1,0
S01011981,412,142,167,48,42,9,3,1,0
S01011982,431,117,196,45,48,17,4,2,0
S01011983,369,137,151,40,25,8,4,1,0
S01011984,326,140,83,50,32,21,2,2,0
S01011985,288,104,112,27,34,7,0,0,0
S01011986,295,138,85,41,30,6,4,0,0
S01011987,493,154,200,69,54,15,1,0,0
S01011988,258,74,128,25,27,4,1,0,1
S01011989,370,127,149,46,34,8,1,1,0
S01011990,452,148,178,61,42,19,5,0,0
S01011991,299,81,119,56,28,16,1,0,0
S01011992,549,248,209,53,26,11,0,0,0
S01011993,416,232,115,33,21,9,3,0,2
S01011994,337,82,180,35,27,8,4,0,0
S01011995,461,93,191,76,75,17,8,0,1
S01011996,228,82,89,28,15,8,0,0,0
S01011997,412,151,162,60,34,7,3,0,0
S01011998,238,50,105,31,38,9,1,0,0
S01011999,296,106,113,37,34,3,1,2,0
S01012000,199,58,83,18,22,9,1,0,0
S01012001,296,101,98,48,40,12,2,0,0
S01012002,238,83,96,25,26,3,2,0,1
S01012003,246,89,76,40,29,12,0,0,0
S01012004,418,131,177,63,35,9,2,2,0
S01012005,342,84,135,61,49,9,1,1,0
S01012006,648,149,263,109,93,25,7,1,1
S01012007,381,140,153,41,39,5,0,0,0
S01012008,418,125,171,64,40,10,2,3,0
S01012009,287,85,124,41,29,5,2,2,0
S01012010,584,231,245,59,28,14,2,0,1
S01012011,507,193,196,59,47,7,5,0,0
S01012012,364,133,167,32,25,7,0,0,0
S01012013,371,122,172,31,30,13,3,0,0
S01012014,388,179,121,44,32,8,2,0,0
S01012015,431,141,162,63,48,17,4,1,0
S01012016,310,102,137,36,27,11,0,0,0
S01012017,241,67,123,22,21,5,2,4,0
S01012018,385,134,158,55,28,11,1,2,0
S01012019,479,191,163,57,52,13,3,0,0
S01012020,345,174,101,36,31,4,2,0,0
S01012021,218,47,100,24,40,6,0,0,0
S01012022,288,89,113,42,36,10,2,0,0
S01012023,191,53,81,24,25,7,1,0,0
S01012024,361,84,144,72,54,7,3,0,0
S01012025,337,83,129,67,46,10,0,0,0
S01012026,367,43,100,98,98,17,7,2,1
S01012027,312,66,99,61,60,22,2,1,1
S01012028,380,74,185,54,50,12,2,1,0
S01012029,996,282,337,208,125,37,8,1,0
S01012030,2100,260,729,479,484,132,14,3,0
S01012031,327,60,146,66,46,8,1,0,0
S01012032,165,37,69,29,18,6,4,1,0
S01012033,372,112,153,58,39,9,2,0,0
S01012034,382,154,136,51,27,14,0,0,0
S01012035,446,191,173,46,30,3,3,2,0
S01012036,385,146,140,51,33,14,1,0,0
S01012037,514,181,145,93,65,23,4,0,0
S01012038,357,115,94,73,48,24,3,0,2
S01012039,453,146,158,73,57,18,0,0,1
S01012040,253,59,87,44,50,9,3,0,1
S01012041,384,126,120,70,48,16,2,0,1
S01012042,508,151,159,89,83,21,3,2,0
S01012043,373,116,112,75,39,21,3,1,2
S01012044,461,206,143,60,41,11,3,0,0
S01012045,653,408,144,57,29,12,1,0,0
S01012046,400,216,121,32,26,4,2,0,0
S01012047,436,253,105,39,31,6,2,0,0
S01012048,423,256,94,42,21,6,3,0,1
S01012049,337,173,98,35,27,3,2,0,0
S01012050,414,142,142,69,54,7,0,0,0
S01012051,287,135,89,41,15,5,2,0,0
S01012052,449,225,138,53,31,9,0,0,0
S01012053,388,149,121,64,50,8,2,0,0
S01012054,311,138,86,42,25,13,0,0,0
S01012055,453,192,143,62,44,9,3,0,0
S01012056,349,130,131,47,31,6,1,0,0
S01012057,324,76,151,40,51,5,1,0,0
S01012058,318,97,140,36,35,3,0,0,1
S01012059,396,174,115,55,34,12,1,0,1
S01012060,423,186,134,50,36,12,0,0,0
S01012061,419,143,157,56,55,7,2,0,0
S01012062,583,137,207,129,77,26,6,2,0
S01012063,233,66,81,48,23,13,1,3,0
S01012064,283,91,89,56,32,13,2,0,0
S01012065,268,91,55,64,37,15,7,1,0
S01012066,404,121,117,89,52,20,5,0,0
S01012067,252,100,79,43,26,4,1,0,0
S01012068,224,116,38,28,24,13,5,0,1
S01012069,227,130,56,16,16,0,0,0,2
S01012070,387,237,67,44,29,5,4,0,0
S01012071,745,441,156,68,49,19,6,0,2
S01012072,709,454,151,56,35,11,2,0,0
S01012073,448,159,164,62,49,8,2,2,0
S01012074,337,158,103,38,34,6,0,0,1
S01012075,263,65,104,52,36,8,0,0,0
S01012076,458,241,134,53,25,1,2,0,0
S01012077,394,162,130,57,24,13,3,0,1
S01012078,365,126,108,65,54,12,0,0,0
S01012079,408,186,114,53,40,10,2,0,1
S01012080,336,113,97,63,38,17,5,0,0
S01012081,400,200,92,44,41,13,3,2,0
S01012082,309,147,94,44,22,2,0,1,0
S01012083,374,200,96,45,24,7,2,0,0
S01012084,244,71,103,42,23,4,1,0,0
S01012085,295,81,96,69,39,8,1,0,0
S01012086,422,195,114,57,39,13,2,1,0
S01012087,425,148,178,68,19,11,4,0,0
S01012088,286,94,89,39,49,10,2,0,0
S01012089,360,124,131,52,43,9,2,0,2
S01012090,355,90,155,46,48,9,4,1,0
S01012091,243,85,96,30,32,0,0,0,0
S01012092,219,70,91,29,24,3,1,1,0
S01012093,225,110,75,18,14,7,1,0,0
S01012094,326,87,117,57,41,21,2,0,1
S01012095,396,103,122,90,55,21,5,0,0
S01012096,398,139,136,74,35,13,2,0,0
S01012097,302,84,88,66,56,7,3,0,0
S01012098,263,84,90,47,32,8,1,0,0
S01012099,346,119,125,63,29,9,1,0,0
S01012100,581,210,167,102,68,23,7,1,0
S01012101,305,73,127,51,45,10,0,0,0
S01012102,324,145,79,66,29,7,1,0,0
S01012103,431,177,141,55,51,12,1,0,0
S01012104,347,81,108,82,60,14,0,0,0
S01012105,500,178,190,51,63,17,3,0,1
S01012106,521,226,168,60,58,7,2,0,0
S01012107,338,126,127,37,36,5,3,3,2
S01012108,565,408,129,24,3,1,0,0,0
S01012109,609,370,142,48,33,9,4,0,0
S01012110,524,325,126,46,14,4,4,2,0
S01012111,394,206,93,55,29,7,2,1,1
S01012112,418,210,145,38,18,6,0,1,0
S01012113,503,237,134,63,58,7,2,0,0
S01012114,368,122,147,43,42,11,2,1,0
S01012115,259,97,94,34,27,6,1,0,0
S01012116,310,120,95,48,43,4,2,0,0
S01012117,534,111,164,88,144,28,1,0,1
S01012118,227,43,90,45,41,8,0,1,0
S01012119,345,81,132,63,56,10,4,0,0
S01012120,445,125,125,88,74,23,9,0,1
S01012121,453,162,118,85,51,26,10,0,1
S01012122,319,89,125,49,38,12,6,0,0
S01012123,255,101,76,30,30,11,3,2,1
S01012124,249,122,90,25,12,0,1,0,0
S01012125,489,325,93,47,12,6,3,0,0
S01012126,396,191,115,43,31,7,2,0,0
S01012127,755,459,222,44,23,6,0,1,0
S01012128,317,153,101,38,17,4,1,0,0
S01012129,437,288,104,35,9,7,2,0,0
S01012130,691,446,181,41,16,7,1,0,0
S01012131,643,398,154,38,39,12,3,2,0
S01012132,479,260,146,36,25,8,1,1,2
S01012133,335,169,94,33,24,10,3,0,0
S01012134,622,352,195,40,23,10,1,1,0
S01012135,625,426,128,50,17,2,0,0,0
S01012136,484,319,98,33,28,6,3,0,0
S01012137,574,349,132,42,37,11,2,0,0
S01012138,458,208,137,52,41,14,5,1,0
S01012139,453,183,158,63,39,13,0,0,0
S01012140,240,55,108,37,31,7,4,0,0
S01012141,398,103,157,64,64,9,2,0,0
S01012142,396,103,173,58,45,11,0,0,0
S01012143,379,106,148,68,40,9,1,0,0
S01012144,440,137,156,59,72,11,3,1,1
S01012145,390,70,152,75,77,12,3,0,0
S01012146,521,286,141,57,31,6,1,1,0
S01012147,407,205,117,44,36,4,0,2,0
S01012148,319,142,95,47,21,12,0,0,0
S01012149,349,115,108,68,31,15,6,2,2
S01012150,393,163,90,71,30,25,6,1,3
S01012151,260,100,69,58,27,5,0,0,1
S01012152,339,175,83,39,22,8,2,2,1
S01012153,482,228,140,57,45,9,2,0,0
S01012154,456,299,107,29,16,3,2,0,0
S01012155,432,289,108,24,5,2,3,2,1
S01012156,633,274,183,97,58,15,6,0,0
S01012157,511,233,119,89,46,19,4,1,0
S01012158,548,202,181,74,63,22,3,1,0
S01012159,232,68,101,44,15,3,1,0,0
S01012160,286,81,127,47,25,8,1,0,0
S01012161,203,91,55,25,22,5,1,2,0
S01012162,459,172,116,83,67,13,6,1,1
S01012163,412,188,116,49,39,16,4,2,0
S01012164,404,91,138,88,69,16,4,0,2
S01012165,418,177,119,59,39,19,4,4,2
S01012166,283,114,83,53,24,5,0,0,0
S01012167,386,201,108,43,22,5,0,0,0
S01012168,319,108,119,42,41,8,0,0,0
S01012169,410,177,145,44,29,9,2,1,0
S01012170,551,260,178,61,42,12,1,0,0
S01012171,490,211,143,84,34,15,0,2,0
S01012172,300,127,89,44,30,7,1,0,1
S01012173,282,86,115,41,33,3,4,0,0
S01012174,328,61,104,78,61,13,4,2,0
S01012175,349,159,115,39,26,5,1,0,0
S01012176,349,128,129,51,35,6,1,0,0
S01012177,239,52,91,42,39,9,3,0,2
S01012178,241,62,108,44,21,4,2,0,0
S01012179,280,136,89,20,22,11,1,0,0
S01012180,294,97,106,44,32,5,2,1,0
S01012181,358,166,103,43,25,15,3,0,0
S01012182,1082,243,347,209,213,48,14,0,6
S01012183,679,328,195,80,49,23,6,0,1
S01012184,602,287,219,63,24,6,3,0,0
S01012185,550,334,127,51,25,10,2,0,0
S01012186,339,140,114,44,31,7,3,0,0
S01012187,350,185,105,30,23,5,0,0,0
S01012188,258,85,108,46,16,7,1,1,0
S01012189,235,71,80,31,49,11,1,0,0
S01012190,204,48,66,43,31,9,4,1,0
S01012191,299,78,122,46,34,18,0,1,0
S01012192,271,62,102,54,34,14,1,2,0
S01012193,177,27,71,36,38,6,0,0,0
S01012194,180,29,66,34,43,5,4,0,0
S01012195,414,98,147,83,71,17,4,0,0
S01012196,200,51,69,30,40,12,1,2,0
S01012197,311,110,105,41,42,7,5,1,0
S01012198,401,182,125,44,42,11,3,2,0
S01012199,295,106,88,53,27,14,5,2,0
S01012200,265,96,82,43,31,12,3,0,0
S01012201,311,102,96,55,46,8,2,0,0
S01012202,238,67,85,41,33,9,3,0,0
S01012203,317,94,134,40,38,9,0,1,0
S01012204,266,53,111,51,39,11,4,1,0
S01012205,291,87,127,35,32,6,1,2,0
S01012206,325,87,113,59,47,14,3,0,0
S01012207,397,138,103,77,61,12,4,0,0
S01012208,451,147,154,72,42,27,3,2,2
S01012209,318,116,77,56,48,18,3,1,0
S01012210,394,181,106,61,26,12,2,1,0
S01012211,407,141,123,69,56,15,0,0,0
S01012212,308,78,134,55,35,6,1,0,0
S01012213,336,89,167,40,38,5,0,0,0
S01012214,297,65,133,34,52,9,4,0,0
S01012215,326,81,128,60,47,11,0,0,0
S01012216,289,48,137,38,50,11,2,1,0
S01012217,263,111,85,35,26,9,0,0,1
S01012218,245,95,65,45,26,11,1,0,0
S01012219,406,165,124,68,35,17,0,0,0
S01012220,367,226,84,31,9,9,3,0,0
S01012221,299,137,67,52,26,8,0,0,2
S01012222,427,207,131,42,36,9,2,0,0
S01012223,354,170,108,40,28,6,0,0,1
S01012224,370,121,106,68,52,20,2,1,0
S01012225,456,198,112,73,42,23,5,0,0
S01012226,293,86,99,52,37,11,2,0,2
S01012227,263,81,76,57,29,16,4,0,0
S01012228,254,60,84,45,40,17,6,0,1
S01012229,322,124,130,32,20,11,0,0,0
S01012230,404,136,134,63,52,15,3,1,0
S01012231,282,46,115,49,56,14,2,0,0
S01012232,314,71,110,51,58,16,0,0,0
S01012233,333,59,135,48,69,21,0,0,0
S01012234,384,75,138,78,63,25,4,0,0
S01012235,217,42,102,31,34,7,2,0,0
S01012236,335,102,93,59,63,19,4,0,1
S01012237,312,68,115,52,57,19,1,0,0
S01012238,313,147,95,44,26,3,0,0,0
S01012239,267,111,93,40,18,4,0,0,1
S01012240,385,154,117,55,46,14,3,0,0
S01012241,226,54,98,31,36,8,1,0,0
S01012242,336,62,126,60,76,16,4,0,0
S01012243,249,53,77,40,57,13,4,1,0
S01012244,339,58,149,47,57,13,6,1,0
S01012245,342,122,130,49,36,5,4,0,0
S01012246,413,72,168,79,80,11,3,0,0
S01012247,320,73,144,60,29,6,3,0,5
S01012248,338,81,149,47,44,8,4,0,0
S01012249,387,111,167,47,45,14,1,0,2
S01012250,479,92,197,78,86,28,0,2,0
S01012251,506,210,163,74,42,12,3,0,2
S01012252,352,152,122,46,24,7,1,0,0
S01012253,512,295,140,31,34,10,1,1,1
S01012254,411,167,127,55,38,17,4,0,0
S01012255,500,290,143,33,29,6,0,0,0
S01012256,276,61,127,36,41,11,1,0,0
S01012257,427,130,178,56,51,12,5,0,0
S01012258,308,75,122,51,49,10,1,0,0
S01012259,284,56,131,44,37,16,0,0,0
S01012260,398,113,136,70,57,13,8,1,0
S01012261,339,61,131,66,52,24,5,0,0
S01012262,525,120,205,79,86,29,2,1,0
S01012263,382,185,121,38,24,12,2,0,0
S01012264,224,95,74,18,27,4,1,1,0
S01012265,356,104,136,56,42,9,5,1,0
S01012266,566,247,187,68,50,12,2,0,0
S01012267,381,135,139,59,41,6,1,0,0
S01012268,302,73,124,52,36,15,0,1,0
S01012269,471,165,180,64,42,12,1,0,2
S01012270,363,133,116,55,42,14,4,1,0
S01012271,873,205,306,170,131,48,9,0,0
S01012272,315,87,135,37,42,12,1,1,0
S01012273,378,96,162,47,54,16,5,0,0
S01012274,458,193,162,44,40,12,6,1,0
S01012275,480,277,142,28,12,11,3,1,1
S01012276,508,213,174,55,54,12,5,0,0
S01012277,524,214,167,72,60,9,2,0,0
S01012278,440,260,108,41,22,6,1,0,0
S01012279,408,203,123,51,19,8,1,2,0
S01012280,417,133,146,63,50,21,3,0,0
S01012281,364,190,98,42,22,6,1,0,0
S01012282,483,203,180,52,40,6,0,1,0
S01012283,389,124,142,46,57,16,2,0,0
S01012284,445,236,142,32,25,5,4,1,0
S01012285,287,104,116,35,21,9,2,0,0
S01012286,477,189,172,61,44,6,5,0,0
S01012287,422,245,99,46,31,0,1,0,0
S01012288,359,152,107,45,41,10,3,0,0
S01012289,452,160,196,45,37,10,1,0,0
S01012290,303,145,90,36,28,4,0,0,0
S01012291,518,172,187,59,75,21,5,2,0
S01012292,352,134,141,34,35,7,0,1,0
S01012293,217,66,99,20,24,8,0,0,0
S01012294,379,118,130,70,49,9,3,0,0
S01012295,290,66,111,47,51,8,6,0,1
S01012296,380,81,133,57,87,16,9,0,0
S01012297,284,48,138,34,42,16,6,0,0
S01012298,409,138,159,43,47,16,0,2,1
S01012299,284,64,130,38,42,9,2,1,0
S01012300,297,118,96,51,19,12,1,0,0
S01012301,420,125,185,55,35,16,0,0,0
S01012302,250,71,98,37,31,11,1,0,0
S01012303,416,104,170,57,62,17,7,1,0
S01012304,444,110,187,59,58,25,5,2,0
S01012305,466,185,177,44,38,17,3,1,0
S01012306,330,153,107,39,15,8,1,0,0
S01012307,327,163,96,44,26,3,1,0,0
S01012308,371,79,144,68,65,14,1,0,0
S01012309,298,91,126,35,33,10,4,0,2
S01012310,534,165,231,70,41,12,12,0,0
S01012311,258,94,109,34,16,2,2,0,1
S01012312,480,138,215,59,44,16,7,0,0
S01012313,339,104,144,52,25,10,3,0,0
S01012314,381,116,129,80,41,11,3,0,1
S01012315,393,207,136,18,15,10,1,0,1
S01012316,299,105,127,36,28,5,2,0,0
S01012317,256,69,82,41,47,9,11,1,0
S01012318,324,72,123,61,54,15,4,0,0
S01012319,339,108,140,39,40,8,0,0,0
S01012320,273,80,101,42,30,12,5,0,0
S01012321,411,120,147,60,59,17,6,1,0
S01012322,468,127,225,54,47,14,2,2,0
S01012323,440,114,227,48,33,19,2,0,0
S01012324,494,151,250,55,29,8,4,1,0
S01012325,301,107,140,25,26,2,1,0,0
S01012326,302,149,96,37,14,6,0,0,0
S01012327,381,150,142,40,31,13,6,0,0
S01012328,299,115,134,26,13,8,4,1,0
S01012329,391,122,176,41,35,14,5,1,0
S01012330,286,100,135,22,25,7,0,0,0
S01012331,269,57,109,45,47,8,3,0,0
S01012332,457,117,207,67,47,17,2,0,0
S01012333,476,126,238,54,43,9,2,0,0
S01012334,416,138,171,56,43,9,1,0,0
S01012335,408,122,160,62,49,12,1,1,0
S01012336,286,102,109,29,36,8,2,0,0
S01012337,442,253,137,33,19,2,0,1,0
S01012338,400,195,136,41,21,3,5,1,0
S01012339,394,231,126,17,11,4,2,0,0
S01012340,569,190,250,68,47,9,1,0,1
S01012341,406,93,194,53,42,16,4,0,1
S01012342,432,147,178,50,41,15,2,0,0
S01012343,459,131,232,51,34,11,3,0,0
S01012344,324,133,113,47,21,8,1,1,0
S01012345,400,131,133,65,46,17,8,0,0
S01012346,353,100,149,54,30,12,7,1,0
S01012347,373,145,147,46,35,8,0,0,0
S01012348,308,99,143,26,33,6,1,0,0
S01012349,399,151,135,59,42,7,2,2,0
S01012350,389,118,144,62,47,12,5,1,0
S01012351,370,110,135,62,43,11,8,1,0
S01012352,349,131,142,38,32,5,3,0,0
S01012353,449,252,139,32,13,8,5,0,0
S01012354,393,151,153,45,39,5,4,0,0
S01012355,427,103,196,65,49,12,2,3,0
S01012356,340,117,146,42,26,10,0,0,0
S01012357,383,65,218,36,47,15,1,0,0
S01012358,386,120,188,36,31,12,1,1,0
S01012359,369,137,133,50,35,11,1,0,0
S01012360,310,113,86,49,44,16,1,1,3
S01012361,269,101,87,46,26,4,3,0,2
S01012362,292,81,87,52,51,13,8,1,2
S01012363,593,352,144,49,36,10,4,1,0
S01012364,351,196,102,24,28,5,4,0,0
S01012365,445,148,173,57,53,6,0,0,0
S01012366,490,271,148,43,21,4,0,0,0
S01012367,401,140,171,44,35,9,1,1,0
S01012368,302,85,143,36,27,7,2,2,0
S01012369,379,129,150,43,36,19,4,0,0
S01012370,488,252,144,46,39,7,0,0,0
S01012371,498,252,166,45,31,5,0,0,0
S01012372,385,235,90,32,18,6,5,1,0
S01012373,458,186,163,51,39,8,7,1,0
S01012374,400,120,160,69,32,17,2,0,0
S01012375,423,164,146,65,38,9,2,0,0
S01012376,433,110,207,53,53,3,4,3,0
S01012377,293,93,140,30,26,8,1,1,0
S01012378,284,82,149,25,23,6,2,0,0
S01012379,250,68,114,29,28,8,3,0,0
S01012380,426,168,154,52,34,11,3,1,0
S01012381,452,249,130,41,32,8,3,0,0
S01012382,436,141,181,53,44,14,3,0,0
S01012383,414,173,164,48,22,7,0,0,0
S01012384,278,114,107,24,24,6,2,0,2
S01012385,337,149,119,29,29,3,1,1,0
S01012386,425,153,148,67,40,15,5,0,0
S01012387,399,128,166,45,50,12,2,0,0
S01012388,346,130,112,37,35,18,8,4,2
S01012389,403,119,143,54,50,30,6,1,0
S01012390,346,114,109,45,50,21,7,1,0
S01012391,510,159,171,74,69,30,9,1,1
S01012392,334,90,122,57,39,18,6,2,0
S01012393,340,126,109,48,30,18,3,1,1
S01012394,282,104,93,37,29,17,2,0,1
S01012395,245,106,86,29,13,4,4,0,0
S01012396,322,161,115,31,6,5,1,0,1
S01012397,432,197,155,35,33,8,0,1,0
S01012398,423,231,125,38,25,4,1,0,0
S01012399,324,134,116,37,24,17,0,0,0
S01012400,313,164,82,37,17,8,0,1,0
S01012401,394,216,100,35,28,10,3,2,0
S01012402,357,114,101,70,49,18,4,0,1
S01012403,436,128,158,62,56,26,4,0,3
S01012404,403,195,121,38,34,17,0,2,0
S01012405,323,77,119,60,41,23,4,2,0
S01012406,289,93,99,31,40,20,4,1,0
S01012407,365,113,127,41,51,28,3,1,0
S01012408,260,100,71,32,34,16,5,1,1
S01012409,291,98,101,35,26,16,5,0,0
S01012410,452,148,171,53,59,19,3,0,1
S01012411,444,173,127,68,46,24,4,1,1
S01012412,306,122,97,37,30,14,4,2,0
S01012413,436,162,159,65,32,12,1,1,2
S01012414,344,146,125,28,23,19,3,1,0
S01012415,229,73,73,26,31,20,4,2,0
S01012416,223,79,91,20,24,8,4,0,0
S01012417,276,101,107,26,29,13,0,0,0
S01012418,356,97,159,41,33,15,3,1,2
S01012419,309,76,135,44,35,16,3,2,0
S01012420,357,120,133,58,34,9,3,0,0
S01012421,322,107,143,35,28,8,4,0,0
S01012422,407,136,169,44,39,13,3,4,0
S01012423,357,100,163,58,28,3,2,0,2
S01012424,425,166,140,55,31,28,6,0,1
S01012425,276,124,75,39,26,8,2,1,0
S01012426,249,108,79,32,23,11,0,0,2
S01012427,274,107,88,38,31,9,1,0,0
S01012428,284,75,121,43,38,7,0,0,0
S01012429,269,102,103,31,31,5,0,0,0
S01012430,282,133,89,36,16,6,1,1,0
S01012431,435,180,164,37,34,17,4,2,0
S01012432,357,159,122,41,27,6,0,1,1
S01012433,283,156,76,32,15,6,0,0,0
S01012434,291,138,87,37,21,9,0,0,0
S01012435,317,143,86,42,31,13,2,0,0
S01012436,292,106,89,52,29,14,1,0,0
S01012437,266,89,99,44,19,9,4,1,0
S01012438,326,65,126,65,55,17,2,0,0
S01012439,331,133,122,38,19,10,0,2,1
S01012440,239,74,106,31,20,6,0,0,0
S01012441,374,100,167,61,31,11,2,2,0
S01012442,754,195,320,100,110,20,8,1,0
S01012443,328,84,143,45,43,5,5,0,0
S01012444,389,107,130,61,65,23,4,0,1
S01012445,186,21,74,33,41,15,2,0,0
S01012446,260,118,81,34,19,6,1,0,0
S01012447,355,96,141,52,49,12,4,1,0
S01012448,374,85,140,75,52,13,3,3,0
S01012449,250,67,97,43,39,1,1,0,0
S01012450,427,109,148,86,56,15,7,6,2
S01012451,460,152,213,45,35,11,4,0,0
S01012452,322,131,128,29,30,3,0,0,0
S01012453,304,64,141,39,50,8,2,0,0
S01012454,296,81,134,38,40,6,0,1,0
S01012455,259,55,124,25,37,11,6,0,1
S01012456,307,58,122,45,59,18,4,2,0
S01012457,386,110,195,44,31,12,1,0,0
S01012458,355,87,169,45,43,9,4,0,0
S01012459,192,29,83,37,32,10,0,1,0
S01012460,245,68,112,28,29,10,1,0,0
S01012461,309,115,101,59,26,8,0,0,0
S01012462,373,176,103,51,34,11,0,0,0
S01012463,265,101,86,36,29,8,4,0,1
S01012464,248,76,87,51,20,10,2,3,0
S01012465,296,94,92,54,36,17,0,1,0
S01012466,351,128,135,44,28,15,2,0,0
S01012467,334,110,118,59,40,7,3,0,0
S01012468,312,79,114,57,50,15,3,0,0
S01012469,333,110,146,39,32,6,2,0,0
S01012470,485,197,172,62,47,9,0,0,0
S01012471,351,88,160,53,38,12,0,0,0
S01012472,320,104,138,34,25,14,3,4,0
S01012473,219,49,98,36,24,4,2,0,0
S01012474,374,178,123,38,28,5,2,0,0
S01012475,295,100,123,34,31,5,0,0,0
S01012476,420,131,131,77,63,14,3,0,0
S01012477,262,51,112,46,37,12,1,0,0
S01012478,415,129,140,74,56,14,2,0,0
S01012479,263,57,104,56,36,4,5,2,1
S01012480,312,203,97,8,2,4,0,0,0
S01012481,519,260,174,45,31,3,2,0,0
S01012482,449,246,124,43,24,11,2,0,0
S01012483,459,264,125,30,24,13,4,0,0
S01012484,376,165,115,36,32,19,6,1,0
S01012485,391,140,165,38,28,13,3,0,0
S01012486,242,98,100,22,18,5,0,0,0
S01012487,260,130,83,23,19,6,0,0,2
S01012488,539,295,154,63,22,9,0,0,0
S01012489,521,285,147,51,25,12,1,0,0
S01012490,675,452,150,50,14,9,0,0,0
S01012491,253,129,59,25,17,15,0,1,0
S01012492,481,344,85,29,19,1,0,0,0
S01012493,188,78,66,25,12,4,0,2,0
S01012494,378,129,117,71,50,14,0,0,0
S01012495,454,192,148,54,47,10,1,0,2
S01012496,303,91,99,53,46,9,4,0,2
S01012497,210,83,64,32,18,4,5,0,5
S01012498,359,121,94,68,49,15,6,0,3
S01012499,263,80,74,59,39,3,2,1,2
S01012500,255,103,67,36,30,19,1,2,0
S01012501,245,91,76,46,14,12,2,0,4
S01012502,337,144,96,54,26,15,2,0,0
S01012503,285,103,88,48,28,8,6,2,4
S01012504,331,125,99,59,36,11,1,0,0
S01012505,513,234,170,54,41,12,0,2,0
S01012506,307,130,114,38,20,2,0,0,0
S01012507,437,195,151,54,31,6,1,0,0
S01012508,433,203,134,50,42,7,2,0,0
S01012509,251,86,106,35,26,3,2,0,0
S01012510,422,129,150,59,60,20,5,1,0
S01012511,246,100,95,29,19,1,2,0,0
S01012512,194,51,74,28,39,4,1,0,0
S01012513,221,47,99,35,35,4,0,1,0
S01012514,413,113,129,86,66,18,4,0,0
S01012515,342,170,97,35,35,3,2,0,0
S01012516,348,155,112,42,32,6,0,0,0
S01012517,501,222,142,67,47,15,3,1,1
S01012518,271,130,94,17,24,2,0,0,0
S01012519,272,130,85,31,17,4,2,0,0
S01012520,332,119,129,41,34,7,0,0,0
S01012521,247,114,84,25,23,4,0,0,0
S01012522,400,120,164,53,48,12,1,0,0
S01012523,352,100,141,62,34,14,0,1,0
S01012524,458,199,185,39,23,10,1,0,0
S01012525,334,121,136,43,25,9,0,0,0
S01012526,341,106,146,43,35,16,0,0,0
S01012527,314,112,124,39,32,4,5,0,0
S01012528,336,102,96,62,56,17,1,0,2
S01012529,267,106,84,32,31,13,1,0,0
S01012530,398,117,166,54,48,9,3,1,0
S01012531,440,105,160,94,68,11,4,0,0
S01012532,442,118,170,66,76,8,0,2,2
S01012533,253,114,87,29,16,8,0,0,0
S01012534,289,138,87,34,25,7,0,0,0
S01012535,361,121,116,52,47,19,1,1,0
S01012536,355,111,138,52,43,10,3,0,1
S01012537,318,111,126,36,37,8,0,1,1
S01012538,504,184,154,83,56,23,2,2,0
S01012539,276,103,94,43,20,13,1,0,2
S01012540,302,96,93,50,43,15,0,0,1
S01012541,487,141,181,65,64,27,1,6,0
S01012542,565,132,241,78,83,30,1,0,0
S01012543,294,77,126,46,36,6,2,0,1
S01012544,358,113,145,38,37,20,6,1,0
S01012545,213,87,63,32,28,3,0,0,0
S01012546,352,88,122,71,43,16,7,0,0
S01012547,293,85,133,36,24,8,6,1,0
S01012548,821,203,305,123,142,38,9,1,0
S01012549,223,70,80,33,24,12,1,2,0
S01012550,346,114,106,50,48,23,1,4,0
S01012551,317,71,135,53,47,9,0,2,0
S01012552,390,114,169,56,43,6,0,0,3
S01012553,384,109,138,60,61,16,1,0,1
S01012554,191,45,83,35,21,7,1,0,0
S01012555,214,43,112,37,22,3,0,0,0
S01012556,213,44,106,26,31,9,0,0,0
S01012557,278,71,134,39,32,5,1,0,0
S01012558,284,128,87,36,20,7,5,0,0
S01012559,426,270,119,19,15,2,0,0,0
S01012560,264,100,97,32,22,10,0,0,0
S01012561,364,146,132,47,25,6,3,0,0
S01012562,424,261,117,26,20,2,0,0,0
S01012563,321,55,162,45,45,8,4,0,0
S01012564,292,98,118,40,33,8,0,0,0
S01012565,360,154,126,31,35,7,2,1,0
S01012566,459,282,135,21,17,3,0,0,0
S01012567,520,296,151,39,24,6,6,0,0
S01012568,248,83,96,30,26,11,0,1,0
S01012569,397,102,194,37,45,12,5,1,1
S01012570,209,67,87,34,17,2,0,0,1
S01012571,354,142,131,33,28,14,3,1,1
S01012572,206,60,91,24,21,8,2,0,0
S01012573,372,74,172,71,36,17,3,1,0
S01012574,382,96,165,54,44,13,9,2,0
S01012575,303,83,120,45,39,8,2,0,0
S01012576,352,145,130,43,25,6,3,0,0
S01012577,554,144,243,87,65,13,2,0,0
S01012578,449,198,153,51,31,11,4,0,0
S01012579,338,89,138,50,36,17,4,4,0
S01012580,356,97,161,49,31,13,5,0,0
S01012581,301,108,101,44,38,9,0,0,0
S01012582,418,106,148,74,65,13,11,4,0
S01012583,338,132,109,50,31,13,1,1,0
S01012584,356,117,127,55,41,13,3,0,0
S01012585,401,163,141,43,38,14,2,0,0
S01012586,319,69,123,59,47,17,2,2,1
S01012587,341,59,140,82,43,12,6,0,0
S01012588,270,83,107,42,21,13,4,0,0
S01012589,282,81,95,56,37,12,3,0,0
S01012590,375,148,123,54,28,18,5,1,0
S01012591,348,152,110,41,33,8,4,0,0
S01012592,281,53,107,47,55,14,3,0,0
S01012593,359,94,143,60,57,9,2,1,0
S01012594,217,76,86,32,23,3,0,0,1
S01012595,284,101,95,47,28,10,2,0,0
S01012596,305,100,104,48,41,12,1,0,0
S01012597,185,34,62,39,37,5,5,2,1
S01012598,301,115,105,43,31,6,1,0,0
S01012599,318,124,118,30,30,12,0,0,1
S01012600,309,85,134,48,34,6,0,0,0
S01012601,382,87,168,66,54,6,0,2,0
S01012602,351,210,76,29,29,7,1,2,0
S01012603,321,161,95,40,22,3,0,0,0
S01012604,279,78,94,49,39,11,5,0,0
S01012605,243,82,88,45,24,4,1,1,0
S01012606,278,18,75,63,99,22,4,0,0
S01012607,332,111,121,53,40,6,1,0,0
S01012608,369,124,146,50,37,9,3,0,0
S01012609,375,136,133,63,35,15,1,0,0
S01012610,469,202,138,74,37,11,3,0,1
S01012611,492,128,190,76,81,16,1,0,0
S01012612,297,95,118,40,28,14,5,2,0
S01012613,277,84,108,44,31,8,4,0,0
S01012614,506,219,187,51,35,12,3,0,0
S01012615,351,114,131,54,40,12,0,0,0
S01012616,413,103,144,71,74,15,5,1,0
S01012617,352,57,141,72,61,16,2,0,0
S01012618,216,51,96,27,36,3,4,0,0
S01012619,298,168,79,28,14,11,0,0,0
S01012620,344,107,156,43,26,10,2,0,0
S01012621,275,102,115,29,25,6,0,0,0
S01012622,342,112,107,51,50,16,6,0,0
S01012623,323,139,110,45,28,3,1,0,0
S01012624,345,157,92,49,30,15,1,1,0
S01012625,259,107,79,37,38,4,0,0,0
S01012626,223,68,104,28,18,6,1,0,0
S01012627,268,78,119,38,21,8,1,3,0
S01012628,465,103,166,70,102,17,6,1,0
S01012629,212,58,81,27,33,8,2,0,0
S01012630,538,319,156,34,22,5,1,1,0
S01012631,319,112,123,41,29,12,2,2,0
S01012632,326,79,141,49,37,15,3,1,1
S01012633,276,65,129,37,32,11,4,0,0
S01012634,336,134,127,36,24,9,6,0,0
S01012635,520,145,213,85,56,7,11,0,1
S01012636,308,54,128,52,46,14,9,2,1
S01012637,319,84,115,57,37,16,3,0,0
S01012638,413,158,146,56,45,10,0,1,0
S01012639,380,108,139,81,36,13,2,0,0
S01012640,407,178,140,40,28,16,6,2,0
S01012641,484,194,165,57,46,15,3,0,0
S01012642,375,146,117,54,36,18,2,1,2
S01012643,197,71,68,28,20,9,0,1,0
S01012644,305,103,96,57,34,8,5,0,2
S01012645,376,159,103,42,61,7,2,2,0
S01012646,408,129,150,56,49,20,1,0,0
S01012647,248,41,72,59,52,16,2,2,1
S01012648,227,81,64,45,26,10,4,0,0
S01012649,253,78,86,38,34,6,4,5,0
S01012650,320,93,139,48,35,2,3,2,0
S01012651,333,153,94,43,35,7,0,0,1
S01012652,451,115,198,74,45,12,4,2,1
S01012653,383,82,133,75,66,17,8,2,0
S01012654,584,169,196,103,80,29,6,5,0
S01012655,440,147,144,75,55,12,8,0,1
S01012656,384,158,141,49,28,8,0,0,0
S01012657,267,121,85,38,17,1,2,0,1
S01012658,412,127,187,50,41,8,1,0,0
S01012659,359,57,125,64,94,18,4,1,0
S01012660,341,142,96,54,27,16,6,0,0
S01012661,365,102,149,67,38,9,0,0,0
S01012662,413,173,143,56,30,6,2,1,0
S01012663,299,88,125,54,32,4,0,0,0
S01012664,473,207,154,68,35,4,2,0,0
S01012665,348,117,110,58,44,13,5,1,0
S01012666,317,138,117,42,14,6,0,0,0
S01012667,285,116,96,42,19,12,1,0,0
S01012668,322,102,103,52,41,12,8,0,0
S01012669,264,63,118,51,26,8,0,0,0
S01012670,298,85,125,48,31,8,1,0,0
S01012671,394,115,128,87,51,10,1,0,0
S01012672,386,148,143,47,36,11,1,0,0
S01012673,252,69,75,52,32,20,4,1,0
S01012674,245,85,56,48,39,20,0,1,0
S01012675,390,187,110,43,35,11,4,0,0
S01012676,302,60,104,65,54,14,3,0,0
S01012677,273,99,98,34,31,10,1,0,0
S01012678,338,67,139,73,45,13,0,0,1
S01012679,361,151,126,42,25,12,4,2,0
S01012680,222,61,73,38,33,12,4,0,0
S01012681,405,116,150,62,54,19,3,2,0
S01012682,303,112,118,37,32,4,4,0,0
S01012683,330,124,101,49,34,16,2,0,2
S01012684,229,77,78,30,30,11,2,0,1
S01012685,321,104,113,45,45,14,4,0,2
S01012686,426,145,141,57,54,24,7,0,2
S01012687,241,62,102,31,34,12,1,0,0
S01012688,450,244,133,39,23,14,0,0,0
S01012689,195,36,85,29,34,7,4,0,0
S01012690,197,43,77,41,31,5,1,0,0
S01012691,283,68,106,47,45,13,3,1,0
S01012692,336,109,138,35,36,14,1,1,1
S01012693,402,47,154,75,93,30,5,0,0
S01012694,190,57,71,32,28,2,2,0,0
S01012695,321,63,132,51,48,17,7,2,4
S01012696,347,60,132,53,70,24,4,3,1
S01012697,393,43,109,89,120,23,5,3,0
S01012698,385,94,161,52,53,19,6,1,0
S01012699,570,134,218,92,88,30,6,1,2
S01012700,316,80,121,55,43,14,4,2,0
S01012701,523,82,185,116,116,23,0,2,0
S01012702,487,147,165,70,80,21,4,0,0
S01012703,202,23,71,54,45,8,1,0,0
S01012704,325,119,91,55,45,11,3,0,0
S01012705,249,41,94,62,44,6,2,0,0
S01012706,310,96,96,63,43,12,0,0,0
S01012707,293,52,118,49,59,9,2,1,0
S01012708,291,106,89,53,31,10,2,2,0
S01012709,295,118,103,34,34,6,0,0,0
S01012710,354,171,104,41,28,7,0,1,0
S01012711,456,212,146,49,29,12,0,3,0
S01012712,314,63,132,42,55,18,4,0,0
S01012713,334,115,114,47,37,14,4,1,0
S01012714,279,64,128,46,36,4,2,0,0
S01012715,361,178,124,31,26,7,1,0,0
S01012716,380,143,150,30,38,13,4,1,0
S01012717,659,380,201,32,26,10,5,1,0
S01012718,458,205,163,42,31,12,2,3,0
S01012719,547,288,157,50,35,13,0,0,0
S01012720,277,180,68,23,9,1,0,0,0
S01012721,283,95,107,45,24,10,2,0,0
S01012722,387,213,97,44,23,8,2,0,0
S01012723,364,199,89,44,24,10,0,1,0
S01012724,395,199,111,34,34,11,1,0,0
S01012725,467,236,125,44,45,14,2,1,0
S01012726,265,74,92,48,39,11,2,1,0
S01012727,256,77,78,43,35,14,5,1,3
S01012728,326,111,89,46,45,20,7,6,0
S01012729,340,97,122,68,37,15,0,0,0
S01012730,261,107,80,35,26,11,4,0,0
S01012731,324,96,97,72,44,10,0,3,0
S01012732,277,85,106,41,38,6,3,0,1
S01012733,872,101,290,187,221,59,13,1,0
S01012734,192,9,60,43,58,18,2,0,0
S01012735,215,84,65,33,25,5,0,0,0
S01012736,387,101,122,72,60,28,3,0,1
S01012737,315,86,92,75,50,11,1,0,0
S01012738,251,78,89,35,33,11,4,0,1
S01012739,292,27,88,68,90,21,4,3,0
S01012740,329,40,82,71,94,32,6,3,4
S01012741,262,115,93,36,14,3,1,0,0
S01012742,274,57,133,36,38,8,0,1,0
S01012743,231,58,107,29,28,2,1,0,0
S01012744,268,70,115,45,31,3,0,0,0
S01012745,438,89,162,81,77,25,3,1,0
S01012746,301,74,111,64,34,14,1,0,0
S01012747,338,88,131,54,43,14,7,0,0
S01012748,358,121,108,69,39,12,7,0,1
S01012749,383,137,119,62,43,18,3,0,1
S01012750,389,138,126,69,33,19,4,0,0
S01012751,414,187,122,65,33,3,3,0,1
S01012752,331,88,133,61,46,7,0,0,2
S01012753,215,75,82,30,19,6,1,2,0
S01012754,268,81,89,62,18,6,2,0,0
S01012755,251,160,50,15,15,6,0,0,1
S01012756,261,138,86,22,6,4,1,1,0
S01012757,204,86,64,31,15,3,1,0,0
S01012758,272,102,85,51,19,14,1,0,0
S01012759,357,152,108,50,34,8,3,0,0
S01012760,426,157,125,86,33,16,4,3,2
S01012761,354,164,126,44,13,5,3,0,0
S01012762,298,100,117,50,18,12,1,0,0
S01012763,189,71,57,38,16,6,0,0,0
S01012764,335,127,108,51,36,10,1,0,0
S01012765,290,81,116,58,25,13,0,0,0
S01012766,364,111,110,64,61,14,4,2,0
S01012767,221,45,100,31,31,8,2,1,0
S01012768,292,69,131,52,35,3,1,0,0
S01012769,145,33,49,27,23,13,2,0,0
S01012770,413,166,130,64,36,11,1,4,0
S01012771,295,125,105,35,16,13,2,1,0
S01012772,286,98,82,65,30,8,2,1,0
S01012773,416,153,147,61,44,8,2,0,0
S01012774,418,173,138,69,25,13,1,0,0
S01012775,208,88,79,22,10,1,1,0,0
S01012776,309,111,120,47,24,8,2,0,0
S01012777,390,112,116,75,65,16,4,2,1
S01012778,282,79,83,68,41,10,1,0,0
S01012779,228,85,75,35,24,6,2,0,1
S01012780,318,135,100,45,19,14,7,0,1
S01012781,414,182,133,57,41,3,0,0,2
S01012782,257,112,69,53,16,4,4,0,0
S01012783,326,120,122,47,30,6,1,0,0
S01012784,345,150,112,50,30,2,2,0,0
S01012785,370,213,90,40,16,11,3,0,0
S01012786,365,219,90,37,16,2,2,2,0
S01012787,218,63,87,37,20,7,5,1,0
S01012788,272,89,80,47,33,19,5,1,0
S01012789,331,126,103,52,35,12,4,0,0
S01012790,315,144,96,40,29,8,4,0,0
S01012791,336,99,137,44,46,7,2,2,0
S01012792,486,269,144,43,20,10,0,0,0
S01012793,364,205,98,32,23,6,1,0,2
S01012794,395,232,122,26,13,5,1,0,0
S01012795,450,171,141,67,41,24,3,0,0
S01012796,326,103,98,67,43,16,5,0,2
S01012797,286,85,86,52,47,15,0,0,2
S01012798,457,143,147,79,71,15,1,0,0
S01012799,424,172,137,47,48,14,2,3,0
S01012800,387,141,142,42,40,17,5,1,0
S01012801,249,132,90,15,6,6,0,1,0
S01012802,208,28,95,27,32,22,1,1,0
S01012803,258,62,111,42,34,8,0,0,0
S01012804,330,134,101,51,36,9,3,0,0
S01012805,365,110,115,68,44,19,4,0,0
S01012806,333,86,99,66,62,12,4,0,1
S01012807,229,32,89,42,46,15,3,2,2
S01012808,905,295,246,164,158,36,7,0,2
S01012809,341,179,98,39,19,8,0,0,0
S01012810,433,254,103,43,23,6,4,0,0
S01012811,387,158,149,43,28,6,1,0,2
S01012812,284,114,99,38,20,14,2,0,0
S01012813,406,99,176,55,60,15,1,0,0
S01012814,335,83,122,70,38,17,2,2,0
S01012815,338,56,86,78,89,19,9,1,0
S01012816,231,62,72,30,51,13,1,1,0
S01012817,175,12,40,62,40,15,5,0,1
S01012818,275,35,86,54,74,21,2,3,0
S01012819,356,158,109,50,25,6,2,1,1
S01012820,1554,153,426,403,434,113,17,8,0
S01012821,264,34,72,54,62,24,7,4,4
S01012822,233,123,66,26,19,5,0,0,0
S01012823,283,51,84,72,58,16,4,0,3
S01012824,267,80,80,43,45,14,11,0,2
S01012825,252,126,76,27,19,4,0,0,0
S01012826,226,70,60,52,32,11,1,1,2
S01012827,238,36,51,49,68,26,4,2,1
S01012828,361,88,107,68,80,22,3,0,0
S01012829,341,112,102,67,41,13,6,0,0
S01012830,320,108,105,57,33,15,3,0,1
S01012831,340,155,108,38,28,4,5,1,0
S01012832,253,79,67,45,38,16,8,1,2
S01012833,318,111,95,48,40,18,4,0,2
S01012834,309,103,110,49,32,11,0,1,0
S01012835,428,178,130,68,33,15,2,0,2
S01012836,236,35,70,42,65,15,3,0,2
S01012837,292,153,63,33,29,18,2,1,0
S01012838,368,184,95,50,30,7,2,0,0
S01012839,289,102,115,38,32,2,0,0,0
S01012840,309,44,102,66,71,18,3,0,1
S01012841,251,73,119,33,20,4,0,0,1
S01012842,213,60,89,35,25,4,0,0,0
S01012843,350,73,132,57,57,23,6,0,4
S01012844,253,45,94,49,40,16,4,0,0
S01012845,340,108,128,39,40,20,3,0,1
S01012846,513,289,163,38,23,0,0,0,0
S01012847,271,116,85,30,33,5,4,0,0
S01012848,254,50,73,47,63,18,4,3,0
S01012849,356,159,122,43,25,9,3,0,0
S01012850,329,110,122,52,30,9,5,1,0
S01012851,380,133,133,59,40,11,1,0,0
S01012852,299,62,138,41,36,17,4,1,0
S01012853,342,93,145,54,33,10,5,0,0
S01012854,371,142,151,56,18,7,1,0,0
S01012855,265,91,95,38,37,5,1,0,2
S01012856,712,302,244,101,46,15,0,0,0
S01012857,456,243,137,46,19,9,0,0,0
S01012858,446,291,102,29,15,4,2,0,0
S01012859,542,265,155,60,36,19,5,2,0
S01012860,391,162,126,49,40,12,2,0,0
S01012861,319,120,117,35,36,8,2,0,1
S01012862,299,168,81,22,22,3,5,0,0
S01012863,473,314,105,36,13,2,1,0,0
S01012864,435,271,114,35,14,3,0,1,0
S01012865,414,207,122,46,32,4,5,0,0
S01012866,393,173,137,47,22,9,5,0,0
S01012867,404,206,132,48,13,0,3,1,0
S01012868,303,166,78,34,15,6,1,0,0
S01012869,251,92,77,35,32,9,3,3,1
S01012870,448,184,151,57,49,7,0,0,0
S01012871,385,137,156,51,35,5,3,4,0
S01012872,329,114,100,59,38,13,4,0,0
S01012873,325,104,134,63,23,6,2,0,0
S01012874,390,157,112,63,39,10,0,3,0
S01012875,271,104,87,52,20,3,2,0,0
S01012876,478,174,140,84,55,19,4,4,0
S01012877,330,104,106,59,52,7,2,0,0
S01012878,560,138,212,110,81,25,3,0,0
S01012879,332,100,134,48,44,5,1,0,0
S01012880,380,95,159,57,46,17,0,1,0
S01012881,421,178,135,51,42,12,5,1,0
S01012882,225,79,70,36,29,8,3,0,0
S01012883,293,173,76,29,14,1,0,0,0
S01012884,269,166,48,26,24,3,0,2,0
S01012885,332,174,92,42,14,9,0,0,0
S01012886,346,86,131,77,38,9,3,0,2
S01012887,358,137,135,43,31,10,1,2,0
S01012888,333,81,141,46,52,11,0,0,1
S01012889,387,56,135,89,79,25,5,2,1
S01012890,345,91,121,68,42,16,3,1,0
S01012891,205,62,68,40,30,7,1,0,0
S01012892,636,286,188,79,64,15,4,0,0
S01012893,347,144,118,43,28,11,6,2,0
S01012894,829,103,229,180,234,62,17,4,0
S01012895,506,66,174,95,124,33,10,2,2
S01012896,460,288,103,33,27,8,0,0,0
S01012897,445,107,167,83,69,22,3,0,0
S01012898,178,13,51,44,60,10,4,0,0
S01012899,302,195,82,20,5,0,1,0,0
S01012900,1221,204,410,266,244,78,11,3,1
S01012901,356,163,100,43,33,11,4,0,0
S01012902,343,147,104,48,33,10,0,0,0
S01012903,382,161,117,49,42,10,1,2,0
S01012904,430,175,133,65,43,4,4,0,1
S01012905,268,97,75,44,31,13,6,0,0
S01012906,451,247,124,46,26,9,0,0,0
S01012907,463,209,145,55,35,14,2,0,0
S01012908,354,159,111,52,28,5,1,0,0
S01012909,275,141,85,29,14,6,0,0,0
S01012910,477,279,116,49,25,4,1,0,0
S01012911,363,145,125,47,32,8,6,0,0
S01012912,343,162,107,24,35,6,1,1,0
S01012913,414,180,141,50,36,7,0,0,0
S01012914,385,146,125,59,41,9,4,0,0
S01012915,507,174,143,73,86,23,6,0,1
S01012916,342,167,103,34,31,5,1,0,0
S01012917,263,56,101,57,38,8,3,0,0
S01012918,263,127,69,41,21,4,1,0,0
S01012919,201,90,60,25,22,4,0,0,0
S01012920,250,69,106,35,27,11,2,0,0
S01012921,323,146,99,42,27,11,2,0,0
S01012922,547,192,144,90,91,32,1,0,0
S01012923,303,105,90,57,38,11,4,0,0
S01012924,223,94,68,31,26,5,0,0,0
S01012925,199,41,90,29,29,7,0,0,0
S01012926,312,110,109,55,28,8,0,0,0
S01012927,336,122,100,50,53,15,0,3,0
S01012928,426,181,146,52,39,9,0,0,1
S01012929,334,114,123,52,34,11,0,0,0
S01012930,414,237,111,37,22,7,1,0,0
S01012931,572,261,192,63,43,10,2,0,1
S01012932,210,54,89,30,23,9,1,1,0
S01012933,381,158,103,62,35,18,1,4,1
S01012934,388,179,107,51,41,5,2,0,0
S01012935,362,104,110,72,57,14,6,0,0
S01012936,391,188,133,29,30,9,1,0,0
S01012937,300,117,98,43,34,7,3,0,0
S01012938,310,99,122,43,38,5,0,2,0
S01012939,222,34,87,51,32,13,6,2,0
S01012940,269,64,115,47,34,8,2,0,0
S01012941,271,40,107,50,51,17,5,0,2
S01012942,355,156,99,55,34,8,1,0,0
S01012943,282,63,117,43,47,13,0,0,1
S01012944,194,53,75,26,33,7,0,0,0
S01012945,360,53,146,81,68,9,3,0,0
S01012946,325,95,115,55,50,9,1,0,0
S01012947,151,19,65,34,28,4,2,0,0
S01012948,247,49,113,41,35,9,4,0,0
S01012949,296,86,127,41,29,9,2,1,0
S01012950,293,28,108,69,61,25,4,0,0
S01012951,354,23,95,78,119,30,10,2,0
S01012952,469,81,203,85,64,27,7,4,0
S01012953,285,92,121,43,21,6,0,0,0
S01012954,173,29,61,45,31,2,1,1,0
S01012955,427,107,140,76,74,24,5,0,0
S01012956,448,203,135,57,36,12,7,1,0
S01012957,275,125,94,24,21,7,4,1,0
S01012958,235,49,87,51,32,11,5,0,1
S01012959,227,62,97,40,23,5,0,0,0
S01012960,229,57,90,40,30,11,0,0,0
S01012961,235,64,91,40,28,10,2,0,0
S01012962,235,46,103,42,32,12,2,0,0
S01012963,252,38,90,56,47,8,4,1,0
S01012964,218,16,67,46,60,23,5,0,4
S01012965,256,73,85,46,29,16,3,1,0
S01012966,501,90,169,103,105,25,4,1,1
S01012967,177,41,63,29,25,10,8,2,0
S01012968,250,76,79,46,35,10,2,2,0
S01012969,330,111,103,51,38,17,8,0,2
S01012970,241,68,99,33,33,8,2,2,0
S01012971,301,58,89,65,51,23,11,4,0
S01012972,326,121,80,64,34,18,3,2,1
S01012973,344,110,113,52,51,14,2,2,0
S01012974,545,213,158,99,51,20,4,0,0
S01012975,269,120,68,42,26,7,5,0,2
S01012976,253,85,77,39,32,17,5,0,0
S01012977,278,91,77,56,32,20,6,1,0
S01012978,306,115,90,55,35,8,1,0,1
S01012979,242,52,87,43,41,14,3,2,0
S01012980,311,136,99,44,23,6,1,0,0
S01012981,328,128,111,47,33,12,0,0,0
S01012982,369,152,122,57,31,7,1,0,0
S01012983,324,103,122,44,36,17,2,0,0
S01012984,274,104,91,45,27,10,4,2,0
S01012985,320,96,106,71,36,8,2,0,0
S01012986,444,200,129,53,48,10,4,0,0
S01012987,343,143,125,40,33,7,1,0,0
S01012988,439,207,120,60,26,16,3,1,0
S01012989,448,170,151,71,36,14,1,1,0
S01012990,288,129,72,45,35,2,3,0,0
S01012991,378,135,121,63,41,16,2,1,0
S01012992,366,158,112,48,32,13,0,0,0
S01012993,355,170,95,55,21,8,0,1,2
S01012994,509,315,119,49,18,6,2,2,0
S01012995,334,104,133,56,34,9,0,2,0
S01012996,241,60,93,41,37,7,1,2,0
S01012997,202,77,66,28,25,5,2,0,0
S01012998,404,105,158,60,64,16,1,0,0
S01012999,212,95,58,29,24,8,1,0,0
S01013000,321,145,87,50,31,8,1,0,0
S01013001,135,36,49,23,13,9,0,1,0
S01013002,225,61,97,35,30,8,0,2,0
S01013003,230,52,92,35,34,16,0,0,0
S01013004,288,83,114,40,40,9,4,0,0
S01013005,401,108,150,64,67,15,1,2,0
S01013006,138,21,56,24,23,7,6,0,0
S01013007,452,136,194,59,53,10,0,0,0
S01013008,399,100,160,68,52,17,0,0,0
S01013009,271,85,107,34,30,9,1,0,0
S01013010,289,71,122,46,33,11,5,0,1
S01013011,269,66,99,44,42,18,2,0,0
S01013012,289,118,90,39,34,9,0,1,0
S01013013,398,87,144,76,65,20,5,0,1
S01013014,370,118,135,56,44,12,4,0,1
S01013015,322,81,129,48,51,16,0,0,0
S01013016,231,44,107,40,27,11,0,0,0
S01013017,391,111,168,44,47,15,3,0,0
S01013018,390,99,155,59,61,10,4,1,0
S01013019,378,112,137,54,55,16,3,2,1
S01013020,230,99,61,31,27,6,2,1,0
S01013021,193,44,65,45,31,7,1,0,0
S01013022,207,64,66,36,37,5,0,0,0
S01013023,343,72,170,39,41,22,3,0,0
S01013024,229,59,95,38,26,9,1,1,0
S01013025,463,103,191,92,57,18,4,0,0
S01013026,399,121,130,61,65,14,7,0,0
S01013027,406,138,119,72,49,16,5,1,2
S01013028,206,44,81,37,34,7,3,0,0
S01013029,288,113,83,43,31,13,7,0,0
S01013030,245,50,78,55,44,13,5,0,0
S01013031,282,91,85,42,34,17,3,0,0
S01013032,301,51,108,68,49,21,4,0,0
S01013033,323,94,107,59,46,16,0,2,0
S01013034,294,97,108,42,38,9,1,2,0
S01013035,306,111,97,45,43,9,0,0,0
S01013036,284,63,89,74,42,11,3,0,0
S01013037,285,73,120,47,34,9,0,0,0
S01013038,449,181,140,71,40,17,4,0,0
S01013039,179,26,64,40,38,10,0,0,0
S01013040,334,172,96,37,23,5,2,0,0
S01013041,265,96,101,45,21,0,0,0,0
S01013042,326,82,104,70,56,10,4,0,0
S01013043,286,82,106,39,31,12,9,1,4
S01013044,297,78,104,61,36,12,1,1,0
S01013045,291,82,97,43,57,7,4,2,0
S01013046,220,83,67,34,22,7,1,0,0
S01013047,352,75,127,79,60,7,4,1,0
S01013048,360,164,125,37,25,10,0,0,0
S01013049,392,149,144,52,39,10,2,0,0
S01013050,378,192,102,42,29,10,3,0,0
S01013051,429,183,142,58,26,17,0,0,0
S01013052,412,177,148,47,30,8,1,0,0
S01013053,368,216,93,32,17,7,2,1,0
S01013054,249,84,100,36,23,3,2,1,0
S01013055,336,156,96,41,36,6,1,0,0
S01013056,559,208,187,80,66,17,2,2,0
S01013057,425,168,105,72,43,32,7,0,1
S01013058,253,57,70,46,59,16,6,0,1
S01013059,548,229,202,49,55,15,1,0,0
S01013060,230,76,88,26,30,4,4,0,1
S01013061,395,108,156,60,62,7,0,0,0
S01013062,411,156,161,40,35,12,3,3,0
S01013063,362,127,133,42,45,12,4,2,2
S01013064,385,172,105,46,52,7,4,0,0
S01013065,410,178,146,49,28,6,2,0,0
S01013066,372,168,112,48,29,14,5,1,1
S01013067,400,154,151,49,34,8,0,0,0
S01013068,428,214,130,54,23,4,0,0,0
S01013069,389,154,158,50,17,7,0,0,1
S01013070,249,93,88,35,22,10,0,0,0
S01013071,380,114,180,61,8,7,3,0,0
S01013072,288,98,84,54,38,11,1,1,0
S01013073,607,191,204,97,90,15,6,1,1
S01013074,471,167,141,85,41,24,11,3,0
S01013075,481,271,104,52,36,11,2,5,0
S01013076,197,49,76,23,29,15,3,0,0
S01013077,339,127,108,64,38,8,4,2,0
S01013078,258,89,72,45,29,17,10,0,0
S01013079,390,71,115,83,79,36,5,2,1
S01013080,334,103,134,34,46,13,2,0,0
S01013081,429,93,166,65,87,20,4,0,0
S01013082,397,130,180,42,35,11,3,0,0
S01013083,236,88,71,38,27,6,0,1,0
S01013084,312,71,134,51,48,10,0,0,0
S01013085,208,71,73,33,20,7,3,1,0
S01013086,446,203,153,41,37,9,0,1,0
S01013087,340,83,154,47,38,13,5,0,0
S01013088,377,92,185,44,46,4,3,0,0
S01013089,441,230,140,41,21,6,2,0,0
S01013090,366,125,159,36,36,6,3,0,0
S01013091,338,152,145,21,12,3,4,0,0
S01013092,440,190,161,50,34,4,1,0,0
S01013093,215,53,106,24,28,5,1,0,0
S01013094,226,46,88,42,39,15,1,0,0
S01013095,250,24,102,45,59,14,6,0,0
S01013096,217,67,71,36,36,8,0,0,0
S01013097,390,86,132,67,77,17,5,1,0
S01013098,216,13,47,65,70,17,1,0,0
S01013099,435,199,152,35,38,12,0,0,0
S01013100,280,70,119,29,46,13,2,0,0
S01013101,466,225,137,53,43,6,4,0,0
S01013102,280,111,92,36,35,11,0,1,0
S01013103,346,67,122,67,72,21,2,0,0
S01013104,373,94,157,60,43,17,4,0,0
S01013105,404,113,157,62,51,15,1,1,0
S01013106,368,156,111,47,44,10,2,0,0
S01013107,506,91,196,90,93,26,6,0,2
S01013108,284,70,120,44,35,13,0,1,0
S01013109,528,133,198,86,73,26,8,1,0
S01013110,256,65,111,30,32,13,6,0,0
S01013111,180,58,83,14,17,5,1,0,0
S01013112,255,90,87,36,32,6,2,0,0
S01013113,370,138,130,38,46,12,7,1,0
S01013114,380,102,157,65,45,9,4,0,0
S01013115,328,177,94,36,18,4,1,0,0
S01013116,372,127,149,48,36,12,0,0,0
S01013117,262,104,67,41,38,12,0,0,0
S01013118,235,80,102,24,18,9,2,0,0
S01013119,351,110,152,38,38,10,3,0,0
S01013120,460,186,168,45,45,6,4,2,0
S01013121,163,58,60,21,18,4,0,0,0
S01013122,83,34,25,22,8,1,0,0,0
S01013123,554,288,163,59,26,11,6,1,0
S01013124,298,128,97,48,29,3,2,0,0
S01013125,405,189,130,39,39,7,0,0,0
S01013126,347,160,88,55,36,4,0,1,0
S01013127,383,158,103,58,36,18,10,0,0
S01013128,488,371,97,15,6,0,0,0,0
S01013129,596,318,146,68,34,19,4,3,0
S01013130,361,171,85,42,30,21,4,3,3
S01013131,310,140,93,50,22,9,0,0,0
S01013132,322,202,67,32,14,11,0,0,0
S01013133,513,290,122,49,38,17,1,0,0
S01013134,367,157,105,50,40,11,0,1,0
S01013135,436,228,95,54,32,17,4,3,0
S01013136,375,120,121,73,46,15,0,0,0
S01013137,300,97,100,45,32,18,4,0,1
S01013138,491,212,135,78,50,6,5,1,1
S01013139,345,163,81,54,32,10,4,1,0
S01013140,287,106,79,49,32,10,7,4,0
S01013141,482,235,112,54,60,9,7,3,1
S01013142,534,315,137,43,24,9,5,1,0
S01013143,346,150,120,31,35,11,3,0,0
S01013144,409,166,131,51,42,12,0,0,0
S01013145,331,141,94,47,30,10,2,0,0
S01013146,204,60,60,52,25,8,2,0,0
S01013147,377,133,124,58,41,17,4,0,0
S01013148,354,165,108,44,28,9,0,0,0
S01013149,396,181,118,56,34,6,2,0,0
S01013150,394,157,138,55,35,5,3,0,0
S01013151,221,92,70,28,17,9,3,0,0
S01013152,368,105,134,57,51,18,5,2,0
S01013153,397,155,101,80,42,12,5,2,0
S01013154,414,161,135,68,31,10,6,0,0
S01013155,374,141,102,66,39,14,5,3,2
S01013156,331,117,99,61,26,21,4,4,0
S01013157,437,136,140,81,46,21,7,3,1
S01013158,265,73,87,50,41,18,5,0,0
S01013159,247,83,101,34,20,6,1,1,1
S01013160,301,60,109,52,57,12,6,2,0
S01013161,479,203,138,70,46,16,6,0,1
S01013162,398,198,95,46,43,9,3,0,0
S01013163,234,39,107,46,31,8,1,0,0
S01013164,444,202,100,63,52,22,1,1,0
S01013165,410,151,132,68,43,9,5,2,0
S01013166,446,259,109,44,22,7,3,0,0
S01013167,440,273,88,38,31,12,0,0,0
S01013168,386,156,103,49,53,21,6,0,0
S01013169,438,210,133,47,31,14,2,1,0
S01013170,205,89,69,29,14,3,2,0,0
S01013171,225,53,85,35,40,9,2,0,0
S01013172,309,92,114,63,32,12,0,0,0
S01013173,355,145,118,50,28,5,3,0,0
S01013174,279,61,101,56,47,12,3,0,0
S01013175,372,112,131,62,55,6,4,0,0
S01013176,328,170,111,25,20,7,0,0,0
S01013177,275,111,91,40,24,4,1,0,0
S01013178,348,160,129,26,22,10,0,0,0
S01013179,346,109,139,52,30,7,4,3,0
S01013180,168,38,79,15,32,3,1,0,0
S01013181,312,84,137,48,29,6,1,0,0
S01013182,342,143,117,42,28,9,0,0,0
S01013183,317,89,118,50,47,8,3,0,0
S01013184,164,63,51,31,17,2,2,0,0
S01013185,314,106,111,60,27,5,0,1,0
S01013186,269,75,86,52,36,15,5,1,0
S01013187,318,114,101,40,47,18,0,0,0
S01013188,444,140,135,78,57,28,6,0,0
S01013189,189,51,69,37,23,6,2,1,0
S01013190,376,148,111,54,49,14,0,0,0
S01013191,492,80,171,114,106,22,0,0,1
S01013192,387,148,141,49,35,8,1,0,1
S01013193,569,231,214,65,50,7,1,0,0
S01013194,268,140,82,25,16,5,0,0,0
S01013195,832,518,197,75,31,14,1,0,0
S01013196,348,203,100,28,9,8,0,0,0
S01013197,305,111,119,37,28,8,1,1,0
S01013198,582,187,187,93,78,30,6,0,0
S01013199,518,268,163,54,22,8,2,2,1
S01013200,329,141,93,48,30,13,4,2,4
S01013201,383,175,93,50,41,17,4,2,2
S01013202,262,105,84,35,16,16,2,0,0
S01013203,353,164,117,41,24,8,2,1,0
S01013204,290,86,99,61,33,10,4,1,0
S01013205,275,98,79,50,25,19,5,3,0
S01013206,282,118,91,45,20,5,0,3,0
S01013207,502,231,129,66,40,32,2,1,0
S01013208,427,181,135,52,43,12,4,0,0
S01013209,419,213,129,36,34,4,3,0,0
S01013210,308,114,112,39,34,8,2,0,0
S01013211,404,190,140,41,26,4,4,0,0
S01013212,190,22,86,35,33,11,2,1,0
S01013213,206,42,85,43,25,8,2,0,0
S01013214,152,23,72,30,24,2,1,0,0
S01013215,606,173,181,101,108,32,10,1,0
S01013216,190,64,74,23,20,7,1,0,1
S01013217,287,79,101,57,38,11,2,0,0
S01013218,217,66,71,42,23,8,2,0,1
S01013219,199,62,83,33,16,7,1,0,0
S01013220,247,84,75,48,19,15,3,4,0
S01013221,369,117,118,71,49,8,3,3,0
S01013222,303,144,79,40,30,10,1,1,0
S01013223,563,300,160,56,37,2,3,2,0
S01013224,376,156,100,61,32,13,8,2,0
S01013225,306,78,101,59,42,20,6,0,0
S01013226,202,48,66,41,34,8,3,2,0
S01013227,323,159,92,41,21,5,1,0,0
S01013228,411,253,104,26,20,2,2,0,0
S01013229,368,149,127,61,27,3,1,0,0
S01013230,286,112,105,32,32,4,1,0,0
S01013231,312,133,112,38,24,2,2,1,0
S01013232,339,137,101,59,33,6,0,0,1
S01013233,284,102,104,32,34,9,2,0,0
S01013234,139,22,62,19,22,9,4,1,0
S01013235,359,147,138,38,28,5,2,0,0
S01013236,409,136,175,53,39,4,2,0,0
S01013237,341,124,123,43,39,10,3,0,0
S01013238,472,223,123,66,33,15,9,2,0
S01013239,378,126,141,57,43,12,0,0,0
S01013240,245,108,68,35,19,11,1,0,0
S01013241,350,86,159,63,36,6,1,1,0
S01013242,257,70,93,49,30,9,4,2,0
S01013243,295,114,98,45,29,4,4,0,0
S01013244,333,149,95,39,40,5,1,0,1
S01013245,401,125,137,65,57,10,2,4,1
S01013246,238,58,87,38,40,7,2,0,0
S01013247,337,146,108,43,38,1,0,0,0
S01013248,293,123,83,44,28,12,1,0,0
S01013249,186,57,60,40,24,3,0,0,0
S01013250,507,114,184,93,83,25,6,0,0
S01013251,318,112,87,47,45,17,2,3,1
S01013252,197,62,64,32,31,6,1,1,0
S01013253,319,106,114,43,41,13,6,0,0
S01013254,288,122,82,45,24,17,1,0,0
S01013255,356,99,129,66,43,14,2,0,1
S01013256,361,146,104,56,43,7,3,0,1
S01013257,415,221,125,35,26,6,2,0,0
S01013258,306,81,134,45,35,7,5,0,0
S01013259,335,93,120,64,41,14,2,0,0
S01013260,381,134,112,61,52,16,5,0,0
S01013261,351,118,109,60,43,13,4,4,0
S01013262,272,93,102,36,28,4,3,0,0
S01013263,196,37,92,30,33,7,0,0,0
S01013264,164,19,55,39,43,7,1,0,0
S01013265,206,17,71,53,46,16,3,1,1
S01013266,188,26,58,34,53,9,1,2,1
S01013267,238,85,82,39,19,10,2,0,0
S01013268,289,85,104,53,35,7,4,0,0
S01013269,739,174,253,130,140,29,7,1,1
S01013270,276,38,111,46,62,16,6,1,0
S01013271,243,45,126,39,25,8,0,0,0
S01013272,258,27,89,64,57,20,2,0,1
S01013273,330,39,110,89,68,24,2,1,1
S01013274,348,119,140,50,30,7,2,0,0
S01013275,252,61,93,44,42,7,2,2,2
S01013276,235,52,102,41,31,7,4,1,0
S01013277,365,89,133,70,55,12,6,0,0
S01013278,369,133,94,69,43,19,6,0,0
S01013279,266,81,91,44,26,16,5,3,0
S01013280,254,78,85,34,43,9,8,0,1
S01013281,360,125,117,61,41,13,3,0,0
S01013282,346,127,87,63,50,13,4,1,0
S01013283,438,196,134,51,38,15,1,3,0
S01013284,304,114,116,47,25,5,0,0,0
S01013285,268,104,92,44,32,3,0,0,0
S01013286,290,110,105,34,24,14,0,1,0
S01013287,282,57,122,51,42,8,0,0,0
S01013288,325,143,93,45,31,10,2,0,0
S01013289,474,77,181,86,94,22,5,2,0
S01013290,342,103,104,68,48,13,4,0,0
S01013291,249,44,84,56,53,11,0,0,0
S01013292,595,102,228,116,117,20,5,4,0
S01013293,273,67,121,45,36,4,0,0,0
S01013294,273,95,109,40,20,5,2,1,2
S01013295,325,127,124,44,19,7,0,0,0
S01013296,292,91,105,57,22,12,4,0,0
S01013297,310,119,96,49,33,6,1,3,0
S01013298,1082,190,356,246,228,50,8,5,0
S01013299,447,133,161,82,54,13,5,0,0
S01013300,349,142,122,52,26,8,1,2,0
S01013301,243,84,97,36,16,8,1,1,0
S01013302,332,85,139,57,42,17,0,0,0
S01013303,376,137,123,61,38,14,3,0,0
S01013304,435,199,117,59,38,19,7,0,0
S01013305,349,128,108,69,33,6,1,4,1
S01013306,494,262,113,74,29,8,5,3,0
S01013307,441,182,122,71,48,14,5,0,0
S01013308,389,143,101,67,53,21,1,1,0
S01013309,332,63,108,84,59,14,2,0,0
S01013310,245,81,65,45,40,13,1,0,0
S01013311,327,78,111,66,47,17,4,1,0
S01013312,519,212,155,73,51,18,2,3,0
S01013313,274,86,80,42,43,14,0,2,0
S01013314,335,137,106,53,30,9,0,0,0
S01013315,254,33,69,59,66,18,6,2,1
S01013316,254,64,103,38,29,19,1,0,0
S01013317,338,118,142,49,17,9,0,0,0
S01013318,245,64,92,40,40,10,2,0,0
S01013319,209,43,71,39,47,7,1,0,0
S01013320,356,76,108,85,71,12,2,2,0
S01013321,228,108,88,21,12,2,0,0,0
S01013322,268,57,95,58,44,9,6,1,3
S01013323,419,161,150,53,42,13,2,0,0
S01013324,279,117,64,58,27,12,5,0,0
S01013325,446,116,162,85,51,19,8,4,1
S01013326,210,67,60,43,21,11,5,1,0
S01013327,266,77,64,67,28,13,5,1,2
S01013328,236,71,72,38,32,11,11,2,0
S01013329,231,71,64,41,28,19,2,0,1
S01013330,450,152,164,66,54,13,4,0,2
S01013331,245,67,86,46,38,7,3,1,0
S01013332,285,78,92,54,51,9,6,1,0
S01013333,329,90,112,54,54,10,8,0,1
S01013334,316,93,115,62,26,15,4,2,0
S01013335,294,71,76,62,52,23,6,2,3
S01013336,342,129,86,56,33,20,10,5,1
S01013337,369,103,152,43,50,15,6,3,0
S01013338,167,18,36,36,40,22,7,2,0
S01013339,239,69,109,29,24,4,2,0,0
S01013340,332,92,154,47,36,4,0,0,0
S01013341,457,143,189,64,43,18,2,0,2
S01013342,319,154,74,39,30,11,5,4,1
S01013343,275,97,88,39,39,13,0,0,0
S01013344,352,137,84,59,50,24,5,2,0
S01013345,336,110,99,60,45,16,5,0,0
S01013346,287,45,100,55,62,20,5,0,0
S01013347,342,144,105,37,49,8,2,0,0
S01013348,317,88,94,66,62,4,2,1,0
S01013349,375,154,129,46,38,5,4,0,1
S01013350,286,116,91,39,29,14,2,2,0
S01013351,283,97,91,44,40,9,4,0,0
S01013352,330,108,111,56,44,10,3,1,1
S01013353,306,105,94,44,31,20,6,4,1
S01013354,331,105,129,41,38,9,1,0,0
S01013355,271,86,95,52,31,8,1,0,0
S01013356,308,121,92,43,31,12,4,0,1
S01013357,479,157,185,55,59,14,8,1,0
S01013358,374,142,116,63,35,12,4,2,1
S01013359,295,130,79,42,30,10,2,0,0
S01013360,300,93,102,54,35,10,2,1,0
S01013361,259,111,84,44,12,7,0,0,0
S01013362,205,75,70,27,23,4,3,0,0
S01013363,379,169,120,49,30,10,2,0,0
S01013364,405,124,139,74,46,17,3,0,1
S01013365,449,159,188,56,28,8,5,0,4
S01013366,341,82,131,72,50,7,0,0,0
S01013367,170,31,67,42,26,2,3,0,0
S01013368,304,86,117,62,27,11,2,0,0
S01013369,424,191,126,62,31,11,1,2,0
S01013370,355,173,106,38,25,11,2,0,0
S01013371,327,143,116,37,24,8,0,0,0
S01013372,581,237,177,89,59,15,4,0,0
S01013373,452,215,135,55,38,7,2,0,0
S01013374,447,202,132,52,37,16,3,1,2
S01013375,214,82,83,22,20,1,2,2,0
S01013376,265,99,87,44,29,6,4,0,0
S01013377,396,158,143,57,24,9,1,0,0
S01013378,412,150,148,59,45,11,0,0,0
S01013379,325,110,139,47,26,5,1,1,0
S01013380,1266,207,469,303,205,65,9,3,4
S01013381,191,68,63,38,19,5,2,0,0
S01013382,223,55,84,46,29,9,2,0,0
S01013383,382,188,103,49,27,9,5,0,0
S01013384,376,144,100,56,59,10,5,1,0
S01013385,208,73,86,19,20,4,2,0,0
S01013386,302,69,128,48,56,7,1,0,0
S01013387,259,75,84,52,36,7,7,0,0
S01013388,401,205,106,59,23,9,2,0,0
S01013389,329,128,107,53,29,4,5,0,0
S01013390,206,82,67,34,16,6,1,0,0
S01013391,166,42,61,25,25,7,2,0,1
S01013392,287,41,90,62,67,22,5,0,0
S01013393,337,129,114,45,36,9,2,1,2
S01013394,284,106,87,45,32,7,5,1,0
S01013395,301,138,87,52,23,4,4,0,0
S01013396,263,47,88,67,45,11,4,0,2
S01013397,370,121,138,57,48,10,2,0,1
S01013398,184,22,60,39,50,14,3,1,0
S01013399,395,82,113,76,90,23,7,4,0
S01013400,435,194,142,59,29,7,2,4,0
S01013401,1283,285,345,248,306,81,11,5,1
S01013402,457,109,128,83,108,26,5,0,0
S01013403,379,100,126,64,75,15,0,0,0
S01013404,220,52,79,32,45,9,0,1,0
S01013405,291,114,111,43,19,3,1,0,0
S01013406,284,93,99,48,31,11,3,1,0
S01013407,261,113,79,28,32,8,1,0,0
S01013408,289,118,81,49,31,14,4,0,0
S01013409,414,129,146,76,48,8,2,2,0
S01013410,298,131,87,38,32,11,1,0,0
S01013411,334,133,104,57,30,8,1,0,0
S01013412,333,127,113,46,37,4,7,0,0
S01013413,338,111,112,53,48,13,2,0,0
S01013414,462,287,122,34,16,6,0,0,0
S01013415,377,226,93,39,10,7,0,0,0
S01013416,273,117,76,42,26,9,3,2,0
S01013417,438,247,107,41,35,3,4,0,1
S01013418,255,78,89,37,30,20,1,0,0
S01013419,188,50,78,29,26,3,0,0,0
S01013420,256,111,83,39,17,4,0,0,0
S01013421,271,49,82,62,62,12,3,0,1
S01013422,311,89,117,62,36,11,0,0,0
S01013423,381,108,164,51,42,14,1,1,0
S01013424,179,35,77,31,27,3,2,0,0
S01013425,148,41,62,33,11,2,0,0,0
S01013426,337,118,125,54,21,9,3,0,0
S01013427,193,26,58,49,36,15,7,2,0
S01013428,354,119,113,67,43,15,0,1,0
S01013429,307,84,112,56,37,14,4,0,0
S01013430,362,85,166,57,39,12,4,0,0
S01013431,303,110,88,58,26,17,4,2,0
S01013432,321,91,111,61,38,11,5,1,0
S01013433,307,74,114,46,52,20,0,1,0
S01013434,238,54,95,36,44,5,3,0,0
S01013435,223,29,100,46,38,7,3,0,0
S01013436,336,92,117,53,55,16,1,2,0
S01013437,302,125,94,34,31,12,2,0,0
S01013438,283,105,99,43,25,10,0,0,1
S01013439,357,71,169,47,59,7,4,0,0
S01013440,382,62,182,65,53,20,0,0,0
S01013441,324,87,126,45,50,13,3,0,0
S01013442,330,127,115,40,33,12,4,0,0
S01013443,302,117,109,31,36,8,2,0,0
S01013444,553,315,177,37,23,3,0,0,0
S01013445,244,73,88,32,45,6,0,0,0
S01013446,332,124,117,40,38,12,0,0,0
S01013447,185,20,51,45,53,14,0,0,0
S01013448,364,151,133,36,36,10,0,0,0
S01013449,266,88,98,31,37,10,0,0,0
S01013450,248,75,93,34,28,6,1,0,0
S01013451,294,47,116,59,61,10,1,0,0
S01013452,329,68,131,52,65,13,1,0,0
S01013453,366,152,118,46,33,11,3,2,0
S01013454,344,106,127,51,46,12,0,4,0
S01013455,774,201,244,159,143,25,5,1,0
S01013456,371,171,101,47,46,3,2,1,0
S01013457,380,129,123,56,44,19,6,3,2
S01013458,528,137,179,90,98,20,4,0,0
S01013459,414,213,125,45,20,3,3,0,1
S01013460,361,129,103,63,44,17,7,1,0
S01013461,441,127,130,98,56,19,8,1,0
S01013462,356,115,140,64,31,5,2,0,0
S01013463,416,132,110,78,57,30,3,5,1
S01013464,324,124,121,43,27,5,4,0,0
S01013465,311,129,115,33,24,5,1,0,0
S01013466,134,26,64,20,15,1,1,0,0
S01013467,367,81,134,65,65,18,4,0,0
S01013468,334,164,101,37,22,10,0,2,1
S01013469,321,94,135,38,42,14,1,0,0
S01013470,332,122,105,73,28,6,0,0,0
S01013471,385,118,136,69,42,14,1,3,0
S01013472,250,42,74,60,57,12,2,3,0
S01013473,212,20,55,48,70,16,3,0,0
S01013474,212,46,70,38,46,10,4,0,0
S01013475,259,69,110,43,22,12,2,0,0
S01013476,256,79,111,43,19,7,0,0,0
S01013477,301,140,101,36,18,8,0,0,0
S01013478,355,133,107,50,46,17,1,2,0
S01013479,410,237,110,36,24,2,0,0,0
S01013480,303,115,100,50,28,10,4,0,0
S01013481,393,79,136,91,67,17,1,0,0
,,,,,,,,,
,,,,,,,,,
Cells in this table have been randomly adjusted to avoid the release of confidential data.,,,,,,,,,