Intermediate Zone - Data Zone 2011,Work mainly at or from home,Driving a car or van,Passenger in a car or van,Taxi or private hire,"Motorcycle, scooter or moped",On foot,Bicycle,"Bus, minibus or coach",Train,"Underground, subway or tram",Other
S01006506,129,242,13,8,2,17,10,26,1,0,13
S01006507,99,172,6,0,0,18,10,13,0,0,8
S01006508,82,181,7,0,0,7,2,21,1,0,7
S01006509,63,138,4,2,0,20,5,16,0,0,5
S01006510,81,152,4,0,1,15,4,11,0,0,5
S01006511,99,156,3,0,1,10,3,12,2,0,5
S01006512,83,138,2,0,0,4,4,2,0,0,8
S01006513,154,268,2,0,0,11,6,6,0,1,14
S01006514,155,235,8,0,1,20,6,9,1,0,13
S01006515,133,170,3,1,0,2,8,6,0,0,12
S01006516,94,96,2,1,1,10,5,10,1,0,7
S01006517,347,566,31,4,2,19,14,37,2,1,32
S01006518,86,126,2,0,0,8,5,5,1,0,7
S01006519,129,162,4,0,3,4,13,7,0,0,12
S01006520,116,146,4,1,0,12,10,5,2,0,6
S01006521,135,141,4,3,0,8,5,3,1,2,15
S01006522,108,145,8,1,0,3,17,8,0,0,6
S01006523,111,173,7,1,0,14,17,16,0,0,7
S01006524,160,140,6,1,0,18,17,12,1,0,7
S01006525,96,159,6,0,2,13,7,9,1,0,6
S01006526,82,161,10,6,1,27,7,52,5,0,9
S01006527,121,162,19,6,2,29,11,33,0,1,8
S01006528,102,199,24,5,1,58,9,46,2,1,10
S01006529,112,155,9,1,2,51,9,29,0,0,14
S01006530,70,119,14,1,2,32,7,30,0,0,6
S01006531,84,130,13,0,0,49,9,49,0,0,5
S01006532,85,131,6,0,1,41,4,11,1,0,6
S01006533,114,162,8,0,1,38,10,7,2,0,15
S01006534,135,171,7,1,0,62,8,15,1,0,15
S01006535,150,212,16,9,1,98,15,33,1,0,16
S01006536,130,149,6,3,0,97,6,26,4,0,14
S01006537,99,189,9,0,0,19,11,10,0,0,7
S01006538,79,153,6,1,0,13,6,12,0,0,1
S01006539,115,167,7,3,1,31,9,8,0,0,10
S01006540,150,210,4,4,0,37,14,13,2,0,11
S01006541,125,153,13,3,0,19,9,10,1,0,10
S01006542,141,222,11,2,1,33,9,20,4,0,13
S01006543,111,203,8,4,1,19,6,5,0,0,10
S01006544,185,253,12,2,0,48,11,17,0,0,12
S01006545,157,208,7,2,0,42,7,16,2,0,12
S01006546,88,123,7,1,0,18,7,9,2,1,11
S01006547,327,545,26,6,0,32,24,37,1,0,39
S01006548,95,172,8,3,1,13,7,6,1,0,7
S01006549,139,193,10,4,0,27,10,7,0,1,11
S01006550,125,189,7,1,2,15,4,8,0,2,10
S01006551,61,116,12,2,2,16,3,23,0,0,7
S01006552,139,228,13,2,4,35,4,25,2,0,15
S01006553,103,126,12,5,2,34,5,11,0,1,9
S01006554,98,179,17,1,2,50,6,28,2,0,7
S01006555,44,88,8,1,0,24,3,23,0,0,5
S01006556,82,153,22,0,1,38,3,30,1,0,5
S01006557,90,150,16,6,1,33,8,34,0,0,16
S01006558,81,84,2,0,0,93,18,13,1,0,10
S01006559,79,91,3,0,0,66,4,11,1,2,6
S01006560,146,153,10,2,1,90,9,12,2,0,18
S01006561,113,118,7,4,0,83,6,12,0,0,10
S01006562,116,185,8,3,0,73,7,7,3,0,12
S01006563,120,139,9,1,0,112,9,15,3,0,9
S01006564,114,79,9,1,0,136,12,35,5,0,9
S01006565,89,81,12,1,0,107,3,42,1,0,7
S01006566,125,118,8,2,1,125,14,27,3,0,10
S01006567,111,69,6,3,0,113,8,30,2,0,8
S01006568,136,144,7,0,0,175,8,48,4,0,16
S01006569,75,78,5,0,0,74,6,12,1,1,5
S01006570,112,152,7,3,0,74,7,9,1,0,5
S01006571,158,152,4,0,2,136,7,34,5,0,18
S01006572,136,160,8,3,2,50,11,10,1,3,12
S01006573,126,115,6,0,0,79,15,7,4,0,20
S01006574,168,176,7,1,0,89,9,6,3,0,16
S01006575,141,177,9,7,0,83,11,14,7,0,11
S01006576,123,114,5,2,0,62,11,11,0,0,14
S01006577,132,163,7,0,2,92,10,27,1,0,9
S01006578,152,161,12,3,0,147,13,47,8,0,17
S01006579,138,146,10,6,2,128,9,35,0,1,16
S01006580,122,127,6,1,0,85,12,16,4,0,15
S01006581,137,174,7,2,0,54,13,5,3,0,9
S01006582,133,122,11,0,0,121,12,53,4,0,16
S01006583,95,119,11,2,1,97,4,40,10,0,17
S01006584,98,120,4,0,1,109,6,28,3,0,9
S01006585,106,84,13,2,1,103,5,62,2,0,17
S01006586,172,111,6,4,0,191,14,79,7,1,29
S01006587,71,71,7,3,1,113,5,51,6,0,6
S01006588,92,66,5,2,0,108,4,45,3,0,12
S01006589,83,74,6,3,1,86,5,51,1,0,7
S01006590,156,94,11,0,2,111,8,41,7,0,11
S01006591,119,131,12,5,0,97,3,28,2,0,15
S01006592,129,134,11,3,0,78,7,19,2,0,21
S01006593,114,131,10,0,0,98,7,16,6,0,3
S01006594,57,112,6,5,0,40,5,23,5,0,10
S01006595,144,198,13,3,1,102,5,34,4,1,26
S01006596,142,155,6,6,1,79,4,19,2,0,10
S01006597,77,86,4,2,0,77,6,26,6,0,4
S01006598,121,176,6,4,0,56,6,10,3,0,14
S01006599,114,125,6,1,2,58,8,24,2,0,16
S01006600,137,214,15,2,0,65,12,31,1,0,18
S01006601,126,203,15,8,1,72,6,22,3,0,14
S01006602,123,141,10,1,1,61,12,14,4,0,12
S01006603,63,136,19,0,1,19,4,38,4,0,8
S01006604,79,158,17,3,0,28,1,31,2,0,7
S01006605,54,157,13,3,0,33,2,27,3,0,8
S01006606,89,169,9,3,0,23,5,19,1,0,12
S01006607,101,203,30,1,2,36,4,33,2,0,13
S01006608,406,784,42,5,5,50,11,43,4,0,53
S01006609,102,213,23,7,0,42,14,32,4,0,13
S01006610,51,89,23,1,1,16,4,28,0,0,4
S01006611,97,226,27,4,4,29,1,43,1,0,8
S01006612,103,204,22,1,1,14,5,36,0,0,19
S01006613,71,157,6,2,0,4,3,15,0,0,7
S01006614,93,230,21,0,1,8,2,12,0,0,9
S01006615,146,210,15,4,1,8,2,12,3,0,21
S01006616,116,214,15,3,0,13,4,17,0,0,10
S01006617,84,214,14,0,4,16,7,21,1,0,12
S01006618,51,125,10,1,0,7,3,12,0,0,4
S01006619,115,210,17,2,1,15,4,26,1,0,11
S01006620,111,199,16,0,3,23,2,28,0,0,11
S01006621,69,135,10,4,1,13,2,15,0,0,5
S01006622,101,216,6,2,0,15,0,16,1,0,9
S01006623,119,214,27,4,3,45,6,49,2,0,14
S01006624,148,205,32,2,1,93,17,49,7,0,10
S01006625,54,109,18,0,0,54,4,18,1,0,10
S01006626,50,104,9,3,3,33,3,25,0,0,5
S01006627,96,127,25,4,4,83,7,52,0,0,7
S01006628,100,124,28,1,1,106,8,68,2,0,2
S01006629,100,126,18,1,0,55,4,33,4,0,8
S01006630,73,131,17,0,1,46,4,42,2,0,11
S01006631,92,165,16,3,0,61,11,43,4,0,7
S01006632,88,107,13,1,2,53,9,34,1,0,6
S01006633,59,118,12,5,1,49,6,26,2,0,10
S01006634,65,82,21,0,0,30,4,32,1,0,4
S01006635,67,127,14,3,2,48,5,20,2,1,6
S01006636,80,131,22,2,0,34,3,38,2,1,5
S01006637,77,103,11,0,1,71,6,28,3,0,11
S01006638,91,91,8,5,0,78,11,34,1,0,7
S01006639,94,85,15,2,1,114,7,48,5,0,8
S01006640,139,144,9,0,1,107,14,36,5,0,22
S01006641,123,152,15,5,1,127,17,55,3,0,8
S01006642,81,97,14,4,0,105,3,51,3,0,11
S01006643,77,90,8,4,0,76,6,32,4,0,8
S01006644,154,202,25,5,1,107,5,45,0,1,21
S01006645,83,50,6,2,2,69,6,33,1,1,5
S01006646,81,67,3,1,0,108,8,24,2,0,7
S01006647,61,83,10,1,4,81,3,34,5,0,10
S01006648,144,109,11,3,0,149,9,54,1,0,8
S01006649,131,130,8,1,0,117,11,45,1,0,6
S01006650,81,82,11,0,1,75,12,45,0,0,4
S01006651,52,48,5,1,0,45,9,28,0,0,2
S01006652,60,78,5,4,1,79,6,49,5,0,3
S01006653,78,100,8,0,0,52,15,19,1,0,6
S01006654,76,125,11,2,0,78,6,25,3,0,9
S01006655,161,202,11,3,1,105,4,31,1,0,10
S01006656,114,111,11,4,2,143,6,43,2,0,5
S01006657,68,62,7,1,0,47,9,20,0,0,7
S01006658,180,176,19,8,1,131,16,60,3,0,8
S01006659,82,58,4,2,1,62,7,15,4,0,2
S01006660,62,57,5,4,0,43,6,31,0,0,5
S01006661,51,61,5,5,1,23,5,11,2,0,2
S01006662,82,79,9,0,3,41,8,27,1,0,2
S01006663,49,39,7,3,0,41,6,14,1,0,0
S01006664,44,40,5,0,2,47,1,14,1,0,1
S01006665,65,67,2,3,0,56,8,25,1,0,2
S01006666,137,202,22,9,3,68,11,70,2,0,24
S01006667,70,96,13,3,2,44,0,54,0,0,3
S01006668,65,92,8,1,0,45,7,30,1,0,9
S01006669,81,77,9,0,0,48,7,29,1,0,6
S01006670,84,101,10,6,2,49,9,19,0,0,7
S01006671,70,87,13,0,0,27,4,27,0,0,6
S01006672,67,70,14,1,0,41,8,45,0,0,5
S01006673,82,99,18,0,2,41,6,32,0,0,5
S01006674,87,112,11,3,0,23,5,42,7,0,3
S01006675,87,126,19,0,1,36,6,49,0,0,7
S01006676,79,108,15,0,0,31,6,24,0,0,2
S01006677,120,158,19,1,0,57,9,67,1,2,6
S01006678,180,277,36,5,5,73,22,81,2,0,13
S01006679,82,125,9,0,0,29,4,27,0,0,8
S01006680,119,159,28,3,5,39,7,53,2,0,6
S01006681,101,197,11,3,1,18,7,46,0,0,10
S01006682,99,111,26,1,1,43,7,43,0,0,8
S01006683,81,144,19,4,3,61,15,60,2,2,9
S01006684,81,106,8,0,0,28,5,31,2,1,7
S01006685,65,125,14,1,1,34,4,46,2,0,4
S01006686,48,107,19,0,0,22,4,29,0,0,4
S01006687,87,152,13,2,0,42,5,42,0,0,8
S01006688,108,125,17,3,2,39,5,20,0,0,5
S01006689,166,215,17,4,2,82,9,16,3,0,17
S01006690,87,107,18,2,1,31,7,28,4,0,9
S01006691,84,122,15,2,3,56,4,24,0,0,10
S01006692,83,137,7,0,0,47,8,12,0,0,10
S01006693,111,196,25,5,3,64,11,56,5,0,13
S01006694,74,142,19,3,2,52,1,37,0,0,4
S01006695,104,144,6,2,1,40,4,32,2,0,12
S01006696,84,131,15,5,0,60,1,35,4,0,7
S01006697,89,134,12,6,2,61,3,46,0,0,8
S01006698,69,108,11,1,0,43,3,37,0,0,5
S01006699,68,61,4,2,1,27,4,9,0,0,3
S01006700,93,105,16,2,0,46,7,21,2,1,9
S01006701,72,136,21,5,0,44,4,36,0,0,3
S01006702,79,181,29,2,1,37,3,33,0,0,9
S01006703,61,118,20,3,0,31,1,31,0,1,11
S01006704,63,116,8,3,0,31,1,38,1,0,3
S01006705,97,146,21,3,1,46,2,43,0,0,4
S01006706,64,145,18,3,0,33,1,24,0,0,6
S01006707,51,77,16,1,0,30,3,13,0,0,0
S01006708,85,174,29,6,0,29,2,27,2,0,8
S01006709,93,183,15,4,1,25,5,42,0,0,11
S01006710,79,179,19,6,2,20,5,29,0,0,4
S01006711,86,199,22,3,0,33,7,24,0,0,5
S01006712,48,131,10,2,1,14,0,24,0,0,3
S01006713,99,195,18,4,2,40,6,48,1,0,10
S01006714,77,125,20,1,1,23,2,30,0,0,6
S01006715,52,127,14,0,2,18,1,31,0,0,5
S01006716,39,116,14,1,0,22,2,38,2,0,4
S01006717,117,169,25,3,1,28,2,39,0,0,14
S01006718,51,135,13,1,1,19,3,30,1,0,6
S01006719,98,224,29,2,4,20,5,45,2,1,9
S01006720,57,148,14,0,4,18,4,28,0,0,3
S01006721,95,178,16,4,2,12,6,35,0,0,6
S01006722,76,164,16,4,0,21,0,32,2,0,4
S01006723,56,144,13,1,1,22,4,23,1,0,6
S01006724,94,137,12,4,1,33,3,60,0,0,2
S01006725,71,144,15,2,3,14,4,32,0,0,11
S01006726,61,99,18,0,0,31,1,43,0,0,6
S01006727,94,168,19,4,3,45,4,70,0,0,7
S01006728,86,178,19,1,1,15,1,52,0,0,6
S01006729,99,167,30,4,0,46,8,64,0,0,8
S01006730,76,157,17,7,2,15,2,38,0,0,5
S01006731,47,113,15,3,1,8,3,33,1,0,4
S01006732,293,516,18,1,3,22,13,26,1,0,35
S01006733,150,243,8,2,0,6,2,11,0,0,16
S01006734,138,270,9,2,0,11,3,18,4,0,18
S01006735,65,96,6,1,0,8,4,3,2,0,6
S01006736,163,344,18,4,4,8,9,10,1,0,14
S01006737,275,455,12,11,0,26,7,30,2,0,33
S01006738,237,518,36,6,3,54,5,73,0,1,26
S01006739,274,582,37,4,4,38,7,69,3,0,38
S01006740,83,169,11,2,3,17,6,26,1,0,7
S01006741,70,126,16,2,0,17,6,20,0,0,6
S01006742,38,109,6,1,3,11,0,15,0,0,5
S01006743,137,261,10,1,1,25,8,23,2,0,15
S01006744,66,128,6,0,0,18,6,24,1,0,3
S01006745,95,180,21,0,2,27,3,52,1,0,12
S01006746,88,224,12,4,0,18,4,23,0,0,10
S01006747,155,291,18,5,2,18,5,26,0,2,17
S01006748,219,410,22,8,0,47,9,46,11,0,28
S01006749,103,209,14,1,0,33,2,21,8,0,9
S01006750,62,147,10,0,0,12,4,16,5,0,5
S01006751,41,109,6,1,1,12,3,9,3,0,9
S01006752,66,150,10,0,0,24,2,12,11,1,11
S01006753,104,192,12,0,0,31,3,15,17,0,12
S01006754,92,213,11,3,0,20,6,11,7,1,15
S01006755,112,213,8,0,1,20,7,11,10,0,16
S01006756,122,214,10,3,1,7,4,4,0,0,15
S01006757,112,210,10,4,1,12,2,12,0,0,9
S01006758,77,175,12,4,2,19,4,15,2,0,17
S01006759,66,146,11,2,0,7,1,9,0,0,6
S01006760,67,162,8,3,0,9,0,17,0,0,11
S01006761,84,182,15,1,1,13,3,16,1,0,11
S01006762,233,427,12,3,3,17,8,19,2,0,26
S01006763,121,306,9,2,2,7,2,28,1,0,14
S01006764,107,225,8,0,0,28,0,21,0,0,13
S01006765,83,198,15,0,1,11,0,10,2,0,7
S01006766,100,162,11,0,0,9,0,12,0,0,10
S01006767,88,150,15,0,2,13,3,21,0,0,12
S01006768,84,141,9,0,1,4,3,3,2,0,11
S01006769,107,238,9,2,3,21,5,18,1,0,12
S01006770,66,144,6,3,0,11,4,16,0,0,3
S01006771,51,106,4,1,0,7,2,6,1,0,8
S01006772,80,248,12,3,3,10,1,13,0,0,5
S01006773,93,245,20,4,0,10,2,18,2,0,14
S01006774,61,146,10,0,0,13,5,7,0,0,9
S01006775,136,268,19,7,2,20,6,29,0,0,12
S01006776,49,103,5,3,0,14,0,15,0,0,6
S01006777,57,139,13,0,1,11,1,12,0,0,5
S01006778,61,140,6,0,1,17,4,14,0,0,9
S01006779,61,117,8,4,0,13,2,22,0,0,12
S01006780,56,104,9,0,2,14,5,17,0,0,5
S01006781,70,132,10,0,1,16,2,13,0,0,9
S01006782,120,203,16,3,1,16,5,26,0,0,15
S01006783,52,104,4,3,1,16,2,17,0,0,5
S01006784,74,147,8,2,0,23,7,22,0,0,7
S01006785,70,162,3,0,2,11,4,9,0,0,13
S01006786,122,205,12,4,0,18,6,9,0,0,13
S01006787,77,131,12,3,1,18,5,6,0,0,6
S01006788,372,714,21,11,2,24,18,46,4,1,53
S01006789,76,113,8,0,0,50,4,3,1,0,9
S01006790,86,153,12,1,0,62,15,7,1,0,11
S01006791,131,142,8,1,0,10,0,4,4,1,13
S01006792,97,114,4,0,0,15,2,2,0,0,10
S01006793,112,95,5,0,0,62,7,1,0,0,4
S01006794,70,122,3,0,0,32,2,3,0,0,11
S01006795,115,141,17,1,0,30,4,6,0,0,9
S01006796,134,217,16,3,0,22,3,4,0,0,24
S01006797,109,133,9,0,0,20,0,4,0,0,11
S01006798,122,168,5,4,2,6,1,1,0,0,13
S01006799,102,205,20,0,0,33,6,4,1,1,10
S01006800,179,190,6,3,0,10,5,0,1,0,18
S01006801,236,383,16,6,3,38,4,0,12,0,15
S01006802,125,218,7,0,0,12,1,2,5,0,8
S01006803,89,164,9,4,0,27,1,1,3,0,5
S01006804,86,226,9,1,2,30,1,2,10,0,9
S01006805,186,279,13,2,2,31,3,7,6,0,11
S01006806,179,359,10,2,0,0,1,0,5,0,9
S01006807,88,213,6,0,0,3,3,0,0,0,9
S01006808,126,196,7,2,0,9,2,6,0,0,13
S01006809,104,189,12,1,0,19,0,6,3,0,7
S01006810,150,196,6,0,0,19,1,11,2,0,10
S01006811,186,328,11,1,0,8,3,4,5,0,24
S01006812,140,289,6,2,2,6,4,5,0,0,17
S01006813,141,221,20,4,2,27,2,10,2,0,19
S01006814,125,201,6,5,0,18,1,1,1,0,19
S01006815,73,163,14,5,0,24,0,17,0,0,10
S01006816,78,147,3,2,0,25,2,9,1,0,5
S01006817,124,232,9,0,0,14,2,10,1,0,20
S01006818,142,235,10,1,5,8,2,7,6,0,14
S01006819,202,358,9,4,2,6,6,6,5,0,15
S01006820,95,216,6,2,1,9,3,3,0,0,17
S01006821,372,567,24,6,0,27,6,17,3,0,47
S01006822,204,335,17,3,2,12,5,0,3,0,21
S01006823,81,143,12,1,0,23,4,11,8,0,13
S01006824,105,151,23,2,2,70,0,19,18,0,10
S01006825,88,186,6,0,0,35,1,11,16,0,11
S01006826,131,178,12,1,1,32,3,2,9,0,12
S01006827,101,165,23,3,2,52,1,12,12,0,11
S01006828,104,192,6,4,1,62,2,12,7,1,13
S01006829,71,107,3,2,0,5,1,2,4,0,7
S01006830,82,152,9,3,0,21,7,4,4,0,9
S01006831,77,82,3,0,0,15,2,0,13,0,3
S01006832,123,195,9,1,0,31,4,4,7,1,8
S01006833,66,96,3,0,1,11,2,1,1,1,7
S01006834,79,145,5,1,0,12,1,1,2,0,10
S01006835,104,143,11,2,0,55,3,16,3,0,10
S01006836,83,157,8,4,0,15,2,8,9,0,13
S01006837,64,113,6,3,0,19,1,4,4,0,9
S01006838,96,180,11,3,2,22,4,6,5,0,10
S01006839,116,233,12,5,1,16,2,12,3,0,14
S01006840,178,296,23,4,1,8,0,11,2,0,21
S01006841,106,258,14,1,0,13,2,4,0,0,14
S01006842,88,194,10,4,1,20,3,6,4,0,11
S01006843,114,240,16,2,0,10,2,7,3,0,11
S01006844,93,181,10,2,0,19,2,9,2,0,3
S01006845,98,295,14,7,1,18,0,10,3,2,9
S01006846,58,150,15,1,2,15,1,6,2,0,4
S01006847,87,165,15,1,0,16,4,7,8,0,10
S01006848,313,483,16,7,3,13,10,13,0,0,45
S01006849,326,607,25,7,1,36,6,26,6,0,41
S01006850,122,258,12,5,1,39,5,17,6,1,13
S01006851,92,183,7,2,0,43,1,11,2,0,10
S01006852,93,115,8,4,0,5,0,2,4,0,12
S01006853,182,255,7,1,0,12,4,3,3,0,14
S01006854,126,221,8,0,0,9,4,13,0,0,8
S01006855,144,256,6,0,0,7,4,1,1,0,21
S01006856,123,224,12,1,1,2,2,0,0,0,16
S01006857,235,335,16,0,0,6,1,5,2,0,20
S01006858,121,213,2,0,0,12,3,0,2,0,6
S01006859,137,206,7,1,2,22,1,3,0,0,15
S01006860,55,93,3,1,1,28,4,11,0,0,5
S01006861,92,170,1,0,0,12,2,1,0,0,10
S01006862,85,175,7,0,0,27,2,4,0,0,7
S01006863,76,172,10,0,0,36,0,4,2,0,4
S01006864,100,190,9,4,0,30,0,10,0,0,8
S01006865,137,213,10,0,0,54,4,13,0,0,15
S01006866,63,102,4,0,0,15,1,2,0,0,8
S01006867,85,119,3,0,0,25,1,0,1,0,6
S01006868,99,200,7,0,0,38,11,4,0,0,9
S01006869,74,124,1,0,1,6,0,1,1,0,8
S01006870,60,132,3,0,0,12,0,0,0,0,4
S01006871,87,166,8,5,0,14,0,1,0,0,19
S01006872,202,333,10,0,1,13,1,4,0,0,25
S01006873,155,196,2,1,3,13,3,4,1,0,5
S01006874,113,168,9,2,0,5,3,0,1,0,12
S01006875,81,180,9,0,0,29,4,3,0,0,15
S01006876,182,262,10,2,2,16,1,0,0,0,13
S01006877,176,250,7,1,2,8,1,3,4,0,21
S01006878,123,191,9,0,1,6,2,0,1,0,8
S01006879,140,185,9,0,0,4,3,3,1,0,12
S01006880,130,235,4,4,0,4,0,4,1,0,14
S01006881,120,167,4,2,0,4,0,0,0,0,6
S01006882,32,85,9,0,1,16,0,1,0,0,1
S01006883,49,107,4,0,0,18,0,0,0,0,6
S01006884,117,223,9,0,1,31,3,7,1,0,11
S01006885,163,321,16,4,0,28,4,2,4,0,26
S01006886,172,296,7,1,0,6,5,5,2,0,8
S01006887,122,210,6,0,0,22,2,3,0,0,8
S01006888,168,280,4,0,0,7,1,0,2,0,18
S01006889,71,196,21,0,2,23,2,13,0,0,7
S01006890,83,162,7,0,1,8,0,3,3,0,5
S01006891,141,259,10,2,2,30,2,7,0,0,18
S01006892,82,138,17,3,0,13,3,2,2,0,9
S01006893,58,111,7,3,2,20,2,8,1,0,9
S01006894,96,219,10,0,2,35,6,5,1,0,7
S01006895,72,180,9,4,0,46,6,11,7,0,7
S01006896,86,196,13,1,0,48,5,2,8,0,8
S01006897,74,188,6,0,0,31,9,1,5,0,7
S01006898,89,184,14,0,0,31,6,8,12,0,10
S01006899,85,193,11,1,0,16,1,3,1,0,5
S01006900,54,140,8,2,2,12,2,4,8,0,7
S01006901,62,143,13,2,0,28,4,7,4,0,7
S01006902,68,152,9,2,0,37,3,0,2,0,4
S01006903,98,209,17,4,2,19,10,25,4,0,7
S01006904,78,137,7,0,0,29,2,13,3,1,7
S01006905,91,200,6,1,0,27,5,5,8,0,9
S01006906,77,153,13,0,0,44,6,4,5,0,10
S01006907,97,176,14,1,0,68,6,13,4,0,18
S01006908,94,194,7,0,0,72,4,4,4,0,5
S01006909,178,351,13,2,0,25,0,4,12,0,21
S01006910,173,301,13,1,1,14,2,5,3,2,25
S01006911,124,218,7,6,2,9,0,1,10,0,13
S01006912,148,280,15,3,0,6,3,2,5,0,16
S01006913,399,843,26,11,1,35,8,8,25,0,64
S01006914,114,217,11,1,4,5,0,6,3,0,12
S01006915,153,254,8,1,3,2,0,4,6,0,19
S01006916,82,139,2,2,0,13,2,3,7,0,2
S01006917,154,337,8,2,0,7,3,7,9,0,24
S01006918,74,120,3,2,2,6,0,5,6,0,7
S01006919,57,109,2,0,1,8,1,6,4,0,4
S01006920,50,141,0,1,2,7,4,4,2,0,7
S01006921,124,260,13,4,0,7,2,5,5,0,14
S01006922,105,205,8,3,3,11,0,8,1,0,19
S01006923,106,205,3,1,0,10,3,1,5,0,5
S01006924,101,170,8,4,0,3,0,1,4,0,10
S01006925,52,111,7,1,0,8,2,1,0,0,6
S01006926,131,232,6,2,0,15,2,8,0,1,11
S01006927,202,345,12,3,0,9,2,7,3,0,20
S01006928,171,343,23,6,4,27,4,19,3,0,26
S01006929,128,199,5,3,0,9,2,5,1,0,16
S01006930,107,211,2,0,4,14,4,5,4,0,12
S01006931,35,114,5,0,0,3,0,1,1,0,3
S01006932,205,372,16,0,4,18,1,14,0,0,16
S01006933,79,146,2,1,0,17,2,3,0,1,4
S01006934,185,342,14,1,0,14,3,13,2,0,21
S01006935,72,155,9,1,1,16,1,6,0,0,7
S01006936,84,151,8,2,0,21,1,10,0,0,4
S01006937,98,200,8,0,0,27,6,7,0,0,10
S01006938,34,122,8,1,0,11,5,6,1,0,6
S01006939,89,149,1,0,1,18,4,5,1,0,10
S01006940,97,225,13,2,1,37,5,6,0,0,15
S01006941,71,153,7,3,0,22,1,6,0,0,14
S01006942,133,257,7,2,0,17,1,9,2,0,17
S01006943,114,201,6,3,0,7,7,3,0,0,10
S01006944,190,355,16,4,0,21,3,13,0,1,22
S01006945,57,118,1,1,0,14,0,2,0,0,5
S01006946,92,202,6,0,0,8,1,5,1,0,9
S01006947,122,269,7,1,1,14,0,11,5,0,20
S01006948,121,262,10,2,0,6,2,9,4,0,14
S01006949,106,207,7,0,0,1,1,3,3,0,11
S01006950,134,292,9,0,0,0,2,4,1,0,20
S01006951,59,132,7,2,0,4,1,7,1,0,8
S01006952,140,283,9,4,4,9,3,5,0,0,9
S01006953,116,241,7,0,2,12,0,4,0,0,15
S01006954,116,280,11,5,0,6,2,9,0,0,20
S01006955,69,170,7,1,0,6,3,11,0,0,6
S01006956,152,337,16,5,1,8,1,18,0,0,21
S01006957,158,340,17,2,4,1,3,7,0,0,19
S01006958,175,399,7,4,0,40,2,16,1,0,19
S01006959,62,159,8,1,0,32,0,11,1,0,4
S01006960,131,318,6,2,0,16,0,8,0,0,29
S01006961,127,329,11,4,0,15,1,13,0,0,25
S01006962,77,233,11,5,0,30,1,9,0,0,8
S01006963,77,177,5,0,0,18,1,7,0,0,11
S01006964,97,213,11,2,1,20,2,10,0,0,8
S01006965,40,122,7,0,0,11,1,5,0,0,14
S01006966,64,173,10,1,0,26,5,7,1,0,2
S01006967,64,219,10,1,0,14,1,8,0,0,8
S01006968,40,122,6,2,0,9,0,5,0,0,6
S01006969,128,224,13,1,0,31,2,8,1,0,9
S01006970,93,181,8,0,0,5,0,5,0,0,17
S01006971,52,117,6,0,0,20,0,10,0,0,7
S01006972,138,241,7,1,0,4,1,2,0,0,20
S01006973,121,251,5,1,0,6,0,8,0,0,12
S01006974,148,262,5,3,4,15,2,19,2,0,15
S01006975,202,315,7,4,2,7,2,9,1,0,24
S01006976,80,139,9,0,2,5,1,4,0,0,6
S01006977,126,240,11,0,1,7,1,4,2,0,10
S01006978,182,268,14,3,2,18,1,7,3,0,11
S01006979,149,306,11,2,0,20,0,5,4,0,16
S01006980,146,254,5,2,0,9,0,9,0,0,18
S01006981,120,246,10,3,1,9,5,10,1,1,5
S01006982,139,308,11,3,0,10,0,7,1,0,10
S01006983,89,208,13,2,1,13,3,7,0,0,4
S01006984,146,308,9,3,1,7,1,5,0,0,18
S01006985,130,271,7,0,0,42,3,11,0,1,10
S01006986,112,229,7,2,1,19,1,6,2,0,14
S01006987,82,153,9,2,0,19,0,9,1,0,15
S01006988,83,144,8,0,1,2,0,1,0,0,11
S01006989,210,384,16,3,0,6,2,3,3,1,28
S01006990,136,274,6,3,0,17,3,4,1,0,24
S01006991,43,135,4,1,0,11,1,5,1,0,4
S01006992,109,186,5,1,1,7,1,2,0,0,8
S01006993,99,149,4,3,0,5,0,4,0,0,11
S01006994,74,176,11,2,0,3,0,3,0,0,13
S01006995,171,261,14,1,0,7,1,4,3,0,20
S01006996,131,320,12,2,0,14,1,1,5,0,18
S01006997,146,222,6,1,3,6,2,0,4,0,21
S01006998,232,363,16,2,1,24,3,11,11,0,26
S01006999,148,293,9,0,0,4,1,2,2,0,7
S01007000,128,254,10,3,0,15,4,7,13,0,13
S01007001,139,259,13,0,0,49,5,6,14,0,16
S01007002,93,166,14,0,1,25,3,7,2,0,9
S01007003,103,173,10,1,0,8,2,1,2,0,9
S01007004,148,218,10,1,0,16,0,3,1,0,8
S01007005,160,256,9,0,0,1,1,0,0,0,11
S01007006,136,237,12,0,0,19,3,2,3,0,14
S01007007,164,226,9,0,1,6,5,4,2,0,8
S01007008,114,215,12,1,0,108,8,4,6,0,12
S01007009,94,227,12,0,1,79,6,6,8,0,7
S01007010,79,132,6,0,0,72,9,5,3,0,7
S01007011,67,150,9,4,0,113,8,13,1,0,6
S01007012,57,127,10,0,0,61,3,6,6,0,2
S01007013,103,150,7,0,0,8,2,0,2,0,15
S01007014,173,341,19,2,0,13,4,2,0,0,36
S01007015,109,203,13,3,0,1,2,1,3,0,11
S01007016,111,179,10,1,1,4,0,2,0,0,9
S01007017,86,245,20,1,0,93,4,7,0,0,14
S01007018,94,203,13,4,2,51,12,2,0,0,17
S01007019,45,138,8,2,0,51,2,2,0,0,10
S01007020,70,153,9,3,0,55,2,4,0,0,8
S01007021,72,205,11,4,2,74,6,7,0,0,8
S01007022,38,112,6,0,0,24,0,0,0,0,8
S01007023,72,128,14,3,0,4,3,5,0,0,8
S01007024,177,272,12,1,3,8,2,1,2,1,10
S01007025,68,205,14,4,0,36,1,21,5,0,14
S01007026,82,197,22,3,0,34,1,10,2,0,28
S01007027,107,219,12,1,3,42,2,12,0,0,29
S01007028,166,329,19,6,1,15,3,5,0,0,31
S01007029,121,152,6,0,3,2,2,3,1,0,11
S01007030,74,256,10,0,0,26,0,2,0,0,11
S01007031,77,162,11,1,0,13,1,4,0,0,5
S01007032,94,200,22,2,0,53,3,12,0,0,19
S01007033,58,172,16,3,0,30,2,3,0,0,13
S01007034,40,125,5,2,0,41,0,6,2,0,12
S01007035,82,221,26,2,1,56,2,11,0,0,7
S01007036,73,180,17,4,0,55,0,8,2,0,24
S01007037,89,252,28,4,0,26,5,13,0,0,19
S01007038,57,159,22,5,0,34,1,14,1,0,13
S01007039,93,262,32,7,1,38,8,20,0,0,32
S01007040,63,158,23,2,0,16,4,10,1,0,15
S01007041,89,173,15,3,0,28,1,17,2,0,20
S01007042,83,254,8,2,0,22,0,1,1,0,13
S01007043,169,235,11,1,0,12,2,4,0,0,14
S01007044,71,185,7,0,0,13,0,0,0,0,23
S01007045,129,210,8,1,0,8,3,5,0,0,16
S01007046,61,172,10,2,0,1,0,4,0,0,7
S01007047,112,180,9,0,0,10,0,5,1,0,8
S01007048,151,214,20,1,0,8,3,3,0,0,14
S01007049,80,241,24,2,0,28,0,6,0,0,18
S01007050,80,185,13,2,3,22,0,5,0,0,8
S01007051,79,236,8,0,0,26,1,2,1,0,14
S01007052,139,318,24,9,0,9,2,7,2,0,30
S01007053,92,164,6,2,0,8,0,0,0,0,9
S01007054,107,264,16,0,1,40,3,9,0,0,9
S01007055,111,176,10,1,0,10,0,2,2,0,13
S01007056,125,200,11,1,0,3,2,2,0,0,6
S01007057,54,132,5,0,0,12,0,6,0,0,7
S01007058,33,131,5,2,0,23,0,6,0,0,5
S01007059,120,276,16,5,0,33,5,10,3,0,21
S01007060,40,119,9,3,0,19,2,12,0,0,6
S01007061,165,286,10,3,0,5,2,6,1,2,23
S01007062,134,200,7,3,0,4,0,4,1,0,11
S01007063,69,185,6,5,2,13,4,3,0,0,10
S01007064,166,310,10,2,0,8,0,9,0,0,29
S01007065,101,155,8,3,1,15,0,1,1,0,14
S01007066,145,251,15,4,0,7,1,8,2,0,21
S01007067,54,135,6,3,0,7,0,7,0,2,5
S01007068,96,159,5,0,0,19,2,10,1,0,8
S01007069,105,223,17,3,2,13,2,23,0,0,10
S01007070,49,120,11,2,1,15,1,7,0,0,6
S01007071,87,264,12,3,0,20,1,23,0,0,12
S01007072,73,205,13,9,2,18,6,6,1,0,27
S01007073,132,230,19,2,2,26,4,3,3,0,23
S01007074,50,126,18,4,0,28,3,17,0,2,5
S01007075,78,166,22,9,2,34,8,18,0,0,6
S01007076,76,186,22,10,2,14,6,15,0,0,14
S01007077,48,189,23,3,1,22,2,7,0,0,12
S01007078,85,169,20,6,0,28,5,12,0,0,9
S01007079,83,222,25,8,0,47,2,11,0,1,12
S01007080,64,209,19,7,0,43,5,12,1,0,6
S01007081,81,142,18,12,2,53,14,17,0,0,6
S01007082,53,113,15,6,1,43,3,16,0,0,9
S01007083,101,193,32,11,0,63,11,19,0,0,13
S01007084,55,111,15,5,1,44,2,15,0,0,14
S01007085,116,155,21,6,1,85,5,44,3,0,13
S01007086,121,169,54,17,0,86,13,55,0,0,14
S01007087,95,152,22,7,0,67,5,40,0,0,11
S01007088,59,93,24,3,0,43,4,16,0,0,3
S01007089,52,147,10,4,2,6,3,5,0,0,16
S01007090,53,147,14,6,0,15,5,6,1,0,6
S01007091,101,214,21,7,2,43,3,13,2,0,25
S01007092,51,122,13,4,0,13,1,9,2,0,12
S01007093,101,240,13,12,0,19,2,6,0,0,14
S01007094,92,227,22,6,1,16,6,6,0,0,23
S01007095,84,176,5,5,1,7,1,2,1,1,12
S01007096,140,293,6,12,0,3,2,2,1,0,18
S01007097,275,762,35,22,0,21,10,15,4,0,101
S01007098,148,365,14,14,2,5,3,3,0,0,38
S01007099,110,281,26,4,0,2,0,2,0,0,28
S01007100,130,227,10,0,0,12,0,4,0,0,12
S01007101,65,204,17,4,0,15,2,21,0,2,6
S01007102,102,214,16,2,2,6,4,4,0,0,10
S01007103,81,226,15,4,0,9,2,15,0,0,28
S01007104,81,167,6,1,0,4,1,4,0,0,21
S01007105,61,121,5,0,0,18,0,10,1,0,18
S01007106,39,181,13,8,1,10,0,7,0,0,13
S01007107,98,226,9,4,0,5,1,2,0,0,23
S01007108,200,406,18,8,1,11,5,8,2,0,65
S01007109,84,203,26,0,1,16,4,17,2,0,12
S01007110,59,226,21,4,0,16,2,11,2,0,24
S01007111,55,116,8,0,0,11,1,14,2,0,9
S01007112,74,105,8,4,1,26,5,1,0,0,15
S01007113,60,126,3,3,0,29,1,4,1,0,14
S01007114,75,240,15,3,0,42,13,12,1,4,27
S01007115,67,126,10,2,0,18,6,6,1,0,23
S01007116,96,262,23,11,0,20,0,1,1,1,51
S01007117,39,101,8,5,0,8,6,3,1,0,15
S01007118,69,133,23,7,1,45,15,5,2,0,11
S01007119,57,137,11,1,0,48,7,15,0,0,10
S01007120,104,203,17,6,0,69,12,12,0,0,17
S01007121,55,81,16,2,0,56,0,6,1,0,5
S01007122,60,117,11,1,0,56,1,8,1,0,11
S01007123,63,151,17,2,0,66,6,15,1,0,10
S01007124,80,215,18,5,0,58,15,8,0,0,21
S01007125,50,173,14,2,2,86,6,7,2,0,10
S01007126,96,149,25,1,2,81,5,8,0,0,7
S01007127,120,138,21,6,1,116,6,18,1,1,5
S01007128,65,125,20,4,0,79,6,2,2,1,10
S01007129,137,278,8,1,0,5,7,6,4,0,5
S01007130,70,141,6,0,0,13,3,8,1,0,6
S01007131,98,196,8,2,0,5,1,6,0,0,8
S01007132,82,177,6,0,0,5,2,8,2,0,2
S01007133,118,170,12,0,1,5,0,10,0,0,7
S01007134,84,208,11,0,0,8,3,9,1,0,5
S01007135,90,146,4,2,0,2,5,3,1,0,3
S01007136,109,174,6,0,1,3,3,2,2,2,7
S01007137,121,258,4,0,0,4,4,7,4,0,12
S01007138,105,179,9,0,0,5,2,1,0,0,4
S01007139,105,212,7,3,0,2,1,1,3,0,6
S01007140,176,296,13,4,0,12,0,10,4,0,9
S01007141,184,363,10,2,0,16,5,9,3,0,5
S01007142,176,345,10,1,1,6,5,7,9,0,8
S01007143,75,213,4,0,0,6,0,3,4,0,13
S01007144,101,185,12,1,1,13,4,13,4,0,4
S01007145,98,208,7,0,0,15,6,15,2,0,3
S01007146,104,162,7,2,1,16,2,13,0,0,6
S01007147,75,172,11,0,0,7,4,12,3,0,3
S01007148,51,134,6,0,2,4,0,6,0,1,3
S01007149,62,107,6,3,0,7,0,7,2,0,2
S01007150,76,144,6,0,0,7,1,13,1,0,5
S01007151,182,320,14,0,1,19,4,22,5,0,14
S01007152,67,112,9,0,0,7,0,6,2,0,3
S01007153,81,168,8,0,0,9,2,12,5,0,0
S01007154,84,134,12,0,0,11,1,20,5,0,3
S01007155,78,143,8,1,0,8,2,17,5,0,2
S01007156,72,209,12,0,0,12,4,13,6,0,3
S01007157,72,193,8,0,2,13,2,11,4,0,6
S01007158,120,271,12,0,0,25,0,14,5,0,5
S01007159,149,307,23,1,2,43,11,31,9,0,9
S01007160,88,207,13,2,0,24,10,18,6,0,7
S01007161,89,147,10,2,0,23,7,14,4,0,6
S01007162,55,114,7,0,0,28,6,6,7,0,2
S01007163,95,208,19,0,0,16,3,11,7,0,1
S01007164,64,133,6,1,2,21,7,9,10,0,3
S01007165,89,181,6,0,0,21,2,2,7,0,4
S01007166,70,149,13,0,0,18,2,4,9,0,2
S01007167,96,163,8,1,1,11,3,6,8,0,6
S01007168,110,218,4,1,4,11,0,12,5,0,12
S01007169,99,157,5,0,0,15,1,6,6,0,2
S01007170,146,189,3,1,0,5,3,2,1,0,8
S01007171,190,413,29,2,0,27,10,7,9,0,8
S01007172,143,222,11,0,1,10,2,5,1,0,15
S01007173,116,254,13,0,0,26,6,6,7,0,16
S01007174,138,272,10,1,0,26,2,4,10,1,18
S01007175,75,180,16,2,0,22,3,5,4,0,8
S01007176,80,154,11,0,0,43,4,7,2,0,5
S01007177,48,110,10,0,0,33,2,16,6,0,5
S01007178,61,175,19,3,1,40,8,7,1,0,5
S01007179,77,178,9,1,0,15,5,4,7,0,10
S01007180,77,179,14,0,0,27,4,4,13,0,9
S01007181,72,135,7,0,0,28,3,4,11,0,9
S01007182,101,220,22,5,2,49,8,9,8,0,10
S01007183,111,246,31,0,0,60,2,15,11,0,5
S01007184,99,191,15,8,0,90,7,26,13,0,5
S01007185,83,145,17,0,2,56,2,21,10,0,4
S01007186,40,83,22,0,1,37,5,9,7,0,6
S01007187,93,124,18,3,0,78,4,18,5,0,1
S01007188,54,140,18,0,1,43,6,16,10,0,4
S01007189,76,154,17,1,1,31,5,16,10,0,7
S01007190,70,140,15,4,0,30,6,4,3,0,11
S01007191,41,112,12,2,0,27,3,9,2,0,2
S01007192,146,301,18,6,0,59,6,16,3,0,8
S01007193,58,173,20,2,1,42,3,4,2,0,1
S01007194,29,98,13,1,1,33,3,10,7,0,1
S01007195,40,122,27,1,0,20,3,17,4,0,2
S01007196,97,253,31,3,1,50,5,16,7,0,10
S01007197,49,117,20,2,0,32,5,12,1,0,2
S01007198,48,90,17,2,1,33,1,5,0,0,4
S01007199,55,97,22,1,0,33,1,13,2,0,1
S01007200,82,210,17,3,1,46,3,8,2,0,2
S01007201,56,144,16,0,0,22,5,6,3,0,3
S01007202,72,163,12,0,2,26,7,12,1,0,2
S01007203,55,114,12,2,0,19,3,8,1,0,4
S01007204,138,229,4,0,1,11,4,10,3,0,15
S01007205,98,148,7,3,0,10,3,0,5,0,9
S01007206,50,77,7,0,1,13,1,8,6,0,3
S01007207,68,201,12,2,0,33,7,13,10,0,9
S01007208,108,207,22,2,0,98,6,21,12,0,6
S01007209,80,121,11,1,0,55,1,16,12,0,8
S01007210,63,129,13,2,1,60,4,4,5,0,6
S01007211,87,168,11,4,1,75,11,13,5,0,6
S01007212,35,77,5,1,0,37,4,3,7,0,5
S01007213,89,151,9,1,0,64,8,9,8,0,16
S01007214,56,95,15,1,0,65,7,6,5,0,9
S01007215,56,80,11,0,0,40,1,6,5,0,6
S01007216,84,196,14,0,1,50,9,5,2,0,11
S01007217,76,223,21,2,1,41,8,20,11,0,6
S01007218,83,197,4,3,1,35,5,4,1,0,12
S01007219,73,158,13,4,1,29,12,15,3,0,10
S01007220,65,187,17,1,1,40,13,11,4,0,6
S01007221,103,255,14,4,2,22,6,3,9,0,20
S01007222,57,146,7,1,0,28,3,9,2,0,5
S01007223,88,152,4,2,3,8,3,4,3,0,10
S01007224,65,160,6,1,0,8,7,6,0,0,4
S01007225,133,241,15,0,2,11,1,5,1,0,14
S01007226,123,187,8,0,0,6,0,0,2,4,11
S01007227,101,253,17,1,0,25,3,12,3,0,6
S01007228,103,142,3,2,0,6,2,4,0,0,12
S01007229,191,344,19,1,0,24,0,1,5,0,15
S01007230,62,157,26,0,0,33,3,12,2,0,5
S01007231,58,178,16,0,0,47,2,10,3,0,3
S01007232,64,153,18,0,2,42,8,14,0,0,4
S01007233,53,165,12,1,0,44,1,9,0,0,5
S01007234,53,142,11,4,1,23,3,6,2,0,8
S01007235,78,180,16,1,1,41,1,8,2,1,8
S01007236,66,169,17,0,0,39,3,11,2,0,10
S01007237,55,173,11,1,0,36,3,3,0,1,5
S01007238,79,204,14,1,0,43,4,13,1,0,12
S01007239,99,218,9,1,1,26,2,4,0,0,15
S01007240,102,183,7,0,0,7,2,7,0,0,7
S01007241,100,191,11,0,2,8,4,5,3,0,4
S01007242,90,265,6,0,2,20,0,3,2,0,14
S01007243,91,179,8,0,0,9,2,6,0,0,7
S01007244,106,215,10,3,0,8,1,4,0,0,7
S01007245,91,202,11,3,0,4,1,2,3,0,3
S01007246,152,224,13,2,0,14,2,11,0,0,6
S01007247,112,183,13,2,1,8,1,3,0,0,10
S01007248,84,172,7,2,0,18,0,6,3,0,4
S01007249,55,108,5,0,0,28,2,2,0,0,5
S01007250,85,186,17,2,2,51,4,13,0,0,5
S01007251,49,126,10,1,0,30,4,13,0,0,2
S01007252,72,203,13,2,0,49,5,6,0,0,4
S01007253,161,377,20,0,1,27,6,12,0,0,11
S01007254,56,146,18,2,4,28,3,9,0,0,3
S01007255,60,137,33,1,2,46,5,16,0,0,3
S01007256,73,167,20,3,4,58,6,10,0,0,4
S01007257,61,109,11,1,0,52,0,8,0,0,0
S01007258,74,155,6,2,0,46,2,6,0,0,6
S01007259,69,195,17,2,0,70,0,15,2,0,4
S01007260,71,165,29,0,0,61,2,13,0,0,0
S01007261,117,191,23,0,0,23,3,10,0,0,7
S01007262,82,185,18,0,0,46,3,6,0,0,0
S01007263,72,138,17,2,0,40,4,9,1,0,3
S01007264,68,160,13,0,0,41,2,8,0,0,4
S01007265,86,196,17,1,0,74,8,14,2,0,4
S01007266,73,199,11,2,2,13,2,11,2,0,2
S01007267,82,196,7,0,0,2,4,4,0,0,4
S01007268,107,169,10,0,0,3,0,2,2,0,10
S01007269,59,115,5,0,0,4,0,1,0,0,2
S01007270,101,156,1,0,0,15,0,3,1,0,7
S01007271,106,260,16,1,1,26,0,9,2,0,3
S01007272,81,200,17,0,0,44,3,17,0,0,2
S01007273,65,157,14,0,1,22,2,10,1,0,3
S01007274,89,167,13,1,0,52,0,23,1,0,6
S01007275,80,124,13,0,0,20,0,8,1,0,5
S01007276,107,260,10,0,0,35,0,11,0,0,6
S01007277,88,169,14,0,2,28,0,3,1,0,4
S01007278,43,153,3,0,1,6,0,1,1,0,8
S01007279,129,142,5,0,1,11,0,0,4,0,9
S01007280,104,147,14,0,0,7,0,2,0,0,7
S01007281,185,237,15,1,2,4,0,2,2,0,11
S01007282,118,148,5,0,0,9,3,0,2,0,6
S01007283,127,190,5,5,2,17,4,1,4,0,7
S01007284,151,227,12,0,0,27,3,1,0,1,16
S01007285,193,233,22,0,1,36,4,3,0,0,11
S01007286,174,210,20,0,0,111,2,4,1,0,21
S01007287,171,106,9,0,0,48,7,2,3,0,16
S01007288,125,118,13,0,0,34,4,2,1,0,10
S01007289,116,208,15,2,1,56,5,8,1,2,11
S01007290,115,270,19,1,1,69,4,10,3,0,6
S01007291,88,120,13,0,1,60,0,5,2,0,10
S01007292,93,170,20,0,2,29,4,7,2,1,2
S01007293,69,170,22,0,2,58,1,26,2,0,3
S01007294,127,183,17,1,1,91,4,12,1,0,10
S01007295,45,77,9,0,0,62,1,7,0,0,2
S01007296,82,103,20,2,0,99,2,6,0,0,1
S01007297,115,171,21,1,2,114,17,14,5,0,12
S01007298,67,127,12,2,0,44,1,6,2,0,4
S01007299,106,154,19,0,1,74,3,12,2,1,7
S01007300,68,101,6,1,0,39,0,16,1,0,0
S01007301,173,337,33,2,1,25,6,26,6,0,13
S01007302,78,163,9,1,1,21,5,29,3,0,2
S01007303,170,296,17,0,1,25,10,8,3,0,9
S01007304,155,165,15,0,4,16,4,4,0,0,12
S01007305,110,206,16,0,2,6,8,11,3,0,7
S01007306,121,211,16,0,1,11,2,4,11,0,9
S01007307,172,234,13,0,2,10,4,3,5,0,13
S01007308,195,205,8,0,0,16,2,7,7,0,6
S01007309,153,167,4,1,0,18,0,2,0,0,8
S01007310,137,166,3,2,0,15,6,4,8,0,19
S01007311,118,162,11,0,1,74,3,2,0,0,9
S01007312,121,200,5,0,0,6,0,9,5,0,4
S01007313,214,266,19,1,0,28,8,4,0,0,6
S01007314,123,168,12,1,0,9,10,6,2,0,2
S01007315,126,177,21,2,0,46,5,5,1,0,1
S01007316,111,166,19,2,0,71,7,9,0,0,3
S01007317,133,193,21,2,0,66,6,4,0,0,3
S01007318,75,133,18,0,1,8,6,0,1,0,0
S01007319,110,157,29,0,0,18,5,5,0,0,7
S01007320,174,181,4,0,0,11,1,2,7,0,10
S01007321,126,148,7,2,0,12,1,1,0,1,10
S01007322,106,161,16,1,0,61,3,1,5,0,7
S01007323,63,103,10,0,0,35,0,0,3,0,1
S01007324,86,81,5,0,0,26,9,0,1,0,5
S01007325,161,196,16,0,1,28,11,5,0,2,4
S01007326,173,300,19,0,0,34,6,3,1,0,5
S01007327,104,159,10,0,0,84,4,3,0,0,4
S01007328,80,178,18,0,0,38,3,7,0,0,5
S01007329,144,167,12,0,0,25,3,8,0,2,5
S01007330,115,126,9,0,1,21,4,6,3,0,3
S01007331,191,302,17,3,0,23,2,9,0,1,9
S01007332,117,99,5,0,0,7,0,6,2,0,3
S01007333,90,177,10,0,1,40,0,2,0,0,8
S01007334,52,79,11,1,1,45,3,0,0,0,8
S01007335,92,162,25,2,0,63,4,7,0,0,6
S01007336,60,66,7,0,0,71,3,4,1,0,5
S01007337,72,122,19,1,0,61,1,4,0,0,3
S01007338,93,165,20,0,0,41,2,7,3,1,2
S01007339,66,122,4,1,0,40,2,4,2,0,10
S01007340,52,98,10,0,0,15,6,13,1,1,7
S01007341,75,144,8,2,1,23,7,12,4,0,2
S01007342,94,121,14,1,1,13,0,4,4,0,9
S01007343,129,143,8,0,1,12,4,8,9,0,9
S01007344,61,55,12,0,0,28,3,6,1,0,7
S01007345,51,72,8,1,0,44,3,1,0,0,5
S01007346,76,40,7,0,0,47,0,5,1,0,0
S01007347,69,96,7,1,1,56,1,4,1,0,1
S01007348,56,102,12,1,2,44,3,4,1,0,2
S01007349,56,61,5,1,2,37,0,2,2,1,9
S01007350,66,57,3,0,1,37,0,2,3,0,7
S01007351,110,157,15,0,0,26,1,4,8,0,8
S01007352,129,98,3,0,1,5,4,4,0,0,4
S01007353,81,139,7,1,0,4,3,6,4,0,7
S01007354,117,148,8,0,0,11,3,7,3,0,6
S01007355,195,187,9,3,0,25,6,2,6,0,12
S01007356,89,123,6,0,1,1,1,11,2,2,6
S01007357,113,167,14,0,1,19,7,6,3,0,3
S01007358,153,196,18,0,0,49,6,6,8,0,3
S01007359,106,161,20,1,1,20,2,15,7,0,9
S01007360,61,105,9,0,0,5,2,3,1,0,10
S01007361,118,191,19,3,1,20,8,6,4,2,10
S01007362,84,133,20,1,0,38,2,10,4,0,5
S01007363,68,112,6,6,0,31,0,4,4,0,2
S01007364,85,121,20,3,0,64,2,5,1,0,4
S01007365,58,89,7,0,0,29,0,7,2,0,3
S01007366,48,82,17,0,0,24,0,2,1,0,8
S01007367,54,77,24,1,0,61,3,5,0,0,7
S01007368,53,101,9,4,0,41,5,4,2,0,0
S01007369,90,135,17,0,0,46,5,9,3,0,4
S01007370,84,124,15,3,0,60,0,11,4,0,9
S01007371,95,128,16,0,0,48,0,6,4,0,10
S01007372,110,155,6,0,0,41,8,6,5,2,7
S01007373,93,134,0,0,1,12,2,6,6,0,8
S01007374,61,112,5,0,1,8,1,7,5,0,6
S01007375,63,78,2,0,0,6,0,3,3,0,5
S01007376,79,150,12,0,1,25,1,24,5,0,7
S01007377,107,156,4,0,1,6,4,11,4,0,6
S01007378,371,95,4,1,0,4,5,5,4,1,11
S01007379,96,128,11,2,0,13,8,18,6,0,1
S01007380,72,132,5,0,0,27,4,14,5,0,3
S01007381,95,109,6,0,1,6,7,3,5,0,3
S01007382,81,145,7,2,0,10,4,6,9,0,8
S01007383,119,138,18,0,2,13,6,5,12,0,6
S01007384,123,192,18,0,0,21,13,2,13,0,13
S01007385,103,173,7,0,2,24,7,3,13,0,4
S01007386,119,142,5,0,0,10,10,3,21,0,7
S01007387,118,147,4,0,0,7,4,7,16,0,9
S01007388,96,128,7,0,4,7,3,1,13,0,7
S01007389,53,147,17,2,1,23,3,10,5,0,2
S01007390,77,128,11,0,0,18,2,7,8,0,8
S01007391,90,110,4,0,0,15,2,0,6,0,1
S01007392,62,78,8,0,1,6,1,4,10,1,6
S01007393,96,91,5,0,0,27,3,1,17,0,6
S01007394,92,85,5,0,1,32,4,2,25,0,3
S01007395,127,156,30,0,3,79,4,17,29,0,3
S01007396,86,115,10,3,2,60,4,8,26,2,3
S01007397,138,164,16,0,0,48,3,3,23,4,7
S01007398,82,127,28,2,0,38,2,9,15,0,2
S01007399,67,94,10,1,4,24,4,17,13,0,3
S01007400,90,141,6,2,1,31,6,3,14,0,6
S01007401,103,162,8,0,4,34,12,9,23,0,10
S01007402,94,133,7,1,0,21,4,4,23,0,6
S01007403,168,335,18,3,2,34,6,16,28,0,9
S01007404,99,133,3,0,0,18,6,0,10,0,6
S01007405,118,144,6,2,1,4,3,1,23,1,5
S01007406,112,136,4,0,1,10,2,1,27,0,5
S01007407,108,146,10,2,0,9,1,2,14,0,7
S01007408,70,117,10,1,0,11,3,4,17,0,6
S01007409,72,169,20,1,1,11,3,8,0,0,1
S01007410,77,126,24,3,0,16,3,6,1,0,2
S01007411,75,178,30,2,2,21,4,18,2,0,4
S01007412,59,114,9,2,0,2,1,6,0,0,1
S01007413,130,269,23,1,2,9,4,6,1,0,2
S01007414,96,243,5,0,0,7,0,11,5,0,4
S01007415,89,194,17,1,0,18,2,29,1,0,4
S01007416,50,105,9,3,0,12,0,9,1,0,0
S01007417,161,295,18,1,1,5,1,5,16,0,10
S01007418,80,154,13,0,0,17,0,17,2,0,3
S01007419,89,221,18,0,0,22,4,21,1,0,0
S01007420,193,250,11,0,0,29,6,3,3,0,10
S01007421,102,173,14,0,0,13,0,10,7,0,3
S01007422,83,129,9,2,1,8,4,8,1,0,1
S01007423,122,219,11,0,2,11,6,11,8,0,2
S01007424,96,170,12,0,2,17,2,5,4,0,2
S01007425,103,207,17,0,0,15,2,11,4,1,2
S01007426,101,229,12,0,3,24,4,13,2,0,0
S01007427,59,154,8,1,0,6,1,12,3,0,0
S01007428,101,222,23,1,2,11,0,17,4,0,0
S01007429,127,268,10,3,2,16,0,18,10,0,5
S01007430,52,82,7,2,1,7,0,1,1,0,1
S01007431,58,119,11,1,0,8,1,4,3,0,3
S01007432,91,278,18,2,0,8,1,4,4,0,4
S01007433,173,246,20,1,0,19,2,11,5,1,6
S01007434,47,95,12,1,1,11,0,8,1,0,0
S01007435,69,172,4,0,0,17,1,12,4,0,5
S01007436,66,136,17,0,2,25,1,13,5,0,1
S01007437,49,91,9,1,0,10,2,12,1,0,1
S01007438,63,140,15,2,1,13,1,14,3,0,3
S01007439,63,148,13,1,0,16,3,17,0,0,5
S01007440,75,158,13,0,0,12,2,9,1,0,1
S01007441,62,128,2,0,0,5,1,7,1,0,5
S01007442,58,106,1,0,0,5,0,0,3,0,6
S01007443,122,172,5,2,0,31,3,2,4,2,6
S01007444,179,195,5,1,1,41,2,5,6,1,15
S01007445,109,155,5,3,0,12,3,4,2,0,1
S01007446,94,95,3,0,0,13,0,0,3,0,6
S01007447,103,97,2,0,0,3,1,0,2,0,4
S01007448,149,272,13,1,0,13,0,7,7,0,6
S01007449,89,217,31,2,2,16,4,7,3,0,5
S01007450,70,166,18,0,0,10,2,10,5,1,3
S01007451,69,162,9,3,0,5,2,8,3,0,4
S01007452,190,403,36,0,3,25,6,6,10,4,7
S01007453,135,259,9,0,0,4,2,3,8,0,4
S01007454,55,148,14,1,0,10,1,7,1,0,0
S01007455,92,187,28,3,1,32,7,10,3,0,0
S01007456,79,171,25,6,1,31,1,18,4,0,3
S01007457,120,267,18,0,0,28,2,12,5,0,0
S01007458,60,143,5,1,0,11,2,4,2,0,1
S01007459,69,145,11,0,0,12,5,2,4,0,0
S01007460,75,162,14,5,0,22,1,4,8,0,2
S01007461,65,134,20,2,4,36,6,16,7,0,3
S01007462,105,199,21,4,0,31,6,6,11,0,3
S01007463,99,151,21,1,2,60,4,10,8,1,2
S01007464,65,119,16,2,1,42,4,12,4,0,0
S01007465,70,131,16,2,1,60,1,8,9,0,0
S01007466,101,172,22,10,1,69,9,23,17,0,0
S01007467,123,226,17,0,1,40,5,3,11,1,5
S01007468,76,168,4,1,0,11,3,4,7,0,8
S01007469,110,287,27,4,2,24,3,8,10,0,6
S01007470,74,118,11,3,2,36,6,12,9,0,0
S01007471,57,132,9,1,0,11,2,3,2,0,0
S01007472,69,151,11,1,0,16,3,9,3,2,2
S01007473,56,98,2,1,0,12,5,6,3,2,2
S01007474,63,139,9,0,0,6,3,7,6,0,3
S01007475,131,228,7,0,0,14,1,9,2,0,4
S01007476,109,197,14,0,0,17,3,8,9,0,2
S01007477,69,130,7,1,2,18,2,2,8,0,7
S01007478,147,253,13,0,0,39,4,4,5,0,5
S01007479,90,174,9,2,1,19,1,3,6,1,1
S01007480,109,211,16,1,0,32,2,4,6,0,1
S01007481,88,257,14,1,0,17,1,0,2,0,8
S01007482,36,92,5,3,0,9,1,4,0,0,7
S01007483,63,191,13,4,0,35,3,4,0,0,3
S01007484,56,93,11,1,0,39,2,1,2,0,2
S01007485,27,54,9,0,0,26,4,3,1,0,2
S01007486,47,105,14,0,2,42,2,5,1,0,5
S01007487,58,101,13,2,1,82,3,2,3,0,4
S01007488,104,200,18,6,1,120,7,4,3,0,6
S01007489,85,193,13,3,0,36,4,2,2,0,2
S01007490,95,168,17,1,0,79,0,11,6,0,4
S01007491,100,253,28,1,0,77,5,3,1,0,5
S01007492,58,116,9,2,0,43,0,2,2,0,4
S01007493,74,198,19,4,0,30,7,6,2,0,6
S01007494,88,107,8,2,0,4,1,2,0,0,2
S01007495,136,199,19,1,0,11,2,0,4,0,3
S01007496,123,157,5,1,0,19,2,2,2,1,5
S01007497,97,143,10,1,0,6,4,4,1,0,4
S01007498,73,189,11,4,0,14,4,3,3,0,6
S01007499,134,201,18,0,3,12,3,6,2,1,2
S01007500,81,98,5,2,2,14,0,1,1,0,0
S01007501,110,104,8,0,0,14,1,0,0,0,4
S01007502,63,108,11,0,2,4,0,3,0,0,0
S01007503,164,201,11,1,1,25,1,7,0,0,3
S01007504,125,133,4,0,0,13,1,5,1,0,4
S01007505,72,95,5,0,1,3,0,1,0,0,1
S01007506,128,94,5,3,0,6,1,2,1,0,3
S01007507,86,173,16,0,0,37,2,0,0,0,6
S01007508,106,130,14,0,4,10,1,5,2,0,7
S01007509,118,137,6,0,0,4,1,0,2,0,4
S01007510,150,175,9,1,0,17,1,1,1,0,3
S01007511,75,141,17,3,0,27,0,5,0,0,6
S01007512,87,79,3,0,0,15,3,2,0,0,3
S01007513,87,203,24,0,0,75,5,7,0,0,0
S01007514,85,115,13,0,0,41,2,2,1,0,0
S01007515,86,155,6,0,0,46,5,5,0,0,2
S01007516,62,123,19,1,1,28,0,4,0,1,1
S01007517,42,76,3,0,0,11,3,1,1,0,2
S01007518,69,173,22,0,0,41,5,5,0,0,0
S01007519,72,67,1,0,0,4,0,2,0,0,4
S01007520,160,199,10,0,0,28,1,8,1,0,2
S01007521,96,90,7,0,0,10,1,0,2,0,10
S01007522,135,145,8,0,0,44,5,5,1,0,9
S01007523,109,142,3,0,0,8,2,4,0,0,2
S01007524,178,194,23,0,2,27,3,5,4,0,9
S01007525,59,147,12,1,2,36,10,1,2,0,2
S01007526,65,93,9,0,0,58,5,13,5,0,1
S01007527,79,168,22,2,0,39,16,2,3,0,3
S01007528,72,141,13,0,0,53,5,4,0,1,1
S01007529,77,122,6,0,1,24,4,1,1,1,0
S01007530,100,133,7,2,0,6,8,1,0,0,4
S01007531,131,132,5,0,0,11,7,4,2,0,6
S01007532,79,141,5,0,0,10,1,5,0,0,0
S01007533,65,111,5,0,0,3,2,2,0,0,4
S01007534,108,210,7,0,0,65,2,6,1,0,4
S01007535,82,198,10,0,0,64,8,6,4,2,4
S01007536,107,244,11,0,1,93,8,11,2,0,1
S01007537,104,240,8,2,1,82,3,7,1,1,2
S01007538,155,243,11,0,0,22,1,5,0,0,6
S01007539,78,166,7,0,0,12,6,3,0,0,2
S01007540,87,203,12,0,2,39,2,11,1,0,3
S01007541,71,190,20,1,1,30,5,5,2,0,6
S01007542,83,203,21,0,3,48,2,9,2,0,0
S01007543,101,243,37,1,3,52,6,16,3,0,7
S01007544,176,176,10,0,0,14,4,2,4,0,4
S01007545,133,202,18,0,3,11,1,8,0,0,4
S01007546,111,141,9,0,0,10,3,1,1,0,3
S01007547,160,138,8,1,1,5,2,0,1,0,2
S01007548,101,197,10,0,1,10,1,3,1,0,7
S01007549,140,159,7,2,0,14,6,7,0,0,3
S01007550,142,168,4,0,0,33,0,5,2,0,3
S01007551,152,151,6,0,0,5,2,3,5,0,2
S01007552,131,168,34,0,0,58,0,7,2,0,4
S01007553,81,134,15,1,1,55,4,10,0,0,0
S01007554,31,65,14,1,0,21,2,5,1,0,1
S01007555,65,117,10,0,0,34,3,2,3,0,3
S01007556,49,98,6,2,0,38,1,6,0,0,1
S01007557,91,247,23,2,1,65,10,15,1,0,2
S01007558,89,98,13,0,0,2,0,4,3,1,0
S01007559,128,182,6,0,0,12,2,7,1,0,3
S01007560,117,192,11,2,1,52,1,16,1,0,1
S01007561,63,152,9,1,0,35,1,0,1,0,0
S01007562,131,194,6,0,0,18,5,1,4,0,6
S01007563,145,151,2,0,0,21,2,6,2,0,7
S01007564,142,166,9,0,2,6,2,2,1,0,2
S01007565,151,281,14,0,0,11,5,9,1,0,2
S01007566,93,169,5,0,0,10,4,2,9,0,2
S01007567,111,167,5,2,0,19,0,1,1,0,2
S01007568,103,186,14,2,0,8,3,1,1,0,2
S01007569,125,203,12,0,1,8,3,10,2,0,4
S01007570,138,262,21,2,7,22,5,14,1,0,4
S01007571,97,147,3,0,0,6,0,3,1,0,2
S01007572,125,295,14,4,5,21,13,2,1,0,3
S01007573,129,316,12,2,3,21,10,9,1,0,1
S01007574,83,222,24,3,1,46,8,28,0,0,4
S01007575,71,127,17,2,1,31,4,25,0,0,3
S01007576,53,83,12,6,0,42,4,18,1,0,0
S01007577,62,116,27,0,0,42,11,15,0,1,1
S01007578,65,117,20,3,1,32,6,23,1,0,0
S01007579,59,119,24,2,2,36,3,16,0,0,3
S01007580,84,132,17,3,1,45,9,18,0,0,1
S01007581,64,98,17,0,3,26,2,8,1,0,0
S01007582,74,121,10,1,1,44,5,14,0,0,0
S01007583,88,141,30,4,1,85,8,19,0,0,3
S01007584,63,129,15,4,0,46,10,18,0,0,0
S01007585,104,225,24,0,2,44,18,4,1,0,4
S01007586,92,164,26,2,1,49,6,14,3,0,0
S01007587,91,144,10,1,1,48,10,6,2,0,1
S01007588,104,185,6,2,0,41,5,4,4,0,1
S01007589,84,167,12,1,0,61,7,11,1,0,4
S01007590,90,128,10,0,2,41,7,1,3,0,3
S01007591,71,128,13,0,1,27,0,3,0,0,0
S01007592,78,156,13,1,1,33,2,12,2,0,4
S01007593,128,254,17,4,2,41,11,5,2,0,2
S01007594,112,224,8,2,0,36,6,6,2,0,3
S01007595,181,234,13,1,0,27,7,10,1,1,5
S01007596,81,84,6,0,0,15,3,4,2,1,3
S01007597,87,155,9,0,4,6,2,9,0,0,4
S01007598,90,157,6,3,1,13,0,3,2,0,3
S01007599,121,207,12,1,0,31,9,7,0,0,2
S01007600,100,227,17,1,1,43,9,8,2,0,4
S01007601,83,203,8,2,1,34,9,5,1,0,0
S01007602,63,162,9,3,0,21,4,5,2,0,2
S01007603,85,229,17,4,0,13,3,6,0,0,3
S01007604,88,203,13,0,0,20,4,6,4,0,0
S01007605,95,249,16,1,1,17,6,8,2,0,1
S01007606,80,163,6,0,0,18,5,6,0,0,0
S01007607,62,167,8,1,0,22,4,4,0,0,2
S01007608,101,227,17,0,3,17,2,8,4,0,1
S01007609,90,212,22,6,2,63,12,14,5,0,2
S01007610,57,115,15,2,2,36,5,7,3,0,2
S01007611,94,136,12,1,0,59,7,12,3,0,1
S01007612,144,181,35,6,0,148,16,35,1,1,8
S01007613,92,147,3,2,1,59,7,4,3,1,1
S01007614,125,254,17,2,0,25,5,6,1,0,4
S01007615,129,270,17,1,0,70,9,10,1,0,1
S01007616,55,160,8,1,0,48,8,12,0,0,3
S01007617,40,121,12,2,2,8,1,17,0,0,0
S01007618,44,154,22,0,1,5,1,18,0,0,1
S01007619,56,194,22,1,1,11,4,21,0,0,0
S01007620,72,157,4,0,0,7,4,6,0,0,0
S01007621,51,198,14,3,0,15,1,7,0,0,1
S01007622,43,131,18,1,1,13,3,9,0,1,3
S01007623,80,153,14,0,0,7,1,4,2,0,1
S01007624,81,186,19,0,2,15,11,3,2,0,1
S01007625,62,140,10,0,0,4,4,7,0,0,1
S01007626,79,232,12,0,1,6,10,6,3,0,0
S01007627,313,730,41,1,0,59,18,7,3,0,8
S01007628,81,165,5,2,1,17,4,2,3,0,4
S01007629,110,197,10,0,0,11,0,4,1,0,2
S01007630,157,263,5,1,2,13,1,12,0,0,1
S01007631,97,146,11,0,1,9,1,3,5,0,1
S01007632,86,224,21,2,0,18,1,9,4,1,0
S01007633,98,278,15,0,1,24,1,24,0,1,0
S01007634,98,224,11,0,1,12,0,3,4,0,2
S01007635,55,155,6,0,0,19,1,3,0,0,3
S01007636,99,219,15,0,1,60,2,11,3,0,2
S01007637,83,276,25,0,1,51,3,12,2,0,3
S01007638,64,220,24,1,1,52,5,21,3,0,0
S01007639,80,226,25,0,0,68,6,14,0,0,0
S01007640,101,176,13,0,0,9,0,2,0,0,2
S01007641,136,205,8,2,1,26,7,24,1,0,3
S01007642,134,139,10,0,0,49,2,9,4,0,5
S01007643,94,159,9,0,2,69,5,9,4,0,4
S01007644,94,152,16,0,0,42,9,8,1,0,3
S01007645,119,103,3,2,0,3,1,3,0,0,1
S01007646,109,107,9,0,0,16,2,6,2,0,3
S01007647,73,159,9,0,0,47,3,1,1,0,2
S01007648,69,168,13,0,0,102,5,6,1,0,1
S01007649,83,190,19,0,1,57,5,1,0,0,0
S01007650,117,230,10,0,0,10,0,7,0,0,2
S01007651,130,164,8,0,0,6,2,0,1,1,4
S01007652,98,156,4,0,4,7,3,13,1,0,2
S01007653,142,213,6,0,0,12,0,4,1,0,2
S01007654,164,247,25,0,0,37,5,21,2,0,4
S01007655,166,172,4,0,0,11,1,2,1,0,5
S01007656,142,200,11,0,2,3,0,11,3,0,1
S01007657,94,101,9,0,0,6,0,0,3,0,4
S01007658,70,126,4,0,1,8,0,3,4,0,0
S01007659,102,219,17,5,1,20,5,8,1,0,7
S01007660,68,135,15,2,3,77,6,7,4,0,1
S01007661,80,155,17,0,1,54,3,10,5,0,4
S01007662,81,214,21,0,0,64,5,7,4,0,4
S01007663,71,199,11,0,1,58,2,9,7,1,3
S01007664,37,113,17,0,1,33,4,5,6,0,0
S01007665,82,181,12,0,0,42,7,6,5,0,3
S01007666,33,132,9,1,1,6,4,1,1,0,1
S01007667,75,201,13,0,0,22,6,1,0,0,2
S01007668,75,258,20,0,1,63,4,10,4,0,2
S01007669,52,120,24,0,0,38,6,9,2,0,1
S01007670,43,146,20,6,0,39,6,5,4,0,4
S01007671,154,236,11,0,0,24,5,2,6,1,2
S01007672,115,200,12,0,0,22,3,1,4,0,4
S01007673,57,174,12,1,0,12,0,12,0,0,0
S01007674,64,220,24,1,3,18,2,13,0,0,1
S01007675,77,192,2,0,2,9,0,7,0,0,3
S01007676,134,163,8,0,0,10,0,2,0,0,2
S01007677,73,210,14,0,0,39,0,4,3,0,3
S01007678,54,166,17,0,0,43,6,13,1,0,0
S01007679,68,148,13,1,0,30,2,5,0,0,1
S01007680,62,233,11,0,0,39,2,5,2,0,3
S01007681,50,81,2,0,0,18,4,3,3,0,1
S01007682,131,174,17,4,0,35,8,14,5,0,4
S01007683,101,131,14,3,1,65,4,22,3,2,2
S01007684,111,152,10,0,0,31,4,4,3,0,3
S01007685,113,121,9,0,1,42,5,14,0,1,6
S01007686,115,115,6,0,0,50,3,10,4,0,3
S01007687,125,138,7,3,0,72,12,22,8,0,0
S01007688,156,106,11,2,3,81,11,40,6,0,8
S01007689,70,68,3,1,1,62,5,26,2,1,0
S01007690,89,72,7,2,0,68,6,20,6,2,1
S01007691,119,73,13,0,0,131,9,34,6,0,15
S01007692,87,85,7,3,2,52,12,34,1,0,5
S01007693,46,58,1,1,0,56,7,27,3,0,3
S01007694,94,103,18,0,1,54,6,42,3,0,4
S01007695,96,100,5,2,0,66,8,39,2,2,3
S01007696,96,63,6,0,0,68,5,42,4,0,4
S01007697,141,156,16,6,3,83,10,40,5,0,1
S01007698,132,142,11,1,0,87,4,34,3,0,5
S01007699,94,90,9,0,0,69,7,54,4,0,3
S01007700,153,178,11,1,1,62,7,22,0,0,4
S01007701,57,58,12,1,1,46,5,18,2,0,2
S01007702,103,78,8,2,0,59,6,17,4,0,5
S01007703,133,127,13,0,0,85,7,24,1,0,2
S01007704,96,95,15,1,0,52,7,65,5,0,10
S01007705,60,32,4,1,0,50,6,28,2,0,0
S01007706,96,56,5,2,0,79,1,31,3,0,2
S01007707,205,230,17,3,0,101,13,39,7,2,6
S01007708,92,110,11,0,1,50,5,37,1,0,3
S01007709,72,65,11,1,1,52,4,40,1,0,1
S01007710,103,61,11,0,0,73,7,55,8,0,3
S01007711,91,97,15,0,0,76,3,61,2,1,2
S01007712,113,71,10,0,0,75,1,33,5,1,2
S01007713,61,73,10,1,0,29,3,25,5,0,0
S01007714,82,127,28,1,2,45,6,42,2,0,2
S01007715,100,82,19,3,4,47,4,37,4,0,4
S01007716,87,102,15,3,0,80,6,45,3,0,3
S01007717,76,92,8,1,0,47,2,39,3,0,3
S01007718,71,86,16,11,0,48,4,41,1,0,3
S01007719,94,128,17,8,2,62,1,42,3,0,2
S01007720,78,182,17,6,1,24,1,16,0,0,2
S01007721,126,169,25,2,0,40,6,53,1,0,4
S01007722,145,186,17,4,0,58,10,45,3,0,5
S01007723,81,150,31,8,1,38,3,35,2,0,1
S01007724,70,71,17,3,0,41,0,46,2,0,4
S01007725,96,113,18,2,2,52,4,37,5,0,4
S01007726,107,138,27,6,0,57,3,44,6,0,5
S01007727,101,121,24,3,1,66,5,46,1,0,8
S01007728,113,115,20,4,1,73,12,70,6,0,3
S01007729,122,133,19,6,0,56,7,55,4,1,3
S01007730,95,105,10,9,0,56,2,53,4,2,5
S01007731,134,142,22,4,0,52,6,54,4,0,3
S01007732,103,120,12,0,0,52,0,40,1,0,4
S01007733,160,188,27,1,0,42,3,29,2,0,5
S01007734,108,207,16,3,2,28,3,24,6,0,6
S01007735,126,188,9,1,0,15,1,16,0,0,3
S01007736,93,143,12,1,0,13,2,7,0,0,3
S01007737,145,183,26,4,0,42,6,46,4,0,6
S01007738,99,167,23,2,1,20,7,32,3,0,3
S01007739,51,77,6,1,0,13,1,20,0,0,1
S01007740,67,119,5,5,2,13,2,25,3,0,3
S01007741,69,116,13,3,0,16,5,24,1,0,2
S01007742,61,153,6,1,0,10,1,40,2,0,7
S01007743,112,188,28,2,2,27,8,46,7,0,3
S01007744,68,106,7,2,2,16,6,36,2,0,0
S01007745,81,103,17,4,1,17,0,31,1,0,4
S01007746,102,163,19,0,0,25,4,24,0,0,2
S01007747,51,85,5,0,0,17,0,22,2,0,3
S01007748,78,107,11,3,0,17,3,44,1,0,4
S01007749,95,150,9,2,0,10,2,13,3,0,5
S01007750,131,164,8,0,1,9,4,18,1,0,1
S01007751,86,132,12,2,0,14,0,13,3,0,4
S01007752,79,80,11,0,0,10,5,18,4,0,4
S01007753,58,101,17,1,0,13,1,25,1,0,1
S01007754,94,154,15,2,1,24,5,48,2,0,1
S01007755,46,115,17,1,2,24,3,37,0,0,2
S01007756,56,93,14,2,1,16,2,35,0,0,5
S01007757,85,192,17,0,4,14,4,16,4,0,6
S01007758,119,153,8,0,0,27,8,15,7,0,6
S01007759,129,180,15,2,2,49,4,42,9,0,1
S01007760,64,138,1,0,0,15,7,12,3,0,8
S01007761,139,188,11,3,0,17,12,19,9,0,6
S01007762,100,126,6,1,0,46,6,25,10,0,3
S01007763,61,86,7,1,0,11,2,15,1,0,0
S01007764,100,154,12,2,0,17,6,18,0,0,3
S01007765,79,153,7,1,1,10,4,16,1,0,4
S01007766,126,191,7,1,0,8,9,4,3,0,7
S01007767,109,194,11,1,0,21,4,11,3,1,6
S01007768,83,131,10,0,0,20,3,11,8,0,5
S01007769,93,152,12,1,0,7,5,7,3,0,4
S01007770,93,138,5,1,0,10,5,17,3,2,8
S01007771,78,124,8,3,0,4,4,7,2,0,5
S01007772,128,190,10,2,0,11,5,32,3,0,3
S01007773,94,173,7,1,0,6,8,11,3,0,5
S01007774,173,311,15,1,0,10,6,11,4,0,12
S01007775,123,213,13,0,0,16,5,17,2,0,4
S01007776,109,202,3,2,1,13,2,8,3,0,4
S01007777,189,357,15,1,0,7,7,10,6,0,12
S01007778,136,226,4,1,0,6,1,4,4,0,6
S01007779,93,220,13,4,0,11,4,18,0,0,4
S01007780,125,288,16,2,0,10,4,18,0,0,7
S01007781,145,326,21,1,0,22,3,29,1,0,10
S01007782,69,152,20,0,1,13,2,33,0,0,2
S01007783,83,155,25,4,0,15,3,44,1,0,3
S01007784,69,202,19,0,0,16,3,27,1,0,1
S01007785,53,81,19,0,0,13,5,25,3,0,1
S01007786,77,144,17,0,0,15,8,24,1,0,1
S01007787,70,133,20,6,0,17,2,33,1,0,1
S01007788,61,82,20,1,0,22,3,37,3,0,1
S01007789,62,121,18,1,1,17,3,28,0,0,2
S01007790,66,127,18,0,0,27,4,55,2,0,0
S01007791,120,222,7,3,0,8,0,10,2,0,4
S01007792,95,174,18,2,0,25,3,37,2,0,1
S01007793,82,188,26,3,0,24,1,60,2,0,4
S01007794,70,122,10,2,0,14,0,21,4,0,1
S01007795,73,153,16,5,0,16,6,28,1,0,2
S01007796,70,184,23,0,1,12,4,17,0,0,5
S01007797,70,152,28,4,0,10,4,28,1,0,0
S01007798,104,224,21,1,0,6,2,16,4,0,5
S01007799,93,207,13,1,0,5,3,9,0,1,4
S01007800,79,131,24,4,1,31,1,42,0,0,4
S01007801,66,123,23,3,3,23,5,35,0,0,7
S01007802,81,153,19,4,0,17,3,16,2,0,3
S01007803,76,144,16,3,1,35,5,40,0,0,2
S01007804,54,128,18,2,0,19,3,23,1,0,2
S01007805,37,105,11,1,0,18,5,26,1,0,4
S01007806,87,163,23,1,0,25,1,33,0,0,2
S01007807,115,253,20,0,1,11,3,24,0,0,1
S01007808,84,197,25,3,1,24,5,35,3,0,9
S01007809,105,223,22,4,1,23,5,26,2,0,5
S01007810,94,179,32,7,2,23,3,34,1,0,4
S01007811,139,279,37,7,2,17,6,52,1,0,9
S01007812,100,128,13,0,0,21,4,35,2,0,3
S01007813,59,139,18,2,2,19,2,32,0,0,2
S01007814,57,149,23,2,4,6,0,12,1,0,1
S01007815,107,196,18,3,2,7,0,21,1,0,0
S01007816,80,141,17,0,0,16,0,15,0,0,1
S01007817,33,107,11,2,4,14,1,13,0,0,2
S01007818,97,201,22,2,0,11,2,29,0,0,6
S01007819,116,217,24,1,0,19,2,29,0,0,5
S01007820,123,196,24,0,0,28,3,21,4,0,2
S01007821,59,109,11,2,1,21,2,10,4,0,3
S01007822,92,162,19,0,0,21,0,9,2,0,4
S01007823,65,163,24,0,0,15,2,10,4,0,4
S01007824,98,188,17,4,2,31,5,14,4,0,3
S01007825,111,201,26,4,0,43,3,26,2,0,6
S01007826,83,150,24,0,2,36,2,28,0,0,3
S01007827,70,141,8,1,1,34,5,24,0,0,4
S01007828,117,169,19,5,0,57,2,44,5,0,4
S01007829,67,104,9,1,0,27,2,13,3,0,2
S01007830,105,114,23,5,2,50,2,30,1,0,2
S01007831,132,172,26,4,0,49,2,39,4,0,2
S01007832,60,83,9,1,0,35,1,18,3,0,2
S01007833,61,121,12,6,2,36,5,16,1,0,1
S01007834,96,112,11,5,1,60,2,48,1,0,9
S01007835,64,129,16,1,0,33,3,23,2,0,0
S01007836,62,116,8,0,0,25,2,18,0,0,0
S01007837,87,182,16,3,0,23,4,9,0,1,6
S01007838,137,236,16,2,0,57,11,18,4,0,11
S01007839,69,95,9,1,0,29,1,23,0,0,0
S01007840,96,132,19,6,1,43,6,52,2,0,2
S01007841,78,124,16,0,0,55,2,32,0,0,3
S01007842,84,107,19,3,0,42,4,40,1,0,1
S01007843,75,109,19,1,1,55,1,56,0,0,2
S01007844,78,111,11,6,0,56,0,52,3,0,1
S01007845,89,112,17,4,0,33,0,39,2,0,1
S01007846,88,152,23,4,1,35,3,33,0,0,0
S01007847,79,134,19,3,0,39,5,40,1,0,3
S01007848,65,104,14,4,0,48,5,57,0,0,2
S01007849,98,182,29,4,3,52,2,51,5,0,3
S01007850,72,123,21,4,3,33,1,38,1,0,0
S01007851,97,199,20,5,0,24,1,21,0,0,3
S01007852,69,121,13,2,0,35,1,28,2,0,2
S01007853,74,103,16,3,0,55,1,42,2,4,0
S01007854,117,167,27,4,0,33,2,43,0,0,2
S01007855,61,96,8,2,1,23,5,30,1,0,5
S01007856,113,239,20,0,0,15,5,40,1,0,6
S01007857,46,115,8,3,0,19,4,17,0,0,0
S01007858,110,188,24,5,0,34,7,29,4,0,0
S01007859,67,101,15,4,0,29,5,12,0,0,0
S01007860,106,184,15,0,0,18,3,19,0,0,4
S01007861,69,128,25,0,0,18,1,25,0,0,2
S01007862,80,151,25,6,4,22,1,21,0,0,3
S01007863,103,157,19,6,2,32,1,44,0,0,1
S01007864,94,222,26,0,0,23,3,49,1,0,3
S01007865,166,330,23,2,0,10,11,16,3,0,11
S01007866,104,178,18,2,0,4,1,17,2,0,0
S01007867,289,567,17,1,0,19,10,19,10,2,22
S01007868,92,171,14,2,0,35,4,12,0,0,4
S01007869,133,213,10,0,2,46,2,10,4,0,4
S01007870,45,87,2,0,0,9,0,3,2,0,1
S01007871,46,95,17,0,3,23,0,24,0,0,1
S01007872,45,97,14,0,0,33,0,24,1,1,0
S01007873,49,155,5,0,0,29,0,7,1,0,0
S01007874,54,148,15,1,1,37,0,18,0,0,1
S01007875,87,207,14,1,1,9,0,13,0,0,1
S01007876,96,241,20,0,1,9,0,19,5,0,0
S01007877,51,171,22,0,0,17,2,22,0,1,2
S01007878,39,74,6,2,1,15,0,12,1,0,1
S01007879,85,182,10,0,2,19,0,32,1,0,1
S01007880,100,110,4,0,0,6,3,5,3,0,5
S01007881,62,147,17,0,0,4,0,6,1,0,0
S01007882,168,204,6,0,0,4,2,1,2,0,4
S01007883,123,316,16,0,0,7,8,16,2,0,0
S01007884,73,165,27,1,1,10,2,12,0,0,0
S01007885,51,126,15,0,0,22,0,26,1,0,0
S01007886,125,210,17,0,1,23,0,19,2,0,0
S01007887,116,167,3,0,0,5,2,1,2,0,4
S01007888,79,221,37,0,0,18,0,40,2,0,2
S01007889,43,111,11,0,0,6,0,14,1,0,3
S01007890,66,180,20,0,1,9,0,21,1,0,3
S01007891,122,252,20,2,0,11,0,20,1,0,2
S01007892,92,152,10,0,0,17,1,6,1,0,0
S01007893,106,269,9,0,0,10,1,10,0,0,4
S01007894,75,284,28,1,1,30,2,17,4,0,0
S01007895,75,167,10,2,0,12,0,5,0,0,2
S01007896,74,166,23,0,0,13,2,21,1,0,2
S01007897,78,91,5,1,0,2,0,2,0,0,4
S01007898,81,136,3,0,0,4,0,2,5,0,1
S01007899,119,171,5,0,0,5,1,3,6,0,1
S01007900,54,115,18,0,0,8,0,9,0,0,2
S01007901,59,141,13,3,0,4,1,9,2,0,7
S01007902,73,168,9,1,0,20,0,16,0,0,2
S01007903,48,128,4,0,0,16,0,7,0,0,1
S01007904,141,227,3,0,1,7,2,3,0,0,8
S01007905,58,141,19,0,0,6,0,10,2,0,4
S01007906,59,125,25,0,0,6,1,10,3,0,0
S01007907,44,122,22,1,0,8,0,8,1,0,1
S01007908,109,232,13,3,0,12,0,7,3,0,3
S01007909,46,165,22,1,0,11,0,9,2,0,2
S01007910,95,200,27,2,0,26,1,15,0,1,3
S01007911,66,203,14,4,2,18,1,8,2,0,0
S01007912,72,201,15,1,0,38,0,3,2,1,6
S01007913,54,106,12,0,0,25,0,6,0,0,10
S01007914,54,106,10,0,0,29,0,14,1,0,0
S01007915,55,182,18,0,0,30,1,11,1,0,3
S01007916,75,148,11,1,1,40,0,7,1,0,0
S01007917,79,202,14,1,1,25,0,9,2,0,5
S01007918,85,190,20,0,0,31,1,9,2,1,0
S01007919,90,243,10,0,0,15,0,4,5,0,2
S01007920,99,198,7,0,1,24,3,4,3,0,3
S01007921,79,177,21,0,0,23,0,22,1,0,1
S01007922,66,165,23,0,0,32,0,27,0,0,0
S01007923,117,280,20,0,1,29,1,10,3,0,7
S01007924,108,218,41,0,3,22,0,23,0,0,1
S01007925,108,111,7,0,0,6,0,1,1,2,0
S01007926,91,130,2,1,0,3,0,0,1,0,1
S01007927,155,215,11,0,1,7,1,2,2,0,2
S01007928,136,278,15,0,3,14,1,16,3,0,6
S01007929,414,587,15,2,4,23,1,6,35,0,12
S01007930,101,133,6,0,0,4,0,1,9,0,4
S01007931,176,230,10,0,1,15,4,3,45,0,6
S01007932,127,191,6,0,0,9,0,4,22,0,4
S01007933,103,226,10,1,1,14,0,7,14,0,2
S01007934,80,161,10,0,0,20,1,7,15,0,6
S01007935,105,155,11,0,0,28,0,10,23,1,0
S01007936,154,257,7,0,2,13,0,6,33,0,4
S01007937,172,316,10,0,0,16,0,3,25,0,3
S01007938,69,193,8,0,0,17,0,11,17,0,1
S01007939,82,172,8,0,0,31,0,10,17,0,1
S01007940,119,301,12,0,0,21,2,19,0,0,5
S01007941,70,153,9,0,0,8,0,7,1,0,6
S01007942,69,146,5,0,2,13,1,8,4,0,3
S01007943,52,157,0,0,2,14,1,15,0,0,2
S01007944,69,207,12,0,1,6,2,16,0,0,2
S01007945,92,152,12,0,0,6,0,10,4,0,4
S01007946,73,138,7,0,5,6,2,17,3,0,1
S01007947,84,187,8,0,0,15,1,14,3,0,0
S01007948,49,115,14,1,0,21,1,28,0,0,4
S01007949,74,177,8,2,0,9,0,7,0,0,0
S01007950,113,273,14,0,0,14,0,8,1,0,6
S01007951,98,253,12,4,0,18,0,12,0,0,3
S01007952,86,156,16,3,0,11,2,20,1,0,3
S01007953,65,265,23,1,2,26,3,23,6,0,6
S01007954,54,156,10,0,0,14,3,16,3,0,1
S01007955,91,172,36,0,1,7,0,30,4,0,1
S01007956,67,211,24,0,0,13,0,22,1,0,2
S01007957,93,254,23,1,2,13,2,34,2,0,5
S01007958,52,131,16,0,0,7,2,12,4,0,2
S01007959,81,151,17,0,0,8,0,6,0,0,0
S01007960,84,149,15,0,0,11,0,24,2,0,0
S01007961,167,209,10,0,1,11,2,7,2,0,6
S01007962,55,142,21,0,0,7,1,19,5,0,0
S01007963,75,122,31,3,0,26,1,35,2,1,0
S01007964,61,158,22,0,0,24,4,32,1,0,0
S01007965,67,81,7,0,0,16,0,16,1,0,2
S01007966,66,201,26,2,0,20,1,34,1,1,0
S01007967,48,114,17,1,0,18,0,28,1,0,0
S01007968,69,222,29,0,1,18,1,21,1,0,1
S01007969,85,173,29,3,0,33,2,23,3,0,1
S01007970,111,245,34,1,0,33,0,29,5,0,6
S01007971,85,235,22,2,0,28,0,31,3,0,1
S01007972,97,244,23,2,1,14,1,27,2,0,3
S01007973,84,226,19,1,0,6,0,9,3,0,3
S01007974,90,133,12,5,0,27,1,25,2,0,2
S01007975,78,181,12,0,0,37,1,13,2,0,3
S01007976,84,119,11,0,0,51,1,13,3,0,3
S01007977,76,159,4,4,0,21,0,10,6,0,2
S01007978,99,126,18,3,0,48,0,15,8,0,3
S01007979,144,211,9,1,2,42,0,25,4,0,5
S01007980,80,184,8,7,0,30,0,11,2,0,0
S01007981,65,126,7,0,0,10,0,3,0,0,3
S01007982,40,108,7,1,0,8,0,11,4,0,0
S01007983,76,183,18,2,0,27,8,18,3,0,0
S01007984,70,181,21,0,2,21,0,24,8,0,2
S01007985,87,172,34,2,0,32,2,24,1,0,4
S01007986,61,153,13,0,0,19,0,14,0,0,2
S01007987,85,170,13,0,0,23,2,12,4,0,0
S01007988,75,159,8,0,1,13,1,24,2,0,0
S01007989,126,155,26,4,1,21,0,49,6,0,2
S01007990,79,186,22,2,0,12,1,18,2,0,2
S01007991,188,373,15,0,0,7,1,20,5,0,2
S01007992,99,211,8,0,0,11,1,9,0,0,3
S01007993,102,199,14,0,2,5,0,5,1,0,0
S01007994,139,307,8,0,0,7,4,17,4,0,9
S01007995,113,252,14,1,0,10,1,16,0,0,2
S01007996,50,83,3,0,0,4,0,8,0,0,1
S01007997,130,154,8,0,0,11,1,13,1,0,3
S01007998,67,134,7,0,0,4,2,9,0,0,2
S01007999,60,163,12,4,1,22,0,25,5,2,1
S01008000,88,190,32,1,0,27,4,32,1,0,0
S01008001,103,139,23,6,1,19,0,25,7,0,2
S01008002,63,122,15,2,0,25,5,26,2,1,2
S01008003,75,147,24,3,0,17,0,16,1,0,1
S01008004,89,223,10,4,0,17,4,10,6,0,3
S01008005,114,245,12,0,0,19,1,12,3,0,2
S01008006,36,103,29,1,1,29,2,15,1,0,0
S01008007,38,70,21,1,2,15,3,19,1,0,0
S01008008,79,121,20,4,0,20,1,24,4,0,0
S01008009,109,153,24,3,1,51,2,25,1,0,0
S01008010,127,265,20,0,4,31,3,21,9,0,3
S01008011,52,73,6,1,0,31,1,22,4,0,4
S01008012,119,144,17,0,0,66,0,25,13,0,3
S01008013,71,123,11,0,0,39,0,12,4,0,1
S01008014,56,106,7,1,0,23,2,6,1,0,2
S01008015,108,252,24,1,1,55,2,22,4,2,6
S01008016,68,204,23,0,0,39,1,24,3,0,6
S01008017,106,205,7,0,1,23,4,6,3,0,6
S01008018,67,138,5,0,0,19,0,5,6,0,2
S01008019,91,130,7,0,0,19,5,3,6,1,1
S01008020,122,242,13,3,0,33,2,6,4,0,4
S01008021,67,180,7,0,1,15,5,7,7,0,2
S01008022,133,201,7,2,1,11,0,3,5,1,3
S01008023,70,198,8,0,1,13,1,4,0,0,3
S01008024,187,428,10,2,0,7,5,7,7,0,6
S01008025,53,155,11,0,0,16,1,11,2,0,0
S01008026,99,238,23,0,0,42,1,26,4,0,0
S01008027,57,125,15,0,1,28,5,10,0,0,3
S01008028,56,191,10,0,1,1,4,8,6,0,3
S01008029,375,773,28,6,1,18,7,15,25,2,12
S01008030,122,261,13,2,1,7,2,10,15,0,7
S01008031,66,173,26,1,2,14,4,13,13,0,0
S01008032,89,254,16,1,2,5,0,7,13,0,4
S01008033,150,183,4,0,0,0,4,5,20,0,8
S01008034,125,171,8,0,1,8,10,10,16,1,5
S01008035,76,113,4,3,0,4,1,6,22,0,1
S01008036,87,139,12,0,0,6,2,7,13,1,3
S01008037,145,199,16,4,0,32,4,13,12,0,3
S01008038,100,206,11,2,1,32,4,17,23,0,3
S01008039,111,164,18,0,0,38,5,12,25,0,4
S01008040,134,145,4,0,0,15,11,7,23,1,4
S01008041,92,133,5,0,1,12,1,5,32,0,2
S01008042,93,126,6,1,1,9,6,2,18,1,9
S01008043,175,185,6,0,1,11,11,6,36,0,6
S01008044,150,162,9,0,0,16,10,0,45,2,5
S01008045,193,249,3,0,1,12,6,5,36,1,7
S01008046,104,128,10,4,0,36,4,9,20,0,4
S01008047,98,117,5,0,0,13,6,5,16,0,3
S01008048,91,109,5,0,0,5,5,1,16,0,1
S01008049,125,166,0,3,0,11,9,6,21,0,2
S01008050,92,121,4,3,0,3,3,3,20,0,6
S01008051,150,208,7,0,0,10,14,1,23,0,3
S01008052,301,328,8,0,0,15,17,6,59,0,13
S01008053,102,86,1,0,0,9,6,3,28,0,3
S01008054,114,115,4,1,0,6,6,4,23,0,3
S01008055,220,212,6,0,0,14,6,3,35,0,12
S01008056,120,158,4,0,0,7,5,7,34,3,5
S01008057,144,202,12,3,0,9,5,5,20,2,1
S01008058,135,190,11,1,0,6,5,4,18,2,6
S01008059,108,141,6,1,0,2,3,8,18,0,5
S01008060,107,172,2,2,0,10,4,9,14,4,4
S01008061,211,258,7,1,0,13,3,17,28,0,9
S01008062,157,170,7,0,0,10,5,14,12,2,4
S01008063,160,212,6,5,0,7,2,15,25,0,5
S01008064,76,153,11,4,2,16,3,19,10,1,1
S01008065,173,202,7,1,1,11,2,13,28,2,4
S01008066,166,169,6,1,0,8,10,2,32,0,11
S01008067,133,149,4,2,1,5,4,5,15,0,6
S01008068,170,215,11,2,0,11,6,4,37,1,9
S01008069,160,195,17,1,0,12,2,9,26,0,5
S01008070,122,185,6,4,1,9,7,8,45,0,1
S01008071,133,143,8,1,0,10,11,2,30,0,4
S01008072,124,160,3,0,0,11,2,4,22,0,6
S01008073,74,80,5,0,0,5,1,0,12,0,5
S01008074,184,196,8,2,1,13,12,7,37,0,3
S01008075,106,130,3,0,1,4,5,4,10,0,6
S01008076,74,94,0,0,0,4,3,1,7,2,4
S01008077,127,142,4,4,0,5,8,2,25,0,7
S01008078,146,197,10,0,0,12,5,11,25,0,3
S01008079,119,149,8,0,2,7,4,6,15,1,0
S01008080,129,151,2,4,0,5,13,7,21,0,4
S01008081,85,144,4,0,0,7,6,6,6,1,8
S01008082,131,151,5,2,0,7,11,8,20,0,6
S01008083,134,157,5,0,1,6,2,6,29,0,6
S01008084,145,212,12,2,1,9,3,13,7,0,0
S01008085,140,217,8,5,0,5,0,5,6,0,3
S01008086,189,271,9,2,0,10,3,10,7,0,4
S01008087,111,173,6,4,0,9,6,13,10,0,2
S01008088,132,185,9,3,0,15,4,16,9,0,1
S01008089,131,192,5,4,0,7,5,7,14,0,3
S01008090,112,176,11,0,1,10,4,6,10,0,7
S01008091,62,79,5,1,0,3,3,4,9,0,1
S01008092,149,177,11,1,0,10,4,9,27,1,4
S01008093,139,148,5,1,1,12,3,6,19,0,2
S01008094,193,203,8,1,0,22,1,7,13,0,1
S01008095,107,152,8,5,1,9,1,18,24,1,2
S01008096,119,150,12,1,2,14,4,8,18,0,4
S01008097,79,106,3,1,0,8,2,4,23,1,1
S01008098,115,177,9,2,0,11,11,5,18,0,4
S01008099,60,132,10,5,0,8,2,12,16,2,0
S01008100,137,155,10,2,0,16,2,12,27,0,2
S01008101,136,178,14,0,0,12,3,17,9,0,5
S01008102,107,135,9,5,0,15,0,10,23,0,1
S01008103,132,135,19,4,0,18,5,20,35,1,5
S01008104,119,182,22,7,2,16,5,26,16,0,4
S01008105,153,204,15,0,2,27,1,28,13,0,3
S01008106,82,183,26,5,2,22,8,43,15,0,1
S01008107,254,410,21,3,2,10,3,29,38,1,11
S01008108,121,193,12,2,0,11,3,21,19,0,4
S01008109,145,173,12,2,0,7,5,23,10,0,4
S01008110,132,205,13,2,2,13,5,15,15,2,4
S01008111,124,143,9,2,1,7,5,5,28,2,2
S01008112,131,158,10,2,0,11,1,19,20,1,3
S01008113,123,189,16,1,0,6,4,18,21,0,6
S01008114,112,148,8,0,0,5,1,15,8,0,1
S01008115,153,228,20,1,0,11,0,34,11,0,3
S01008116,133,183,13,3,0,18,3,5,21,0,3
S01008117,111,145,7,3,2,9,1,7,23,0,3
S01008118,147,203,16,1,0,18,3,20,34,1,4
S01008119,73,120,11,2,0,22,1,15,8,2,0
S01008120,96,134,3,0,0,10,0,12,17,0,0
S01008121,116,134,0,1,0,12,0,4,20,0,1
S01008122,136,131,8,4,1,8,0,3,33,0,3
S01008123,170,204,6,1,0,6,4,12,30,0,1
S01008124,144,208,8,0,0,7,1,7,18,0,6
S01008125,127,162,5,2,0,10,4,10,46,0,5
S01008126,111,172,9,0,0,5,1,5,31,0,5
S01008127,166,181,6,1,0,10,2,7,23,0,3
S01008128,118,210,12,1,0,16,3,12,13,0,3
S01008129,122,189,15,5,1,18,4,26,12,0,2
S01008130,137,186,11,4,3,36,3,30,11,0,1
S01008131,120,129,11,0,5,36,2,33,6,0,1
S01008132,174,229,15,0,2,25,3,13,14,0,3
S01008133,64,107,6,1,0,17,1,13,8,1,1
S01008134,67,136,8,3,2,18,4,18,13,0,1
S01008135,241,351,17,7,0,37,0,29,16,0,9
S01008136,132,157,15,5,0,30,1,28,5,0,7
S01008137,89,137,10,7,3,56,1,37,5,0,3
S01008138,88,155,23,8,0,25,2,33,9,0,2
S01008139,116,233,25,7,1,30,0,53,5,0,5
S01008140,44,89,8,1,1,18,2,8,7,0,2
S01008141,85,177,8,0,0,5,1,6,8,0,3
S01008142,101,203,6,1,0,4,1,20,11,0,3
S01008143,126,231,7,3,0,7,0,31,13,0,3
S01008144,704,928,21,5,1,23,11,15,101,2,19
S01008145,140,261,23,2,2,14,0,16,18,0,2
S01008146,83,134,18,3,0,11,4,10,7,0,1
S01008147,82,155,7,3,2,10,2,17,14,0,1
S01008148,83,163,18,2,1,10,2,17,2,0,2
S01008149,88,172,18,5,0,14,1,20,7,1,2
S01008150,100,191,17,3,0,25,0,22,5,0,2
S01008151,99,139,19,4,0,19,0,24,0,0,3
S01008152,115,178,15,7,1,33,4,24,5,0,1
S01008153,94,181,11,1,2,6,3,12,4,0,0
S01008154,130,186,11,3,0,9,1,15,4,0,3
S01008155,90,141,2,1,0,2,0,13,1,0,3
S01008156,106,166,14,4,1,7,1,12,6,0,2
S01008157,122,234,9,6,2,8,3,23,10,0,7
S01008158,114,171,5,0,4,6,0,16,2,0,4
S01008159,100,156,18,1,0,12,1,26,2,0,1
S01008160,107,235,13,1,0,17,3,32,7,0,1
S01008161,160,324,4,2,2,10,5,14,14,0,5
S01008162,172,253,13,0,0,19,5,26,2,1,6
S01008163,110,196,24,0,2,17,10,42,4,0,7
S01008164,146,204,19,1,2,19,10,60,13,1,2
S01008165,570,607,30,7,2,18,14,103,50,1,9
S01008166,82,124,18,0,2,10,3,34,1,0,1
S01008167,100,134,18,5,0,20,2,49,5,0,4
S01008168,122,167,17,1,4,13,8,59,16,0,4
S01008169,144,199,23,1,4,12,4,45,20,0,0
S01008170,141,110,7,0,0,9,6,15,18,0,3
S01008171,132,159,12,3,0,25,9,48,23,0,3
S01008172,74,101,11,1,0,11,11,26,11,0,3
S01008173,132,123,10,2,0,15,10,14,19,0,1
S01008174,88,86,6,1,0,12,5,23,11,0,2
S01008175,99,160,7,2,0,33,20,38,24,0,4
S01008176,131,118,8,0,0,24,9,45,10,2,2
S01008177,114,122,7,3,0,34,6,55,10,0,4
S01008178,75,110,5,4,1,12,6,21,12,1,4
S01008179,114,88,11,0,0,12,1,16,9,0,0
S01008180,87,98,1,1,0,9,1,10,5,0,2
S01008181,113,103,7,2,0,10,7,30,0,0,1
S01008182,163,165,6,1,2,43,17,100,6,0,7
S01008183,113,128,6,4,0,28,10,47,8,0,1
S01008184,138,124,16,0,3,38,7,75,3,1,3
S01008185,154,179,13,1,2,36,19,114,3,0,3
S01008186,114,95,10,2,1,40,11,70,5,0,2
S01008187,79,131,6,4,1,16,12,34,4,0,1
S01008188,142,127,6,3,0,40,9,81,1,0,2
S01008189,56,88,4,0,2,6,5,24,1,0,1
S01008190,106,165,15,3,8,26,6,55,9,0,2
S01008191,145,181,21,3,1,27,9,56,7,0,3
S01008192,116,131,27,0,1,34,12,95,5,0,3
S01008193,146,155,16,2,3,18,9,50,14,0,3
S01008194,109,121,12,3,2,15,8,40,9,0,4
S01008195,108,161,18,2,2,11,5,52,14,0,2
S01008196,129,211,20,1,1,14,6,71,6,0,2
S01008197,305,394,14,0,3,21,5,51,48,0,6
S01008198,98,176,8,0,1,19,2,45,11,0,4
S01008199,73,193,19,3,2,18,7,50,11,0,1
S01008200,60,130,12,2,0,9,0,30,6,0,0
S01008201,85,154,17,0,0,18,3,49,12,0,0
S01008202,76,117,14,1,0,12,2,20,8,0,0
S01008203,87,131,14,1,0,9,1,38,5,0,0
S01008204,105,168,20,3,0,23,4,30,19,0,3
S01008205,104,164,12,0,0,25,1,35,13,0,1
S01008206,66,173,10,0,1,14,2,31,8,0,1
S01008207,95,162,17,0,2,18,3,31,3,0,2
S01008208,155,239,19,3,4,17,3,35,13,0,4
S01008209,67,148,9,0,1,4,1,17,9,0,0
S01008210,131,205,12,4,1,20,3,46,9,2,2
S01008211,145,190,12,1,1,28,3,45,4,0,0
S01008212,117,138,11,0,2,1,3,14,4,0,1
S01008213,187,220,17,1,2,15,6,32,7,0,4
S01008214,81,189,9,0,0,20,5,31,4,0,0
S01008215,99,184,22,1,6,9,5,33,5,0,2
S01008216,84,118,7,2,3,8,0,12,11,0,3
S01008217,111,113,5,0,0,13,4,8,16,0,0
S01008218,500,733,30,3,5,24,16,96,49,0,6
S01008219,139,196,15,4,0,9,0,50,9,0,2
S01008220,64,124,19,1,0,29,8,28,2,0,1
S01008221,100,175,21,4,3,31,1,71,2,0,4
S01008222,61,148,16,0,1,13,6,35,4,0,0
S01008223,69,122,14,0,0,6,0,19,1,0,0
S01008224,108,220,13,0,1,12,2,27,5,0,0
S01008225,74,166,15,0,1,23,2,33,4,0,3
S01008226,89,169,11,0,1,28,5,48,3,0,2
S01008227,127,205,14,0,1,27,2,33,3,0,4
S01008228,103,140,14,1,0,9,4,25,7,0,0
S01008229,65,149,12,2,0,23,2,34,5,0,2
S01008230,146,257,16,2,0,14,3,22,7,0,4
S01008231,175,214,15,3,0,19,4,23,13,0,3
S01008232,146,241,24,5,0,19,7,35,7,0,2
S01008233,146,237,7,1,0,8,3,23,11,0,4
S01008234,45,122,9,0,2,5,1,9,4,0,1
S01008235,133,282,21,0,1,4,2,30,4,0,0
S01008236,107,206,11,1,3,10,2,28,8,0,2
S01008237,206,329,10,0,1,16,6,37,2,0,5
S01008238,108,206,24,0,1,12,3,32,4,0,0
S01008239,167,316,26,3,3,21,3,42,15,0,0
S01008240,103,140,12,2,1,4,3,12,22,0,1
S01008241,104,111,1,0,0,4,0,1,13,0,1
S01008242,200,208,13,0,3,11,9,24,23,0,5
S01008243,261,241,14,0,1,12,8,24,28,0,5
S01008244,104,130,8,1,0,19,3,10,5,0,6
S01008245,192,272,3,0,3,14,3,17,8,0,0
S01008246,253,286,7,1,1,11,2,6,17,1,7
S01008247,179,187,7,0,0,10,1,6,9,2,7
S01008248,173,176,12,0,3,15,3,6,9,1,4
S01008249,205,222,6,0,5,13,7,9,9,1,0
S01008250,636,731,27,4,2,65,15,62,35,0,25
S01008251,232,300,16,1,2,21,7,25,8,0,6
S01008252,107,140,10,0,0,38,4,23,5,1,3
S01008253,100,169,17,0,2,50,5,9,5,0,0
S01008254,120,215,16,0,5,67,1,33,2,1,4
S01008255,98,142,6,0,3,35,0,19,3,1,0
S01008256,116,176,26,0,0,55,2,37,0,0,3
S01008257,72,96,9,0,0,44,2,18,3,0,3
S01008258,83,183,9,0,0,44,8,17,4,0,3
S01008259,147,137,9,2,2,32,4,21,4,0,4
S01008260,84,181,18,0,2,36,5,24,5,0,3
S01008261,92,214,13,1,3,39,6,20,1,0,3
S01008262,121,149,8,0,0,5,3,7,19,0,1
S01008263,112,114,4,0,0,18,4,0,23,0,5
S01008264,144,152,3,1,1,21,4,11,16,0,3
S01008265,151,166,2,0,0,15,5,5,21,1,7
S01008266,131,79,0,0,2,10,2,3,12,0,2
S01008267,160,191,8,0,1,17,3,16,20,2,6
S01008268,138,85,2,0,0,14,0,4,32,0,5
S01008269,117,78,2,0,0,18,2,9,24,0,2
S01008270,104,69,5,0,0,21,4,1,35,4,4
S01008271,111,83,7,0,0,29,4,16,19,2,7
S01008272,526,536,20,5,1,77,14,27,115,0,15
S01008273,141,108,6,0,0,46,3,7,24,0,4
S01008274,114,123,12,1,1,52,6,12,14,1,1
S01008275,85,81,4,0,1,29,3,2,11,0,6
S01008276,90,84,1,0,0,11,4,5,9,0,2
S01008277,175,125,9,0,0,5,0,1,22,1,2
S01008278,193,189,5,0,1,12,5,11,21,0,5
S01008279,92,173,5,0,1,15,1,25,5,0,4
S01008280,186,221,7,0,1,19,2,25,14,2,7
S01008281,179,150,7,0,0,13,4,6,9,0,2
S01008282,136,163,7,2,1,10,6,7,8,0,2
S01008283,243,261,12,2,0,16,6,7,37,0,7
S01008284,469,739,34,0,4,73,30,34,57,0,16
S01008285,83,131,10,0,1,47,5,7,15,0,2
S01008286,106,162,15,0,4,36,3,16,10,0,1
S01008287,116,144,11,0,1,43,7,13,12,0,3
S01008288,140,152,12,0,1,37,11,12,21,0,4
S01008289,96,109,11,1,0,36,1,20,7,0,1
S01008290,139,144,10,1,1,55,7,10,37,0,5
S01008291,93,129,5,0,1,28,3,12,12,2,1
S01008292,94,158,8,3,0,34,6,13,9,1,4
S01008293,108,104,4,0,0,19,6,1,18,0,3
S01008294,148,191,13,0,0,30,8,15,25,0,2
S01008295,132,207,15,1,1,8,5,16,22,3,2
S01008296,78,146,8,2,4,16,0,18,19,0,3
S01008297,152,234,15,1,1,12,0,15,26,0,3
S01008298,205,289,14,1,0,10,4,15,28,1,3
S01008299,72,122,24,1,1,16,2,19,22,0,0
S01008300,111,153,12,2,0,6,1,16,13,0,4
S01008301,119,165,14,4,0,5,1,16,21,1,3
S01008302,160,213,2,2,0,6,2,7,16,0,4
S01008303,97,114,11,1,0,13,0,9,29,0,3
S01008304,59,102,4,0,0,2,1,8,18,1,0
S01008305,101,138,8,0,1,4,4,2,11,0,2
S01008306,76,141,7,3,1,6,1,1,14,0,1
S01008307,140,258,9,4,0,8,0,9,17,0,2
S01008308,64,122,7,0,0,5,1,8,11,1,0
S01008309,69,96,10,2,0,19,5,19,15,0,1
S01008310,127,187,22,4,1,23,5,16,21,0,2
S01008311,64,103,18,5,0,13,0,6,6,0,2
S01008312,72,86,7,0,0,6,0,4,11,2,0
S01008313,93,132,32,6,4,25,0,14,16,1,1
S01008314,62,95,12,0,0,18,1,25,8,0,4
S01008315,76,129,10,3,0,21,1,18,18,0,0
S01008316,64,132,13,1,0,18,4,16,7,0,2
S01008317,149,244,24,4,0,18,5,10,9,0,0
S01008318,284,439,24,5,0,20,1,14,40,0,15
S01008319,98,179,12,4,0,24,2,11,19,0,2
S01008320,72,137,5,1,0,7,2,7,18,0,3
S01008321,75,138,11,0,0,8,0,3,6,0,0
S01008322,131,234,26,7,1,22,3,17,34,0,5
S01008323,83,138,21,3,0,16,0,18,4,2,1
S01008324,129,190,15,2,0,26,1,10,11,0,0
S01008325,110,167,14,2,3,19,1,27,10,2,1
S01008326,128,207,26,5,2,22,1,36,10,0,2
S01008327,126,181,23,2,0,28,2,18,8,1,1
S01008328,614,816,26,9,1,23,15,18,104,4,13
S01008329,132,203,10,0,2,9,4,0,16,0,9
S01008330,124,196,10,5,0,5,2,5,21,0,3
S01008331,93,120,8,0,0,5,0,9,11,0,4
S01008332,126,219,5,3,0,7,0,7,16,0,4
S01008333,134,167,8,0,0,4,2,12,9,0,5
S01008334,119,159,8,2,0,10,3,4,14,0,13
S01008335,97,134,9,2,0,13,4,11,2,0,2
S01008336,122,123,6,3,0,10,3,12,7,0,5
S01008337,139,212,10,0,0,12,1,9,21,0,8
S01008338,141,202,6,1,0,4,2,8,9,0,4
S01008339,96,136,6,1,0,6,0,11,8,0,1
S01008340,144,185,7,2,0,7,1,13,15,1,5
S01008341,105,154,6,2,0,6,0,3,12,0,4
S01008342,138,158,10,2,0,9,1,16,7,0,2
S01008343,148,179,4,1,0,3,2,7,13,1,5
S01008344,153,186,2,2,0,6,5,5,17,2,11
S01008345,161,227,6,0,0,3,0,0,10,3,7
S01008346,168,224,3,0,0,5,3,5,18,0,7
S01008347,158,211,11,2,0,7,3,9,17,0,4
S01008348,101,139,7,2,0,8,1,5,13,2,4
S01008349,132,211,9,3,0,3,0,4,9,2,3
S01008350,92,107,2,0,0,3,0,5,6,0,1
S01008351,151,207,8,1,0,6,5,2,15,3,6
S01008352,116,146,0,1,0,7,2,11,5,1,4
S01008353,79,125,4,2,0,11,0,5,10,0,4
S01008354,535,696,30,4,1,13,3,32,41,1,20
S01008355,84,171,8,0,1,8,3,12,4,0,3
S01008356,112,155,7,2,0,6,2,12,11,1,1
S01008357,107,143,4,2,0,5,0,6,5,0,2
S01008358,91,157,9,2,1,10,0,9,2,0,1
S01008359,129,179,5,0,0,6,1,7,11,0,4
S01008360,146,198,2,0,0,3,2,5,7,0,6
S01008361,157,256,7,0,0,5,2,5,10,0,2
S01008362,209,342,14,0,1,13,5,16,24,0,9
S01008363,122,181,9,1,0,3,1,8,13,0,6
S01008364,108,152,7,0,0,4,3,6,8,0,5
S01008365,103,127,7,1,0,3,5,8,10,2,11
S01008366,117,173,9,2,0,23,1,18,17,0,3
S01008367,107,153,15,3,0,18,0,12,16,0,2
S01008368,111,151,11,0,1,9,1,5,20,0,1
S01008369,108,140,4,0,0,14,0,10,20,0,2
S01008370,111,139,10,0,0,9,2,8,25,2,3
S01008371,161,161,8,0,1,9,6,5,12,3,0
S01008372,115,144,10,2,0,5,1,11,12,0,0
S01008373,122,173,7,0,1,11,5,8,24,1,5
S01008374,122,164,3,2,0,11,1,8,19,0,4
S01008375,142,175,7,1,1,11,3,7,17,0,2
S01008376,101,109,4,0,0,9,3,8,20,1,1
S01008377,132,155,6,2,1,17,2,8,37,0,8
S01008378,164,173,6,2,0,12,6,7,20,0,6
S01008379,77,119,6,1,0,5,0,4,20,0,4
S01008380,136,131,10,1,0,12,7,8,23,0,0
S01008381,118,161,2,2,0,7,10,7,26,1,1
S01008382,144,182,6,3,1,9,6,1,42,0,3
S01008383,84,110,4,1,0,8,1,4,17,0,1
S01008384,146,209,13,3,1,13,5,12,26,2,2
S01008385,112,117,3,0,0,4,3,7,18,2,6
S01008386,126,166,8,3,0,16,6,19,19,0,6
S01008387,111,138,8,2,2,5,5,16,13,1,2
S01008388,114,142,14,2,0,9,5,15,18,0,0
S01008389,79,88,5,0,0,7,2,7,4,1,3
S01008390,100,133,7,1,1,2,5,3,6,0,5
S01008391,127,136,5,1,0,5,10,17,9,0,5
S01008392,181,163,8,0,1,9,16,10,40,0,5
S01008393,112,127,4,2,0,6,4,12,37,0,2
S01008394,159,162,5,0,2,8,18,9,29,2,2
S01008395,102,110,7,2,0,8,4,4,14,1,5
S01008396,95,113,1,0,0,8,6,4,16,0,1
S01008397,142,167,5,3,0,5,5,4,26,1,7
S01008398,112,126,5,0,0,8,7,4,18,2,6
S01008399,72,102,0,1,0,2,5,6,6,4,0
S01008400,112,152,9,1,0,14,2,6,8,0,3
S01008401,150,181,7,1,0,12,13,11,16,2,0
S01008402,156,222,9,1,0,7,7,2,22,0,7
S01008403,110,119,4,2,1,2,7,3,19,0,1
S01008404,176,156,4,0,1,10,1,5,21,0,3
S01008405,128,159,4,0,0,6,6,12,22,0,1
S01008406,132,141,7,2,0,8,11,8,16,0,8
S01008407,75,75,3,3,0,10,1,5,11,1,2
S01008408,103,127,7,1,1,10,1,10,16,0,0
S01008409,138,160,14,7,0,12,5,20,23,3,5
S01008410,79,115,7,2,0,7,1,18,5,0,1
S01008411,106,131,7,1,1,12,2,9,12,1,3
S01008412,124,174,3,0,0,11,2,24,4,0,3
S01008413,65,101,3,3,0,16,2,9,7,1,1
S01008414,92,100,6,0,0,7,4,11,13,0,3
S01008415,116,181,13,4,1,15,2,18,23,0,4
S01008416,158,149,8,7,0,17,2,33,19,1,4
S01008417,122,136,7,0,1,10,6,22,2,0,7
S01008418,111,104,1,1,4,14,5,19,3,1,2
S01008419,88,84,1,1,2,7,9,21,3,2,4
S01008420,86,74,1,0,5,3,9,21,3,2,1
S01008421,141,173,12,0,0,25,7,40,0,0,5
S01008422,126,70,2,0,2,6,1,17,2,0,0
S01008423,338,272,13,4,2,14,18,49,14,3,8
S01008424,128,119,6,0,0,13,14,22,8,2,3
S01008425,431,370,12,4,6,30,26,70,27,4,12
S01008426,99,125,10,3,0,18,4,32,8,1,1
S01008427,199,188,3,2,2,15,18,34,16,0,4
S01008428,131,161,10,1,0,7,4,55,3,1,0
S01008429,195,164,7,0,1,17,13,45,10,0,4
S01008430,199,169,5,4,3,22,11,33,7,1,5
S01008431,156,146,3,0,3,11,17,28,3,0,2
S01008432,122,107,3,1,0,12,14,40,2,0,1
S01008433,115,134,9,2,1,18,5,38,4,2,2
S01008434,183,184,6,1,0,21,7,46,4,1,1
S01008435,135,118,7,3,1,5,10,17,4,2,6
S01008436,159,140,8,1,1,16,17,42,1,0,2
S01008437,124,126,1,0,1,11,22,47,2,0,3
S01008438,140,108,3,3,1,6,14,11,3,1,9
S01008439,235,184,6,0,3,9,13,63,0,0,4
S01008440,183,162,5,0,0,16,23,34,3,0,6
S01008441,93,83,1,2,1,6,10,25,2,0,0
S01008442,152,103,7,1,0,11,21,36,6,2,6
S01008443,128,104,3,0,0,7,10,23,3,0,4
S01008444,446,110,4,0,0,21,20,31,4,0,3
S01008445,144,111,6,0,1,26,16,32,4,1,11
S01008446,174,137,3,0,3,13,19,44,2,0,7
S01008447,127,98,4,0,0,3,14,21,7,0,1
S01008448,136,114,3,1,0,18,9,33,6,0,0
S01008449,104,95,17,3,1,24,3,105,0,1,5
S01008450,77,65,11,3,0,15,6,90,2,0,1
S01008451,77,65,10,3,3,24,6,79,4,0,1
S01008452,70,72,12,3,0,12,2,56,6,0,2
S01008453,121,135,9,0,0,26,7,89,6,0,3
S01008454,112,116,14,3,0,36,8,77,5,2,3
S01008455,123,93,4,2,0,41,3,113,4,4,1
S01008456,122,71,8,2,0,36,4,108,2,2,5
S01008457,87,55,6,0,0,23,4,66,0,2,3
S01008458,146,163,20,6,2,39,7,81,4,0,0
S01008459,81,86,5,0,2,30,9,87,4,0,4
S01008460,87,80,11,2,0,28,5,100,3,1,1
S01008461,132,120,15,0,0,38,10,118,0,0,0
S01008462,62,52,4,0,0,7,0,54,0,0,0
S01008463,55,50,5,5,0,14,7,73,4,0,1
S01008464,143,143,20,4,0,33,4,91,1,2,0
S01008465,128,121,16,3,0,39,6,77,0,1,5
S01008466,97,125,11,2,4,29,5,73,1,1,4
S01008467,109,104,11,1,2,38,2,54,4,1,2
S01008468,196,198,18,2,1,30,4,78,5,6,4
S01008469,126,84,10,0,1,14,4,52,4,6,2
S01008470,128,132,12,3,0,34,7,65,3,5,2
S01008471,106,108,11,2,0,33,4,87,4,5,2
S01008472,97,90,4,4,0,22,4,61,4,5,3
S01008473,72,88,10,3,0,18,2,60,5,6,0
S01008474,114,83,7,0,2,28,11,98,2,7,1
S01008475,82,88,8,4,0,26,1,74,3,1,2
S01008476,110,93,4,1,1,31,8,103,1,4,5
S01008477,153,69,6,4,0,15,6,122,4,15,7
S01008478,208,115,17,6,0,42,13,177,0,5,3
S01008479,125,95,3,5,0,20,13,85,0,4,9
S01008480,109,57,7,3,0,13,6,86,3,5,0
S01008481,225,199,21,5,2,60,8,108,4,5,4
S01008482,85,76,7,0,2,19,6,48,1,2,3
S01008483,93,102,10,1,0,24,10,49,2,0,2
S01008484,103,125,18,3,0,34,15,49,3,1,0
S01008485,211,184,7,2,0,39,18,85,3,2,2
S01008486,145,92,10,1,0,24,10,80,0,1,3
S01008487,249,148,10,2,1,40,27,116,11,2,4
S01008488,179,85,8,1,0,37,28,115,3,1,6
S01008489,129,80,14,4,1,20,10,84,5,1,1
S01008490,171,110,7,4,0,42,17,114,4,2,4
S01008491,181,99,1,2,0,38,19,121,0,1,3
S01008492,287,174,8,2,0,96,27,163,5,2,7
S01008493,197,102,7,2,1,50,12,119,5,10,5
S01008494,198,102,10,0,0,53,13,149,6,10,2
S01008495,211,90,7,4,2,96,24,160,7,3,5
S01008496,244,98,4,3,1,78,19,158,6,3,5
S01008497,224,67,5,3,1,73,18,129,5,2,4
S01008498,213,69,4,2,0,91,25,121,4,4,2
S01008499,211,62,5,2,0,113,21,86,13,9,11
S01008500,67,24,2,4,0,38,5,33,3,0,1
S01008501,140,55,4,2,1,80,10,50,7,5,3
S01008502,180,63,4,0,0,57,20,120,9,1,3
S01008503,204,80,4,1,0,75,43,96,12,3,2
S01008504,258,111,1,1,2,69,70,102,10,2,8
S01008505,157,73,5,2,0,65,25,53,9,0,6
S01008506,199,88,4,2,1,71,27,56,6,0,10
S01008507,204,90,9,5,0,89,40,80,11,1,5
S01008508,142,77,2,3,1,38,27,37,3,0,1
S01008509,197,121,8,2,2,30,43,69,4,1,4
S01008510,148,105,4,4,0,29,18,41,5,2,8
S01008511,184,100,5,2,4,17,26,32,1,0,3
S01008512,108,70,3,0,0,9,15,20,0,0,3
S01008513,125,95,8,0,0,13,11,13,4,0,6
S01008514,159,94,3,0,2,40,30,45,6,0,4
S01008515,193,91,6,2,0,51,25,42,4,0,3
S01008516,195,130,5,0,0,68,37,110,9,0,5
S01008517,145,79,6,1,0,54,29,65,7,1,2
S01008518,183,69,0,0,0,51,34,64,8,0,10
S01008519,137,82,8,0,1,35,27,43,3,0,6
S01008520,212,118,3,0,0,42,33,37,4,3,9
S01008521,188,85,3,0,0,35,30,46,2,0,1
S01008522,153,59,3,0,0,12,10,20,1,0,4
S01008523,189,137,9,0,0,19,13,41,8,0,5
S01008524,136,143,7,2,0,35,19,122,1,1,2
S01008525,107,113,6,1,1,14,7,73,0,0,3
S01008526,134,144,5,2,0,41,12,86,4,0,0
S01008527,130,109,12,2,1,15,16,70,1,0,1
S01008528,106,128,8,2,3,25,13,81,0,0,4
S01008529,121,153,13,3,1,19,14,91,2,1,3
S01008530,99,101,7,0,0,19,6,103,4,0,3
S01008531,100,105,13,1,0,26,7,108,0,1,1
S01008532,59,68,7,0,0,19,9,42,1,0,0
S01008533,63,88,8,0,1,22,8,36,0,0,2
S01008534,102,131,8,5,2,13,7,33,0,0,4
S01008535,97,113,8,0,4,6,5,32,1,0,3
S01008536,108,100,3,2,2,10,12,39,2,0,5
S01008537,117,97,10,2,2,5,3,21,4,0,4
S01008538,93,70,7,0,2,10,4,22,0,0,2
S01008539,148,115,7,2,0,15,15,34,3,0,1
S01008540,162,120,5,0,1,16,21,37,1,0,3
S01008541,167,99,7,0,0,23,28,37,0,0,4
S01008542,332,299,10,1,3,28,27,80,6,2,5
S01008543,140,118,7,4,2,19,9,43,2,0,4
S01008544,118,105,2,0,0,8,16,22,1,0,3
S01008545,165,118,1,0,0,9,13,18,0,4,7
S01008546,128,121,2,1,1,5,6,32,0,0,7
S01008547,226,234,12,0,0,18,12,92,3,1,5
S01008548,299,293,19,2,1,15,14,124,3,0,10
S01008549,1064,962,75,11,5,64,53,415,17,0,20
S01008550,119,114,4,6,0,17,10,43,0,0,4
S01008551,153,140,14,1,6,16,14,70,4,1,2
S01008552,131,120,8,1,1,10,5,55,1,0,3
S01008553,101,111,15,2,0,10,8,69,0,0,0
S01008554,134,140,16,7,1,26,11,84,1,0,4
S01008555,126,137,18,2,1,24,5,96,3,0,4
S01008556,109,124,11,1,0,32,6,114,2,0,3
S01008557,237,220,27,6,1,32,12,140,2,3,2
S01008558,102,127,11,1,0,30,9,86,1,0,3
S01008559,97,107,16,0,1,17,8,65,0,0,2
S01008560,104,138,15,0,0,17,9,73,3,0,6
S01008561,102,117,14,2,5,20,8,51,1,0,1
S01008562,123,128,21,2,1,18,4,83,0,0,4
S01008563,147,98,17,2,1,23,3,96,2,0,2
S01008564,88,95,10,1,0,17,4,52,1,0,8
S01008565,128,129,21,5,0,36,6,86,2,0,1
S01008566,153,174,14,3,0,41,10,82,4,0,4
S01008567,104,126,13,3,0,29,3,52,1,0,4
S01008568,161,134,18,1,0,44,12,73,2,0,3
S01008569,62,54,4,0,4,31,6,78,4,0,0
S01008570,98,102,13,2,1,58,10,86,0,0,1
S01008571,87,112,13,2,1,34,15,54,1,0,1
S01008572,121,105,7,3,0,31,7,63,0,0,4
S01008573,144,112,12,4,1,12,11,62,2,2,3
S01008574,124,122,5,3,0,14,7,50,2,0,6
S01008575,137,138,9,2,4,20,10,39,1,0,5
S01008576,123,103,6,1,0,24,13,50,3,0,6
S01008577,162,113,7,0,1,17,14,61,3,0,2
S01008578,136,88,6,3,0,25,18,28,2,1,6
S01008579,245,208,8,4,3,33,28,88,7,0,9
S01008580,92,74,8,1,0,28,9,36,1,0,3
S01008581,132,99,12,2,2,46,22,96,3,0,7
S01008582,128,130,11,3,1,56,18,121,0,0,2
S01008583,112,88,10,2,0,38,15,74,2,5,6
S01008584,137,93,10,0,1,41,17,80,3,0,0
S01008585,106,53,8,0,1,28,8,57,2,0,2
S01008586,150,108,13,6,2,42,21,67,2,0,7
S01008587,150,80,11,0,2,35,20,37,1,0,3
S01008588,150,74,6,0,0,44,27,39,3,1,4
S01008589,90,45,4,0,2,25,8,12,0,2,1
S01008590,131,58,7,2,2,60,40,47,6,0,2
S01008591,149,70,4,0,1,53,29,26,8,0,2
S01008592,138,84,10,1,0,66,30,51,2,0,3
S01008593,168,79,5,0,3,49,33,32,4,0,5
S01008594,212,98,6,0,0,68,34,62,5,2,4
S01008595,127,84,13,3,0,40,18,69,3,2,3
S01008596,155,81,10,3,4,59,21,76,4,2,0
S01008597,192,105,6,3,0,38,30,46,5,0,4
S01008598,134,63,10,0,0,47,25,49,6,1,4
S01008599,188,74,5,1,0,50,29,33,7,2,4
S01008600,175,62,6,1,0,62,19,40,8,2,10
S01008601,115,42,1,1,0,69,25,44,6,2,5
S01008602,100,34,3,0,0,57,21,23,0,0,2
S01008603,183,43,4,4,0,127,30,49,9,0,8
S01008604,139,64,5,8,0,89,37,65,3,2,4
S01008605,144,43,0,0,1,68,16,38,3,1,2
S01008606,144,79,9,1,1,54,26,25,2,2,4
S01008607,107,45,0,0,0,32,23,7,8,0,6
S01008608,120,50,1,0,0,48,39,19,5,0,5
S01008609,166,82,7,1,1,63,30,29,5,4,8
S01008610,124,40,0,0,2,58,21,15,2,0,3
S01008611,165,55,3,0,0,120,24,55,8,1,9
S01008612,127,40,4,1,0,66,13,36,5,0,0
S01008613,99,50,3,1,0,68,27,18,3,0,4
S01008614,83,18,0,0,0,66,18,17,6,1,8
S01008615,113,51,1,0,0,69,24,15,6,0,3
S01008616,120,38,2,1,2,53,21,15,3,0,2
S01008617,99,37,5,2,1,62,26,24,8,0,4
S01008618,87,26,0,0,1,53,15,22,3,3,5
S01008619,91,24,4,1,1,46,18,14,1,0,4
S01008620,125,46,0,0,0,67,17,24,6,0,2
S01008621,97,26,0,2,0,67,17,27,7,1,3
S01008622,92,30,1,0,0,48,21,20,4,0,4
S01008623,147,49,8,1,0,64,18,21,5,1,7
S01008624,133,45,1,0,1,52,10,8,1,0,1
S01008625,111,57,2,0,1,34,16,15,5,0,8
S01008626,197,103,6,1,1,52,28,52,6,0,3
S01008627,134,64,3,2,0,39,28,27,8,1,2
S01008628,123,62,3,0,2,40,27,39,8,0,2
S01008629,146,39,7,2,0,49,23,42,4,0,0
S01008630,136,51,4,0,0,53,10,43,2,0,0
S01008631,207,72,3,0,0,91,28,81,6,0,11
S01008632,152,65,1,0,1,77,14,47,9,1,2
S01008633,173,65,7,1,0,50,18,27,6,0,7
S01008634,151,57,2,1,0,70,21,18,7,0,3
S01008635,208,70,3,0,0,70,28,27,9,1,7
S01008636,138,53,2,1,0,62,15,38,7,1,8
S01008637,153,67,4,1,0,77,17,24,5,2,11
S01008638,113,39,4,0,0,71,16,27,3,1,5
S01008639,213,64,4,2,0,137,38,49,12,1,6
S01008640,205,60,6,0,1,91,23,38,8,1,5
S01008641,181,49,3,1,1,94,33,37,8,0,1
S01008642,202,68,0,0,0,98,30,32,7,2,11
S01008643,143,52,3,1,1,102,25,29,14,2,6
S01008644,172,56,2,0,1,107,28,57,6,0,6
S01008645,163,56,1,1,0,93,30,45,6,0,3
S01008646,231,82,4,0,0,102,41,66,9,3,1
S01008647,131,76,2,1,1,66,26,64,1,1,6
S01008648,150,44,1,0,1,74,14,38,6,1,2
S01008649,222,76,1,6,2,123,24,87,7,3,3
S01008650,195,71,4,2,0,93,26,63,10,4,2
S01008651,271,74,4,0,0,165,21,99,5,2,6
S01008652,120,33,8,2,0,83,11,40,3,2,5
S01008653,124,41,4,4,0,87,20,53,8,4,4
S01008654,228,51,3,4,0,144,18,102,6,17,7
S01008655,197,49,3,3,0,101,8,63,21,6,14
S01008656,138,52,10,0,0,87,14,65,9,7,7
S01008657,148,46,2,3,0,87,14,53,16,5,4
S01008658,306,95,13,0,2,215,19,104,12,5,6
S01008659,152,47,3,0,1,126,15,54,8,9,6
S01008660,202,59,2,4,1,142,7,54,15,5,12
S01008661,131,53,3,0,0,111,14,47,5,4,1
S01008662,101,26,2,0,1,74,7,45,3,2,3
S01008663,143,44,4,2,0,107,18,42,4,2,6
S01008664,150,34,1,4,1,99,16,39,5,2,2
S01008665,237,73,2,1,0,193,24,59,14,0,6
S01008666,128,48,6,2,0,80,13,37,4,4,8
S01008667,174,49,4,0,1,105,18,44,11,4,4
S01008668,101,26,3,0,0,70,19,35,3,3,0
S01008669,40,11,2,0,0,28,12,14,1,0,4
S01008670,74,27,2,0,0,38,7,20,4,1,5
S01008671,95,30,0,0,0,72,24,45,3,1,1
S01008672,93,32,3,2,0,69,16,37,6,0,4
S01008673,241,77,7,2,1,170,33,90,8,1,22
S01008674,78,17,3,0,0,89,11,31,2,4,2
S01008675,131,27,1,0,0,97,18,50,8,2,9
S01008676,174,66,5,0,1,84,11,49,11,5,10
S01008677,162,32,4,0,0,104,16,63,3,3,10
S01008678,122,29,1,0,0,66,8,46,2,2,3
S01008679,123,33,0,1,0,95,14,50,13,2,5
S01008680,63,20,4,2,0,58,8,26,4,1,4
S01008681,129,37,4,1,0,86,8,52,5,3,4
S01008682,124,41,4,2,2,58,22,25,8,0,3
S01008683,165,62,13,1,1,109,16,75,5,0,6
S01008684,185,68,2,1,0,107,29,84,6,7,4
S01008685,146,56,7,2,0,88,16,41,8,6,4
S01008686,208,79,9,2,0,117,15,121,11,3,6
S01008687,155,46,4,0,0,105,25,48,7,0,1
S01008688,219,78,6,1,0,88,20,53,14,2,3
S01008689,196,62,2,0,0,104,27,81,9,0,11
S01008690,449,119,9,3,0,170,45,133,9,3,6
S01008691,271,125,5,4,4,150,47,133,11,7,6
S01008692,406,198,8,3,2,175,31,153,15,5,7
S01008693,63,53,2,3,0,23,6,32,1,0,0
S01008694,248,102,7,2,2,85,43,95,15,2,8
S01008695,184,103,5,0,2,52,24,68,5,1,2
S01008696,149,94,2,0,2,35,30,38,3,1,3
S01008697,201,110,7,0,5,41,22,60,4,5,3
S01008698,88,55,7,0,0,12,5,18,3,0,4
S01008699,156,148,18,2,0,31,26,71,6,2,4
S01008700,91,80,3,0,0,15,23,21,4,0,4
S01008701,251,231,16,4,4,57,21,171,0,0,8
S01008702,133,79,10,2,2,42,15,77,2,0,2
S01008703,122,120,5,4,1,39,7,107,1,1,6
S01008704,745,717,40,18,4,191,49,426,15,0,11
S01008705,119,108,13,8,2,34,7,97,4,0,8
S01008706,130,117,10,1,1,30,8,80,1,0,5
S01008707,91,122,11,0,3,23,12,91,2,0,5
S01008708,147,121,11,4,0,34,12,135,4,1,9
S01008709,96,95,4,0,0,25,6,64,1,0,2
S01008710,75,79,3,0,2,18,4,47,0,0,2
S01008711,104,94,9,4,0,32,5,83,2,1,2
S01008712,124,108,10,5,0,36,9,101,2,1,3
S01008713,53,70,11,3,2,19,5,48,5,0,2
S01008714,65,64,6,0,0,12,11,59,5,1,2
S01008715,90,104,4,1,2,20,5,42,5,0,0
S01008716,66,78,11,3,0,17,14,59,6,0,4
S01008717,87,89,7,5,0,12,3,57,8,0,2
S01008718,134,168,9,3,1,19,11,63,3,0,1
S01008719,181,200,13,3,0,41,8,113,7,0,5
S01008720,418,368,27,5,2,45,30,98,55,1,8
S01008721,198,164,8,4,0,8,9,34,26,1,4
S01008722,186,140,10,0,0,18,26,40,7,1,3
S01008723,127,109,4,3,0,11,13,35,16,0,0
S01008724,187,124,6,2,1,10,29,43,20,0,3
S01008725,156,98,5,1,0,14,25,33,7,0,4
S01008726,132,60,3,1,0,9,20,29,5,0,1
S01008727,188,141,6,0,1,19,49,61,8,0,8
S01008728,118,72,8,0,0,20,24,59,0,0,2
S01008729,155,75,2,2,0,29,27,45,0,1,4
S01008730,176,95,5,1,2,30,41,94,2,0,4
S01008731,81,56,3,0,0,15,12,39,6,0,0
S01008732,113,69,4,2,0,26,17,79,0,0,0
S01008733,358,234,10,2,1,77,40,194,7,0,7
S01008734,108,86,3,0,1,12,28,34,1,0,3
S01008735,207,148,7,1,0,17,24,38,0,0,6
S01008736,146,118,6,0,0,16,19,36,4,0,1
S01008737,125,108,7,0,0,11,7,34,3,0,4
S01008738,131,124,8,0,0,14,9,38,1,0,3
S01008739,98,111,5,0,0,25,5,46,0,0,5
S01008740,83,71,1,0,0,11,7,33,1,3,0
S01008741,162,165,20,5,2,29,17,57,6,2,2
S01008742,77,69,3,1,0,18,5,46,3,0,1
S01008743,137,131,13,4,1,26,20,116,0,1,6
S01008744,197,150,14,3,2,40,15,91,5,0,0
S01008745,94,61,3,1,2,19,8,32,0,3,3
S01008746,185,142,8,4,1,52,18,132,5,4,3
S01008747,104,58,4,2,0,7,6,34,4,1,1
S01008748,108,79,9,0,2,12,3,33,1,0,2
S01008749,184,163,9,7,0,23,14,43,2,0,3
S01008750,103,110,7,3,2,19,6,40,1,2,3
S01008751,87,82,5,1,2,25,6,50,0,1,1
S01008752,102,72,2,2,1,25,12,73,0,0,0
S01008753,93,76,4,2,2,23,9,61,3,0,0
S01008754,97,81,2,0,3,31,6,86,1,1,2
S01008755,208,128,5,3,1,60,20,152,7,1,4
S01008756,89,66,6,2,4,42,10,95,2,1,2
S01008757,54,57,5,2,0,37,7,54,1,0,0
S01008758,109,91,9,4,0,28,11,70,0,0,3
S01008759,81,70,7,1,3,22,9,55,1,0,2
S01008760,105,110,11,5,0,40,13,108,5,0,3
S01008761,115,93,11,4,1,41,11,63,5,1,1
S01008762,131,87,9,1,0,39,4,49,2,0,6
S01008763,230,101,11,0,2,70,35,76,9,3,6
S01008764,153,83,5,2,1,46,37,43,6,0,3
S01008765,218,105,6,4,0,83,27,77,3,0,3
S01008766,208,135,12,0,0,55,24,55,3,1,6
S01008767,116,72,7,1,0,18,12,39,0,2,5
S01008768,589,291,23,6,8,176,54,261,16,3,8
S01008769,284,151,12,1,0,70,31,157,8,1,8
S01008770,279,142,5,4,1,35,10,84,6,0,15
S01008771,288,152,10,3,5,62,22,108,4,3,10
S01008772,160,108,4,0,2,44,33,70,6,0,6
S01008773,195,138,3,3,1,73,32,130,5,0,7
S01008774,240,130,6,5,4,95,21,111,8,2,2
S01008775,140,66,5,1,0,51,19,55,4,0,3
S01008776,151,65,6,0,3,56,23,81,3,0,5
S01008777,157,103,5,4,0,68,21,123,1,5,2
S01008778,305,146,8,1,0,106,29,147,6,2,11
S01008779,290,97,5,3,2,63,20,88,5,0,4
S01008780,122,60,7,1,0,45,10,66,3,0,6
S01008781,232,135,8,6,2,110,22,147,0,0,3
S01008782,215,70,4,0,3,73,17,99,4,2,7
S01008783,119,67,2,0,0,49,14,52,2,1,4
S01008784,107,50,0,2,0,48,11,53,5,0,9
S01008785,127,52,0,0,0,58,25,82,4,1,2
S01008786,250,97,7,4,0,123,30,139,6,5,8
S01008787,27,27,4,0,1,10,2,29,0,0,0
S01008788,192,85,7,4,1,76,18,102,7,3,7
S01008789,155,87,3,2,0,80,17,80,4,0,5
S01008790,144,50,4,2,0,67,18,91,1,0,3
S01008791,248,92,7,1,2,108,19,115,11,3,4
S01008792,249,102,6,1,1,76,27,129,7,2,8
S01008793,81,29,0,0,1,40,11,51,7,1,1
S01008794,186,103,3,2,0,83,19,101,2,2,5
S01008795,243,101,9,4,0,145,33,117,10,2,7
S01008796,215,94,6,2,0,134,24,141,3,7,8
S01008797,184,52,4,0,1,115,22,103,6,4,7
S01008798,232,84,5,0,0,107,19,112,5,2,6
S01008799,180,103,4,1,0,62,17,73,4,5,8
S01008800,282,117,18,0,1,168,36,102,12,4,8
S01008801,221,69,7,1,0,117,42,107,9,2,4
S01008802,250,86,7,1,1,165,18,116,9,1,5
S01008803,163,71,1,1,2,133,25,106,8,2,6
S01008804,111,26,1,0,0,65,11,55,5,3,3
S01008805,153,52,5,0,0,91,19,53,6,2,1
S01008806,341,131,10,4,0,180,29,123,12,6,10
S01008807,197,68,5,0,0,98,22,74,7,3,8
S01008808,163,76,6,0,2,87,25,58,8,4,4
S01008809,160,52,7,2,0,93,16,27,4,0,2
S01008810,218,76,4,0,0,117,28,62,8,3,11
S01008811,167,47,2,1,0,91,19,47,5,5,7
S01008812,103,30,2,0,0,47,9,24,5,0,2
S01008813,210,87,4,3,4,127,24,98,5,6,2
S01008814,205,72,5,0,0,94,22,58,7,0,3
S01008815,219,82,6,0,0,134,9,120,12,4,5
S01008816,144,65,7,0,1,66,20,51,5,0,4
S01008817,342,148,5,4,0,132,27,97,2,1,4
S01008818,257,157,8,0,0,109,24,102,8,5,8
S01008819,181,78,3,2,1,69,18,65,8,0,4
S01008820,231,126,6,1,0,89,27,121,8,2,8
S01008821,168,81,4,0,1,40,33,45,8,0,1
S01008822,138,83,9,2,3,42,22,33,4,0,5
S01008823,125,66,3,1,0,48,16,41,3,0,2
S01008824,230,113,3,0,0,59,30,64,4,0,7
S01008825,173,90,6,2,0,40,23,43,7,1,4
S01008826,128,75,6,2,0,34,25,58,4,3,1
S01008827,125,76,3,0,0,40,26,28,4,0,1
S01008828,176,126,4,1,2,54,33,81,2,0,3
S01008829,113,96,6,2,0,36,11,41,5,0,7
S01008830,170,104,5,0,3,46,28,45,6,1,4
S01008831,134,84,10,0,4,41,18,31,4,0,5
S01008832,106,74,5,2,4,44,8,20,9,0,8
S01008833,190,92,7,0,0,70,25,58,7,0,10
S01008834,235,106,12,2,1,88,32,48,7,7,12
S01008835,155,87,7,3,2,57,32,40,5,0,6
S01008836,159,80,5,1,1,107,25,63,3,3,9
S01008837,325,142,6,2,2,200,32,102,6,4,5
S01008838,323,94,5,5,1,195,26,64,14,7,8
S01008839,264,101,10,1,0,175,18,58,4,5,6
S01008840,254,115,5,2,0,156,23,57,14,6,8
S01008841,241,81,3,1,0,93,17,46,8,2,2
S01008842,278,95,2,1,0,102,19,74,8,0,10
S01008843,296,102,2,2,2,179,33,103,13,9,5
S01008844,192,86,2,2,2,91,11,41,6,3,2
S01008845,242,71,6,1,0,141,21,65,9,3,6
S01008846,157,51,1,0,0,73,18,33,8,1,11
S01008847,140,48,2,0,0,60,12,18,7,3,9
S01008848,166,51,0,1,1,75,11,33,5,3,19
S01008849,166,37,1,0,1,77,9,23,15,2,7
S01008850,164,47,2,0,0,67,10,14,14,1,10
S01008851,195,71,2,1,0,130,13,37,10,3,6
S01008852,207,61,2,0,0,100,15,16,11,6,16
S01008853,152,46,1,0,0,81,10,27,14,0,5
S01008854,239,74,5,3,0,120,15,28,14,3,12
S01008855,311,112,5,3,0,180,26,64,14,2,10
S01008856,173,44,1,1,1,93,9,39,10,5,5
S01008857,198,64,1,0,1,127,27,45,8,2,5
S01008858,161,42,3,0,0,78,9,14,5,1,4
S01008859,274,91,7,4,0,164,16,65,13,2,13
S01008860,212,88,4,3,1,133,21,52,2,3,12
S01008861,159,66,3,0,0,99,10,12,8,2,14
S01008862,230,91,4,0,2,129,14,48,17,1,9
S01008863,209,80,4,0,0,114,12,31,7,1,10
S01008864,191,53,0,0,0,95,15,41,8,0,11
S01008865,194,96,8,2,0,125,16,34,8,6,4
S01008866,217,81,5,2,0,113,15,38,14,6,5
S01008867,211,72,6,1,0,84,17,18,7,2,12
S01008868,227,66,2,0,2,130,25,57,14,8,18
S01008869,293,82,3,0,0,134,13,18,20,2,19
S01008870,178,78,5,0,2,86,16,17,5,4,8
S01008871,193,92,2,0,0,121,18,28,10,3,9
S01008872,222,69,6,0,1,105,12,35,15,2,13
S01008873,199,82,1,2,1,65,26,31,10,8,19
S01008874,214,104,4,3,3,104,17,42,14,22,8
S01008875,213,94,8,4,0,86,22,59,7,14,4
S01008876,111,65,3,2,0,21,12,28,2,5,0
S01008877,127,55,5,0,0,23,9,30,3,4,1
S01008878,178,113,6,0,2,26,13,46,3,26,2
S01008879,152,100,11,2,0,33,14,47,3,36,2
S01008880,118,79,4,1,1,28,14,47,1,6,6
S01008881,129,68,4,2,2,29,12,38,4,5,6
S01008882,221,110,6,1,2,63,27,32,10,1,11
S01008883,184,106,12,0,2,61,22,15,11,1,11
S01008884,129,65,3,0,1,37,11,22,5,5,3
S01008885,189,88,8,1,0,61,12,22,10,0,4
S01008886,198,88,5,0,0,118,17,32,5,2,9
S01008887,137,76,7,1,2,76,11,23,2,0,1
S01008888,132,95,9,3,1,54,13,40,3,0,2
S01008889,187,122,6,1,1,55,17,61,7,0,6
S01008890,125,71,6,3,0,56,14,27,0,2,4
S01008891,168,101,7,0,0,69,22,21,4,1,4
S01008892,187,105,10,2,0,45,24,59,10,1,5
S01008893,181,127,2,0,0,39,22,33,2,0,4
S01008894,187,87,2,1,0,32,22,37,5,1,8
S01008895,151,110,9,1,0,21,15,24,0,0,5
S01008896,138,86,4,0,2,22,18,24,2,1,6
S01008897,151,97,10,0,0,18,12,37,0,0,3
S01008898,151,112,2,1,1,26,14,24,12,0,5
S01008899,97,111,13,1,0,21,5,69,3,0,2
S01008900,144,141,6,0,1,48,12,74,3,0,5
S01008901,129,124,9,3,0,51,7,56,3,1,4
S01008902,168,120,18,0,1,83,7,115,3,0,6
S01008903,144,138,17,1,2,50,12,73,0,0,2
S01008904,174,108,8,3,2,38,6,131,6,0,3
S01008905,165,108,12,2,2,42,13,161,1,1,2
S01008906,122,86,10,2,1,39,14,111,0,1,4
S01008907,137,104,10,4,3,49,9,116,4,0,2
S01008908,271,204,25,2,0,95,27,207,12,0,11
S01008909,148,125,12,0,0,44,8,79,2,0,0
S01008910,96,67,6,0,2,35,16,33,0,0,2
S01008911,370,238,14,4,3,109,38,167,10,0,6
S01008912,142,122,8,0,0,43,26,40,4,0,3
S01008913,148,114,11,1,1,37,17,67,0,1,3
S01008914,141,141,8,6,2,46,18,67,0,0,2
S01008915,113,58,7,0,0,24,18,26,1,0,1
S01008916,135,99,15,2,0,36,21,116,0,0,2
S01008917,68,69,4,1,1,29,13,85,2,0,6
S01008918,55,43,5,0,0,13,6,66,2,0,1
S01008919,36,52,3,0,0,23,3,70,0,0,1
S01008920,504,355,16,5,1,77,58,245,12,1,20
S01008921,130,103,20,4,6,25,8,130,2,0,3
S01008922,96,101,12,3,0,40,20,102,0,1,4
S01008923,151,110,14,2,0,33,12,99,1,0,1
S01008924,97,125,15,3,0,32,7,89,1,0,3
S01008925,87,108,9,2,0,26,6,82,1,0,2
S01008926,91,92,12,4,1,17,10,76,0,0,5
S01008927,189,146,13,5,0,25,14,139,6,0,2
S01008928,185,140,7,4,0,35,13,151,1,0,3
S01008929,146,110,8,4,5,24,8,160,0,1,4
S01008930,126,85,17,2,0,25,8,114,2,0,3
S01008931,237,230,24,2,2,74,14,182,5,0,9
S01008932,160,135,14,3,1,29,21,103,1,1,4
S01008933,90,73,2,1,1,17,3,88,0,2,1
S01008934,146,118,10,4,0,14,5,79,1,0,6
S01008935,179,115,5,0,0,29,17,42,3,1,5
S01008936,91,60,1,0,0,8,5,11,2,0,0
S01008937,149,144,9,3,0,23,17,77,0,0,4
S01008938,146,132,10,2,1,19,14,41,0,0,5
S01008939,165,120,7,3,1,11,14,42,1,0,5
S01008940,99,81,3,0,1,8,14,29,5,1,6
S01008941,194,160,10,0,2,13,18,33,6,1,11
S01008942,163,153,6,0,0,8,13,44,2,1,1
S01008943,174,132,4,1,1,10,11,23,2,0,6
S01008944,195,146,9,5,0,10,15,32,0,0,7
S01008945,173,141,6,0,1,3,17,25,2,0,8
S01008946,171,135,7,3,0,6,13,36,3,0,8
S01008947,202,170,10,1,2,11,17,38,0,0,6
S01008948,134,108,9,2,0,11,6,37,1,3,3
S01008949,161,167,14,2,1,22,13,82,5,1,2
S01008950,181,170,18,4,1,21,9,83,1,1,1
S01008951,113,122,9,0,3,22,5,112,2,0,0
S01008952,134,130,7,5,1,25,7,108,3,1,0
S01008953,142,159,5,1,0,22,7,101,8,0,1
S01008954,173,165,15,4,0,16,9,92,2,0,0
S01008955,127,88,7,0,1,14,14,39,2,0,2
S01008956,157,193,11,1,2,21,16,78,0,0,3
S01008957,152,148,7,1,1,23,8,87,4,1,4
S01008958,147,157,6,0,0,23,9,67,0,2,1
S01008959,117,166,10,0,4,13,3,66,2,1,2
S01008960,285,195,9,4,0,23,10,52,7,4,6
S01008961,120,114,11,2,1,11,6,49,0,1,3
S01008962,128,90,4,2,0,13,7,32,2,0,2
S01008963,157,117,7,3,1,20,4,39,1,4,3
S01008964,104,82,5,0,0,16,4,32,1,0,3
S01008965,158,131,1,2,0,23,10,45,2,1,4
S01008966,140,105,9,1,1,13,8,28,0,1,1
S01008967,210,142,3,1,4,28,10,55,1,0,5
S01008968,382,300,11,2,4,27,20,96,5,2,10
S01008969,201,150,9,3,0,23,22,68,0,2,4
S01008970,211,123,6,3,0,13,18,66,8,2,5
S01008971,162,84,8,0,1,11,14,38,0,3,2
S01008972,160,95,4,0,0,12,12,47,10,0,6
S01008973,183,107,10,2,0,26,11,60,3,1,2
S01008974,156,96,2,1,0,25,7,50,2,0,3
S01008975,125,83,5,4,1,18,4,44,2,1,4
S01008976,106,78,0,0,0,11,4,17,2,6,2
S01008977,107,69,7,0,0,12,6,31,3,4,3
S01008978,90,97,6,0,4,24,8,42,6,9,5
S01008979,135,129,9,1,0,30,18,60,4,27,5
S01008980,147,136,7,0,3,31,16,37,1,39,6
S01008981,141,99,10,3,0,23,11,41,2,10,3
S01008982,153,138,14,3,0,26,10,52,4,33,11
S01008983,127,104,9,3,0,37,3,65,6,10,5
S01008984,101,88,8,0,0,24,3,27,2,27,8
S01008985,253,188,6,6,2,30,6,85,6,15,6
S01008986,161,131,9,2,0,21,9,43,5,9,0
S01008987,131,113,3,1,2,30,5,28,0,0,2
S01008988,209,126,7,1,0,42,10,69,10,1,5
S01008989,165,137,10,4,0,33,3,52,10,8,5
S01008990,281,183,10,0,1,42,16,58,21,17,7
S01008991,204,150,6,0,0,36,6,41,20,12,6
S01008992,91,64,7,0,1,38,8,30,2,2,3
S01008993,239,192,17,1,0,51,17,68,2,5,6
S01008994,123,141,9,3,1,14,7,25,2,1,4
S01008995,157,177,6,0,2,11,11,15,0,8,4
S01008996,185,221,6,3,0,23,12,38,0,7,8
S01008997,273,260,10,2,4,25,5,34,3,16,8
S01008998,162,160,12,0,0,16,5,53,3,6,6
S01008999,147,182,11,1,2,22,3,41,7,4,4
S01009000,368,427,14,3,3,21,11,39,18,8,10
S01009001,118,173,4,0,1,6,6,21,9,4,2
S01009002,716,668,21,4,0,42,34,84,75,6,19
S01009003,184,183,5,0,2,22,9,23,37,0,7
S01009004,100,127,4,1,2,17,6,16,17,0,1
S01009005,168,177,12,2,5,23,6,34,17,0,4
S01009006,136,139,9,1,1,30,5,26,19,0,4
S01009007,116,113,4,0,0,27,5,32,22,0,3
S01009008,180,148,9,2,0,25,6,27,9,2,4
S01009009,63,80,14,0,0,29,4,33,7,0,0
S01009010,214,234,9,2,2,26,2,36,13,0,4
S01009011,163,190,12,1,2,13,6,32,14,1,3
S01009012,107,164,7,1,1,20,5,26,9,1,3
S01009013,178,174,10,0,0,22,6,28,9,0,8
S01009014,91,143,9,2,0,20,0,5,2,0,13
S01009015,92,170,13,0,4,5,3,5,6,0,26
S01009016,71,134,6,0,0,5,0,11,2,0,11
S01009017,78,154,15,1,0,6,1,10,0,0,13
S01009018,132,227,19,0,1,3,2,5,1,0,7
S01009019,71,125,24,1,0,6,2,0,0,0,8
S01009020,111,263,19,2,0,30,2,7,2,0,6
S01009021,120,207,14,0,0,10,1,6,0,0,10
S01009022,132,223,26,0,2,22,0,4,1,0,11
S01009023,145,205,15,1,0,15,0,4,2,0,14
S01009024,179,205,20,1,1,43,2,13,0,0,15
S01009025,124,243,13,0,0,15,0,11,0,0,8
S01009026,112,285,26,1,1,6,1,17,0,0,13
S01009027,107,168,6,1,0,8,2,7,0,0,11
S01009028,81,125,4,0,0,0,1,3,2,0,7
S01009029,86,143,10,1,0,1,0,12,1,0,14
S01009030,89,159,9,0,0,6,1,10,2,1,9
S01009031,112,200,13,0,0,5,2,10,1,0,15
S01009032,78,157,12,0,2,4,0,12,2,0,5
S01009033,90,193,10,0,0,11,2,17,3,0,18
S01009034,95,187,12,0,0,5,0,18,3,0,18
S01009035,126,330,18,0,0,7,0,17,3,1,16
S01009036,135,343,20,0,0,3,0,17,0,0,21
S01009037,127,247,23,6,2,13,6,14,5,0,19
S01009038,141,264,34,3,0,32,3,7,0,0,17
S01009039,62,101,16,6,0,37,2,3,1,0,7
S01009040,78,130,12,6,3,66,2,4,0,1,2
S01009041,124,193,14,3,2,91,9,3,1,1,9
S01009042,86,124,21,8,0,15,2,4,1,0,4
S01009043,77,141,18,6,0,28,2,2,1,0,6
S01009044,84,174,9,2,3,57,4,2,3,0,10
S01009045,73,175,18,2,0,33,3,2,0,0,15
S01009046,135,330,25,5,0,10,3,8,2,0,14
S01009047,99,220,20,0,0,1,0,22,4,0,19
S01009048,117,195,30,2,0,2,3,6,1,0,23
S01009049,76,127,15,1,0,0,0,5,1,0,10
S01009050,118,276,11,3,2,8,0,8,8,0,1
S01009051,114,222,22,1,0,12,1,15,3,0,2
S01009052,76,157,10,1,1,14,2,5,1,0,0
S01009053,72,153,14,2,1,25,2,23,3,0,2
S01009054,64,144,18,3,0,9,1,8,3,0,0
S01009055,209,361,17,1,1,9,1,8,15,1,9
S01009056,62,133,15,1,0,19,0,19,2,1,0
S01009057,54,115,12,2,0,29,4,8,0,0,4
S01009058,97,187,13,2,0,31,0,15,7,0,2
S01009059,135,247,21,2,0,19,1,10,9,1,4
S01009060,274,524,18,1,2,11,0,8,18,0,13
S01009061,99,222,21,0,0,16,0,16,4,0,2
S01009062,57,148,13,5,2,18,0,16,1,0,1
S01009063,88,202,12,0,1,19,1,12,6,0,3
S01009064,79,131,16,5,0,8,0,12,1,0,0
S01009065,71,128,10,4,0,22,3,16,2,0,5
S01009066,106,141,19,1,1,29,1,10,3,0,0
S01009067,154,304,18,1,1,9,1,5,17,0,4
S01009068,122,232,17,1,0,6,2,18,6,0,0
S01009069,95,194,9,1,0,1,2,4,5,0,1
S01009070,80,171,12,1,0,6,0,9,2,0,3
S01009071,60,126,10,1,0,2,0,6,3,0,0
S01009072,71,140,11,0,1,5,1,4,8,0,3
S01009073,81,195,18,2,0,17,0,14,4,0,3
S01009074,69,181,24,2,0,20,0,18,2,0,5
S01009075,67,118,10,0,0,10,1,2,3,0,3
S01009076,136,283,19,3,0,18,0,8,7,0,0
S01009077,64,153,18,2,0,5,2,11,5,0,2
S01009078,158,251,9,2,0,4,1,6,9,0,8
S01009079,96,169,26,1,1,27,3,16,2,0,1
S01009080,107,223,28,2,1,25,1,17,5,0,1
S01009081,87,155,11,2,0,13,0,3,9,0,2
S01009082,157,356,33,6,3,28,2,32,8,0,3
S01009083,98,201,17,2,0,12,0,15,4,0,2
S01009084,154,265,13,1,0,11,5,4,14,0,6
S01009085,132,328,10,0,0,8,3,6,10,0,1
S01009086,86,179,7,5,1,7,3,8,3,0,6
S01009087,61,140,17,0,0,11,0,10,4,1,4
S01009088,163,257,12,0,1,29,7,7,12,0,4
S01009089,154,265,7,0,2,7,0,1,17,0,2
S01009090,454,672,22,4,0,31,9,10,48,0,12
S01009091,147,236,17,2,0,17,3,0,20,0,6
S01009092,184,312,16,1,0,41,4,8,31,0,7
S01009093,122,154,19,5,1,37,1,6,10,0,2
S01009094,104,137,6,2,1,9,3,5,11,0,5
S01009095,166,229,11,0,0,22,3,10,22,0,5
S01009096,185,217,10,0,0,30,1,4,28,0,7
S01009097,154,214,9,0,2,16,8,8,26,0,4
S01009098,85,117,4,0,0,4,3,2,13,0,0
S01009099,98,169,13,1,1,19,2,9,6,0,1
S01009100,95,176,25,1,1,22,8,13,19,0,6
S01009101,98,197,26,6,5,33,4,16,8,2,3
S01009102,94,186,33,6,5,27,8,7,1,0,3
S01009103,64,120,9,2,0,3,2,4,6,0,3
S01009104,85,157,15,4,1,19,4,9,6,0,4
S01009105,114,213,15,4,1,23,2,7,10,0,3
S01009106,83,136,17,4,0,15,4,8,7,0,2
S01009107,129,204,10,2,0,14,4,11,8,0,2
S01009108,93,191,5,1,0,5,4,4,10,0,1
S01009109,91,165,7,0,0,2,0,2,3,0,2
S01009110,70,138,14,3,0,10,8,5,5,0,3
S01009111,146,225,10,2,1,10,7,3,17,0,3
S01009112,88,134,3,1,0,7,1,2,5,0,7
S01009113,114,224,13,1,0,6,4,6,3,0,5
S01009114,123,236,20,1,3,14,6,10,6,0,1
S01009115,74,152,11,0,0,8,4,8,7,0,5
S01009116,53,109,13,0,1,4,0,2,3,0,0
S01009117,105,219,11,4,0,8,9,13,6,0,5
S01009118,109,192,8,1,2,2,3,4,7,0,5
S01009119,75,188,28,0,0,16,5,10,6,0,0
S01009120,66,163,11,3,0,17,4,17,3,0,2
S01009121,85,188,12,0,2,26,5,15,5,0,4
S01009122,577,968,27,4,4,17,5,10,51,0,18
S01009123,104,159,4,0,0,5,2,5,6,0,0
S01009124,65,157,12,0,0,13,4,5,1,0,2
S01009125,60,133,11,1,1,9,1,8,4,0,2
S01009126,43,99,22,0,4,24,8,16,4,0,2
S01009127,61,120,19,1,0,25,6,30,6,0,2
S01009128,60,110,16,6,4,21,11,21,6,0,4
S01009129,56,87,13,3,0,19,4,14,9,0,1
S01009130,74,156,18,2,0,12,5,13,5,0,0
S01009131,66,116,18,0,1,16,4,5,8,1,2
S01009132,123,212,23,4,0,14,4,13,18,2,3
S01009133,83,149,15,4,0,30,4,17,8,0,1
S01009134,117,212,18,5,0,25,3,7,19,0,8
S01009135,121,177,15,4,2,21,5,8,17,0,4
S01009136,123,173,15,3,0,11,0,5,11,0,6
S01009137,170,262,10,0,0,9,2,2,15,0,14
S01009138,145,188,12,1,2,41,11,2,30,1,3
S01009139,69,92,8,4,2,27,10,16,12,0,2
S01009140,105,132,14,5,0,36,4,6,14,0,2
S01009141,133,181,16,2,1,30,7,12,25,0,4
S01009142,115,142,23,7,3,52,5,21,19,0,4
S01009143,43,116,9,0,0,23,3,12,4,0,2
S01009144,182,338,16,3,2,28,8,13,22,4,3
S01009145,129,220,29,3,1,45,8,15,16,0,1
S01009146,132,163,25,3,0,38,0,23,13,0,7
S01009147,80,112,20,5,0,27,4,12,11,0,3
S01009148,70,170,25,0,2,23,5,7,6,0,0
S01009149,114,186,18,2,0,30,5,13,16,0,1
S01009150,28,37,7,0,0,9,0,7,3,0,2
S01009151,123,160,21,3,0,20,2,7,22,0,10
S01009152,77,100,10,1,3,39,7,18,17,0,1
S01009153,86,98,9,0,0,27,1,9,20,0,0
S01009154,167,227,12,7,0,29,5,9,26,3,5
S01009155,93,91,11,0,1,12,0,4,15,0,4
S01009156,121,121,1,2,0,12,2,1,27,0,4
S01009157,137,194,22,1,4,16,5,11,11,0,3
S01009158,70,126,11,1,0,23,2,10,11,0,0
S01009159,35,80,12,0,2,13,1,15,6,0,0
S01009160,76,116,20,2,0,23,4,11,11,0,4
S01009161,65,109,21,5,0,27,7,24,13,0,4
S01009162,97,126,25,1,2,27,3,24,5,0,3
S01009163,75,99,6,4,1,11,3,3,13,0,0
S01009164,88,195,26,3,2,17,3,24,17,0,0
S01009165,77,146,28,2,0,23,4,21,16,0,4
S01009166,75,137,17,5,1,19,4,14,8,0,4
S01009167,52,113,22,6,0,16,1,9,5,0,0
S01009168,78,132,12,0,0,24,0,7,14,0,5
S01009169,92,117,21,1,0,15,3,16,8,0,4
S01009170,76,165,23,4,1,9,0,15,4,0,6
S01009171,89,158,36,2,2,7,3,19,9,0,3
S01009172,124,146,4,2,0,9,3,3,29,0,2
S01009173,140,173,7,4,1,4,3,3,19,0,7
S01009174,95,140,0,0,0,5,2,1,19,0,6
S01009175,160,233,16,2,0,7,0,3,18,1,9
S01009176,175,221,6,0,0,19,5,2,30,0,9
S01009177,98,170,17,3,1,9,1,18,11,0,4
S01009178,77,163,24,2,1,16,1,14,8,0,4
S01009179,74,131,21,3,3,10,2,22,12,0,6
S01009180,124,249,35,1,5,27,3,33,13,0,4
S01009181,114,203,10,3,0,7,0,7,2,0,2
S01009182,136,297,17,1,0,8,1,6,10,0,4
S01009183,96,228,5,0,0,2,2,6,12,0,2
S01009184,132,198,17,0,1,14,0,9,7,0,5
S01009185,89,211,18,1,2,15,2,16,9,0,3
S01009186,93,239,19,1,2,9,1,10,7,0,3
S01009187,112,145,10,0,0,3,2,3,5,0,2
S01009188,147,241,12,0,2,9,2,16,16,1,4
S01009189,92,194,29,2,0,8,2,13,7,0,8
S01009190,259,448,21,0,6,25,1,3,36,0,9
S01009191,179,187,11,2,0,6,0,0,21,0,3
S01009192,107,159,18,0,0,10,0,7,14,0,1
S01009193,411,676,14,0,2,10,8,4,54,0,17
S01009194,136,171,7,0,0,4,0,2,13,0,4
S01009195,170,208,3,0,0,12,1,2,24,1,3
S01009196,87,159,9,0,0,6,0,3,9,0,1
S01009197,206,276,21,0,0,19,3,5,32,1,3
S01009198,95,158,10,0,1,10,2,5,19,0,5
S01009199,94,145,17,0,1,4,3,3,8,0,2
S01009200,312,534,21,0,0,15,5,2,40,0,9
S01009201,81,165,15,2,0,12,0,2,10,0,3
S01009202,83,150,8,0,1,1,0,0,10,0,3
S01009203,62,140,14,2,0,11,3,11,8,0,4
S01009204,124,228,20,2,1,10,1,15,13,0,4
S01009205,123,246,17,0,3,6,5,1,22,0,1
S01009206,132,192,10,1,0,4,1,4,16,0,4
S01009207,90,151,11,1,0,5,1,5,15,0,4
S01009208,94,140,6,1,1,10,0,10,13,0,3
S01009209,100,158,7,0,0,5,1,4,11,1,2
S01009210,73,121,4,1,0,6,0,0,5,0,0
S01009211,77,130,9,3,0,13,1,8,6,0,0
S01009212,95,164,21,1,0,15,3,20,9,1,2
S01009213,96,193,23,1,0,25,2,10,7,0,4
S01009214,151,249,16,1,3,18,7,9,20,0,3
S01009215,111,183,16,5,0,33,3,19,3,0,4
S01009216,121,221,18,2,1,25,1,16,7,0,4
S01009217,59,145,22,4,0,12,2,25,4,0,3
S01009218,109,177,18,1,0,22,5,9,5,0,6
S01009219,67,177,17,6,0,10,4,11,3,0,3
S01009220,54,120,9,2,1,9,5,4,1,0,2
S01009221,69,144,9,3,3,18,4,6,1,0,2
S01009222,50,118,11,3,0,15,5,10,6,0,0
S01009223,59,173,14,0,4,16,13,10,4,0,0
S01009224,80,179,19,7,2,17,5,9,4,0,3
S01009225,59,133,13,0,0,15,4,7,3,0,2
S01009226,89,207,24,6,0,29,6,9,6,2,2
S01009227,51,131,10,2,0,17,5,8,4,0,1
S01009228,67,111,4,1,5,32,9,11,4,0,2
S01009229,59,118,7,0,1,14,5,8,7,0,4
S01009230,64,112,5,2,1,11,3,5,2,0,3
S01009231,128,277,17,1,0,32,5,12,8,0,8
S01009232,58,87,18,3,4,31,8,18,6,0,0
S01009233,57,129,9,6,1,32,2,7,3,0,2
S01009234,105,223,34,2,3,31,15,25,4,0,4
S01009235,98,225,29,0,5,35,15,10,9,0,2
S01009236,51,122,2,3,0,14,2,3,5,0,2
S01009237,128,201,10,2,2,19,4,5,9,0,3
S01009238,73,165,16,3,1,12,11,14,3,0,0
S01009239,96,194,21,8,1,23,6,18,6,0,0
S01009240,70,122,10,2,0,16,14,11,3,0,1
S01009241,81,191,26,6,2,29,13,23,12,0,0
S01009242,91,181,17,5,0,15,10,6,0,0,2
S01009243,115,254,31,1,0,19,0,13,11,1,5
S01009244,147,193,10,1,0,7,1,3,6,0,12
S01009245,106,200,14,1,0,2,0,8,5,0,4
S01009246,97,194,15,3,0,24,1,8,7,0,1
S01009247,149,277,32,1,1,25,1,10,5,0,3
S01009248,77,190,12,3,0,8,0,3,4,0,1
S01009249,75,189,21,1,0,25,0,14,10,0,0
S01009250,66,150,14,4,3,9,0,8,4,1,2
S01009251,52,110,13,1,1,11,0,8,9,0,0
S01009252,81,133,6,0,2,6,0,0,1,1,2
S01009253,61,114,15,0,0,7,0,9,0,0,1
S01009254,89,163,35,2,3,28,1,10,6,0,2
S01009255,96,182,22,4,0,25,4,21,13,0,4
S01009256,63,120,6,1,0,9,1,0,7,0,3
S01009257,110,163,7,0,5,24,2,7,7,0,4
S01009258,206,314,11,1,0,6,3,3,13,0,5
S01009259,146,218,11,0,0,17,2,3,25,1,6
S01009260,143,287,17,4,0,38,2,14,6,1,5
S01009261,88,128,19,1,0,36,0,11,4,0,1
S01009262,47,131,18,2,0,28,3,15,5,1,1
S01009263,207,320,16,0,1,14,0,10,15,4,3
S01009264,70,111,7,0,0,13,0,4,2,0,1
S01009265,112,252,21,0,1,36,3,14,4,0,1
S01009266,95,199,13,0,0,25,4,6,2,0,2
S01009267,107,187,6,0,3,35,2,12,2,1,8
S01009268,154,327,35,4,2,8,4,31,2,0,4
S01009269,90,174,29,2,0,22,1,19,3,0,1
S01009270,69,138,23,1,1,15,1,26,3,0,2
S01009271,110,231,17,0,2,8,4,13,7,1,10
S01009272,65,177,23,0,2,22,4,25,1,0,0
S01009273,68,107,4,0,1,0,0,5,2,0,1
S01009274,79,160,7,1,0,5,0,7,3,0,3
S01009275,185,226,11,0,1,8,0,10,5,0,2
S01009276,117,227,10,0,0,5,2,12,1,0,3
S01009277,266,319,26,0,1,8,1,13,17,0,7
S01009278,108,159,5,0,0,6,3,13,5,0,2
S01009279,180,194,4,0,1,11,2,14,4,0,4
S01009280,108,193,21,1,2,27,3,18,2,0,1
S01009281,90,173,15,0,1,17,0,19,2,0,2
S01009282,133,174,8,1,0,14,1,15,3,0,4
S01009283,104,153,5,0,3,10,0,15,3,0,5
S01009284,150,192,10,0,4,9,8,9,7,0,0
S01009285,107,234,15,0,0,6,0,13,3,0,6
S01009286,87,168,6,2,2,7,2,13,6,0,5
S01009287,113,140,4,0,0,8,3,6,6,0,2
S01009288,163,206,15,3,1,23,6,15,7,0,7
S01009289,109,193,11,0,0,11,1,13,12,0,7
S01009290,95,132,5,0,0,9,2,5,4,0,2
S01009291,124,213,8,0,0,11,6,4,8,0,5
S01009292,65,110,21,4,0,18,3,18,2,0,1
S01009293,97,165,13,0,1,16,0,10,5,0,3
S01009294,141,189,11,0,0,10,2,6,7,0,7
S01009295,69,150,12,1,0,10,3,13,6,0,3
S01009296,77,110,4,0,0,13,0,4,7,0,3
S01009297,161,173,7,1,2,17,2,6,9,0,5
S01009298,109,158,16,3,0,26,5,31,4,0,5
S01009299,204,232,19,4,1,57,4,52,18,0,7
S01009300,85,108,6,0,0,32,0,33,11,0,5
S01009301,166,204,18,0,1,53,8,61,8,0,5
S01009302,77,134,25,5,3,37,0,44,1,0,1
S01009303,150,147,7,0,0,31,2,22,12,0,4
S01009304,146,231,21,3,0,29,2,33,4,0,3
S01009305,111,158,12,0,1,31,3,29,15,1,6
S01009306,214,255,24,3,1,60,1,59,16,0,10
S01009307,213,203,25,1,1,78,3,71,22,0,11
S01009308,111,108,7,2,1,28,3,27,9,0,6
S01009309,149,161,13,0,3,33,5,40,25,0,3
S01009310,131,170,11,1,2,23,2,15,14,0,6
S01009311,87,143,18,1,3,31,2,24,3,0,2
S01009312,133,167,16,5,0,29,0,32,26,0,9
S01009313,79,83,12,2,2,26,2,33,7,0,1
S01009314,96,121,8,0,0,21,4,9,6,0,4
S01009315,93,113,7,0,3,16,3,22,3,0,0
S01009316,122,161,5,1,0,33,6,9,12,0,8
S01009317,113,195,11,0,1,28,3,15,14,0,4
S01009318,101,131,4,0,0,10,2,7,12,0,1
S01009319,123,207,12,0,3,12,4,8,10,0,9
S01009320,116,143,9,1,0,11,3,15,6,0,3
S01009321,86,108,5,0,0,11,0,4,5,0,2
S01009322,96,156,10,0,1,6,0,9,7,1,0
S01009323,82,158,10,0,0,7,2,19,4,0,2
S01009324,74,132,27,0,2,8,2,11,4,0,2
S01009325,119,180,3,0,1,13,2,19,4,0,5
S01009326,88,122,11,0,0,10,1,12,13,0,3
S01009327,93,152,6,0,2,11,2,13,8,0,5
S01009328,163,268,8,1,2,17,5,9,15,0,11
S01009329,365,527,26,1,1,20,6,27,26,0,18
S01009330,80,131,12,0,0,15,0,7,5,0,4
S01009331,488,581,33,0,0,38,7,49,37,0,13
S01009332,206,258,15,2,2,12,3,10,11,0,5
S01009333,122,252,29,2,3,34,6,33,9,0,4
S01009334,73,124,18,1,0,24,3,20,7,0,0
S01009335,117,195,18,4,3,26,8,29,3,0,3
S01009336,66,104,13,2,0,21,3,33,2,0,1
S01009337,93,141,22,3,1,23,0,18,5,0,5
S01009338,139,209,29,1,0,33,3,38,11,0,1
S01009339,86,175,31,3,1,32,4,38,7,2,1
S01009340,79,156,22,6,1,22,2,22,2,0,3
S01009341,82,142,12,4,2,19,2,29,2,0,2
S01009342,75,174,16,1,0,19,6,12,4,0,3
S01009343,76,154,17,2,2,18,3,12,3,0,1
S01009344,79,165,21,1,1,15,2,21,0,0,2
S01009345,135,226,22,0,0,31,0,30,6,0,8
S01009346,140,188,8,2,1,12,4,9,14,0,3
S01009347,151,149,8,0,3,7,2,6,9,0,3
S01009348,95,144,6,0,0,8,0,5,6,0,7
S01009349,159,222,4,0,0,12,2,7,11,0,3
S01009350,118,150,19,0,0,12,3,7,7,0,4
S01009351,116,154,1,0,0,12,0,9,7,0,1
S01009352,167,225,6,0,0,9,3,11,17,0,0
S01009353,318,339,10,0,1,14,5,12,28,0,10
S01009354,466,590,29,3,0,26,7,24,28,0,16
S01009355,122,172,14,0,0,13,5,11,9,0,4
S01009356,100,226,17,4,1,18,0,11,7,0,3
S01009357,119,119,12,1,2,9,0,6,7,0,3
S01009358,122,143,4,1,1,2,0,2,5,0,1
S01009359,141,203,12,0,2,18,0,12,11,0,4
S01009360,155,183,10,1,0,16,2,18,8,0,3
S01009361,113,154,13,0,2,27,2,28,9,0,4
S01009362,147,233,17,0,1,28,1,17,12,0,2
S01009363,82,178,23,4,2,19,2,21,5,0,5
S01009364,130,224,18,3,3,15,3,25,18,0,4
S01009365,100,116,16,3,0,18,1,11,4,0,2
S01009366,124,131,13,4,0,17,1,21,4,0,3
S01009367,99,174,16,1,1,16,6,25,7,1,1
S01009368,59,132,27,2,2,9,2,19,0,1,2
S01009369,90,152,19,0,0,24,2,23,6,0,2
S01009370,90,149,14,1,2,16,1,18,8,0,1
S01009371,81,128,18,0,1,17,1,33,7,0,4
S01009372,72,98,11,1,3,22,2,26,5,1,2
S01009373,144,248,33,5,2,39,0,44,12,0,4
S01009374,101,164,18,1,0,34,0,27,11,0,4
S01009375,98,161,15,4,0,23,0,32,9,0,7
S01009376,60,96,11,3,0,15,4,17,3,0,4
S01009377,219,235,24,1,5,37,3,45,6,0,7
S01009378,137,225,26,2,2,21,3,38,7,0,5
S01009379,164,268,15,4,0,22,4,29,11,0,9
S01009380,68,147,4,0,1,17,1,13,2,0,7
S01009381,113,127,11,0,0,18,7,24,32,1,3
S01009382,105,187,19,2,0,15,1,33,11,0,3
S01009383,118,157,27,2,2,21,5,51,15,0,1
S01009384,105,84,6,0,1,6,0,6,26,0,4
S01009385,95,87,5,0,3,5,2,6,37,1,3
S01009386,76,145,15,0,0,3,0,16,8,0,2
S01009387,150,194,11,1,1,10,2,26,24,0,8
S01009388,85,142,27,1,0,21,1,31,17,0,1
S01009389,140,187,11,2,0,16,0,33,47,0,8
S01009390,155,139,7,2,2,3,2,8,25,1,6
S01009391,145,183,13,0,1,12,0,21,13,0,5
S01009392,123,134,13,0,1,6,2,10,16,0,2
S01009393,116,136,8,0,0,11,0,3,19,0,2
S01009394,179,184,11,1,4,12,1,23,15,0,3
S01009395,84,109,4,1,2,6,1,9,6,0,3
S01009396,100,124,4,0,0,4,4,8,12,0,9
S01009397,136,147,3,0,1,11,1,12,14,0,1
S01009398,118,164,9,0,1,9,1,12,6,0,0
S01009399,107,126,4,0,2,17,1,15,5,1,6
S01009400,69,113,7,2,0,16,0,8,5,0,1
S01009401,87,119,2,0,0,8,2,7,9,0,0
S01009402,151,183,8,0,0,10,3,9,17,0,10
S01009403,68,120,5,2,0,16,0,6,9,0,0
S01009404,76,124,13,0,1,31,1,22,3,0,2
S01009405,82,113,5,1,1,4,2,10,5,0,0
S01009406,150,285,18,1,2,19,4,28,3,0,3
S01009407,67,134,8,2,0,3,0,12,2,0,2
S01009408,132,299,18,1,0,4,2,12,5,0,8
S01009409,142,299,25,0,0,3,2,37,6,1,6
S01009410,103,174,21,0,0,15,2,34,4,0,1
S01009411,99,179,18,2,0,11,3,31,4,1,4
S01009412,94,211,21,2,0,20,1,45,4,0,0
S01009413,146,255,23,0,0,19,1,25,12,0,2
S01009414,66,170,26,1,0,10,0,16,8,0,0
S01009415,96,151,8,0,0,21,2,24,6,0,3
S01009416,70,133,10,0,0,8,1,13,6,0,2
S01009417,215,392,24,0,1,15,4,10,7,1,6
S01009418,118,239,26,0,0,28,1,28,9,0,2
S01009419,58,171,19,1,2,10,1,28,1,0,0
S01009420,75,123,25,0,0,17,2,18,0,0,0
S01009421,74,164,25,1,0,14,1,21,5,0,0
S01009422,98,203,24,0,3,12,1,15,5,0,0
S01009423,185,470,17,0,4,11,0,18,10,0,3
S01009424,81,147,17,0,1,5,0,10,0,0,2
S01009425,96,159,9,0,0,12,2,19,3,2,2
S01009426,88,122,22,2,0,19,0,22,2,0,1
S01009427,59,148,16,0,0,23,3,16,2,0,5
S01009428,77,119,16,0,0,30,3,19,2,0,0
S01009429,49,130,15,1,0,26,1,24,4,0,1
S01009430,79,160,21,1,0,18,1,15,3,2,3
S01009431,71,141,12,0,0,11,0,17,0,1,3
S01009432,63,157,19,0,0,15,0,33,1,0,2
S01009433,82,146,19,0,0,31,1,29,5,0,1
S01009434,65,119,12,2,0,13,4,20,0,0,2
S01009435,78,142,13,1,0,18,2,25,0,1,2
S01009436,59,156,25,2,1,12,0,19,15,0,5
S01009437,79,168,21,0,0,6,2,12,6,0,3
S01009438,100,203,13,2,0,9,1,14,7,0,3
S01009439,69,190,27,0,0,14,4,12,2,0,2
S01009440,56,154,15,3,0,11,2,17,3,0,4
S01009441,77,176,22,0,0,13,2,18,0,0,1
S01009442,79,181,15,0,0,3,1,4,1,0,4
S01009443,279,505,31,2,4,12,2,24,9,1,8
S01009444,105,185,11,0,0,14,0,13,7,0,1
S01009445,100,207,18,2,1,9,6,18,8,0,3
S01009446,115,195,30,2,0,18,1,35,0,0,3
S01009447,78,109,8,0,0,6,0,18,0,0,0
S01009448,187,370,19,0,0,18,2,16,6,0,5
S01009449,55,117,3,1,0,9,0,9,1,0,0
S01009450,75,120,17,0,1,6,1,24,1,0,1
S01009451,92,202,23,4,1,19,2,45,5,0,1
S01009452,57,121,20,0,0,13,2,19,4,0,2
S01009453,91,216,23,1,2,26,0,23,6,0,1
S01009454,177,158,5,0,2,27,1,16,35,0,4
S01009455,208,233,6,1,1,10,7,6,32,0,5
S01009456,180,262,17,1,1,14,2,16,10,0,9
S01009457,109,160,1,0,1,4,1,3,6,0,8
S01009458,105,134,5,1,0,26,0,7,15,0,6
S01009459,111,117,7,1,2,31,0,18,29,0,5
S01009460,107,136,15,1,0,33,1,13,18,0,3
S01009461,185,199,4,0,1,7,3,5,22,0,5
S01009462,108,156,8,0,0,14,1,6,13,0,2
S01009463,74,112,12,1,2,21,1,18,8,0,2
S01009464,112,191,13,1,1,26,5,15,19,0,5
S01009465,92,137,11,0,0,10,3,11,18,0,2
S01009466,75,88,2,0,0,15,1,4,12,0,0
S01009467,99,160,1,0,1,4,0,6,24,0,4
S01009468,88,151,12,2,0,23,0,12,18,0,5
S01009469,121,157,4,1,1,14,0,12,16,0,5
S01009470,50,86,10,0,2,6,2,6,7,0,7
S01009471,61,89,9,4,0,9,1,23,1,0,3
S01009472,116,145,15,5,0,26,3,20,8,0,6
S01009473,107,147,25,2,0,44,0,33,5,0,3
S01009474,97,191,22,2,1,18,3,33,8,0,3
S01009475,73,145,4,0,0,10,2,3,6,0,6
S01009476,164,234,15,1,0,7,4,4,17,0,6
S01009477,136,140,16,2,0,28,2,18,10,0,3
S01009478,130,187,17,1,0,48,0,18,9,0,7
S01009479,146,202,14,2,0,37,3,22,15,0,5
S01009480,124,153,15,1,0,26,3,19,10,0,2
S01009481,112,199,21,0,2,43,4,18,7,0,3
S01009482,96,100,18,1,0,26,3,22,12,0,4
S01009483,102,172,25,0,0,64,3,32,16,1,1
S01009484,98,167,17,0,1,33,3,11,11,0,4
S01009485,81,188,16,0,0,19,0,16,6,1,3
S01009486,77,119,18,0,0,15,1,0,8,0,4
S01009487,112,179,20,2,2,38,3,15,7,0,2
S01009488,80,171,24,0,0,14,2,12,4,0,2
S01009489,81,174,18,0,0,15,7,20,1,0,4
S01009490,84,161,16,4,0,28,0,34,1,0,2
S01009491,85,181,14,1,0,14,1,19,8,1,3
S01009492,65,128,14,2,0,26,2,20,5,0,4
S01009493,128,165,5,1,0,11,0,2,11,0,4
S01009494,174,246,19,0,0,11,1,8,4,0,7
S01009495,111,244,10,1,0,16,3,6,11,0,7
S01009496,91,197,15,2,0,33,1,19,1,0,4
S01009497,117,271,22,1,0,15,1,12,6,0,5
S01009498,68,150,7,2,0,7,1,5,5,0,5
S01009499,84,193,16,2,0,21,0,15,2,0,3
S01009500,58,146,24,2,0,23,4,13,2,0,4
S01009501,90,184,22,0,3,29,5,26,1,0,5
S01009502,72,186,28,0,2,30,5,27,4,0,4
S01009503,71,200,20,3,0,24,1,19,4,0,0
S01009504,71,127,16,4,0,30,1,21,3,0,2
S01009505,83,152,36,1,1,23,5,25,4,0,3
S01009506,81,140,19,2,0,28,2,28,5,0,2
S01009507,106,212,19,4,0,26,5,12,2,0,0
S01009508,84,169,19,1,1,24,2,35,3,0,0
S01009509,98,203,32,1,0,37,3,28,2,0,2
S01009510,77,175,12,0,2,16,1,6,1,0,2
S01009511,57,147,6,0,0,8,1,4,4,0,1
S01009512,81,207,19,3,0,12,1,3,3,0,3
S01009513,66,136,11,1,0,8,2,2,3,0,3
S01009514,88,186,12,0,0,9,1,4,1,0,4
S01009515,60,155,19,1,3,15,2,14,0,0,1
S01009516,80,175,11,2,0,15,1,12,0,0,1
S01009517,168,328,15,5,0,16,2,10,10,0,5
S01009518,181,320,13,0,0,6,2,5,4,0,5
S01009519,160,277,10,5,0,10,3,8,8,0,6
S01009520,116,206,21,0,0,18,1,12,1,0,6
S01009521,88,150,22,3,1,23,4,13,0,0,5
S01009522,123,232,25,0,2,37,0,17,6,0,3
S01009523,70,99,18,0,1,20,0,15,0,0,5
S01009524,73,143,21,0,0,36,4,18,6,0,0
S01009525,68,95,21,0,0,30,4,10,6,0,0
S01009526,95,157,12,0,0,22,0,6,6,0,6
S01009527,95,138,15,1,0,34,1,14,5,0,2
S01009528,54,91,5,0,0,14,2,10,3,0,0
S01009529,81,129,9,1,0,14,2,7,7,0,4
S01009530,83,128,7,0,0,16,4,6,10,0,5
S01009531,118,313,23,4,1,26,1,20,6,0,0
S01009532,63,147,18,3,1,32,4,22,1,0,2
S01009533,116,205,30,11,0,55,6,28,2,0,0
S01009534,71,167,21,2,0,36,0,25,1,0,0
S01009535,66,143,26,1,0,30,4,17,0,0,0
S01009536,68,114,7,0,0,16,0,17,4,0,3
S01009537,56,115,6,0,0,16,2,10,3,0,4
S01009538,118,187,16,4,0,31,4,20,2,0,3
S01009539,95,252,19,1,1,35,4,5,6,0,0
S01009540,99,185,21,4,2,24,8,25,3,0,2
S01009541,206,397,17,1,1,13,1,15,13,0,6
S01009542,76,160,23,0,0,9,0,33,2,2,3
S01009543,72,144,8,0,0,5,2,11,0,0,1
S01009544,112,226,14,0,0,3,0,13,3,0,4
S01009545,77,171,16,4,1,13,2,13,1,0,3
S01009546,147,376,25,1,2,16,1,18,2,0,6
S01009547,112,195,15,1,0,20,6,17,0,0,0
S01009548,67,130,7,0,0,5,4,7,3,0,1
S01009549,102,194,13,0,1,16,4,9,3,0,4
S01009550,72,158,5,1,0,10,1,3,0,0,3
S01009551,59,133,9,0,0,7,4,9,2,0,4
S01009552,127,221,14,2,0,23,1,10,1,0,5
S01009553,83,178,26,0,0,21,1,14,0,0,1
S01009554,80,127,12,0,0,5,0,15,2,0,3
S01009555,106,189,20,1,0,19,10,15,2,0,5
S01009556,63,154,31,1,1,13,4,14,0,0,6
S01009557,39,133,16,2,0,23,5,16,1,0,2
S01009558,46,145,29,1,0,25,7,16,5,0,1
S01009559,81,173,29,2,1,19,8,23,0,0,0
S01009560,88,157,20,2,1,21,3,26,3,0,1
S01009561,72,120,24,0,0,23,4,9,0,0,2
S01009562,80,165,11,2,0,30,3,9,1,0,1
S01009563,80,159,24,2,2,26,5,10,0,0,2
S01009564,79,149,15,0,0,34,2,9,1,0,8
S01009565,53,141,10,0,0,22,4,9,0,0,2
S01009566,121,283,29,1,2,34,8,17,0,0,2
S01009567,103,192,23,3,1,30,2,22,2,0,5
S01009568,75,202,28,0,0,29,5,12,2,0,2
S01009569,93,170,25,1,1,39,3,19,1,0,0
S01009570,41,164,17,0,0,20,2,9,1,0,3
S01009571,76,105,24,1,2,37,3,13,2,0,3
S01009572,102,161,20,4,3,44,1,25,4,0,3
S01009573,56,142,20,1,0,33,7,20,2,0,1
S01009574,95,200,23,4,0,49,10,25,0,0,3
S01009575,50,118,6,0,0,8,4,11,0,0,0
S01009576,67,95,3,0,0,4,0,8,3,0,1
S01009577,70,141,7,0,0,3,0,7,3,0,4
S01009578,78,175,11,0,0,12,0,15,4,0,2
S01009579,117,238,25,1,2,16,5,17,0,0,2
S01009580,159,294,26,0,0,28,4,10,4,0,1
S01009581,54,125,9,0,0,19,5,5,0,0,0
S01009582,42,158,6,1,0,18,0,19,2,0,5
S01009583,92,206,19,3,2,39,5,17,2,0,0
S01009584,68,137,8,2,1,14,1,5,2,0,0
S01009585,91,233,23,3,0,23,4,18,2,0,0
S01009586,65,119,4,0,0,11,2,11,4,0,1
S01009587,93,154,13,3,1,41,5,14,4,0,2
S01009588,97,247,23,0,0,30,5,20,0,2,7
S01009589,110,223,20,2,0,29,7,11,4,0,2
S01009590,92,189,7,0,2,11,2,5,7,0,4
S01009591,90,171,10,0,0,6,2,7,0,0,2
S01009592,66,112,7,0,0,2,0,6,3,0,4
S01009593,111,191,9,0,0,8,4,4,6,0,7
S01009594,101,190,9,0,0,1,2,4,1,0,4
S01009595,71,121,5,0,0,8,1,7,3,0,0
S01009596,102,176,19,1,1,11,3,23,0,0,1
S01009597,91,146,24,1,0,16,1,25,0,0,1
S01009598,62,122,18,0,2,13,0,17,1,2,2
S01009599,97,173,21,3,0,20,3,31,3,0,1
S01009600,50,127,17,2,1,15,3,10,0,0,0
S01009601,64,154,18,1,4,18,3,20,11,0,7
S01009602,120,212,10,0,0,1,1,3,3,0,8
S01009603,47,94,4,2,0,4,2,5,3,0,3
S01009604,96,210,21,0,0,12,3,14,0,0,2
S01009605,71,94,7,0,0,5,1,11,1,0,1
S01009606,124,268,3,1,0,7,0,6,5,0,7
S01009607,118,221,4,2,0,14,6,7,4,0,5
S01009608,88,172,14,2,0,15,2,12,6,0,4
S01009609,100,204,15,3,0,9,3,7,12,0,3
S01009610,137,238,16,0,0,13,5,9,10,0,4
S01009611,83,178,8,1,0,0,0,3,5,0,4
S01009612,65,161,12,2,3,10,4,7,1,0,6
S01009613,72,125,0,0,0,7,2,2,2,1,2
S01009614,80,138,5,1,0,4,2,6,1,0,4
S01009615,58,101,3,0,0,5,0,10,0,0,0
S01009616,86,164,11,1,4,17,0,6,2,0,3
S01009617,90,204,9,0,1,15,4,3,9,0,7
S01009618,63,166,16,0,2,18,4,15,0,0,4
S01009619,70,114,9,3,0,19,7,10,0,0,0
S01009620,66,158,19,1,1,23,2,10,0,0,1
S01009621,66,158,7,3,1,15,3,18,2,0,2
S01009622,76,139,16,2,1,11,4,34,4,0,4
S01009623,49,114,20,0,0,11,0,15,1,0,4
S01009624,91,161,14,0,0,15,3,24,2,0,1
S01009625,102,190,28,3,0,18,9,18,1,1,2
S01009626,55,103,12,4,1,13,1,2,0,0,1
S01009627,74,213,18,5,0,19,4,23,1,0,3
S01009628,27,81,6,1,0,9,4,7,1,0,0
S01009629,95,247,31,3,1,22,9,27,1,0,1
S01009630,88,175,21,2,0,31,3,17,1,0,5
S01009631,64,110,12,1,0,20,3,14,0,0,1
S01009632,51,81,12,2,0,15,3,14,1,0,1
S01009633,72,134,21,3,0,31,0,12,0,0,1
S01009634,54,106,17,0,1,15,4,8,2,0,2
S01009635,90,174,19,2,0,37,4,27,4,0,4
S01009636,74,124,8,3,0,39,1,17,1,0,1
S01009637,52,141,10,5,0,14,3,8,0,0,3
S01009638,85,208,36,5,0,25,3,14,0,0,4
S01009639,127,158,4,0,0,20,4,2,2,0,11
S01009640,61,152,6,0,2,13,5,17,0,0,5
S01009641,87,171,10,0,4,34,2,18,1,0,7
S01009642,123,214,13,1,0,47,5,16,5,0,2
S01009643,175,380,18,1,0,30,4,10,7,0,15
S01009644,95,203,24,1,0,34,2,5,2,0,5
S01009645,67,152,13,1,0,29,7,11,0,0,0
S01009646,52,150,16,4,0,23,1,4,0,0,0
S01009647,63,115,12,0,0,23,4,20,1,0,3
S01009648,110,204,18,0,2,37,2,14,3,0,5
S01009649,109,266,21,0,1,24,6,18,5,0,3
S01009650,87,177,10,0,0,8,4,4,7,0,3
S01009651,224,329,14,2,1,13,0,12,12,0,11
S01009652,136,149,3,0,0,12,1,6,3,0,11
S01009653,69,129,4,0,0,6,0,7,4,0,3
S01009654,77,145,6,0,0,6,0,12,3,1,2
S01009655,74,228,29,2,0,7,4,6,2,0,2
S01009656,79,128,16,2,0,9,1,19,0,0,1
S01009657,63,199,14,0,1,26,0,15,6,0,1
S01009658,79,157,19,0,1,7,0,10,1,0,3
S01009659,41,113,17,1,0,13,0,14,2,1,2
S01009660,102,312,19,2,1,17,0,23,4,0,7
S01009661,174,203,8,2,0,8,0,5,2,0,8
S01009662,105,183,10,0,0,3,2,12,2,0,0
S01009663,106,158,0,0,0,4,0,2,6,1,3
S01009664,156,238,12,1,1,4,2,7,5,0,3
S01009665,104,194,6,4,0,8,1,14,5,0,2
S01009666,90,145,9,0,0,9,0,5,9,0,5
S01009667,95,144,3,0,0,4,0,6,4,0,1
S01009668,94,178,7,0,0,3,0,6,4,0,3
S01009669,69,129,7,0,1,10,2,4,3,0,1
S01009670,112,161,9,0,0,9,2,7,5,0,3
S01009671,95,151,8,0,0,18,0,5,7,0,2
S01009672,92,216,17,1,1,23,2,12,3,0,2
S01009673,97,197,15,0,2,25,0,11,4,0,7
S01009674,129,218,12,1,0,17,0,2,10,0,12
S01009675,140,219,6,0,0,17,2,4,2,0,1
S01009676,136,225,15,0,1,19,0,8,4,0,4
S01009677,91,129,10,2,0,1,0,3,5,0,6
S01009678,59,157,8,0,0,13,0,10,3,0,6
S01009679,122,264,20,1,0,38,0,14,0,0,4
S01009680,109,192,21,0,1,30,2,4,2,0,5
S01009681,79,209,12,1,0,8,0,12,1,0,8
S01009682,92,140,7,1,0,16,4,9,2,0,4
S01009683,82,166,7,0,0,33,0,8,5,0,10
S01009684,194,280,17,0,2,34,3,10,2,0,10
S01009685,66,172,8,2,3,6,1,14,2,2,3
S01009686,125,182,14,4,2,77,4,33,9,0,7
S01009687,75,191,14,1,1,38,0,6,4,0,1
S01009688,78,147,24,0,3,61,5,21,3,0,0
S01009689,84,168,9,2,0,59,2,26,5,0,2
S01009690,87,148,10,0,0,31,5,12,7,0,3
S01009691,66,124,5,0,2,14,1,18,6,0,4
S01009692,115,225,16,0,0,39,2,16,5,1,3
S01009693,79,166,3,0,0,17,1,5,3,0,3
S01009694,108,180,11,1,2,25,4,11,3,0,4
S01009695,78,141,5,2,0,6,3,3,1,0,3
S01009696,144,226,14,1,1,7,1,11,3,0,7
S01009697,126,171,13,2,0,6,11,10,4,0,6
S01009698,128,145,3,2,0,4,1,2,2,0,4
S01009699,45,76,6,0,0,7,1,0,4,0,0
S01009700,101,169,11,1,0,14,1,9,3,1,7
S01009701,50,94,10,0,0,8,3,2,8,2,4
S01009702,118,130,7,0,0,9,2,10,1,0,2
S01009703,67,145,8,0,0,21,2,7,2,0,9
S01009704,121,196,9,0,1,19,0,19,4,0,7
S01009705,90,180,12,0,2,27,3,15,2,2,3
S01009706,82,135,13,0,1,23,2,14,2,0,3
S01009707,80,104,5,0,0,25,0,8,4,0,6
S01009708,149,251,10,0,1,37,3,18,4,0,19
S01009709,93,180,8,0,0,25,5,9,0,0,11
S01009710,45,135,5,2,0,23,1,6,3,0,8
S01009711,99,136,8,0,0,39,0,9,6,0,5
S01009712,102,130,8,0,2,27,2,11,0,0,3
S01009713,112,169,13,0,0,22,0,29,4,0,9
S01009714,126,200,13,0,1,15,8,27,4,0,9
S01009715,145,132,6,0,0,13,9,13,8,0,7
S01009716,81,83,7,2,0,38,7,5,2,0,0
S01009717,54,77,8,1,1,42,4,6,0,0,5
S01009718,60,108,17,4,0,49,6,8,6,0,4
S01009719,58,94,12,1,2,55,9,7,3,0,4
S01009720,75,75,12,0,0,67,8,11,1,0,1
S01009721,13,2,2,0,0,12,0,5,2,0,1
S01009722,66,57,3,0,1,64,2,6,0,0,7
S01009723,45,17,0,0,0,27,4,0,0,0,0
S01009724,78,65,5,2,1,72,2,4,4,0,0
S01009725,33,25,1,0,0,16,1,3,2,0,0
S01009726,28,12,0,0,0,13,3,3,2,0,2
S01009727,102,132,5,0,1,26,4,3,1,0,7
S01009728,84,132,10,1,0,31,13,5,5,0,6
S01009729,79,70,7,0,0,18,9,6,2,0,2
S01009730,55,60,2,0,0,24,3,3,1,0,3
S01009731,73,56,9,0,0,22,6,3,4,0,2
S01009732,72,47,3,0,0,37,3,6,6,0,5
S01009733,74,100,2,1,0,5,3,7,3,0,2
S01009734,126,198,13,0,0,9,15,13,8,0,13
S01009735,87,90,3,2,1,24,10,3,2,0,6
S01009736,43,37,1,0,0,19,5,7,2,0,0
S01009737,104,190,12,0,0,29,11,38,6,0,3
S01009738,69,115,6,0,0,10,3,33,4,0,2
S01009739,145,227,13,1,1,28,9,30,5,0,5
S01009740,63,110,6,1,1,17,1,24,1,0,2
S01009741,289,110,6,0,0,46,8,13,0,0,0
S01009742,94,110,3,0,3,6,5,4,2,0,3
S01009743,121,248,6,0,0,7,4,8,5,0,9
S01009744,100,152,2,0,0,4,2,10,3,0,4
S01009745,195,329,22,1,0,10,12,25,7,1,12
S01009746,134,132,2,1,0,4,2,3,2,0,3
S01009747,73,171,11,0,1,25,4,36,8,0,4
S01009748,111,208,17,0,0,10,12,28,3,0,11
S01009749,119,245,12,1,0,22,12,24,3,0,5
S01009750,93,198,11,1,1,11,4,14,0,0,4
S01009751,74,189,13,5,0,16,4,32,4,0,2
S01009752,84,138,5,0,0,8,3,11,6,0,7
S01009753,85,109,8,1,0,12,11,11,0,0,2
S01009754,136,215,8,2,0,23,7,18,4,0,3
S01009755,89,143,8,0,0,12,11,13,6,0,2
S01009756,112,144,13,0,0,9,11,11,2,0,4
S01009757,126,201,8,0,0,8,5,12,2,0,6
S01009758,90,182,14,1,0,15,0,11,1,1,0
S01009759,108,118,22,3,0,37,3,59,14,0,4
S01009760,126,170,24,11,1,25,6,51,19,2,8
S01009761,126,199,22,5,0,20,4,13,5,0,4
S01009762,91,161,22,3,0,46,3,74,8,1,3
S01009763,147,173,11,0,2,5,2,5,10,2,6
S01009764,75,136,8,3,0,27,2,21,9,0,0
S01009765,127,202,20,6,2,25,2,27,12,1,7
S01009766,62,133,10,4,0,9,4,8,8,0,1
S01009767,384,612,48,14,0,35,7,47,35,4,11
S01009768,116,172,10,3,3,11,2,34,9,3,1
S01009769,184,290,24,6,1,10,1,18,27,1,2
S01009770,105,169,10,6,1,6,2,13,8,3,1
S01009771,123,203,16,7,1,12,1,19,11,1,2
S01009772,92,139,13,4,0,7,0,21,6,0,6
S01009773,120,159,15,5,0,11,2,9,5,0,3
S01009774,108,145,11,7,0,9,0,3,7,0,8
S01009775,387,408,32,4,3,35,8,71,14,6,5
S01009776,78,92,22,6,0,21,4,25,8,0,3
S01009777,42,67,12,2,0,15,3,24,5,0,1
S01009778,76,109,20,3,0,15,5,27,8,0,1
S01009779,54,50,10,4,2,16,1,20,5,2,0
S01009780,66,94,26,4,0,17,1,28,3,0,1
S01009781,61,91,15,1,0,21,4,27,2,0,1
S01009782,110,173,18,3,0,14,3,20,20,1,2
S01009783,64,114,28,4,1,25,8,21,17,0,0
S01009784,102,171,24,7,2,32,7,42,10,0,1
S01009785,73,140,23,4,2,23,4,43,11,0,1
S01009786,95,141,19,4,1,30,3,53,8,1,0
S01009787,74,118,16,5,1,36,4,61,4,0,3
S01009788,114,168,26,4,0,30,8,53,7,0,3
S01009789,86,150,27,6,1,30,7,33,5,0,6
S01009790,69,131,15,6,0,26,2,24,3,1,2
S01009791,75,120,9,3,1,26,4,45,4,1,1
S01009792,181,250,20,9,1,5,3,28,15,7,6
S01009793,268,446,30,11,2,13,4,35,26,4,16
S01009794,82,173,13,1,0,9,2,21,5,3,3
S01009795,133,238,18,0,0,4,2,16,6,2,4
S01009796,117,156,9,1,0,11,3,15,5,0,5
S01009797,152,216,14,6,0,14,7,19,12,2,3
S01009798,117,187,11,4,2,7,1,20,5,1,5
S01009799,73,136,15,5,0,27,4,41,16,0,4
S01009800,117,175,22,8,3,25,2,52,14,0,0
S01009801,94,138,21,8,0,35,6,44,12,1,1
S01009802,122,177,18,3,1,35,2,46,19,1,4
S01009803,61,105,22,8,0,13,3,44,6,0,1
S01009804,76,125,9,0,1,7,1,4,9,3,4
S01009805,99,157,14,5,1,29,7,35,6,2,4
S01009806,94,110,5,2,1,16,4,49,9,3,5
S01009807,91,144,18,7,1,31,7,37,13,1,4
S01009808,76,79,11,3,0,22,5,30,8,1,3
S01009809,79,104,9,3,1,30,4,43,13,2,3
S01009810,79,89,6,2,0,16,1,20,23,1,3
S01009811,96,200,12,4,1,22,3,41,13,3,7
S01009812,104,144,14,4,0,19,0,29,17,5,2
S01009813,95,61,13,4,0,14,3,45,7,0,2
S01009814,115,148,9,3,0,23,4,31,6,0,1
S01009815,89,107,11,2,0,23,3,31,13,2,4
S01009816,81,131,17,1,0,24,3,25,15,2,1
S01009817,85,140,6,0,1,14,4,19,12,1,1
S01009818,106,138,14,5,1,20,5,32,14,5,6
S01009819,81,97,8,1,1,11,2,27,5,4,5
S01009820,143,179,12,4,0,33,7,46,16,2,5
S01009821,105,125,13,1,0,25,3,31,10,2,2
S01009822,55,126,11,3,1,17,4,12,10,0,1
S01009823,67,106,13,6,1,23,3,23,14,1,5
S01009824,117,185,19,2,0,16,5,41,27,2,5
S01009825,105,181,19,6,1,32,7,42,13,0,3
S01009826,67,111,14,2,0,23,2,16,6,0,4
S01009827,93,163,17,3,1,34,6,46,5,0,4
S01009828,59,64,15,2,0,16,5,42,1,4,1
S01009829,129,177,17,3,1,30,10,35,34,2,6
S01009830,91,142,18,3,0,19,2,23,15,0,2
S01009831,71,115,7,7,3,29,3,13,18,2,5
S01009832,130,181,17,5,4,27,5,39,11,0,3
S01009833,62,99,8,3,0,45,5,23,7,3,1
S01009834,109,169,16,5,0,35,0,24,10,4,4
S01009835,58,67,13,3,0,41,3,30,10,7,5
S01009836,124,186,20,4,1,35,5,31,11,9,0
S01009837,79,91,7,4,0,32,4,38,7,10,2
S01009838,131,126,17,5,1,53,7,42,6,13,2
S01009839,112,105,11,4,0,44,9,69,8,16,2
S01009840,96,159,11,7,0,38,5,41,7,18,1
S01009841,80,82,16,4,4,34,12,44,7,29,1
S01009842,74,72,8,2,1,24,7,35,3,26,2
S01009843,107,105,12,7,3,37,7,39,10,35,4
S01009844,118,82,13,2,1,35,11,36,8,25,1
S01009845,80,70,9,1,0,25,14,37,11,35,0
S01009846,121,156,11,6,0,50,15,49,17,44,6
S01009847,111,95,10,2,0,35,12,35,6,11,5
S01009848,108,147,17,8,0,45,8,37,7,11,2
S01009849,130,110,11,4,1,23,16,63,3,8,3
S01009850,110,116,15,7,0,41,10,69,7,3,3
S01009851,135,148,16,4,0,22,5,71,11,8,2
S01009852,90,108,10,4,1,14,4,25,9,7,1
S01009853,111,154,10,7,1,16,6,23,23,1,6
S01009854,137,182,14,5,0,23,8,31,23,1,3
S01009855,87,130,6,5,0,11,8,18,7,6,2
S01009856,97,113,9,2,0,25,6,28,6,4,5
S01009857,128,159,16,5,0,19,10,46,8,3,2
S01009858,102,143,15,10,0,24,2,34,15,1,11
S01009859,142,120,18,3,0,40,17,55,14,39,2
S01009860,131,86,11,2,1,47,3,40,12,42,3
S01009861,134,116,12,2,1,30,16,35,14,42,7
S01009862,215,97,15,4,0,49,14,53,17,65,4
S01009863,144,93,11,3,0,41,25,41,15,48,1
S01009864,146,119,17,4,1,37,21,35,11,55,6
S01009865,190,130,16,2,0,31,19,35,10,72,5
S01009866,153,125,16,4,0,58,20,45,7,17,6
S01009867,242,185,12,5,0,114,12,53,14,11,7
S01009868,143,83,6,5,0,39,15,22,5,28,4
S01009869,141,87,10,5,0,30,14,31,7,36,4
S01009870,96,76,6,1,0,31,9,20,6,35,10
S01009871,165,141,4,5,1,31,15,32,18,27,4
S01009872,161,106,4,6,1,33,13,43,7,55,4
S01009873,144,109,9,0,0,11,13,22,12,25,7
S01009874,150,155,19,3,0,27,5,20,23,2,6
S01009875,124,81,8,3,0,34,16,25,10,26,2
S01009876,26,28,3,1,0,10,4,6,5,5,0
S01009877,147,181,16,5,0,16,18,14,23,16,10
S01009878,121,109,17,2,0,25,15,14,13,6,5
S01009879,185,158,14,3,0,15,11,8,26,5,6
S01009880,122,134,13,3,1,22,11,7,14,10,3
S01009881,125,125,12,4,2,26,16,25,15,15,2
S01009882,316,213,15,4,0,82,29,73,44,9,8
S01009883,137,94,8,2,0,29,26,18,25,6,4
S01009884,207,110,13,3,0,37,29,23,41,5,5
S01009885,137,96,11,2,0,22,23,17,30,5,3
S01009886,110,91,11,4,0,28,21,11,13,12,2
S01009887,124,90,25,3,0,37,25,61,25,5,11
S01009888,114,73,11,8,1,29,19,35,9,2,4
S01009889,148,93,11,4,1,42,15,37,26,2,7
S01009890,48,35,6,1,0,16,8,23,7,2,1
S01009891,107,84,6,10,0,38,24,37,14,3,7
S01009892,130,79,7,5,0,44,16,52,18,8,3
S01009893,145,81,13,6,0,39,26,47,26,1,8
S01009894,121,72,7,5,0,34,14,40,10,2,5
S01009895,123,103,17,2,1,44,15,47,19,3,2
S01009896,155,115,14,6,0,40,5,45,12,2,4
S01009897,168,149,15,8,0,39,25,38,39,2,9
S01009898,66,83,7,3,0,27,4,25,6,1,1
S01009899,194,158,5,0,1,33,20,55,26,0,3
S01009900,199,149,6,2,0,35,32,45,54,0,4
S01009901,248,184,14,1,0,37,37,49,53,4,5
S01009902,141,136,9,3,1,33,18,39,52,2,0
S01009903,184,132,16,4,0,40,40,23,32,0,4
S01009904,208,149,6,2,0,39,17,49,47,2,7
S01009905,163,96,10,4,1,33,35,36,42,2,4
S01009906,103,71,2,2,1,28,22,19,26,1,2
S01009907,201,93,15,5,0,58,35,63,47,4,3
S01009908,233,157,8,5,3,55,47,56,52,6,12
S01009909,258,153,10,8,0,47,49,46,65,4,12
S01009910,112,66,2,0,0,23,20,22,29,4,3
S01009911,178,123,6,0,0,30,34,27,36,8,6
S01009912,154,160,10,2,0,23,22,17,25,6,6
S01009913,129,162,12,5,0,8,5,7,23,4,8
S01009914,156,199,13,0,0,16,15,11,41,5,6
S01009915,198,155,5,4,0,23,22,7,34,5,7
S01009916,150,173,14,2,1,12,12,14,31,3,5
S01009917,146,114,1,2,0,23,14,23,43,2,0
S01009918,128,113,4,1,0,22,19,4,22,3,4
S01009919,256,155,14,1,3,46,31,64,58,0,8
S01009920,238,161,13,2,0,46,27,36,89,5,8
S01009921,209,138,11,3,2,50,20,54,43,3,3
S01009922,283,228,11,5,0,34,29,55,63,3,2
S01009923,172,154,7,2,2,48,36,65,38,3,14
S01009924,234,167,5,1,0,48,30,75,62,2,5
S01009925,233,127,7,4,0,26,17,66,51,3,1
S01009926,175,113,5,5,0,35,11,53,18,2,4
S01009927,116,106,4,1,0,25,16,30,24,0,2
S01009928,225,197,9,2,0,33,21,33,31,2,8
S01009929,123,101,7,0,1,18,11,14,22,0,5
S01009930,218,130,9,5,0,37,16,52,35,0,2
S01009931,207,164,4,1,0,21,26,42,32,4,3
S01009932,177,138,6,4,2,21,18,58,40,0,4
S01009933,148,104,7,0,0,34,13,56,40,0,7
S01009934,200,154,3,3,0,23,14,36,37,0,7
S01009935,194,142,6,5,1,25,13,45,40,0,3
S01009936,88,80,3,0,1,17,10,28,25,2,2
S01009937,67,45,1,0,0,12,4,18,15,0,2
S01009938,127,123,21,6,0,22,8,35,25,0,2
S01009939,61,44,2,2,0,11,4,43,22,0,0
S01009940,72,101,20,6,0,23,6,43,11,0,2
S01009941,159,194,19,7,0,15,5,27,26,0,1
S01009942,110,135,18,7,2,28,2,46,28,0,5
S01009943,84,133,17,4,0,28,2,41,16,0,4
S01009944,96,100,6,6,0,20,2,31,6,0,3
S01009945,132,166,30,5,0,44,5,53,19,1,0
S01009946,102,148,13,3,0,19,5,42,13,2,5
S01009947,82,82,4,1,0,11,2,29,21,1,4
S01009948,82,115,12,8,3,21,6,41,16,0,3
S01009949,113,108,13,2,0,25,9,58,16,0,0
S01009950,124,138,10,1,0,7,5,10,10,1,4
S01009951,120,131,4,1,0,4,7,12,12,2,2
S01009952,124,106,6,0,0,6,16,23,15,0,3
S01009953,133,159,11,3,2,10,4,25,18,1,3
S01009954,119,144,9,1,4,13,7,24,14,2,6
S01009955,178,217,13,7,3,20,13,27,42,0,1
S01009956,95,130,12,3,1,25,8,14,24,2,3
S01009957,139,129,10,0,0,19,13,10,30,2,7
S01009958,187,166,12,1,1,23,18,16,49,0,6
S01009959,129,108,9,3,0,15,2,1,21,2,2
S01009960,134,127,3,0,0,10,6,3,31,0,3
S01009961,107,118,7,2,0,12,19,26,14,0,3
S01009962,214,195,14,3,0,24,15,43,39,2,1
S01009963,106,158,10,3,0,9,5,21,42,4,5
S01009964,203,209,15,1,0,26,10,20,37,1,8
S01009965,146,186,16,5,0,14,7,21,11,0,2
S01009966,91,157,10,3,0,8,5,17,26,2,3
S01009967,151,136,4,0,0,12,13,11,37,2,1
S01009968,87,125,8,0,0,6,1,17,22,2,2
S01009969,114,197,14,0,0,7,3,14,4,1,6
S01009970,75,81,15,10,1,21,5,67,1,0,2
S01009971,115,180,37,5,1,17,3,69,7,1,2
S01009972,121,205,8,1,0,15,3,33,5,1,3
S01009973,69,158,23,5,0,21,1,38,2,1,3
S01009974,59,69,9,3,2,24,2,35,1,0,0
S01009975,82,111,19,3,0,25,4,61,0,1,3
S01009976,39,49,11,2,0,19,3,25,0,0,0
S01009977,56,70,12,3,0,20,2,61,3,0,0
S01009978,125,151,24,5,1,27,1,89,11,0,2
S01009979,92,128,14,4,0,11,5,41,4,1,2
S01009980,66,123,17,1,0,30,2,77,4,0,1
S01009981,56,99,16,2,0,26,1,60,2,0,1
S01009982,131,182,19,9,0,27,3,62,10,1,2
S01009983,49,78,11,2,1,15,3,57,1,0,1
S01009984,91,149,9,5,0,13,1,54,5,2,2
S01009985,47,55,9,3,0,12,0,51,7,0,1
S01009986,55,56,4,1,0,7,4,48,6,2,4
S01009987,93,112,8,6,0,24,3,39,2,0,3
S01009988,58,73,10,3,0,10,3,23,4,1,3
S01009989,95,134,24,8,1,28,9,51,11,1,1
S01009990,85,128,13,3,0,18,5,53,4,0,2
S01009991,109,125,8,4,2,22,3,57,6,0,0
S01009992,97,91,17,2,0,20,0,56,7,1,1
S01009993,104,154,16,3,0,21,7,38,17,1,1
S01009994,114,156,16,7,0,21,8,42,17,0,3
S01009995,84,107,6,2,0,17,5,43,11,0,1
S01009996,80,97,14,4,0,13,0,37,10,1,0
S01009997,96,120,12,7,0,10,2,30,16,1,4
S01009998,100,120,6,4,0,7,2,10,11,0,4
S01009999,104,139,12,3,0,15,1,14,14,2,2
S01010000,82,101,11,0,0,12,0,36,13,0,3
S01010001,92,147,12,3,1,12,3,37,16,2,1
S01010002,131,124,18,7,0,20,6,39,3,0,4
S01010003,82,123,14,4,1,12,4,28,19,1,0
S01010004,107,138,8,0,0,8,4,11,20,0,7
S01010005,286,209,16,7,0,33,27,64,68,3,8
S01010006,266,201,14,5,0,44,29,74,69,2,4
S01010007,171,170,11,2,0,22,9,26,42,1,2
S01010008,150,134,6,6,0,18,6,31,39,2,2
S01010009,128,115,10,6,0,20,13,50,45,1,2
S01010010,217,196,13,0,0,16,14,28,44,2,4
S01010011,144,124,5,0,0,24,19,31,61,0,2
S01010012,152,158,10,3,0,14,5,20,9,1,1
S01010013,175,141,16,5,0,28,23,40,57,1,3
S01010014,225,173,14,0,0,42,23,50,52,0,4
S01010015,160,153,9,3,0,33,26,18,68,2,8
S01010016,110,148,24,5,0,30,2,36,14,2,0
S01010017,65,74,6,5,0,20,6,31,10,0,4
S01010018,181,231,24,10,0,39,14,67,10,2,4
S01010019,79,92,14,0,0,25,4,54,7,0,0
S01010020,83,119,13,4,0,32,3,43,15,0,3
S01010021,126,145,9,4,1,17,11,32,7,2,4
S01010022,546,507,27,22,0,132,28,90,32,10,27
S01010023,51,38,8,3,0,34,3,17,5,0,3
S01010024,105,93,9,6,0,62,11,32,10,8,6
S01010025,86,44,7,5,1,36,4,21,6,0,3
S01010026,173,101,8,3,0,60,21,21,19,12,9
S01010027,173,115,14,2,0,93,12,30,11,8,6
S01010028,94,57,11,1,0,54,9,17,10,4,2
S01010029,85,52,6,5,0,37,3,17,0,3,3
S01010030,165,122,9,5,0,82,16,20,11,12,3
S01010031,214,113,8,4,0,112,12,23,12,10,8
S01010032,148,71,9,3,0,72,8,14,20,17,7
S01010033,282,173,18,18,1,85,33,95,37,7,14
S01010034,219,165,15,11,0,112,18,71,23,17,6
S01010035,72,35,2,0,0,26,5,7,11,4,0
S01010036,174,75,10,4,0,80,10,25,10,16,3
S01010037,77,76,6,5,0,30,8,33,12,0,2
S01010038,159,96,12,2,1,87,10,48,23,5,8
S01010039,234,100,7,6,2,134,4,33,38,12,7
S01010040,179,105,12,4,0,74,10,20,15,8,5
S01010041,175,78,2,0,1,95,15,23,18,8,4
S01010042,217,125,7,7,0,86,21,32,51,7,2
S01010043,118,94,7,2,0,48,17,29,45,4,8
S01010044,162,112,20,15,0,41,19,44,66,6,6
S01010045,60,67,4,4,0,21,4,21,13,0,4
S01010046,178,160,24,7,1,47,22,63,41,0,5
S01010047,83,70,11,4,0,21,6,48,7,2,4
S01010048,333,293,30,11,1,58,25,88,68,8,11
S01010049,90,80,21,2,1,29,7,60,4,0,2
S01010050,151,198,21,10,0,31,7,81,20,2,6
S01010051,127,93,14,4,0,39,3,76,7,0,0
S01010052,177,168,18,1,2,50,10,107,21,0,2
S01010053,124,115,8,6,2,48,11,37,36,1,4
S01010054,64,62,8,8,0,27,1,33,6,0,3
S01010055,125,112,18,8,0,49,12,49,31,4,2
S01010056,63,81,14,3,0,17,3,52,5,0,3
S01010057,53,76,19,5,0,12,2,45,10,0,1
S01010058,106,126,18,3,1,33,7,54,9,0,1
S01010059,104,92,12,4,1,29,5,51,11,1,2
S01010060,104,100,22,4,1,29,3,76,20,0,1
S01010061,75,114,11,6,0,12,1,28,6,0,3
S01010062,111,139,24,6,1,38,5,49,12,0,2
S01010063,120,115,9,5,0,41,4,104,10,2,4
S01010064,64,95,12,5,0,14,1,31,6,0,3
S01010065,94,111,13,2,0,35,5,36,7,1,3
S01010066,91,110,16,7,2,20,6,49,5,0,4
S01010067,71,73,5,2,0,26,2,45,4,0,2
S01010068,260,353,26,12,0,37,16,93,28,4,13
S01010069,136,186,13,3,1,13,1,29,10,1,5
S01010070,73,176,19,2,0,9,0,16,6,1,4
S01010071,117,168,14,3,1,22,2,12,14,0,6
S01010072,112,162,16,5,0,13,5,18,16,0,3
S01010073,104,192,10,3,0,11,3,14,22,0,2
S01010074,83,165,20,1,0,5,0,9,9,0,3
S01010075,75,123,20,0,0,15,0,15,11,0,3
S01010076,75,125,21,4,1,16,2,10,13,0,0
S01010077,65,112,9,3,0,23,1,10,21,0,2
S01010078,107,139,6,4,2,2,1,8,8,0,1
S01010079,146,185,8,4,0,5,1,9,18,0,4
S01010080,100,129,11,2,0,7,2,8,8,0,2
S01010081,89,151,7,2,0,6,1,11,14,1,1
S01010082,152,186,12,4,0,8,6,13,19,0,7
S01010083,71,123,9,0,0,6,0,19,16,1,2
S01010084,89,143,20,4,0,28,6,21,15,3,2
S01010085,88,167,10,6,0,10,1,11,22,0,2
S01010086,88,151,21,6,0,16,1,35,20,0,1
S01010087,73,115,7,3,0,4,0,3,13,0,3
S01010088,775,1271,45,5,0,23,10,42,102,0,12
S01010089,81,118,19,2,0,11,0,20,13,0,3
S01010090,148,192,17,6,1,14,4,25,19,0,6
S01010091,183,253,12,8,0,3,2,32,19,0,5
S01010092,81,152,16,3,0,24,0,24,17,1,1
S01010093,97,177,14,4,4,19,3,16,27,0,0
S01010094,96,137,7,4,0,11,4,12,18,0,4
S01010095,87,139,9,0,0,11,2,6,19,0,4
S01010096,114,159,5,3,0,13,4,8,26,0,8
S01010097,116,144,6,2,0,9,1,16,31,0,5
S01010098,106,161,9,1,0,8,4,5,18,0,2
S01010099,121,149,17,2,0,11,1,7,21,0,0
S01010100,116,167,14,0,0,13,4,6,19,0,1
S01010101,107,148,10,2,1,14,0,8,12,0,2
S01010102,131,187,15,1,0,6,0,11,28,0,4
S01010103,185,333,23,7,0,15,1,22,47,0,5
S01010104,159,281,17,6,0,15,3,12,47,0,6
S01010105,37,61,14,1,0,7,2,26,4,0,1
S01010106,20,42,6,3,0,1,0,12,6,0,1
S01010107,58,87,8,5,0,13,1,45,18,2,4
S01010108,78,132,15,4,0,13,0,41,9,1,1
S01010109,181,227,20,4,2,8,7,41,12,1,3
S01010110,61,108,20,4,0,20,4,46,2,1,2
S01010111,63,88,16,0,1,23,3,51,3,0,0
S01010112,95,114,25,6,0,32,3,59,20,2,1
S01010113,75,90,13,4,1,27,0,36,13,1,4
S01010114,72,77,15,8,0,28,0,49,2,0,5
S01010115,56,139,11,11,0,10,0,28,1,0,2
S01010116,233,385,36,9,1,36,5,63,9,1,6
S01010117,282,443,35,7,0,25,6,45,20,0,13
S01010118,62,84,12,5,0,25,1,46,6,0,3
S01010119,61,82,11,3,0,13,0,28,6,0,1
S01010120,104,156,23,4,0,42,5,66,12,0,4
S01010121,47,70,7,2,2,18,1,33,5,1,3
S01010122,38,40,11,2,0,15,0,25,4,0,0
S01010123,79,144,8,4,0,32,4,31,21,3,0
S01010124,84,140,17,9,0,22,6,25,30,2,3
S01010125,43,78,12,3,0,21,0,27,7,0,0
S01010126,104,181,15,2,0,17,4,23,17,0,3
S01010127,56,92,9,4,0,14,1,44,16,0,0
S01010128,53,58,13,0,0,16,4,28,2,1,0
S01010129,76,80,22,4,0,35,3,41,10,1,3
S01010130,139,222,21,3,1,18,1,32,30,1,3
S01010131,130,180,13,5,2,13,3,20,9,0,4
S01010132,94,139,18,7,4,24,1,31,31,0,0
S01010133,64,95,11,7,1,26,2,26,21,0,0
S01010134,99,157,17,9,2,45,4,32,51,0,0
S01010135,80,119,12,3,0,19,4,29,17,0,2
S01010136,99,168,13,6,1,16,3,15,29,2,0
S01010137,129,161,15,2,0,27,0,43,24,0,2
S01010138,71,66,10,3,0,10,0,32,14,0,4
S01010139,95,158,17,6,0,20,4,38,26,1,2
S01010140,148,160,20,5,0,18,4,27,48,1,0
S01010141,78,110,16,4,0,43,3,49,31,0,1
S01010142,68,116,17,4,1,24,3,41,25,0,5
S01010143,91,131,21,6,1,32,2,36,9,1,4
S01010144,83,107,13,6,0,21,5,41,22,0,2
S01010145,109,112,12,0,1,26,5,39,16,1,2
S01010146,95,97,19,6,0,15,2,35,15,0,0
S01010147,75,102,16,8,0,39,4,66,23,0,4
S01010148,201,252,19,9,3,34,4,53,19,0,4
S01010149,174,244,27,7,1,29,10,42,29,1,6
S01010150,74,99,20,5,0,17,3,31,18,0,6
S01010151,79,91,11,1,1,20,2,31,15,1,3
S01010152,87,149,14,2,1,14,6,43,12,0,1
S01010153,105,171,24,5,0,25,4,52,8,1,1
S01010154,108,109,14,4,0,25,4,43,12,0,0
S01010155,81,115,15,3,0,16,2,29,10,1,5
S01010156,46,74,6,2,0,8,0,33,1,0,1
S01010157,54,77,9,2,0,18,3,35,4,1,2
S01010158,95,119,28,5,2,19,3,28,14,1,1
S01010159,66,113,15,1,0,12,0,20,10,0,3
S01010160,43,75,7,2,0,25,7,31,1,0,0
S01010161,92,141,15,5,0,22,0,28,9,0,5
S01010162,74,74,8,0,0,39,3,45,11,1,5
S01010163,71,129,13,1,0,28,3,35,7,1,3
S01010164,95,149,17,7,0,31,4,29,19,0,3
S01010165,83,92,9,5,0,19,2,25,4,0,1
S01010166,146,256,18,4,0,22,2,58,6,0,2
S01010167,69,106,18,6,0,13,2,35,5,0,3
S01010168,61,100,4,5,0,8,2,23,2,0,2
S01010169,66,130,11,6,0,20,0,47,8,0,5
S01010170,51,79,9,6,0,12,0,26,0,0,0
S01010171,103,164,17,4,0,24,6,59,4,0,3
S01010172,105,115,13,3,1,18,11,40,12,2,3
S01010173,75,137,18,6,0,21,4,34,5,1,2
S01010174,102,96,15,4,1,20,0,28,2,1,12
S01010175,60,90,12,3,1,13,2,35,2,0,0
S01010176,89,134,9,4,0,23,4,33,9,0,4
S01010177,73,83,9,9,2,13,11,52,2,0,1
S01010178,100,112,18,5,3,28,4,67,5,1,2
S01010179,64,106,25,3,0,25,3,44,5,0,4
S01010180,109,185,12,3,0,11,0,38,8,1,1
S01010181,44,82,12,3,1,14,0,33,2,1,1
S01010182,91,130,14,4,0,8,5,29,1,1,3
S01010183,52,64,15,4,0,5,1,32,1,0,2
S01010184,49,96,17,6,0,9,0,46,4,0,2
S01010185,92,127,15,6,2,18,0,59,6,0,3
S01010186,113,131,12,3,0,3,2,22,7,2,4
S01010187,86,165,10,2,0,6,1,9,16,0,2
S01010188,375,569,42,4,1,10,4,33,35,2,13
S01010189,166,256,13,5,0,9,2,34,10,0,6
S01010190,168,259,14,5,0,8,0,14,12,1,9
S01010191,120,191,19,3,0,7,2,21,9,1,0
S01010192,165,224,12,6,1,14,4,16,4,3,0
S01010193,115,226,14,5,1,12,3,22,12,1,3
S01010194,74,109,15,4,0,15,4,40,2,0,2
S01010195,74,119,19,4,0,23,1,32,6,1,0
S01010196,58,88,12,2,3,14,0,31,0,0,1
S01010197,78,86,20,5,0,21,3,56,2,0,3
S01010198,103,162,24,5,0,17,2,54,11,0,3
S01010199,53,91,13,7,0,21,1,40,3,0,2
S01010200,87,109,13,1,2,13,2,39,0,0,0
S01010201,86,136,21,3,0,21,5,25,4,1,3
S01010202,79,76,16,3,0,16,3,49,4,0,1
S01010203,110,152,20,6,4,19,6,31,15,0,3
S01010204,85,64,11,1,0,15,3,45,4,0,2
S01010205,71,74,7,4,1,21,3,32,14,0,1
S01010206,0,0,0,0,0,0,0,0,0,0,0
S01010207,16,22,3,1,0,5,0,17,1,0,1
S01010208,129,133,14,6,0,38,4,86,41,2,3
S01010209,128,151,16,4,1,28,5,57,15,2,1
S01010210,129,148,19,4,0,23,10,42,13,0,2
S01010211,70,68,9,2,0,21,4,53,13,1,2
S01010212,134,136,16,2,0,40,8,85,12,4,2
S01010213,95,148,17,8,1,24,1,57,5,1,1
S01010214,145,199,27,4,1,15,2,50,8,0,6
S01010215,83,89,6,5,0,21,6,45,5,0,1
S01010216,62,52,5,4,2,15,4,40,1,2,1
S01010217,81,46,10,3,0,19,5,44,5,0,1
S01010218,127,127,18,6,2,25,4,64,23,0,3
S01010219,20,6,2,2,0,10,0,6,2,1,0
S01010220,104,83,3,1,0,63,9,22,12,2,6
S01010221,85,68,10,6,1,33,5,33,11,1,2
S01010222,116,88,9,5,0,32,2,54,12,1,3
S01010223,61,57,10,2,1,37,5,24,5,0,1
S01010224,126,117,17,6,0,41,4,75,4,3,0
S01010225,95,118,6,4,0,31,5,55,13,4,5
S01010226,0,0,0,0,0,0,0,0,0,0,0
S01010227,0,0,0,0,0,0,0,0,0,0,0
S01010228,106,175,21,2,2,28,6,67,7,2,9
S01010229,165,224,23,11,1,51,14,75,12,2,6
S01010230,126,111,10,6,1,32,9,66,8,2,2
S01010231,116,107,17,3,0,70,6,76,5,3,5
S01010232,90,105,14,5,0,47,7,40,7,4,3
S01010233,75,79,11,7,0,39,4,46,5,2,3
S01010234,219,158,11,3,2,74,15,73,26,5,5
S01010235,177,135,7,3,2,75,14,42,24,2,4
S01010236,143,114,9,3,1,77,15,33,35,0,4
S01010237,153,106,12,1,0,66,14,44,27,2,6
S01010238,171,113,12,4,0,55,12,43,37,0,4
S01010239,126,65,3,4,0,58,11,57,15,2,2
S01010240,143,101,8,7,0,50,8,49,41,5,3
S01010241,183,148,20,9,1,54,14,56,54,2,7
S01010242,99,74,12,6,0,47,6,49,30,1,2
S01010243,163,109,16,11,0,37,15,90,40,3,4
S01010244,89,55,12,4,0,41,10,31,23,1,1
S01010245,73,61,7,2,0,38,3,40,20,0,5
S01010246,113,80,14,7,1,35,7,53,10,0,0
S01010247,97,140,14,0,2,15,9,44,9,0,3
S01010248,177,143,8,8,0,79,19,51,56,3,8
S01010249,160,75,9,6,0,75,13,30,52,2,4
S01010250,186,115,5,6,2,65,20,27,47,3,3
S01010251,155,89,6,3,0,59,14,24,48,2,5
S01010252,150,78,9,4,0,51,12,28,28,4,5
S01010253,84,67,9,2,0,46,6,27,16,2,3
S01010254,146,96,16,2,1,66,14,30,29,4,7
S01010255,128,97,15,5,2,30,6,47,19,0,3
S01010256,124,74,10,3,0,49,11,54,27,0,3
S01010257,192,74,5,3,1,117,6,43,33,7,5
S01010258,147,52,4,3,0,102,9,21,21,1,5
S01010259,102,47,6,2,0,76,4,26,19,3,10
S01010260,257,75,11,7,0,143,5,41,45,9,12
S01010261,140,59,6,4,0,106,8,51,10,13,7
S01010262,87,45,6,0,0,46,7,24,16,4,1
S01010263,133,60,8,3,0,114,2,24,28,6,9
S01010264,182,67,3,3,0,119,16,30,32,6,6
S01010265,198,44,1,3,0,128,2,27,25,9,9
S01010266,130,46,8,5,0,84,7,13,13,3,0
S01010267,98,26,3,0,1,100,4,20,15,4,5
S01010268,128,64,9,1,0,97,7,18,18,15,3
S01010269,85,32,3,0,0,58,3,15,8,6,5
S01010270,184,80,7,1,0,113,6,37,30,11,4
S01010271,125,67,2,2,0,89,8,25,22,6,4
S01010272,207,91,6,1,0,144,4,39,23,4,8
S01010273,205,49,5,0,0,123,6,28,21,6,3
S01010274,140,58,5,3,1,97,4,21,18,15,5
S01010275,135,23,1,0,0,107,5,23,30,6,8
S01010276,281,153,8,1,0,117,6,27,21,2,10
S01010277,92,71,11,4,0,81,3,32,13,4,2
S01010278,102,67,3,2,0,82,6,27,18,3,2
S01010279,85,69,3,0,0,58,10,24,20,0,1
S01010280,177,94,16,4,0,117,10,15,31,1,4
S01010281,180,87,7,4,0,112,8,22,26,5,5
S01010282,138,90,7,5,0,84,7,38,18,8,5
S01010283,233,143,7,2,0,117,18,26,32,7,16
S01010284,255,139,10,6,0,146,21,40,45,12,6
S01010285,138,86,6,3,2,81,9,26,29,3,7
S01010286,199,119,8,3,0,94,7,30,22,5,6
S01010287,111,66,3,0,0,64,12,19,16,5,5
S01010288,188,125,7,3,0,85,19,12,23,5,14
S01010289,234,140,8,3,0,94,14,13,17,9,11
S01010290,148,90,8,2,0,78,9,12,12,14,7
S01010291,162,101,3,7,0,71,20,20,12,30,4
S01010292,153,97,4,2,0,83,22,11,11,21,1
S01010293,124,71,9,4,0,56,4,19,11,9,4
S01010294,92,71,1,1,0,61,14,6,9,17,6
S01010295,164,103,11,5,0,121,18,16,21,19,2
S01010296,99,68,9,0,0,66,11,14,9,7,2
S01010297,157,100,11,5,1,100,15,46,19,34,5
S01010298,126,70,4,4,1,65,6,19,12,14,0
S01010299,87,69,12,2,0,37,6,21,4,15,0
S01010300,139,75,7,7,0,83,6,37,14,33,3
S01010301,81,40,1,2,0,36,6,15,7,7,2
S01010302,88,62,11,6,1,32,5,26,10,12,3
S01010303,69,58,3,1,0,30,9,24,8,2,0
S01010304,108,53,4,6,0,42,2,26,4,20,1
S01010305,147,104,4,3,0,52,20,33,10,17,3
S01010306,125,93,2,0,0,48,14,23,11,27,0
S01010307,192,115,6,1,0,74,27,27,10,32,8
S01010308,180,130,6,3,2,84,26,19,16,44,8
S01010309,29,29,5,1,0,15,0,16,5,0,0
S01010310,100,73,6,2,0,19,8,34,1,5,2
S01010311,68,65,13,3,0,28,3,37,11,0,0
S01010312,93,92,18,2,0,36,4,53,1,0,0
S01010313,63,58,8,0,0,28,5,50,3,4,0
S01010314,173,120,15,2,0,92,17,62,10,10,7
S01010315,148,146,8,6,0,38,14,60,13,2,3
S01010316,78,90,5,7,0,33,5,29,8,3,5
S01010317,230,141,7,7,0,80,19,28,11,32,5
S01010318,146,115,16,4,0,52,15,63,11,8,6
S01010319,149,102,10,1,0,40,10,42,6,8,3
S01010320,150,111,3,3,0,52,21,49,7,7,1
S01010321,132,96,12,5,2,46,20,42,9,14,2
S01010322,192,149,6,6,0,54,34,28,20,23,4
S01010323,47,45,9,0,0,22,5,39,2,1,5
S01010324,60,86,13,5,0,27,2,38,7,2,2
S01010325,96,141,15,9,1,24,7,45,15,1,2
S01010326,158,154,37,2,2,59,11,56,10,5,3
S01010327,134,144,16,5,0,40,7,32,10,0,3
S01010328,111,170,24,4,0,27,5,45,16,2,2
S01010329,79,80,6,4,1,18,11,36,6,0,3
S01010330,56,74,13,5,0,11,6,30,3,0,0
S01010331,85,152,12,6,0,29,6,49,12,1,2
S01010332,87,126,21,5,0,17,6,46,4,0,1
S01010333,127,159,31,5,1,24,3,51,13,0,0
S01010334,157,199,29,4,2,43,7,65,5,0,2
S01010335,78,138,18,4,0,28,5,60,3,0,0
S01010336,65,64,4,0,4,9,2,44,7,0,4
S01010337,76,135,15,6,0,27,8,27,5,0,0
S01010338,46,61,10,2,0,12,7,26,7,0,0
S01010339,53,110,11,6,1,11,0,31,4,2,1
S01010340,102,104,13,0,1,21,0,43,22,0,0
S01010341,78,138,11,2,0,17,0,33,10,1,2
S01010342,73,155,11,2,0,21,4,23,12,0,1
S01010343,147,219,17,5,0,9,1,41,16,1,6
S01010344,70,84,10,5,0,21,2,36,1,0,1
S01010345,151,235,17,4,1,10,4,13,19,1,5
S01010346,167,173,11,1,1,24,11,45,18,0,5
S01010347,117,113,7,4,1,27,4,60,8,0,4
S01010348,128,130,16,3,0,19,0,46,7,0,1
S01010349,90,137,17,6,0,30,3,37,11,1,3
S01010350,106,137,14,5,0,20,11,77,10,2,2
S01010351,144,160,15,7,0,30,4,54,22,3,3
S01010352,68,56,11,1,0,5,7,26,18,2,1
S01010353,89,87,6,5,0,17,5,70,13,0,4
S01010354,72,115,9,5,1,17,3,56,9,1,2
S01010355,107,110,11,6,2,27,7,44,4,0,10
S01010356,134,157,17,3,0,43,13,53,13,3,5
S01010357,69,54,7,2,0,17,4,26,9,1,0
S01010358,104,84,14,5,0,45,14,67,9,2,4
S01010359,84,77,7,6,0,26,3,57,6,4,3
S01010360,113,91,15,8,0,26,12,45,10,2,0
S01010361,61,52,17,2,0,35,6,61,4,2,0
S01010362,74,70,11,4,0,31,13,43,11,2,4
S01010363,165,150,9,2,0,25,11,20,50,0,2
S01010364,183,150,9,0,0,37,20,26,27,3,3
S01010365,164,173,6,3,1,40,15,17,20,3,3
S01010366,208,188,8,6,1,49,22,15,20,8,4
S01010367,203,188,8,2,0,49,27,19,24,14,6
S01010368,176,125,9,3,0,27,15,11,10,11,6
S01010369,150,110,9,3,0,62,22,35,8,21,4
S01010370,177,91,8,1,0,60,19,11,11,28,4
S01010371,209,157,3,3,2,101,26,21,16,31,12
S01010372,131,84,3,0,1,45,14,14,15,8,4
S01010373,166,117,5,0,0,75,23,15,13,20,3
S01010374,180,117,2,1,1,59,11,20,17,34,5
S01010375,100,52,7,3,0,33,7,12,10,19,3
S01010376,120,55,3,1,0,47,21,12,10,26,4
S01010377,113,70,10,4,0,57,18,20,12,17,2
S01010378,98,69,8,3,2,45,14,11,10,27,2
S01010379,173,74,5,0,0,63,17,16,12,39,5
S01010380,193,126,5,1,0,81,24,15,23,37,3
S01010381,101,41,6,1,0,43,6,20,13,25,2
S01010382,164,103,2,1,0,64,15,27,21,34,6
S01010383,105,40,3,5,1,48,3,14,10,20,3
S01010384,196,108,9,6,1,87,14,20,18,33,5
S01010385,132,103,7,7,0,55,9,35,43,29,2
S01010386,141,85,9,3,0,46,4,38,36,27,5
S01010387,187,139,8,3,0,75,10,24,64,37,5
S01010388,168,96,12,3,0,56,13,22,50,23,8
S01010389,259,214,8,10,0,41,19,24,40,18,7
S01010390,255,157,14,5,0,80,15,43,74,51,13
S01010391,156,135,9,4,0,48,15,38,32,17,2
S01010392,171,148,4,1,1,29,10,6,42,16,9
S01010393,232,152,10,3,1,69,8,28,58,33,4
S01010394,124,118,10,0,0,52,11,28,38,5,3
S01010395,203,148,12,3,2,63,27,56,48,27,5
S01010396,193,117,10,1,0,69,29,31,55,37,10
S01010397,156,91,3,1,0,37,9,9,13,19,4
S01010398,217,176,9,2,0,58,15,16,75,11,7
S01010399,276,220,6,1,0,69,25,13,99,4,5
S01010400,237,144,7,0,4,66,23,14,43,21,7
S01010401,125,111,3,0,1,54,9,12,11,20,6
S01010402,204,178,10,4,0,64,19,13,63,9,6
S01010403,213,163,8,0,0,48,18,12,43,7,7
S01010404,174,149,7,1,0,45,12,9,27,33,8
S01010405,207,158,7,1,0,57,17,15,25,33,10
S01010406,183,124,0,2,0,52,14,19,11,34,6
S01010407,137,85,3,3,1,60,7,26,21,40,10
S01010408,89,103,9,1,0,17,10,17,19,1,2
S01010409,95,104,3,0,0,6,7,9,26,0,4
S01010410,131,172,10,2,0,14,8,18,25,2,2
S01010411,203,185,9,0,0,33,15,6,38,2,4
S01010412,163,168,5,0,0,36,9,7,26,1,9
S01010413,126,119,3,3,0,19,5,8,30,0,2
S01010414,167,170,6,2,0,36,9,14,51,2,0
S01010415,176,178,6,1,0,42,15,37,29,15,7
S01010416,130,99,3,0,0,25,9,6,41,2,1
S01010417,121,113,10,1,0,28,9,8,28,0,5
S01010418,255,195,10,2,0,52,20,19,56,9,10
S01010419,199,177,4,2,0,45,13,17,69,4,10
S01010420,95,111,5,0,1,18,15,11,13,1,1
S01010421,126,154,4,1,0,15,33,19,17,5,0
S01010422,155,213,7,4,0,36,9,44,25,6,7
S01010423,110,111,10,3,1,48,10,57,16,7,5
S01010424,115,119,14,4,2,26,15,64,12,2,3
S01010425,137,112,10,1,5,31,6,74,16,3,6
S01010426,87,101,5,3,2,17,9,40,8,2,2
S01010427,103,109,9,2,0,8,5,38,21,4,3
S01010428,119,109,4,1,0,14,11,19,20,1,6
S01010429,199,196,8,1,1,23,20,39,19,1,6
S01010430,110,129,20,2,1,18,9,50,26,2,7
S01010431,112,110,6,0,0,14,19,28,3,1,5
S01010432,100,92,9,4,1,21,11,77,7,1,0
S01010433,37,55,0,3,0,11,1,22,3,2,0
S01010434,89,79,8,1,2,12,6,41,5,0,3
S01010435,89,90,10,4,1,12,2,37,22,2,0
S01010436,111,111,6,1,0,21,5,57,14,0,4
S01010437,78,96,13,0,1,8,1,22,19,0,5
S01010438,104,138,18,1,0,26,3,63,12,2,4
S01010439,136,158,6,3,0,15,8,85,11,1,5
S01010440,85,106,7,3,1,10,8,33,16,0,4
S01010441,196,231,19,2,0,17,6,80,31,1,3
S01010442,107,95,13,2,1,27,3,66,9,0,5
S01010443,62,117,11,5,0,8,2,17,6,1,5
S01010444,68,128,14,2,1,15,3,21,9,0,4
S01010445,123,132,12,0,1,18,2,16,11,0,0
S01010446,125,171,20,11,0,20,0,32,20,0,3
S01010447,106,141,21,6,0,21,2,38,11,0,6
S01010448,98,187,13,3,1,16,9,27,20,0,0
S01010449,108,148,11,3,0,12,3,24,17,0,2
S01010450,100,137,7,4,0,17,11,39,14,0,2
S01010451,96,125,14,4,0,15,2,23,32,0,0
S01010452,135,106,12,3,0,17,4,16,35,0,2
S01010453,87,97,7,0,0,8,4,22,13,0,0
S01010454,101,164,9,3,4,18,6,14,28,0,6
S01010455,70,80,5,3,0,9,3,52,9,0,1
S01010456,84,114,8,2,0,11,3,26,9,0,1
S01010457,56,110,1,2,0,14,2,29,6,0,1
S01010458,94,104,8,6,0,12,1,27,16,0,5
S01010459,68,78,3,4,0,13,2,14,11,0,5
S01010460,129,160,5,0,0,8,2,18,17,0,6
S01010461,75,132,11,4,0,11,6,40,9,0,1
S01010462,74,49,8,4,0,14,2,42,6,0,1
S01010463,105,164,15,2,1,22,7,22,37,3,4
S01010464,83,107,10,5,0,5,10,20,13,0,1
S01010465,183,219,9,2,0,21,10,26,32,3,8
S01010466,158,154,7,3,0,40,12,17,35,0,7
S01010467,119,124,5,5,0,29,4,25,34,1,5
S01010468,157,166,12,1,1,33,17,25,53,2,3
S01010469,104,86,7,5,0,32,9,20,42,0,4
S01010470,111,148,12,2,0,20,4,31,16,0,3
S01010471,105,113,14,10,0,21,5,29,22,2,0
S01010472,129,162,20,1,0,21,11,25,35,2,6
S01010473,124,138,5,3,1,38,4,22,39,1,0
S01010474,111,103,14,1,0,34,12,20,60,1,4
S01010475,136,189,9,4,0,29,12,16,32,0,7
S01010476,214,211,16,0,0,21,15,33,52,1,6
S01010477,119,123,16,2,1,21,7,36,14,2,4
S01010478,98,115,13,2,0,21,6,24,33,0,3
S01010479,124,217,21,2,1,24,11,23,18,0,2
S01010480,95,126,15,4,0,8,6,29,7,0,4
S01010481,63,96,10,7,0,19,8,19,20,1,0
S01010482,112,140,5,1,1,19,7,28,21,0,3
S01010483,165,204,20,4,1,27,12,43,42,0,10
S01010484,79,97,13,1,0,21,4,13,30,1,1
S01010485,140,207,23,9,1,15,4,22,23,1,6
S01010486,136,205,16,3,1,13,3,17,16,0,5
S01010487,147,233,24,0,1,31,2,35,40,1,4
S01010488,63,96,3,0,0,16,3,30,24,0,1
S01010489,118,181,18,8,0,28,4,43,34,0,7
S01010490,69,61,5,2,0,17,3,51,5,0,2
S01010491,71,108,17,1,0,21,5,47,17,1,0
S01010492,58,91,9,3,0,12,2,43,10,0,3
S01010493,63,93,11,7,0,14,6,57,9,1,0
S01010494,66,102,10,4,0,10,1,35,3,0,2
S01010495,76,104,14,6,0,14,3,60,17,1,2
S01010496,81,127,18,3,0,28,3,57,10,0,1
S01010497,76,83,8,3,0,12,1,25,5,0,4
S01010498,79,142,10,4,0,26,10,64,8,0,0
S01010499,57,89,18,4,0,10,3,42,7,0,0
S01010500,111,152,13,9,1,29,1,47,19,0,2
S01010501,144,225,27,11,1,29,3,54,13,0,2
S01010502,125,178,20,6,0,14,1,25,6,2,4
S01010503,60,63,13,4,4,24,2,41,11,0,0
S01010504,151,96,5,0,0,30,12,3,0,0,10
S01010505,109,144,7,0,1,5,3,3,0,0,10
S01010506,195,211,17,0,0,35,11,5,6,0,17
S01010507,96,174,11,1,0,94,6,6,4,0,10
S01010508,219,232,17,0,0,56,12,9,2,0,13
S01010509,205,269,12,0,4,23,9,9,1,1,9
S01010510,111,247,27,1,2,28,24,13,0,0,4
S01010511,107,208,25,0,0,33,17,29,0,0,2
S01010512,62,177,10,0,0,29,6,23,0,0,2
S01010513,117,199,16,0,2,21,22,2,1,0,3
S01010514,85,176,25,2,1,33,12,18,1,0,5
S01010515,105,170,15,3,0,25,12,24,2,0,4
S01010516,147,128,19,1,0,49,9,11,0,0,3
S01010517,100,190,23,3,0,72,18,10,0,0,2
S01010518,98,158,12,1,0,46,10,11,0,0,4
S01010519,77,204,25,5,0,43,5,21,1,0,3
S01010520,116,220,19,1,0,66,27,3,3,0,5
S01010521,132,168,10,2,0,74,16,14,2,0,3
S01010522,70,112,12,1,2,52,8,5,4,0,1
S01010523,75,138,24,0,0,52,3,12,0,0,0
S01010524,109,135,8,0,0,8,1,1,0,0,5
S01010525,134,154,5,0,0,12,1,5,4,1,4
S01010526,157,218,15,0,0,39,5,5,0,0,2
S01010527,135,211,17,0,0,46,9,17,0,0,13
S01010528,138,160,10,0,2,17,5,5,8,1,4
S01010529,111,214,14,0,0,21,5,4,1,0,2
S01010530,138,127,11,0,0,19,5,4,0,0,4
S01010531,165,252,15,0,1,72,14,5,4,0,4
S01010532,89,110,4,0,0,16,4,0,2,0,4
S01010533,88,109,3,1,0,38,5,8,5,0,6
S01010534,115,235,10,0,1,43,5,8,1,0,5
S01010535,129,150,8,0,0,17,12,7,4,0,3
S01010536,84,171,26,0,0,67,11,3,4,0,8
S01010537,114,152,11,2,0,52,14,3,4,0,7
S01010538,161,245,15,1,0,71,23,7,10,0,10
S01010539,175,234,26,4,1,69,20,5,5,0,8
S01010540,84,118,3,0,0,12,12,4,7,0,7
S01010541,157,240,15,0,0,23,11,5,7,0,14
S01010542,141,200,6,2,0,22,4,8,0,0,7
S01010543,123,117,13,0,0,6,4,1,1,0,1
S01010544,115,244,15,1,0,54,4,7,0,0,3
S01010545,128,148,14,0,0,72,16,6,0,0,4
S01010546,100,132,10,0,0,53,7,0,0,0,1
S01010547,152,215,8,0,1,14,3,3,2,0,8
S01010548,112,158,4,0,0,3,4,0,6,0,5
S01010549,251,507,23,0,0,35,12,11,11,0,26
S01010550,81,126,6,0,0,14,8,6,1,0,5
S01010551,134,189,9,0,0,8,5,7,7,0,12
S01010552,117,215,9,2,1,7,1,2,1,0,10
S01010553,131,178,4,1,0,4,2,0,3,0,7
S01010554,96,125,7,0,0,54,9,11,4,0,2
S01010555,116,173,13,0,0,66,10,8,9,0,8
S01010556,85,142,12,0,1,74,24,9,7,0,2
S01010557,63,123,4,3,0,31,17,8,3,0,2
S01010558,95,192,16,2,1,55,4,7,3,0,5
S01010559,97,112,6,0,0,25,5,2,3,0,8
S01010560,91,122,10,0,0,34,7,2,8,0,9
S01010561,85,128,7,0,0,8,6,0,3,0,5
S01010562,71,163,11,0,0,18,13,7,5,0,3
S01010563,41,120,15,0,0,21,8,15,4,0,6
S01010564,33,100,7,0,0,15,12,12,0,0,4
S01010565,67,133,19,5,0,10,6,8,3,0,3
S01010566,249,338,24,0,0,25,5,6,3,1,11
S01010567,169,339,11,2,2,6,6,2,4,0,13
S01010568,309,524,19,4,6,16,16,16,14,0,13
S01010569,333,327,23,2,2,15,8,13,3,0,11
S01010570,122,253,23,2,4,17,2,32,4,1,14
S01010571,111,194,14,0,0,12,10,24,2,0,6
S01010572,76,175,20,0,0,14,7,36,3,0,0
S01010573,74,135,10,0,3,10,9,24,0,0,6
S01010574,75,152,13,0,0,9,6,8,1,0,5
S01010575,92,151,14,0,0,7,11,5,3,0,1
S01010576,115,226,13,0,1,5,4,6,2,0,11
S01010577,88,172,22,3,0,23,11,28,0,0,0
S01010578,67,129,18,0,0,15,13,13,0,0,0
S01010579,92,189,12,1,2,12,7,13,2,0,4
S01010580,91,168,19,1,1,24,12,31,3,0,5
S01010581,67,129,7,0,2,10,12,11,2,0,5
S01010582,196,341,24,5,1,82,39,19,4,0,14
S01010583,128,267,15,0,1,9,21,14,2,0,4
S01010584,135,305,12,2,1,13,11,16,0,0,9
S01010585,118,299,21,1,2,17,16,10,6,0,11
S01010586,120,205,10,0,0,12,8,13,2,0,5
S01010587,90,153,15,0,1,10,14,8,1,0,7
S01010588,85,126,11,1,0,29,5,1,3,0,5
S01010589,48,138,18,2,2,18,0,18,1,1,1
S01010590,139,230,10,1,1,9,13,2,5,0,13
S01010591,239,472,35,0,0,17,16,16,5,1,19
S01010592,73,123,7,0,0,29,7,4,2,0,2
S01010593,304,536,33,5,2,50,28,19,7,2,16
S01010594,97,194,14,0,4,32,11,10,2,0,2
S01010595,118,218,12,1,0,45,12,8,3,0,10
S01010596,319,639,36,3,2,23,23,8,7,1,29
S01010597,132,270,23,1,1,21,16,14,2,0,6
S01010598,172,292,22,2,0,11,28,14,6,0,16
S01010599,309,588,38,3,4,19,32,15,10,2,22
S01010600,153,276,24,5,2,23,21,3,3,0,2
S01010601,90,133,9,2,0,14,17,4,2,0,2
S01010602,68,156,14,2,0,9,15,6,1,0,3
S01010603,91,196,11,2,0,18,21,3,2,0,7
S01010604,61,103,8,0,1,10,13,2,2,1,5
S01010605,137,233,21,0,1,21,13,8,1,0,8
S01010606,91,213,21,0,3,49,28,13,1,0,4
S01010607,110,151,8,1,1,38,27,3,4,0,8
S01010608,63,121,23,0,2,46,17,23,1,0,2
S01010609,53,128,10,1,1,28,19,15,2,0,2
S01010610,107,140,4,1,1,30,14,4,1,1,7
S01010611,109,205,26,4,1,68,30,25,2,0,7
S01010612,89,167,12,2,2,39,11,8,3,0,3
S01010613,90,101,9,0,1,35,10,7,1,0,2
S01010614,61,125,16,1,0,42,16,15,0,0,4
S01010615,137,196,27,4,2,36,11,7,1,0,5
S01010616,116,172,17,0,2,68,11,3,3,0,6
S01010617,93,216,18,0,0,55,20,4,0,0,1
S01010618,100,170,18,1,1,35,18,2,0,0,0
S01010619,92,109,14,0,2,71,23,11,3,0,6
S01010620,85,102,16,3,0,144,15,24,10,0,3
S01010621,137,179,8,1,2,78,20,3,2,0,6
S01010622,64,110,16,1,0,65,15,11,5,0,0
S01010623,88,190,15,2,3,57,8,4,3,0,5
S01010624,91,111,8,2,3,88,25,16,2,0,3
S01010625,99,125,10,2,0,34,11,1,1,0,3
S01010626,132,145,10,1,0,64,22,1,2,0,11
S01010627,145,117,12,3,0,85,23,13,3,0,8
S01010628,144,158,18,3,2,107,20,6,5,1,10
S01010629,131,129,7,0,1,81,28,4,2,2,3
S01010630,79,101,8,0,0,39,20,11,3,0,2
S01010631,64,115,11,2,0,64,17,9,2,0,4
S01010632,129,185,13,0,1,82,19,15,2,1,3
S01010633,97,187,22,5,1,72,27,24,0,0,9
S01010634,51,102,16,2,8,34,12,5,3,0,1
S01010635,77,121,19,0,3,66,25,12,0,0,3
S01010636,131,161,12,3,0,63,17,11,2,0,7
S01010637,80,79,14,4,0,69,11,16,3,0,3
S01010638,101,140,18,2,0,67,27,18,5,0,6
S01010639,150,206,33,8,4,115,37,31,2,0,7
S01010640,126,104,18,0,2,101,15,17,4,0,5
S01010641,99,123,27,4,0,88,12,21,2,1,4
S01010642,133,163,22,9,2,125,30,37,4,0,15
S01010643,68,120,23,4,1,46,17,24,4,0,0
S01010644,54,98,15,1,0,58,19,15,2,0,0
S01010645,56,132,11,0,2,18,9,12,1,0,0
S01010646,97,161,15,0,0,19,18,8,0,0,2
S01010647,89,148,10,2,0,25,11,5,4,0,7
S01010648,83,155,13,1,0,44,13,7,1,0,3
S01010649,82,119,11,0,4,20,17,6,3,0,1
S01010650,232,432,29,2,1,51,24,37,11,0,7
S01010651,71,139,16,3,1,27,11,11,2,0,2
S01010652,128,220,29,1,0,31,15,15,3,0,9
S01010653,80,128,9,1,1,20,9,10,0,1,1
S01010654,103,166,20,4,0,40,9,20,2,0,3
S01010655,202,248,13,1,3,18,3,4,6,0,7
S01010656,107,192,22,0,2,8,1,9,6,0,4
S01010657,118,182,4,0,1,1,3,0,8,0,4
S01010658,125,228,15,1,2,14,4,9,6,1,2
S01010659,128,194,12,0,0,5,4,2,4,0,6
S01010660,87,135,11,0,0,23,4,0,10,0,2
S01010661,89,139,16,0,1,31,7,4,12,1,4
S01010662,123,254,15,1,0,10,1,10,2,0,4
S01010663,141,239,14,1,0,11,6,3,9,0,12
S01010664,137,190,9,0,1,9,2,1,2,0,8
S01010665,182,289,17,2,2,22,0,5,1,1,10
S01010666,160,297,19,0,2,42,7,9,6,0,6
S01010667,145,167,8,0,1,16,5,4,2,0,4
S01010668,230,203,16,0,1,81,4,6,0,0,9
S01010669,94,150,14,4,1,18,5,2,3,0,8
S01010670,123,233,17,0,0,17,2,4,3,1,6
S01010671,119,180,3,0,4,9,8,2,3,0,4
S01010672,78,149,14,2,1,72,8,5,2,0,8
S01010673,171,239,17,3,2,40,7,2,4,0,5
S01010674,197,240,18,0,0,47,6,4,0,0,5
S01010675,137,163,9,2,0,15,7,2,4,0,8
S01010676,181,231,9,0,3,18,15,2,3,4,9
S01010677,102,130,9,0,0,13,8,1,1,0,4
S01010678,139,197,16,0,0,21,3,6,1,0,2
S01010679,92,97,9,1,0,52,1,2,0,0,5
S01010680,97,134,7,2,1,91,5,1,1,0,6
S01010681,117,238,25,7,0,114,0,2,2,0,6
S01010682,213,296,23,0,0,19,2,6,2,0,11
S01010683,203,243,13,0,0,21,3,3,2,1,7
S01010684,181,188,12,1,2,15,3,5,3,0,7
S01010685,125,140,6,0,2,15,4,3,1,0,4
S01010686,136,151,7,1,0,18,4,0,0,0,6
S01010687,113,196,23,1,0,47,3,4,2,0,7
S01010688,173,156,8,0,0,43,6,1,2,0,11
S01010689,130,167,10,0,1,20,2,1,4,0,7
S01010690,103,86,6,0,0,71,17,3,4,0,7
S01010691,148,177,10,1,0,19,6,3,3,0,8
S01010692,127,171,11,0,0,90,21,0,2,0,10
S01010693,141,100,7,0,0,15,5,2,2,0,14
S01010694,91,111,8,0,0,15,0,2,2,0,6
S01010695,150,183,6,0,0,9,0,2,0,0,4
S01010696,140,280,21,1,1,26,5,8,4,0,11
S01010697,172,293,11,0,3,19,1,4,5,1,8
S01010698,155,175,15,0,0,20,2,1,1,2,10
S01010699,102,180,6,1,0,5,5,1,2,0,3
S01010700,91,158,7,0,1,1,0,3,0,0,7
S01010701,141,265,17,0,4,26,5,2,4,0,11
S01010702,133,235,11,0,1,9,4,4,7,0,9
S01010703,143,268,5,0,0,12,5,2,7,1,9
S01010704,73,160,10,0,0,9,3,3,14,0,3
S01010705,205,411,25,0,2,30,13,10,22,0,9
S01010706,94,224,17,0,0,23,0,3,11,1,7
S01010707,176,384,16,0,4,11,8,11,5,0,10
S01010708,81,152,7,1,0,7,2,9,5,0,0
S01010709,107,200,11,0,0,3,4,3,1,0,2
S01010710,84,158,6,0,0,17,4,19,4,0,5
S01010711,104,206,7,0,4,8,4,5,6,0,8
S01010712,87,179,16,4,0,44,5,8,1,0,2
S01010713,93,178,16,1,0,33,7,5,0,0,7
S01010714,56,96,13,0,0,43,3,12,3,0,2
S01010715,92,191,17,1,0,56,8,15,3,0,4
S01010716,137,203,23,2,0,57,11,10,10,0,11
S01010717,85,172,6,1,0,18,5,5,1,0,4
S01010718,163,262,19,1,1,37,2,11,3,0,8
S01010719,92,161,7,0,1,12,7,6,0,0,7
S01010720,137,222,6,0,0,27,7,13,0,1,6
S01010721,86,150,7,1,2,23,4,6,3,0,5
S01010722,109,203,16,2,1,15,6,12,2,0,4
S01010723,171,263,15,0,2,8,4,8,1,0,7
S01010724,146,264,15,0,2,18,8,8,1,2,9
S01010725,197,332,14,1,2,20,13,3,4,0,13
S01010726,114,190,9,0,0,11,12,4,3,0,6
S01010727,111,189,8,0,0,6,2,2,1,0,9
S01010728,96,164,7,0,0,11,2,3,1,1,5
S01010729,113,195,6,0,0,3,3,3,3,0,8
S01010730,167,223,10,0,0,12,3,6,2,0,12
S01010731,161,166,14,0,0,60,7,6,0,0,3
S01010732,75,145,29,3,0,33,6,9,1,0,4
S01010733,81,105,15,6,0,25,4,10,3,0,1
S01010734,91,200,20,5,1,27,3,4,6,2,1
S01010735,53,154,18,8,0,19,12,8,3,2,4
S01010736,64,159,5,2,0,13,4,4,0,0,3
S01010737,150,302,24,2,1,53,4,12,7,0,10
S01010738,48,129,6,1,0,27,3,6,4,0,3
S01010739,108,223,18,2,0,37,5,9,7,0,6
S01010740,37,86,13,4,0,21,4,3,5,0,3
S01010741,120,281,23,3,0,24,4,6,5,0,12
S01010742,77,208,19,1,1,35,13,1,5,0,6
S01010743,57,129,16,0,0,36,3,12,5,0,3
S01010744,98,274,26,0,0,21,12,6,2,0,12
S01010745,60,119,9,1,2,24,10,9,6,0,1
S01010746,160,277,21,0,2,13,4,8,6,1,15
S01010747,83,200,15,1,2,13,5,17,3,0,6
S01010748,109,130,9,0,0,11,1,4,2,0,7
S01010749,85,180,6,0,0,9,2,0,3,0,13
S01010750,91,150,8,0,0,9,0,0,4,0,2
S01010751,66,167,23,0,2,25,2,18,1,0,4
S01010752,89,177,17,0,0,75,2,6,4,0,6
S01010753,108,240,13,0,0,46,1,4,5,0,12
S01010754,64,120,4,0,0,48,3,0,3,0,3
S01010755,62,112,8,0,1,43,1,4,6,0,4
S01010756,55,171,8,0,0,43,3,1,4,0,10
S01010757,119,152,6,0,2,9,0,0,0,0,7
S01010758,99,188,8,0,0,18,11,0,1,0,3
S01010759,81,131,17,0,2,51,5,1,4,0,1
S01010760,77,120,4,0,0,49,2,0,0,0,5
S01010761,87,136,2,0,0,10,1,2,2,0,2
S01010762,77,179,8,0,0,10,3,3,1,1,4
S01010763,106,167,12,0,2,26,1,7,3,0,6
S01010764,120,153,5,0,2,5,2,4,0,0,5
S01010765,160,238,10,0,2,29,1,0,4,0,9
S01010766,94,188,16,1,2,55,8,2,2,0,5
S01010767,78,134,8,0,0,48,4,2,0,0,7
S01010768,65,94,6,0,0,20,5,2,2,0,5
S01010769,75,132,2,0,0,8,1,2,0,0,6
S01010770,72,177,16,0,0,45,8,4,0,0,5
S01010771,129,174,7,0,0,36,2,1,6,0,5
S01010772,120,159,14,0,0,11,0,4,5,0,8
S01010773,113,209,10,2,2,7,4,7,3,0,8
S01010774,76,145,8,0,0,15,2,9,1,0,6
S01010775,120,272,22,0,0,18,3,14,0,0,15
S01010776,62,117,7,0,0,54,0,11,3,0,5
S01010777,51,84,11,3,0,26,0,6,0,0,5
S01010778,51,106,15,3,0,33,3,4,2,0,4
S01010779,60,129,17,4,1,59,3,11,1,0,3
S01010780,65,111,15,2,0,45,0,10,5,0,1
S01010781,86,185,17,0,1,69,0,10,2,0,13
S01010782,69,97,10,0,0,45,0,8,3,0,5
S01010783,55,88,16,4,0,45,2,3,0,0,7
S01010784,69,126,14,0,0,43,0,12,1,0,6
S01010785,72,157,8,1,1,25,1,11,5,0,4
S01010786,85,225,18,3,2,16,0,19,0,0,13
S01010787,135,234,12,1,1,11,1,6,2,0,0
S01010788,110,153,3,1,1,23,0,11,3,0,8
S01010789,96,186,1,1,1,5,2,9,3,0,8
S01010790,107,193,16,0,0,7,3,6,1,0,6
S01010791,137,223,10,1,0,8,2,5,5,0,5
S01010792,69,124,12,1,1,16,1,17,0,0,1
S01010793,111,181,8,1,0,7,1,5,1,0,8
S01010794,101,171,14,1,0,15,2,4,5,0,10
S01010795,134,266,18,0,2,24,3,17,6,0,6
S01010796,160,225,10,0,0,5,4,6,1,0,10
S01010797,128,225,14,0,0,11,2,11,4,0,6
S01010798,130,178,10,0,0,9,4,5,0,0,4
S01010799,67,125,15,5,1,49,0,7,3,4,2
S01010800,86,167,19,0,0,52,8,17,2,0,5
S01010801,80,136,19,1,0,43,2,9,1,0,5
S01010802,64,127,11,0,1,33,0,8,4,1,2
S01010803,72,111,14,1,0,43,1,6,1,0,3
S01010804,92,124,10,0,0,44,0,7,0,0,4
S01010805,111,194,14,0,0,63,4,15,1,0,6
S01010806,106,139,21,6,0,63,3,6,0,0,3
S01010807,76,93,19,2,0,33,0,10,0,0,8
S01010808,76,107,11,1,0,35,4,8,0,0,1
S01010809,82,187,16,0,0,16,3,4,3,0,10
S01010810,89,113,4,1,0,15,0,4,2,0,4
S01010811,154,170,4,0,0,31,1,9,2,0,15
S01010812,88,84,10,0,0,20,0,0,4,0,1
S01010813,87,79,6,1,1,38,6,1,0,1,5
S01010814,159,145,9,0,0,13,2,0,2,2,7
S01010815,76,98,8,1,1,25,2,0,4,1,5
S01010816,99,121,3,1,0,9,3,5,2,2,5
S01010817,156,157,10,0,0,13,5,10,14,0,10
S01010818,162,229,4,0,0,11,1,7,12,1,10
S01010819,147,189,6,0,1,9,2,5,15,0,7
S01010820,120,139,7,3,0,6,0,9,9,0,6
S01010821,83,109,3,1,0,5,0,6,2,0,5
S01010822,116,146,8,0,0,5,0,3,7,0,6
S01010823,51,112,2,2,0,13,0,8,6,0,5
S01010824,140,214,5,2,3,3,0,4,14,0,10
S01010825,200,287,7,0,0,4,0,2,20,0,12
S01010826,109,132,6,2,0,2,2,5,9,0,9
S01010827,82,150,7,0,1,3,0,7,3,0,10
S01010828,194,326,9,1,2,15,0,15,22,0,12
S01010829,136,182,11,1,1,7,1,2,13,0,15
S01010830,104,168,8,1,1,9,0,4,10,0,8
S01010831,126,177,2,0,0,0,0,0,7,1,7
S01010832,118,145,16,3,0,8,4,18,6,1,2
S01010833,136,227,3,2,1,0,3,4,13,1,19
S01010834,133,187,14,0,0,0,0,7,7,1,15
S01010835,67,127,6,0,0,6,0,5,7,0,0
S01010836,146,200,11,2,0,11,1,6,11,2,3
S01010837,114,188,9,3,0,7,1,15,16,0,5
S01010838,98,205,15,2,1,13,1,18,7,1,1
S01010839,107,164,10,4,0,20,1,14,13,0,7
S01010840,81,74,6,3,0,15,1,9,19,0,5
S01010841,122,154,8,3,2,20,1,11,31,2,5
S01010842,95,113,13,7,1,34,1,16,11,0,4
S01010843,92,134,12,3,1,13,2,15,11,1,2
S01010844,99,145,10,1,0,12,0,9,16,0,3
S01010845,66,109,11,1,2,12,1,11,8,0,4
S01010846,80,139,24,9,0,22,3,26,11,0,2
S01010847,120,133,9,3,0,19,1,7,7,0,3
S01010848,81,142,25,8,0,26,0,22,12,0,5
S01010849,100,188,24,10,0,21,1,20,6,0,7
S01010850,67,135,18,3,0,15,1,28,7,0,7
S01010851,101,208,30,4,0,34,2,30,9,0,3
S01010852,91,146,23,5,0,14,0,24,10,0,0
S01010853,147,201,21,8,0,17,0,20,8,0,1
S01010854,111,145,18,1,0,30,0,33,9,0,0
S01010855,61,87,10,3,0,14,0,25,10,0,2
S01010856,109,159,16,2,0,37,2,34,15,0,3
S01010857,114,194,16,5,0,18,0,21,8,0,3
S01010858,56,128,11,8,0,17,1,14,6,0,3
S01010859,90,180,24,10,0,19,2,31,10,0,0
S01010860,75,103,26,3,0,11,0,19,4,0,0
S01010861,71,94,19,4,0,27,3,20,1,0,7
S01010862,76,105,14,8,0,21,0,10,6,0,3
S01010863,136,175,13,0,0,11,2,8,16,0,9
S01010864,91,118,3,1,0,1,1,4,11,0,6
S01010865,109,159,4,1,2,13,2,11,9,0,12
S01010866,77,132,5,1,0,10,3,2,4,1,6
S01010867,97,138,12,2,0,10,0,3,9,1,8
S01010868,80,131,10,1,0,16,2,4,9,0,8
S01010869,123,155,9,2,0,19,0,1,17,0,7
S01010870,77,111,10,1,0,22,3,11,7,1,3
S01010871,122,191,11,1,0,38,1,14,24,0,5
S01010872,90,130,8,4,0,48,0,19,17,1,7
S01010873,55,55,1,3,1,22,0,16,12,0,0
S01010874,120,149,14,0,3,24,2,11,13,0,3
S01010875,78,97,12,2,0,21,0,12,9,0,5
S01010876,105,120,12,8,0,39,3,19,26,0,3
S01010877,116,164,19,4,0,32,3,18,19,0,3
S01010878,134,222,29,7,0,31,3,16,16,0,3
S01010879,120,203,16,9,0,18,4,17,13,0,5
S01010880,64,79,10,8,0,17,4,10,9,0,0
S01010881,81,137,16,3,0,13,1,2,7,0,1
S01010882,84,124,14,6,0,6,0,7,13,0,3
S01010883,117,184,16,2,0,9,0,7,12,0,3
S01010884,78,117,19,5,0,32,0,11,12,0,4
S01010885,115,144,13,8,0,46,0,19,20,0,2
S01010886,36,53,8,2,0,23,0,3,8,0,0
S01010887,88,134,14,6,2,38,4,12,15,0,1
S01010888,90,157,21,1,0,52,2,12,19,0,8
S01010889,39,44,4,1,0,18,0,11,11,0,2
S01010890,83,86,11,7,0,39,1,31,18,0,2
S01010891,38,33,6,4,0,20,0,15,9,0,0
S01010892,95,122,10,1,0,38,3,19,24,0,6
S01010893,52,61,15,4,0,27,2,14,12,0,3
S01010894,89,102,13,4,0,19,0,13,13,0,9
S01010895,46,68,11,1,0,12,0,6,9,0,2
S01010896,75,149,10,6,0,28,2,15,12,0,1
S01010897,76,142,18,18,0,16,0,15,13,0,2
S01010898,66,116,18,4,0,14,1,17,14,0,3
S01010899,82,131,19,3,0,7,0,15,6,0,0
S01010900,66,145,20,7,0,19,1,16,13,0,4
S01010901,50,88,12,7,0,12,1,15,9,0,2
S01010902,105,189,23,9,1,16,4,21,15,1,2
S01010903,64,127,19,2,0,26,0,24,21,0,4
S01010904,69,92,9,1,0,15,0,16,15,0,4
S01010905,169,262,15,0,0,24,1,22,19,0,5
S01010906,156,241,25,5,0,15,1,13,26,0,1
S01010907,134,228,11,0,0,14,0,9,10,0,7
S01010908,93,121,11,2,0,13,1,15,15,0,4
S01010909,80,127,3,0,0,16,2,5,20,0,3
S01010910,43,51,2,1,0,16,3,10,9,0,2
S01010911,60,77,10,1,0,19,0,9,21,0,2
S01010912,75,98,7,1,0,11,0,18,16,0,2
S01010913,104,191,11,4,0,14,3,19,14,0,3
S01010914,71,143,9,7,0,9,0,12,9,0,2
S01010915,111,159,14,2,1,13,0,24,15,0,1
S01010916,40,70,7,2,0,16,0,10,5,1,0
S01010917,67,121,12,2,0,15,1,13,7,0,4
S01010918,62,118,12,4,0,19,2,17,5,0,4
S01010919,74,152,15,0,0,27,0,19,8,0,0
S01010920,119,139,14,1,1,13,0,22,12,0,3
S01010921,56,129,18,3,0,11,2,20,7,0,0
S01010922,74,143,19,6,0,24,4,36,11,0,3
S01010923,92,167,14,2,1,28,0,32,6,0,1
S01010924,62,125,13,1,0,12,2,19,0,0,2
S01010925,75,121,8,1,0,13,2,37,7,0,0
S01010926,101,155,17,2,1,22,1,35,8,0,1
S01010927,58,110,13,4,1,17,0,23,2,0,0
S01010928,80,135,21,0,0,18,2,19,5,0,0
S01010929,74,119,11,4,0,13,0,21,11,0,3
S01010930,217,227,10,0,2,12,5,9,3,0,3
S01010931,240,306,7,2,3,8,6,23,8,0,3
S01010932,141,161,10,0,4,6,5,21,2,0,5
S01010933,271,354,20,3,1,9,4,42,9,0,6
S01010934,194,205,11,1,3,8,9,46,0,0,9
S01010935,88,114,8,1,0,19,5,30,0,0,3
S01010936,101,108,2,2,1,17,4,42,2,0,4
S01010937,95,155,11,0,2,13,3,37,1,0,0
S01010938,119,161,10,0,2,39,2,64,2,0,1
S01010939,83,104,7,2,0,18,4,22,1,0,0
S01010940,83,127,5,0,0,9,3,27,2,0,0
S01010941,104,185,7,2,0,12,2,35,0,0,2
S01010942,105,145,3,3,0,12,3,14,0,0,4
S01010943,90,139,12,1,1,14,0,42,1,0,0
S01010944,68,104,9,0,1,33,1,46,0,0,1
S01010945,63,123,8,0,0,27,0,36,2,0,0
S01010946,94,201,11,1,3,34,4,61,0,0,3
S01010947,74,98,10,3,0,15,6,32,4,0,1
S01010948,59,136,6,1,1,32,0,43,2,0,3
S01010949,130,196,7,3,0,11,0,29,2,0,3
S01010950,93,161,17,0,3,25,5,48,2,0,2
S01010951,88,186,8,0,0,19,4,41,0,0,2
S01010952,91,124,6,3,0,13,0,21,1,0,1
S01010953,64,132,9,1,0,16,3,18,0,0,2
S01010954,292,134,4,4,3,17,4,16,0,0,1
S01010955,426,524,24,2,5,41,22,92,4,0,7
S01010956,431,503,26,2,3,31,30,76,5,0,17
S01010957,86,113,5,2,0,3,8,15,0,0,1
S01010958,58,100,6,0,3,3,7,18,3,0,3
S01010959,118,159,7,0,1,11,6,28,4,0,2
S01010960,176,307,24,3,2,26,11,82,5,1,6
S01010961,83,143,6,1,1,12,1,34,0,0,0
S01010962,64,68,4,1,2,16,6,28,2,0,1
S01010963,161,199,15,4,1,40,0,37,2,0,2
S01010964,112,149,16,2,0,23,4,39,2,0,4
S01010965,71,92,6,1,0,22,2,29,3,0,0
S01010966,106,145,19,1,1,31,4,53,0,0,5
S01010967,76,165,12,3,2,27,1,33,3,0,0
S01010968,96,144,9,1,1,23,6,30,2,0,4
S01010969,93,133,5,3,2,16,6,33,1,0,4
S01010970,168,241,23,6,2,32,9,61,1,0,8
S01010971,178,284,18,3,6,14,1,50,3,1,0
S01010972,91,178,25,0,5,19,4,53,0,0,1
S01010973,65,86,8,0,2,6,3,18,2,0,0
S01010974,93,167,11,0,4,19,5,51,0,0,1
S01010975,66,86,11,0,0,16,2,35,0,0,1
S01010976,64,109,12,2,1,5,2,23,1,0,2
S01010977,83,158,10,3,2,22,0,33,0,0,2
S01010978,90,161,12,1,1,20,3,51,1,0,2
S01010979,141,194,22,2,0,27,2,64,3,0,3
S01010980,99,164,23,0,3,22,5,48,1,0,0
S01010981,109,137,12,1,4,25,5,44,2,0,1
S01010982,206,212,8,1,3,14,10,46,3,1,9
S01010983,111,153,11,1,3,24,2,42,2,0,0
S01010984,84,115,5,0,0,17,4,24,3,0,1
S01010985,104,144,12,2,2,18,4,36,1,0,2
S01010986,99,127,8,0,0,9,2,22,3,0,3
S01010987,121,151,13,6,2,6,5,21,2,0,1
S01010988,131,139,11,0,3,10,1,15,3,0,2
S01010989,220,315,4,0,4,12,5,62,4,0,2
S01010990,118,168,7,3,0,23,0,39,2,0,3
S01010991,813,968,50,2,7,68,26,170,35,0,18
S01010992,127,153,1,0,0,7,5,11,14,0,1
S01010993,106,129,9,0,0,8,0,26,8,0,1
S01010994,312,362,14,2,0,19,13,60,15,0,6
S01010995,100,128,12,2,0,6,2,21,6,0,3
S01010996,89,99,4,0,0,5,7,21,2,0,4
S01010997,91,123,7,0,1,2,10,13,4,0,3
S01010998,163,157,9,0,1,23,11,26,11,0,3
S01010999,198,154,9,0,3,15,4,52,0,0,5
S01011000,627,722,38,1,4,51,27,123,28,2,18
S01011001,78,113,8,0,1,15,0,48,1,0,2
S01011002,83,173,14,3,2,11,6,51,0,0,1
S01011003,97,147,13,4,1,22,0,53,1,0,2
S01011004,109,156,15,1,0,22,3,39,4,1,1
S01011005,87,144,13,2,2,32,2,62,0,0,2
S01011006,400,546,44,4,4,31,8,100,9,0,10
S01011007,95,153,10,0,0,15,4,63,5,1,3
S01011008,113,172,20,1,2,22,2,55,1,0,4
S01011009,51,105,8,1,0,13,0,38,1,0,0
S01011010,81,73,7,1,2,18,0,59,1,0,4
S01011011,104,147,16,1,1,38,1,64,0,0,1
S01011012,102,95,10,3,2,22,0,68,0,0,2
S01011013,111,189,15,3,0,22,1,53,2,0,2
S01011014,121,176,4,3,3,18,0,41,0,2,3
S01011015,50,73,7,2,0,9,0,26,1,1,0
S01011016,379,501,29,4,1,21,10,78,11,0,7
S01011017,293,357,16,1,1,18,4,52,12,0,7
S01011018,117,210,20,1,2,15,4,20,4,0,1
S01011019,300,395,21,2,4,17,0,31,10,2,4
S01011020,290,378,19,1,3,5,4,37,19,0,5
S01011021,122,205,24,0,5,15,3,70,2,0,5
S01011022,57,134,16,0,3,14,1,56,0,0,1
S01011023,117,185,20,1,3,13,4,42,4,0,3
S01011024,83,155,16,2,3,16,1,69,2,0,5
S01011025,91,148,9,0,1,14,1,65,2,0,1
S01011026,67,109,12,0,2,7,3,40,1,0,1
S01011027,114,182,8,1,0,21,1,83,2,0,1
S01011028,117,192,13,0,2,30,2,62,4,2,1
S01011029,70,143,5,0,3,13,0,38,2,0,2
S01011030,127,213,16,4,1,10,2,52,3,0,1
S01011031,149,220,11,0,0,30,1,42,5,0,4
S01011032,101,180,17,1,3,10,0,46,3,0,5
S01011033,98,151,6,1,0,14,4,23,7,0,1
S01011034,89,126,6,0,1,6,1,33,7,0,0
S01011035,96,136,14,1,0,8,3,36,9,0,1
S01011036,105,142,10,1,0,11,4,30,5,0,1
S01011037,181,341,29,1,0,21,3,87,6,0,10
S01011038,110,165,30,0,0,19,0,53,2,0,1
S01011039,224,355,18,3,2,15,4,58,12,0,2
S01011040,105,178,11,0,1,16,4,37,2,0,2
S01011041,60,145,11,0,0,13,0,49,5,0,0
S01011042,126,205,11,1,1,16,2,44,12,0,4
S01011043,97,192,13,0,1,11,0,27,3,0,4
S01011044,97,152,9,0,0,11,0,61,7,0,3
S01011045,119,129,9,0,0,30,4,2,0,0,16
S01011046,176,199,7,0,0,18,4,4,2,0,14
S01011047,118,271,17,1,0,32,5,8,0,0,8
S01011048,106,211,17,0,1,48,3,18,3,0,12
S01011049,69,202,19,0,0,37,0,12,1,0,2
S01011050,83,186,3,0,1,9,2,2,2,0,2
S01011051,119,277,10,1,1,31,7,11,2,0,9
S01011052,87,157,9,0,0,61,5,5,4,0,0
S01011053,61,141,10,0,0,35,3,14,0,0,2
S01011054,61,155,13,0,0,10,0,2,2,0,4
S01011055,81,175,6,0,0,6,2,4,1,0,4
S01011056,140,224,16,2,0,9,2,4,6,0,10
S01011057,55,187,21,0,2,9,0,1,3,0,9
S01011058,107,192,5,1,2,2,0,0,5,0,12
S01011059,113,157,8,0,0,10,0,0,0,0,7
S01011060,71,165,5,1,0,48,2,11,3,0,6
S01011061,62,184,10,1,1,66,2,11,6,0,7
S01011062,105,254,17,1,0,65,2,15,4,0,11
S01011063,94,250,21,0,0,63,2,18,6,0,4
S01011064,89,270,18,0,0,63,1,7,4,0,7
S01011065,117,162,7,5,0,11,2,9,0,0,25
S01011066,47,88,2,1,0,12,0,4,2,0,7
S01011067,31,77,4,3,0,22,2,9,1,0,13
S01011068,47,95,10,2,0,4,1,10,2,0,8
S01011069,46,109,13,3,1,7,4,11,0,0,9
S01011070,45,124,10,7,0,7,1,8,0,0,16
S01011071,79,148,15,4,0,9,1,6,5,0,19
S01011072,136,311,10,8,0,36,6,15,5,0,44
S01011073,69,178,15,13,1,10,8,7,2,0,28
S01011074,53,173,7,8,1,19,4,6,7,0,22
S01011075,47,122,7,5,0,40,1,27,4,0,10
S01011076,47,143,17,6,1,54,4,16,5,0,23
S01011077,38,173,23,3,3,51,6,16,2,0,12
S01011078,173,402,31,23,0,82,12,26,13,0,109
S01011079,95,278,22,9,1,69,5,26,13,0,35
S01011080,89,199,12,13,0,37,3,11,3,0,33
S01011081,40,177,17,7,1,45,2,11,6,0,31
S01011082,41,85,9,3,0,22,5,3,5,0,14
S01011083,81,186,20,1,2,9,2,18,2,0,15
S01011084,89,193,5,5,0,6,0,3,3,3,11
S01011085,111,214,9,0,1,5,7,3,2,0,5
S01011086,99,209,12,1,1,14,6,11,0,0,10
S01011087,68,136,3,2,0,29,1,4,1,0,5
S01011088,110,223,14,1,0,26,9,7,0,0,14
S01011089,48,137,9,0,1,23,6,11,0,0,6
S01011090,143,254,5,2,0,16,0,11,0,0,14
S01011091,89,195,14,1,0,3,4,0,6,0,7
S01011092,63,140,19,1,0,13,9,2,0,0,3
S01011093,416,983,70,7,0,84,11,12,28,0,67
S01011094,175,342,12,0,1,34,9,2,15,0,37
S01011095,150,246,10,0,0,5,4,0,4,0,15
S01011096,127,319,14,2,2,39,18,6,13,2,18
S01011097,103,217,12,0,0,7,10,4,1,0,18
S01011098,69,226,12,2,0,7,3,6,5,0,10
S01011099,90,176,20,3,0,13,6,27,2,0,7
S01011100,43,105,5,0,0,13,1,9,4,0,4
S01011101,56,101,12,3,1,50,5,5,4,0,4
S01011102,50,109,18,5,0,51,7,4,0,0,3
S01011103,64,69,10,3,0,58,5,2,2,0,0
S01011104,55,84,7,1,1,45,1,0,3,0,5
S01011105,98,170,15,7,4,63,6,5,6,0,11
S01011106,94,233,24,5,1,50,14,12,3,0,9
S01011107,127,291,30,4,3,50,11,18,11,1,16
S01011108,60,118,11,0,0,23,6,6,3,0,6
S01011109,55,146,12,1,0,53,3,2,2,0,4
S01011110,76,135,17,4,0,36,9,10,2,0,7
S01011111,72,181,18,1,3,73,6,5,5,0,8
S01011112,91,243,10,1,1,27,3,1,9,0,14
S01011113,80,215,17,4,1,52,13,6,1,0,5
S01011114,68,169,9,1,1,32,7,6,0,0,9
S01011115,90,181,18,3,2,55,7,11,2,0,2
S01011116,82,128,14,4,0,44,8,1,4,0,5
S01011117,96,136,11,2,0,95,10,4,8,0,5
S01011118,120,179,8,2,0,77,6,2,6,0,13
S01011119,90,204,8,0,0,53,6,3,5,0,7
S01011120,66,151,3,0,0,15,5,0,6,0,17
S01011121,88,96,7,2,0,81,6,15,3,0,4
S01011122,76,133,17,0,0,54,7,1,8,0,9
S01011123,138,283,35,11,4,81,18,4,8,0,12
S01011124,73,191,13,1,1,28,10,8,3,0,7
S01011125,46,104,11,0,1,30,3,4,4,0,3
S01011126,44,103,12,1,1,17,8,3,0,0,7
S01011127,72,123,3,0,3,14,9,4,1,0,2
S01011128,78,182,9,5,0,51,8,9,8,0,5
S01011129,105,244,9,0,0,29,16,4,5,0,17
S01011130,55,111,14,2,0,49,5,7,0,0,5
S01011131,94,151,15,1,3,15,7,7,4,0,7
S01011132,87,222,9,2,3,32,11,13,6,3,20
S01011133,46,94,13,0,1,16,3,4,2,0,6
S01011134,110,177,11,0,1,28,7,8,5,0,6
S01011135,53,175,15,1,1,20,5,14,4,1,6
S01011136,67,125,6,0,1,23,2,4,3,0,15
S01011137,55,105,11,1,2,16,6,3,2,0,10
S01011138,71,140,15,0,0,28,12,10,6,0,4
S01011139,627,250,13,2,4,41,36,10,3,0,5
S01011140,65,131,20,1,0,15,2,7,1,0,6
S01011141,41,128,11,2,0,15,4,12,4,0,5
S01011142,108,203,10,1,1,17,20,4,2,0,18
S01011143,105,241,14,0,3,31,4,7,12,0,23
S01011144,96,154,7,2,0,8,4,3,4,0,19
S01011145,97,184,4,2,0,4,2,0,2,0,13
S01011146,75,191,14,1,0,10,6,4,11,0,10
S01011147,107,262,14,1,0,15,8,1,7,0,20
S01011148,119,210,10,2,2,7,3,3,2,0,7
S01011149,124,142,3,0,4,36,22,1,3,0,7
S01011150,123,276,16,0,1,15,25,3,6,1,11
S01011151,69,118,7,1,2,35,26,2,2,0,3
S01011152,104,89,1,0,0,14,10,3,4,0,2
S01011153,388,170,7,0,0,38,12,6,11,0,7
S01011154,54,80,13,0,2,32,4,11,3,0,2
S01011155,74,129,6,4,0,35,9,3,5,0,5
S01011156,54,136,7,0,0,16,4,5,2,0,11
S01011157,51,98,12,0,4,9,10,1,1,0,2
S01011158,77,103,3,0,1,15,1,0,6,0,9
S01011159,64,131,4,0,1,35,6,11,5,0,6
S01011160,73,190,18,0,1,68,9,10,5,0,5
S01011161,59,164,11,0,1,45,6,9,4,0,3
S01011162,39,117,8,0,0,25,6,9,2,0,6
S01011163,71,154,15,0,0,47,11,11,5,0,5
S01011164,71,186,30,1,0,41,5,12,7,0,5
S01011165,65,146,14,0,0,27,9,7,4,0,1
S01011166,52,75,6,0,0,9,2,1,5,0,5
S01011167,128,143,3,0,0,6,4,5,9,0,4
S01011168,256,426,17,3,1,29,7,4,8,0,15
S01011169,194,437,29,3,1,28,12,10,9,0,33
S01011170,163,273,14,0,3,8,11,3,1,0,11
S01011171,131,205,9,0,3,32,3,11,3,0,13
S01011172,120,172,13,2,2,16,5,19,0,0,5
S01011173,96,126,10,1,0,14,2,11,1,0,4
S01011174,68,79,10,0,2,18,3,5,2,0,8
S01011175,72,151,13,2,0,43,6,17,5,0,1
S01011176,77,123,10,0,1,17,1,10,0,0,4
S01011177,91,168,11,0,4,70,4,5,3,0,5
S01011178,70,118,6,1,0,5,1,5,3,0,3
S01011179,51,133,7,3,0,7,2,17,2,0,2
S01011180,45,142,15,3,0,6,1,36,2,0,4
S01011181,178,262,6,1,0,7,3,4,9,0,9
S01011182,123,186,5,0,1,5,2,8,12,0,3
S01011183,65,153,6,0,0,2,0,4,6,0,8
S01011184,165,325,12,1,0,20,5,12,5,0,7
S01011185,73,158,14,1,1,10,3,15,1,0,4
S01011186,82,243,21,0,0,16,3,17,7,0,4
S01011187,76,144,7,0,0,2,0,14,5,0,6
S01011188,75,224,23,0,1,19,2,41,3,0,2
S01011189,100,193,10,1,2,17,2,26,4,0,2
S01011190,56,121,15,0,1,6,4,19,3,0,2
S01011191,44,120,15,2,0,5,5,14,3,0,0
S01011192,86,148,13,0,0,7,5,19,7,0,1
S01011193,57,142,20,0,3,14,5,26,8,0,1
S01011194,58,131,26,3,0,23,1,24,3,0,4
S01011195,61,183,19,3,0,15,5,26,9,0,2
S01011196,72,162,26,1,0,8,2,23,4,0,2
S01011197,72,172,20,0,0,20,1,27,3,0,2
S01011198,48,138,14,0,0,8,3,20,6,0,1
S01011199,150,321,24,0,0,18,4,28,7,0,3
S01011200,84,209,9,0,0,5,2,16,4,2,0
S01011201,62,158,12,0,2,8,3,13,3,0,3
S01011202,107,175,16,0,0,9,0,16,9,0,1
S01011203,80,193,15,0,0,12,6,13,5,0,3
S01011204,53,135,6,0,0,2,0,3,3,0,1
S01011205,108,250,11,0,0,2,0,5,19,0,3
S01011206,92,184,18,0,0,6,1,6,4,0,1
S01011207,95,160,8,2,0,5,0,13,3,0,1
S01011208,127,245,13,0,0,9,1,11,8,0,6
S01011209,95,130,8,4,0,5,4,11,4,0,0
S01011210,113,148,4,2,0,1,2,1,4,0,5
S01011211,108,188,8,1,0,4,0,4,4,0,1
S01011212,61,109,12,0,0,16,5,12,5,0,0
S01011213,119,248,19,1,1,21,6,38,5,0,7
S01011214,74,144,18,2,3,19,5,33,8,1,1
S01011215,33,69,12,1,1,14,0,11,0,0,1
S01011216,50,78,8,0,0,17,0,21,5,0,1
S01011217,90,151,22,4,0,17,5,27,6,2,3
S01011218,107,206,23,2,1,32,3,33,11,0,2
S01011219,60,150,25,1,0,21,6,19,4,0,1
S01011220,86,189,24,4,2,28,5,27,9,0,4
S01011221,100,222,37,1,1,18,3,24,5,0,0
S01011222,74,166,20,2,0,28,4,17,4,0,3
S01011223,83,179,30,0,0,22,1,16,7,0,3
S01011224,69,114,18,3,1,16,6,10,7,0,2
S01011225,80,122,19,0,1,35,6,19,8,0,0
S01011226,115,214,18,1,0,16,3,17,8,0,2
S01011227,97,128,13,3,0,31,1,21,13,0,2
S01011228,88,167,15,4,0,33,4,18,6,0,4
S01011229,38,76,7,0,0,20,0,18,7,0,0
S01011230,47,79,12,0,0,27,4,11,4,0,1
S01011231,47,103,9,3,0,23,0,13,7,0,0
S01011232,80,160,15,3,0,30,4,9,8,0,5
S01011233,175,372,20,1,1,9,0,14,27,0,6
S01011234,103,199,24,2,0,28,6,17,28,0,0
S01011235,35,55,6,0,1,2,0,11,11,0,2
S01011236,57,99,12,0,0,5,2,9,10,0,0
S01011237,81,150,12,4,1,27,0,29,7,0,2
S01011238,53,96,8,0,1,27,2,22,4,0,3
S01011239,46,73,18,0,0,17,0,17,8,0,1
S01011240,58,109,8,0,0,26,2,24,13,1,5
S01011241,128,143,16,0,0,26,2,20,21,0,7
S01011242,92,160,7,4,1,18,1,18,16,0,4
S01011243,62,128,14,10,0,28,0,34,8,0,3
S01011244,45,80,11,3,0,21,3,44,11,0,3
S01011245,73,129,13,0,0,20,1,19,8,0,1
S01011246,117,174,10,2,0,17,0,16,9,0,3
S01011247,97,172,8,1,0,11,1,11,22,0,4
S01011248,65,201,8,0,0,11,2,7,10,0,4
S01011249,78,187,12,2,2,7,2,4,8,0,9
S01011250,91,217,18,1,0,26,5,53,16,0,5
S01011251,89,181,26,3,1,32,2,32,10,0,4
S01011252,78,145,16,0,0,11,0,26,4,1,2
S01011253,82,150,26,0,0,20,1,42,15,0,2
S01011254,126,243,9,0,0,15,4,4,7,0,3
S01011255,124,237,16,1,0,5,0,7,17,0,7
S01011256,71,164,7,0,0,9,1,6,8,0,2
S01011257,28,62,1,0,0,8,1,0,1,0,3
S01011258,48,111,7,2,0,8,1,6,7,0,2
S01011259,75,130,14,4,1,21,1,9,6,0,3
S01011260,91,139,8,3,0,16,3,5,13,0,1
S01011261,94,189,31,2,2,12,0,16,8,0,3
S01011262,29,104,8,2,0,9,1,6,8,0,3
S01011263,172,335,28,3,0,37,1,21,21,0,10
S01011264,78,131,19,1,3,16,0,14,1,0,0
S01011265,103,209,35,4,0,29,5,31,8,0,2
S01011266,86,223,18,1,0,24,2,14,9,0,1
S01011267,42,111,10,1,0,6,1,6,8,0,0
S01011268,23,69,3,0,0,4,0,4,3,0,2
S01011269,44,87,9,3,3,18,1,7,10,0,3
S01011270,55,94,6,0,0,14,2,19,6,0,1
S01011271,58,125,14,1,4,13,1,18,6,0,6
S01011272,67,134,25,4,0,14,1,31,8,0,0
S01011273,84,149,20,0,0,23,0,19,6,0,2
S01011274,89,190,21,2,0,17,3,35,7,0,1
S01011275,68,114,15,2,0,12,0,33,1,0,1
S01011276,103,187,24,0,0,9,3,32,6,0,5
S01011277,73,159,10,0,1,6,3,6,14,0,0
S01011278,74,131,5,0,0,2,0,9,10,0,0
S01011279,94,147,5,0,0,5,2,10,15,0,1
S01011280,68,114,3,0,0,3,3,1,5,0,3
S01011281,102,161,9,0,0,5,1,4,13,0,4
S01011282,128,258,14,1,0,9,1,5,29,0,6
S01011283,116,246,12,0,0,3,4,2,16,0,5
S01011284,118,176,5,0,1,3,1,3,19,0,4
S01011285,61,134,16,0,2,12,2,25,16,0,0
S01011286,54,101,13,1,0,9,1,25,16,0,2
S01011287,82,182,23,0,2,13,2,30,28,0,2
S01011288,79,160,15,0,0,13,1,39,19,0,0
S01011289,79,194,21,2,1,15,0,30,12,0,1
S01011290,129,249,23,1,0,25,3,40,17,0,4
S01011291,64,135,18,1,0,13,1,20,14,0,2
S01011292,54,107,10,0,0,9,3,17,10,0,3
S01011293,64,139,14,1,0,23,4,18,9,0,1
S01011294,72,139,19,4,0,17,2,18,19,0,4
S01011295,154,266,12,0,0,14,1,17,27,0,9
S01011296,64,97,9,0,0,15,0,6,10,0,0
S01011297,58,166,27,5,0,22,3,21,16,0,4
S01011298,62,146,29,0,1,8,3,22,12,1,3
S01011299,103,161,7,1,0,4,0,0,4,0,4
S01011300,64,204,21,4,0,14,0,10,27,0,2
S01011301,93,190,13,3,0,13,3,6,15,0,3
S01011302,75,122,12,1,3,18,0,11,13,0,0
S01011303,131,249,8,1,0,20,0,6,18,0,2
S01011304,69,142,15,3,0,21,0,14,18,0,4
S01011305,95,215,17,1,0,19,0,8,13,0,1
S01011306,49,132,4,2,1,8,1,6,10,0,1
S01011307,335,388,30,3,0,13,0,22,18,2,16
S01011308,82,118,5,0,0,9,1,4,11,0,3
S01011309,101,143,3,0,0,5,0,3,13,0,6
S01011310,119,150,12,0,0,14,0,4,9,0,8
S01011311,118,132,3,1,0,9,0,3,12,1,7
S01011312,136,175,11,0,0,10,4,4,15,0,18
S01011313,95,139,2,1,0,21,1,3,12,1,4
S01011314,150,221,10,1,1,21,0,7,25,0,7
S01011315,54,65,9,1,0,8,0,0,6,0,7
S01011316,82,155,9,1,1,28,0,10,15,0,3
S01011317,77,133,6,3,0,23,0,2,4,0,6
S01011318,86,105,9,0,0,38,1,5,11,0,10
S01011319,84,137,5,0,0,10,0,1,8,0,3
S01011320,67,105,4,0,0,33,1,1,5,0,4
S01011321,84,128,9,2,0,48,1,5,17,0,7
S01011322,81,135,11,1,0,36,1,3,4,0,7
S01011323,100,160,12,0,0,54,3,6,11,0,7
S01011324,66,87,7,1,0,34,1,4,6,0,7
S01011325,65,106,8,0,0,68,1,8,11,0,5
S01011326,73,79,13,0,0,47,1,8,7,0,8
S01011327,65,73,4,0,0,32,5,2,3,0,7
S01011328,101,96,8,1,2,41,3,4,4,0,14
S01011329,101,152,7,1,1,36,2,5,12,0,6
S01011330,93,164,12,2,0,24,0,6,10,0,5
S01011331,97,142,5,0,0,8,2,3,4,0,4
S01011332,82,150,7,0,0,12,0,3,4,0,10
S01011333,74,112,5,0,0,13,1,4,7,2,2
S01011334,122,114,4,0,0,8,0,2,6,0,9
S01011335,142,144,7,0,0,3,2,8,9,0,13
S01011336,78,197,14,0,1,7,1,12,9,0,5
S01011337,110,127,7,0,0,7,1,5,10,1,8
S01011338,71,166,15,0,0,9,2,10,10,0,5
S01011339,52,128,10,2,0,7,4,12,9,0,3
S01011340,60,138,21,0,0,21,2,10,6,0,1
S01011341,82,166,11,0,0,24,0,5,15,0,2
S01011342,94,165,17,2,0,25,2,11,18,0,2
S01011343,87,169,12,3,2,33,1,11,21,0,8
S01011344,73,188,25,2,0,31,1,13,26,0,1
S01011345,65,160,25,2,2,30,4,19,12,0,0
S01011346,58,151,15,3,0,16,0,15,14,0,2
S01011347,108,211,18,0,3,30,2,22,28,0,2
S01011348,95,212,16,2,0,27,0,18,6,0,0
S01011349,112,261,13,1,3,5,3,5,4,0,4
S01011350,81,149,4,0,0,2,2,10,6,0,2
S01011351,75,128,17,2,0,25,2,11,5,0,1
S01011352,79,155,15,4,2,13,1,20,8,0,0
S01011353,77,122,13,0,1,14,1,15,1,0,1
S01011354,79,187,5,2,0,21,0,9,7,0,4
S01011355,111,224,14,3,0,27,0,29,5,0,7
S01011356,236,318,11,0,1,10,2,9,18,0,10
S01011357,111,171,15,1,1,11,0,13,0,0,3
S01011358,62,175,9,0,0,4,0,12,3,0,1
S01011359,89,178,14,4,0,13,1,20,1,0,2
S01011360,68,95,10,7,0,13,0,14,3,0,0
S01011361,6,7,1,0,0,1,1,8,0,0,0
S01011362,131,221,12,2,0,10,1,12,6,0,10
S01011363,104,146,14,1,0,18,0,25,8,0,0
S01011364,95,172,10,2,0,11,1,16,1,0,1
S01011365,98,222,15,0,0,6,0,5,10,0,5
S01011366,61,99,7,0,0,4,0,17,3,0,0
S01011367,128,179,21,4,4,20,1,25,4,0,3
S01011368,212,270,10,2,0,9,2,8,14,0,7
S01011369,113,189,17,0,0,19,6,28,4,0,2
S01011370,116,198,8,1,0,5,1,8,4,0,0
S01011371,99,185,19,4,2,19,5,46,7,0,2
S01011372,74,102,9,2,2,23,0,39,7,0,4
S01011373,59,125,11,4,0,17,4,34,3,0,1
S01011374,111,212,24,3,0,26,2,23,6,0,5
S01011375,89,122,10,1,1,13,2,19,4,0,0
S01011376,58,79,11,1,0,12,2,32,3,0,0
S01011377,230,279,14,4,1,25,2,6,22,0,5
S01011378,102,156,13,5,0,14,0,6,6,0,0
S01011379,251,368,10,2,0,12,1,5,26,0,3
S01011380,108,164,8,1,0,19,3,18,18,0,2
S01011381,109,145,12,1,0,27,2,16,6,0,3
S01011382,149,243,26,5,1,23,1,35,12,0,3
S01011383,57,105,12,3,2,17,2,30,11,0,1
S01011384,57,74,10,3,0,16,5,37,2,0,1
S01011385,92,161,15,3,0,33,6,31,8,0,5
S01011386,52,90,22,1,0,12,2,25,2,0,0
S01011387,79,138,22,7,2,28,0,37,6,0,0
S01011388,182,317,21,2,1,36,1,27,19,0,9
S01011389,84,150,22,1,1,37,4,28,22,0,4
S01011390,64,153,19,2,2,27,1,10,6,0,2
S01011391,70,133,22,4,2,23,0,30,7,0,5
S01011392,57,138,23,6,0,21,0,24,5,0,3
S01011393,88,202,29,0,1,14,0,26,6,0,1
S01011394,101,171,11,2,1,9,2,0,13,0,1
S01011395,108,168,10,5,0,19,0,14,14,0,2
S01011396,96,138,13,2,1,25,1,17,9,0,0
S01011397,80,165,19,4,0,16,0,12,6,0,2
S01011398,62,137,21,1,1,19,2,22,4,0,2
S01011399,64,94,19,7,0,20,0,19,7,0,6
S01011400,113,169,12,1,2,14,0,18,13,0,0
S01011401,95,155,15,1,4,18,0,14,7,0,2
S01011402,138,218,19,1,0,32,5,23,13,0,5
S01011403,58,132,12,1,0,21,0,14,4,0,2
S01011404,90,176,19,3,0,12,2,22,6,0,4
S01011405,73,130,16,4,2,5,0,12,5,0,0
S01011406,123,212,28,1,0,23,1,16,4,0,3
S01011407,181,312,25,10,0,19,4,17,19,0,3
S01011408,104,164,22,1,0,16,0,43,2,0,3
S01011409,86,191,18,3,0,14,1,40,5,0,2
S01011410,63,135,20,0,4,6,0,21,2,0,2
S01011411,73,161,20,4,3,8,0,19,3,0,4
S01011412,122,224,10,5,2,5,2,8,5,1,1
S01011413,69,184,11,2,0,2,0,6,4,0,4
S01011414,110,173,13,5,0,9,0,16,4,0,0
S01011415,114,223,19,4,0,7,1,20,6,0,1
S01011416,66,157,9,0,1,3,0,15,2,1,1
S01011417,130,233,17,0,0,16,0,25,3,0,4
S01011418,56,125,9,3,0,7,0,17,0,2,0
S01011419,49,124,11,4,0,2,2,21,3,0,2
S01011420,63,94,15,1,2,2,2,30,7,0,0
S01011421,115,189,14,2,1,7,0,13,3,0,4
S01011422,68,136,7,2,0,9,1,19,2,0,0
S01011423,68,86,15,0,0,7,1,9,3,0,0
S01011424,61,132,15,5,0,7,0,14,5,0,0
S01011425,87,176,17,1,0,5,0,17,4,0,0
S01011426,236,470,13,2,0,5,1,4,17,0,10
S01011427,58,136,15,5,0,2,0,12,0,0,2
S01011428,71,136,9,0,0,4,0,18,10,0,0
S01011429,172,195,9,1,1,24,0,5,10,0,2
S01011430,129,248,19,4,2,14,2,3,13,0,2
S01011431,131,256,26,0,2,32,0,17,8,0,4
S01011432,116,266,23,2,2,27,2,16,11,0,3
S01011433,94,177,37,4,1,21,1,26,2,0,1
S01011434,75,172,9,1,0,12,0,8,3,0,0
S01011435,151,348,21,0,0,10,1,8,17,1,0
S01011436,82,167,17,1,0,18,3,9,3,0,2
S01011437,99,151,20,0,0,17,0,24,6,0,2
S01011438,49,101,13,3,0,5,0,15,8,0,1
S01011439,145,249,24,4,1,24,1,16,5,0,1
S01011440,64,144,12,3,1,16,0,13,1,0,1
S01011441,86,189,16,2,0,17,2,12,0,0,4
S01011442,82,204,15,2,0,15,1,15,1,0,2
S01011443,71,171,15,2,0,12,0,17,4,0,2
S01011444,74,178,38,5,2,8,0,18,2,0,2
S01011445,67,133,8,5,1,9,0,11,1,0,5
S01011446,363,731,42,3,1,12,2,8,24,0,8
S01011447,119,212,18,5,0,7,1,18,7,0,3
S01011448,102,184,20,0,0,6,0,10,15,0,3
S01011449,37,109,14,0,0,5,2,13,3,0,0
S01011450,93,189,8,4,1,5,0,9,10,0,4
S01011451,665,1171,56,6,2,18,4,30,67,0,16
S01011452,137,229,27,6,1,8,3,12,7,0,3
S01011453,84,174,24,5,0,6,0,21,7,0,3
S01011454,90,153,29,6,0,13,2,10,5,0,3
S01011455,73,135,19,7,0,15,2,10,5,0,4
S01011456,93,161,20,1,0,14,2,18,12,0,2
S01011457,83,176,27,4,1,6,0,29,7,0,0
S01011458,215,418,28,11,1,9,1,18,15,1,3
S01011459,168,309,29,1,0,12,3,21,17,0,3
S01011460,66,132,19,3,1,8,1,12,4,0,4
S01011461,84,153,19,19,1,24,1,12,8,0,1
S01011462,129,234,26,2,3,14,3,9,14,0,0
S01011463,264,437,26,10,0,23,2,10,14,0,6
S01011464,108,168,8,4,0,5,3,5,8,0,2
S01011465,93,123,21,10,0,11,3,15,0,0,0
S01011466,135,177,14,6,0,8,0,23,6,0,5
S01011467,72,132,15,4,0,4,1,13,6,1,0
S01011468,154,295,15,5,0,7,3,8,14,0,3
S01011469,133,163,23,6,0,12,4,27,8,0,0
S01011470,140,267,27,12,1,12,0,25,15,0,2
S01011471,114,182,17,2,0,25,0,21,19,0,3
S01011472,72,92,15,2,1,14,2,19,9,0,4
S01011473,85,110,19,7,0,24,2,17,8,0,0
S01011474,87,120,10,1,0,32,2,28,13,1,0
S01011475,78,108,18,5,0,19,0,20,11,0,1
S01011476,55,111,9,1,0,6,1,4,8,0,0
S01011477,126,184,17,2,0,5,0,6,10,0,4
S01011478,253,329,11,4,0,13,0,6,17,1,7
S01011479,196,293,13,4,0,13,0,17,16,2,3
S01011480,166,227,16,3,0,19,1,21,26,0,3
S01011481,160,230,20,6,1,22,2,21,24,0,4
S01011482,107,194,28,7,1,23,3,24,14,0,2
S01011483,92,123,5,2,0,7,2,1,9,0,4
S01011484,109,157,16,6,0,13,2,36,7,0,5
S01011485,90,183,26,4,2,18,0,38,18,0,0
S01011486,44,103,14,4,0,26,3,15,5,0,1
S01011487,113,220,21,0,1,16,5,23,11,0,5
S01011488,74,137,18,5,0,25,1,38,7,0,1
S01011489,122,222,18,3,0,16,2,20,17,0,2
S01011490,137,202,28,10,1,15,6,41,12,0,1
S01011491,52,84,10,8,0,12,0,24,2,0,1
S01011492,110,104,20,6,0,15,8,35,14,1,4
S01011493,80,133,10,2,0,16,0,4,12,0,1
S01011494,85,143,15,6,0,31,0,20,15,0,1
S01011495,107,135,23,8,0,21,0,36,17,0,0
S01011496,89,116,17,3,0,7,3,36,5,0,2
S01011497,92,260,18,6,0,9,1,3,9,1,3
S01011498,95,193,12,3,0,12,0,10,17,0,3
S01011499,123,188,16,3,0,9,1,11,12,0,2
S01011500,49,97,15,4,0,10,0,7,8,0,0
S01011501,45,122,26,8,0,15,6,16,3,0,0
S01011502,86,161,21,3,2,9,3,16,4,0,0
S01011503,65,126,19,5,4,16,1,11,2,1,4
S01011504,144,275,18,2,2,12,2,16,9,0,5
S01011505,84,163,22,9,2,15,1,13,9,0,1
S01011506,70,135,14,0,1,12,2,2,5,0,2
S01011507,81,144,16,6,0,16,0,13,12,0,1
S01011508,126,254,19,9,0,6,2,13,15,0,2
S01011509,77,130,21,8,0,6,0,11,2,0,0
S01011510,115,198,28,11,0,35,2,21,15,0,4
S01011511,62,95,28,4,0,11,1,16,5,0,2
S01011512,91,154,21,6,1,25,3,34,8,0,2
S01011513,74,144,24,5,2,28,2,24,9,0,4
S01011514,120,167,29,10,0,18,6,28,13,2,0
S01011515,83,148,11,0,0,4,4,5,5,0,0
S01011516,155,257,27,3,0,6,2,11,19,0,1
S01011517,78,108,17,4,1,16,1,15,5,1,0
S01011518,69,134,27,4,0,13,0,16,8,0,3
S01011519,98,157,23,9,0,21,6,9,6,2,0
S01011520,66,116,23,7,1,24,2,25,8,0,0
S01011521,110,176,21,9,2,30,2,29,14,0,4
S01011522,108,164,34,7,0,36,2,15,12,0,3
S01011523,108,147,20,9,0,31,3,30,14,0,4
S01011524,115,184,12,6,1,26,2,11,9,0,2
S01011525,120,218,12,8,0,9,3,10,13,0,1
S01011526,154,203,27,8,0,21,3,11,13,0,4
S01011527,88,166,13,2,1,7,2,6,5,0,1
S01011528,117,173,29,6,2,28,3,22,8,0,5
S01011529,59,85,9,4,1,25,0,19,10,0,2
S01011530,96,213,33,12,0,35,1,17,9,0,3
S01011531,145,297,19,3,2,18,2,11,20,0,6
S01011532,125,185,8,5,0,7,1,7,10,0,3
S01011533,68,144,16,9,0,23,1,13,7,0,2
S01011534,85,176,7,6,0,19,0,18,11,0,2
S01011535,153,220,31,7,3,34,3,19,8,0,8
S01011536,117,144,7,1,0,3,0,5,18,0,0
S01011537,117,154,12,1,0,7,2,5,11,2,2
S01011538,127,194,10,1,0,5,1,4,12,0,3
S01011539,80,141,19,11,0,18,1,14,5,1,1
S01011540,141,233,41,6,0,31,6,21,6,0,3
S01011541,144,247,23,13,1,46,1,30,10,0,4
S01011542,124,220,29,8,0,25,3,28,9,0,1
S01011543,92,139,25,8,1,19,2,21,2,0,3
S01011544,75,141,16,5,0,17,1,13,4,0,1
S01011545,111,206,20,4,0,24,4,9,8,1,1
S01011546,119,226,11,1,0,7,1,8,10,0,2
S01011547,125,156,15,2,0,4,3,3,9,0,0
S01011548,119,176,15,4,0,20,1,18,13,0,1
S01011549,97,159,10,2,0,12,0,7,9,0,3
S01011550,111,126,6,1,1,7,1,0,15,0,3
S01011551,82,140,16,3,0,5,1,10,6,0,2
S01011552,87,167,10,4,0,16,2,4,4,0,2
S01011553,150,258,5,2,0,4,0,4,14,0,4
S01011554,135,254,25,10,1,17,2,10,22,0,2
S01011555,67,101,15,8,1,14,0,9,11,0,1
S01011556,66,105,11,3,0,8,0,5,10,0,2
S01011557,57,180,22,15,0,7,2,9,16,0,1
S01011558,68,136,30,15,1,10,3,8,9,0,2
S01011559,56,88,21,10,1,9,2,1,12,0,2
S01011560,79,171,31,14,2,16,0,15,11,0,1
S01011561,106,155,19,21,0,21,2,7,17,0,3
S01011562,96,164,29,23,0,23,1,11,7,0,0
S01011563,86,155,36,20,0,17,1,7,13,0,1
S01011564,140,262,26,10,0,20,1,9,15,0,4
S01011565,109,213,36,16,1,20,0,14,5,0,4
S01011566,98,180,16,15,2,31,2,7,13,0,2
S01011567,92,174,36,11,0,26,2,4,12,0,4
S01011568,109,197,16,5,0,19,4,8,15,0,2
S01011569,113,222,27,16,0,40,2,8,10,0,1
S01011570,65,143,18,9,0,22,2,5,9,0,0
S01011571,56,90,18,13,0,19,0,11,11,0,2
S01011572,86,123,12,13,0,20,4,7,18,0,3
S01011573,158,289,30,9,0,22,1,16,23,0,2
S01011574,115,185,22,4,2,18,1,9,21,0,1
S01011575,75,92,20,6,0,12,1,4,9,0,1
S01011576,47,107,25,13,0,16,2,6,13,0,0
S01011577,92,134,19,15,0,13,5,6,15,2,6
S01011578,88,123,21,7,1,24,0,5,9,2,0
S01011579,169,217,13,3,0,7,1,8,19,0,6
S01011580,134,187,19,7,1,26,0,9,15,0,4
S01011581,73,91,16,7,2,29,4,10,14,0,1
S01011582,195,245,14,5,1,21,2,13,31,0,4
S01011583,103,144,13,8,0,19,1,8,17,0,4
S01011584,84,129,22,7,0,17,0,8,23,0,2
S01011585,73,134,18,7,0,27,1,3,15,0,2
S01011586,63,111,20,18,0,15,0,9,18,0,3
S01011587,52,128,20,12,0,18,1,11,17,0,4
S01011588,97,145,26,16,0,14,3,7,20,1,4
S01011589,99,187,12,6,2,15,5,11,22,0,5
S01011590,81,166,24,8,0,14,4,12,11,0,3
S01011591,62,111,21,4,0,5,6,16,7,0,0
S01011592,82,106,12,9,0,23,1,5,7,0,2
S01011593,80,141,12,7,0,15,0,3,11,0,1
S01011594,45,96,14,8,0,10,1,4,13,0,0
S01011595,95,141,7,1,0,18,2,3,16,0,0
S01011596,164,210,35,7,2,56,1,14,39,2,12
S01011597,75,124,15,4,0,16,1,6,27,0,1
S01011598,0,0,0,0,0,0,0,0,0,0,0
S01011599,93,173,21,8,1,35,1,7,25,0,2
S01011600,90,105,19,5,0,19,5,10,14,0,1
S01011601,131,220,33,2,0,15,2,1,16,0,6
S01011602,228,430,31,6,2,15,1,7,40,0,4
S01011603,98,151,24,11,1,28,6,10,17,0,1
S01011604,44,103,13,7,0,18,3,4,4,0,0
S01011605,107,225,31,9,0,32,5,8,10,0,4
S01011606,160,366,19,5,0,4,2,5,12,0,9
S01011607,90,162,13,4,0,8,1,1,10,0,2
S01011608,174,258,14,6,1,8,1,7,17,0,5
S01011609,98,137,23,21,1,32,4,12,9,0,0
S01011610,96,148,31,12,0,21,2,18,15,0,4
S01011611,166,341,10,3,0,9,5,3,22,0,8
S01011612,140,207,13,0,1,3,0,3,9,0,1
S01011613,109,191,12,2,1,3,1,0,7,0,1
S01011614,67,106,9,1,0,5,1,2,7,0,0
S01011615,92,147,18,7,0,9,0,9,5,0,3
S01011616,55,119,16,4,0,5,0,5,2,0,2
S01011617,127,213,38,9,0,12,0,4,11,0,0
S01011618,68,150,25,4,0,7,0,11,6,0,0
S01011619,179,331,20,2,0,1,0,7,8,0,4
S01011620,179,364,18,3,0,6,0,7,18,0,5
S01011621,101,201,12,2,0,9,0,8,5,0,2
S01011622,123,191,10,0,0,4,0,5,6,0,2
S01011623,118,156,20,7,0,5,2,6,7,0,1
S01011624,111,189,20,7,1,7,0,2,8,0,3
S01011625,61,107,19,5,0,3,1,16,6,0,3
S01011626,147,246,11,3,0,6,0,0,15,0,1
S01011627,131,229,18,1,0,6,2,4,17,0,4
S01011628,184,321,30,9,0,7,2,4,30,0,1
S01011629,61,116,18,3,0,18,3,8,13,0,1
S01011630,65,159,18,7,0,21,1,3,19,0,1
S01011631,65,111,31,9,0,14,0,15,2,0,2
S01011632,95,175,31,7,0,30,0,11,13,0,2
S01011633,62,146,14,10,0,12,0,9,10,0,5
S01011634,69,118,11,2,1,8,3,6,8,0,3
S01011635,87,118,25,7,0,12,0,10,6,1,2
S01011636,61,120,27,13,0,20,0,6,12,1,5
S01011637,82,121,18,10,0,20,0,12,10,1,1
S01011638,33,76,17,7,0,6,0,2,9,0,2
S01011639,66,87,13,6,0,16,0,10,10,0,0
S01011640,72,113,23,4,1,23,1,8,21,0,3
S01011641,59,107,12,1,0,4,3,1,8,0,4
S01011642,94,162,19,5,0,11,0,4,11,0,6
S01011643,144,196,15,2,0,20,1,7,34,0,0
S01011644,82,178,15,3,0,14,2,5,16,0,3
S01011645,74,107,9,7,0,8,0,4,7,0,1
S01011646,85,148,8,3,1,2,1,2,14,0,0
S01011647,121,252,15,4,0,5,0,6,12,0,4
S01011648,171,290,20,7,0,23,3,8,35,0,3
S01011649,86,133,6,7,0,16,1,8,13,0,2
S01011650,107,180,21,1,0,15,0,3,17,0,0
S01011651,137,163,16,7,0,25,0,9,25,0,1
S01011652,111,153,12,4,1,12,0,8,12,0,3
S01011653,117,193,27,11,0,27,1,10,10,1,1
S01011654,120,176,6,13,0,28,1,9,23,1,2
S01011655,88,140,22,15,0,32,2,10,17,0,1
S01011656,63,76,12,9,0,8,0,11,9,0,0
S01011657,47,61,11,6,2,16,0,5,5,0,0
S01011658,73,153,17,10,2,26,1,7,9,0,2
S01011659,92,171,23,6,1,19,1,18,11,0,0
S01011660,119,211,16,6,1,9,0,4,13,0,3
S01011661,54,116,13,5,0,15,0,5,7,0,0
S01011662,101,200,9,1,0,3,0,3,17,0,0
S01011663,66,148,22,4,0,27,0,11,3,0,4
S01011664,108,218,42,14,0,31,1,12,11,0,2
S01011665,98,111,19,3,0,24,2,6,12,0,5
S01011666,94,138,24,9,0,29,0,11,9,0,0
S01011667,103,139,19,5,0,17,0,13,6,0,2
S01011668,82,162,44,12,1,32,4,19,2,1,4
S01011669,85,140,11,2,0,14,0,4,10,0,2
S01011670,68,91,17,9,0,11,0,3,5,0,4
S01011671,103,181,18,5,0,16,1,11,10,0,1
S01011672,52,124,11,6,0,7,0,5,9,0,0
S01011673,66,128,17,6,0,4,0,10,8,0,1
S01011674,195,351,35,2,2,13,0,5,26,0,6
S01011675,101,207,38,11,1,12,2,12,7,2,0
S01011676,72,130,28,7,0,16,1,11,8,1,2
S01011677,97,218,13,6,0,9,0,4,13,0,6
S01011678,61,91,16,3,0,13,0,7,9,0,0
S01011679,96,213,15,0,0,4,0,4,23,0,3
S01011680,118,206,38,2,0,7,0,6,27,0,2
S01011681,91,205,21,5,0,8,0,4,22,0,2
S01011682,88,152,8,1,0,3,0,3,6,0,3
S01011683,335,578,28,4,1,13,1,19,38,0,11
S01011684,77,116,23,3,0,3,0,7,4,0,0
S01011685,141,248,11,6,4,5,0,5,7,0,5
S01011686,129,249,24,2,0,4,0,1,11,0,5
S01011687,119,211,15,7,1,10,2,18,2,0,3
S01011688,254,437,40,3,0,11,2,0,31,0,7
S01011689,213,271,6,3,0,8,1,10,20,0,9
S01011690,153,304,17,1,1,7,2,9,15,0,3
S01011691,135,212,20,0,0,7,1,6,15,0,3
S01011692,112,251,26,8,0,20,3,20,24,0,4
S01011693,137,201,14,5,0,2,2,4,26,0,2
S01011694,101,165,5,0,0,2,0,3,17,0,7
S01011695,714,1209,50,4,5,9,3,13,85,0,20
S01011696,235,288,19,1,0,7,5,5,32,0,5
S01011697,195,278,20,7,0,17,3,13,35,0,4
S01011698,165,188,13,4,0,16,2,17,23,1,3
S01011699,190,338,20,5,0,12,1,14,26,0,0
S01011700,108,131,7,3,0,3,0,15,19,0,0
S01011701,143,213,12,1,1,18,0,10,33,5,9
S01011702,78,130,7,2,0,9,4,21,8,0,8
S01011703,341,466,16,1,0,14,6,25,26,2,11
S01011704,127,180,12,3,0,4,0,28,5,0,0
S01011705,127,188,22,5,0,14,1,23,11,0,3
S01011706,124,210,30,3,0,12,2,30,5,0,2
S01011707,132,231,21,1,0,8,2,13,10,0,4
S01011708,117,228,20,4,1,13,2,40,5,0,2
S01011709,167,334,29,3,1,9,1,35,5,2,2
S01011710,50,102,29,3,1,7,0,21,4,0,2
S01011711,72,109,22,5,0,18,2,44,3,0,0
S01011712,105,145,15,5,2,10,0,31,5,0,1
S01011713,107,183,11,2,1,6,2,24,6,0,2
S01011714,99,131,10,0,0,6,0,18,0,0,2
S01011715,66,122,12,6,0,10,0,25,6,0,0
S01011716,151,240,16,6,0,3,0,22,6,0,5
S01011717,86,157,13,1,0,3,0,13,2,0,3
S01011718,151,244,16,2,0,8,0,16,11,0,2
S01011719,119,185,11,0,0,3,0,17,2,0,5
S01011720,69,120,7,1,0,3,1,5,3,0,4
S01011721,104,167,18,8,0,9,1,30,7,0,0
S01011722,97,153,14,3,2,22,0,23,3,0,5
S01011723,186,255,21,3,0,18,0,22,8,0,4
S01011724,108,219,11,2,0,8,0,4,19,1,4
S01011725,127,182,13,3,1,6,3,4,10,0,1
S01011726,99,171,12,0,1,3,0,0,15,0,4
S01011727,173,223,3,4,0,3,0,2,25,0,5
S01011728,140,192,19,9,0,19,0,35,8,0,3
S01011729,82,110,14,5,0,21,2,22,5,0,0
S01011730,89,142,15,1,0,8,2,24,6,0,3
S01011731,124,187,15,6,0,17,0,40,3,0,2
S01011732,101,142,9,1,0,8,1,16,5,0,2
S01011733,112,158,19,4,1,12,0,12,2,0,1
S01011734,100,154,7,1,0,11,2,18,4,1,2
S01011735,101,147,12,4,1,7,0,10,6,0,2
S01011736,106,139,13,5,0,12,0,24,9,0,2
S01011737,95,144,15,5,0,18,0,17,11,0,0
S01011738,159,248,20,3,0,37,3,30,18,0,5
S01011739,92,117,23,4,0,30,1,17,8,0,1
S01011740,83,139,26,3,2,42,0,29,10,0,3
S01011741,88,124,21,4,0,34,0,28,1,0,4
S01011742,115,145,13,7,0,40,0,29,4,0,0
S01011743,102,144,30,1,0,25,4,31,3,0,4
S01011744,106,152,28,11,1,40,2,28,6,0,2
S01011745,75,143,23,4,0,25,0,34,13,0,3
S01011746,74,86,19,3,0,20,0,11,4,0,3
S01011747,97,119,25,10,0,44,0,39,5,0,3
S01011748,100,126,24,4,0,40,0,23,6,2,2
S01011749,70,99,23,9,1,28,0,25,6,0,0
S01011750,112,143,18,8,0,18,2,30,5,0,0
S01011751,79,114,33,6,0,41,1,26,4,0,0
S01011752,133,185,27,9,2,42,2,46,5,0,2
S01011753,137,150,31,8,1,18,2,22,8,0,1
S01011754,103,144,16,3,0,24,1,29,7,0,1
S01011755,148,177,25,11,0,27,9,36,4,2,2
S01011756,121,219,17,16,0,16,1,30,7,0,4
S01011757,78,160,15,4,1,9,6,28,7,1,2
S01011758,74,131,16,5,1,9,0,20,3,0,0
S01011759,124,162,29,8,0,9,5,24,6,0,0
S01011760,115,190,21,6,3,19,3,41,2,0,3
S01011761,95,154,9,2,1,7,3,30,4,0,4
S01011762,75,134,14,7,0,13,2,31,6,0,3
S01011763,103,174,12,10,0,10,1,26,7,0,4
S01011764,48,84,12,5,0,3,1,16,2,0,1
S01011765,147,248,18,0,1,1,1,15,9,0,1
S01011766,87,161,12,3,0,5,0,10,3,0,2
S01011767,112,178,24,6,0,22,1,19,4,0,0
S01011768,117,184,22,4,0,22,0,14,14,0,1
S01011769,84,138,16,1,0,28,0,18,7,0,4
S01011770,92,147,13,6,0,37,0,29,6,0,0
S01011771,121,166,15,1,0,5,1,7,7,0,1
S01011772,187,250,8,3,0,7,1,2,13,0,2
S01011773,110,169,5,1,0,2,0,4,11,0,0
S01011774,163,220,19,4,0,2,2,14,16,0,6
S01011775,96,229,9,0,0,5,0,6,15,0,3
S01011776,213,287,18,4,0,7,0,2,23,1,18
S01011777,130,154,9,0,0,7,1,3,19,0,5
S01011778,126,168,8,3,0,5,1,1,21,1,5
S01011779,111,178,17,0,0,2,0,4,16,0,2
S01011780,150,216,12,2,1,7,2,4,17,0,4
S01011781,80,153,11,0,0,5,1,4,8,0,0
S01011782,86,117,8,1,1,5,5,4,11,0,5
S01011783,78,123,4,0,0,1,0,1,6,0,0
S01011784,96,177,12,4,2,15,0,15,13,0,10
S01011785,117,161,21,7,0,10,0,10,21,0,2
S01011786,90,123,7,0,0,0,0,1,16,0,3
S01011787,117,177,29,9,0,11,5,18,32,0,3
S01011788,132,176,6,0,0,1,0,1,21,0,2
S01011789,520,808,37,4,1,21,8,23,72,0,17
S01011790,218,374,27,3,0,25,1,13,16,0,2
S01011791,80,142,17,5,0,16,3,13,6,0,1
S01011792,130,202,9,2,0,22,2,20,11,0,3
S01011793,196,308,18,2,0,14,0,10,30,0,1
S01011794,105,165,24,1,1,12,1,8,4,0,1
S01011795,60,104,18,1,0,9,3,8,9,0,0
S01011796,70,201,36,4,0,28,1,24,11,0,1
S01011797,145,260,8,2,0,13,1,13,10,0,6
S01011798,77,122,16,4,0,12,2,17,4,1,4
S01011799,124,209,23,3,0,18,3,7,12,2,3
S01011800,59,152,19,2,0,11,0,6,6,0,4
S01011801,73,108,17,2,2,20,3,13,5,0,4
S01011802,64,155,20,2,1,17,0,19,3,0,1
S01011803,100,170,17,1,0,8,0,9,7,0,8
S01011804,92,131,13,0,0,51,11,6,3,0,9
S01011805,77,95,6,0,0,48,6,14,3,0,5
S01011806,101,207,9,1,1,55,14,10,0,0,21
S01011807,208,316,12,0,2,17,0,7,0,0,11
S01011808,66,235,14,0,1,10,0,15,2,0,8
S01011809,127,217,16,0,0,15,2,7,0,0,9
S01011810,139,305,18,0,0,11,2,9,1,0,15
S01011811,175,304,9,0,1,11,1,4,0,0,14
S01011812,108,230,7,0,0,5,2,4,1,0,9
S01011813,111,263,18,0,0,8,0,6,0,0,27
S01011814,147,258,8,0,1,3,1,3,0,0,10
S01011815,132,364,17,1,0,36,2,3,2,0,25
S01011816,107,186,13,4,2,55,4,0,0,0,13
S01011817,167,386,19,4,5,68,12,5,0,2,26
S01011818,95,231,24,1,2,72,13,2,0,0,13
S01011819,80,178,21,0,0,119,12,6,1,0,11
S01011820,83,163,19,3,0,99,10,2,2,0,11
S01011821,36,63,12,2,0,53,5,2,0,0,4
S01011822,98,90,8,0,1,114,15,4,1,1,5
S01011823,56,131,10,3,1,70,2,5,0,0,8
S01011824,67,138,21,1,0,65,8,1,0,0,1
S01011825,68,98,7,1,0,70,0,1,0,0,6
S01011826,75,132,15,1,0,75,13,5,0,0,12
S01011827,87,79,3,0,2,16,3,5,0,0,18
S01011828,164,220,10,0,4,32,3,12,0,0,12
S01011829,84,122,5,0,1,2,2,3,0,0,10
S01011830,114,89,4,1,4,9,3,2,0,0,37
S01011831,185,151,10,0,0,20,6,2,2,0,18
S01011832,171,165,10,0,0,14,6,0,4,0,23
S01011833,193,224,4,1,0,9,0,4,2,1,9
S01011834,199,310,12,2,1,20,2,6,9,0,12
S01011835,175,207,8,1,1,6,1,5,4,0,7
S01011836,156,193,3,0,0,6,0,2,1,0,1
S01011837,134,149,1,0,0,6,1,3,7,0,7
S01011838,152,208,8,2,0,28,0,5,4,0,9
S01011839,103,221,9,0,1,34,0,7,3,2,4
S01011840,152,285,9,0,1,45,4,9,5,0,8
S01011841,129,209,5,0,0,43,3,14,0,0,2
S01011842,125,215,20,1,0,39,1,9,4,0,8
S01011843,263,317,7,0,2,13,2,10,8,0,7
S01011844,193,198,6,1,1,20,5,2,2,0,1
S01011845,153,209,17,0,1,28,3,5,3,0,2
S01011846,181,251,13,0,0,21,9,7,5,1,12
S01011847,86,112,0,1,0,8,0,4,2,0,0
S01011848,148,165,9,0,0,12,0,5,5,0,5
S01011849,174,292,11,2,0,22,0,20,6,0,3
S01011850,291,349,11,0,0,32,4,7,8,0,11
S01011851,133,201,10,0,0,14,0,7,6,0,10
S01011852,158,226,14,0,0,54,4,7,5,0,6
S01011853,136,191,13,1,0,35,2,11,6,2,6
S01011854,130,139,12,0,0,29,6,14,5,0,10
S01011855,111,198,20,0,0,63,3,11,3,0,5
S01011856,104,139,6,1,0,9,1,0,5,0,2
S01011857,128,144,10,3,2,9,0,7,6,1,10
S01011858,153,160,9,0,0,17,7,4,2,0,6
S01011859,108,170,14,0,0,25,3,6,1,0,3
S01011860,106,121,2,0,0,6,1,0,1,0,3
S01011861,161,124,13,0,0,17,8,6,6,0,5
S01011862,109,161,6,0,0,23,5,3,4,0,5
S01011863,109,121,10,0,1,45,0,3,7,0,6
S01011864,112,170,8,0,1,41,1,1,2,0,6
S01011865,68,147,5,0,0,32,5,5,1,0,3
S01011866,103,193,8,0,1,47,4,4,1,0,0
S01011867,116,252,22,1,0,90,2,11,0,0,3
S01011868,113,187,8,0,0,84,4,6,2,0,5
S01011869,106,176,9,1,2,107,3,5,2,0,6
S01011870,85,147,11,0,0,54,7,5,1,0,2
S01011871,381,536,37,0,0,45,8,19,15,1,23
S01011872,172,230,4,0,0,13,2,9,3,1,8
S01011873,137,204,11,2,1,17,6,3,3,1,4
S01011874,97,197,10,0,1,9,11,7,6,0,2
S01011875,85,198,12,0,2,11,2,11,2,0,4
S01011876,175,256,15,0,1,20,4,11,4,0,10
S01011877,74,130,7,0,0,17,3,5,4,0,3
S01011878,399,520,29,0,2,64,7,20,6,0,20
S01011879,111,164,8,0,0,11,1,4,0,0,6
S01011880,133,142,3,0,1,8,0,5,1,0,7
S01011881,121,240,16,3,2,7,2,19,2,0,4
S01011882,93,225,14,0,0,16,4,21,0,0,4
S01011883,200,380,18,2,3,30,11,18,2,2,3
S01011884,107,111,2,0,0,5,0,8,2,0,4
S01011885,114,218,7,0,0,18,1,6,1,0,4
S01011886,113,221,9,0,0,16,0,7,3,0,4
S01011887,78,141,8,0,1,35,7,14,0,0,2
S01011888,101,195,26,2,6,52,6,29,1,0,0
S01011889,134,167,10,0,0,42,9,8,4,0,2
S01011890,98,142,8,2,0,52,7,2,3,0,2
S01011891,116,124,20,0,3,43,5,16,0,0,7
S01011892,164,191,15,5,1,101,13,10,9,0,3
S01011893,155,215,24,1,2,104,15,18,1,2,3
S01011894,91,119,17,4,0,61,8,13,1,0,0
S01011895,86,88,4,0,0,36,5,7,4,0,2
S01011896,147,185,17,1,0,67,8,5,8,1,3
S01011897,180,234,10,0,0,59,4,12,0,0,5
S01011898,130,149,6,0,0,42,1,8,5,0,7
S01011899,99,164,4,1,0,18,3,9,4,0,2
S01011900,97,158,12,1,0,17,3,15,6,0,2
S01011901,145,228,13,2,0,29,3,18,3,0,3
S01011902,163,186,16,3,0,44,2,4,2,0,5
S01011903,111,186,19,1,1,30,2,7,1,0,2
S01011904,81,167,13,0,2,18,3,7,4,0,4
S01011905,108,169,9,3,0,15,5,16,0,0,3
S01011906,56,94,12,0,0,10,3,3,0,0,1
S01011907,100,171,16,1,1,24,6,15,2,0,2
S01011908,140,222,19,1,0,24,8,19,1,0,2
S01011909,228,291,33,6,0,42,12,20,4,0,5
S01011910,114,161,31,3,0,58,6,36,7,0,2
S01011911,66,152,23,2,2,39,4,26,2,1,3
S01011912,74,144,29,2,0,32,6,30,0,0,0
S01011913,71,123,16,3,0,26,7,31,0,0,0
S01011914,93,175,35,4,3,41,6,43,3,0,1
S01011915,89,184,26,3,0,51,6,31,2,0,4
S01011916,50,112,14,2,0,39,5,15,1,0,1
S01011917,56,136,22,2,0,29,2,22,0,0,1
S01011918,113,123,27,0,0,75,9,17,2,0,0
S01011919,84,194,20,3,0,75,11,24,2,0,5
S01011920,68,101,23,0,0,34,9,22,0,0,5
S01011921,62,114,15,2,2,41,12,28,0,0,1
S01011922,73,138,25,3,0,47,7,34,0,0,1
S01011923,101,167,22,2,0,60,9,32,1,0,6
S01011924,47,98,15,1,0,19,3,17,0,0,0
S01011925,165,226,20,0,1,33,7,15,7,0,6
S01011926,86,142,19,1,0,40,9,22,1,0,1
S01011927,67,107,19,2,0,34,8,31,2,0,0
S01011928,79,139,23,0,1,33,8,20,0,0,1
S01011929,73,110,17,1,0,31,10,30,2,0,3
S01011930,72,127,13,2,0,41,10,23,1,0,2
S01011931,176,304,52,5,0,123,18,41,3,0,8
S01011932,74,145,21,4,2,57,10,15,0,0,1
S01011933,83,121,23,4,1,84,7,16,3,0,2
S01011934,98,165,11,4,1,62,12,16,1,0,4
S01011935,94,155,21,1,0,93,4,31,2,0,3
S01011936,118,107,21,2,0,75,10,35,5,0,6
S01011937,97,86,18,2,0,65,7,23,0,0,4
S01011938,102,106,12,1,1,63,5,18,6,0,1
S01011939,124,103,26,0,0,90,10,30,6,0,2
S01011940,79,69,19,1,0,59,10,25,9,0,3
S01011941,108,98,18,4,1,104,4,37,2,0,7
S01011942,112,109,14,1,0,126,9,40,3,1,5
S01011943,138,148,31,5,1,164,19,50,4,0,8
S01011944,88,84,1,0,0,11,2,3,1,0,6
S01011945,132,108,6,0,0,16,3,1,6,0,4
S01011946,95,124,15,0,0,59,5,4,0,0,3
S01011947,57,117,10,0,0,19,5,6,0,0,0
S01011948,158,183,15,0,1,71,10,11,5,0,6
S01011949,91,179,6,0,0,10,2,7,0,0,5
S01011950,56,145,8,1,0,11,5,21,1,0,1
S01011951,91,169,15,0,0,19,4,26,0,0,3
S01011952,81,98,2,3,0,12,0,6,3,0,1
S01011953,144,202,14,2,2,22,3,15,7,0,4
S01011954,56,119,5,3,1,19,2,19,0,0,1
S01011955,142,239,15,4,4,33,5,32,2,0,2
S01011956,150,275,12,0,0,12,8,12,0,0,8
S01011957,127,199,14,0,0,11,2,9,1,0,6
S01011958,200,352,13,0,0,19,1,16,9,0,16
S01011959,149,238,15,1,0,9,3,7,1,0,9
S01011960,161,288,9,0,0,16,5,9,4,0,10
S01011961,111,278,9,1,1,26,1,13,0,0,4
S01011962,123,199,10,1,0,11,3,5,1,0,6
S01011963,79,181,7,1,0,6,2,9,1,0,2
S01011964,152,299,18,1,0,9,3,19,5,0,2
S01011965,96,192,7,3,0,38,7,7,1,0,6
S01011966,104,206,14,0,0,9,3,5,3,0,5
S01011967,200,302,18,1,1,15,4,12,1,0,8
S01011968,133,254,20,0,1,47,9,25,3,1,7
S01011969,138,236,12,1,0,49,1,24,1,0,1
S01011970,100,163,19,1,1,83,4,22,2,0,1
S01011971,89,199,2,0,1,3,0,14,0,0,1
S01011972,178,294,8,0,0,12,2,6,0,0,3
S01011973,105,184,8,0,0,10,2,9,3,1,1
S01011974,105,227,3,1,3,19,1,10,2,0,6
S01011975,51,122,7,0,1,4,0,7,1,0,4
S01011976,90,187,26,0,0,24,0,24,2,2,9
S01011977,172,253,23,0,1,29,5,14,0,0,11
S01011978,85,167,20,0,0,21,4,9,0,0,0
S01011979,211,330,10,0,2,22,4,7,3,0,11
S01011980,133,178,14,0,2,19,3,9,2,0,4
S01011981,202,185,10,0,2,33,5,6,4,0,4
S01011982,245,233,13,0,0,11,5,1,0,0,3
S01011983,137,180,8,0,0,20,1,5,5,2,2
S01011984,70,105,27,1,0,43,3,13,0,0,1
S01011985,88,138,11,0,0,30,4,10,1,0,4
S01011986,68,108,22,1,4,33,1,6,1,0,0
S01011987,154,249,11,1,0,56,2,14,1,0,2
S01011988,59,122,6,2,1,17,1,3,2,0,3
S01011989,77,200,10,0,0,39,1,4,0,0,2
S01011990,117,279,2,0,0,48,4,12,2,1,6
S01011991,90,188,15,0,0,33,3,6,0,0,2
S01011992,131,215,11,1,0,61,4,11,4,0,4
S01011993,110,158,24,0,0,71,6,19,0,0,2
S01011994,85,122,6,1,0,16,3,2,2,0,4
S01011995,234,328,9,0,0,13,0,15,4,2,4
S01011996,54,127,6,2,0,9,4,7,2,0,1
S01011997,129,248,26,1,0,16,3,21,1,1,1
S01011998,90,124,3,0,2,7,1,9,0,0,6
S01011999,117,165,10,0,0,13,1,4,0,1,5
S01012000,75,120,6,0,0,3,0,1,1,0,0
S01012001,100,183,3,0,0,24,0,15,1,0,5
S01012002,55,135,10,1,0,4,0,8,0,0,2
S01012003,78,154,13,0,1,12,4,10,2,0,0
S01012004,97,267,15,0,3,12,5,9,4,1,8
S01012005,124,236,18,0,1,6,5,10,2,0,5
S01012006,292,384,29,1,3,39,3,27,4,0,18
S01012007,137,143,11,1,2,40,4,4,4,0,4
S01012008,200,188,15,1,1,42,4,8,5,0,4
S01012009,105,186,9,0,0,19,5,10,3,0,6
S01012010,166,165,9,0,0,124,3,4,5,0,10
S01012011,157,213,19,0,1,128,4,7,4,0,2
S01012012,120,149,12,1,2,31,1,7,4,0,2
S01012013,155,164,16,0,0,31,5,3,5,0,2
S01012014,117,138,18,0,0,93,2,5,1,0,5
S01012015,143,202,17,0,0,83,7,7,3,0,4
S01012016,141,109,9,2,0,41,2,0,1,0,4
S01012017,155,73,1,0,0,9,4,0,3,1,10
S01012018,150,185,4,0,0,37,4,3,3,0,7
S01012019,201,199,11,0,0,19,1,3,36,0,4
S01012020,92,127,3,0,0,17,0,1,14,0,2
S01012021,91,110,7,2,0,2,1,5,14,0,0
S01012022,97,168,8,1,0,15,2,4,17,0,4
S01012023,107,94,0,0,0,6,0,0,9,0,2
S01012024,174,245,8,0,1,3,2,4,25,0,0
S01012025,148,238,6,5,0,3,2,8,16,0,7
S01012026,218,343,6,1,1,3,5,3,23,1,10
S01012027,156,227,11,1,0,4,3,7,13,3,6
S01012028,164,221,5,0,0,6,1,4,36,0,13
S01012029,463,679,35,3,0,27,1,19,50,1,14
S01012030,1324,1824,58,5,1,35,16,22,169,7,53
S01012031,151,230,4,0,0,6,1,2,11,0,6
S01012032,90,94,2,0,0,4,0,2,7,0,4
S01012033,114,185,19,2,0,6,1,15,11,0,0
S01012034,112,182,13,2,1,8,9,9,14,0,4
S01012035,138,190,16,1,3,12,1,11,16,2,1
S01012036,100,203,7,0,0,4,2,7,14,1,3
S01012037,137,279,23,1,0,28,0,27,30,0,6
S01012038,83,139,21,11,0,34,6,30,24,0,2
S01012039,109,236,29,3,0,27,4,25,15,0,2
S01012040,135,160,13,6,0,8,0,5,15,0,4
S01012041,133,212,27,7,0,8,1,21,17,0,4
S01012042,158,368,29,6,0,11,5,22,24,0,0
S01012043,97,160,34,10,0,20,4,26,18,0,5
S01012044,76,175,20,11,0,35,3,27,14,0,4
S01012045,167,210,23,7,2,44,2,45,28,0,4
S01012046,68,128,11,5,0,22,0,27,9,0,3
S01012047,78,142,21,4,0,33,1,17,22,0,0
S01012048,83,119,16,5,0,24,1,14,23,0,2
S01012049,80,132,10,0,2,22,0,10,31,0,1
S01012050,135,243,19,8,2,15,1,9,33,0,2
S01012051,81,114,3,4,1,8,5,10,9,0,2
S01012052,97,179,22,4,1,23,2,15,26,0,5
S01012053,76,180,20,5,1,24,1,16,26,0,2
S01012054,66,130,19,2,0,26,5,24,14,2,3
S01012055,103,215,17,10,0,21,1,28,29,0,2
S01012056,104,169,15,4,2,7,1,7,22,0,4
S01012057,125,196,9,2,0,5,0,5,9,0,8
S01012058,110,151,8,4,4,10,0,6,8,1,5
S01012059,104,200,16,5,0,13,2,22,9,0,4
S01012060,116,179,14,9,3,17,2,14,16,0,4
S01012061,125,220,10,0,0,6,6,14,14,0,2
S01012062,252,461,34,2,0,31,6,21,15,0,12
S01012063,86,165,26,0,1,11,5,11,5,0,0
S01012064,60,111,14,7,1,27,2,25,7,0,1
S01012065,67,105,22,1,0,26,7,19,7,0,2
S01012066,108,220,37,7,1,30,7,29,12,0,0
S01012067,68,65,16,6,0,23,2,22,2,0,3
S01012068,31,64,16,6,1,29,2,12,4,0,0
S01012069,44,78,12,3,0,17,3,15,11,0,4
S01012070,92,97,14,7,0,30,5,33,15,0,3
S01012071,146,168,29,4,1,58,11,67,27,0,5
S01012072,134,175,27,6,0,48,6,47,20,0,7
S01012073,160,266,26,5,1,23,5,12,20,0,5
S01012074,106,225,6,2,0,24,0,14,15,0,4
S01012075,131,170,11,3,1,17,2,1,9,0,1
S01012076,115,224,24,3,0,19,4,28,13,0,0
S01012077,95,179,18,5,1,17,3,27,9,0,6
S01012078,129,246,30,4,1,16,0,26,12,0,2
S01012079,91,147,15,6,2,20,0,28,12,0,2
S01012080,85,170,23,9,1,16,3,48,4,1,8
S01012081,91,151,23,2,0,17,1,37,5,0,1
S01012082,71,123,15,5,0,16,1,22,2,0,0
S01012083,62,146,16,5,3,20,2,25,8,0,1
S01012084,74,151,10,3,4,3,0,12,7,0,2
S01012085,97,180,14,2,1,7,1,21,16,0,4
S01012086,99,206,24,7,1,12,0,37,8,0,8
S01012087,114,223,26,4,0,12,4,38,8,0,6
S01012088,96,201,18,5,1,5,4,18,10,0,1
S01012089,116,215,13,2,2,11,2,13,12,1,1
S01012090,120,194,9,4,0,4,1,4,8,0,1
S01012091,82,131,11,2,0,4,2,5,5,0,0
S01012092,68,114,14,4,2,6,3,9,13,0,3
S01012093,48,97,6,2,0,8,0,9,6,2,1
S01012094,117,209,9,2,0,6,3,8,17,0,1
S01012095,124,285,21,3,0,16,2,19,12,0,6
S01012096,79,218,28,13,2,16,2,35,14,0,4
S01012097,87,189,22,9,0,22,3,34,6,0,4
S01012098,70,168,16,1,0,7,2,14,7,0,5
S01012099,78,169,19,3,1,21,5,23,7,0,2
S01012100,143,294,31,5,0,16,4,47,14,0,2
S01012101,127,154,8,3,0,6,2,9,16,0,6
S01012102,70,134,21,8,0,16,3,31,8,0,1
S01012103,164,239,21,1,2,23,0,34,11,1,3
S01012104,153,264,13,1,1,11,3,8,24,0,7
S01012105,157,269,19,1,0,25,2,18,25,0,3
S01012106,185,288,13,3,0,29,4,20,30,0,2
S01012107,116,156,7,0,0,13,1,4,23,0,4
S01012108,63,87,13,2,2,25,0,25,13,0,1
S01012109,153,176,20,4,3,48,3,35,47,0,4
S01012110,89,154,14,7,0,35,3,35,22,0,6
S01012111,85,143,23,2,2,24,3,26,29,0,3
S01012112,71,154,13,4,0,15,2,18,9,0,1
S01012113,123,213,28,5,0,27,3,20,19,0,3
S01012114,104,181,11,2,0,5,1,11,13,1,7
S01012115,62,133,16,9,0,21,1,12,15,0,2
S01012116,105,169,10,3,0,9,3,13,9,0,3
S01012117,269,466,16,1,0,9,6,8,25,0,6
S01012118,91,184,10,1,0,10,2,10,8,2,0
S01012119,116,220,6,4,0,18,2,10,10,0,4
S01012120,186,297,26,3,1,21,2,19,29,0,7
S01012121,121,205,28,8,1,36,0,27,14,1,4
S01012122,86,180,23,5,1,28,2,21,7,0,2
S01012123,100,106,9,5,2,24,1,5,18,1,1
S01012124,61,97,10,3,0,20,3,10,13,0,1
S01012125,93,130,17,4,0,37,7,26,27,0,6
S01012126,131,183,18,4,1,43,7,22,36,1,10
S01012127,203,179,23,7,2,95,3,69,71,0,8
S01012128,109,112,13,2,0,36,1,27,22,0,4
S01012129,133,141,4,0,0,26,1,20,23,0,2
S01012130,158,156,8,7,0,46,0,35,40,0,0
S01012131,176,154,23,3,1,70,10,47,43,0,6
S01012132,123,108,15,5,0,48,3,52,32,0,2
S01012133,111,135,12,1,2,23,2,22,30,0,6
S01012134,171,211,6,5,0,31,4,19,36,0,6
S01012135,125,121,10,5,1,58,3,67,30,3,2
S01012136,112,114,21,4,0,53,1,59,14,1,3
S01012137,135,155,17,7,0,46,9,48,18,0,5
S01012138,153,194,22,5,3,23,4,41,12,1,5
S01012139,152,200,23,2,2,27,4,22,16,0,3
S01012140,86,127,6,0,1,6,1,5,5,0,2
S01012141,186,208,6,1,0,7,8,19,11,0,5
S01012142,134,185,9,0,0,8,2,14,12,2,5
S01012143,116,189,8,0,0,6,5,14,6,3,2
S01012144,178,224,16,4,2,11,5,16,10,1,5
S01012145,176,229,18,3,0,13,8,13,15,0,7
S01012146,122,166,18,6,0,26,6,22,19,0,4
S01012147,97,133,10,10,0,22,5,29,8,0,1
S01012148,86,110,8,4,1,25,1,30,8,1,2
S01012149,115,177,12,4,0,12,3,22,10,1,1
S01012150,85,156,22,5,0,26,3,28,8,0,1
S01012151,68,125,17,4,0,17,1,24,3,0,0
S01012152,64,107,14,8,1,13,1,28,13,2,5
S01012153,119,165,32,4,0,43,4,32,26,1,5
S01012154,93,115,16,5,0,43,6,48,28,0,3
S01012155,71,124,9,2,2,31,4,32,22,0,2
S01012156,172,287,28,9,6,57,2,47,35,0,7
S01012157,146,235,25,9,0,39,2,31,15,2,5
S01012158,233,322,28,14,0,44,4,39,20,0,6
S01012159,78,127,8,1,0,2,6,4,7,1,1
S01012160,93,159,5,3,0,10,0,12,2,3,3
S01012161,45,74,13,1,0,21,1,15,0,0,0
S01012162,158,233,27,1,0,33,3,36,3,3,10
S01012163,127,210,26,3,0,25,6,33,9,4,4
S01012164,182,352,22,6,1,23,3,13,9,3,6
S01012165,98,145,31,6,0,31,7,53,2,0,2
S01012166,100,125,13,4,0,17,3,29,3,2,1
S01012167,106,129,12,7,0,32,4,40,1,2,0
S01012168,91,150,10,3,0,18,7,16,5,0,5
S01012169,107,197,23,0,3,12,4,27,6,4,3
S01012170,100,234,16,6,1,28,7,41,5,0,6
S01012171,128,209,26,6,2,29,6,23,6,0,1
S01012172,82,129,16,3,0,20,6,26,3,0,5
S01012173,94,133,12,2,0,11,0,17,5,0,0
S01012174,164,243,18,0,0,17,4,18,0,4,5
S01012175,104,164,7,4,0,12,1,15,8,2,4
S01012176,109,176,15,0,0,10,3,14,1,2,2
S01012177,72,134,12,4,0,11,2,7,0,1,1
S01012178,81,107,11,2,1,10,1,7,3,2,2
S01012179,63,90,19,1,0,14,4,13,0,1,3
S01012180,88,133,11,4,2,23,3,17,3,2,2
S01012181,96,142,6,1,0,20,6,20,3,2,2
S01012182,517,821,44,9,3,51,10,104,14,12,23
S01012183,196,323,24,2,0,41,9,52,10,3,5
S01012184,239,370,16,1,0,19,8,47,9,3,7
S01012185,135,196,16,6,0,46,8,51,7,2,4
S01012186,99,138,12,2,0,22,2,26,9,1,1
S01012187,87,126,7,1,1,23,7,35,1,1,1
S01012188,70,140,14,2,0,15,7,12,3,0,5
S01012189,88,171,6,0,0,10,1,24,2,0,0
S01012190,92,152,3,4,0,0,1,7,1,1,3
S01012191,96,170,8,3,0,7,5,13,7,2,7
S01012192,116,191,12,0,0,2,2,3,6,0,2
S01012193,81,145,7,1,0,2,2,11,3,0,5
S01012194,94,148,3,1,0,7,0,6,1,0,3
S01012195,159,304,9,3,0,8,5,28,4,0,2
S01012196,104,136,12,1,0,5,1,10,4,0,6
S01012197,89,162,9,0,2,14,1,28,6,0,2
S01012198,119,193,16,2,0,7,2,19,5,0,4
S01012199,79,174,14,6,0,11,1,22,4,1,2
S01012200,75,132,11,5,0,13,4,27,5,0,1
S01012201,101,187,15,2,2,13,1,23,3,1,3
S01012202,87,144,11,2,0,5,0,22,1,0,5
S01012203,87,160,6,1,1,8,0,10,5,0,2
S01012204,106,163,4,1,0,3,1,10,7,0,0
S01012205,83,182,9,0,0,5,2,3,10,0,4
S01012206,128,217,15,0,2,12,1,14,10,0,4
S01012207,118,215,16,2,3,18,1,31,12,0,1
S01012208,134,250,22,4,1,24,1,37,15,0,2
S01012209,95,169,24,0,2,14,0,39,7,0,3
S01012210,89,190,28,4,0,22,1,24,6,0,2
S01012211,153,227,15,8,0,14,1,3,26,0,6
S01012212,91,163,5,1,0,5,1,6,23,2,0
S01012213,94,170,9,0,0,5,1,4,16,0,2
S01012214,116,153,8,1,2,8,2,0,18,0,5
S01012215,124,186,7,2,0,6,7,2,14,0,4
S01012216,102,186,7,0,0,10,1,4,30,0,8
S01012217,68,108,19,6,1,19,2,23,4,0,1
S01012218,58,88,14,4,0,19,1,30,3,0,3
S01012219,96,168,28,2,1,27,1,35,3,0,0
S01012220,65,106,12,7,0,15,4,14,6,0,4
S01012221,59,137,14,5,1,16,3,29,8,0,2
S01012222,89,186,21,10,0,31,3,22,4,0,3
S01012223,80,128,14,3,0,21,3,26,2,0,4
S01012224,114,205,18,6,0,24,4,36,3,0,3
S01012225,123,225,23,9,0,19,2,33,8,0,2
S01012226,73,191,17,7,0,16,1,18,5,0,2
S01012227,66,170,12,2,2,11,0,25,3,0,2
S01012228,92,172,9,6,1,12,1,27,1,1,2
S01012229,112,171,11,0,2,5,2,11,4,0,1
S01012230,136,237,9,1,0,3,1,7,7,0,5
S01012231,139,185,6,0,0,2,0,1,3,0,5
S01012232,127,209,9,1,1,3,4,10,5,1,8
S01012233,138,197,8,1,0,7,2,3,9,0,1
S01012234,179,265,4,0,0,5,3,4,9,0,3
S01012235,66,113,3,0,2,3,1,2,3,0,2
S01012236,141,225,3,0,2,8,2,6,8,0,1
S01012237,143,179,7,1,0,4,1,4,11,1,4
S01012238,73,162,11,5,1,16,4,13,13,0,2
S01012239,72,127,5,0,0,15,2,16,3,0,0
S01012240,122,190,10,1,0,19,4,11,8,0,5
S01012241,99,120,0,0,0,5,1,5,6,1,5
S01012242,176,203,10,0,0,7,1,4,10,0,9
S01012243,111,162,6,2,0,3,5,4,12,0,1
S01012244,215,207,11,0,1,8,5,6,0,0,8
S01012245,129,151,9,4,0,20,2,10,1,0,1
S01012246,225,226,7,0,0,27,1,14,0,0,2
S01012247,160,189,9,0,0,7,2,12,3,0,6
S01012248,209,196,8,0,1,7,0,4,1,0,4
S01012249,192,192,5,0,1,16,6,1,1,0,7
S01012250,243,268,17,0,1,31,7,17,3,0,7
S01012251,141,176,14,1,0,98,11,17,0,0,3
S01012252,114,175,13,1,0,43,12,14,1,0,0
S01012253,114,154,14,0,1,93,4,12,1,0,5
S01012254,130,162,12,0,0,84,3,16,1,0,0
S01012255,137,118,14,0,0,70,4,11,0,0,2
S01012256,106,136,5,0,2,25,5,8,0,0,0
S01012257,126,210,12,0,1,47,9,10,3,2,1
S01012258,118,146,7,1,0,26,3,15,1,0,4
S01012259,116,121,4,0,0,35,2,3,0,0,6
S01012260,138,201,13,3,3,60,7,12,2,0,4
S01012261,137,220,10,0,0,6,2,13,2,0,11
S01012262,246,339,10,1,0,26,11,7,1,0,8
S01012263,116,149,11,1,2,33,8,28,2,0,4
S01012264,72,102,10,1,1,19,3,6,0,1,2
S01012265,113,195,26,2,1,45,8,15,0,0,6
S01012266,124,266,14,0,0,50,9,27,0,0,2
S01012267,153,185,10,2,0,33,5,15,5,0,10
S01012268,118,166,12,0,0,6,1,4,6,0,5
S01012269,152,282,22,0,0,27,0,7,4,1,1
S01012270,107,218,20,3,0,31,1,10,2,0,1
S01012271,435,589,48,5,1,21,6,23,21,0,9
S01012272,132,151,0,1,0,11,5,1,26,0,2
S01012273,160,214,5,1,1,5,2,10,5,0,2
S01012274,159,201,9,1,1,56,2,7,4,1,2
S01012275,115,139,15,1,0,90,4,18,7,0,3
S01012276,159,235,24,3,0,58,6,16,8,0,5
S01012277,170,284,18,1,0,58,6,12,7,0,5
S01012278,111,119,13,0,0,51,4,16,4,0,3
S01012279,111,148,16,1,0,70,3,10,9,0,3
S01012280,142,223,19,1,0,65,5,6,7,0,0
S01012281,115,144,13,0,0,76,2,12,6,0,1
S01012282,141,196,9,0,1,29,8,7,3,0,1
S01012283,125,180,9,0,0,60,5,8,15,0,4
S01012284,99,152,12,5,0,59,1,18,0,0,2
S01012285,57,129,4,1,0,22,4,4,7,0,2
S01012286,107,224,26,7,2,43,5,33,5,0,1
S01012287,75,121,16,3,2,30,2,37,7,0,1
S01012288,64,116,15,1,1,43,3,16,5,0,2
S01012289,146,121,4,1,0,37,9,1,8,0,5
S01012290,88,127,6,1,0,17,5,4,4,0,4
S01012291,211,289,18,4,0,37,6,7,16,0,1
S01012292,109,115,7,0,0,27,10,3,6,0,1
S01012293,58,109,9,0,0,13,4,9,3,0,2
S01012294,123,221,13,0,0,26,10,19,5,0,4
S01012295,137,200,10,0,0,36,2,11,8,0,4
S01012296,176,275,7,0,0,34,1,6,0,0,2
S01012297,174,185,5,4,0,13,2,4,1,0,3
S01012298,123,208,7,0,0,26,2,7,4,0,1
S01012299,153,172,6,0,0,13,1,3,3,2,4
S01012300,102,155,9,0,0,24,1,10,0,0,1
S01012301,170,226,11,1,0,9,4,4,3,0,7
S01012302,123,142,8,0,0,11,6,0,3,0,3
S01012303,218,237,10,1,0,13,4,1,3,0,7
S01012304,158,291,11,0,2,15,4,5,9,0,7
S01012305,93,176,12,0,1,81,4,10,1,0,5
S01012306,72,100,13,1,1,58,3,6,0,0,3
S01012307,79,125,13,0,0,58,4,6,0,0,2
S01012308,99,259,13,0,0,68,4,3,1,0,1
S01012309,66,165,16,0,0,8,5,3,2,0,6
S01012310,186,279,17,1,1,14,3,9,8,1,11
S01012311,74,123,8,0,1,10,2,2,3,0,4
S01012312,196,254,9,1,0,7,4,4,10,0,6
S01012313,131,187,8,0,1,11,3,4,9,0,6
S01012314,75,224,30,0,0,59,5,7,1,0,1
S01012315,90,121,13,1,0,59,1,10,3,0,4
S01012316,73,128,16,0,0,42,0,4,3,0,2
S01012317,81,147,15,0,0,25,1,6,2,0,4
S01012318,75,200,18,0,1,52,4,10,6,0,2
S01012319,126,216,11,0,0,7,0,5,4,0,0
S01012320,64,168,14,0,2,18,2,4,2,0,0
S01012321,91,258,21,0,0,25,2,10,4,0,6
S01012322,185,238,13,0,2,17,2,3,8,0,2
S01012323,163,226,8,0,1,11,2,3,8,2,1
S01012324,192,236,8,0,0,17,1,13,6,0,3
S01012325,36,124,5,0,0,16,3,5,0,0,1
S01012326,71,115,13,0,2,27,2,7,0,0,0
S01012327,85,178,16,1,0,59,2,0,3,0,1
S01012328,71,104,5,0,0,14,1,2,0,0,2
S01012329,190,166,7,0,4,13,1,7,1,0,4
S01012330,65,123,10,0,0,31,0,4,0,0,4
S01012331,79,217,2,1,0,28,9,1,0,0,1
S01012332,192,254,14,0,2,27,1,4,3,0,5
S01012333,186,291,11,2,1,4,5,2,1,0,4
S01012334,90,226,20,0,0,52,4,4,1,0,0
S01012335,106,289,15,0,0,57,6,2,1,0,0
S01012336,58,166,11,0,0,34,2,4,0,0,0
S01012337,74,143,17,1,2,70,9,8,0,0,4
S01012338,98,124,15,0,0,76,5,9,3,0,2
S01012339,71,100,4,1,0,61,0,4,2,0,3
S01012340,115,265,22,1,0,44,5,3,3,0,1
S01012341,208,227,3,1,0,18,2,3,4,0,7
S01012342,155,246,11,0,0,19,0,6,3,0,6
S01012343,165,249,15,1,2,14,2,2,8,0,4
S01012344,82,198,4,0,1,26,0,9,4,0,0
S01012345,107,246,23,0,0,27,4,8,0,0,2
S01012346,156,216,14,0,1,5,2,4,7,0,8
S01012347,94,185,12,0,0,19,3,4,4,0,0
S01012348,98,163,5,0,0,17,2,0,2,0,0
S01012349,80,217,12,0,0,52,3,10,0,0,5
S01012350,92,204,13,0,1,40,0,6,1,0,2
S01012351,81,240,16,0,0,60,3,6,2,0,3
S01012352,76,182,10,3,0,41,0,14,1,0,4
S01012353,112,155,18,0,0,47,1,10,1,0,2
S01012354,88,192,14,0,1,46,7,5,0,0,6
S01012355,249,201,11,0,0,18,1,2,2,0,6
S01012356,99,189,12,0,1,13,0,7,3,0,5
S01012357,208,196,6,0,0,1,0,1,3,0,4
S01012358,165,204,10,0,1,10,0,5,2,0,1
S01012359,77,136,21,3,0,47,6,7,1,0,1
S01012360,60,115,21,2,0,48,1,15,4,0,0
S01012361,50,116,16,0,1,50,0,6,1,0,0
S01012362,72,133,24,4,1,49,4,15,3,0,0
S01012363,110,188,21,2,0,123,6,12,0,0,1
S01012364,60,113,16,2,0,68,6,10,0,0,2
S01012365,101,268,18,3,1,68,2,4,4,0,7
S01012366,102,150,21,1,0,76,3,8,1,0,8
S01012367,92,203,16,0,0,37,4,4,0,0,3
S01012368,99,156,7,3,0,26,2,0,0,0,3
S01012369,97,219,15,1,0,46,0,12,0,0,0
S01012370,96,241,14,3,3,58,1,10,0,0,1
S01012371,121,191,26,0,0,78,0,8,1,0,5
S01012372,61,97,6,1,0,69,1,13,2,0,1
S01012373,121,218,15,0,0,61,1,8,0,0,0
S01012374,127,244,19,0,0,49,0,8,0,0,2
S01012375,105,212,21,0,0,77,2,10,0,0,2
S01012376,180,247,8,0,0,9,2,4,9,2,2
S01012377,124,141,5,0,1,7,2,0,3,0,2
S01012378,130,125,4,0,0,10,1,0,5,0,2
S01012379,115,116,2,2,0,10,2,1,0,0,2
S01012380,130,226,11,0,2,41,4,10,3,0,0
S01012381,94,179,10,0,2,39,2,12,2,0,4
S01012382,117,241,9,0,0,28,0,10,0,0,4
S01012383,103,169,9,0,0,49,0,16,3,0,1
S01012384,79,144,5,0,0,15,0,10,2,0,0
S01012385,108,173,9,0,0,30,1,16,4,0,0
S01012386,110,188,18,1,0,34,6,19,1,0,4
S01012387,105,296,19,0,0,18,1,16,0,0,10
S01012388,111,253,12,0,0,13,1,18,0,0,9
S01012389,126,318,19,0,0,15,3,12,0,0,8
S01012390,107,313,8,0,0,7,2,11,0,0,8
S01012391,172,417,29,1,0,13,5,15,0,0,11
S01012392,85,228,21,8,0,18,1,6,0,0,6
S01012393,96,216,23,4,1,46,0,7,0,0,8
S01012394,69,144,29,1,0,45,0,7,1,0,5
S01012395,51,124,15,0,0,44,1,2,0,0,7
S01012396,76,147,18,0,1,67,4,6,0,0,6
S01012397,105,194,18,1,0,60,6,9,1,0,31
S01012398,111,189,23,1,2,100,4,6,1,0,8
S01012399,83,154,13,1,1,81,0,3,0,0,3
S01012400,77,132,20,3,0,65,2,4,0,0,9
S01012401,73,216,27,0,2,33,0,10,3,0,9
S01012402,102,319,25,0,2,8,2,8,0,0,6
S01012403,147,317,20,0,2,9,1,9,0,0,22
S01012404,96,236,17,1,0,45,0,18,1,0,10
S01012405,100,301,17,2,0,8,3,8,0,0,13
S01012406,77,261,4,0,0,5,0,3,0,0,8
S01012407,94,290,11,0,0,15,1,6,4,0,10
S01012408,104,195,11,0,2,4,0,5,2,0,16
S01012409,99,187,16,0,1,26,1,6,0,0,5
S01012410,131,334,33,1,0,27,2,20,0,0,6
S01012411,114,318,36,0,2,7,3,19,0,0,11
S01012412,81,208,14,1,0,10,0,5,0,0,10
S01012413,107,256,12,0,0,24,2,9,0,0,12
S01012414,83,186,19,4,1,23,3,7,2,0,10
S01012415,80,151,12,3,0,13,0,0,0,2,23
S01012416,68,138,10,0,0,4,0,0,0,0,19
S01012417,80,107,11,0,0,17,1,4,1,1,4
S01012418,168,170,12,1,0,15,1,8,2,0,5
S01012419,156,150,8,0,0,13,0,5,2,0,2
S01012420,99,156,23,0,1,12,0,12,2,0,5
S01012421,121,142,6,1,4,18,0,9,0,0,5
S01012422,157,186,11,0,0,10,2,12,1,0,4
S01012423,107,208,10,0,0,5,0,5,1,0,3
S01012424,91,187,24,4,0,44,0,7,3,0,2
S01012425,49,83,11,3,0,32,0,2,4,0,1
S01012426,33,114,10,0,0,25,5,10,1,0,1
S01012427,45,117,10,1,0,30,4,6,3,0,0
S01012428,38,138,12,0,1,29,1,5,2,0,2
S01012429,63,111,4,0,1,22,5,4,1,0,3
S01012430,52,100,8,1,0,37,1,6,3,0,3
S01012431,81,167,13,0,0,46,5,9,7,0,1
S01012432,48,147,8,0,0,48,4,3,6,0,1
S01012433,59,90,6,0,4,45,5,5,1,0,2
S01012434,55,136,9,4,0,24,1,9,1,0,2
S01012435,69,143,15,0,1,27,0,14,12,1,3
S01012436,58,146,17,0,1,24,0,5,6,0,2
S01012437,60,171,9,0,1,16,0,11,9,0,3
S01012438,102,220,8,1,0,27,4,9,3,0,3
S01012439,65,143,8,0,0,13,0,8,6,0,3
S01012440,63,127,3,0,1,12,0,4,4,0,2
S01012441,165,193,4,2,0,7,0,8,6,0,7
S01012442,255,465,25,0,1,10,3,7,13,2,15
S01012443,136,208,14,1,0,3,0,4,2,0,5
S01012444,141,231,10,1,0,8,0,6,6,0,3
S01012445,79,119,12,1,0,1,0,1,2,0,11
S01012446,69,127,6,0,0,7,1,9,1,0,0
S01012447,112,246,10,2,2,8,0,7,4,0,2
S01012448,139,271,12,0,1,5,2,3,6,0,3
S01012449,62,188,6,0,0,4,0,15,1,1,1
S01012450,163,297,19,1,0,11,2,6,5,0,3
S01012451,122,167,11,0,0,6,4,4,4,1,7
S01012452,74,144,7,0,0,4,0,3,4,0,4
S01012453,102,145,11,0,1,5,4,3,6,0,12
S01012454,91,149,11,0,0,3,2,5,6,0,4
S01012455,97,116,7,0,2,5,0,2,3,0,6
S01012456,102,164,5,0,0,5,3,2,8,0,2
S01012457,98,141,6,0,0,5,0,1,4,0,1
S01012458,103,165,8,1,0,3,7,2,5,0,6
S01012459,82,142,9,1,0,8,2,4,5,0,2
S01012460,66,98,5,2,0,2,0,2,3,0,2
S01012461,83,175,15,3,1,18,4,20,3,0,0
S01012462,84,179,16,1,0,20,8,31,2,0,1
S01012463,61,118,17,2,0,12,2,21,3,0,1
S01012464,62,121,12,1,2,17,1,24,1,0,2
S01012465,71,134,15,6,3,17,4,29,5,0,2
S01012466,93,158,20,1,0,29,3,5,9,0,2
S01012467,83,196,13,0,0,36,1,10,5,0,5
S01012468,92,210,21,4,0,31,4,10,3,0,6
S01012469,102,137,4,0,0,19,3,4,3,0,7
S01012470,92,222,23,1,2,22,10,19,5,0,3
S01012471,105,156,5,1,1,9,1,1,4,0,3
S01012472,76,141,11,1,0,10,1,4,3,0,4
S01012473,73,133,13,0,0,6,1,3,0,0,2
S01012474,72,138,9,0,0,10,0,6,9,0,4
S01012475,63,140,7,1,0,13,2,5,6,0,4
S01012476,131,253,22,4,2,17,3,17,4,0,3
S01012477,69,177,17,0,0,4,5,9,4,0,1
S01012478,107,264,24,3,0,27,3,8,3,0,2
S01012479,87,200,15,0,0,9,4,4,11,0,1
S01012480,59,80,2,1,0,18,1,5,3,0,0
S01012481,162,159,11,1,1,78,4,33,14,0,7
S01012482,93,122,4,0,1,55,4,14,5,0,6
S01012483,96,90,19,2,0,54,2,16,9,0,1
S01012484,113,143,12,1,0,39,6,8,15,0,5
S01012485,113,155,6,1,0,19,2,7,8,0,1
S01012486,36,77,2,0,0,14,2,2,3,0,7
S01012487,67,97,8,2,0,17,3,13,5,1,4
S01012488,126,183,23,4,2,39,4,18,10,0,5
S01012489,105,121,18,2,0,71,4,31,13,0,7
S01012490,103,153,11,2,1,87,4,43,10,0,4
S01012491,43,49,6,2,1,37,5,18,5,0,3
S01012492,70,100,12,2,0,58,1,26,10,0,3
S01012493,50,60,1,2,0,20,0,5,11,0,1
S01012494,113,219,20,1,4,30,2,17,6,0,3
S01012495,107,222,23,4,4,22,6,17,6,0,6
S01012496,63,137,13,3,1,31,3,17,3,0,4
S01012497,47,87,17,3,2,27,0,12,1,0,0
S01012498,79,147,18,9,1,40,3,32,3,0,1
S01012499,59,139,26,0,2,20,0,19,3,0,0
S01012500,50,100,18,3,1,14,6,23,6,0,1
S01012501,47,65,9,2,1,32,1,15,4,0,1
S01012502,45,103,12,7,0,25,4,16,6,0,0
S01012503,57,122,19,4,2,16,3,23,2,0,1
S01012504,71,141,16,2,2,30,6,27,1,0,1
S01012505,106,193,28,9,0,50,3,23,7,0,2
S01012506,86,110,13,2,0,5,4,13,0,0,4
S01012507,93,189,12,2,2,28,7,29,10,0,1
S01012508,107,218,15,2,1,23,6,36,2,0,1
S01012509,91,134,8,3,2,12,3,13,4,0,2
S01012510,113,279,25,3,0,25,3,13,8,0,6
S01012511,49,103,5,2,0,13,3,11,3,0,0
S01012512,42,111,7,0,0,10,6,4,5,0,3
S01012513,64,129,8,0,0,7,0,2,5,0,0
S01012514,155,317,17,1,0,15,9,8,5,1,8
S01012515,63,125,13,2,1,20,7,14,2,0,0
S01012516,67,180,15,0,0,14,5,17,1,0,2
S01012517,146,264,14,3,0,26,0,16,5,0,4
S01012518,63,104,1,0,1,14,1,10,6,1,5
S01012519,79,102,4,1,0,17,0,10,8,0,4
S01012520,99,134,0,0,0,14,3,13,6,0,5
S01012521,74,109,8,2,0,12,4,7,9,0,6
S01012522,126,183,5,1,2,11,1,14,6,0,5
S01012523,111,185,8,0,0,22,8,14,4,0,5
S01012524,112,162,8,1,0,28,9,18,16,0,7
S01012525,89,146,2,0,0,28,4,14,9,0,6
S01012526,103,150,5,1,0,23,8,4,8,0,4
S01012527,62,154,7,1,0,16,4,7,6,0,1
S01012528,101,195,13,1,2,29,6,12,9,0,0
S01012529,78,119,8,4,2,16,4,6,4,0,0
S01012530,99,214,10,1,0,13,5,10,6,0,6
S01012531,156,287,11,1,0,15,5,25,16,0,9
S01012532,160,261,15,0,1,21,8,14,3,0,4
S01012533,52,124,6,2,0,18,1,4,4,0,0
S01012534,78,127,12,1,0,23,4,6,5,0,1
S01012535,84,238,23,2,2,9,2,20,2,1,0
S01012536,118,195,17,2,1,6,0,19,7,0,6
S01012537,86,174,20,0,0,11,0,17,0,0,0
S01012538,118,321,23,0,1,15,0,29,4,0,0
S01012539,55,161,6,1,0,12,1,10,0,0,2
S01012540,59,146,24,0,0,14,0,25,1,0,2
S01012541,178,299,16,1,1,11,0,26,2,0,6
S01012542,214,357,14,1,0,15,3,15,9,0,12
S01012543,134,203,6,0,1,6,3,6,3,0,4
S01012544,102,203,8,1,1,18,3,8,6,0,4
S01012545,38,125,11,1,0,19,0,9,2,0,0
S01012546,116,224,17,0,1,18,2,14,8,0,8
S01012547,48,145,9,0,0,11,0,11,2,0,1
S01012548,325,493,20,0,0,19,6,9,44,0,20
S01012549,44,104,13,3,0,19,8,7,11,0,0
S01012550,105,186,19,1,0,10,3,2,13,0,0
S01012551,103,183,10,1,0,7,2,3,14,0,7
S01012552,104,181,5,0,2,7,4,3,11,0,11
S01012553,129,282,6,0,0,5,4,3,14,0,6
S01012554,61,119,4,0,0,3,2,2,7,0,2
S01012555,52,143,6,1,0,5,2,0,4,0,3
S01012556,74,91,6,1,1,3,0,1,8,0,4
S01012557,89,130,6,0,0,9,1,4,9,0,3
S01012558,58,131,9,3,1,15,0,7,18,0,0
S01012559,61,99,7,3,0,13,2,6,10,0,3
S01012560,55,122,7,2,1,10,3,8,13,0,1
S01012561,83,150,9,3,0,17,4,5,14,0,2
S01012562,77,137,9,1,0,37,4,8,23,0,4
S01012563,91,155,3,0,0,1,0,2,16,0,0
S01012564,67,134,6,1,0,14,2,1,21,1,6
S01012565,112,104,2,0,0,20,1,0,19,0,2
S01012566,111,137,5,0,0,23,6,4,23,0,7
S01012567,130,157,10,2,0,30,4,9,13,0,1
S01012568,68,93,0,0,1,6,4,2,8,0,2
S01012569,133,180,7,0,0,9,3,0,10,1,5
S01012570,67,129,3,0,0,5,1,3,0,0,4
S01012571,127,194,14,0,0,16,3,6,1,0,2
S01012572,83,119,7,2,0,6,0,1,0,0,0
S01012573,161,233,10,2,0,10,4,7,3,0,7
S01012574,149,230,14,0,2,9,3,12,6,1,3
S01012575,126,171,8,0,1,15,2,6,4,0,1
S01012576,104,165,6,0,0,47,4,5,1,0,4
S01012577,181,332,13,0,0,79,0,9,6,1,4
S01012578,112,187,4,0,0,46,2,11,9,0,6
S01012579,137,217,9,1,0,7,1,9,1,0,7
S01012580,202,209,6,0,0,13,4,7,4,1,5
S01012581,76,154,15,1,1,22,0,18,7,0,2
S01012582,183,279,15,0,2,8,0,5,5,1,4
S01012583,102,200,14,0,0,8,0,3,7,0,4
S01012584,115,197,10,2,1,23,0,0,6,0,1
S01012585,103,224,18,4,1,31,2,14,6,0,1
S01012586,129,261,17,1,2,17,2,6,4,2,6
S01012587,188,236,14,0,0,6,1,4,10,1,5
S01012588,107,202,4,0,0,0,1,2,6,0,0
S01012589,65,182,23,0,0,15,2,7,3,0,0
S01012590,81,211,19,1,0,11,0,15,3,0,2
S01012591,77,166,14,2,0,14,1,10,2,0,4
S01012592,145,249,3,0,0,7,0,5,11,0,4
S01012593,132,251,5,1,0,8,2,7,11,0,4
S01012594,66,143,6,0,2,4,0,5,5,0,1
S01012595,69,171,17,1,0,11,0,5,1,0,2
S01012596,76,188,11,2,0,4,3,23,7,0,3
S01012597,77,166,7,0,2,2,1,3,1,0,7
S01012598,82,149,9,1,0,8,0,0,10,1,3
S01012599,71,173,4,3,0,20,0,5,15,0,3
S01012600,115,186,12,0,0,7,0,3,4,0,0
S01012601,147,250,16,0,2,14,2,11,13,0,5
S01012602,74,153,8,1,0,23,0,10,6,0,3
S01012603,65,145,7,2,0,28,2,16,4,0,0
S01012604,66,144,11,1,1,17,0,10,10,0,0
S01012605,53,123,10,1,0,17,1,5,8,0,1
S01012606,125,332,12,2,0,6,1,8,12,0,2
S01012607,100,210,9,0,0,13,2,6,9,0,3
S01012608,83,206,18,4,0,26,0,8,10,0,2
S01012609,78,201,17,0,1,32,0,19,5,0,2
S01012610,87,200,24,5,0,38,0,21,16,0,2
S01012611,154,336,23,5,0,18,0,13,8,0,11
S01012612,73,154,13,0,0,11,0,9,10,0,0
S01012613,73,154,12,1,0,21,0,8,5,0,0
S01012614,127,217,6,2,0,23,1,14,15,0,2
S01012615,138,208,11,2,1,4,0,2,11,0,7
S01012616,165,263,9,0,0,5,0,8,8,0,0
S01012617,152,341,7,0,2,3,0,4,16,0,3
S01012618,77,146,10,0,0,9,0,5,1,0,2
S01012619,51,106,13,1,0,27,0,2,7,0,0
S01012620,94,151,7,1,0,21,0,0,9,0,2
S01012621,71,121,8,1,0,22,0,1,8,0,6
S01012622,102,212,10,4,0,40,0,5,6,0,2
S01012623,83,144,13,4,2,45,0,3,4,0,2
S01012624,74,173,12,0,0,43,0,11,7,0,4
S01012625,65,136,23,0,0,33,1,5,3,0,1
S01012626,56,128,4,1,0,12,0,5,6,0,0
S01012627,84,142,17,0,0,41,0,6,6,0,1
S01012628,205,306,13,4,0,23,5,10,17,2,6
S01012629,92,109,5,0,1,18,1,4,3,0,0
S01012630,110,136,13,0,0,45,0,7,14,0,6
S01012631,84,187,9,0,0,44,2,14,7,0,0
S01012632,139,223,4,1,0,7,0,0,1,0,7
S01012633,132,141,5,0,0,4,0,0,2,0,0
S01012634,75,197,15,0,0,9,2,20,5,0,3
S01012635,204,281,19,0,0,21,0,4,16,0,7
S01012636,143,265,15,1,1,7,0,4,4,0,8
S01012637,59,183,17,0,0,24,0,19,2,0,4
S01012638,102,224,13,0,0,25,0,10,3,0,6
S01012639,87,233,18,2,0,9,0,17,2,0,6
S01012640,64,167,17,0,0,11,0,12,3,0,3
S01012641,99,216,27,0,0,11,1,21,3,0,2
S01012642,87,138,13,3,0,22,0,13,4,1,0
S01012643,47,112,17,0,0,6,1,9,1,0,0
S01012644,83,178,30,2,0,13,0,2,1,0,0
S01012645,115,229,12,0,0,19,0,13,4,0,2
S01012646,140,252,17,0,0,18,3,12,1,1,5
S01012647,94,252,11,1,0,6,2,8,2,1,0
S01012648,69,128,23,0,0,4,0,8,9,0,2
S01012649,67,171,13,1,0,7,0,5,2,0,0
S01012650,103,210,13,0,0,7,0,7,5,0,2
S01012651,63,147,24,1,0,13,1,15,2,0,2
S01012652,147,297,18,2,0,8,1,8,3,0,1
S01012653,137,261,19,1,0,12,2,22,1,0,4
S01012654,259,411,29,3,2,11,1,19,17,0,6
S01012655,122,267,12,4,0,10,0,19,2,1,4
S01012656,98,173,15,1,0,20,1,15,17,0,1
S01012657,61,129,12,4,1,14,1,6,10,0,2
S01012658,112,218,13,1,1,19,0,7,17,0,4
S01012659,192,301,19,0,0,17,0,11,23,0,2
S01012660,88,172,11,6,0,13,0,7,13,0,2
S01012661,146,237,7,0,0,17,0,8,13,0,4
S01012662,94,185,19,5,0,17,3,24,16,0,2
S01012663,75,170,10,7,0,13,4,5,8,0,0
S01012664,125,237,11,2,0,20,2,19,19,0,4
S01012665,90,152,24,5,0,19,2,16,9,0,2
S01012666,56,133,20,4,0,14,0,10,4,0,4
S01012667,47,120,12,2,0,15,2,12,7,0,0
S01012668,89,177,14,2,0,17,0,18,12,0,0
S01012669,86,151,10,0,0,8,0,0,1,0,0
S01012670,94,171,11,3,0,10,0,6,15,1,4
S01012671,102,213,34,4,1,21,1,30,9,0,2
S01012672,76,153,25,4,0,31,0,24,9,0,2
S01012673,51,103,20,4,1,24,0,17,9,0,2
S01012674,52,134,20,5,0,26,0,16,6,1,0
S01012675,83,146,34,4,0,28,2,12,14,0,0
S01012676,88,241,20,1,0,22,0,25,8,0,0
S01012677,56,148,16,7,0,21,0,14,5,0,1
S01012678,137,284,15,1,2,6,0,13,7,0,2
S01012679,74,197,15,2,0,13,1,10,4,0,3
S01012680,72,173,9,0,0,6,0,2,1,0,5
S01012681,157,291,25,2,0,13,1,12,9,0,3
S01012682,108,166,7,0,1,8,1,6,5,0,1
S01012683,96,181,25,2,0,3,0,10,2,0,1
S01012684,73,152,7,1,0,17,1,2,6,0,4
S01012685,86,168,12,1,0,32,0,11,4,0,0
S01012686,138,244,8,0,0,17,0,4,4,0,8
S01012687,71,101,5,0,0,9,0,2,0,0,2
S01012688,111,192,24,0,0,28,0,2,12,1,3
S01012689,59,124,4,0,0,13,1,0,6,0,1
S01012690,66,125,3,2,0,17,0,6,5,0,2
S01012691,112,187,6,0,0,14,0,5,8,0,3
S01012692,101,146,8,1,0,25,0,7,1,0,5
S01012693,215,296,10,0,0,13,0,4,7,0,3
S01012694,56,101,4,0,0,14,1,4,4,0,0
S01012695,160,251,16,0,0,5,0,5,7,0,1
S01012696,202,262,9,0,0,10,6,0,4,0,8
S01012697,228,347,13,0,1,10,4,4,10,0,6
S01012698,160,234,13,4,2,5,2,5,4,2,4
S01012699,245,401,15,1,1,13,0,7,14,0,10
S01012700,144,214,8,0,0,7,1,4,3,0,5
S01012701,277,382,11,0,2,1,5,6,31,1,8
S01012702,244,296,12,4,0,8,0,5,33,1,11
S01012703,94,168,15,1,0,5,0,5,10,0,6
S01012704,93,169,22,9,0,15,0,12,0,1,1
S01012705,133,184,14,3,0,7,2,3,8,0,4
S01012706,93,167,19,8,0,23,0,13,9,0,2
S01012707,96,200,10,1,1,3,2,6,12,0,3
S01012708,80,121,12,11,0,21,1,18,10,0,3
S01012709,73,108,14,5,0,15,1,15,8,0,2
S01012710,97,150,12,4,0,12,0,7,10,0,1
S01012711,120,171,14,9,0,17,2,30,6,0,2
S01012712,108,190,4,1,0,14,2,10,14,0,3
S01012713,113,164,9,4,0,25,1,7,12,1,2
S01012714,95,137,6,0,0,12,3,4,13,0,5
S01012715,100,118,6,4,2,26,2,19,12,0,4
S01012716,128,152,4,2,0,17,1,10,17,0,5
S01012717,152,170,26,3,0,38,2,22,25,0,2
S01012718,149,151,7,0,1,23,2,15,18,0,6
S01012719,174,257,12,4,1,36,6,17,25,0,4
S01012720,83,101,11,2,0,25,0,12,9,0,4
S01012721,90,143,13,4,2,12,0,4,12,1,3
S01012722,88,126,18,9,0,16,0,19,10,0,0
S01012723,81,101,17,11,0,22,2,25,8,0,2
S01012724,105,177,14,9,0,24,0,12,15,0,2
S01012725,138,196,14,2,0,33,2,24,32,0,3
S01012726,74,154,25,4,0,16,0,14,4,0,1
S01012727,73,120,20,6,0,4,1,15,7,0,2
S01012728,77,135,41,11,2,24,1,22,9,0,2
S01012729,101,228,18,3,1,6,2,19,8,0,3
S01012730,55,114,23,8,0,9,0,21,4,0,0
S01012731,109,184,22,12,0,21,0,19,4,0,2
S01012732,86,118,15,10,0,13,0,11,13,0,0
S01012733,536,884,42,2,1,6,3,8,37,0,16
S01012734,131,188,5,3,0,6,0,0,13,0,2
S01012735,61,111,14,3,0,10,0,15,8,0,0
S01012736,142,245,25,3,0,19,5,6,12,0,1
S01012737,139,210,25,2,0,2,0,14,12,0,1
S01012738,70,144,15,2,0,6,1,21,3,0,0
S01012739,169,297,13,3,0,7,0,3,13,0,6
S01012740,182,302,8,3,0,9,5,7,11,0,5
S01012741,65,168,11,0,0,2,0,4,1,0,0
S01012742,107,159,12,0,0,1,0,8,8,1,2
S01012743,61,148,5,0,0,2,0,3,7,0,0
S01012744,108,166,8,0,0,6,2,0,4,0,5
S01012745,201,312,16,2,0,8,2,6,17,0,0
S01012746,116,211,24,8,2,11,0,7,4,0,0
S01012747,100,197,14,5,2,11,6,19,9,0,2
S01012748,97,141,16,7,1,25,4,19,9,1,0
S01012749,97,157,19,7,0,21,2,25,5,2,3
S01012750,114,172,26,8,2,26,2,22,10,1,5
S01012751,102,189,28,8,0,14,0,16,6,0,3
S01012752,118,171,23,11,0,20,0,22,8,0,5
S01012753,62,79,9,5,0,17,1,17,5,0,2
S01012754,82,134,19,7,0,11,2,14,4,0,1
S01012755,41,65,18,0,0,9,0,18,9,0,0
S01012756,49,88,6,2,0,10,0,8,4,0,1
S01012757,45,87,10,1,0,13,1,16,5,0,1
S01012758,71,130,8,3,0,13,0,7,5,0,1
S01012759,94,157,13,5,0,26,2,18,2,0,0
S01012760,124,162,27,7,4,27,2,23,17,0,1
S01012761,84,126,13,2,0,21,0,19,12,0,4
S01012762,105,144,22,4,0,9,1,9,10,0,1
S01012763,55,78,10,5,0,14,0,6,10,0,0
S01012764,85,169,23,5,2,11,1,18,8,0,3
S01012765,108,164,10,2,0,10,0,17,5,0,2
S01012766,117,227,21,8,2,21,2,12,14,0,2
S01012767,88,127,9,1,0,3,0,5,4,0,3
S01012768,99,164,13,1,2,9,2,3,7,0,1
S01012769,79,119,4,2,0,1,0,3,7,0,0
S01012770,139,200,19,3,0,26,4,12,35,0,3
S01012771,77,129,12,2,0,6,0,8,26,0,1
S01012772,71,130,27,7,0,26,0,11,9,1,2
S01012773,137,166,23,2,0,19,1,7,27,0,5
S01012774,122,205,26,7,1,14,3,19,9,0,0
S01012775,54,99,8,1,0,9,0,9,2,0,0
S01012776,88,146,15,6,1,18,0,22,0,0,1
S01012777,178,264,23,3,0,29,0,22,17,2,0
S01012778,91,157,20,3,0,23,4,13,12,0,0
S01012779,63,93,11,5,0,17,3,18,9,0,0
S01012780,64,137,18,2,0,25,0,15,3,0,6
S01012781,107,175,20,5,1,14,0,7,8,0,3
S01012782,49,82,14,10,0,18,4,27,0,0,0
S01012783,96,126,35,7,0,20,1,20,6,0,1
S01012784,87,147,15,6,0,23,1,28,9,0,0
S01012785,78,122,19,4,0,16,1,32,5,0,1
S01012786,76,116,14,5,0,37,1,32,8,0,0
S01012787,76,138,15,1,2,14,3,8,7,0,2
S01012788,73,150,22,6,1,5,2,15,6,0,3
S01012789,86,152,18,8,1,12,0,7,10,0,2
S01012790,130,164,10,1,2,10,0,1,14,0,1
S01012791,130,150,14,3,2,7,0,5,15,1,3
S01012792,140,163,21,6,1,33,0,23,25,0,4
S01012793,85,121,11,8,0,15,2,16,11,0,3
S01012794,105,129,11,4,1,19,1,12,11,0,4
S01012795,108,180,27,9,1,37,3,21,19,0,4
S01012796,127,184,30,7,0,17,1,10,11,0,2
S01012797,96,134,15,5,0,22,1,9,9,0,0
S01012798,219,262,9,0,0,14,0,5,18,3,7
S01012799,137,208,10,0,0,6,1,2,13,1,7
S01012800,141,188,7,1,0,9,3,6,21,0,6
S01012801,65,61,5,0,0,5,0,2,10,0,3
S01012802,81,136,3,0,0,7,0,0,6,0,4
S01012803,88,146,15,1,0,7,1,4,7,0,4
S01012804,99,161,11,3,2,16,2,11,9,0,3
S01012805,129,183,19,5,1,21,3,17,7,0,3
S01012806,143,212,7,1,0,20,2,5,15,0,2
S01012807,119,151,8,0,0,2,1,0,9,2,1
S01012808,402,535,17,8,0,37,3,16,49,0,18
S01012809,125,137,7,3,0,12,2,3,15,1,1
S01012810,96,123,13,8,0,35,1,10,18,0,1
S01012811,148,155,8,2,0,16,0,6,48,0,2
S01012812,90,135,9,3,0,21,2,0,23,0,0
S01012813,154,181,4,4,1,6,0,4,33,1,2
S01012814,166,233,13,4,1,2,1,14,20,0,2
S01012815,186,261,10,6,0,5,1,17,24,0,3
S01012816,94,155,7,2,0,10,2,9,24,1,4
S01012817,118,143,7,1,1,0,1,5,26,1,1
S01012818,147,201,18,7,0,4,1,6,35,0,3
S01012819,68,152,12,4,2,14,0,24,13,0,1
S01012820,1012,1384,50,10,2,30,4,24,193,0,21
S01012821,152,218,11,5,0,5,0,8,28,0,1
S01012822,46,68,8,1,1,8,3,27,4,0,0
S01012823,145,241,22,4,0,9,3,17,12,0,1
S01012824,111,163,18,2,0,11,1,8,24,0,5
S01012825,68,96,8,3,2,17,0,11,13,0,2
S01012826,64,88,12,4,0,16,4,17,10,1,1
S01012827,125,211,8,3,1,1,0,6,20,0,7
S01012828,161,293,18,4,0,8,0,2,55,0,4
S01012829,84,155,21,8,0,8,3,11,28,0,5
S01012830,82,159,20,4,0,15,4,27,12,0,4
S01012831,89,127,13,1,0,6,1,21,7,0,2
S01012832,72,107,9,5,0,17,3,20,9,0,1
S01012833,83,129,11,9,0,14,3,24,7,0,5
S01012834,84,138,6,0,0,9,2,16,19,0,3
S01012835,158,173,18,4,0,11,2,12,32,2,6
S01012836,134,204,7,0,1,4,0,9,11,0,5
S01012837,61,80,14,2,0,14,0,27,10,0,0
S01012838,57,79,16,4,3,14,2,53,1,0,3
S01012839,96,151,8,2,0,4,0,12,19,0,1
S01012840,161,252,11,2,0,5,1,6,27,0,4
S01012841,87,126,10,2,0,12,1,6,12,0,2
S01012842,65,98,10,2,0,10,5,12,16,0,2
S01012843,165,199,10,3,0,6,6,5,28,4,2
S01012844,144,144,6,0,1,5,6,2,23,1,5
S01012845,136,169,9,2,0,8,5,3,33,0,2
S01012846,111,141,15,6,2,29,2,8,36,0,6
S01012847,84,116,9,0,1,8,1,3,19,0,2
S01012848,128,176,11,1,1,8,2,8,26,0,4
S01012849,105,181,13,4,0,18,2,7,41,0,0
S01012850,76,158,13,3,0,20,4,18,10,0,3
S01012851,122,182,16,2,1,23,7,20,16,0,1
S01012852,131,165,3,3,1,6,2,12,20,0,3
S01012853,127,155,11,3,0,12,4,14,10,0,6
S01012854,146,138,9,1,0,9,11,16,36,1,1
S01012855,128,145,9,2,0,10,5,9,31,0,1
S01012856,236,352,22,9,2,26,5,29,44,1,1
S01012857,103,134,9,0,0,21,5,27,9,0,3
S01012858,109,100,12,5,0,17,2,47,27,2,1
S01012859,177,230,18,7,1,36,8,52,37,1,6
S01012860,112,131,12,2,0,11,7,20,25,0,3
S01012861,108,153,9,1,0,16,9,15,29,0,4
S01012862,72,65,5,2,0,23,11,23,32,0,0
S01012863,105,97,10,3,0,32,6,44,32,3,3
S01012864,104,105,8,5,0,36,7,46,20,0,2
S01012865,105,147,12,5,1,22,4,25,20,2,0
S01012866,97,157,15,5,0,22,3,29,16,0,1
S01012867,83,93,8,4,1,30,5,34,8,0,5
S01012868,52,76,12,7,0,12,6,33,13,0,2
S01012869,71,71,17,1,0,18,4,30,7,0,0
S01012870,143,174,13,6,1,8,2,22,14,0,5
S01012871,135,146,13,3,0,12,2,18,32,2,3
S01012872,107,156,14,4,0,19,7,44,23,0,3
S01012873,104,168,14,9,1,14,2,27,23,0,2
S01012874,117,156,16,3,1,17,2,48,6,0,1
S01012875,66,111,15,1,1,14,2,28,16,0,0
S01012876,145,251,12,6,0,24,1,60,25,1,0
S01012877,93,151,14,6,0,22,3,29,10,1,3
S01012878,255,365,21,5,1,16,6,22,39,0,6
S01012879,139,177,8,2,0,10,4,17,25,0,2
S01012880,156,156,8,2,0,12,4,11,21,0,3
S01012881,149,151,7,1,1,9,6,8,15,0,3
S01012882,54,98,11,3,0,14,2,18,2,0,0
S01012883,77,71,8,4,0,6,1,28,6,0,4
S01012884,57,72,10,0,0,1,0,18,11,0,2
S01012885,74,73,14,4,0,25,1,32,7,3,0
S01012886,109,187,8,5,0,11,0,19,27,2,1
S01012887,118,140,9,5,0,14,4,10,27,0,4
S01012888,139,157,8,1,0,4,7,8,26,0,1
S01012889,184,287,17,2,1,12,2,17,15,0,1
S01012890,114,142,20,3,1,12,1,44,10,0,4
S01012891,65,100,14,3,0,7,0,25,5,1,0
S01012892,147,225,32,11,0,21,0,75,5,0,1
S01012893,85,112,16,7,4,12,1,48,8,0,3
S01012894,471,761,36,2,0,9,5,19,25,0,12
S01012895,304,460,19,2,0,12,1,9,20,0,12
S01012896,96,143,16,10,0,21,0,21,8,0,0
S01012897,206,349,18,2,0,6,0,13,23,0,6
S01012898,105,179,5,0,0,6,1,4,9,1,4
S01012899,68,91,12,4,0,7,1,27,5,0,0
S01012900,607,1000,45,4,0,33,6,53,58,3,21
S01012901,121,175,23,2,1,9,2,33,2,1,2
S01012902,97,188,12,4,1,10,0,28,4,0,2
S01012903,96,209,22,3,0,6,6,34,3,0,4
S01012904,132,225,30,5,0,12,1,37,4,0,3
S01012905,87,141,23,2,1,5,1,31,2,0,1
S01012906,111,216,20,2,0,10,0,29,7,0,2
S01012907,132,188,26,3,2,18,0,55,4,0,3
S01012908,107,160,14,5,0,26,0,31,0,0,3
S01012909,54,111,11,0,0,9,1,18,4,0,4
S01012910,119,173,16,8,0,19,4,47,5,0,2
S01012911,118,192,16,2,0,16,4,21,8,0,3
S01012912,75,152,10,2,0,19,3,25,2,0,0
S01012913,111,208,22,3,1,21,2,26,5,0,1
S01012914,136,190,22,1,4,25,0,27,8,0,0
S01012915,166,323,15,6,0,28,1,26,18,0,5
S01012916,72,160,15,1,1,19,4,20,5,0,0
S01012917,102,178,12,2,0,10,1,13,5,0,1
S01012918,74,137,10,4,0,15,2,21,2,0,0
S01012919,47,95,7,0,1,11,1,11,4,0,0
S01012920,76,130,0,0,0,7,0,2,7,2,4
S01012921,81,150,17,3,0,17,0,41,5,0,0
S01012922,219,377,29,3,0,16,3,29,12,0,2
S01012923,108,171,20,6,1,14,1,18,12,0,0
S01012924,67,120,11,3,0,14,0,15,7,0,0
S01012925,71,121,10,1,2,12,3,8,0,0,5
S01012926,101,164,15,2,0,26,1,24,8,0,4
S01012927,128,194,18,1,1,21,2,26,8,0,3
S01012928,136,189,19,1,0,18,0,14,12,0,5
S01012929,127,173,7,3,0,18,0,19,9,0,2
S01012930,103,143,14,4,0,27,1,6,17,0,3
S01012931,149,284,15,8,1,36,5,15,22,1,1
S01012932,85,128,2,0,1,12,0,6,13,1,4
S01012933,132,182,28,0,0,13,5,10,14,0,4
S01012934,114,148,20,2,2,36,3,14,12,0,3
S01012935,134,225,19,5,1,48,1,14,15,0,4
S01012936,101,157,14,4,0,31,1,12,15,0,5
S01012937,93,144,14,6,0,19,0,8,19,0,6
S01012938,91,156,13,0,0,4,4,5,11,0,6
S01012939,118,156,11,0,0,8,0,5,17,1,2
S01012940,108,155,10,0,1,10,2,2,9,0,2
S01012941,139,184,9,2,0,0,2,5,8,0,10
S01012942,107,165,21,6,2,40,2,20,7,0,2
S01012943,129,164,15,2,0,8,0,6,6,0,2
S01012944,76,110,4,2,0,4,0,4,5,0,1
S01012945,216,269,6,2,1,5,0,2,16,1,6
S01012946,157,219,12,0,0,7,0,6,8,0,6
S01012947,81,89,3,1,0,6,2,2,7,0,3
S01012948,93,170,6,3,0,8,2,4,6,0,2
S01012949,113,175,3,2,1,6,2,3,10,0,2
S01012950,155,242,19,2,0,15,1,2,24,0,4
S01012951,237,296,8,2,0,5,1,4,20,0,6
S01012952,256,270,13,4,1,5,1,6,24,5,5
S01012953,100,165,6,2,0,7,0,5,7,0,2
S01012954,64,129,9,0,0,5,0,8,6,0,4
S01012955,214,261,17,2,0,16,3,6,33,1,7
S01012956,115,184,17,8,0,24,1,25,19,0,4
S01012957,78,119,8,1,0,17,7,10,11,0,2
S01012958,93,185,15,6,0,5,0,6,9,0,3
S01012959,83,146,9,0,1,10,2,10,2,0,0
S01012960,89,140,17,1,0,1,0,7,6,0,1
S01012961,82,161,10,3,0,5,2,3,5,1,1
S01012962,88,135,8,0,1,7,0,0,7,4,4
S01012963,115,199,12,0,2,6,0,0,6,0,4
S01012964,118,207,11,0,1,5,1,9,11,0,3
S01012965,96,174,10,1,0,5,2,13,6,0,3
S01012966,226,405,18,5,7,13,2,21,9,0,8
S01012967,54,119,15,4,0,9,0,12,8,0,0
S01012968,61,125,15,4,0,11,0,19,6,0,3
S01012969,79,158,28,5,4,14,1,25,4,0,1
S01012970,67,122,12,0,0,13,1,9,4,0,1
S01012971,109,161,24,1,0,20,0,36,5,0,3
S01012972,86,161,14,6,1,19,1,17,2,0,1
S01012973,103,167,20,5,0,20,4,27,12,1,1
S01012974,156,225,22,8,1,32,3,41,14,0,3
S01012975,53,118,15,2,0,13,2,17,1,0,1
S01012976,61,125,15,3,0,17,2,32,4,0,1
S01012977,81,155,27,4,0,23,0,17,0,0,0
S01012978,83,147,14,3,0,23,3,23,6,0,1
S01012979,93,133,10,4,2,18,1,15,6,0,2
S01012980,70,168,11,7,0,12,2,21,10,0,0
S01012981,95,188,20,7,0,24,1,34,9,0,0
S01012982,120,178,28,3,1,36,5,26,3,0,0
S01012983,98,190,10,1,1,15,1,7,7,0,4
S01012984,102,122,20,4,0,23,3,16,6,0,6
S01012985,100,192,18,3,0,32,1,20,11,0,3
S01012986,134,218,25,4,3,35,5,31,12,2,3
S01012987,99,157,13,3,0,20,1,20,12,2,2
S01012988,130,198,19,3,0,30,7,18,4,0,2
S01012989,125,215,15,4,0,27,6,33,8,2,6
S01012990,81,118,7,5,1,20,1,23,3,0,1
S01012991,125,171,17,5,0,31,2,32,7,0,1
S01012992,115,178,9,2,0,21,4,29,3,0,4
S01012993,90,155,20,2,0,32,1,26,7,1,1
S01012994,114,161,18,3,0,42,5,38,9,0,1
S01012995,98,206,23,2,0,4,0,14,8,0,0
S01012996,81,147,15,4,0,15,2,21,7,0,1
S01012997,50,116,15,1,0,15,1,15,3,0,2
S01012998,177,230,21,1,0,31,4,28,6,0,3
S01012999,60,106,17,6,1,13,2,20,0,0,0
S01013000,92,137,15,2,0,24,0,37,4,0,0
S01013001,65,68,3,0,0,5,0,3,0,0,3
S01013002,100,126,7,1,0,12,0,3,5,0,8
S01013003,105,125,6,0,0,8,2,1,2,0,2
S01013004,100,164,6,1,0,14,1,8,3,1,2
S01013005,184,225,5,0,1,16,4,10,1,0,4
S01013006,73,83,4,0,0,0,3,3,5,0,4
S01013007,168,227,6,1,0,13,3,8,10,0,9
S01013008,143,238,8,2,0,20,10,10,9,0,7
S01013009,83,161,10,0,0,20,3,0,1,0,4
S01013010,166,159,6,0,1,23,2,3,4,0,5
S01013011,131,150,12,4,0,18,3,4,3,0,8
S01013012,86,158,10,0,0,33,0,9,7,0,1
S01013013,175,236,6,0,0,37,1,7,7,0,7
S01013014,146,195,9,0,0,9,2,3,6,0,7
S01013015,184,193,6,1,1,12,1,2,4,0,4
S01013016,130,127,7,0,0,0,0,1,4,0,2
S01013017,126,212,7,0,0,15,0,6,4,0,4
S01013018,183,200,4,0,0,11,2,3,7,0,6
S01013019,210,233,10,1,0,12,2,0,7,0,5
S01013020,72,107,6,0,0,10,2,4,4,0,2
S01013021,68,123,13,1,0,12,6,5,7,0,0
S01013022,79,128,10,1,0,11,4,5,3,0,0
S01013023,127,155,6,0,0,17,4,4,9,0,4
S01013024,82,124,6,1,0,16,3,2,9,0,4
S01013025,232,302,22,0,0,11,4,12,11,0,12
S01013026,139,261,24,1,0,13,5,30,6,0,4
S01013027,82,180,21,0,1,16,5,33,4,0,3
S01013028,92,157,10,0,0,3,0,3,3,0,5
S01013029,73,136,27,2,0,21,0,15,0,0,3
S01013030,60,184,29,0,2,17,5,24,1,0,3
S01013031,71,177,21,2,1,13,3,17,0,0,3
S01013032,125,286,11,0,2,17,3,11,5,0,7
S01013033,111,233,20,4,0,12,1,15,4,0,1
S01013034,81,171,24,1,0,5,2,14,1,0,2
S01013035,86,155,23,10,0,15,3,21,5,0,1
S01013036,78,168,35,2,0,13,2,19,2,0,3
S01013037,114,199,7,0,0,4,0,8,3,0,2
S01013038,142,241,24,2,2,19,6,24,8,0,6
S01013039,85,145,7,1,0,5,2,8,2,0,1
S01013040,76,141,14,2,0,10,4,8,5,0,2
S01013041,89,138,23,0,0,24,1,15,8,0,5
S01013042,134,220,14,2,0,14,2,15,4,1,3
S01013043,102,161,13,2,0,21,2,16,1,0,4
S01013044,87,169,14,2,0,23,5,12,4,0,2
S01013045,96,175,16,0,1,13,4,10,2,0,0
S01013046,64,127,8,3,0,14,4,13,1,0,0
S01013047,164,283,16,3,0,8,4,2,8,0,3
S01013048,111,192,19,4,1,18,8,9,14,0,3
S01013049,140,200,14,2,0,25,10,11,10,0,6
S01013050,79,172,19,1,0,14,3,16,6,0,0
S01013051,118,208,16,4,1,31,5,16,6,0,6
S01013052,96,203,28,2,0,25,7,20,10,0,2
S01013053,77,110,11,5,1,22,3,12,4,0,1
S01013054,64,149,6,0,0,10,2,12,10,1,4
S01013055,96,156,12,3,2,29,9,15,6,0,1
S01013056,165,304,31,1,1,43,6,24,11,0,4
S01013057,99,163,26,8,1,45,7,25,2,0,3
S01013058,136,183,14,0,0,8,1,8,6,0,4
S01013059,185,183,14,0,0,42,1,11,18,0,9
S01013060,80,96,8,0,0,15,2,5,7,0,2
S01013061,153,181,6,0,0,20,5,4,11,0,5
S01013062,150,151,4,0,1,31,0,5,18,0,6
S01013063,149,127,2,2,0,25,0,9,20,0,10
S01013064,119,145,17,2,1,23,4,12,8,0,4
S01013065,91,146,13,1,2,58,10,18,13,0,2
S01013066,144,154,11,1,0,39,4,10,12,0,3
S01013067,90,77,4,1,1,73,8,33,15,2,1
S01013068,76,81,13,0,1,60,5,12,12,0,7
S01013069,93,85,7,2,0,62,9,22,21,0,2
S01013070,61,55,8,1,0,41,7,14,12,0,0
S01013071,85,61,5,2,0,57,4,13,15,1,3
S01013072,82,93,32,3,0,33,3,6,7,0,5
S01013073,235,305,38,1,0,58,6,16,16,1,5
S01013074,121,199,53,2,2,47,8,31,13,0,3
S01013075,85,137,24,2,0,38,3,36,11,1,2
S01013076,79,113,11,2,2,12,6,8,3,0,1
S01013077,79,132,16,2,0,41,10,15,8,0,3
S01013078,57,116,17,5,0,20,1,16,7,0,4
S01013079,204,284,17,0,2,19,14,10,11,1,5
S01013080,106,156,3,0,0,21,8,13,15,0,4
S01013081,193,231,13,0,0,28,10,10,13,0,5
S01013082,119,184,7,3,1,11,6,5,7,0,6
S01013083,100,119,7,3,1,23,5,15,6,0,1
S01013084,135,136,8,0,0,9,6,6,9,0,0
S01013085,63,86,7,2,0,18,3,9,7,1,3
S01013086,182,146,0,0,0,23,8,6,16,0,4
S01013087,172,137,5,0,0,14,4,2,19,0,6
S01013088,117,138,6,1,0,7,4,2,13,1,9
S01013089,117,140,6,0,0,23,6,12,18,0,3
S01013090,152,109,9,0,1,39,10,8,18,0,0
S01013091,105,98,3,2,0,55,1,15,19,0,3
S01013092,155,169,7,2,0,41,9,8,18,0,6
S01013093,92,91,11,0,2,13,4,2,4,0,5
S01013094,91,109,3,0,0,21,2,3,5,0,5
S01013095,155,138,1,0,0,9,4,2,15,0,9
S01013096,80,129,3,0,0,34,0,5,11,0,3
S01013097,212,230,5,1,1,9,4,3,20,0,7
S01013098,170,182,4,0,0,5,2,2,13,0,1
S01013099,151,162,2,0,0,25,4,6,26,0,4
S01013100,137,92,4,0,0,7,3,1,14,0,3
S01013101,129,183,10,0,0,43,0,3,20,0,2
S01013102,102,97,1,0,0,14,4,2,16,0,1
S01013103,202,202,11,2,0,14,6,6,14,0,7
S01013104,158,172,3,1,0,15,1,1,19,0,6
S01013105,157,190,4,1,0,18,7,2,18,0,7
S01013106,133,182,10,2,0,22,7,4,10,0,1
S01013107,248,303,11,0,0,26,5,5,19,1,6
S01013108,102,177,9,4,1,8,4,6,5,0,4
S01013109,288,331,10,0,2,20,5,5,6,0,8
S01013110,158,122,4,0,0,9,0,3,7,0,5
S01013111,69,89,1,4,0,8,0,0,5,0,6
S01013112,91,131,6,0,0,21,1,4,8,0,5
S01013113,116,192,9,0,0,37,5,0,6,0,0
S01013114,150,185,11,2,2,26,4,2,3,0,2
S01013115,88,108,5,0,3,44,4,0,0,0,1
S01013116,152,130,5,0,0,30,1,0,7,2,6
S01013117,84,150,19,1,0,35,4,3,4,0,3
S01013118,117,91,9,0,0,10,4,2,3,0,5
S01013119,181,146,5,0,0,15,6,5,10,0,10
S01013120,187,191,9,2,2,72,4,1,4,0,6
S01013121,84,53,13,2,0,44,0,0,2,0,1
S01013122,32,30,1,0,0,2,1,9,4,0,0
S01013123,137,152,18,3,0,47,4,30,30,0,5
S01013124,88,122,14,3,1,27,3,33,11,0,2
S01013125,99,163,15,1,1,16,2,23,18,0,2
S01013126,78,105,12,6,0,26,4,33,12,0,1
S01013127,92,135,9,3,2,38,8,48,13,0,2
S01013128,107,108,13,2,0,30,5,31,28,0,4
S01013129,150,219,27,3,0,51,8,47,34,0,0
S01013130,96,114,9,2,0,26,2,30,20,0,4
S01013131,83,125,12,7,1,35,1,25,18,0,0
S01013132,69,95,5,4,1,24,2,27,22,0,2
S01013133,129,141,17,2,0,45,1,18,49,0,1
S01013134,105,152,8,6,0,25,1,15,30,1,8
S01013135,101,136,13,3,2,35,4,23,36,0,2
S01013136,101,180,14,4,0,25,9,14,26,0,0
S01013137,91,123,21,3,0,28,5,17,17,0,2
S01013138,137,205,14,5,0,23,6,43,27,0,3
S01013139,82,108,16,3,3,21,4,31,24,0,0
S01013140,60,115,12,1,1,22,0,19,15,0,4
S01013141,132,188,16,5,0,28,0,32,22,0,0
S01013142,100,137,17,5,0,59,1,36,32,0,2
S01013143,99,154,13,2,0,27,2,12,22,0,2
S01013144,93,183,16,6,1,23,2,12,23,0,3
S01013145,96,144,14,4,0,22,0,16,11,0,1
S01013146,58,111,13,2,0,25,8,14,13,0,0
S01013147,120,180,12,6,0,28,1,16,15,2,9
S01013148,89,156,12,3,0,12,0,19,18,0,2
S01013149,135,192,19,2,0,16,4,31,14,0,3
S01013150,98,170,9,4,0,21,0,18,11,0,0
S01013151,81,118,10,2,1,8,0,9,8,0,3
S01013152,127,186,25,3,0,18,1,21,9,0,5
S01013153,119,138,13,3,0,19,7,41,8,0,2
S01013154,109,174,19,3,0,14,4,63,8,2,0
S01013155,105,141,9,6,0,22,2,64,11,0,5
S01013156,93,126,12,4,1,20,1,57,8,1,2
S01013157,121,182,14,3,1,21,5,72,8,0,2
S01013158,92,174,5,2,0,8,1,5,9,0,9
S01013159,80,123,10,0,0,6,1,8,8,0,2
S01013160,134,194,15,0,0,4,0,11,7,0,6
S01013161,121,217,15,6,0,22,3,40,13,0,4
S01013162,91,159,12,3,0,17,2,16,7,1,2
S01013163,87,137,10,1,0,5,2,12,5,0,4
S01013164,134,217,20,4,2,17,7,20,21,0,7
S01013165,145,161,6,2,0,24,2,11,19,0,6
S01013166,86,108,10,0,0,43,5,31,38,0,2
S01013167,97,113,10,3,0,26,3,30,34,0,0
S01013168,95,150,11,4,0,29,3,23,36,0,4
S01013169,89,158,11,1,0,28,5,27,26,0,2
S01013170,62,72,8,0,0,12,2,15,10,0,2
S01013171,92,134,6,1,1,2,3,13,9,0,2
S01013172,83,158,11,1,0,15,5,21,11,0,4
S01013173,121,186,9,1,1,11,2,23,15,0,3
S01013174,112,213,11,1,1,10,2,5,17,0,5
S01013175,148,239,11,2,2,15,8,15,15,0,2
S01013176,101,128,4,4,0,6,2,19,14,0,2
S01013177,87,154,9,0,2,12,0,17,9,0,4
S01013178,99,151,12,1,0,5,4,25,21,0,3
S01013179,128,153,11,3,0,7,4,12,10,0,2
S01013180,68,112,8,0,0,12,4,3,10,0,3
S01013181,86,159,15,1,0,12,3,9,18,0,2
S01013182,92,148,12,3,0,29,4,12,22,0,5
S01013183,117,156,13,0,2,9,5,4,10,0,2
S01013184,45,62,9,4,0,17,1,15,2,0,0
S01013185,93,130,21,7,0,24,3,20,8,0,1
S01013186,99,147,16,3,0,27,1,16,7,1,3
S01013187,78,173,9,0,0,34,5,20,13,0,4
S01013188,129,262,19,3,2,38,2,21,24,0,3
S01013189,57,112,8,1,0,5,2,3,5,0,2
S01013190,133,169,26,4,0,23,7,10,15,0,7
S01013191,262,342,18,3,0,18,0,10,42,0,6
S01013192,138,161,16,0,0,22,0,8,27,0,5
S01013193,199,296,16,4,2,34,0,7,40,0,10
S01013194,104,116,6,0,0,28,4,5,22,0,2
S01013195,191,262,49,2,5,80,1,23,64,1,3
S01013196,87,163,9,1,0,30,4,8,30,0,2
S01013197,78,146,9,1,1,14,2,7,10,0,0
S01013198,192,321,17,4,0,40,2,14,35,0,10
S01013199,121,182,8,3,0,14,2,8,21,0,8
S01013200,80,152,15,1,1,12,2,14,19,0,2
S01013201,82,126,19,8,0,26,1,28,15,0,10
S01013202,80,90,11,2,1,11,4,16,10,0,3
S01013203,90,151,11,3,0,10,1,23,22,0,3
S01013204,107,214,9,0,1,1,1,15,13,0,1
S01013205,65,94,9,1,2,20,3,15,24,0,3
S01013206,72,132,17,3,0,15,0,12,24,0,4
S01013207,132,219,22,3,0,19,2,18,28,0,1
S01013208,108,185,19,0,0,25,5,14,20,0,3
S01013209,100,178,16,3,0,23,3,19,14,0,1
S01013210,83,166,16,4,0,24,0,5,15,0,5
S01013211,98,189,17,4,0,22,3,11,19,0,6
S01013212,70,165,6,0,1,7,0,2,3,0,7
S01013213,88,147,14,3,0,6,1,9,6,0,2
S01013214,73,149,7,4,0,0,1,4,2,0,1
S01013215,229,436,33,3,0,12,7,25,26,0,10
S01013216,40,98,8,1,0,12,3,20,11,0,0
S01013217,82,148,14,4,0,17,4,24,9,0,2
S01013218,43,101,11,4,0,13,0,13,8,0,0
S01013219,46,91,14,0,0,11,1,12,7,0,1
S01013220,66,134,9,2,0,17,4,13,11,0,5
S01013221,115,210,23,4,1,16,3,20,13,2,0
S01013222,60,110,16,4,1,25,1,8,20,0,0
S01013223,131,190,10,4,0,30,5,10,23,1,5
S01013224,107,233,22,2,1,18,3,14,11,0,0
S01013225,90,166,21,1,2,15,2,15,14,0,2
S01013226,76,159,7,2,0,10,0,3,12,0,3
S01013227,63,137,12,1,2,29,1,13,9,0,6
S01013228,84,140,13,0,1,31,0,15,18,0,1
S01013229,92,174,15,0,0,40,3,20,17,0,8
S01013230,63,129,8,0,0,24,2,8,12,0,3
S01013231,87,118,6,4,0,21,2,9,9,0,2
S01013232,62,145,16,1,0,32,2,8,23,0,3
S01013233,84,137,17,0,0,15,4,6,17,0,9
S01013234,63,112,1,0,0,5,0,2,6,0,3
S01013235,108,171,13,0,0,18,4,6,16,0,5
S01013236,93,191,11,0,0,12,4,11,14,0,4
S01013237,90,206,12,3,0,12,3,4,9,0,6
S01013238,89,172,17,4,0,22,4,26,11,0,2
S01013239,95,189,12,2,1,29,2,23,11,0,3
S01013240,41,89,14,3,1,16,0,14,5,0,2
S01013241,137,169,10,0,0,6,1,8,11,0,5
S01013242,109,155,13,1,0,12,0,4,8,0,5
S01013243,82,134,16,3,3,13,0,19,6,0,0
S01013244,86,158,11,0,1,6,1,9,11,0,2
S01013245,139,247,22,5,0,17,1,24,7,0,3
S01013246,113,150,12,0,0,3,4,5,8,0,1
S01013247,92,158,23,2,0,16,4,27,2,0,1
S01013248,66,127,22,2,0,15,1,14,4,0,0
S01013249,46,128,13,0,1,9,2,6,4,0,0
S01013250,284,323,14,3,0,11,6,9,16,0,5
S01013251,84,150,25,2,0,9,3,25,3,0,0
S01013252,73,102,15,0,0,11,0,11,3,0,1
S01013253,94,188,14,2,0,6,0,11,5,0,0
S01013254,63,154,12,2,0,10,0,12,3,0,2
S01013255,141,212,29,1,2,17,1,18,9,1,8
S01013256,140,168,15,2,1,15,0,19,8,0,0
S01013257,115,155,6,1,1,16,2,8,17,0,3
S01013258,101,157,12,2,0,11,0,8,8,1,0
S01013259,94,196,21,1,0,21,3,10,10,0,0
S01013260,135,221,21,3,0,20,0,18,7,0,5
S01013261,97,214,19,1,0,20,0,23,3,0,3
S01013262,74,148,15,0,0,11,0,12,4,0,1
S01013263,88,118,6,1,1,9,1,3,8,0,2
S01013264,95,102,7,0,0,6,2,3,12,0,2
S01013265,145,152,11,0,0,6,1,3,13,0,5
S01013266,129,124,7,0,2,11,2,6,10,0,0
S01013267,49,116,10,3,1,18,2,6,6,0,1
S01013268,107,169,30,2,2,21,1,7,4,0,0
S01013269,429,457,18,4,3,42,10,27,33,0,13
S01013270,169,174,6,3,1,11,1,4,10,0,0
S01013271,114,90,1,0,0,4,2,1,10,0,5
S01013272,168,176,8,0,1,9,5,2,15,0,1
S01013273,228,227,15,3,0,11,2,15,22,1,2
S01013274,118,170,10,3,0,12,1,6,21,0,1
S01013275,99,142,9,2,1,9,2,4,12,0,0
S01013276,103,133,11,0,0,17,3,12,12,0,4
S01013277,122,175,21,5,0,43,1,29,6,0,6
S01013278,112,162,21,2,1,38,2,32,5,1,0
S01013279,62,104,14,4,0,41,5,21,4,0,3
S01013280,111,127,14,3,0,18,0,19,4,1,5
S01013281,106,164,29,4,0,31,2,18,7,1,0
S01013282,105,159,18,9,1,47,4,34,6,0,0
S01013283,134,192,19,8,1,57,5,36,4,0,4
S01013284,109,168,12,4,4,10,2,27,4,0,2
S01013285,112,135,7,2,0,8,2,19,2,1,0
S01013286,98,161,8,1,0,7,4,18,5,0,1
S01013287,122,190,9,2,1,3,1,16,1,0,4
S01013288,118,140,4,0,0,16,9,25,10,0,2
S01013289,326,280,11,1,3,8,3,13,29,2,9
S01013290,130,253,14,1,5,7,3,24,5,0,2
S01013291,105,203,12,0,0,8,2,32,4,0,1
S01013292,314,433,23,2,0,16,1,49,9,4,9
S01013293,115,167,7,0,2,5,4,17,4,1,1
S01013294,114,161,7,0,2,4,1,24,1,0,2
S01013295,117,190,4,0,0,7,2,24,0,1,2
S01013296,82,153,21,2,0,16,0,22,2,0,3
S01013297,89,174,13,1,1,14,2,20,5,0,4
S01013298,629,783,24,1,7,20,20,83,26,4,22
S01013299,164,275,26,3,1,17,9,12,10,2,5
S01013300,97,162,11,1,0,23,3,11,12,0,4
S01013301,75,127,11,0,3,11,2,6,7,0,4
S01013302,175,218,10,0,1,12,1,8,22,0,2
S01013303,129,160,20,1,0,17,1,23,7,0,2
S01013304,105,171,32,3,2,37,7,43,5,0,0
S01013305,109,147,22,8,1,34,5,23,7,0,1
S01013306,93,173,26,1,1,42,9,42,5,1,4
S01013307,124,177,32,3,3,43,6,37,4,0,2
S01013308,86,169,36,4,0,25,5,46,8,0,0
S01013309,217,182,14,2,0,39,4,15,22,2,1
S01013310,84,122,17,6,4,37,0,22,4,0,0
S01013311,107,176,21,3,2,37,0,27,2,0,2
S01013312,140,228,31,8,0,45,4,50,3,1,3
S01013313,100,137,22,2,0,33,3,15,3,0,4
S01013314,99,134,16,6,0,29,0,29,6,1,7
S01013315,168,185,13,4,3,7,2,4,21,0,7
S01013316,85,116,6,1,0,9,7,2,13,0,1
S01013317,111,171,3,0,0,17,1,4,11,0,2
S01013318,119,165,12,4,0,7,4,1,15,0,1
S01013319,111,143,9,0,1,13,1,5,18,0,5
S01013320,230,254,13,3,0,20,3,10,24,1,3
S01013321,62,99,9,0,0,12,4,7,0,0,3
S01013322,95,169,12,2,0,31,6,6,13,0,2
S01013323,135,190,22,2,0,44,6,12,3,0,3
S01013324,99,99,18,3,1,30,3,16,6,0,1
S01013325,156,189,37,9,1,34,3,25,8,0,3
S01013326,63,104,16,4,2,26,1,20,5,0,4
S01013327,82,138,21,5,0,23,2,19,7,0,4
S01013328,82,99,14,3,1,32,7,31,8,0,4
S01013329,70,105,16,1,0,26,5,15,5,0,3
S01013330,223,273,25,1,1,34,1,13,28,0,7
S01013331,152,154,17,4,1,12,0,13,24,0,5
S01013332,94,160,18,2,0,13,4,19,13,0,3
S01013333,129,238,22,2,2,13,4,12,20,2,4
S01013334,101,164,27,5,0,18,6,32,4,0,3
S01013335,88,155,39,4,2,32,4,21,7,0,5
S01013336,110,129,22,8,0,27,4,39,13,0,2
S01013337,146,186,15,4,0,20,2,22,12,0,2
S01013338,138,139,7,3,0,3,1,3,6,0,3
S01013339,97,132,5,0,0,4,3,10,13,0,0
S01013340,134,147,7,1,1,13,6,9,17,0,4
S01013341,206,263,12,3,0,14,2,16,27,2,4
S01013342,81,128,23,2,0,17,2,21,7,0,0
S01013343,98,145,19,2,0,8,3,14,11,0,3
S01013344,98,142,20,5,0,26,3,19,7,0,0
S01013345,99,178,23,8,2,22,5,15,15,0,2
S01013346,148,219,24,0,1,16,2,15,18,0,4
S01013347,115,203,15,3,1,18,3,16,15,0,0
S01013348,169,184,16,0,0,14,6,9,30,2,2
S01013349,193,175,24,6,2,20,2,18,34,2,2
S01013350,97,121,14,0,1,14,0,18,22,0,2
S01013351,92,143,17,4,0,13,0,15,12,0,1
S01013352,102,184,18,1,0,21,3,11,12,2,4
S01013353,94,149,22,2,0,22,5,17,9,1,0
S01013354,88,203,9,5,0,0,3,7,14,0,3
S01013355,93,173,14,0,0,10,1,11,4,0,0
S01013356,94,134,21,1,0,10,1,11,1,0,2
S01013357,156,258,28,3,0,16,3,21,17,1,0
S01013358,106,199,21,0,0,13,1,18,3,0,4
S01013359,78,125,21,1,0,7,1,23,4,0,2
S01013360,80,152,16,0,1,19,2,20,3,0,2
S01013361,45,112,17,6,0,12,2,12,3,2,1
S01013362,42,117,15,0,0,14,4,14,3,0,0
S01013363,87,157,23,4,1,17,4,36,2,2,0
S01013364,152,254,17,4,0,17,0,8,9,1,2
S01013365,155,257,21,2,1,8,0,14,9,0,2
S01013366,129,257,22,0,1,12,5,10,6,0,1
S01013367,102,124,12,0,0,3,0,3,4,0,0
S01013368,127,178,23,0,0,14,2,17,9,0,3
S01013369,91,154,20,1,1,19,1,32,4,0,1
S01013370,75,150,24,1,2,20,0,26,3,0,1
S01013371,73,122,12,0,1,11,0,17,6,0,0
S01013372,102,231,46,4,4,30,1,56,3,0,1
S01013373,109,208,30,0,2,17,2,36,8,0,4
S01013374,96,164,25,3,4,16,0,34,6,0,1
S01013375,67,104,19,0,0,12,1,11,1,0,1
S01013376,66,122,21,0,1,7,0,19,3,0,3
S01013377,101,193,17,2,0,22,1,18,3,2,1
S01013378,129,219,19,1,0,18,0,21,11,0,4
S01013379,111,149,14,2,0,10,1,19,4,0,2
S01013380,734,1107,38,5,3,20,4,51,71,0,18
S01013381,51,111,2,1,0,5,0,8,2,0,1
S01013382,83,165,12,1,0,10,0,11,8,1,2
S01013383,78,154,13,0,1,15,1,26,6,0,0
S01013384,110,211,15,0,1,14,3,24,7,0,0
S01013385,56,117,13,0,0,8,2,11,5,0,0
S01013386,130,218,9,0,1,12,1,11,4,0,0
S01013387,58,160,13,4,2,20,0,23,7,0,0
S01013388,93,166,15,1,2,18,1,26,6,0,0
S01013389,83,167,20,3,0,12,3,20,11,0,2
S01013390,61,109,15,1,0,15,0,24,6,0,0
S01013391,61,112,5,0,0,6,1,7,6,0,2
S01013392,153,262,8,0,0,7,1,15,16,0,2
S01013393,120,163,13,1,1,12,1,9,10,0,0
S01013394,59,132,14,0,0,11,0,15,6,0,3
S01013395,37,86,20,0,2,16,4,33,7,0,2
S01013396,141,245,8,3,0,2,0,8,20,0,3
S01013397,117,230,17,1,1,15,1,25,9,0,0
S01013398,116,152,11,0,1,4,3,5,16,0,5
S01013399,205,330,13,0,1,17,4,12,9,0,2
S01013400,106,194,25,1,2,18,4,15,18,0,5
S01013401,727,957,39,7,3,39,10,30,80,2,13
S01013402,250,366,14,1,0,12,4,12,37,1,5
S01013403,205,257,15,1,3,19,0,17,24,3,1
S01013404,104,151,9,3,1,10,6,9,13,0,2
S01013405,74,124,23,0,1,13,4,19,4,0,0
S01013406,90,133,27,1,2,19,1,20,5,0,0
S01013407,72,129,18,1,0,10,2,12,4,1,4
S01013408,68,122,23,2,0,17,0,24,7,0,0
S01013409,144,219,20,3,0,13,3,18,18,0,5
S01013410,72,126,14,1,2,17,4,20,7,0,0
S01013411,119,175,19,0,2,18,4,38,22,0,5
S01013412,103,180,16,2,0,10,3,13,15,0,2
S01013413,143,164,6,0,0,19,4,12,20,0,5
S01013414,85,146,10,0,0,20,4,21,29,1,2
S01013415,75,88,16,3,1,27,1,17,13,0,1
S01013416,74,110,14,3,0,13,1,17,8,0,0
S01013417,123,171,18,1,1,21,4,23,16,1,5
S01013418,105,140,15,1,0,12,4,13,17,0,0
S01013419,67,112,7,0,0,8,2,4,4,0,0
S01013420,80,121,11,1,0,18,4,12,9,0,1
S01013421,138,210,17,3,2,14,1,8,13,0,2
S01013422,115,192,14,3,1,13,0,13,15,0,0
S01013423,122,204,11,0,0,16,2,6,14,0,6
S01013424,90,125,6,0,0,8,0,2,5,0,2
S01013425,59,90,7,0,0,4,1,4,4,1,0
S01013426,90,163,14,0,0,19,0,16,11,0,1
S01013427,121,165,7,0,0,6,0,0,11,0,7
S01013428,106,171,19,2,1,23,5,20,13,0,2
S01013429,109,214,19,0,0,6,0,16,14,0,2
S01013430,147,271,14,0,2,4,0,8,5,0,4
S01013431,105,152,11,1,0,9,2,12,7,0,3
S01013432,140,201,12,0,0,6,3,2,10,1,6
S01013433,129,185,7,0,1,7,3,6,18,0,3
S01013434,130,147,7,0,0,6,0,0,15,0,4
S01013435,120,112,5,0,0,6,3,6,24,0,5
S01013436,127,179,12,1,2,29,2,10,13,0,3
S01013437,97,134,10,1,0,38,2,8,17,0,3
S01013438,93,104,9,2,1,23,2,11,16,0,4
S01013439,146,129,7,0,1,10,0,0,32,0,0
S01013440,187,134,3,1,0,14,3,0,37,0,4
S01013441,151,120,3,0,0,9,0,5,39,0,3
S01013442,116,124,7,0,2,18,1,7,30,0,5
S01013443,137,124,3,0,0,17,2,4,21,0,4
S01013444,150,143,9,0,1,49,0,12,45,0,7
S01013445,103,85,4,4,0,16,0,2,20,0,0
S01013446,112,166,13,1,0,25,2,7,16,0,1
S01013447,144,116,1,0,1,5,0,2,17,0,3
S01013448,131,100,4,0,0,9,4,1,26,0,0
S01013449,102,119,6,0,0,8,0,2,24,1,1
S01013450,105,106,11,0,0,11,2,4,25,0,1
S01013451,141,160,9,0,2,11,1,6,36,1,5
S01013452,180,157,8,1,0,17,1,5,28,0,4
S01013453,74,184,22,3,4,8,1,35,5,0,0
S01013454,170,182,6,0,2,6,3,7,22,1,3
S01013455,362,557,10,0,3,24,7,63,14,7,13
S01013456,129,181,12,2,2,13,3,28,1,0,2
S01013457,116,191,17,2,2,20,1,37,0,1,2
S01013458,241,354,12,0,5,8,1,34,9,3,8
S01013459,96,172,13,4,4,31,2,28,3,1,1
S01013460,107,189,19,3,0,16,3,32,4,1,2
S01013461,151,297,30,1,3,32,4,43,6,4,5
S01013462,140,240,9,0,2,15,3,10,7,2,3
S01013463,102,234,20,1,2,13,4,41,7,1,0
S01013464,103,174,13,2,2,8,0,7,8,0,3
S01013465,81,145,13,0,0,7,2,7,9,0,2
S01013466,83,70,2,0,0,11,0,3,3,0,0
S01013467,167,249,14,1,4,11,4,7,17,4,4
S01013468,83,131,13,0,0,12,2,25,9,0,5
S01013469,120,153,12,0,0,15,2,14,6,0,1
S01013470,108,132,13,1,1,9,3,27,6,0,1
S01013471,124,205,17,3,1,18,7,26,7,0,3
S01013472,146,174,15,0,0,9,3,16,13,2,3
S01013473,140,182,4,4,2,8,1,12,9,0,4
S01013474,86,158,9,0,0,7,4,17,8,4,5
S01013475,100,148,6,0,0,10,4,19,3,2,1
S01013476,77,116,8,0,1,22,0,14,6,2,1
S01013477,90,94,14,0,0,17,2,24,2,1,1
S01013478,135,198,22,0,3,23,4,34,6,2,3
S01013479,84,126,13,0,4,24,3,35,0,4,4
S01013480,81,118,14,1,2,34,1,26,2,1,0
S01013481,180,268,12,4,2,22,8,29,6,6,4
,,,,,,,,,,,
,,,,,,,,,,,
Cells in this table have been randomly adjusted to avoid the release of confidential data.,,,,,,,,,,,