Intermediate Zone - Data Zone 2011,"Managers, Directors and Senior Officials - Total",Professional Occupations - Total,Associate Professional and Technical Occupations - Total,Administrative and Secretarial Occupations - Total,Skilled Trade Occupations - Total,"Caring, Leisure and Other Service Occupations - Total",Sales and Customer Service Occupations - Total,"Process, Plant and Machine Operatives - Total",Elementary Occupations - Total
S01006506,27,107,90,43,67,54,24,30,45
S01006507,21,89,36,40,41,33,16,21,34
S01006508,28,80,57,38,28,25,19,17,27
S01006509,23,66,39,27,30,24,22,11,28
S01006510,19,74,36,24,44,32,18,15,25
S01006511,28,83,64,34,26,17,18,9,22
S01006512,26,80,42,24,24,21,9,10,13
S01006513,54,206,77,46,31,19,13,13,14
S01006514,62,160,81,49,33,21,18,16,30
S01006515,47,143,59,35,24,19,11,8,16
S01006516,40,76,32,13,19,32,4,6,16
S01006517,121,372,165,123,88,62,54,55,51
S01006518,53,90,41,21,10,16,5,4,16
S01006519,61,137,54,35,12,13,12,11,10
S01006520,39,136,55,21,10,11,20,7,15
S01006521,67,124,65,23,14,5,12,6,7
S01006522,27,159,51,21,15,18,9,6,13
S01006523,43,137,54,33,23,20,11,16,19
S01006524,45,118,55,28,23,40,12,33,20
S01006525,49,113,47,22,21,22,17,8,20
S01006526,22,64,48,35,46,64,37,32,51
S01006527,24,72,63,45,33,44,31,40,72
S01006528,20,80,61,55,44,74,50,44,87
S01006529,28,82,47,37,50,46,42,28,68
S01006530,15,45,31,27,36,43,33,27,53
S01006531,15,63,57,27,33,46,47,19,72
S01006532,28,111,49,32,26,16,12,8,26
S01006533,61,135,61,37,26,10,12,10,13
S01006534,55,164,66,47,23,26,20,9,27
S01006535,47,179,110,55,39,47,41,34,49
S01006536,33,135,93,55,38,33,32,20,35
S01006537,37,142,69,34,23,10,14,11,11
S01006538,26,85,52,34,22,23,14,11,17
S01006539,56,107,65,45,26,15,17,15,9
S01006540,48,150,74,54,32,39,17,16,32
S01006541,39,135,59,41,19,17,11,15,18
S01006542,47,155,75,56,39,32,23,22,26
S01006543,43,137,63,42,27,13,14,12,23
S01006544,81,205,106,50,36,21,28,21,20
S01006545,46,183,92,46,29,12,18,24,22
S01006546,29,103,54,31,14,14,8,5,11
S01006547,145,343,174,91,87,65,46,54,70
S01006548,37,124,48,45,27,16,13,12,12
S01006549,93,128,60,42,29,17,13,12,19
S01006550,47,137,63,50,23,14,12,18,14
S01006551,20,47,32,30,29,24,10,16,41
S01006552,34,140,70,61,36,34,29,30,42
S01006553,29,88,35,28,36,27,15,21,38
S01006554,24,93,70,34,38,43,23,29,47
S01006555,13,28,28,17,20,26,14,27,27
S01006556,14,46,44,37,35,55,28,41,50
S01006557,11,50,39,35,50,53,33,43,52
S01006558,22,148,50,23,17,25,15,17,19
S01006559,26,111,46,21,10,25,22,6,7
S01006560,41,205,79,49,26,18,19,11,23
S01006561,33,175,53,21,28,23,15,9,15
S01006562,48,178,54,33,25,22,17,20,20
S01006563,38,177,49,38,26,47,22,9,35
S01006564,23,98,60,43,46,40,51,22,61
S01006565,16,81,64,33,31,47,30,19,79
S01006566,28,178,75,32,34,40,38,17,27
S01006567,19,96,63,27,26,25,33,23,68
S01006568,33,203,89,47,50,49,49,17,59
S01006569,23,111,43,24,14,22,12,8,21
S01006570,51,151,63,33,26,20,16,13,24
S01006571,63,195,79,53,36,35,33,15,38
S01006572,79,156,52,33,19,16,18,9,20
S01006573,61,165,50,27,18,16,10,16,12
S01006574,100,203,68,33,20,19,24,5,23
S01006575,59,200,73,36,40,29,19,13,23
S01006576,39,127,57,42,21,8,19,19,27
S01006577,40,178,83,37,24,32,23,18,32
S01006578,39,176,96,71,53,40,57,26,56
S01006579,38,167,97,46,30,41,49,33,52
S01006580,32,159,56,44,31,25,24,13,32
S01006581,63,151,67,44,19,15,22,14,23
S01006582,38,146,80,43,40,83,45,32,85
S01006583,21,110,64,45,41,66,66,22,84
S01006584,37,127,53,35,27,38,31,17,63
S01006585,25,79,48,42,48,65,51,34,90
S01006586,44,183,84,56,51,77,81,19,122
S01006587,14,72,37,30,43,53,50,21,76
S01006588,17,65,39,38,40,48,42,34,75
S01006589,16,55,41,23,51,50,46,31,82
S01006590,42,107,62,39,45,45,45,24,87
S01006591,36,97,71,41,44,50,30,28,51
S01006592,31,120,78,41,30,41,32,27,38
S01006593,20,127,70,36,32,37,26,12,47
S01006594,21,79,41,23,24,36,29,10,28
S01006595,31,181,105,59,42,29,32,24,60
S01006596,53,137,75,35,36,36,21,24,29
S01006597,20,74,54,39,21,35,30,14,37
S01006598,43,143,79,44,27,24,20,16,15
S01006599,19,73,51,45,34,48,38,37,59
S01006600,33,163,99,49,46,40,36,23,42
S01006601,37,144,84,67,45,29,26,25,48
S01006602,50,142,58,43,32,15,14,12,22
S01006603,9,48,17,39,55,33,27,29,52
S01006604,11,38,45,42,37,28,29,53,53
S01006605,17,33,35,31,32,44,31,39,49
S01006606,30,70,54,42,42,24,22,24,33
S01006607,24,46,47,53,61,47,43,50,64
S01006608,117,360,261,187,154,110,71,92,83
S01006609,22,55,61,58,61,44,42,41,87
S01006610,1,24,24,34,26,35,22,14,42
S01006611,15,54,49,49,56,50,45,47,82
S01006612,31,65,52,48,48,47,27,36,63
S01006613,27,58,43,40,31,24,10,24,22
S01006614,28,83,69,63,51,25,14,26,33
S01006615,50,96,71,49,54,36,21,33,25
S01006616,24,77,66,61,44,30,29,36,34
S01006617,29,68,61,51,52,32,21,34,36
S01006618,24,32,28,35,36,10,12,14,27
S01006619,31,75,54,54,73,35,27,26,37
S01006620,23,63,56,48,60,38,21,35,51
S01006621,10,44,38,32,39,21,27,23,24
S01006622,20,65,56,53,44,38,28,37,39
S01006623,22,58,60,61,64,57,51,44,72
S01006624,31,85,66,70,70,61,30,54,110
S01006625,15,34,38,25,52,27,19,27,53
S01006626,8,7,17,22,30,41,21,33,62
S01006627,24,41,52,25,43,56,46,43,93
S01006628,22,50,48,47,37,60,43,51,105
S01006629,16,28,31,27,50,33,34,55,80
S01006630,16,34,38,27,48,52,29,39,53
S01006631,10,50,44,32,48,49,39,59,87
S01006632,15,18,29,36,26,46,18,35,94
S01006633,7,27,20,22,31,44,21,41,87
S01006634,9,12,22,15,32,33,25,35,66
S01006635,14,28,34,27,48,32,23,43,55
S01006636,14,27,23,19,41,40,25,67,81
S01006637,18,66,48,26,34,41,28,34,42
S01006638,13,67,51,33,42,49,43,34,75
S01006639,21,68,34,38,50,44,48,41,104
S01006640,28,134,89,53,38,42,67,35,72
S01006641,31,131,65,44,53,61,69,29,120
S01006642,13,85,70,47,38,56,101,28,152
S01006643,23,77,50,29,43,32,36,24,55
S01006644,26,145,96,67,57,66,77,50,100
S01006645,16,25,24,23,25,37,33,28,79
S01006646,16,59,33,22,17,43,102,18,129
S01006647,22,37,24,26,31,37,37,27,74
S01006648,28,117,60,50,51,94,84,51,135
S01006649,20,96,53,54,46,81,44,42,99
S01006650,17,85,37,17,33,53,44,29,58
S01006651,10,44,44,16,25,45,35,16,77
S01006652,7,78,60,42,44,46,91,16,83
S01006653,18,95,54,23,20,18,20,14,33
S01006654,15,61,27,41,35,65,39,25,61
S01006655,40,257,88,45,32,24,30,19,31
S01006656,26,113,82,37,38,59,40,33,60
S01006657,4,56,31,28,17,30,30,22,42
S01006658,33,124,67,45,64,85,70,57,171
S01006659,14,61,46,35,25,23,39,5,59
S01006660,7,36,21,18,24,22,28,18,62
S01006661,7,47,28,20,14,19,30,14,36
S01006662,23,42,38,20,33,31,30,21,68
S01006663,16,65,29,13,16,18,25,7,31
S01006664,8,41,24,24,25,26,17,13,37
S01006665,18,67,27,14,23,39,76,20,83
S01006666,17,101,75,47,65,71,34,52,111
S01006667,9,38,13,17,34,42,25,54,82
S01006668,17,71,33,32,19,44,60,23,68
S01006669,18,74,26,27,22,28,56,30,70
S01006670,31,59,81,44,32,44,53,24,129
S01006671,22,76,57,36,32,39,147,24,151
S01006672,7,48,28,23,27,24,32,34,80
S01006673,16,51,37,27,30,52,37,23,81
S01006674,11,32,28,25,48,33,18,37,79
S01006675,13,16,21,14,50,35,33,54,112
S01006676,9,29,25,11,38,40,29,52,59
S01006677,15,50,25,44,70,60,43,59,110
S01006678,19,89,64,54,101,82,68,92,164
S01006679,22,59,45,40,31,30,17,25,25
S01006680,12,30,29,31,63,56,28,77,109
S01006681,24,85,62,36,37,29,27,47,56
S01006682,5,31,41,20,47,46,23,52,98
S01006683,12,54,36,30,54,50,33,41,103
S01006684,10,37,30,34,30,35,16,36,66
S01006685,22,31,31,28,32,36,33,36,61
S01006686,9,36,20,21,24,37,24,29,46
S01006687,19,50,43,31,47,55,29,33,60
S01006688,22,80,42,41,34,36,20,17,38
S01006689,45,236,86,35,47,35,31,19,25
S01006690,14,67,41,31,23,40,26,22,49
S01006691,24,106,43,39,28,32,25,15,43
S01006692,19,97,60,27,33,35,30,19,32
S01006693,42,89,50,51,62,73,44,46,77
S01006694,17,24,31,33,45,43,23,41,74
S01006695,16,58,36,40,42,40,23,33,66
S01006696,18,45,34,41,41,51,26,33,67
S01006697,15,61,37,38,46,53,26,31,63
S01006698,13,41,22,25,27,37,21,31,68
S01006699,8,38,18,25,17,23,20,15,28
S01006700,19,68,32,24,30,38,22,26,65
S01006701,12,28,32,32,58,41,31,26,64
S01006702,16,37,36,30,51,60,28,53,64
S01006703,8,32,27,25,31,49,25,36,51
S01006704,14,25,26,29,35,32,23,31,68
S01006705,11,32,43,43,51,62,34,40,60
S01006706,14,41,46,36,44,40,20,36,35
S01006707,7,20,23,17,27,30,22,20,33
S01006708,10,40,46,58,44,54,27,32,63
S01006709,22,48,43,42,44,65,33,37,62
S01006710,19,36,38,39,45,52,28,46,48
S01006711,14,56,34,43,59,43,34,35,69
S01006712,11,21,26,28,41,30,12,26,40
S01006713,16,33,44,52,47,76,31,56,80
S01006714,11,37,23,29,32,48,21,30,68
S01006715,15,16,19,17,31,50,21,31,60
S01006716,9,25,27,16,39,42,20,30,43
S01006717,17,48,48,34,59,54,24,56,74
S01006718,17,17,23,28,32,39,26,41,65
S01006719,27,41,43,42,53,67,38,57,86
S01006720,6,27,28,25,45,42,25,29,56
S01006721,9,36,30,36,55,43,25,55,78
S01006722,14,43,34,31,45,41,30,30,70
S01006723,16,29,36,40,31,33,17,30,49
S01006724,12,20,30,21,45,64,41,34,88
S01006725,11,17,23,25,44,43,24,42,70
S01006726,4,27,17,24,35,42,30,33,59
S01006727,9,35,44,30,54,60,31,42,128
S01006728,16,41,36,32,43,48,24,47,84
S01006729,19,43,44,32,44,70,32,44,117
S01006730,12,36,35,30,50,46,27,37,53
S01006731,17,18,21,23,43,29,16,24,48
S01006732,113,239,183,94,94,76,42,48,71
S01006733,43,148,76,69,30,27,32,25,23
S01006734,39,162,90,57,40,30,26,18,30
S01006735,31,62,27,24,13,14,13,4,12
S01006736,60,201,107,61,40,48,33,29,35
S01006737,80,277,145,95,73,63,50,46,59
S01006738,66,209,182,111,111,72,57,80,89
S01006739,69,262,196,116,115,112,53,72,99
S01006740,24,35,47,38,39,30,25,35,60
S01006741,11,33,33,46,33,31,15,25,40
S01006742,11,23,27,27,25,22,18,15,28
S01006743,40,109,85,61,53,35,31,43,39
S01006744,24,28,33,38,29,30,24,27,32
S01006745,21,41,58,37,55,53,38,42,58
S01006746,21,67,43,51,66,36,20,42,50
S01006747,33,125,90,60,78,50,40,38,44
S01006748,46,145,155,95,109,63,44,74,103
S01006749,23,54,56,58,50,46,36,36,51
S01006750,14,31,47,40,43,18,20,25,33
S01006751,8,41,30,18,26,14,10,28,15
S01006752,14,42,41,41,37,22,26,31,39
S01006753,34,80,70,53,52,32,25,23,37
S01006754,29,68,66,66,53,36,25,24,33
S01006755,39,97,73,42,42,27,31,29,44
S01006756,38,123,76,37,40,31,17,22,18
S01006757,35,87,56,63,43,25,23,30,26
S01006758,19,75,55,51,44,19,30,19,23
S01006759,14,59,48,38,28,16,17,19,20
S01006760,25,57,45,47,29,18,11,29,14
S01006761,19,60,51,51,43,27,25,21,34
S01006762,81,215,166,84,62,50,43,34,36
S01006763,36,93,92,81,57,56,34,23,38
S01006764,33,79,62,56,45,35,32,34,39
S01006765,20,60,47,48,47,37,25,24,29
S01006766,33,83,50,33,32,23,25,17,21
S01006767,15,62,46,56,40,25,19,26,26
S01006768,28,72,52,38,22,12,14,14,15
S01006769,34,84,70,58,51,43,29,29,40
S01006770,25,45,43,39,30,22,23,17,22
S01006771,24,32,39,28,22,9,14,14,11
S01006772,28,75,61,54,55,26,26,33,27
S01006773,24,92,85,67,41,38,28,31,25
S01006774,17,60,39,43,22,21,28,19,14
S01006775,39,104,71,66,62,43,29,36,60
S01006776,13,29,26,30,26,28,14,23,15
S01006777,11,40,44,51,34,25,22,15,15
S01006778,13,42,41,35,33,28,23,21,25
S01006779,14,35,38,26,26,38,28,18,29
S01006780,16,49,40,32,20,15,13,15,21
S01006781,14,51,56,26,34,21,13,19,25
S01006782,27,97,92,55,46,30,25,17,27
S01006783,14,36,37,27,25,22,12,18,23
S01006784,24,78,40,47,34,17,26,15,19
S01006785,23,71,39,45,32,17,18,19,19
S01006786,34,94,58,68,52,20,25,22,26
S01006787,22,59,38,35,31,23,19,21,27
S01006788,131,328,240,170,134,102,69,65,72
S01006789,33,36,20,26,36,26,25,33,33
S01006790,40,30,29,29,59,37,29,32,69
S01006791,47,42,45,31,63,27,10,20,30
S01006792,36,29,27,16,64,24,10,16,33
S01006793,37,45,34,36,50,14,22,10,44
S01006794,26,42,34,22,34,37,16,18,29
S01006795,42,100,42,22,37,29,12,17,25
S01006796,56,105,69,25,71,36,21,22,37
S01006797,45,64,37,19,39,19,24,18,35
S01006798,49,67,37,26,61,33,12,17,24
S01006799,37,67,49,39,66,40,22,32,49
S01006800,59,123,77,26,54,28,16,24,23
S01006801,67,183,120,75,91,55,37,40,68
S01006802,31,78,55,30,60,28,17,34,64
S01006803,28,44,58,26,35,37,16,26,36
S01006804,27,86,62,26,42,40,21,38,41
S01006805,58,120,66,36,94,52,25,48,57
S01006806,58,116,79,53,102,44,27,37,67
S01006807,41,62,48,29,44,33,14,33,24
S01006808,45,96,55,34,44,27,13,29,20
S01006809,39,66,38,33,50,40,20,32,34
S01006810,45,109,54,32,52,26,24,25,36
S01006811,59,126,105,46,84,51,17,36,61
S01006812,55,94,71,35,85,40,22,37,51
S01006813,36,82,66,39,80,33,38,41,51
S01006814,41,96,59,40,47,33,26,22,25
S01006815,26,44,47,17,45,31,20,32,49
S01006816,29,62,46,25,32,23,27,14,31
S01006817,50,93,41,32,55,46,22,43,50
S01006818,54,103,58,39,54,28,25,39,36
S01006819,89,182,77,53,88,36,20,37,52
S01006820,35,91,62,37,35,35,19,25,20
S01006821,112,306,213,106,117,71,48,55,68
S01006822,80,182,104,60,65,41,19,37,36
S01006823,22,80,51,25,32,29,16,16,28
S01006824,21,55,35,36,68,58,34,32,69
S01006825,31,82,37,39,41,35,27,33,47
S01006826,36,109,52,45,33,32,17,22,51
S01006827,20,92,57,34,42,42,26,30,52
S01006828,30,86,66,38,49,45,22,28,55
S01006829,25,65,46,15,14,14,11,12,11
S01006830,23,63,49,33,44,26,17,22,35
S01006831,20,43,28,27,28,17,9,16,12
S01006832,46,119,62,37,41,29,12,17,31
S01006833,28,74,44,20,8,14,4,8,10
S01006834,29,72,53,31,18,19,16,14,22
S01006835,26,93,53,32,42,35,21,24,30
S01006836,32,82,60,33,26,20,24,14,20
S01006837,16,61,27,15,35,19,20,19,31
S01006838,26,100,49,43,30,22,21,16,35
S01006839,33,91,75,49,53,38,24,34,34
S01006840,57,150,86,71,68,41,36,32,39
S01006841,37,106,62,52,48,37,29,28,32
S01006842,20,57,46,61,42,34,20,33,41
S01006843,26,70,57,85,43,38,31,31,36
S01006844,27,57,43,37,36,25,30,29,49
S01006845,31,95,85,66,51,38,35,33,26
S01006846,19,50,33,28,34,29,18,21,26
S01006847,28,44,50,41,44,34,20,36,25
S01006848,119,242,172,115,93,52,43,62,52
S01006849,120,307,167,130,114,95,60,61,69
S01006850,26,74,75,46,66,48,48,39,65
S01006851,34,51,47,45,51,35,32,27,40
S01006852,31,64,37,20,37,15,6,15,25
S01006853,87,164,69,41,54,23,18,16,23
S01006854,34,105,49,38,60,42,18,18,32
S01006855,65,164,66,27,47,27,15,18,27
S01006856,56,118,47,35,48,19,16,17,31
S01006857,77,172,93,54,92,47,14,35,50
S01006858,39,97,59,41,49,28,4,24,25
S01006859,45,135,58,37,32,20,22,29,35
S01006860,20,35,21,14,25,37,16,10,27
S01006861,43,95,48,27,34,14,7,13,19
S01006862,20,68,50,28,48,25,20,24,28
S01006863,24,66,32,26,53,36,20,34,32
S01006864,27,95,58,32,55,35,23,15,31
S01006865,50,112,79,27,42,44,21,18,58
S01006866,24,66,36,17,22,13,9,7,9
S01006867,31,76,41,16,25,18,18,4,17
S01006868,31,102,44,29,38,46,27,33,36
S01006869,31,53,34,15,33,26,10,14,20
S01006870,16,54,31,28,35,16,13,15,21
S01006871,44,70,51,21,46,24,20,15,20
S01006872,82,192,97,60,54,34,24,24,44
S01006873,43,117,43,31,68,29,17,27,30
S01006874,37,72,45,34,60,28,15,12,25
S01006875,27,52,19,24,76,37,26,29,35
S01006876,54,92,64,47,97,41,29,27,57
S01006877,61,89,51,34,108,36,17,37,41
S01006878,31,61,44,25,69,25,16,31,50
S01006879,35,68,41,31,87,31,13,21,42
S01006880,46,100,100,36,26,37,16,24,24
S01006881,39,69,38,29,59,16,14,15,34
S01006882,7,22,21,16,18,17,7,19,20
S01006883,11,25,29,25,35,21,7,17,16
S01006884,35,91,61,38,60,32,9,26,55
S01006885,50,138,99,59,80,47,31,28,46
S01006886,56,157,85,41,65,33,26,24,38
S01006887,34,103,68,32,44,24,16,25,34
S01006888,53,118,74,51,68,28,19,26,60
S01006889,15,41,38,30,43,48,30,34,70
S01006890,25,63,41,40,32,21,21,18,27
S01006891,43,108,73,46,45,50,33,36,45
S01006892,17,42,34,26,42,30,21,26,40
S01006893,15,26,28,21,34,24,22,25,35
S01006894,23,78,71,40,58,33,23,32,34
S01006895,22,64,39,34,46,37,30,30,46
S01006896,25,56,55,37,51,30,43,28,46
S01006897,18,53,44,32,60,25,22,28,44
S01006898,23,60,44,46,51,38,36,25,37
S01006899,19,65,62,38,46,21,20,22,35
S01006900,19,41,40,24,41,21,13,24,23
S01006901,9,43,33,18,47,36,27,31,41
S01006902,17,46,49,25,37,27,20,26,42
S01006903,23,55,56,37,54,41,31,47,63
S01006904,20,52,33,18,35,36,27,31,41
S01006905,42,85,44,32,35,34,28,28,39
S01006906,12,44,42,28,47,41,22,29,58
S01006907,36,69,62,36,48,33,32,36,48
S01006908,36,48,60,39,53,42,42,30,43
S01006909,65,162,108,78,66,46,28,33,46
S01006910,78,139,98,52,70,28,18,29,31
S01006911,49,122,72,47,43,18,21,20,23
S01006912,71,119,72,52,56,35,14,28,27
S01006913,123,396,273,182,148,113,76,72,93
S01006914,40,89,63,28,59,25,19,18,29
S01006915,55,104,60,46,83,33,15,23,39
S01006916,23,56,39,27,27,35,17,13,18
S01006917,56,164,101,68,49,24,37,27,49
S01006918,18,52,50,30,26,11,17,15,16
S01006919,25,43,17,31,25,23,7,15,16
S01006920,22,45,37,37,21,22,6,13,24
S01006921,40,111,91,61,39,31,29,22,28
S01006922,57,77,57,39,41,30,21,24,30
S01006923,41,69,61,34,53,18,14,35,34
S01006924,36,75,43,33,54,16,16,20,19
S01006925,12,37,31,28,22,18,9,18,18
S01006926,42,101,75,60,44,28,21,24,31
S01006927,65,169,119,84,60,38,29,22,41
S01006928,54,126,98,80,78,45,36,62,66
S01006929,58,141,58,59,19,15,10,10,20
S01006930,28,113,78,50,38,20,17,17,9
S01006931,22,55,31,9,24,8,10,10,10
S01006932,87,195,110,72,46,50,50,32,41
S01006933,22,64,42,35,31,20,16,13,17
S01006934,80,169,103,71,62,38,22,30,52
S01006935,27,62,46,37,33,22,14,18,21
S01006936,32,68,48,41,30,21,17,15,19
S01006937,21,79,68,52,49,29,20,20,28
S01006938,13,44,28,27,21,15,18,15,26
S01006939,29,74,53,38,28,19,19,14,19
S01006940,37,115,67,63,38,24,24,17,34
S01006941,23,44,55,25,36,25,26,27,27
S01006942,36,125,72,71,39,29,40,25,38
S01006943,46,128,65,39,25,21,23,9,21
S01006944,70,186,115,72,67,44,33,19,48
S01006945,19,66,32,26,27,8,15,4,12
S01006946,47,82,50,33,31,30,22,25,16
S01006947,34,101,98,70,56,38,29,26,42
S01006948,42,119,61,43,57,38,24,22,34
S01006949,41,110,64,28,40,23,13,11,16
S01006950,46,139,91,66,41,30,24,23,27
S01006951,22,41,36,18,34,24,16,16,26
S01006952,45,105,69,53,73,28,31,27,43
S01006953,38,102,81,50,48,27,19,25,24
S01006954,50,101,77,55,57,29,29,32,38
S01006955,18,45,60,32,31,35,16,16,21
S01006956,48,127,105,80,55,42,41,39,41
S01006957,56,153,101,64,75,29,24,38,43
S01006958,55,167,131,57,83,60,29,43,51
S01006959,24,64,34,31,47,26,14,22,26
S01006960,49,138,74,53,47,53,38,34,47
S01006961,45,143,98,55,65,42,46,22,34
S01006962,32,84,47,46,59,25,30,28,39
S01006963,29,65,44,40,41,29,16,26,23
S01006964,20,75,57,40,57,47,22,14,39
S01006965,16,34,31,28,30,21,12,16,17
S01006966,13,36,37,41,41,30,31,33,39
S01006967,28,64,57,36,44,36,29,16,29
S01006968,14,32,35,25,30,18,10,17,15
S01006969,33,79,64,42,57,33,29,38,49
S01006970,28,84,66,39,27,23,20,20,22
S01006971,14,41,29,17,34,34,8,19,16
S01006972,52,108,73,34,61,21,12,34,28
S01006973,46,130,76,44,44,17,16,15,31
S01006974,47,129,84,48,46,41,18,37,37
S01006975,58,139,79,54,91,46,31,33,61
S01006976,37,58,35,23,36,17,11,12,20
S01006977,42,110,49,44,58,33,20,22,34
S01006978,52,130,72,40,73,32,29,40,48
S01006979,58,125,67,48,67,41,25,44,52
S01006980,56,111,81,47,55,38,20,32,28
S01006981,47,103,68,34,68,24,17,27,30
S01006982,34,105,81,54,68,47,27,45,45
S01006983,27,66,52,38,55,38,18,17,40
S01006984,59,135,90,52,54,33,21,42,35
S01006985,41,92,66,52,74,49,35,33,56
S01006986,39,109,56,38,50,33,26,23,39
S01006987,22,67,48,37,35,26,9,21,29
S01006988,34,68,39,26,24,20,10,10,22
S01006989,77,154,105,63,97,45,27,51,55
S01006990,68,121,86,51,57,21,19,33,29
S01006991,10,31,21,27,42,27,8,23,27
S01006992,34,75,48,32,51,21,10,18,41
S01006993,35,47,29,26,66,18,5,21,33
S01006994,27,60,42,32,52,15,15,25,24
S01006995,47,95,64,37,103,35,27,42,51
S01006996,43,71,76,55,82,56,27,42,59
S01006997,44,99,79,29,60,30,19,31,31
S01006998,61,171,112,49,105,58,45,41,64
S01006999,50,84,44,52,114,32,18,37,52
S01007000,40,97,74,37,71,34,29,41,35
S01007001,41,90,80,56,71,52,22,40,54
S01007002,36,44,36,19,78,33,20,26,50
S01007003,37,49,29,25,82,23,16,22,33
S01007004,38,76,58,29,106,39,10,20,40
S01007005,57,104,53,36,86,29,11,31,53
S01007006,28,63,58,25,88,44,29,52,44
S01007007,46,60,57,35,95,27,29,35,51
S01007008,38,51,51,36,85,74,41,52,61
S01007009,24,75,54,35,77,53,37,40,57
S01007010,20,65,37,27,48,31,28,33,38
S01007011,20,43,38,30,64,48,41,41,49
S01007012,11,19,20,25,41,45,32,35,55
S01007013,44,43,22,35,61,14,14,28,31
S01007014,51,93,87,65,116,47,32,46,57
S01007015,35,65,27,34,75,25,16,39,31
S01007016,30,55,28,27,84,30,16,26,31
S01007017,25,49,46,34,88,53,31,78,78
S01007018,29,43,50,41,73,43,25,46,48
S01007019,8,31,20,18,61,19,20,31,45
S01007020,24,55,46,25,43,24,21,37,42
S01007021,19,41,34,42,69,42,28,50,67
S01007022,8,22,10,18,36,28,14,26,29
S01007023,27,28,24,19,41,27,17,29,29
S01007024,45,74,56,42,114,54,21,41,56
S01007025,16,31,43,19,66,62,32,42,64
S01007026,25,44,43,30,67,44,23,58,51
S01007027,30,70,39,32,75,64,31,43,55
S01007028,50,110,71,58,109,74,16,50,46
S01007029,23,38,26,17,76,24,22,33,47
S01007030,20,33,28,27,73,52,24,66,66
S01007031,18,28,31,15,69,36,17,28,41
S01007032,28,67,46,30,74,57,16,41,58
S01007033,16,43,35,17,49,51,18,33,39
S01007034,14,28,33,12,40,40,19,21,36
S01007035,9,29,42,24,68,71,42,55,75
S01007036,38,67,47,33,48,41,23,34,52
S01007037,24,27,41,35,88,59,42,51,76
S01007038,14,38,29,23,82,41,25,29,32
S01007039,28,57,56,35,109,65,21,57,79
S01007040,19,30,30,26,53,42,18,32,45
S01007041,14,45,41,31,66,47,35,34,44
S01007042,28,56,31,36,95,37,30,46,36
S01007043,54,57,63,34,121,45,9,43,47
S01007044,34,59,30,22,62,36,13,17,32
S01007045,44,68,28,30,96,36,16,29,35
S01007046,13,42,24,22,54,18,13,27,39
S01007047,31,59,32,26,63,26,13,33,38
S01007048,33,54,42,39,119,33,14,38,44
S01007049,32,41,29,27,89,56,24,49,56
S01007050,18,48,40,29,51,46,21,33,34
S01007051,30,53,68,30,77,42,21,30,29
S01007052,43,92,98,58,100,36,18,52,56
S01007053,23,42,39,28,63,35,18,21,21
S01007054,28,67,49,34,95,50,44,46,54
S01007055,28,52,32,21,79,32,16,34,40
S01007056,36,57,46,29,95,24,12,25,31
S01007057,14,25,37,32,38,23,15,20,19
S01007058,6,25,36,24,27,28,15,22,27
S01007059,30,73,64,51,86,41,40,47,70
S01007060,13,21,22,20,41,29,13,24,30
S01007061,53,102,73,44,93,56,21,32,36
S01007062,43,78,40,28,80,24,19,34,28
S01007063,25,56,47,28,54,28,20,27,27
S01007064,59,120,92,42,90,42,26,40,41
S01007065,26,56,47,27,60,29,18,22,32
S01007066,42,86,68,38,85,32,19,47,45
S01007067,25,30,32,15,41,17,17,29,26
S01007068,21,54,40,34,46,30,24,24,32
S01007069,30,49,61,37,63,43,27,43,58
S01007070,9,23,30,23,29,30,21,16,37
S01007071,23,72,46,47,65,53,33,42,49
S01007072,22,61,44,43,55,39,23,35,48
S01007073,32,51,70,41,50,31,35,58,84
S01007074,25,16,30,29,38,28,23,27,47
S01007075,21,34,25,29,58,41,44,42,56
S01007076,17,38,39,33,44,43,21,41,77
S01007077,17,43,46,31,43,29,27,36,42
S01007078,12,30,41,43,46,42,22,48,56
S01007079,23,41,57,32,60,49,32,61,68
S01007080,18,46,46,27,51,35,33,48,73
S01007081,15,27,28,21,58,36,49,44,81
S01007082,7,23,46,15,38,33,35,30,46
S01007083,16,27,36,25,70,49,46,78,103
S01007084,18,29,31,29,31,24,18,36,43
S01007085,25,52,48,32,49,54,43,60,106
S01007086,23,25,42,27,86,47,52,73,167
S01007087,10,30,34,28,55,58,21,68,96
S01007088,5,7,11,8,38,34,21,38,89
S01007089,24,45,43,33,28,23,10,17,21
S01007090,16,31,30,30,35,21,18,40,38
S01007091,21,39,50,48,73,55,45,51,70
S01007092,13,22,28,19,26,30,20,32,39
S01007093,23,59,44,45,76,35,22,61,55
S01007094,26,48,64,38,61,42,41,40,47
S01007095,26,47,43,18,50,32,25,29,29
S01007096,43,100,85,43,85,39,19,43,46
S01007097,89,226,196,156,222,103,72,103,107
S01007098,63,109,92,72,94,43,27,53,53
S01007099,48,60,77,44,78,40,34,43,46
S01007100,38,84,46,37,61,27,26,46,44
S01007101,17,24,31,24,75,35,26,55,59
S01007102,32,48,42,36,75,26,17,49,46
S01007103,32,40,60,39,68,32,27,46,48
S01007104,24,43,34,22,78,22,19,23,30
S01007105,13,31,32,26,46,22,24,22,25
S01007106,12,39,35,21,56,22,21,36,42
S01007107,42,53,51,26,72,33,28,47,39
S01007108,79,124,94,71,145,53,48,67,73
S01007109,18,31,27,26,58,36,43,68,73
S01007110,26,42,30,30,65,49,25,53,55
S01007111,19,20,29,16,37,25,16,24,32
S01007112,10,47,31,34,42,17,18,25,17
S01007113,25,56,31,21,36,23,15,19,31
S01007114,29,42,52,40,68,53,31,51,65
S01007115,9,41,32,23,46,21,28,24,41
S01007116,33,70,55,55,80,43,41,61,55
S01007117,15,34,25,26,34,15,6,15,21
S01007118,13,22,19,25,56,46,35,52,58
S01007119,13,20,30,19,55,29,39,32,57
S01007120,23,26,41,25,78,50,44,70,96
S01007121,8,26,18,14,37,26,13,41,44
S01007122,18,35,29,26,45,25,24,39,33
S01007123,17,32,33,32,60,33,27,47,59
S01007124,24,41,48,27,80,47,43,60,67
S01007125,22,26,31,19,59,40,29,50,89
S01007126,20,22,14,23,60,37,31,71,99
S01007127,20,40,40,19,67,38,39,79,101
S01007128,15,24,19,17,55,43,27,51,64
S01007129,54,176,69,38,37,22,20,17,38
S01007130,22,67,33,25,29,21,17,22,20
S01007131,31,100,50,45,31,28,13,20,18
S01007132,20,71,52,35,37,24,15,19,23
S01007133,47,77,42,28,49,20,18,21,33
S01007134,37,69,42,33,48,25,21,22,32
S01007135,27,89,37,10,38,22,15,13,15
S01007136,52,102,46,19,29,28,13,7,22
S01007137,49,130,79,42,26,23,29,24,30
S01007138,36,70,41,39,49,24,23,14,23
S01007139,28,73,52,31,69,31,23,18,23
S01007140,49,147,88,47,75,34,24,29,44
S01007141,72,156,92,47,86,53,41,32,38
S01007142,60,173,117,55,41,48,35,31,32
S01007143,39,96,53,34,28,22,21,21,24
S01007144,46,63,38,35,49,30,12,26,48
S01007145,26,94,77,25,39,39,24,21,28
S01007146,26,94,68,24,33,22,34,12,25
S01007147,16,66,46,32,41,32,23,20,23
S01007148,17,47,42,27,21,14,15,12,18
S01007149,10,52,40,23,18,14,11,17,23
S01007150,31,73,28,28,29,25,17,8,24
S01007151,54,168,115,46,54,40,50,27,45
S01007152,12,67,39,19,16,19,18,12,22
S01007153,20,70,42,39,33,21,27,23,22
S01007154,23,66,43,36,27,26,19,16,28
S01007155,16,83,36,26,38,24,23,12,16
S01007156,20,57,47,32,51,32,37,27,38
S01007157,15,66,53,39,39,37,16,27,37
S01007158,46,86,63,61,50,44,35,40,52
S01007159,29,100,106,52,81,65,49,41,74
S01007160,19,47,59,39,52,44,26,36,72
S01007161,24,43,53,29,38,37,26,30,36
S01007162,18,40,45,10,28,23,10,14,38
S01007163,26,83,55,36,51,45,29,34,34
S01007164,14,54,53,32,33,21,24,15,25
S01007165,16,94,57,28,34,28,23,14,22
S01007166,27,63,45,31,34,12,21,15,26
S01007167,30,66,53,47,35,22,19,18,21
S01007168,26,90,73,37,44,33,33,21,23
S01007169,27,65,43,41,34,30,24,17,26
S01007170,53,77,34,25,82,31,16,26,22
S01007171,69,116,106,64,103,60,41,74,74
S01007172,64,76,46,38,64,22,25,34,50
S01007173,18,80,68,49,66,54,36,47,46
S01007174,35,76,82,46,80,41,35,50,51
S01007175,17,53,48,26,52,40,25,22,41
S01007176,15,42,52,32,36,35,35,29,36
S01007177,10,26,36,18,33,25,33,25,35
S01007178,14,28,39,26,47,31,28,54,58
S01007179,22,58,62,43,41,19,24,26,22
S01007180,30,72,58,30,43,29,25,25,30
S01007181,28,64,42,24,39,18,26,20,17
S01007182,34,83,68,44,55,55,32,33,33
S01007183,21,61,81,53,62,68,41,60,56
S01007184,22,55,64,43,50,66,57,50,81
S01007185,24,41,47,30,45,45,34,35,60
S01007186,19,24,17,23,30,26,14,29,39
S01007187,21,24,37,24,67,44,36,55,52
S01007188,16,40,24,24,42,31,22,33,64
S01007189,18,44,39,18,48,35,31,41,58
S01007190,19,41,33,29,50,26,21,25,40
S01007191,7,23,27,12,28,23,22,35,39
S01007192,35,94,91,56,65,62,46,58,78
S01007193,15,24,26,27,49,41,35,44,60
S01007194,10,15,21,15,32,36,28,24,35
S01007195,18,20,34,13,38,28,24,33,33
S01007196,26,51,70,30,73,57,55,59,72
S01007197,16,18,27,10,33,25,26,34,52
S01007198,5,23,23,22,39,24,19,27,34
S01007199,13,15,22,24,24,22,27,27,66
S01007200,11,45,49,38,58,44,37,38,60
S01007201,9,32,41,27,46,29,29,26,29
S01007202,22,28,32,29,37,39,28,43,53
S01007203,9,25,27,19,29,24,24,29,39
S01007204,49,93,58,39,50,31,17,41,46
S01007205,29,60,44,21,41,23,12,24,34
S01007206,10,37,18,14,26,16,15,14,22
S01007207,16,58,48,32,51,38,33,36,55
S01007208,17,49,56,40,57,67,55,55,96
S01007209,24,54,55,27,43,23,29,29,34
S01007210,18,38,34,13,44,24,27,25,69
S01007211,19,43,58,25,46,43,40,45,73
S01007212,11,30,21,29,16,19,18,12,23
S01007213,20,82,48,37,44,48,19,32,37
S01007214,15,21,22,28,33,33,26,26,53
S01007215,19,25,26,16,23,25,15,21,37
S01007216,33,68,52,31,51,33,34,32,46
S01007217,26,45,47,35,62,64,30,53,51
S01007218,37,71,56,30,38,35,23,28,34
S01007219,23,28,41,41,49,36,22,34,46
S01007220,14,31,44,31,52,42,42,42,57
S01007221,25,83,69,42,57,40,29,55,45
S01007222,13,39,28,28,36,27,30,31,42
S01007223,24,79,43,28,33,22,11,25,18
S01007224,30,56,27,24,35,26,23,24,23
S01007225,53,83,50,27,83,24,31,35,41
S01007226,31,70,45,33,61,22,24,29,35
S01007227,34,72,59,37,71,44,31,36,50
S01007228,41,59,21,25,48,19,12,9,38
S01007229,66,117,71,39,117,54,33,48,73
S01007230,20,23,33,26,56,37,26,33,57
S01007231,22,22,41,22,54,41,26,39,61
S01007232,12,31,31,23,53,37,26,42,63
S01007233,20,42,27,31,44,23,29,38,47
S01007234,14,38,32,17,40,26,24,32,37
S01007235,22,63,53,22,44,33,20,36,52
S01007236,12,38,37,34,47,46,22,37,42
S01007237,19,47,38,24,40,31,24,28,42
S01007238,23,44,42,45,48,41,33,46,58
S01007239,32,97,62,45,41,35,21,26,27
S01007240,34,57,44,36,57,19,19,31,26
S01007241,35,59,53,25,57,30,21,24,32
S01007242,40,76,63,39,59,41,41,37,21
S01007243,25,70,52,23,43,26,16,31,25
S01007244,45,69,55,21,56,33,19,29,33
S01007245,41,49,44,24,53,23,27,36,32
S01007246,25,77,60,46,72,37,31,39,53
S01007247,31,68,41,35,52,28,14,33,30
S01007248,29,86,40,37,44,15,20,19,20
S01007249,27,40,33,26,25,16,19,14,15
S01007250,32,46,44,37,66,26,29,35,53
S01007251,14,28,22,28,38,24,24,28,34
S01007252,12,45,49,43,48,42,30,40,50
S01007253,58,117,108,63,85,52,40,48,56
S01007254,14,34,39,28,43,30,24,31,39
S01007255,17,29,29,27,36,42,30,41,61
S01007256,16,30,43,31,50,42,41,43,62
S01007257,19,22,29,13,33,32,31,34,44
S01007258,18,48,47,20,48,37,25,29,38
S01007259,21,44,34,35,45,53,35,47,67
S01007260,14,33,33,29,41,48,39,57,73
S01007261,34,68,70,39,34,35,24,40,48
S01007262,8,41,34,36,53,45,34,50,48
S01007263,10,38,47,35,35,24,37,32,36
S01007264,13,66,39,34,38,33,24,28,39
S01007265,25,61,52,38,52,41,32,45,71
S01007266,18,66,52,24,49,24,23,27,42
S01007267,30,80,30,25,41,21,14,27,27
S01007268,34,65,37,30,55,18,9,27,30
S01007269,15,30,17,16,41,23,9,16,24
S01007270,39,56,38,25,59,18,15,22,31
S01007271,32,90,73,38,53,41,23,45,44
S01007272,24,34,44,34,41,57,33,47,55
S01007273,19,46,39,40,41,35,13,19,29
S01007274,25,64,45,27,54,40,24,39,43
S01007275,22,59,38,22,37,20,20,14,24
S01007276,23,84,56,58,69,38,20,43,54
S01007277,19,77,45,39,45,27,8,29,28
S01007278,11,59,34,23,30,20,12,18,16
S01007279,37,76,30,20,65,17,6,14,31
S01007280,38,45,30,26,48,19,17,24,37
S01007281,57,71,71,48,88,40,29,25,49
S01007282,24,50,30,20,84,20,11,26,32
S01007283,45,72,48,28,58,25,20,26,43
S01007284,49,76,48,37,84,35,30,36,48
S01007285,52,79,54,33,113,61,23,42,48
S01007286,65,75,54,43,96,50,46,57,74
S01007287,49,44,46,21,94,41,18,20,39
S01007288,47,44,28,12,59,42,11,21,42
S01007289,39,106,48,41,56,33,35,31,37
S01007290,38,69,32,59,83,62,37,47,84
S01007291,13,47,34,24,45,26,29,35,46
S01007292,34,53,34,31,53,31,26,39,38
S01007293,28,21,17,16,65,49,41,44,83
S01007294,23,72,36,46,77,54,43,38,55
S01007295,18,13,15,12,44,27,24,27,33
S01007296,34,50,35,40,48,30,35,20,29
S01007297,54,105,66,38,68,37,34,37,42
S01007298,17,39,27,29,45,28,27,29,36
S01007299,18,52,41,40,67,28,41,41,58
S01007300,18,24,19,11,40,38,21,29,46
S01007301,67,106,58,63,84,70,40,53,87
S01007302,27,34,31,31,46,33,22,41,50
S01007303,59,99,75,61,91,44,26,40,47
S01007304,45,53,35,34,80,35,20,26,45
S01007305,54,80,37,28,47,33,19,39,35
S01007306,29,66,65,36,66,34,29,31,41
S01007307,63,77,76,34,80,33,24,36,40
S01007308,76,55,44,40,72,37,24,36,73
S01007309,59,64,32,42,52,26,26,17,49
S01007310,34,74,49,30,58,39,25,23,31
S01007311,38,41,24,28,55,49,37,34,71
S01007312,32,66,49,35,56,34,17,28,46
S01007313,61,116,73,36,125,28,27,29,63
S01007314,40,71,41,27,51,36,13,21,36
S01007315,33,64,42,63,58,44,27,33,31
S01007316,25,56,39,37,62,36,39,33,58
S01007317,38,65,64,47,56,49,26,33,61
S01007318,16,41,25,26,50,17,13,30,35
S01007319,29,51,50,36,42,40,12,22,55
S01007320,51,74,55,45,65,23,15,25,45
S01007321,45,57,36,28,62,27,6,15,38
S01007322,30,44,42,34,63,35,35,35,53
S01007323,29,23,23,17,35,24,11,20,31
S01007324,30,27,16,26,44,27,6,21,19
S01007325,52,62,31,31,85,47,24,35,67
S01007326,55,58,38,48,106,58,29,79,75
S01007327,31,38,39,32,44,43,42,53,49
S01007328,29,35,29,28,55,38,23,38,55
S01007329,53,55,40,25,83,25,18,32,39
S01007330,37,32,35,29,58,35,8,17,33
S01007331,36,78,61,52,111,61,26,56,78
S01007332,22,35,27,14,69,21,10,9,31
S01007333,26,58,31,53,53,35,18,29,28
S01007334,11,17,22,23,16,31,21,21,34
S01007335,20,32,31,47,52,45,28,40,67
S01007336,21,20,33,28,31,22,13,22,38
S01007337,10,35,43,30,51,29,18,23,38
S01007338,14,19,38,41,56,44,32,42,51
S01007339,28,48,31,26,33,27,27,21,15
S01007340,9,22,28,21,39,26,16,23,21
S01007341,26,44,35,27,49,33,22,18,30
S01007342,43,68,27,23,28,21,19,20,21
S01007343,34,59,39,16,81,23,14,30,29
S01007344,25,25,31,11,18,23,11,13,22
S01007345,14,17,19,12,28,32,27,15,33
S01007346,12,15,24,18,24,28,21,13,30
S01007347,14,26,22,17,38,32,26,23,44
S01007348,9,32,18,18,36,40,27,21,33
S01007349,12,36,23,12,22,27,15,18,18
S01007350,14,22,21,18,23,25,15,20,20
S01007351,44,51,46,24,62,32,10,26,37
S01007352,29,52,32,20,55,15,8,11,33
S01007353,31,56,36,26,28,20,12,18,26
S01007354,37,74,45,22,35,22,27,13,19
S01007355,67,81,60,45,70,31,22,30,48
S01007356,27,67,28,15,47,20,15,8,28
S01007357,38,45,44,29,55,28,18,25,48
S01007358,43,85,61,32,52,36,15,31,94
S01007359,25,57,45,32,43,49,27,31,44
S01007360,26,45,21,18,24,23,21,8,15
S01007361,38,80,48,45,47,47,17,27,31
S01007362,23,44,35,36,39,50,26,16,38
S01007363,19,43,26,32,23,33,14,18,32
S01007364,18,33,27,28,38,52,41,16,55
S01007365,20,26,13,15,28,37,21,13,28
S01007366,9,25,24,10,26,32,15,14,30
S01007367,7,30,30,18,29,31,21,29,36
S01007368,11,24,19,23,25,36,27,21,37
S01007369,17,41,39,26,51,50,27,28,47
S01007370,19,50,27,39,40,49,27,23,40
S01007371,22,51,37,30,47,47,26,21,31
S01007372,41,67,48,28,42,40,25,22,36
S01007373,23,65,58,18,28,22,12,17,25
S01007374,20,38,38,22,21,20,11,15,24
S01007375,27,42,28,14,26,10,3,9,6
S01007376,14,34,41,34,42,43,23,28,51
S01007377,39,53,63,26,28,30,15,17,26
S01007378,43,64,231,47,37,17,20,13,27
S01007379,17,36,37,27,41,37,9,21,54
S01007380,24,40,34,26,39,40,20,16,37
S01007381,42,67,54,21,16,11,6,6,15
S01007382,32,82,41,28,25,19,14,13,24
S01007383,39,94,41,31,27,26,15,12,33
S01007384,47,73,75,22,44,54,25,15,52
S01007385,20,82,60,38,40,43,20,16,32
S01007386,46,105,54,27,18,26,23,15,23
S01007387,45,89,53,27,28,19,24,10,22
S01007388,34,72,45,30,24,26,15,15,19
S01007389,11,40,45,17,32,41,27,22,35
S01007390,26,30,58,25,22,25,24,15,44
S01007391,27,56,38,28,30,17,15,11,21
S01007392,23,64,24,13,14,9,11,8,15
S01007393,32,82,46,39,12,21,3,5,14
S01007394,27,71,46,22,25,20,13,8,26
S01007395,32,73,96,52,56,45,41,19,50
S01007396,24,47,48,36,31,41,30,24,44
S01007397,45,102,71,42,52,34,34,15,22
S01007398,17,38,25,26,38,48,37,16,69
S01007399,7,23,29,22,19,37,41,27,46
S01007400,41,62,53,34,25,29,23,14,31
S01007401,38,76,58,37,39,33,25,20,50
S01007402,19,71,48,37,35,40,20,14,21
S01007403,49,120,145,70,64,65,37,29,67
S01007404,40,66,44,25,40,19,18,6,23
S01007405,56,94,49,35,32,17,14,8,15
S01007406,32,88,62,28,20,16,20,15,26
S01007407,33,84,56,20,27,23,21,19,28
S01007408,27,39,36,25,31,25,21,8,31
S01007409,15,43,44,28,32,28,23,46,34
S01007410,15,23,19,22,40,36,32,35,47
S01007411,15,28,36,30,45,49,37,45,52
S01007412,13,22,23,25,23,21,19,20,34
S01007413,49,84,71,60,54,44,37,31,36
S01007414,43,87,61,40,42,32,26,24,33
S01007415,17,29,46,19,61,61,40,41,58
S01007416,3,10,23,15,25,32,14,29,46
S01007417,50,123,80,62,42,43,47,30,43
S01007418,13,35,44,25,30,33,25,42,50
S01007419,28,27,36,39,41,56,43,52,66
S01007420,55,95,93,41,61,39,26,32,87
S01007421,30,73,52,34,33,37,21,18,22
S01007422,27,62,33,27,22,32,19,13,26
S01007423,49,95,72,34,41,29,22,27,29
S01007424,28,65,52,37,33,31,18,19,30
S01007425,31,72,53,38,36,35,35,35,39
S01007426,21,46,63,40,59,38,51,28,51
S01007427,14,25,33,25,33,27,34,31,30
S01007428,25,54,44,48,41,43,44,43,50
S01007429,23,94,94,49,45,54,36,35,44
S01007430,11,32,23,9,16,19,10,17,17
S01007431,12,51,47,25,20,12,16,14,23
S01007432,41,61,77,40,50,47,31,29,32
S01007433,32,84,81,50,67,44,48,47,44
S01007434,9,20,20,17,24,29,15,22,29
S01007435,22,38,41,15,33,39,32,26,48
S01007436,13,36,28,31,32,24,26,30,51
S01007437,15,28,25,16,17,15,23,11,26
S01007438,15,35,31,24,34,26,26,18,51
S01007439,17,39,37,31,34,35,28,23,33
S01007440,21,33,42,19,33,36,28,29,39
S01007441,18,57,32,20,27,12,17,17,23
S01007442,26,43,32,14,20,14,12,11,11
S01007443,48,108,49,31,30,18,26,14,29
S01007444,74,161,67,31,31,32,23,15,30
S01007445,51,110,41,25,25,18,17,11,16
S01007446,42,73,27,15,15,11,9,7,23
S01007447,36,90,28,15,13,10,6,6,14
S01007448,50,81,61,53,82,39,37,42,42
S01007449,28,48,36,39,42,59,34,44,55
S01007450,9,30,34,24,38,49,38,33,39
S01007451,18,50,34,28,32,31,20,25,34
S01007452,52,131,99,56,105,84,50,53,67
S01007453,53,109,81,40,38,28,25,30,30
S01007454,19,26,27,24,33,28,18,35,35
S01007455,13,31,36,29,53,57,40,32,91
S01007456,13,28,32,20,36,53,41,40,79
S01007457,32,57,74,40,55,49,39,50,58
S01007458,8,45,39,32,32,28,15,17,16
S01007459,24,32,43,22,24,26,25,29,28
S01007460,14,35,37,24,33,45,29,28,48
S01007461,11,23,32,16,40,35,37,45,53
S01007462,23,52,54,41,52,45,48,31,54
S01007463,17,30,36,29,43,56,49,35,78
S01007464,8,23,24,16,15,44,40,37,67
S01007465,12,29,26,16,30,47,33,45,72
S01007466,20,36,44,32,50,51,55,52,96
S01007467,31,59,65,44,48,46,40,44,66
S01007468,23,29,33,35,44,32,30,27,27
S01007469,23,65,73,51,68,61,41,45,65
S01007470,24,38,33,22,28,29,27,31,42
S01007471,15,30,31,22,28,22,23,22,39
S01007472,7,25,39,19,34,46,21,40,45
S01007473,17,21,32,15,26,22,14,24,28
S01007474,19,47,40,22,31,28,15,19,25
S01007475,51,95,63,37,48,28,19,30,33
S01007476,33,64,58,33,44,38,19,28,45
S01007477,23,67,37,25,28,25,18,12,15
S01007478,39,100,86,52,55,37,34,37,49
S01007479,18,51,51,42,42,29,24,29,31
S01007480,27,57,49,45,56,38,38,37,42
S01007481,30,83,41,33,56,50,17,37,47
S01007482,8,16,10,20,22,20,22,19,27
S01007483,13,32,26,33,45,44,40,36,57
S01007484,12,25,20,12,36,37,23,21,31
S01007485,6,3,7,8,13,18,18,13,32
S01007486,11,13,16,13,41,51,21,25,43
S01007487,17,21,32,19,32,49,28,26,55
S01007488,31,62,52,35,57,69,42,59,72
S01007489,26,40,20,27,42,57,42,41,56
S01007490,15,33,42,29,54,58,56,46,64
S01007491,16,50,48,29,60,79,63,59,82
S01007492,6,26,32,21,30,30,26,28,46
S01007493,9,25,26,32,34,53,49,50,68
S01007494,22,28,14,18,45,25,17,26,32
S01007495,36,45,37,33,82,36,26,36,49
S01007496,33,46,28,24,75,27,19,32,44
S01007497,28,30,25,15,57,18,30,30,43
S01007498,22,33,23,28,46,38,23,41,62
S01007499,30,40,30,15,81,49,22,58,53
S01007500,19,25,15,12,42,18,9,14,38
S01007501,22,39,23,19,55,25,13,18,31
S01007502,21,24,17,10,49,16,21,13,20
S01007503,32,56,26,31,99,42,31,55,48
S01007504,27,50,19,23,74,26,14,20,37
S01007505,16,21,18,9,31,14,13,14,42
S01007506,41,33,23,18,53,18,14,17,35
S01007507,28,38,26,23,50,42,39,35,49
S01007508,32,45,20,16,67,25,9,19,44
S01007509,23,35,16,20,77,21,17,27,41
S01007510,30,53,24,22,86,47,14,32,54
S01007511,13,22,20,14,46,56,19,30,58
S01007512,29,19,10,12,60,22,6,19,27
S01007513,18,51,38,28,58,77,21,46,75
S01007514,16,24,21,20,52,39,20,24,53
S01007515,31,60,30,41,42,35,20,13,41
S01007516,12,16,17,17,54,50,18,24,46
S01007517,17,27,17,13,30,13,8,10,15
S01007518,19,27,23,25,65,47,20,31,61
S01007519,24,20,13,14,40,7,5,6,23
S01007520,42,56,31,29,73,45,31,38,82
S01007521,26,31,23,16,45,17,12,17,37
S01007522,38,49,44,27,58,35,21,25,64
S01007523,31,49,24,23,53,22,20,26,29
S01007524,64,59,42,38,82,28,30,29,81
S01007525,8,35,22,18,48,56,19,35,35
S01007526,22,27,25,17,40,30,30,30,34
S01007527,25,57,34,29,47,41,25,37,45
S01007528,27,36,39,17,66,34,12,26,41
S01007529,26,50,32,18,39,19,16,17,24
S01007530,34,34,20,30,59,31,20,14,23
S01007531,33,50,33,16,58,23,28,32,31
S01007532,27,40,26,23,41,26,16,17,31
S01007533,29,27,19,13,45,22,10,15,18
S01007534,24,58,42,38,59,41,36,50,69
S01007535,29,59,42,41,48,34,40,26,65
S01007536,24,66,46,43,76,51,51,49,82
S01007537,27,80,48,43,63,54,35,40,66
S01007538,43,88,54,34,80,31,26,43,43
S01007539,15,50,39,38,32,26,10,26,41
S01007540,24,61,36,27,59,40,39,35,48
S01007541,20,61,37,29,52,44,32,37,34
S01007542,23,47,27,35,79,49,41,40,52
S01007543,25,52,38,35,73,69,58,66,61
S01007544,57,88,48,31,69,25,12,25,40
S01007545,42,64,45,36,65,34,26,35,43
S01007546,28,57,29,16,55,31,15,16,32
S01007547,31,65,29,28,76,26,21,17,31
S01007548,28,52,42,28,55,33,19,39,46
S01007549,32,61,39,26,78,21,25,28,34
S01007550,35,64,51,31,60,41,21,23,45
S01007551,41,53,52,25,81,23,14,13,34
S01007552,22,33,29,34,78,41,28,83,58
S01007553,11,25,20,29,37,42,23,66,43
S01007554,6,13,12,12,12,22,12,31,23
S01007555,27,30,18,24,36,33,15,23,37
S01007556,14,13,15,21,36,28,12,29,26
S01007557,23,55,35,38,63,58,27,95,71
S01007558,23,40,17,11,50,19,13,15,24
S01007559,39,67,42,19,72,27,20,18,42
S01007560,29,67,54,37,46,50,34,37,46
S01007561,27,39,26,26,42,34,19,27,33
S01007562,42,66,44,25,77,27,14,28,50
S01007563,36,79,47,28,61,23,14,23,30
S01007564,29,76,43,27,62,27,17,20,41
S01007565,41,82,52,36,81,50,35,50,57
S01007566,29,41,20,28,62,25,14,28,43
S01007567,29,43,35,22,79,28,17,26,38
S01007568,42,61,30,28,53,32,21,32,32
S01007569,36,71,37,39,66,38,15,42,42
S01007570,37,87,60,32,73,64,51,39,47
S01007571,22,50,32,29,55,23,12,13,32
S01007572,33,100,54,51,65,55,42,41,61
S01007573,38,111,74,51,46,61,42,50,54
S01007574,16,37,25,44,52,80,49,48,84
S01007575,4,40,19,22,38,49,29,34,52
S01007576,9,15,14,9,16,41,34,31,53
S01007577,16,19,25,19,31,49,37,24,60
S01007578,13,21,21,22,43,45,41,32,38
S01007579,8,13,22,20,27,42,34,50,55
S01007580,10,23,21,18,32,53,35,51,70
S01007581,7,11,15,19,41,44,28,22,41
S01007582,12,25,20,19,23,49,32,39,61
S01007583,18,26,25,23,41,46,65,39,108
S01007584,14,36,22,23,35,42,45,32,39
S01007585,27,77,57,40,61,53,41,41,38
S01007586,12,55,29,40,32,55,36,43,60
S01007587,24,70,42,28,34,35,26,19,44
S01007588,44,110,50,25,42,27,27,16,30
S01007589,24,88,46,18,31,48,23,25,50
S01007590,25,86,42,27,36,22,18,18,21
S01007591,17,55,26,16,24,33,20,31,20
S01007592,16,39,26,25,35,41,42,43,46
S01007593,33,83,50,37,78,71,40,35,52
S01007594,32,97,45,32,63,46,24,34,29
S01007595,38,93,41,29,104,50,30,40,67
S01007596,23,25,27,19,41,14,10,20,25
S01007597,25,56,32,25,50,29,17,16,33
S01007598,32,54,23,27,40,28,20,30,27
S01007599,22,81,42,32,54,49,27,39,59
S01007600,24,124,52,43,48,34,29,41,42
S01007601,29,61,43,45,41,42,28,24,45
S01007602,13,52,31,43,32,29,22,27,29
S01007603,35,80,56,42,38,28,28,37,25
S01007604,27,65,46,41,36,33,48,33,19
S01007605,28,71,45,52,50,43,35,41,38
S01007606,15,64,28,31,35,31,18,31,31
S01007607,17,49,42,36,34,30,27,20,17
S01007608,24,73,52,35,48,47,35,43,33
S01007609,22,58,34,34,51,77,48,53,70
S01007610,15,55,32,16,27,27,15,29,32
S01007611,13,45,33,32,38,38,43,55,44
S01007612,55,79,61,40,69,78,55,63,95
S01007613,40,80,49,23,23,37,27,18,27
S01007614,45,138,66,41,40,31,40,18,31
S01007615,43,105,76,51,55,48,37,50,50
S01007616,18,32,39,24,31,43,32,31,49
S01007617,9,26,18,12,24,34,28,29,32
S01007618,5,18,23,31,37,42,31,29,35
S01007619,12,34,17,24,28,49,34,49,60
S01007620,22,49,28,26,42,24,9,37,19
S01007621,13,45,29,32,47,33,22,34,30
S01007622,11,31,20,22,22,30,28,25,37
S01007623,25,52,35,26,33,24,18,24,34
S01007624,22,57,40,37,44,26,25,38,33
S01007625,14,46,27,35,31,24,10,24,18
S01007626,23,84,44,39,45,36,31,33,30
S01007627,99,337,185,114,129,106,77,93,75
S01007628,31,60,35,38,43,20,16,23,23
S01007629,39,69,44,20,53,38,22,28,27
S01007630,41,90,45,30,82,41,25,47,57
S01007631,37,44,27,31,60,14,12,26,39
S01007632,30,58,43,34,61,46,27,35,38
S01007633,22,51,43,43,82,63,39,48,63
S01007634,37,67,46,30,71,18,28,37,28
S01007635,21,48,20,30,33,19,13,39,28
S01007636,21,55,36,36,76,48,54,58,42
S01007637,16,52,47,41,79,64,49,55,66
S01007638,15,47,57,35,60,48,28,58,47
S01007639,31,46,30,30,56,49,30,67,93
S01007640,24,54,24,26,66,24,19,34,43
S01007641,48,73,41,27,72,37,29,35,50
S01007642,48,72,40,35,40,29,25,28,54
S01007643,39,69,33,40,47,37,34,27,44
S01007644,30,56,45,25,41,31,20,31,52
S01007645,36,48,18,16,46,15,11,20,25
S01007646,27,39,33,22,59,21,9,12,36
S01007647,29,58,32,30,41,25,18,32,43
S01007648,27,57,54,42,39,25,32,29,62
S01007649,16,38,30,35,62,46,21,56,58
S01007650,33,51,31,45,67,32,27,47,57
S01007651,36,36,22,33,77,28,21,31,42
S01007652,22,29,24,24,61,30,17,31,47
S01007653,35,58,41,33,76,33,27,42,33
S01007654,44,53,41,54,88,47,37,70,85
S01007655,32,42,36,31,95,23,25,40,52
S01007656,30,44,34,32,86,41,15,41,54
S01007657,31,40,21,18,46,11,9,14,16
S01007658,13,39,17,21,46,22,12,23,30
S01007659,40,58,32,32,62,36,21,52,64
S01007660,15,26,35,19,46,51,23,54,62
S01007661,20,43,41,29,45,36,21,43,52
S01007662,27,62,40,35,62,53,28,57,42
S01007663,23,56,39,46,47,32,25,39,64
S01007664,10,20,16,13,36,31,22,39,45
S01007665,21,51,41,27,58,38,23,40,51
S01007666,11,41,25,24,28,13,10,15,19
S01007667,20,45,44,38,46,41,24,30,31
S01007668,21,29,51,40,56,52,41,71,83
S01007669,6,21,13,19,36,36,29,45,53
S01007670,2,27,25,19,37,35,28,51,51
S01007671,58,73,38,33,80,42,27,55,39
S01007672,31,92,50,37,42,38,28,27,24
S01007673,19,42,29,19,41,28,28,37,36
S01007674,15,31,25,37,51,33,48,59,56
S01007675,32,47,42,26,44,36,22,25,31
S01007676,41,43,21,24,69,31,31,31,37
S01007677,27,39,27,33,54,43,45,45,47
S01007678,15,27,15,35,42,27,35,52,57
S01007679,21,29,24,28,35,28,34,27,47
S01007680,38,40,23,43,53,29,44,53,39
S01007681,14,12,15,18,18,17,21,23,30
S01007682,44,142,57,31,33,29,28,19,21
S01007683,25,165,50,28,24,18,21,8,23
S01007684,36,149,54,22,16,21,24,9,8
S01007685,33,157,40,34,18,17,22,8,23
S01007686,29,131,50,25,19,21,19,11,29
S01007687,28,201,60,27,12,18,20,20,51
S01007688,30,179,68,33,28,41,48,21,82
S01007689,16,101,40,21,21,22,28,5,40
S01007690,11,120,49,26,23,38,47,10,75
S01007691,22,144,102,42,44,84,172,50,241
S01007692,16,104,65,31,31,30,54,20,61
S01007693,3,81,43,17,26,25,53,29,99
S01007694,20,89,45,27,29,65,58,23,104
S01007695,18,130,57,33,23,39,33,11,47
S01007696,7,92,50,27,21,46,52,18,77
S01007697,22,154,82,37,25,59,58,21,60
S01007698,23,95,74,44,37,50,58,37,85
S01007699,18,69,52,31,32,35,52,23,78
S01007700,36,175,84,34,37,35,27,15,24
S01007701,4,49,29,16,23,29,26,26,52
S01007702,25,117,48,33,20,32,60,11,70
S01007703,30,104,73,43,24,35,42,26,54
S01007704,27,57,45,30,36,40,57,41,81
S01007705,10,55,32,16,18,40,58,10,117
S01007706,16,84,40,31,29,41,85,14,124
S01007707,41,303,119,49,40,40,43,23,29
S01007708,22,55,43,27,32,35,45,31,49
S01007709,12,60,27,21,21,28,37,25,50
S01007710,13,90,55,25,24,32,56,22,96
S01007711,9,53,54,32,53,56,68,32,109
S01007712,13,78,61,30,29,33,40,21,54
S01007713,11,45,28,13,27,16,42,13,34
S01007714,23,62,44,32,30,38,47,38,43
S01007715,13,36,33,31,34,50,46,27,63
S01007716,14,52,42,38,39,48,68,38,62
S01007717,8,43,24,36,26,35,38,27,58
S01007718,15,42,24,30,31,38,36,27,57
S01007719,18,47,57,36,33,63,37,33,61
S01007720,15,52,45,41,29,44,32,33,35
S01007721,23,86,63,46,33,62,42,40,56
S01007722,24,100,52,59,53,42,58,49,72
S01007723,16,38,36,33,42,47,59,39,60
S01007724,8,22,21,30,36,35,46,25,48
S01007725,16,44,45,36,42,39,42,32,55
S01007726,22,52,34,29,44,46,77,41,90
S01007727,16,60,51,27,42,52,49,45,94
S01007728,21,68,58,35,56,48,65,33,100
S01007729,18,72,63,42,37,47,54,37,83
S01007730,20,89,44,33,21,30,61,20,56
S01007731,18,91,63,42,42,40,70,35,66
S01007732,20,85,47,31,25,31,47,25,52
S01007733,42,141,61,37,36,37,62,16,44
S01007734,21,118,54,36,40,45,50,27,24
S01007735,30,84,65,43,27,36,39,31,27
S01007736,25,57,37,36,23,27,44,16,20
S01007737,28,113,56,57,45,44,61,19,47
S01007738,26,75,50,51,30,52,27,17,51
S01007739,10,18,22,20,22,17,16,13,26
S01007740,14,50,39,14,21,29,31,22,22
S01007741,20,48,39,28,27,32,20,18,29
S01007742,17,51,44,35,30,36,29,16,29
S01007743,17,38,46,46,59,64,42,58,61
S01007744,16,26,27,28,23,37,35,26,36
S01007745,11,30,33,25,28,34,31,33,51
S01007746,13,31,34,30,41,53,33,53,66
S01007747,6,10,24,15,27,30,24,21,30
S01007748,12,17,37,25,32,30,28,35,55
S01007749,18,69,31,43,41,33,21,21,20
S01007750,39,92,51,43,33,30,30,15,22
S01007751,47,84,31,20,28,17,26,5,19
S01007752,30,64,29,26,17,24,6,7,10
S01007753,11,17,17,23,30,34,23,15,58
S01007754,16,30,48,23,42,52,44,40,68
S01007755,10,16,35,27,27,43,22,26,54
S01007756,11,21,23,28,24,29,29,23,39
S01007757,36,93,60,33,43,23,22,18,27
S01007758,43,112,44,43,35,24,21,10,26
S01007759,37,102,79,40,43,34,38,35,31
S01007760,38,95,33,12,24,15,13,10,14
S01007761,44,152,74,41,31,18,18,18,20
S01007762,19,89,53,29,34,31,35,15,37
S01007763,17,47,35,29,7,11,10,18,15
S01007764,16,90,51,47,40,26,24,12,24
S01007765,18,68,46,38,25,19,28,22,24
S01007766,23,107,57,47,39,26,24,22,28
S01007767,38,94,44,44,52,25,35,22,27
S01007768,13,107,43,32,15,21,20,8,19
S01007769,28,107,42,24,22,11,22,11,22
S01007770,44,96,60,29,11,18,21,7,14
S01007771,19,87,37,24,18,14,21,12,12
S01007772,21,70,47,55,44,45,39,30,45
S01007773,26,83,53,35,20,27,14,31,23
S01007774,61,175,99,56,52,37,33,27,32
S01007775,45,101,62,49,40,33,25,19,30
S01007776,51,102,58,37,27,18,29,23,20
S01007777,74,207,104,59,50,35,47,28,34
S01007778,40,147,63,37,29,23,28,18,22
S01007779,23,53,48,45,53,51,34,30,34
S01007780,21,95,72,65,60,45,41,43,44
S01007781,37,114,85,58,74,60,45,48,56
S01007782,19,29,41,29,40,36,30,32,51
S01007783,17,50,29,28,40,41,36,40,66
S01007784,12,51,32,31,49,46,33,29,62
S01007785,4,17,16,21,18,33,25,34,31
S01007786,16,22,36,21,31,45,33,44,46
S01007787,9,19,29,23,34,46,45,36,48
S01007788,0,19,19,22,26,49,31,23,59
S01007789,17,30,25,26,29,41,19,30,52
S01007790,7,21,29,32,35,32,43,42,74
S01007791,27,102,65,44,51,20,30,26,24
S01007792,17,35,35,44,51,44,39,47,64
S01007793,7,28,39,33,51,71,44,41,81
S01007794,6,32,28,22,38,24,35,35,32
S01007795,13,27,32,32,41,46,32,31,59
S01007796,16,54,38,28,43,44,30,37,40
S01007797,6,37,36,30,36,54,29,27,61
S01007798,35,71,47,48,61,25,43,29,37
S01007799,33,64,50,38,45,32,38,31,27
S01007800,19,31,22,21,34,51,49,39,73
S01007801,13,48,25,23,26,59,36,36,69
S01007802,13,39,32,33,42,31,41,34,33
S01007803,17,39,35,30,29,55,47,36,54
S01007804,10,33,31,19,27,31,34,36,45
S01007805,17,21,23,20,25,29,18,18,43
S01007806,14,31,25,40,37,56,40,42,60
S01007807,35,87,58,52,57,56,43,21,35
S01007808,26,47,51,44,44,52,40,37,61
S01007809,23,112,61,54,54,53,25,29,23
S01007810,32,40,48,33,36,55,52,30,56
S01007811,28,77,68,59,68,79,61,40,85
S01007812,14,26,24,23,38,55,42,35,85
S01007813,7,23,23,25,28,46,40,28,70
S01007814,7,33,38,26,34,30,22,28,39
S01007815,19,73,63,36,51,38,29,32,34
S01007816,15,26,36,48,58,28,18,29,29
S01007817,3,24,23,20,17,31,32,13,31
S01007818,20,69,61,41,37,48,28,40,46
S01007819,17,81,59,55,55,49,40,25,48
S01007820,29,43,52,47,41,73,43,34,52
S01007821,9,39,26,30,26,35,23,12,27
S01007822,22,63,36,34,39,40,30,25,31
S01007823,13,81,41,30,36,28,24,9,25
S01007824,26,87,49,40,41,42,44,28,27
S01007825,33,108,51,53,47,35,49,23,44
S01007826,23,56,32,23,43,34,37,34,64
S01007827,18,62,41,30,30,31,28,27,36
S01007828,15,75,64,48,43,58,55,40,49
S01007829,7,51,35,29,28,22,13,25,26
S01007830,18,52,56,33,32,52,25,42,52
S01007831,21,58,46,61,54,54,50,43,63
S01007832,11,30,43,25,16,31,18,20,31
S01007833,11,53,26,34,28,33,21,30,32
S01007834,11,63,54,41,29,42,46,26,66
S01007835,12,75,52,24,30,32,19,20,17
S01007836,15,65,40,28,14,20,20,22,14
S01007837,18,67,42,52,49,29,27,23,27
S01007838,22,138,73,59,68,45,34,30,38
S01007839,5,55,25,37,25,19,24,19,22
S01007840,11,54,51,43,33,56,21,37,67
S01007841,12,47,41,41,46,42,28,24,46
S01007842,8,33,36,31,38,40,27,23,66
S01007843,4,68,33,39,26,40,33,30,58
S01007844,8,43,41,37,36,41,46,31,56
S01007845,9,17,24,32,35,45,37,25,69
S01007846,21,30,42,36,40,53,38,23,60
S01007847,11,37,31,30,43,49,34,38,62
S01007848,11,19,29,32,20,54,38,34,72
S01007849,15,60,38,37,47,67,58,47,79
S01007850,8,37,20,32,46,37,32,35,63
S01007851,13,54,48,37,53,50,48,36,50
S01007852,11,32,28,31,46,38,30,28,49
S01007853,8,41,31,34,31,37,28,34,70
S01007854,18,44,52,43,38,52,47,42,74
S01007855,8,39,26,12,33,26,22,41,42
S01007856,18,69,49,47,58,60,44,54,51
S01007857,10,27,30,21,24,34,20,24,31
S01007858,16,56,43,49,44,52,48,48,63
S01007859,14,39,35,18,20,39,19,25,43
S01007860,23,60,36,34,43,59,36,22,58
S01007861,15,24,19,31,34,39,33,25,56
S01007862,12,25,31,35,42,49,30,32,62
S01007863,16,25,41,35,41,61,36,52,78
S01007864,24,55,51,54,41,63,45,37,70
S01007865,57,153,91,73,73,38,32,37,35
S01007866,24,72,58,43,41,29,28,30,24
S01007867,85,400,158,80,75,61,44,38,41
S01007868,24,93,55,44,40,22,28,18,30
S01007869,39,174,68,43,35,27,26,11,21
S01007870,14,22,27,17,19,16,11,15,11
S01007871,4,20,16,13,21,52,22,23,43
S01007872,7,10,13,13,23,52,23,24,57
S01007873,12,31,28,19,32,40,24,26,43
S01007874,12,27,34,28,45,57,20,24,42
S01007875,24,52,41,45,44,38,30,38,34
S01007876,25,57,42,37,62,64,45,20,53
S01007877,10,38,29,14,47,62,28,31,42
S01007878,2,15,17,15,17,30,12,25,24
S01007879,13,32,32,38,35,82,25,32,53
S01007880,33,46,33,12,48,13,14,12,24
S01007881,23,21,27,19,39,35,15,27,29
S01007882,47,81,42,40,87,27,16,25,37
S01007883,32,102,66,48,60,64,35,54,42
S01007884,12,21,32,29,57,57,18,33,43
S01007885,14,23,27,28,31,38,15,29,41
S01007886,21,51,49,38,63,65,22,41,49
S01007887,23,73,44,16,68,31,13,17,24
S01007888,21,28,20,27,64,78,46,44,77
S01007889,8,20,22,12,34,29,20,20,30
S01007890,21,30,37,30,57,47,23,25,40
S01007891,23,61,58,50,57,60,36,46,50
S01007892,23,53,28,30,45,26,28,25,25
S01007893,41,91,50,38,69,39,18,36,30
S01007894,31,53,48,41,66,68,33,58,54
S01007895,34,50,37,29,42,26,20,16,24
S01007896,9,35,28,22,44,52,26,42,48
S01007897,14,34,23,11,49,18,8,13,13
S01007898,26,26,29,16,48,26,11,24,31
S01007899,34,58,38,31,58,23,14,23,34
S01007900,10,19,15,15,33,42,12,28,32
S01007901,9,37,22,21,51,32,13,31,33
S01007902,16,18,37,17,52,57,29,37,38
S01007903,16,25,22,28,31,26,21,22,24
S01007904,40,76,49,33,88,43,12,12,43
S01007905,6,20,23,10,33,29,29,55,36
S01007906,4,18,18,27,37,47,14,42,34
S01007907,11,20,16,13,32,33,10,50,26
S01007908,30,57,42,34,75,51,27,50,29
S01007909,5,22,34,27,28,57,21,36,37
S01007910,14,35,35,30,54,81,31,53,53
S01007911,19,51,32,34,48,51,22,36,31
S01007912,26,57,32,32,57,46,21,39,33
S01007913,11,31,11,17,38,37,15,25,25
S01007914,17,16,18,22,30,27,26,34,36
S01007915,16,30,32,29,48,63,19,35,33
S01007916,9,30,35,33,45,44,29,24,34
S01007917,11,45,44,32,53,61,22,39,40
S01007918,28,54,60,28,43,46,25,28,43
S01007919,36,104,54,37,52,27,17,33,26
S01007920,24,77,44,28,51,40,26,34,30
S01007921,16,15,29,34,48,62,32,41,55
S01007922,13,30,36,25,54,46,28,31,61
S01007923,39,81,58,42,68,53,38,48,58
S01007924,14,55,46,28,83,59,21,45,71
S01007925,30,52,31,21,49,9,12,16,22
S01007926,21,48,35,24,46,18,9,17,22
S01007927,56,104,63,44,66,26,17,7,21
S01007928,45,131,81,32,52,40,37,29,41
S01007929,145,350,188,88,118,66,43,54,62
S01007930,36,61,34,16,53,18,13,14,24
S01007931,65,157,79,48,47,27,31,25,29
S01007932,38,124,48,25,42,24,35,21,21
S01007933,31,86,67,47,28,30,46,29,38
S01007934,20,58,42,24,41,31,31,28,32
S01007935,28,75,43,29,57,28,30,25,31
S01007936,47,153,77,43,50,24,40,23,40
S01007937,44,145,93,66,58,48,41,37,30
S01007938,16,57,55,30,41,38,26,30,32
S01007939,23,43,40,22,46,42,47,31,39
S01007940,25,76,78,50,70,42,41,57,54
S01007941,16,58,43,21,36,21,27,18,23
S01007942,20,44,48,31,37,24,17,15,28
S01007943,24,42,31,29,33,15,19,29,25
S01007944,19,40,46,29,59,32,32,43,31
S01007945,21,58,45,27,50,24,22,19,27
S01007946,10,43,39,26,32,25,31,15,34
S01007947,22,51,51,28,47,37,27,33,31
S01007948,14,33,20,23,37,24,23,28,40
S01007949,27,59,27,42,47,31,15,15,24
S01007950,44,103,66,49,74,35,27,26,26
S01007951,35,74,59,41,53,46,35,40,36
S01007952,24,54,54,23,37,34,18,33,33
S01007953,17,50,56,43,53,48,44,48,60
S01007954,13,18,23,25,43,35,21,36,46
S01007955,15,28,37,27,49,48,45,55,58
S01007956,12,32,41,31,40,63,34,43,51
S01007957,22,61,57,48,44,53,42,45,63
S01007958,11,32,19,14,37,29,33,22,38
S01007959,20,51,39,28,38,22,31,21,32
S01007960,16,39,40,28,38,36,25,24,47
S01007961,59,82,54,28,77,17,32,27,39
S01007962,8,39,36,22,39,32,22,32,41
S01007963,17,20,34,17,43,41,50,22,63
S01007964,13,30,38,32,46,38,41,31,46
S01007965,7,17,40,15,32,19,20,25,34
S01007966,17,36,51,32,41,52,34,51,59
S01007967,11,19,30,19,23,30,23,34,40
S01007968,16,34,55,39,55,47,41,29,56
S01007969,18,37,47,33,47,55,31,32,62
S01007970,18,48,57,37,70,68,57,46,79
S01007971,17,57,46,43,65,47,47,32,66
S01007972,20,47,37,53,67,47,55,40,58
S01007973,29,60,56,48,49,31,29,25,39
S01007974,20,29,44,22,35,29,49,35,39
S01007975,19,48,30,23,66,37,49,22,43
S01007976,11,43,27,23,32,35,47,37,46
S01007977,22,64,47,22,35,32,25,25,18
S01007978,12,55,54,21,30,35,53,23,45
S01007979,38,126,84,29,50,39,38,22,26
S01007980,24,64,52,28,48,35,21,22,38
S01007981,14,63,26,27,28,22,16,11,15
S01007982,11,46,31,21,28,19,14,9,24
S01007983,20,36,37,29,37,55,48,36,49
S01007984,20,64,51,37,37,40,22,28,50
S01007985,25,48,46,37,32,43,56,42,48
S01007986,7,43,36,31,29,42,19,26,38
S01007987,21,50,46,28,47,33,32,25,45
S01007988,13,29,42,27,40,38,30,30,45
S01007989,11,31,50,57,49,62,55,47,57
S01007990,21,54,46,32,51,37,40,25,33
S01007991,69,175,104,68,61,44,42,37,38
S01007992,34,84,56,38,29,27,30,28,22
S01007993,24,75,45,36,50,30,27,20,28
S01007994,66,137,93,54,41,31,43,29,29
S01007995,42,108,72,51,43,34,26,28,32
S01007996,24,55,25,14,12,13,5,7,5
S01007997,34,96,51,34,37,23,21,18,18
S01007998,31,62,44,25,21,17,14,15,5
S01007999,14,25,33,26,55,44,33,40,39
S01008000,21,34,40,35,65,61,36,41,58
S01008001,9,29,29,31,43,54,36,45,71
S01008002,8,20,23,26,31,42,38,33,43
S01008003,16,44,31,28,35,29,34,27,43
S01008004,22,85,54,40,41,35,37,28,34
S01008005,28,97,71,44,47,39,34,26,38
S01008006,6,16,13,8,28,50,21,28,50
S01008007,3,17,14,11,25,35,20,20,34
S01008008,12,30,30,32,38,40,35,27,38
S01008009,16,50,41,40,37,47,56,30,62
S01008010,36,81,70,49,61,49,48,38,60
S01008011,5,36,41,9,24,20,11,14,32
S01008012,32,59,64,46,41,45,43,32,46
S01008013,20,49,45,25,32,22,20,26,31
S01008014,9,34,31,30,27,20,18,15,25
S01008015,20,88,81,52,48,39,52,43,65
S01008016,17,51,39,40,61,47,58,25,46
S01008017,29,116,60,30,39,25,32,10,33
S01008018,28,51,39,26,24,23,19,17,19
S01008019,35,83,49,32,20,19,20,7,11
S01008020,34,102,70,46,49,35,42,35,30
S01008021,28,71,50,33,37,18,26,23,11
S01008022,32,107,61,48,37,26,41,16,17
S01008023,33,84,50,37,32,12,49,13,27
S01008024,83,215,140,61,51,31,32,31,30
S01008025,12,33,40,31,41,25,24,25,20
S01008026,29,59,46,41,73,59,38,35,72
S01008027,17,27,33,21,40,37,12,28,31
S01008028,22,62,41,32,33,31,22,22,23
S01008029,120,373,226,121,164,89,64,62,76
S01008030,36,106,76,48,58,31,32,32,31
S01008031,18,53,39,35,31,39,34,29,48
S01008032,17,73,51,53,51,40,33,43,41
S01008033,65,151,67,39,24,14,16,8,11
S01008034,37,128,62,42,23,22,25,11,22
S01008035,19,71,49,22,14,14,21,10,11
S01008036,18,106,52,29,23,13,15,14,11
S01008037,28,87,62,52,71,46,33,21,48
S01008038,26,76,46,48,64,53,42,25,42
S01008039,24,77,64,37,35,46,38,28,51
S01008040,43,123,53,24,26,22,24,10,33
S01008041,25,92,51,38,26,16,18,10,22
S01008042,36,127,33,24,19,10,12,8,9
S01008043,71,197,67,30,31,9,21,7,17
S01008044,56,165,65,43,18,22,15,9,20
S01008045,84,218,80,34,26,28,23,16,25
S01008046,23,79,50,34,35,22,38,18,27
S01008047,35,99,34,30,22,14,16,7,17
S01008048,33,81,38,21,18,5,22,10,11
S01008049,36,134,54,41,27,16,22,12,15
S01008050,33,99,42,24,23,18,14,6,15
S01008051,47,195,66,29,28,23,19,14,16
S01008052,95,357,112,73,34,17,36,14,35
S01008053,27,107,38,23,10,9,14,9,16
S01008054,39,132,44,26,12,7,11,8,9
S01008055,77,235,90,40,23,24,22,12,11
S01008056,57,135,57,29,20,12,16,9,27
S01008057,58,173,63,41,20,23,24,6,13
S01008058,63,153,53,35,14,23,35,7,16
S01008059,24,97,47,32,30,29,15,7,28
S01008060,32,100,47,42,34,27,27,11,30
S01008061,78,193,89,59,29,34,37,22,34
S01008062,32,105,56,53,38,39,23,23,35
S01008063,43,173,78,39,35,23,26,20,25
S01008064,28,59,38,28,31,51,29,19,35
S01008065,57,228,72,37,18,19,23,8,23
S01008066,69,212,51,23,18,11,7,9,12
S01008067,48,139,45,24,21,16,16,12,8
S01008068,56,151,96,58,30,27,33,16,16
S01008069,38,133,74,56,40,25,34,21,26
S01008070,24,113,61,46,45,44,28,15,32
S01008071,26,131,63,37,29,20,25,16,13
S01008072,34,136,57,32,18,21,31,7,14
S01008073,28,70,32,11,11,12,11,7,8
S01008074,65,206,80,30,29,16,22,12,26
S01008075,36,117,43,19,16,11,23,7,7
S01008076,24,78,29,21,12,12,9,2,8
S01008077,67,147,37,23,17,20,21,0,8
S01008078,61,147,62,47,22,22,37,11,25
S01008079,48,141,36,29,21,14,17,3,10
S01008080,32,140,54,33,21,16,15,15,24
S01008081,44,107,54,16,15,14,18,4,17
S01008082,38,134,64,33,25,17,14,14,16
S01008083,56,149,61,27,16,18,15,7,16
S01008084,35,130,82,41,24,35,35,14,34
S01008085,51,110,64,40,48,25,24,20,30
S01008086,51,135,76,53,62,44,34,31,37
S01008087,39,125,42,43,25,22,28,17,19
S01008088,20,129,58,57,30,25,34,21,21
S01008089,45,120,73,25,21,18,28,14,20
S01008090,24,111,53,45,43,23,23,15,18
S01008091,21,51,26,20,14,11,15,4,4
S01008092,48,144,64,47,32,25,31,9,20
S01008093,37,107,69,29,38,19,27,16,23
S01008094,61,128,66,42,38,29,22,35,40
S01008095,23,96,46,39,35,26,31,27,21
S01008096,31,112,51,41,32,20,20,20,19
S01008097,24,85,35,25,18,8,27,13,10
S01008098,27,122,48,30,38,26,36,11,15
S01008099,22,65,41,26,21,19,16,18,19
S01008100,57,131,51,34,28,17,21,9,23
S01008101,21,113,64,46,40,29,32,17,33
S01008102,19,82,38,35,38,31,36,17,25
S01008103,35,85,47,38,30,37,40,28,40
S01008104,17,75,36,45,45,58,53,31,51
S01008105,24,76,56,66,50,50,41,46,52
S01008106,14,61,49,44,50,56,46,33,54
S01008107,94,235,126,65,82,45,77,37,56
S01008108,44,83,76,47,58,20,37,21,26
S01008109,30,105,67,46,38,26,29,27,33
S01008110,29,121,73,44,47,38,31,26,27
S01008111,28,96,69,34,31,19,27,12,21
S01008112,28,113,47,43,39,22,35,18,19
S01008113,31,117,53,40,43,25,39,24,34
S01008114,32,72,54,42,29,19,21,18,18
S01008115,47,96,71,66,46,39,43,33,41
S01008116,36,119,64,45,31,21,39,25,24
S01008117,32,85,48,45,32,23,27,3,22
S01008118,37,124,71,62,47,29,40,22,30
S01008119,22,40,26,22,28,36,28,21,40
S01008120,27,86,55,28,24,18,16,7,24
S01008121,31,119,44,31,15,9,20,10,23
S01008122,54,117,61,21,20,12,13,14,21
S01008123,60,196,75,40,29,19,11,9,16
S01008124,41,131,69,52,43,26,25,17,18
S01008125,38,148,58,43,29,19,25,8,20
S01008126,39,110,51,54,26,22,19,11,19
S01008127,52,152,66,38,30,20,27,16,19
S01008128,34,107,64,46,36,51,26,23,17
S01008129,26,87,58,44,46,43,38,25,43
S01008130,26,66,66,43,58,58,44,33,42
S01008131,16,63,57,31,41,36,35,29,54
S01008132,55,152,62,64,45,31,35,25,33
S01008133,21,69,40,15,19,27,18,10,11
S01008134,24,89,37,24,19,28,25,9,22
S01008135,73,204,114,68,64,58,46,42,63
S01008136,26,77,57,48,27,49,31,25,49
S01008137,20,36,37,34,41,60,40,29,63
S01008138,18,38,38,28,51,58,40,35,57
S01008139,21,64,52,58,64,51,68,50,77
S01008140,10,31,35,19,21,30,16,13,21
S01008141,18,72,41,53,36,23,23,24,25
S01008142,26,98,56,51,34,31,26,15,23
S01008143,34,74,66,41,55,45,41,36,46
S01008144,202,743,317,173,150,92,90,51,75
S01008145,31,88,66,39,59,62,46,48,51
S01008146,23,61,30,22,36,19,21,28,31
S01008147,22,53,42,25,49,36,32,20,35
S01008148,24,70,32,33,41,38,33,22,24
S01008149,19,54,41,44,36,41,26,31,44
S01008150,13,60,46,54,54,43,36,25,45
S01008151,25,60,31,28,37,37,32,29,36
S01008152,26,63,51,29,35,65,43,34,55
S01008153,32,82,51,30,35,37,20,18,23
S01008154,31,107,61,37,25,31,24,37,27
S01008155,29,53,40,32,27,25,21,23,20
S01008156,29,71,45,28,52,32,18,18,36
S01008157,40,119,63,49,43,37,36,29,31
S01008158,24,66,54,33,47,40,23,24,21
S01008159,21,57,34,30,54,60,23,23,38
S01008160,10,68,62,42,54,58,37,41,59
S01008161,50,148,73,50,68,55,48,36,50
S01008162,63,118,67,30,67,63,39,27,39
S01008163,35,46,41,45,60,55,25,36,71
S01008164,31,69,66,57,85,77,125,30,171
S01008165,157,378,235,146,139,110,111,77,84
S01008166,13,39,31,34,43,35,22,17,35
S01008167,13,31,37,40,61,42,30,38,55
S01008168,27,51,48,40,58,66,33,34,59
S01008169,38,68,50,59,68,63,36,36,46
S01008170,29,80,48,43,35,23,22,17,28
S01008171,28,87,45,50,49,40,36,36,57
S01008172,18,42,25,43,28,28,27,18,30
S01008173,23,73,58,43,41,22,29,14,21
S01008174,14,59,22,40,28,24,16,12,25
S01008175,26,73,56,49,47,53,28,19,44
S01008176,38,106,70,17,33,29,27,11,31
S01008177,29,67,53,37,43,39,36,24,51
S01008178,26,57,42,23,26,20,27,8,21
S01008179,11,64,53,41,30,11,20,9,13
S01008180,26,45,44,27,17,22,23,12,16
S01008181,33,75,40,34,22,17,19,17,13
S01008182,26,107,91,60,52,63,37,42,50
S01008183,24,92,71,38,30,27,31,21,28
S01008184,42,87,77,43,52,27,32,11,34
S01008185,36,116,80,47,58,70,49,30,56
S01008186,29,87,65,30,32,39,26,16,36
S01008187,22,57,44,25,32,39,26,23,37
S01008188,38,76,57,45,44,51,41,35,45
S01008189,13,41,32,20,25,21,12,18,16
S01008190,22,66,42,42,53,43,46,28,50
S01008191,34,88,69,69,54,36,32,27,51
S01008192,25,82,56,58,46,48,40,19,60
S01008193,37,97,63,46,43,46,26,32,32
S01008194,33,82,41,26,25,35,27,25,42
S01008195,21,41,52,27,53,51,33,46,52
S01008196,26,48,54,49,60,74,54,37,76
S01008197,66,194,165,104,94,84,54,56,47
S01008198,22,60,47,33,61,43,30,29,48
S01008199,23,32,38,38,69,52,26,37,61
S01008200,6,28,21,35,46,30,27,24,35
S01008201,25,47,50,30,36,43,38,30,54
S01008202,15,37,37,34,39,30,26,18,23
S01008203,19,32,41,28,41,34,36,21,47
S01008204,22,65,46,43,51,41,30,38,41
S01008205,12,46,34,41,56,62,32,32,49
S01008206,22,33,39,28,47,35,28,26,54
S01008207,20,30,35,28,54,40,39,43,56
S01008208,32,85,78,48,46,59,43,45,57
S01008209,21,38,33,31,41,32,22,21,23
S01008210,29,66,60,46,66,60,36,37,44
S01008211,28,81,55,55,63,53,36,24,41
S01008212,24,61,52,50,38,30,15,17,20
S01008213,43,79,86,68,51,62,39,28,50
S01008214,17,40,47,40,48,47,35,30,35
S01008215,21,56,43,49,44,57,31,27,37
S01008216,30,40,40,22,31,24,17,18,26
S01008217,25,73,37,29,36,19,23,18,16
S01008218,129,343,235,167,188,146,88,94,104
S01008219,38,86,58,52,51,44,35,34,44
S01008220,6,18,30,21,40,46,30,32,59
S01008221,22,43,43,35,59,62,46,44,67
S01008222,21,21,20,33,48,41,38,26,51
S01008223,8,39,31,39,34,18,28,20,30
S01008224,24,56,46,54,70,46,39,28,37
S01008225,22,48,41,41,39,47,21,27,40
S01008226,12,29,46,39,65,50,33,31,59
S01008227,20,33,51,47,75,81,39,35,49
S01008228,35,60,43,40,40,28,20,19,30
S01008229,16,23,38,40,36,50,34,23,42
S01008230,41,86,77,80,52,45,42,28,33
S01008231,45,103,81,63,61,47,37,20,27
S01008232,30,83,81,63,68,61,56,30,42
S01008233,47,108,77,45,60,48,24,26,16
S01008234,12,30,16,15,42,31,11,15,25
S01008235,30,81,72,46,85,66,29,25,52
S01008236,30,80,54,33,59,44,26,20,42
S01008237,39,125,100,70,77,65,47,47,57
S01008238,21,49,41,39,66,59,39,46,39
S01008239,34,101,93,71,97,62,27,51,61
S01008240,30,87,49,40,26,21,15,13,23
S01008241,25,71,42,28,12,25,9,10,19
S01008242,66,138,65,47,46,46,36,32,39
S01008243,88,167,93,44,60,44,27,24,62
S01008244,48,88,35,29,27,23,6,12,25
S01008245,66,129,98,50,58,52,28,32,21
S01008246,64,217,108,51,55,44,24,21,29
S01008247,57,114,58,31,57,30,16,25,22
S01008248,51,91,47,44,53,33,25,30,37
S01008249,80,137,61,43,59,35,22,19,31
S01008250,195,528,245,134,148,102,66,81,119
S01008251,59,208,106,56,68,43,31,30,43
S01008252,38,91,55,31,31,28,20,13,32
S01008253,37,54,29,43,55,39,38,24,42
S01008254,39,81,70,41,66,55,24,36,63
S01008255,31,60,48,23,40,44,27,20,26
S01008256,29,64,55,27,62,56,40,39,59
S01008257,29,61,28,27,22,30,19,18,20
S01008258,28,78,57,45,37,28,31,23,30
S01008259,33,95,61,33,47,25,23,27,34
S01008260,23,56,41,27,51,49,22,43,67
S01008261,22,48,37,40,65,55,33,40,69
S01008262,42,82,42,22,44,22,13,15,31
S01008263,49,82,45,25,25,20,13,8,21
S01008264,42,76,65,28,40,42,17,15,45
S01008265,67,115,69,25,21,25,21,20,21
S01008266,40,78,43,25,27,11,15,4,12
S01008267,74,108,72,35,40,40,23,11,43
S01008268,49,109,51,28,12,12,11,5,9
S01008269,50,68,41,27,17,13,20,11,12
S01008270,41,81,46,19,18,20,9,6,16
S01008271,45,63,45,26,29,23,17,10,28
S01008272,170,448,204,90,115,122,73,52,106
S01008273,51,106,49,34,28,21,25,15,30
S01008274,30,52,32,24,47,53,26,22,51
S01008275,36,53,36,22,21,17,10,7,16
S01008276,31,64,33,14,13,16,14,7,22
S01008277,66,100,55,25,34,18,10,16,21
S01008278,58,149,78,38,38,30,22,13,28
S01008279,28,70,46,26,50,37,21,14,34
S01008280,68,123,74,36,53,38,32,21,55
S01008281,52,89,48,26,53,36,23,16,37
S01008282,35,74,51,18,67,28,20,20,36
S01008283,66,200,91,58,55,41,32,24,44
S01008284,136,378,216,138,159,150,77,97,140
S01008285,16,45,33,30,49,34,21,20,56
S01008286,20,60,48,34,43,52,19,32,55
S01008287,20,65,45,32,40,41,26,33,57
S01008288,24,125,53,27,44,43,24,31,39
S01008289,20,55,38,21,39,36,24,18,30
S01008290,43,96,61,36,47,44,31,22,33
S01008291,27,45,43,44,42,24,20,20,36
S01008292,22,58,46,26,45,43,36,24,43
S01008293,36,80,56,29,19,18,10,7,19
S01008294,42,108,65,43,47,34,34,26,46
S01008295,27,96,66,51,44,41,28,30,35
S01008296,20,62,50,42,27,28,20,24,30
S01008297,37,131,64,54,51,40,38,31,33
S01008298,47,150,110,60,54,46,55,35,40
S01008299,20,39,41,21,39,40,31,29,45
S01008300,15,70,50,37,36,45,29,26,24
S01008301,22,72,64,39,52,36,31,18,21
S01008302,35,140,77,43,54,20,14,19,25
S01008303,20,64,46,33,24,31,29,15,35
S01008304,17,62,40,18,16,11,15,7,20
S01008305,16,77,48,42,26,22,17,21,20
S01008306,13,66,52,44,31,23,14,9,13
S01008307,32,112,81,70,47,32,37,25,34
S01008308,17,53,41,31,24,18,18,12,13
S01008309,17,43,21,27,28,24,27,19,38
S01008310,23,72,64,58,46,32,49,28,43
S01008311,9,28,37,32,29,27,23,17,21
S01008312,17,36,37,29,14,18,24,8,15
S01008313,16,46,26,38,41,53,34,32,47
S01008314,10,24,19,35,28,27,31,21,39
S01008315,14,43,35,32,37,35,22,29,45
S01008316,12,35,28,21,25,36,31,33,47
S01008317,45,102,60,43,64,42,48,30,47
S01008318,82,261,167,80,73,68,64,44,43
S01008319,13,46,49,51,61,50,32,25,53
S01008320,24,62,34,30,26,27,15,17,20
S01008321,19,60,42,25,23,24,23,18,10
S01008322,26,78,63,71,59,61,40,40,62
S01008323,15,44,31,25,39,39,41,35,29
S01008324,27,62,60,52,46,41,38,36,50
S01008325,26,43,40,32,46,58,37,32,62
S01008326,29,51,49,55,69,55,50,39,52
S01008327,25,47,51,49,49,56,48,37,48
S01008328,209,662,249,175,107,77,98,57,88
S01008329,37,130,76,45,31,20,38,12,24
S01008330,25,122,67,40,31,23,44,15,25
S01008331,31,75,44,25,18,23,27,4,10
S01008332,44,145,57,43,24,25,31,13,30
S01008333,52,119,55,32,28,13,32,9,15
S01008334,45,127,66,32,12,20,20,11,10
S01008335,20,88,45,25,12,31,30,10,30
S01008336,20,91,47,36,21,19,31,21,31
S01008337,44,127,85,48,27,26,27,20,29
S01008338,53,139,74,35,26,17,31,11,30
S01008339,26,102,44,33,19,16,22,10,13
S01008340,38,127,77,34,27,24,39,19,25
S01008341,37,120,41,33,15,17,27,7,17
S01008342,35,104,56,36,23,28,30,18,29
S01008343,68,146,62,35,20,15,25,8,12
S01008344,82,152,44,35,24,22,29,3,20
S01008345,97,161,61,44,16,14,19,9,15
S01008346,80,161,74,35,16,23,45,12,26
S01008347,44,156,69,44,27,27,37,22,21
S01008348,38,105,43,30,19,17,22,13,18
S01008349,62,157,61,40,12,12,35,8,17
S01008350,43,76,35,16,10,9,12,4,12
S01008351,65,157,59,45,26,19,25,14,19
S01008352,37,128,50,28,19,4,22,7,11
S01008353,40,95,34,22,7,11,12,9,16
S01008354,203,577,210,119,84,64,82,40,65
S01008355,33,77,47,26,41,21,22,11,23
S01008356,23,81,55,33,38,26,11,22,18
S01008357,31,92,48,26,25,17,17,14,17
S01008358,25,93,45,31,26,16,20,13,21
S01008359,48,99,47,47,35,26,13,18,28
S01008360,57,139,72,37,17,25,16,6,19
S01008361,61,154,75,39,35,26,26,25,14
S01008362,83,260,99,60,44,29,46,19,26
S01008363,36,129,51,42,26,21,22,12,17
S01008364,36,110,39,31,15,19,28,12,22
S01008365,44,104,42,27,13,10,12,12,16
S01008366,30,96,55,38,36,34,25,19,38
S01008367,22,80,55,31,42,31,21,23,40
S01008368,29,96,48,53,20,32,23,14,19
S01008369,36,97,47,33,20,21,24,9,25
S01008370,34,111,48,38,18,20,28,6,28
S01008371,41,130,62,44,28,21,27,12,23
S01008372,33,102,53,39,15,17,30,9,23
S01008373,41,156,61,34,21,22,16,9,15
S01008374,40,123,50,42,20,17,26,16,25
S01008375,49,126,65,46,24,22,14,10,26
S01008376,28,99,48,21,18,17,18,5,19
S01008377,44,140,61,38,28,20,31,9,28
S01008378,57,165,65,38,17,20,22,11,24
S01008379,32,96,43,31,9,13,12,8,8
S01008380,34,144,57,30,20,13,30,5,13
S01008381,29,159,46,24,20,17,16,14,23
S01008382,41,143,90,46,23,25,21,9,23
S01008383,24,105,33,14,24,11,10,6,12
S01008384,36,150,89,48,37,20,36,17,29
S01008385,29,121,54,19,15,10,22,9,8
S01008386,33,108,66,54,27,19,26,14,26
S01008387,30,80,54,40,32,28,20,16,17
S01008388,19,95,60,37,23,30,22,18,29
S01008389,23,84,36,16,15,7,13,6,12
S01008390,37,108,48,30,14,11,14,6,12
S01008391,38,131,54,31,16,19,28,10,10
S01008392,51,227,73,34,17,16,20,8,14
S01008393,38,134,54,19,12,9,25,12,13
S01008394,71,173,68,31,23,8,26,7,22
S01008395,17,70,33,35,20,21,30,16,15
S01008396,24,82,43,25,21,12,15,14,16
S01008397,39,153,73,37,21,12,27,14,16
S01008398,38,111,54,27,16,20,16,7,17
S01008399,33,84,27,19,11,6,11,8,12
S01008400,31,115,61,35,17,17,27,13,14
S01008401,39,161,58,31,26,15,33,17,28
S01008402,74,210,61,37,20,10,31,5,24
S01008403,47,120,38,23,14,10,16,8,13
S01008404,54,161,70,27,23,19,22,10,10
S01008405,43,177,47,31,23,11,18,3,8
S01008406,42,155,59,26,10,11,22,7,13
S01008407,18,62,38,13,17,7,14,8,17
S01008408,24,101,41,34,26,16,21,14,22
S01008409,18,113,69,38,40,36,34,21,40
S01008410,28,82,32,24,14,18,24,17,16
S01008411,21,99,37,39,24,28,28,8,21
S01008412,44,114,50,29,27,27,38,10,31
S01008413,22,63,27,14,19,22,29,8,13
S01008414,30,89,40,20,11,14,29,10,11
S01008415,31,114,62,36,27,30,38,26,34
S01008416,31,88,62,50,28,37,45,34,44
S01008417,41,103,53,31,36,19,19,11,13
S01008418,27,78,47,35,28,22,8,16,16
S01008419,32,88,40,20,6,16,15,6,10
S01008420,29,62,32,22,17,8,11,8,17
S01008421,32,118,62,47,41,28,39,22,31
S01008422,30,98,40,15,6,17,13,7,8
S01008423,110,286,116,66,55,41,35,18,38
S01008424,52,121,49,30,21,16,20,0,18
S01008425,84,372,186,132,84,86,147,49,182
S01008426,21,67,52,42,33,29,15,24,35
S01008427,33,150,100,65,36,43,31,22,24
S01008428,33,97,60,45,46,24,31,22,27
S01008429,34,166,82,59,28,26,32,13,33
S01008430,39,192,79,44,25,26,23,18,29
S01008431,38,120,51,42,35,26,26,20,19
S01008432,32,104,51,26,34,19,15,11,27
S01008433,28,93,47,39,36,23,21,21,22
S01008434,43,118,90,60,36,32,35,30,36
S01008435,36,101,61,37,22,14,23,13,15
S01008436,50,138,71,47,21,18,22,15,13
S01008437,29,122,55,28,27,29,21,9,26
S01008438,55,120,58,20,19,12,5,11,10
S01008439,83,207,84,48,27,30,22,12,24
S01008440,66,196,61,39,24,24,13,7,19
S01008441,30,103,36,21,8,9,7,7,16
S01008442,44,147,69,24,14,20,18,6,11
S01008443,49,113,48,18,18,16,11,10,15
S01008444,66,87,372,32,21,17,13,15,18
S01008445,19,90,143,16,13,23,24,13,32
S01008446,50,192,58,26,27,17,20,12,16
S01008447,45,120,50,19,22,11,8,6,15
S01008448,35,104,57,31,31,21,25,17,15
S01008449,22,37,28,34,43,63,46,30,81
S01008450,5,31,30,28,27,44,32,17,74
S01008451,7,14,21,20,21,48,46,29,85
S01008452,9,24,17,22,24,26,37,27,72
S01008453,20,58,48,39,40,63,47,31,81
S01008454,13,42,29,36,32,62,62,37,88
S01008455,17,52,23,37,44,61,47,33,112
S01008456,9,38,37,22,33,41,43,41,113
S01008457,18,21,21,31,21,45,31,16,60
S01008458,30,48,51,61,54,39,57,45,93
S01008459,7,24,43,24,30,44,38,25,89
S01008460,12,25,27,18,43,38,48,33,90
S01008461,14,39,40,41,38,49,59,41,132
S01008462,7,12,31,6,13,30,19,20,51
S01008463,11,19,19,11,24,36,24,23,52
S01008464,22,72,60,65,43,54,47,35,60
S01008465,21,65,41,35,55,33,41,45,67
S01008466,22,33,57,30,46,52,44,46,47
S01008467,20,48,47,49,37,43,39,23,41
S01008468,33,119,81,53,60,57,53,38,85
S01008469,17,76,42,27,28,31,34,20,48
S01008470,15,64,40,40,41,55,41,38,96
S01008471,17,25,39,17,42,45,64,42,103
S01008472,19,56,34,25,26,40,33,26,58
S01008473,18,35,26,31,23,41,35,26,59
S01008474,19,53,35,54,40,45,32,28,78
S01008475,17,52,36,37,25,38,26,26,54
S01008476,23,73,40,46,45,35,38,25,52
S01008477,25,78,67,40,41,35,37,33,69
S01008478,38,132,90,69,50,59,95,34,94
S01008479,18,79,57,33,38,42,38,28,58
S01008480,14,81,29,25,19,31,29,20,55
S01008481,42,108,82,70,86,74,55,50,95
S01008482,16,32,33,29,26,27,36,25,37
S01008483,19,38,34,39,39,38,21,31,37
S01008484,15,61,52,36,41,36,43,26,63
S01008485,35,123,107,61,50,49,54,30,63
S01008486,32,89,51,47,38,36,36,26,45
S01008487,42,223,124,83,47,44,51,13,70
S01008488,25,135,75,65,36,39,48,18,53
S01008489,28,95,64,41,24,32,28,18,47
S01008490,31,147,83,56,44,40,49,24,55
S01008491,34,140,89,58,35,45,30,22,51
S01008492,49,276,155,76,50,53,61,24,75
S01008493,28,123,98,75,46,46,89,30,100
S01008494,35,136,78,55,45,52,56,34,87
S01008495,42,197,119,58,38,58,57,19,74
S01008496,37,196,107,63,43,38,63,31,89
S01008497,33,169,83,64,38,43,50,23,64
S01008498,30,162,90,52,39,53,57,21,71
S01008499,24,198,115,47,33,26,50,18,82
S01008500,13,51,24,8,21,28,18,8,43
S01008501,19,156,70,28,17,14,44,13,59
S01008502,29,162,88,63,24,24,41,12,50
S01008503,31,244,89,40,24,33,31,14,51
S01008504,67,295,130,50,23,33,34,7,34
S01008505,40,181,76,30,21,13,15,6,31
S01008506,54,208,81,33,15,25,30,4,26
S01008507,33,245,111,49,26,49,50,13,82
S01008508,37,145,63,32,10,21,16,7,20
S01008509,68,240,71,49,24,7,26,6,19
S01008510,41,142,63,36,22,22,36,18,26
S01008511,56,163,65,38,18,15,15,5,15
S01008512,36,107,30,21,15,9,8,2,12
S01008513,58,116,44,26,11,10,10,4,12
S01008514,50,193,66,24,19,19,12,7,15
S01008515,46,214,64,37,17,11,16,10,20
S01008516,42,250,106,49,33,29,40,19,37
S01008517,31,186,71,31,22,28,33,8,29
S01008518,42,199,83,40,16,19,15,10,27
S01008519,54,171,62,18,10,8,12,5,17
S01008520,83,225,62,30,11,15,18,10,24
S01008521,44,212,65,24,15,11,22,4,18
S01008522,36,123,46,20,8,10,8,9,14
S01008523,70,175,75,41,19,8,11,4,24
S01008524,21,82,56,39,52,69,50,35,81
S01008525,15,61,36,31,36,55,35,19,54
S01008526,31,94,68,42,37,41,57,19,58
S01008527,14,78,49,38,43,39,36,21,53
S01008528,24,80,58,36,36,51,26,16,45
S01008529,22,68,64,42,57,65,41,29,52
S01008530,15,48,52,32,43,44,39,25,70
S01008531,16,61,55,42,36,48,33,31,69
S01008532,13,27,26,25,29,38,7,20,33
S01008533,10,41,74,13,20,25,25,8,23
S01008534,26,76,70,52,21,31,22,10,16
S01008535,25,100,33,34,16,15,20,12,14
S01008536,23,103,47,28,22,21,21,15,13
S01008537,31,108,35,35,17,11,7,12,16
S01008538,31,90,37,16,14,7,11,3,4
S01008539,45,135,60,38,17,13,15,6,21
S01008540,48,146,72,30,27,13,16,17,21
S01008541,39,149,68,34,15,21,20,11,22
S01008542,87,353,123,86,39,33,47,18,38
S01008543,32,132,65,32,22,21,21,12,16
S01008544,45,111,43,26,13,18,11,5,18
S01008545,65,148,49,26,13,11,17,7,12
S01008546,43,124,46,37,19,10,13,13,10
S01008547,65,178,71,84,50,51,41,25,45
S01008548,73,215,117,80,72,78,46,51,65
S01008549,254,887,441,296,231,197,155,125,184
S01008550,35,96,46,41,22,23,27,21,22
S01008551,36,125,78,49,36,25,29,21,37
S01008552,30,96,48,39,29,22,29,18,32
S01008553,28,57,44,38,31,37,31,24,42
S01008554,18,66,42,31,53,69,40,43,81
S01008555,22,55,37,45,51,59,45,32,87
S01008556,17,64,48,36,41,50,46,40,79
S01008557,30,143,86,72,72,89,48,61,99
S01008558,24,53,48,43,35,68,26,25,71
S01008559,10,44,45,29,42,38,28,28,57
S01008560,12,55,55,26,58,47,34,32,69
S01008561,16,47,28,48,44,41,25,40,43
S01008562,28,50,36,35,38,64,48,35,66
S01008563,30,60,50,38,30,44,34,49,66
S01008564,13,40,32,31,38,41,22,22,38
S01008565,27,65,37,31,50,59,41,47,77
S01008566,29,92,51,46,54,78,50,45,74
S01008567,14,76,22,27,33,49,36,36,54
S01008568,39,106,68,53,45,37,41,23,53
S01008569,8,22,16,18,26,32,21,28,71
S01008570,17,51,31,26,50,65,42,32,75
S01008571,20,63,27,34,40,50,26,25,47
S01008572,23,88,39,40,34,39,33,21,42
S01008573,33,100,46,48,29,26,32,24,28
S01008574,36,102,55,46,33,31,18,14,13
S01008575,43,130,55,33,28,22,18,14,31
S01008576,31,118,43,36,30,19,27,20,19
S01008577,35,137,64,39,25,16,33,15,25
S01008578,41,148,50,23,16,17,17,4,10
S01008579,77,280,118,51,37,18,30,22,24
S01008580,23,70,42,26,27,23,12,15,31
S01008581,29,106,70,40,37,42,37,34,57
S01008582,25,88,63,57,52,50,35,41,71
S01008583,20,86,43,30,34,50,24,26,57
S01008584,32,91,42,36,43,52,32,21,51
S01008585,12,59,34,28,26,37,37,16,46
S01008586,22,80,57,50,48,56,32,29,69
S01008587,47,149,59,35,20,22,21,10,40
S01008588,25,152,63,43,22,20,18,4,20
S01008589,20,84,30,17,10,10,4,13,7
S01008590,27,182,62,23,9,14,19,12,26
S01008591,30,176,46,22,14,15,18,10,28
S01008592,28,175,64,33,32,21,19,13,42
S01008593,51,208,54,28,9,11,12,4,18
S01008594,74,260,79,21,13,29,22,11,28
S01008595,24,127,51,29,39,31,33,17,45
S01008596,17,152,56,33,25,46,30,25,68
S01008597,48,170,61,49,33,12,19,18,29
S01008598,37,156,62,28,21,24,36,18,36
S01008599,56,192,66,33,23,19,14,8,27
S01008600,62,187,58,23,14,28,17,6,35
S01008601,19,192,113,27,16,32,95,66,198
S01008602,19,123,41,17,13,18,34,7,48
S01008603,21,216,102,33,30,57,74,29,135
S01008604,38,214,65,38,17,29,39,18,41
S01008605,26,167,67,19,22,16,21,3,36
S01008606,40,199,41,25,14,16,12,4,29
S01008607,47,113,36,14,0,8,5,3,6
S01008608,28,162,56,10,8,15,7,1,15
S01008609,59,204,52,23,16,16,17,6,18
S01008610,42,132,43,23,10,7,15,12,24
S01008611,42,226,75,35,19,44,41,11,85
S01008612,21,145,52,26,23,32,40,11,47
S01008613,33,130,49,16,16,16,17,5,34
S01008614,21,103,51,16,16,16,21,12,59
S01008615,24,142,65,26,12,23,24,11,56
S01008616,25,134,59,18,16,14,16,10,47
S01008617,36,138,54,18,8,24,33,9,47
S01008618,18,117,46,23,6,28,29,4,57
S01008619,20,94,45,11,11,12,17,8,31
S01008620,26,158,56,23,11,33,31,6,63
S01008621,16,127,66,11,16,11,22,7,68
S01008622,23,102,39,18,9,16,10,0,26
S01008623,34,152,62,16,13,29,21,15,66
S01008624,57,115,48,16,2,12,21,3,11
S01008625,42,117,41,19,6,7,9,4,11
S01008626,55,213,84,31,14,18,21,7,25
S01008627,60,148,52,17,7,10,10,3,18
S01008628,35,157,45,21,16,14,22,4,14
S01008629,31,146,55,25,20,17,18,4,13
S01008630,27,142,63,20,13,20,31,8,30
S01008631,40,243,85,35,24,35,30,23,41
S01008632,39,163,55,33,8,15,22,11,35
S01008633,46,166,69,17,10,17,19,6,14
S01008634,64,133,63,22,19,14,20,12,36
S01008635,64,210,83,25,16,19,13,4,41
S01008636,39,126,55,36,15,18,26,10,35
S01008637,39,179,71,22,15,14,23,11,21
S01008638,29,108,51,26,16,22,19,7,51
S01008639,50,238,101,45,31,28,18,12,49
S01008640,43,207,97,36,21,26,25,6,57
S01008641,34,193,87,27,17,27,53,10,60
S01008642,43,219,78,36,27,20,26,15,47
S01008643,39,197,65,28,13,17,30,8,32
S01008644,39,189,87,26,19,32,27,9,55
S01008645,26,177,73,39,20,26,39,8,56
S01008646,37,251,96,34,24,29,46,15,53
S01008647,22,161,77,29,24,25,33,12,31
S01008648,20,113,66,38,36,31,33,13,35
S01008649,50,206,92,52,30,35,57,13,58
S01008650,29,198,88,30,32,27,34,15,57
S01008651,68,209,102,67,50,66,144,25,237
S01008652,18,95,57,28,25,29,20,9,49
S01008653,22,110,61,36,22,31,45,12,87
S01008654,30,197,108,61,53,36,53,21,87
S01008655,22,207,83,39,30,29,42,14,66
S01008656,23,119,76,27,29,46,38,19,55
S01008657,33,136,65,43,16,24,43,14,55
S01008658,55,272,149,75,54,69,87,34,144
S01008659,23,139,73,41,40,28,52,17,81
S01008660,49,221,105,47,23,38,49,18,92
S01008661,20,123,69,36,25,35,64,25,82
S01008662,19,97,46,32,21,19,39,12,70
S01008663,30,159,71,36,29,31,36,9,65
S01008664,31,129,76,32,27,28,38,9,59
S01008665,48,267,119,69,34,36,114,24,143
S01008666,32,151,75,27,18,31,59,11,96
S01008667,32,172,76,38,26,32,41,22,84
S01008668,14,111,58,22,21,31,29,5,45
S01008669,9,61,20,10,9,9,15,11,43
S01008670,7,88,43,29,12,28,59,10,87
S01008671,8,136,43,22,19,27,42,15,55
S01008672,18,108,54,36,14,19,35,11,47
S01008673,46,309,134,60,31,51,67,24,151
S01008674,21,106,47,30,10,23,44,7,93
S01008675,20,98,61,44,29,28,33,14,86
S01008676,29,171,85,33,29,29,21,14,63
S01008677,46,127,72,25,33,39,27,13,91
S01008678,18,116,52,29,31,40,70,24,108
S01008679,19,109,78,26,27,46,61,20,144
S01008680,18,76,36,25,13,20,30,7,64
S01008681,21,144,65,35,24,36,54,12,95
S01008682,16,138,42,26,17,27,25,11,43
S01008683,37,145,85,38,30,54,63,29,128
S01008684,37,145,82,45,36,56,58,30,95
S01008685,28,168,106,51,37,42,60,17,108
S01008686,27,201,117,50,39,42,76,16,130
S01008687,27,143,66,46,26,31,39,10,45
S01008688,39,169,94,39,23,39,38,21,53
S01008689,37,169,85,52,42,37,33,10,59
S01008690,74,352,203,89,64,53,59,19,60
S01008691,55,243,172,69,69,54,41,26,96
S01008692,78,311,170,98,75,78,79,42,96
S01008693,10,34,30,27,22,21,11,14,20
S01008694,46,219,136,60,43,34,26,27,43
S01008695,43,168,97,31,35,30,18,14,25
S01008696,33,141,68,36,23,17,16,10,20
S01008697,47,185,77,41,40,23,26,13,30
S01008698,26,65,28,19,13,16,14,8,12
S01008699,38,92,85,54,46,43,34,34,54
S01008700,45,91,41,18,14,14,6,11,14
S01008701,33,140,78,67,71,129,68,58,153
S01008702,17,117,52,34,29,39,27,24,47
S01008703,13,51,40,40,51,74,48,44,80
S01008704,158,569,277,229,217,256,163,154,270
S01008705,26,80,37,31,38,59,47,31,75
S01008706,30,60,39,40,44,46,40,43,65
S01008707,13,38,40,24,55,55,35,21,84
S01008708,16,61,33,46,43,93,49,41,118
S01008709,17,34,33,26,50,37,23,28,61
S01008710,9,23,15,12,31,40,19,21,56
S01008711,23,43,38,24,38,47,40,24,71
S01008712,10,49,41,37,49,69,30,49,79
S01008713,12,23,21,7,25,35,24,25,49
S01008714,20,45,22,15,26,29,21,16,34
S01008715,20,24,32,27,34,43,30,34,37
S01008716,18,31,30,30,35,42,25,16,32
S01008717,18,55,29,40,35,22,29,19,25
S01008718,33,67,64,51,40,43,52,41,35
S01008719,44,100,52,68,72,65,61,52,75
S01008720,100,273,166,134,90,93,73,65,68
S01008721,43,114,90,57,37,36,37,29,32
S01008722,57,149,66,47,22,27,28,24,27
S01008723,35,112,47,35,27,33,22,11,19
S01008724,51,170,73,41,29,21,19,14,25
S01008725,45,141,54,26,25,18,18,11,17
S01008726,24,110,49,18,22,15,16,9,11
S01008727,60,185,88,36,31,34,21,8,27
S01008728,25,92,48,26,28,29,25,14,21
S01008729,51,120,89,25,14,21,14,4,19
S01008730,42,151,103,29,25,37,23,19,31
S01008731,20,64,41,18,17,20,14,14,11
S01008732,20,112,53,26,25,26,25,15,30
S01008733,75,305,197,93,63,71,57,35,63
S01008734,36,88,60,25,17,19,13,11,13
S01008735,66,151,77,53,41,23,35,9,12
S01008736,52,114,53,34,27,21,27,17,23
S01008737,47,88,64,22,34,13,14,7,20
S01008738,43,112,57,27,28,18,20,19,15
S01008739,16,71,37,50,42,24,25,19,28
S01008740,18,40,39,31,22,16,18,12,12
S01008741,39,113,75,67,54,33,40,31,31
S01008742,23,52,33,35,29,10,19,12,18
S01008743,39,81,55,44,51,54,49,33,66
S01008744,41,107,100,74,53,52,42,19,50
S01008745,10,66,49,27,17,25,11,11,23
S01008746,32,117,86,56,45,70,53,24,98
S01008747,16,75,51,26,13,14,20,12,7
S01008748,35,67,38,23,24,17,17,18,15
S01008749,57,123,74,45,37,37,30,30,27
S01008750,39,65,55,44,31,17,21,15,19
S01008751,24,45,42,28,25,38,23,17,22
S01008752,18,35,47,37,40,35,21,17,51
S01008753,14,37,40,26,32,43,26,17,42
S01008754,29,48,40,40,34,32,33,20,54
S01008755,27,117,84,61,63,74,53,45,90
S01008756,20,54,39,28,34,43,33,26,55
S01008757,7,28,21,16,28,37,19,18,55
S01008758,22,35,47,46,41,43,27,28,54
S01008759,14,34,32,31,29,33,22,22,40
S01008760,27,41,39,46,51,63,38,30,90
S01008761,29,72,53,32,40,46,27,23,44
S01008762,18,66,64,44,40,21,32,19,31
S01008763,49,188,101,58,45,41,20,20,35
S01008764,38,135,72,29,28,21,17,16,28
S01008765,50,188,98,49,37,42,26,23,33
S01008766,67,165,87,44,41,29,21,22,34
S01008767,26,53,51,36,25,26,30,15,27
S01008768,170,456,264,119,111,100,90,58,123
S01008769,72,240,145,71,48,49,44,23,52
S01008770,79,223,129,32,30,27,22,21,31
S01008771,74,210,111,58,46,54,38,23,57
S01008772,47,161,75,28,25,35,31,15,30
S01008773,46,147,104,59,59,53,43,34,54
S01008774,28,143,107,68,69,57,50,35,86
S01008775,29,124,60,23,31,22,23,6,33
S01008776,32,105,75,36,32,27,32,15,53
S01008777,35,117,89,50,33,54,36,30,77
S01008778,78,256,143,56,50,50,53,29,65
S01008779,62,218,103,48,35,33,30,17,44
S01008780,24,110,78,23,20,22,23,8,28
S01008781,51,177,120,68,50,62,46,35,82
S01008782,38,171,98,46,32,25,36,19,46
S01008783,41,104,58,33,24,16,12,7,27
S01008784,29,93,62,19,18,26,20,5,22
S01008785,23,70,64,30,42,34,36,18,58
S01008786,45,202,124,56,59,58,47,28,77
S01008787,6,7,10,6,11,16,10,6,35
S01008788,50,161,98,42,47,30,40,19,36
S01008789,35,113,83,31,43,38,36,20,45
S01008790,25,98,77,34,27,33,36,23,53
S01008791,48,193,108,50,43,47,44,37,69
S01008792,56,186,100,40,54,50,46,30,64
S01008793,13,55,47,17,16,24,19,11,35
S01008794,32,119,73,62,45,43,47,29,75
S01008795,44,200,138,63,61,43,54,33,79
S01008796,43,165,127,69,51,59,39,23,93
S01008797,32,151,100,46,41,41,34,10,68
S01008798,37,187,97,65,40,40,46,20,59
S01008799,26,138,77,50,31,44,34,23,55
S01008800,59,213,124,81,81,68,49,21,85
S01008801,45,173,108,56,46,41,52,27,91
S01008802,33,190,140,65,49,56,50,23,79
S01008803,32,127,101,52,42,43,48,23,84
S01008804,13,83,48,32,22,31,36,15,71
S01008805,26,145,53,40,36,32,40,13,45
S01008806,66,337,138,71,46,58,64,23,71
S01008807,31,162,108,36,42,28,42,13,39
S01008808,34,172,74,28,21,30,37,17,31
S01008809,51,148,76,31,28,18,24,7,39
S01008810,51,240,115,22,18,24,20,19,34
S01008811,39,151,93,26,24,26,36,16,56
S01008812,24,105,60,13,8,13,27,4,25
S01008813,48,146,91,39,50,60,54,27,80
S01008814,42,159,94,32,48,35,39,12,41
S01008815,40,158,106,60,56,51,53,29,71
S01008816,29,127,65,29,32,23,25,13,32
S01008817,67,262,140,83,57,45,53,25,53
S01008818,57,234,125,68,39,51,31,33,49
S01008819,37,155,100,36,29,16,22,12,36
S01008820,51,172,118,44,40,60,54,31,64
S01008821,52,174,62,28,19,16,13,11,15
S01008822,50,153,63,16,19,18,11,4,12
S01008823,36,117,54,26,21,9,12,9,36
S01008824,43,224,104,42,25,26,26,11,34
S01008825,45,153,77,33,31,17,14,5,22
S01008826,40,108,60,25,26,23,18,8,35
S01008827,50,137,55,21,4,17,8,11,10
S01008828,54,209,77,27,29,25,25,6,33
S01008829,36,124,48,19,20,21,23,15,21
S01008830,58,182,72,31,24,20,16,9,16
S01008831,45,118,65,29,17,23,20,10,12
S01008832,40,101,47,29,20,15,12,9,26
S01008833,66,204,91,31,13,23,18,7,16
S01008834,75,212,107,49,35,21,19,10,31
S01008835,45,137,79,39,21,16,27,10,31
S01008836,39,159,79,48,31,30,29,15,51
S01008837,89,323,152,81,43,47,70,27,88
S01008838,84,298,127,72,34,41,35,27,50
S01008839,61,232,115,48,47,43,45,15,61
S01008840,75,249,128,58,33,31,40,18,34
S01008841,51,198,97,46,29,26,29,10,32
S01008842,39,260,114,61,31,28,25,14,29
S01008843,64,280,137,75,59,59,63,22,126
S01008844,33,197,93,34,27,18,25,12,29
S01008845,55,260,93,41,30,23,49,11,49
S01008846,52,138,80,18,21,13,18,10,35
S01008847,38,120,66,23,12,21,14,2,32
S01008848,54,154,78,32,13,12,13,12,21
S01008849,53,151,64,16,18,15,17,9,22
S01008850,60,154,64,22,13,7,9,8,14
S01008851,55,180,100,37,23,27,30,6,30
S01008852,98,182,80,21,13,15,14,7,20
S01008853,38,153,80,21,7,10,21,11,15
S01008854,77,235,113,30,22,10,17,6,19
S01008855,94,298,163,41,37,36,37,6,52
S01008856,30,178,83,26,16,17,14,9,20
S01008857,45,208,103,34,20,29,18,9,27
S01008858,50,143,66,18,21,6,8,2,11
S01008859,73,258,145,43,38,29,37,11,43
S01008860,66,228,106,42,25,20,23,9,31
S01008861,92,157,75,13,7,9,11,2,9
S01008862,71,206,124,30,34,21,36,12,19
S01008863,65,219,92,30,21,13,16,11,23
S01008864,51,205,80,29,12,6,18,10,22
S01008865,45,228,88,55,18,21,19,9,31
S01008866,65,241,111,32,17,21,12,5,18
S01008867,80,185,76,25,23,17,12,5,11
S01008868,89,181,119,56,23,31,37,18,47
S01008869,97,262,105,43,21,21,29,9,20
S01008870,56,185,83,22,17,20,20,10,10
S01008871,86,210,96,37,25,11,24,7,21
S01008872,72,190,85,34,23,35,43,7,62
S01008873,106,155,72,34,17,25,26,9,20
S01008874,63,215,101,54,27,22,33,15,38
S01008875,49,196,94,51,37,29,27,11,44
S01008876,25,101,53,19,17,9,23,4,9
S01008877,38,77,55,26,16,16,14,4,20
S01008878,42,125,57,36,40,38,33,22,38
S01008879,33,148,55,34,37,39,18,17,24
S01008880,47,96,51,33,21,14,16,11,19
S01008881,56,124,45,23,12,18,14,1,17
S01008882,110,200,80,37,12,15,8,4,18
S01008883,88,188,74,21,16,11,17,4,10
S01008884,46,120,45,16,9,10,16,8,20
S01008885,76,191,49,38,13,10,5,5,11
S01008886,57,186,110,49,20,17,29,13,22
S01008887,39,141,58,28,23,15,15,9,17
S01008888,27,171,67,22,16,16,19,9,12
S01008889,60,204,77,35,28,17,22,14,20
S01008890,30,132,48,25,21,10,25,8,15
S01008891,47,167,71,40,21,23,21,10,15
S01008892,58,167,70,55,27,23,29,11,25
S01008893,58,200,60,31,20,12,19,8,21
S01008894,65,162,63,30,19,11,12,12,16
S01008895,58,142,49,28,12,14,6,9,16
S01008896,61,127,48,24,13,13,8,8,13
S01008897,61,129,48,27,12,22,21,10,10
S01008898,61,143,55,33,11,14,22,8,14
S01008899,11,37,31,32,52,52,35,24,64
S01008900,21,52,41,56,62,61,43,33,80
S01008901,26,71,50,40,52,48,39,33,53
S01008902,38,87,55,63,50,70,58,31,97
S01008903,24,59,52,52,60,62,38,28,79
S01008904,19,62,43,49,63,83,47,44,108
S01008905,21,46,37,46,57,102,62,39,148
S01008906,20,31,32,35,56,60,41,42,105
S01008907,21,51,46,39,47,66,48,38,110
S01008908,48,219,138,83,66,91,63,59,112
S01008909,23,49,46,51,61,55,52,35,58
S01008910,10,66,34,22,24,36,16,14,37
S01008911,72,358,155,96,63,61,51,42,79
S01008912,41,150,62,40,27,26,23,18,14
S01008913,44,92,53,44,40,42,35,22,43
S01008914,39,117,69,46,49,31,25,43,28
S01008915,37,96,32,27,19,19,13,6,7
S01008916,22,49,44,43,44,62,43,39,92
S01008917,8,25,36,26,32,50,25,16,65
S01008918,12,23,18,12,15,33,22,15,57
S01008919,9,11,11,10,27,39,27,16,45
S01008920,136,328,212,150,103,110,96,78,125
S01008921,26,63,35,31,51,70,49,37,73
S01008922,21,62,41,32,47,58,34,27,77
S01008923,21,40,54,47,46,56,43,31,106
S01008924,29,28,30,28,56,62,46,31,83
S01008925,16,36,34,20,52,51,38,25,70
S01008926,23,49,34,33,40,33,31,30,46
S01008927,32,113,81,56,52,62,39,41,95
S01008928,42,79,73,51,45,73,50,43,114
S01008929,24,55,40,37,69,59,48,43,122
S01008930,20,40,33,31,36,68,41,35,112
S01008931,39,71,80,78,82,126,82,63,193
S01008932,19,82,60,45,54,52,56,34,89
S01008933,4,28,24,16,39,43,27,28,75
S01008934,21,67,43,43,38,41,24,37,87
S01008935,53,120,59,40,42,39,27,13,24
S01008936,33,60,21,23,12,9,9,4,13
S01008937,49,141,71,34,29,38,31,13,23
S01008938,37,129,63,46,26,22,24,16,16
S01008939,31,115,62,42,35,23,22,15,26
S01008940,61,85,38,20,11,5,9,5,13
S01008941,87,153,86,34,21,21,18,16,20
S01008942,40,151,80,34,29,23,15,11,21
S01008943,74,141,59,33,13,11,19,7,23
S01008944,55,187,70,43,12,19,23,11,18
S01008945,65,153,65,27,17,12,20,8,21
S01008946,70,149,71,34,23,10,22,5,14
S01008947,63,199,75,32,24,20,22,12,26
S01008948,43,91,52,31,28,33,19,16,14
S01008949,27,94,92,61,56,41,45,25,53
S01008950,35,105,81,61,54,37,46,34,46
S01008951,34,44,42,38,42,56,44,31,74
S01008952,23,62,49,51,45,49,53,35,83
S01008953,38,72,52,49,53,56,55,31,57
S01008954,31,106,64,55,51,49,41,43,55
S01008955,27,105,46,36,19,20,22,12,19
S01008956,34,121,78,76,41,49,38,20,53
S01008957,37,122,62,48,40,48,40,23,41
S01008958,41,105,64,46,36,37,38,26,34
S01008959,20,75,59,61,43,27,37,22,50
S01008960,99,202,101,54,33,33,35,21,32
S01008961,24,84,57,43,33,23,24,13,17
S01008962,21,84,55,38,23,13,20,13,16
S01008963,39,113,72,44,28,23,17,13,15
S01008964,31,91,33,17,10,9,18,10,19
S01008965,55,140,69,25,31,17,17,15,16
S01008966,26,100,54,47,27,18,18,8,23
S01008967,59,164,72,52,26,21,30,16,29
S01008968,101,302,170,85,54,42,52,31,50
S01008969,37,162,94,52,32,31,43,27,26
S01008970,58,207,75,40,20,17,25,10,19
S01008971,39,154,50,35,12,12,11,10,8
S01008972,62,141,62,37,14,10,13,4,14
S01008973,49,141,83,42,25,16,17,18,20
S01008974,30,134,54,40,26,26,19,14,22
S01008975,30,109,47,23,16,23,21,12,21
S01008976,33,84,52,18,10,7,8,7,11
S01008977,30,84,38,26,14,16,14,8,13
S01008978,24,61,52,41,27,20,25,21,31
S01008979,24,106,55,53,38,52,36,14,48
S01008980,27,99,62,58,46,36,44,26,47
S01008981,43,100,53,38,33,23,19,13,26
S01008982,23,97,83,61,45,36,34,29,56
S01008983,28,62,41,46,37,47,48,33,46
S01008984,17,70,53,35,27,27,25,18,27
S01008985,35,158,106,77,56,45,55,42,57
S01008986,32,102,73,46,44,20,36,25,29
S01008987,35,72,44,56,33,23,24,17,25
S01008988,41,139,85,51,30,42,43,18,48
S01008989,21,128,67,64,25,30,40,23,48
S01008990,45,201,109,84,44,42,56,24,39
S01008991,47,153,80,71,37,29,30,21,25
S01008992,16,44,44,31,20,24,17,18,45
S01008993,85,173,97,55,55,37,47,26,60
S01008994,29,63,35,28,39,31,28,45,55
S01008995,51,143,54,42,32,27,17,12,20
S01008996,66,160,67,44,43,29,25,31,46
S01008997,88,174,108,60,63,37,34,45,48
S01008998,27,91,65,48,41,42,41,38,50
S01008999,32,81,67,49,53,43,36,33,34
S01009000,104,299,146,107,81,55,56,43,44
S01009001,41,108,61,41,22,21,22,16,43
S01009002,229,611,297,151,90,94,80,63,95
S01009003,63,177,76,41,35,31,28,17,26
S01009004,30,56,63,32,27,26,29,16,30
S01009005,39,113,70,54,37,34,43,32,42
S01009006,44,84,55,38,37,37,19,20,48
S01009007,17,64,57,34,35,35,33,27,40
S01009008,50,135,57,39,33,34,23,22,26
S01009009,15,27,38,26,26,21,17,20,48
S01009010,52,160,104,59,44,35,33,26,40
S01009011,36,128,83,57,37,26,38,17,30
S01009012,27,88,74,40,31,25,39,19,27
S01009013,50,130,78,42,31,27,35,22,35
S01009014,18,55,23,14,55,43,12,29,44
S01009015,24,54,28,20,64,32,18,50,29
S01009016,16,40,26,6,46,32,19,26,32
S01009017,28,34,29,24,60,35,13,28,29
S01009018,24,74,51,27,74,35,22,35,51
S01009019,25,38,31,24,43,18,17,16,31
S01009020,32,61,48,44,78,50,28,36,76
S01009021,31,71,40,27,78,29,20,27,44
S01009022,39,62,40,32,91,52,22,37,47
S01009023,57,82,37,17,56,41,21,45,53
S01009024,64,70,46,39,73,57,13,57,68
S01009025,34,81,38,39,78,39,26,36,53
S01009026,28,86,51,45,81,51,30,49,53
S01009027,37,58,46,35,40,33,13,25,26
S01009028,16,34,33,23,42,23,11,25,15
S01009029,21,42,38,24,48,25,13,31,28
S01009030,8,50,38,33,41,31,13,38,29
S01009031,26,67,43,33,49,47,14,41,47
S01009032,21,41,31,24,45,31,26,34,22
S01009033,29,61,28,22,64,47,26,36,37
S01009034,24,85,37,24,54,32,24,29,33
S01009035,34,91,63,52,83,70,41,49,51
S01009036,35,113,77,56,83,73,33,42,50
S01009037,41,76,48,46,83,56,16,41,57
S01009038,28,103,67,46,80,56,36,42,58
S01009039,24,27,24,24,24,26,22,27,44
S01009040,11,39,37,29,55,39,22,21,60
S01009041,37,91,52,47,59,38,40,39,56
S01009042,17,31,36,24,38,27,32,22,42
S01009043,17,53,29,28,35,34,25,24,36
S01009044,23,70,30,25,48,51,24,33,55
S01009045,24,54,45,42,21,37,22,40,42
S01009046,36,89,66,63,78,72,41,28,54
S01009047,22,74,53,42,58,36,38,34,40
S01009048,33,80,38,36,49,45,31,40,37
S01009049,13,43,27,28,31,33,21,20,28
S01009050,42,86,63,54,52,39,44,38,29
S01009051,25,52,61,44,65,40,36,45,40
S01009052,18,33,43,27,39,25,21,29,33
S01009053,20,28,25,23,36,35,28,51,55
S01009054,14,24,25,25,36,30,26,40,36
S01009055,52,133,108,67,86,43,41,60,50
S01009056,19,27,18,24,37,39,26,36,39
S01009057,5,25,24,17,34,42,12,33,42
S01009058,24,64,35,37,48,43,32,40,36
S01009059,38,89,58,52,60,38,45,43,38
S01009060,89,213,191,86,94,57,55,61,49
S01009061,13,41,62,41,56,52,47,44,42
S01009062,14,16,24,25,42,37,25,25,53
S01009063,21,60,44,54,38,35,30,33,35
S01009064,13,25,37,35,30,19,24,26,54
S01009065,16,20,29,33,34,49,31,38,25
S01009066,11,29,28,32,39,51,32,50,52
S01009067,53,115,80,58,58,44,53,35,41
S01009068,23,53,43,42,56,56,47,47,49
S01009069,34,56,46,41,50,20,27,23,25
S01009070,18,52,42,37,43,23,24,33,19
S01009071,14,33,32,23,36,23,16,16,23
S01009072,40,46,27,32,28,22,12,24,23
S01009073,16,39,43,32,56,42,34,40,40
S01009074,17,34,41,21,42,51,31,35,60
S01009075,24,26,22,22,23,27,22,26,33
S01009076,43,79,58,67,50,53,38,51,49
S01009077,18,41,35,31,41,26,21,26,27
S01009078,53,95,79,68,41,34,30,40,26
S01009079,21,36,51,25,55,45,25,46,55
S01009080,24,53,53,23,57,50,56,42,66
S01009081,26,40,40,43,28,34,23,23,35
S01009082,34,91,92,77,72,64,64,69,77
S01009083,17,59,34,44,36,38,36,55,44
S01009084,48,110,76,44,71,44,39,39,29
S01009085,38,110,98,52,52,51,41,47,24
S01009086,18,54,40,34,41,36,21,35,33
S01009087,9,27,30,25,34,48,20,29,32
S01009088,73,101,76,45,48,45,34,30,48
S01009089,55,138,78,65,43,28,30,23,24
S01009090,133,430,216,127,107,85,96,69,64
S01009091,56,127,75,48,40,38,33,27,26
S01009092,46,137,98,64,73,55,56,50,55
S01009093,24,51,52,30,59,41,38,31,42
S01009094,30,93,37,16,28,19,24,16,25
S01009095,55,127,82,39,49,33,43,17,39
S01009096,43,162,88,41,46,36,31,27,27
S01009097,35,122,71,47,47,40,25,34,35
S01009098,24,82,34,22,19,13,12,12,10
S01009099,21,56,59,34,35,39,30,26,35
S01009100,23,39,33,43,53,47,50,37,54
S01009101,27,49,40,41,48,54,41,44,70
S01009102,16,35,31,29,51,57,40,60,67
S01009103,16,33,38,44,29,20,15,6,15
S01009104,17,45,31,34,29,36,32,28,44
S01009105,20,72,65,47,48,45,28,29,47
S01009106,19,32,36,32,37,27,30,27,39
S01009107,26,75,74,44,34,36,38,29,43
S01009108,27,61,53,33,33,27,20,51,24
S01009109,17,58,51,33,34,27,22,24,16
S01009110,12,53,37,26,27,32,27,23,26
S01009111,26,84,76,56,49,35,40,43,30
S01009112,28,45,41,29,31,13,28,25,18
S01009113,29,72,58,49,49,35,27,42,27
S01009114,33,54,37,43,44,58,60,51,61
S01009115,13,51,30,29,33,35,27,33,30
S01009116,12,29,34,30,21,19,16,20,18
S01009117,29,59,47,46,52,50,29,34,40
S01009118,23,74,58,39,42,26,34,21,22
S01009119,13,32,39,34,44,32,38,38,70
S01009120,10,35,27,39,42,33,29,34,41
S01009121,21,36,50,36,46,28,40,38,64
S01009122,192,474,325,178,153,96,98,111,89
S01009123,36,66,36,46,35,23,15,20,22
S01009124,20,39,39,32,31,30,23,24,31
S01009125,21,39,36,18,24,20,21,26,35
S01009126,9,22,17,13,29,29,12,35,62
S01009127,11,22,28,24,28,36,32,33,61
S01009128,8,27,27,21,23,37,27,36,58
S01009129,9,14,36,12,29,34,12,25,40
S01009130,19,42,35,31,34,31,26,39,41
S01009131,13,23,27,20,29,28,17,36,50
S01009132,33,72,72,56,35,36,42,39,41
S01009133,21,27,31,23,36,41,39,45,58
S01009134,30,72,69,49,46,28,25,53,45
S01009135,24,73,61,61,46,34,33,22,33
S01009136,39,79,71,44,33,22,28,34,19
S01009137,52,128,93,56,55,27,29,43,31
S01009138,37,118,72,54,41,24,33,31,40
S01009139,13,32,38,24,35,20,26,20,33
S01009140,17,45,46,35,42,39,29,32,50
S01009141,19,60,50,46,47,34,42,53,64
S01009142,19,38,45,39,54,42,45,42,78
S01009143,12,21,24,20,31,25,18,30,41
S01009144,44,129,102,82,58,56,48,54,60
S01009145,15,65,62,50,61,53,50,44,72
S01009146,21,55,48,47,50,41,38,42,75
S01009147,13,23,25,23,34,37,38,38,52
S01009148,13,31,37,27,48,39,27,44,52
S01009149,32,79,57,52,47,38,33,36,32
S01009150,1,10,11,11,6,7,5,19,26
S01009151,34,102,69,46,38,19,23,25,33
S01009152,16,51,41,23,29,35,26,22,40
S01009153,14,51,45,22,28,12,29,19,33
S01009154,54,133,91,55,43,27,40,29,30
S01009155,32,80,45,22,23,9,19,9,9
S01009156,35,99,43,33,21,15,25,15,11
S01009157,25,81,61,43,50,44,31,42,43
S01009158,17,32,37,24,26,34,31,21,39
S01009159,6,19,10,13,18,28,21,19,34
S01009160,17,27,17,30,32,35,36,41,38
S01009161,14,35,33,19,37,32,40,28,49
S01009162,17,33,40,24,39,46,33,41,49
S01009163,13,37,37,20,21,31,16,18,38
S01009164,23,28,31,39,53,43,49,50,64
S01009165,16,36,34,23,37,61,32,50,49
S01009166,19,23,25,25,43,35,27,25,68
S01009167,10,10,27,18,27,25,28,28,54
S01009168,28,58,40,37,29,29,18,21,30
S01009169,19,34,33,35,42,22,29,31,37
S01009170,11,33,39,34,28,45,36,47,41
S01009171,14,26,35,34,51,45,46,44,58
S01009172,40,130,50,31,26,16,24,10,11
S01009173,34,91,69,44,36,34,28,16,23
S01009174,33,100,52,30,19,16,14,12,13
S01009175,43,141,82,52,43,28,21,28,28
S01009176,58,139,76,59,53,34,21,24,29
S01009177,16,28,36,38,44,37,40,50,54
S01009178,15,27,38,38,38,44,28,40,57
S01009179,10,25,25,37,22,40,33,51,50
S01009180,24,58,52,62,67,50,46,68,100
S01009181,31,30,53,30,60,47,36,36,49
S01009182,50,84,83,65,61,41,36,42,38
S01009183,25,71,65,52,48,28,32,23,22
S01009184,23,50,55,31,57,28,40,44,60
S01009185,29,52,38,34,56,31,26,54,58
S01009186,38,61,57,34,56,42,39,25,50
S01009187,46,64,47,24,35,12,19,17,27
S01009188,42,72,56,50,55,44,28,59,56
S01009189,28,26,31,28,42,56,44,50,62
S01009190,86,200,164,98,79,60,47,53,48
S01009191,28,120,74,51,38,25,35,31,32
S01009192,21,49,49,41,44,35,27,23,43
S01009193,116,322,235,138,100,67,57,99,83
S01009194,39,95,48,45,32,24,20,13,24
S01009195,50,119,85,45,28,36,27,27,28
S01009196,24,58,49,27,30,36,20,21,24
S01009197,76,151,97,74,44,34,36,32,41
S01009198,21,72,47,33,31,24,23,21,36
S01009199,23,71,42,33,34,22,28,14,22
S01009200,83,287,179,104,78,56,67,54,58
S01009201,12,44,32,35,30,43,35,25,49
S01009202,24,70,41,29,26,21,15,22,16
S01009203,8,37,32,24,31,30,24,26,59
S01009204,33,74,62,32,45,41,39,51,58
S01009205,26,89,87,66,40,29,30,39,24
S01009206,27,96,66,63,29,25,18,28,21
S01009207,25,65,43,42,23,20,21,21,26
S01009208,18,61,43,31,30,33,20,19,30
S01009209,28,81,42,32,31,24,23,17,22
S01009210,22,59,28,33,18,19,10,10,25
S01009211,17,33,35,36,37,26,13,22,40
S01009212,13,29,47,35,56,34,35,30,58
S01009213,25,37,53,46,51,45,30,36,42
S01009214,39,79,78,59,54,47,50,39,51
S01009215,23,42,44,46,63,40,25,37,68
S01009216,36,47,51,48,58,45,44,50,48
S01009217,6,30,28,29,39,53,24,35,41
S01009218,23,57,45,41,43,38,31,36,39
S01009219,11,34,37,39,36,30,38,38,52
S01009220,11,26,24,28,22,20,22,22,36
S01009221,7,24,27,37,32,29,24,38,42
S01009222,12,28,28,23,24,16,18,33,42
S01009223,6,32,34,42,38,38,25,43,43
S01009224,12,38,31,48,36,33,38,49,49
S01009225,13,17,36,27,35,27,31,32,30
S01009226,17,36,44,47,40,39,30,49,81
S01009227,10,30,32,19,22,26,25,38,26
S01009228,8,26,32,23,36,16,23,26,53
S01009229,22,27,24,30,28,21,21,19,42
S01009230,12,29,31,33,19,24,14,22,31
S01009231,27,82,64,68,61,39,32,57,76
S01009232,11,18,14,22,21,18,34,39,58
S01009233,12,23,23,36,30,24,30,44,42
S01009234,12,27,40,39,57,38,62,76,110
S01009235,10,41,38,45,51,37,49,85,97
S01009236,17,38,44,24,17,19,20,15,37
S01009237,36,94,66,41,41,24,24,37,33
S01009238,11,23,27,48,36,38,37,43,44
S01009239,22,36,42,49,33,37,55,40,68
S01009240,9,24,26,30,26,23,33,48,42
S01009241,17,28,46,39,35,48,31,65,76
S01009242,19,43,44,44,31,48,31,37,38
S01009243,34,35,66,42,61,50,48,69,60
S01009244,29,84,85,39,47,18,19,36,30
S01009245,29,58,59,49,38,35,22,32,30
S01009246,17,42,44,44,50,31,37,49,43
S01009247,29,61,66,63,55,54,40,67,83
S01009248,28,46,46,27,29,35,21,41,32
S01009249,12,46,42,35,43,43,37,38,57
S01009250,19,21,36,29,27,34,28,32,48
S01009251,13,37,28,22,20,13,22,29,29
S01009252,29,56,38,21,25,17,21,17,20
S01009253,16,32,24,24,25,12,21,30,38
S01009254,15,38,39,28,32,34,34,51,66
S01009255,19,60,35,32,31,35,33,54,78
S01009256,20,38,35,18,32,17,20,24,20
S01009257,29,79,41,28,51,17,29,31,36
S01009258,78,138,99,67,59,33,29,39,32
S01009259,53,92,62,44,43,38,22,38,43
S01009260,38,86,68,58,54,40,40,58,83
S01009261,16,45,30,29,31,23,17,39,68
S01009262,7,20,20,23,32,41,25,40,50
S01009263,49,148,119,65,65,44,37,35,52
S01009264,26,42,34,23,19,12,23,23,20
S01009265,29,61,57,51,56,67,35,48,57
S01009266,23,50,57,28,48,37,20,40,49
S01009267,23,66,58,34,51,50,26,28,34
S01009268,49,73,62,58,92,85,56,42,70
S01009269,17,24,30,25,58,45,40,45,65
S01009270,10,24,31,17,40,39,53,26,43
S01009271,30,72,83,26,59,37,46,27,28
S01009272,12,19,29,27,55,38,49,36,63
S01009273,15,70,29,17,20,12,10,7,13
S01009274,29,57,44,24,32,25,19,16,26
S01009275,52,92,59,46,68,33,37,19,50
S01009276,52,88,59,24,49,27,33,17,30
S01009277,72,160,110,75,89,40,51,31,41
S01009278,32,81,54,26,26,26,25,20,23
S01009279,42,106,80,18,52,33,21,29,31
S01009280,15,26,37,37,70,55,35,41,77
S01009281,12,32,37,33,43,42,33,39,59
S01009282,37,85,53,35,48,32,18,23,36
S01009283,29,57,43,40,38,26,22,20,36
S01009284,35,99,51,51,39,27,44,25,25
S01009285,44,71,61,37,51,40,43,31,21
S01009286,31,66,44,37,34,27,32,15,31
S01009287,41,84,58,30,23,15,18,7,19
S01009288,49,125,68,28,44,37,37,21,34
S01009289,43,103,60,35,45,23,15,16,23
S01009290,30,73,44,30,24,16,21,12,17
S01009291,33,93,63,40,49,34,26,16,24
S01009292,9,28,39,22,34,31,33,19,36
S01009293,37,70,50,41,33,22,23,15,31
S01009294,45,85,68,45,40,21,29,28,31
S01009295,8,52,48,31,40,26,29,17,16
S01009296,18,48,47,26,22,9,17,15,16
S01009297,35,125,67,32,39,22,26,21,30
S01009298,26,58,40,32,34,47,46,24,58
S01009299,48,139,102,42,60,55,55,30,81
S01009300,26,64,34,27,21,30,36,13,34
S01009301,30,107,90,48,47,48,51,43,80
S01009302,20,48,40,24,48,31,47,34,54
S01009303,33,103,63,35,28,23,24,21,51
S01009304,37,91,72,51,48,46,39,35,69
S01009305,21,70,67,33,29,43,43,27,43
S01009306,44,159,100,50,58,62,59,39,87
S01009307,67,125,111,47,56,37,57,45,106
S01009308,32,75,40,26,33,24,11,19,43
S01009309,34,126,58,53,40,25,41,19,45
S01009310,34,88,54,43,37,24,28,26,38
S01009311,18,38,23,32,47,36,38,29,61
S01009312,23,95,62,35,50,36,40,25,56
S01009313,16,29,32,18,32,22,30,24,44
S01009314,20,63,35,28,30,18,36,29,22
S01009315,14,43,36,24,36,26,34,18,40
S01009316,37,113,64,36,16,19,30,17,29
S01009317,32,102,73,47,37,23,28,12,32
S01009318,23,87,55,30,25,15,18,15,8
S01009319,34,100,79,43,29,32,33,16,30
S01009320,27,75,58,33,31,24,24,17,24
S01009321,32,55,42,27,26,17,19,10,14
S01009322,30,69,48,20,31,33,23,20,28
S01009323,25,43,46,26,43,32,26,17,31
S01009324,14,30,38,29,43,21,28,23,36
S01009325,29,90,65,37,37,19,23,22,28
S01009326,22,66,44,23,22,25,19,14,28
S01009327,22,72,49,28,32,27,25,14,27
S01009328,52,163,106,49,26,33,36,24,29
S01009329,99,310,191,109,68,64,74,50,84
S01009330,30,47,34,29,21,24,32,18,33
S01009331,136,368,234,108,109,87,76,62,99
S01009332,45,169,87,48,44,32,40,40,42
S01009333,20,55,53,39,47,56,76,62,104
S01009334,12,24,38,22,34,32,40,24,49
S01009335,23,53,43,43,37,46,57,40,74
S01009336,18,12,24,21,28,38,47,22,57
S01009337,20,39,37,35,35,33,34,24,64
S01009338,33,68,50,35,61,42,68,43,79
S01009339,22,36,41,29,35,50,59,37,86
S01009340,19,38,29,26,33,43,44,36,44
S01009341,21,34,26,23,43,40,35,24,47
S01009342,16,36,33,25,46,52,37,35,53
S01009343,22,46,28,26,34,42,34,28,33
S01009344,13,44,21,36,41,36,40,33,52
S01009345,30,70,56,57,51,54,62,41,58
S01009346,45,106,74,31,22,32,35,21,28
S01009347,44,110,65,32,26,12,32,15,21
S01009348,31,76,49,34,27,15,16,16,29
S01009349,45,158,58,46,41,16,20,21,25
S01009350,31,64,59,37,30,21,37,19,33
S01009351,22,93,45,26,19,31,23,20,37
S01009352,41,157,84,38,33,25,32,18,21
S01009353,83,217,137,76,65,35,64,37,48
S01009354,151,353,229,137,95,58,91,46,69
S01009355,27,70,66,38,44,31,39,19,26
S01009356,22,92,56,47,30,31,40,39,43
S01009357,40,78,45,25,23,22,26,13,19
S01009358,41,110,61,25,8,7,34,6,11
S01009359,39,117,83,43,33,21,35,15,27
S01009360,39,94,82,42,37,31,27,16,35
S01009361,33,53,51,41,39,39,45,23,38
S01009362,37,108,71,55,54,32,44,28,39
S01009363,17,39,41,26,46,39,48,36,54
S01009364,44,77,66,39,40,38,46,42,56
S01009365,16,28,52,42,32,25,29,19,32
S01009366,25,43,40,39,25,30,52,44,37
S01009367,19,52,50,34,54,27,46,27,48
S01009368,15,26,37,20,35,19,36,36,37
S01009369,16,40,36,27,43,35,45,26,52
S01009370,12,43,38,36,44,27,31,32,41
S01009371,18,37,50,21,22,33,45,31,39
S01009372,16,31,27,25,27,22,43,24,33
S01009373,29,67,45,55,71,60,70,45,85
S01009374,23,32,47,39,44,30,50,25,76
S01009375,21,35,48,27,39,33,68,43,46
S01009376,7,23,17,34,24,20,25,32,33
S01009377,42,78,125,36,66,60,50,68,69
S01009378,28,64,62,41,59,62,68,37,64
S01009379,36,107,72,60,58,44,57,43,63
S01009380,27,32,43,35,29,29,26,21,30
S01009381,27,69,60,34,25,27,37,24,37
S01009382,24,49,45,35,46,29,49,43,62
S01009383,19,66,46,28,54,38,51,32,77
S01009384,43,93,42,15,13,10,15,6,10
S01009385,27,65,42,22,21,11,13,12,34
S01009386,18,37,35,25,31,22,34,25,38
S01009387,30,104,75,46,30,30,32,32,53
S01009388,15,41,39,27,29,44,39,35,61
S01009389,44,90,69,62,46,32,41,31,40
S01009390,49,92,73,30,30,32,16,12,25
S01009391,27,107,96,45,24,23,31,20,25
S01009392,29,95,58,37,30,11,25,11,24
S01009393,41,76,64,27,37,16,13,12,18
S01009394,39,102,97,39,24,38,38,27,36
S01009395,31,55,44,18,18,13,22,14,17
S01009396,29,95,52,25,15,12,25,9,7
S01009397,41,99,52,32,23,21,21,24,31
S01009398,19,74,57,31,34,33,28,23,27
S01009399,35,72,62,22,23,22,25,10,21
S01009400,14,31,36,27,26,24,27,17,24
S01009401,25,53,44,26,22,21,36,11,11
S01009402,40,94,72,48,35,27,25,23,31
S01009403,19,41,36,30,26,29,21,12,24
S01009404,16,39,27,19,33,39,33,26,51
S01009405,26,51,29,21,23,19,16,19,21
S01009406,35,60,65,49,87,85,53,37,49
S01009407,26,42,38,19,28,21,12,20,26
S01009408,47,115,87,50,51,46,37,37,31
S01009409,29,73,84,39,67,60,45,48,80
S01009410,14,38,40,46,41,54,41,30,65
S01009411,12,31,36,30,53,46,43,45,57
S01009412,16,40,44,31,62,47,63,53,58
S01009413,37,68,51,47,93,44,65,43,53
S01009414,15,30,42,35,59,39,33,16,30
S01009415,20,54,31,25,48,31,21,37,44
S01009416,13,37,39,22,35,29,20,20,23
S01009417,75,123,123,75,71,55,70,46,62
S01009418,30,47,53,46,68,52,52,49,63
S01009419,21,32,40,27,42,40,29,21,42
S01009420,13,20,25,19,53,39,25,31,41
S01009421,14,29,33,18,39,48,30,40,66
S01009422,19,38,49,41,48,44,29,55,52
S01009423,71,144,138,75,78,62,56,52,60
S01009424,27,37,42,24,33,28,25,22,27
S01009425,27,30,41,42,55,27,25,31,28
S01009426,11,32,34,17,41,43,36,31,46
S01009427,15,29,35,19,40,40,18,28,52
S01009428,12,19,26,20,45,39,30,33,47
S01009429,12,23,31,28,25,34,25,36,41
S01009430,16,25,38,24,39,48,22,37,56
S01009431,16,33,35,20,40,38,28,22,25
S01009432,10,12,28,20,50,53,26,41,55
S01009433,13,31,31,30,56,54,24,37,55
S01009434,7,14,21,23,33,31,27,48,41
S01009435,8,35,18,9,53,54,28,33,57
S01009436,8,33,35,28,48,34,32,35,41
S01009437,19,37,33,34,45,40,30,31,35
S01009438,21,35,33,47,58,53,23,31,57
S01009439,16,34,40,38,41,37,27,35,56
S01009440,12,27,22,23,46,26,22,38,50
S01009441,16,21,40,17,58,43,33,36,45
S01009442,19,49,53,24,58,22,24,22,21
S01009443,84,168,133,96,126,86,66,68,77
S01009444,23,69,45,45,49,36,25,24,32
S01009445,19,42,48,34,67,54,40,30,43
S01009446,23,34,39,30,68,74,43,47,46
S01009447,11,27,27,19,37,21,27,25,34
S01009448,47,90,118,61,100,61,50,44,60
S01009449,15,32,25,16,32,35,21,7,16
S01009450,10,23,27,16,28,47,25,31,45
S01009451,10,50,41,28,65,62,45,52,57
S01009452,6,28,27,15,38,43,26,20,40
S01009453,28,37,46,35,60,70,34,41,54
S01009454,43,151,80,26,34,28,34,17,21
S01009455,55,186,86,44,42,24,25,26,34
S01009456,55,85,74,44,67,58,36,44,53
S01009457,35,66,37,18,46,27,17,25,29
S01009458,25,74,52,26,43,20,27,11,28
S01009459,22,60,53,24,35,27,36,32,40
S01009460,19,34,42,33,45,44,47,34,47
S01009461,52,156,75,55,26,24,15,19,24
S01009462,15,54,46,31,47,27,34,23,39
S01009463,19,52,33,22,25,29,28,12,34
S01009464,26,85,55,54,41,36,33,32,32
S01009465,20,44,30,28,39,44,27,24,34
S01009466,20,54,41,15,25,10,8,13,19
S01009467,28,75,60,33,27,22,22,19,12
S01009468,22,53,46,27,33,34,20,35,46
S01009469,30,97,41,32,30,37,26,18,21
S01009470,4,32,30,14,23,21,15,17,14
S01009471,10,31,28,21,25,22,19,23,29
S01009472,40,64,53,19,35,26,41,29,52
S01009473,19,42,46,36,50,36,36,44,81
S01009474,23,68,42,31,44,42,42,41,69
S01009475,35,68,38,21,27,20,13,14,17
S01009476,46,163,71,30,44,31,34,22,25
S01009477,43,93,53,17,40,33,23,21,49
S01009478,29,85,49,32,52,53,48,29,65
S01009479,53,116,66,39,44,44,34,21,42
S01009480,32,98,62,32,28,40,28,20,29
S01009481,20,90,53,38,44,40,47,42,43
S01009482,14,64,36,16,43,40,28,26,39
S01009483,26,101,53,47,41,36,38,21,55
S01009484,17,85,42,35,38,40,29,23,53
S01009485,27,52,41,30,48,38,37,29,44
S01009486,25,37,39,26,29,21,23,19,30
S01009487,18,47,57,30,53,44,32,42,75
S01009488,14,43,42,23,45,40,22,31,57
S01009489,26,41,41,34,45,41,27,27,45
S01009490,13,33,34,25,43,51,31,34,69
S01009491,14,49,45,27,33,41,39,46,41
S01009492,7,26,36,25,31,41,37,37,44
S01009493,46,106,56,33,27,10,20,17,16
S01009494,54,106,76,47,47,41,45,28,31
S01009495,30,114,51,52,38,37,29,21,47
S01009496,13,36,51,40,51,44,50,28,53
S01009497,19,66,59,50,69,60,42,36,60
S01009498,17,50,52,20,29,19,23,19,25
S01009499,37,58,37,35,39,42,26,31,35
S01009500,9,27,14,31,42,41,36,36,38
S01009501,22,32,34,18,45,52,45,53,77
S01009502,19,20,40,46,48,49,39,38,65
S01009503,6,41,32,39,42,59,46,41,51
S01009504,17,22,21,24,34,35,33,42,56
S01009505,15,27,36,23,39,55,31,31,94
S01009506,15,24,37,20,41,45,36,29,68
S01009507,33,39,58,31,48,47,32,31,71
S01009508,17,26,37,25,43,27,38,44,93
S01009509,19,31,36,32,57,57,43,40,102
S01009510,22,54,42,45,35,35,20,22,27
S01009511,27,47,33,24,29,20,13,17,21
S01009512,22,56,59,34,44,35,34,28,34
S01009513,16,47,39,29,35,26,22,13,14
S01009514,30,67,49,31,36,27,27,19,26
S01009515,7,16,37,28,34,45,29,28,50
S01009516,24,45,37,31,34,42,30,23,38
S01009517,54,133,90,63,73,38,53,30,47
S01009518,48,151,85,55,77,34,42,36,32
S01009519,55,134,91,44,46,36,37,23,29
S01009520,31,62,55,39,41,38,42,33,47
S01009521,17,33,24,20,43,45,32,41,66
S01009522,18,63,53,29,61,57,38,47,85
S01009523,7,21,26,20,20,21,32,28,56
S01009524,23,63,37,21,34,34,26,36,39
S01009525,15,30,20,19,30,29,26,22,44
S01009526,36,76,42,25,33,30,21,23,31
S01009527,25,52,54,26,26,25,36,23,56
S01009528,16,34,25,15,24,16,12,17,22
S01009529,37,66,35,16,33,24,23,11,19
S01009530,23,67,49,33,32,18,14,9,18
S01009531,19,78,65,53,67,50,56,61,81
S01009532,15,23,31,24,35,38,30,33,77
S01009533,19,45,45,44,53,72,40,47,96
S01009534,22,20,31,12,48,47,33,44,70
S01009535,12,20,24,32,40,36,50,30,70
S01009536,14,35,20,27,31,30,30,23,29
S01009537,15,28,27,12,32,33,15,19,29
S01009538,27,66,67,26,43,40,48,25,61
S01009539,22,59,57,47,63,43,43,43,57
S01009540,20,42,40,31,57,53,40,31,70
S01009541,54,132,105,76,82,78,44,62,50
S01009542,7,31,34,27,48,55,33,26,57
S01009543,20,39,29,24,39,26,19,27,29
S01009544,28,66,57,40,38,46,35,33,44
S01009545,15,37,42,32,40,44,24,29,46
S01009546,35,94,99,47,88,79,51,60,66
S01009547,33,45,45,40,42,42,28,45,53
S01009548,14,36,26,22,25,38,17,25,26
S01009549,25,57,43,34,46,42,35,38,40
S01009550,23,49,38,37,38,14,18,17,32
S01009551,13,28,35,20,32,27,21,25,26
S01009552,28,51,61,42,67,41,33,39,41
S01009553,16,38,33,28,51,52,31,40,37
S01009554,19,29,24,13,38,28,28,26,42
S01009555,28,60,48,28,57,46,35,36,44
S01009556,15,18,27,19,40,43,18,41,59
S01009557,13,24,27,22,20,32,28,35,43
S01009558,7,20,23,21,36,44,33,40,61
S01009559,12,30,28,30,45,54,32,54,63
S01009560,12,31,35,24,37,59,47,29,63
S01009561,11,18,26,25,39,35,36,31,53
S01009562,11,36,44,34,43,36,38,38,36
S01009563,19,33,42,30,51,37,36,33,44
S01009564,15,60,35,29,42,32,34,24,34
S01009565,6,25,33,30,31,38,29,23,36
S01009566,22,61,77,55,76,56,45,51,63
S01009567,21,36,52,39,43,48,38,42,73
S01009568,20,38,48,39,51,41,38,32,58
S01009569,19,41,45,23,57,51,32,35,57
S01009570,14,20,33,19,25,39,27,31,53
S01009571,10,30,24,23,33,39,35,38,47
S01009572,16,26,34,30,44,71,34,55,61
S01009573,18,31,29,21,37,32,25,48,56
S01009574,17,37,44,39,62,52,44,49,71
S01009575,14,23,32,20,22,29,18,15,24
S01009576,24,35,22,24,19,10,13,12,18
S01009577,22,46,32,31,44,21,12,20,10
S01009578,21,38,31,20,33,39,28,36,55
S01009579,29,76,49,39,60,53,36,42,49
S01009580,43,112,102,65,67,48,49,42,37
S01009581,13,32,46,14,27,25,17,21,34
S01009582,10,35,44,25,32,24,20,34,33
S01009583,14,41,44,31,62,48,49,37,62
S01009584,21,35,38,25,32,23,31,15,25
S01009585,21,41,50,45,53,52,35,51,64
S01009586,9,33,31,26,22,33,21,24,33
S01009587,13,47,48,25,48,39,28,36,53
S01009588,24,54,73,37,64,52,39,44,60
S01009589,21,66,65,48,60,43,43,36,38
S01009590,37,75,63,37,34,31,14,22,20
S01009591,28,56,46,33,34,28,14,26,30
S01009592,19,46,45,21,22,15,14,12,16
S01009593,37,95,61,38,39,28,14,16,21
S01009594,28,61,59,45,41,25,24,20,23
S01009595,17,49,45,25,26,8,23,13,15
S01009596,19,44,37,43,49,50,27,27,49
S01009597,19,27,31,20,39,46,39,36,57
S01009598,14,15,25,17,33,48,28,31,32
S01009599,19,36,62,32,33,51,42,34,55
S01009600,12,25,20,19,27,36,27,19,47
S01009601,23,28,42,20,44,42,29,25,51
S01009602,29,76,75,53,41,23,19,28,25
S01009603,16,37,31,19,17,11,20,8,12
S01009604,18,51,57,41,40,35,40,27,54
S01009605,11,32,26,23,20,28,16,24,18
S01009606,54,115,87,37,41,39,23,22,19
S01009607,49,101,64,33,39,32,22,29,18
S01009608,16,67,41,35,38,38,26,27,42
S01009609,30,79,71,40,39,26,35,18,38
S01009610,20,90,64,45,58,43,37,40,54
S01009611,29,62,44,32,46,19,18,21,21
S01009612,21,49,35,34,32,28,15,32,32
S01009613,13,61,33,24,29,23,17,8,8
S01009614,21,44,39,25,27,28,18,18,24
S01009615,10,25,28,21,22,19,12,21,20
S01009616,27,53,31,24,44,37,17,26,38
S01009617,27,71,49,26,41,37,27,40,37
S01009618,9,24,25,25,49,53,23,43,39
S01009619,7,22,28,21,33,37,35,21,39
S01009620,9,33,22,27,44,47,25,37,48
S01009621,20,29,41,23,35,37,26,40,38
S01009622,15,32,26,27,37,45,34,38,45
S01009623,6,9,25,16,42,39,24,15,33
S01009624,13,27,20,21,43,51,41,50,55
S01009625,19,19,27,33,58,64,47,66,63
S01009626,11,13,20,10,31,31,15,21,43
S01009627,13,42,41,23,56,50,31,56,68
S01009628,11,12,9,11,23,19,10,22,24
S01009629,20,29,47,28,67,89,45,66,61
S01009630,11,21,45,25,41,69,25,41,79
S01009631,17,18,16,26,34,35,25,22,40
S01009632,16,16,17,8,28,28,13,25,32
S01009633,12,21,20,33,37,35,27,43,54
S01009634,10,19,24,15,26,43,24,20,28
S01009635,27,34,48,28,37,44,53,42,59
S01009636,14,24,32,19,34,45,37,27,42
S01009637,14,14,30,31,32,41,21,24,36
S01009638,19,24,28,21,55,80,46,45,69
S01009639,31,95,46,32,32,30,19,23,34
S01009640,19,27,28,19,48,36,25,23,47
S01009641,15,40,44,43,41,55,50,26,51
S01009642,29,60,68,37,59,58,48,31,59
S01009643,51,127,92,62,88,62,51,63,57
S01009644,23,54,37,37,51,46,37,41,53
S01009645,15,30,34,27,48,34,29,24,40
S01009646,16,40,29,22,39,28,26,29,34
S01009647,13,24,31,19,39,30,33,27,41
S01009648,22,50,55,33,59,48,32,45,62
S01009649,26,67,62,42,58,57,36,41,75
S01009650,24,56,32,40,51,20,18,33,28
S01009651,70,164,93,47,87,48,26,33,67
S01009652,52,90,59,34,30,11,16,13,22
S01009653,36,65,33,30,17,6,10,10,13
S01009654,29,57,40,16,32,35,21,18,27
S01009655,16,31,45,22,38,50,23,52,83
S01009656,13,32,25,24,19,39,23,41,38
S01009657,20,48,37,26,50,44,23,33,48
S01009658,22,20,25,35,45,33,17,39,45
S01009659,13,27,23,21,33,29,16,25,23
S01009660,34,57,67,59,71,60,39,43,69
S01009661,56,91,47,41,70,33,15,31,36
S01009662,36,70,49,25,43,29,21,22,33
S01009663,19,91,54,20,35,20,11,19,24
S01009664,42,111,62,39,57,39,23,20,52
S01009665,30,53,59,28,44,43,28,19,35
S01009666,28,59,36,31,43,22,18,17,26
S01009667,35,74,30,27,38,18,14,15,20
S01009668,27,83,48,19,34,25,9,25,30
S01009669,31,44,35,20,30,19,13,17,24
S01009670,30,94,53,26,21,31,19,15,30
S01009671,34,74,39,24,33,22,25,12,24
S01009672,19,44,58,24,60,50,38,35,61
S01009673,29,74,60,32,40,36,29,24,38
S01009674,47,88,61,31,61,39,28,24,28
S01009675,46,89,55,41,54,26,28,25,30
S01009676,44,70,58,42,65,39,16,38,47
S01009677,40,64,39,23,28,15,17,8,17
S01009678,17,46,35,25,42,35,18,19,37
S01009679,40,74,61,43,71,59,28,35,56
S01009680,19,67,53,34,58,43,22,30,43
S01009681,24,76,41,30,46,35,15,29,41
S01009682,28,70,40,21,31,34,14,14,39
S01009683,31,86,39,30,30,28,34,18,30
S01009684,54,158,83,68,59,35,34,21,55
S01009685,20,53,38,22,42,27,19,14,45
S01009686,39,97,50,28,59,44,46,36,78
S01009687,15,55,44,33,40,44,33,20,53
S01009688,17,35,18,11,55,45,43,39,89
S01009689,34,83,31,25,39,41,33,25,63
S01009690,32,74,42,23,34,21,21,13,52
S01009691,19,71,43,19,22,15,8,8,32
S01009692,37,109,59,36,44,41,26,31,56
S01009693,17,82,39,31,38,27,16,13,26
S01009694,22,98,54,37,38,39,16,18,31
S01009695,29,61,30,25,33,19,17,16,15
S01009696,43,112,55,32,61,35,28,21,38
S01009697,35,109,49,35,56,15,19,7,32
S01009698,43,77,28,20,70,13,14,14,24
S01009699,20,37,16,11,26,5,7,14,10
S01009700,40,47,48,19,61,40,18,18,35
S01009701,23,41,32,11,18,25,13,9,18
S01009702,40,55,35,21,52,28,9,15,29
S01009703,21,49,41,19,41,32,15,18,28
S01009704,29,71,51,39,67,32,31,20,39
S01009705,25,46,44,29,66,56,18,26,43
S01009706,30,62,26,25,43,22,19,15,38
S01009707,27,50,28,22,36,12,11,10,30
S01009708,46,118,60,40,79,46,37,28,53
S01009709,33,65,41,36,55,30,30,16,43
S01009710,20,39,20,30,37,18,25,14,35
S01009711,31,61,34,25,40,38,27,22,36
S01009712,35,54,39,25,55,16,24,14,33
S01009713,36,71,47,42,67,28,30,17,33
S01009714,45,102,65,27,59,26,23,10,47
S01009715,40,97,52,30,38,32,10,11,29
S01009716,23,84,30,21,23,20,21,7,27
S01009717,18,61,26,17,18,29,24,11,70
S01009718,17,43,38,33,29,34,30,16,65
S01009719,9,55,30,22,35,29,31,14,62
S01009720,16,64,28,21,39,30,29,10,53
S01009721,8,25,13,2,5,5,12,3,37
S01009722,38,99,50,12,21,22,23,13,83
S01009723,16,57,17,6,5,14,15,5,49
S01009724,14,85,35,9,23,30,40,17,90
S01009725,4,44,24,6,7,12,13,8,37
S01009726,14,50,21,0,4,15,21,7,72
S01009727,36,107,38,21,30,24,16,7,36
S01009728,32,114,44,29,23,16,14,10,29
S01009729,31,77,21,18,12,9,7,15,16
S01009730,24,47,19,18,14,17,11,9,22
S01009731,23,75,18,16,10,9,18,6,12
S01009732,24,78,37,17,11,10,27,10,48
S01009733,32,59,23,21,21,14,9,11,13
S01009734,39,151,46,32,46,21,17,14,35
S01009735,37,99,29,22,14,9,19,7,16
S01009736,23,138,49,30,17,21,99,16,215
S01009737,14,64,88,33,41,48,39,22,60
S01009738,29,68,35,20,37,22,20,8,29
S01009739,43,80,90,43,43,62,43,27,55
S01009740,25,32,25,21,32,28,27,13,35
S01009741,21,28,289,21,37,25,21,9,28
S01009742,31,70,20,19,40,14,11,8,21
S01009743,37,129,56,37,60,31,20,23,32
S01009744,44,67,49,25,36,14,14,15,25
S01009745,46,171,96,65,65,41,42,38,72
S01009746,38,69,36,18,43,23,9,16,29
S01009747,25,75,61,28,33,38,14,21,46
S01009748,21,107,77,34,39,41,32,17,46
S01009749,44,125,59,40,37,43,27,33,50
S01009750,21,84,61,33,38,34,29,25,27
S01009751,28,59,55,32,46,41,12,32,49
S01009752,25,112,36,23,17,15,17,11,12
S01009753,27,106,33,18,16,12,10,8,15
S01009754,28,147,66,31,35,29,23,19,38
S01009755,27,114,47,20,27,18,18,8,15
S01009756,32,125,38,25,15,20,19,10,23
S01009757,31,164,48,28,25,26,14,10,21
S01009758,11,76,54,46,39,25,31,19,28
S01009759,17,27,35,25,50,48,53,56,82
S01009760,17,53,47,42,62,57,44,49,82
S01009761,28,76,61,49,53,27,40,25,51
S01009762,14,31,23,36,54,66,49,56,104
S01009763,41,103,66,46,30,21,33,13,32
S01009764,18,42,32,28,28,36,53,24,46
S01009765,25,81,51,45,53,49,61,53,44
S01009766,20,35,32,32,22,33,22,29,14
S01009767,90,296,210,108,142,96,128,84,92
S01009768,32,42,47,37,51,46,47,29,52
S01009769,40,118,92,72,53,66,51,43,40
S01009770,28,54,51,36,47,31,48,25,28
S01009771,40,61,52,53,47,31,45,44,43
S01009772,17,38,36,26,37,41,39,31,28
S01009773,29,74,51,36,30,27,50,33,29
S01009774,29,69,41,34,23,20,50,26,16
S01009775,69,278,177,91,88,80,78,51,80
S01009776,18,21,22,27,24,47,34,22,58
S01009777,4,23,15,19,20,26,23,22,35
S01009778,11,25,29,15,28,35,42,28,59
S01009779,4,18,12,12,17,27,30,23,34
S01009780,9,19,18,20,19,38,34,24,64
S01009781,11,21,12,21,25,40,35,20,47
S01009782,30,52,35,39,30,41,44,36,58
S01009783,12,25,26,35,33,36,41,29,49
S01009784,20,33,43,41,50,66,51,41,64
S01009785,16,33,33,35,31,62,42,26,71
S01009786,15,44,23,31,29,63,51,52,75
S01009787,6,31,45,26,35,51,44,30,65
S01009788,22,48,53,51,61,48,44,40,64
S01009789,16,45,39,42,41,45,42,29,65
S01009790,17,24,30,31,34,51,37,30,34
S01009791,11,25,39,36,41,35,39,20,53
S01009792,56,141,84,59,38,32,75,40,37
S01009793,88,232,137,100,95,58,76,53,52
S01009794,18,67,47,49,42,36,24,21,26
S01009795,47,112,60,56,45,35,33,27,24
S01009796,28,83,55,46,37,24,27,13,28
S01009797,42,80,67,44,52,52,55,33,36
S01009798,29,84,53,48,35,38,36,24,25
S01009799,10,25,36,35,45,51,39,39,61
S01009800,22,46,60,43,42,66,53,40,62
S01009801,12,23,39,35,46,58,50,40,72
S01009802,24,58,58,30,59,62,43,34,71
S01009803,11,25,24,25,33,39,34,29,49
S01009804,19,70,54,28,18,21,9,7,16
S01009805,24,34,39,37,45,53,49,35,60
S01009806,17,56,31,38,27,34,33,24,52
S01009807,14,48,40,39,34,48,37,37,65
S01009808,11,33,21,37,26,29,22,23,41
S01009809,11,39,35,45,29,31,41,25,40
S01009810,12,37,34,30,31,33,23,17,30
S01009811,19,50,54,46,56,57,37,50,48
S01009812,30,59,40,33,41,37,27,28,48
S01009813,11,21,25,25,25,35,47,33,51
S01009814,25,80,53,27,32,36,46,25,34
S01009815,15,50,40,34,32,38,35,19,36
S01009816,14,48,45,42,25,37,41,24,34
S01009817,14,54,42,38,35,25,25,31,30
S01009818,29,76,51,51,29,29,35,17,25
S01009819,19,50,35,24,14,34,31,17,21
S01009820,28,95,53,58,42,51,54,33,46
S01009821,30,78,53,37,32,30,28,23,21
S01009822,13,36,25,22,31,39,27,21,39
S01009823,19,38,20,21,20,37,24,36,49
S01009824,21,71,43,47,66,61,44,34,58
S01009825,18,49,46,44,52,66,47,40,69
S01009826,16,29,25,28,21,31,25,33,48
S01009827,15,43,40,41,53,49,48,44,70
S01009828,8,23,23,22,21,27,39,19,35
S01009829,22,57,49,56,64,50,46,46,62
S01009830,11,39,41,41,41,35,39,31,39
S01009831,15,50,34,37,28,24,37,31,34
S01009832,28,86,55,57,40,49,47,30,47
S01009833,24,47,29,42,33,24,15,21,32
S01009834,29,55,37,43,35,26,52,45,76
S01009835,13,18,26,28,16,40,34,19,54
S01009836,23,54,48,54,65,51,47,41,55
S01009837,13,30,34,23,29,48,24,36,43
S01009838,16,69,50,32,41,49,50,42,83
S01009839,22,49,58,33,47,57,51,24,68
S01009840,25,43,46,49,49,48,30,28,77
S01009841,7,27,29,17,37,32,29,32,110
S01009842,16,44,29,17,29,34,31,24,54
S01009843,15,56,52,39,33,35,39,35,81
S01009844,18,59,33,23,37,35,35,29,77
S01009845,6,42,34,27,27,33,28,29,86
S01009846,21,65,64,43,45,61,48,49,105
S01009847,12,46,40,37,31,35,39,30,65
S01009848,14,44,44,43,40,56,48,24,75
S01009849,21,85,58,44,39,35,34,19,48
S01009850,23,83,47,53,40,39,39,22,45
S01009851,15,72,62,54,38,53,32,38,70
S01009852,21,59,36,29,30,39,20,18,38
S01009853,23,81,56,34,32,39,39,28,38
S01009854,35,64,60,45,42,47,46,38,63
S01009855,19,58,55,33,23,32,23,28,23
S01009856,10,73,50,31,24,29,35,27,23
S01009857,31,99,66,50,26,44,34,34,35
S01009858,23,79,39,36,33,39,43,38,34
S01009859,22,53,55,44,39,72,53,55,94
S01009860,21,75,55,28,35,46,45,27,69
S01009861,18,66,51,34,45,49,41,40,89
S01009862,32,135,77,55,45,49,60,28,92
S01009863,24,98,70,40,48,32,50,32,70
S01009864,23,84,80,51,45,53,30,37,65
S01009865,26,111,103,62,51,39,49,34,69
S01009866,22,88,72,61,64,41,43,42,59
S01009867,59,206,118,66,34,50,61,38,64
S01009868,19,108,60,45,31,15,24,20,52
S01009869,12,109,73,37,41,25,38,27,52
S01009870,17,75,48,20,28,22,38,31,48
S01009871,37,128,53,35,27,39,58,43,51
S01009872,21,110,88,46,40,16,56,41,68
S01009873,22,116,59,34,33,16,37,18,36
S01009874,51,118,56,43,36,22,44,24,34
S01009875,22,95,60,27,23,30,46,19,28
S01009876,2,14,20,10,6,12,11,7,16
S01009877,63,188,78,23,15,14,44,13,20
S01009878,26,75,44,18,24,22,60,32,45
S01009879,84,162,78,30,21,20,21,10,21
S01009880,32,101,53,34,25,23,52,26,25
S01009881,23,64,56,41,38,29,52,21,58
S01009882,46,276,162,86,48,36,66,42,69
S01009883,23,113,80,18,26,17,37,23,28
S01009884,32,158,97,34,30,27,52,29,32
S01009885,22,123,75,23,16,20,31,21,30
S01009886,24,91,53,33,10,17,46,20,26
S01009887,22,55,64,30,51,25,39,49,92
S01009888,20,55,47,22,32,26,29,38,55
S01009889,27,72,83,45,47,17,56,22,51
S01009890,5,23,24,11,29,12,13,16,29
S01009891,21,61,56,35,33,19,46,30,55
S01009892,19,79,62,33,29,30,31,42,51
S01009893,23,81,69,27,43,26,46,41,60
S01009894,15,42,29,26,37,33,46,38,62
S01009895,21,64,54,28,44,38,60,33,68
S01009896,19,54,44,29,50,45,57,48,56
S01009897,29,104,95,40,49,41,50,45,51
S01009898,10,27,30,19,33,21,30,32,41
S01009899,26,194,112,39,36,23,25,15,41
S01009900,36,212,117,43,31,26,32,15,30
S01009901,45,265,135,41,44,35,36,14,37
S01009902,31,122,87,26,40,13,44,32,51
S01009903,42,142,103,46,38,27,33,19,33
S01009904,39,196,126,44,32,28,36,14,24
S01009905,30,104,103,37,43,27,29,18,53
S01009906,24,87,58,18,28,13,19,10,28
S01009907,29,140,124,46,47,41,54,28,54
S01009908,51,245,148,43,34,25,42,19,40
S01009909,50,224,154,58,48,30,47,17,47
S01009910,19,100,61,25,28,17,22,7,15
S01009911,33,200,99,28,25,20,29,10,19
S01009912,63,167,73,33,18,18,28,19,25
S01009913,53,125,65,31,14,12,36,17,20
S01009914,73,167,83,39,21,17,50,14,23
S01009915,47,197,84,42,27,19,25,11,20
S01009916,58,131,55,40,26,15,56,28,19
S01009917,36,170,68,24,19,17,21,16,20
S01009918,27,141,61,26,20,14,17,7,13
S01009919,53,215,117,55,56,37,62,22,62
S01009920,55,259,119,48,36,29,47,16,35
S01009921,33,225,122,42,28,31,32,9,32
S01009922,53,306,160,54,42,25,37,24,29
S01009923,42,185,121,51,45,42,26,28,28
S01009924,42,259,136,53,38,29,50,13,36
S01009925,37,209,134,52,39,17,29,11,31
S01009926,31,165,83,32,26,23,32,10,32
S01009927,32,107,58,38,26,24,19,13,16
S01009928,57,269,107,32,29,21,32,9,16
S01009929,36,135,59,19,18,7,17,8,14
S01009930,40,209,117,40,34,30,30,7,25
S01009931,34,228,106,43,29,21,30,12,21
S01009932,39,207,89,36,24,16,32,10,30
S01009933,26,122,63,29,28,42,45,32,47
S01009934,37,192,101,44,31,19,35,9,24
S01009935,19,174,78,45,38,36,28,21,57
S01009936,15,77,45,19,23,18,28,15,32
S01009937,9,46,29,21,8,14,15,6,17
S01009938,25,85,54,38,34,44,51,18,43
S01009939,7,8,18,18,10,17,29,33,58
S01009940,10,28,30,20,31,50,39,32,64
S01009941,25,85,60,59,49,39,76,48,47
S01009942,23,32,35,45,40,45,48,49,73
S01009943,17,30,39,24,34,56,39,36,72
S01009944,13,49,40,28,25,27,38,26,33
S01009945,25,82,66,58,57,52,54,24,56
S01009946,19,47,48,41,27,55,45,41,54
S01009947,21,29,35,29,28,26,38,18,33
S01009948,16,44,44,25,35,45,31,35,46
S01009949,22,98,47,41,32,31,44,15,40
S01009950,39,128,54,31,9,17,25,5,11
S01009951,44,141,46,23,22,7,13,7,17
S01009952,23,139,62,22,20,10,22,5,14
S01009953,31,133,57,23,35,33,26,12,26
S01009954,34,113,51,26,25,24,43,10,29
S01009955,55,172,93,43,38,46,39,12,57
S01009956,19,94,50,46,18,30,27,14,32
S01009957,40,154,63,30,20,19,21,9,8
S01009958,50,208,78,36,36,22,25,25,25
S01009959,35,117,43,29,26,9,13,12,8
S01009960,44,152,51,20,14,12,20,2,15
S01009961,18,81,54,32,27,42,23,17,27
S01009962,36,152,95,64,49,43,36,27,50
S01009963,28,114,67,41,45,18,21,23,17
S01009964,54,208,92,40,56,25,36,18,20
S01009965,34,124,62,46,32,33,38,17,28
S01009966,24,71,59,49,53,21,28,15,11
S01009967,45,143,54,47,16,21,22,9,17
S01009968,14,69,47,32,25,22,26,30,12
S01009969,46,128,58,40,33,16,18,10,24
S01009970,9,20,28,37,29,45,31,36,66
S01009971,22,55,54,41,48,60,54,52,70
S01009972,39,85,69,41,48,37,40,26,23
S01009973,13,28,36,56,31,42,38,30,61
S01009974,6,20,14,24,26,49,34,16,27
S01009975,23,32,35,31,26,51,35,23,66
S01009976,10,16,16,20,12,23,22,7,35
S01009977,7,16,30,21,21,21,28,25,66
S01009978,20,34,37,46,67,70,47,41,95
S01009979,13,52,48,32,32,44,29,22,39
S01009980,14,23,30,29,40,62,34,27,75
S01009981,6,17,33,28,31,47,36,26,53
S01009982,19,44,64,52,61,62,53,46,62
S01009983,13,20,18,14,30,45,18,30,50
S01009984,17,34,33,28,39,60,40,32,59
S01009985,11,12,17,13,27,32,14,22,47
S01009986,8,21,19,20,11,38,8,23,51
S01009987,9,29,26,32,34,41,22,55,47
S01009988,12,20,26,23,16,28,18,22,35
S01009989,28,51,36,52,37,53,46,34,42
S01009990,16,32,47,46,40,41,45,26,36
S01009991,19,39,46,47,41,40,42,28,45
S01009992,15,28,22,36,35,44,32,31,60
S01009993,22,61,65,41,42,53,33,28,34
S01009994,19,55,60,47,40,38,56,36,48
S01009995,15,54,38,38,29,30,29,20,32
S01009996,14,32,29,30,26,35,44,22,40
S01009997,19,36,35,47,37,32,38,22,41
S01009998,35,75,34,23,34,15,13,14,22
S01009999,20,71,56,45,38,24,20,22,29
S01010000,16,47,41,31,31,35,35,14,29
S01010001,19,59,44,38,42,39,33,24,37
S01010002,22,65,44,36,36,39,32,37,53
S01010003,15,73,40,38,31,27,29,19,28
S01010004,35,114,46,32,17,16,21,13,13
S01010005,72,217,142,77,71,35,58,25,57
S01010006,40,220,149,65,59,60,51,29,69
S01010007,30,176,88,46,32,27,30,24,25
S01010008,32,142,78,41,32,23,26,14,18
S01010009,21,109,81,44,38,24,38,17,39
S01010010,44,195,98,61,36,37,35,14,36
S01010011,24,125,83,40,32,25,38,20,28
S01010012,17,93,65,65,40,31,33,24,33
S01010013,33,158,106,48,38,35,45,18,44
S01010014,36,192,128,52,48,48,40,25,47
S01010015,43,181,92,31,43,24,34,14,35
S01010016,23,40,41,47,46,53,37,33,63
S01010017,6,25,34,26,20,17,30,28,51
S01010018,28,82,85,65,66,75,56,60,92
S01010019,11,51,29,23,32,33,30,33,52
S01010020,24,42,34,31,28,48,37,34,49
S01010021,19,91,66,28,36,37,23,23,38
S01010022,95,507,261,126,118,79,97,67,113
S01010023,13,20,25,13,16,22,15,23,24
S01010024,27,73,41,24,33,54,21,30,57
S01010025,11,42,23,18,16,32,26,13,48
S01010026,29,128,60,35,44,25,36,32,56
S01010027,27,144,73,43,42,33,44,17,64
S01010028,20,71,42,33,19,26,15,18,31
S01010029,10,40,29,17,30,28,27,12,31
S01010030,34,170,80,35,38,27,33,26,30
S01010031,33,226,90,42,27,21,39,20,46
S01010032,19,136,77,34,28,26,39,13,53
S01010033,25,188,136,91,59,76,77,60,89
S01010034,31,165,108,57,54,68,74,71,78
S01010035,14,56,32,11,8,8,18,13,18
S01010036,26,145,89,38,26,40,46,19,69
S01010037,27,29,33,19,23,26,26,36,45
S01010038,22,101,59,36,43,60,36,32,89
S01010039,37,257,111,50,36,29,52,17,64
S01010040,38,134,55,32,42,30,35,30,56
S01010041,33,161,70,30,45,23,47,22,58
S01010042,33,170,114,48,47,30,57,34,56
S01010043,20,93,53,23,35,44,30,34,54
S01010044,29,125,82,48,35,55,44,31,68
S01010045,4,28,23,19,21,25,21,28,45
S01010046,28,94,78,61,54,65,55,46,93
S01010047,9,31,35,21,27,33,32,36,51
S01010048,51,196,114,89,102,134,74,85,130
S01010049,10,25,32,16,40,33,36,39,81
S01010050,25,76,60,33,57,88,49,63,116
S01010051,15,31,39,44,44,42,38,44,81
S01010052,32,96,75,49,54,61,57,65,93
S01010053,13,82,50,25,38,48,33,37,76
S01010054,11,17,20,27,31,28,22,20,46
S01010055,16,75,45,39,53,55,52,29,78
S01010056,6,21,25,21,26,34,22,37,60
S01010057,16,13,24,34,18,32,33,26,40
S01010058,13,46,50,34,53,39,34,43,59
S01010059,17,50,42,48,26,38,34,25,36
S01010060,14,53,39,32,38,43,45,37,77
S01010061,13,35,34,44,45,23,24,18,44
S01010062,10,52,39,40,54,59,44,32,77
S01010063,18,38,53,44,43,57,45,45,85
S01010064,8,23,34,31,26,27,26,27,38
S01010065,13,36,26,33,40,45,36,34,56
S01010066,12,30,31,27,28,53,21,47,66
S01010067,8,26,21,12,29,31,35,28,54
S01010068,42,182,103,102,94,81,92,79,107
S01010069,21,65,63,56,52,46,49,30,30
S01010070,22,45,29,54,46,27,26,31,36
S01010071,25,43,53,45,46,39,44,41,36
S01010072,17,41,46,45,44,39,46,49,39
S01010073,15,67,57,47,61,33,31,30,29
S01010074,24,67,52,36,36,22,22,25,20
S01010075,14,26,24,31,33,40,22,37,48
S01010076,12,29,30,38,29,42,25,29,44
S01010077,16,22,33,21,33,34,37,23,33
S01010078,44,60,36,43,32,11,26,23,19
S01010079,53,93,61,57,34,25,33,22,20
S01010080,26,76,32,43,25,17,15,25,13
S01010081,36,58,28,43,46,13,18,17,27
S01010082,49,123,60,46,38,29,29,17,20
S01010083,11,21,25,31,50,31,29,37,22
S01010084,9,38,51,35,44,46,30,37,62
S01010085,13,55,52,48,45,28,22,30,35
S01010086,19,49,38,38,37,43,38,34,53
S01010087,17,53,35,30,35,21,16,11,19
S01010088,248,615,420,256,263,155,156,140,112
S01010089,17,40,41,32,37,29,30,20,32
S01010090,25,86,56,63,56,32,50,49,33
S01010091,53,119,86,56,55,45,51,40,33
S01010092,12,41,24,35,29,39,46,43,56
S01010093,32,64,48,52,33,42,42,29,32
S01010094,20,61,27,49,36,33,25,26,28
S01010095,19,51,51,42,41,25,26,19,14
S01010096,35,71,52,41,41,28,24,32,24
S01010097,23,62,52,42,39,36,28,34,21
S01010098,22,67,49,37,37,28,35,28,25
S01010099,33,78,54,48,33,25,32,21,16
S01010100,30,59,50,49,53,23,37,31,23
S01010101,23,52,42,41,40,36,24,25,34
S01010102,24,90,70,66,39,21,39,26,32
S01010103,39,123,88,85,93,58,59,59,51
S01010104,62,98,81,63,65,44,51,55,47
S01010105,5,7,10,7,24,30,19,18,40
S01010106,6,10,11,11,7,11,12,15,13
S01010107,11,18,22,17,29,40,29,35,50
S01010108,19,39,33,28,29,29,30,34,55
S01010109,48,105,88,45,49,48,40,43,62
S01010110,7,20,28,15,34,41,31,29,71
S01010111,6,25,29,13,35,28,38,21,72
S01010112,17,28,28,31,39,49,47,42,86
S01010113,7,24,25,22,33,33,37,31,61
S01010114,4,21,25,29,26,29,34,38,57
S01010115,8,32,39,31,32,33,29,33,24
S01010116,50,141,110,97,97,80,79,84,73
S01010117,83,189,159,81,121,81,74,56,60
S01010118,10,18,31,23,23,43,31,25,47
S01010119,8,12,28,18,31,42,12,23,41
S01010120,18,29,41,37,49,67,48,43,99
S01010121,8,16,10,17,16,36,23,24,43
S01010122,4,11,17,11,23,12,16,17,31
S01010123,21,28,38,32,45,49,33,29,56
S01010124,12,39,45,40,41,29,27,56,55
S01010125,2,17,21,25,28,19,25,26,36
S01010126,26,39,39,41,50,43,44,30,58
S01010127,12,22,23,35,32,28,34,21,41
S01010128,4,14,11,13,14,30,15,24,66
S01010129,5,14,23,25,36,42,31,42,73
S01010130,30,104,67,42,57,55,37,49,42
S01010131,33,75,45,54,57,22,36,35,34
S01010132,15,44,29,18,33,58,40,42,70
S01010133,11,23,24,21,37,40,29,26,49
S01010134,24,57,37,41,36,51,44,45,82
S01010135,6,18,31,35,36,38,45,35,60
S01010136,21,57,36,33,58,52,41,28,40
S01010137,28,63,51,49,51,36,32,34,66
S01010138,5,19,28,18,22,39,23,26,41
S01010139,15,40,39,57,47,49,41,44,49
S01010140,20,84,47,44,51,35,49,58,67
S01010141,9,34,34,38,47,59,41,25,60
S01010142,9,36,33,36,35,39,46,37,47
S01010143,13,29,33,38,43,45,37,40,64
S01010144,13,34,33,31,39,27,32,34,69
S01010145,16,56,44,36,39,26,31,37,49
S01010146,9,22,42,19,36,34,48,31,55
S01010147,16,34,37,20,39,52,53,35,73
S01010148,49,116,93,56,38,80,55,55,70
S01010149,47,115,88,47,63,60,57,48,65
S01010150,11,26,35,17,32,43,33,31,53
S01010151,16,30,36,17,32,39,24,25,45
S01010152,12,61,39,39,28,36,40,40,46
S01010153,22,55,57,42,39,65,43,44,60
S01010154,14,42,40,42,28,42,41,32,44
S01010155,10,32,35,21,36,49,26,27,46
S01010156,10,17,20,21,17,24,28,13,32
S01010157,7,16,20,20,33,30,26,23,49
S01010158,13,34,31,42,36,56,35,30,57
S01010159,10,31,18,24,30,35,27,27,47
S01010160,8,7,19,11,35,20,16,45,48
S01010161,15,30,35,25,36,55,38,43,58
S01010162,8,20,23,21,30,43,23,41,72
S01010163,13,28,39,19,29,51,34,43,58
S01010164,21,33,26,27,48,51,36,48,85
S01010165,16,21,14,24,32,40,24,27,45
S01010166,35,63,84,54,78,49,54,52,64
S01010167,10,21,20,19,43,36,23,33,57
S01010168,13,33,34,13,26,26,24,17,30
S01010169,11,19,25,34,33,58,26,31,59
S01010170,13,8,21,15,17,26,22,25,34
S01010171,12,41,36,31,50,77,51,37,69
S01010172,22,77,54,30,33,33,39,24,36
S01010173,17,41,38,30,41,47,22,31,43
S01010174,12,22,40,26,29,37,37,36,47
S01010175,16,22,30,24,26,31,27,22,39
S01010176,21,43,47,34,37,32,37,28,38
S01010177,9,28,31,24,22,28,23,33,65
S01010178,13,19,32,31,40,56,52,46,75
S01010179,8,33,25,26,22,40,43,27,63
S01010180,19,54,46,40,52,36,39,33,67
S01010181,10,22,22,11,22,29,18,26,42
S01010182,19,39,45,24,34,33,31,32,36
S01010183,4,20,17,17,27,25,21,17,43
S01010184,17,25,19,23,24,36,29,21,50
S01010185,7,36,34,31,41,48,40,41,68
S01010186,25,48,43,37,40,31,37,24,26
S01010187,15,56,41,42,36,30,16,36,26
S01010188,103,291,184,118,121,77,74,64,86
S01010189,44,113,77,53,65,49,54,29,51
S01010190,66,128,54,54,59,31,48,30,48
S01010191,31,83,63,41,38,35,46,25,24
S01010192,32,100,66,53,61,28,43,39,50
S01010193,27,72,56,64,53,42,42,38,27
S01010194,6,27,28,34,18,39,29,24,59
S01010195,12,22,24,37,32,37,38,33,53
S01010196,6,22,28,30,19,30,28,18,30
S01010197,14,15,25,33,42,38,32,18,61
S01010198,17,38,35,29,41,55,57,47,87
S01010199,12,23,24,13,25,38,33,27,47
S01010200,8,27,34,35,38,43,31,26,40
S01010201,2,34,31,41,41,48,36,42,48
S01010202,4,24,22,16,24,41,21,48,60
S01010203,25,43,47,43,53,36,40,44,41
S01010204,10,21,17,20,31,37,34,27,54
S01010205,6,22,26,24,23,38,24,36,49
S01010206,0,0,0,0,0,0,0,0,0
S01010207,0,8,6,9,7,8,6,8,19
S01010208,17,66,67,59,35,63,43,45,85
S01010209,23,60,62,48,37,53,51,35,61
S01010210,16,68,52,43,48,59,33,33,47
S01010211,11,20,30,29,30,38,37,9,50
S01010212,24,60,44,48,42,71,58,30,87
S01010213,9,31,34,54,42,51,39,39,62
S01010214,31,74,58,60,59,41,39,51,62
S01010215,17,25,19,24,26,64,29,19,73
S01010216,6,8,20,15,28,28,36,25,44
S01010217,8,15,19,17,33,35,26,20,58
S01010218,23,67,55,35,43,46,49,30,96
S01010219,0,8,13,5,5,4,6,4,12
S01010220,18,125,62,16,31,17,23,11,32
S01010221,12,53,27,20,36,26,24,23,55
S01010222,10,56,37,30,26,45,42,25,71
S01010223,8,37,24,16,28,24,16,14,47
S01010224,11,45,23,28,58,58,43,52,93
S01010225,11,39,28,29,44,57,32,46,77
S01010226,0,0,0,0,0,0,0,0,0
S01010227,0,0,0,0,0,0,0,0,0
S01010228,15,55,55,44,46,71,39,45,81
S01010229,31,72,55,60,70,79,57,72,118
S01010230,13,41,37,22,31,70,37,53,112
S01010231,10,44,53,39,29,75,42,31,107
S01010232,17,38,34,29,36,45,32,28,84
S01010233,8,28,27,29,25,46,31,35,59
S01010234,49,201,110,46,44,41,50,29,66
S01010235,24,211,103,44,40,19,41,8,52
S01010236,22,156,95,25,45,25,36,25,35
S01010237,30,145,82,36,34,31,30,16,53
S01010238,34,129,86,45,35,36,38,24,63
S01010239,19,68,51,31,32,27,44,18,65
S01010240,26,106,82,49,26,34,43,21,49
S01010241,31,162,115,49,39,51,50,25,48
S01010242,10,57,52,43,37,26,33,30,52
S01010243,22,81,82,60,37,45,52,47,92
S01010244,16,40,39,24,27,41,30,15,51
S01010245,10,26,30,16,23,36,38,28,55
S01010246,20,33,34,32,36,45,44,29,72
S01010247,15,33,34,38,38,44,40,31,64
S01010248,39,182,125,47,45,24,47,24,67
S01010249,18,135,97,40,41,27,39,16,67
S01010250,27,180,89,38,47,32,46,21,55
S01010251,21,161,70,40,39,26,45,9,42
S01010252,27,109,77,25,22,26,37,10,48
S01010253,11,49,42,31,24,34,23,20,62
S01010254,28,86,56,44,39,44,47,25,66
S01010255,12,53,56,38,40,46,45,31,70
S01010256,12,67,48,31,25,46,54,34,67
S01010257,35,190,148,53,35,44,117,19,160
S01010258,27,172,90,42,29,28,90,6,126
S01010259,27,67,58,25,26,52,106,28,179
S01010260,44,222,129,46,46,59,113,38,159
S01010261,22,128,91,46,41,95,224,44,378
S01010262,16,67,42,19,20,23,31,14,61
S01010263,25,150,81,31,28,20,43,19,51
S01010264,37,173,93,40,30,29,37,18,86
S01010265,43,219,94,34,19,22,39,6,70
S01010266,24,112,72,25,21,15,34,9,57
S01010267,22,119,48,25,22,21,40,12,85
S01010268,15,134,77,42,26,21,52,14,69
S01010269,14,83,39,25,14,19,24,5,27
S01010270,19,181,112,51,42,42,101,22,157
S01010271,23,126,68,32,32,35,63,25,147
S01010272,35,171,67,53,39,51,52,37,73
S01010273,24,222,92,25,38,15,38,10,63
S01010274,36,164,76,45,26,19,52,19,70
S01010275,35,142,68,25,16,15,38,14,58
S01010276,73,287,132,47,35,18,33,18,28
S01010277,20,64,44,25,23,42,42,19,50
S01010278,22,78,41,21,31,32,38,19,45
S01010279,20,75,47,23,22,21,38,17,59
S01010280,43,200,86,35,28,24,45,22,82
S01010281,34,186,86,33,29,20,49,11,71
S01010282,27,164,78,37,36,35,45,13,54
S01010283,42,246,110,56,45,31,50,17,58
S01010284,43,326,186,58,45,65,83,17,125
S01010285,34,156,74,33,29,28,48,16,64
S01010286,41,258,120,53,36,38,109,16,146
S01010287,28,109,61,20,24,26,39,16,77
S01010288,52,222,121,27,23,27,39,17,92
S01010289,83,227,125,36,38,14,27,9,37
S01010290,48,171,69,22,23,17,28,11,60
S01010291,29,171,97,37,28,35,66,26,98
S01010292,31,196,99,34,17,22,28,16,67
S01010293,17,112,63,23,28,31,68,19,98
S01010294,16,104,60,19,24,13,57,16,67
S01010295,23,199,112,50,31,23,60,18,91
S01010296,25,89,53,17,26,25,33,16,52
S01010297,33,132,87,39,59,39,51,36,91
S01010298,14,98,88,28,25,16,29,21,63
S01010299,11,56,54,24,20,26,25,17,41
S01010300,17,133,68,33,37,33,40,15,70
S01010301,6,77,27,19,22,12,22,11,25
S01010302,16,37,31,22,34,24,29,26,53
S01010303,9,26,26,16,28,34,27,18,41
S01010304,17,84,32,21,20,29,29,19,47
S01010305,24,145,67,35,31,29,25,20,53
S01010306,22,136,57,29,25,32,44,15,48
S01010307,46,232,99,27,23,23,24,7,36
S01010308,29,227,104,30,31,36,42,20,65
S01010309,7,14,12,10,12,18,14,9,14
S01010310,10,34,21,14,41,39,31,30,53
S01010311,13,35,18,16,27,32,33,19,60
S01010312,15,23,29,22,35,56,32,29,75
S01010313,4,23,21,26,30,36,27,27,54
S01010314,28,123,91,49,55,64,62,46,105
S01010315,15,110,64,40,48,59,42,26,73
S01010316,13,56,39,27,28,32,26,21,32
S01010317,34,253,121,46,39,36,35,13,41
S01010318,26,119,68,45,42,90,68,43,164
S01010319,25,130,70,31,32,23,32,21,38
S01010320,26,148,68,32,44,35,41,17,56
S01010321,25,126,64,42,25,48,26,13,59
S01010322,42,241,95,39,34,34,22,14,38
S01010323,5,16,14,18,22,23,15,14,52
S01010324,8,21,21,19,29,37,26,22,62
S01010325,21,33,40,49,36,48,29,34,81
S01010326,25,80,50,42,57,61,46,49,106
S01010327,17,62,52,41,47,52,34,37,63
S01010328,26,51,52,43,60,47,37,50,48
S01010329,18,54,28,18,29,40,25,12,31
S01010330,7,18,19,14,21,38,18,29,41
S01010331,15,37,33,41,43,54,39,40,65
S01010332,10,23,34,34,43,41,51,24,69
S01010333,20,50,40,54,58,66,50,39,64
S01010334,26,55,73,66,59,81,60,38,86
S01010335,14,35,35,16,46,58,34,29,68
S01010336,6,21,16,15,16,36,25,29,46
S01010337,7,27,22,28,33,52,44,43,51
S01010338,4,13,20,17,9,36,20,18,46
S01010339,13,24,23,20,19,35,27,30,43
S01010340,10,30,32,32,30,48,48,13,71
S01010341,9,40,29,41,28,37,38,31,56
S01010342,19,31,36,50,50,34,26,21,39
S01010343,31,63,59,73,58,58,42,51,43
S01010344,4,19,24,18,19,33,26,27,67
S01010345,58,119,66,56,55,32,34,28,35
S01010346,30,137,69,43,49,45,27,26,59
S01010347,11,79,59,32,29,60,48,20,57
S01010348,16,37,45,52,38,45,39,36,57
S01010349,22,35,44,30,45,54,40,33,43
S01010350,18,40,48,40,44,57,38,38,87
S01010351,20,82,73,48,40,48,48,45,58
S01010352,5,31,19,25,18,34,23,17,37
S01010353,10,29,29,26,41,38,39,35,69
S01010354,5,38,41,23,27,52,24,26,59
S01010355,10,53,38,32,34,45,31,31,73
S01010356,22,104,74,46,35,41,53,35,51
S01010357,2,22,25,16,18,36,17,25,53
S01010358,11,52,34,38,31,43,43,38,87
S01010359,11,34,31,27,19,32,33,25,67
S01010360,15,70,45,32,33,37,35,20,60
S01010361,13,29,20,20,20,33,29,26,62
S01010362,14,48,33,24,31,24,30,29,62
S01010363,27,184,88,30,34,23,19,18,23
S01010364,45,199,81,34,35,20,21,9,33
S01010365,73,210,64,27,18,14,23,9,21
S01010366,51,230,88,47,47,18,28,17,29
S01010367,75,275,93,38,35,25,54,19,77
S01010368,68,200,56,36,20,18,13,4,13
S01010369,26,174,76,34,36,27,17,15,29
S01010370,43,198,87,26,24,9,20,8,33
S01010371,80,246,138,28,35,16,32,13,43
S01010372,29,153,72,14,18,16,23,10,26
S01010373,33,211,86,30,14,20,21,11,31
S01010374,53,221,94,27,15,18,19,8,45
S01010375,20,105,49,24,14,18,29,6,56
S01010376,25,138,71,16,14,31,37,12,45
S01010377,13,165,78,17,31,21,36,9,61
S01010378,24,125,77,23,15,18,43,10,78
S01010379,32,168,94,31,24,30,41,13,105
S01010380,40,270,72,35,26,29,45,9,48
S01010381,17,114,51,18,21,13,25,5,32
S01010382,26,190,100,23,19,28,34,17,52
S01010383,16,77,43,24,20,27,32,14,44
S01010384,49,241,101,44,24,46,61,19,104
S01010385,31,175,75,39,33,31,31,19,42
S01010386,22,152,84,48,34,42,56,15,97
S01010387,31,231,126,72,44,63,63,28,152
S01010388,15,165,81,50,36,46,41,16,52
S01010389,71,313,115,40,29,28,36,23,42
S01010390,26,296,148,54,50,52,54,26,61
S01010391,23,183,95,31,40,36,29,15,56
S01010392,52,204,82,35,24,24,21,11,13
S01010393,47,256,116,59,35,26,38,20,47
S01010394,27,97,68,43,27,41,37,26,51
S01010395,46,225,98,50,52,36,40,20,58
S01010396,38,210,101,52,46,36,44,9,37
S01010397,30,187,54,25,13,16,20,7,20
S01010398,42,294,116,42,33,24,35,16,34
S01010399,68,406,128,32,28,22,28,12,35
S01010400,63,291,94,33,25,26,27,7,30
S01010401,32,176,78,26,8,16,24,7,32
S01010402,55,293,99,48,22,23,15,17,32
S01010403,67,268,97,30,21,17,18,11,23
S01010404,80,189,91,27,15,20,19,11,28
S01010405,76,255,87,33,31,18,22,7,35
S01010406,47,228,89,28,14,17,26,6,51
S01010407,30,184,80,37,24,18,45,14,66
S01010408,34,106,32,28,15,16,14,12,28
S01010409,41,104,41,23,16,10,13,7,10
S01010410,55,170,52,34,12,19,27,10,15
S01010411,83,253,67,29,23,10,25,11,18
S01010412,38,224,66,32,24,10,15,3,26
S01010413,42,152,47,27,10,12,13,6,15
S01010414,43,214,60,46,30,23,29,20,19
S01010415,45,185,70,45,42,42,40,24,40
S01010416,17,165,56,26,18,8,18,8,11
S01010417,30,166,61,20,12,8,12,4,21
S01010418,57,316,120,51,23,15,32,13,24
S01010419,38,274,90,42,25,13,32,11,23
S01010420,21,131,54,21,9,11,13,10,16
S01010421,45,184,49,30,20,13,19,9,20
S01010422,43,200,81,52,41,24,24,17,25
S01010423,17,72,75,37,40,40,30,24,57
S01010424,26,85,57,26,40,45,32,25,57
S01010425,25,73,51,45,39,47,47,31,62
S01010426,15,66,46,22,24,32,23,25,32
S01010427,16,60,37,31,35,28,34,42,49
S01010428,27,107,63,37,18,16,16,6,23
S01010429,46,248,98,32,25,20,24,13,23
S01010430,17,64,43,27,49,49,39,39,59
S01010431,37,138,63,16,18,11,10,3,10
S01010432,10,57,52,28,33,42,38,20,66
S01010433,9,16,11,11,11,23,13,21,38
S01010434,10,40,28,27,26,30,21,24,43
S01010435,9,59,43,31,27,29,35,20,30
S01010436,22,71,41,35,28,34,22,37,50
S01010437,14,31,34,32,31,35,23,24,28
S01010438,23,50,50,28,40,47,53,34,64
S01010439,26,73,55,36,44,56,43,39,71
S01010440,20,61,37,32,29,29,24,20,30
S01010441,41,122,85,72,62,63,64,42,62
S01010442,10,42,47,28,37,48,46,37,51
S01010443,13,35,37,27,33,31,20,27,29
S01010444,20,37,31,24,34,37,19,28,40
S01010445,22,46,49,36,41,33,37,35,42
S01010446,26,91,61,47,43,45,31,29,43
S01010447,19,51,41,32,38,61,36,29,56
S01010448,29,68,55,57,47,42,35,31,33
S01010449,20,41,41,46,39,56,30,22,34
S01010450,14,76,52,37,29,41,29,25,41
S01010451,25,76,41,31,31,29,31,33,37
S01010452,14,69,39,41,43,51,31,18,42
S01010453,14,37,29,17,42,35,24,19,35
S01010454,22,85,31,38,42,46,29,34,29
S01010455,12,29,26,18,20,41,32,23,47
S01010456,14,44,51,28,23,40,18,13,36
S01010457,17,46,34,27,19,37,17,13,23
S01010458,15,47,36,24,24,39,35,37,25
S01010459,18,41,27,20,21,27,23,15,20
S01010460,51,129,44,41,26,21,20,12,19
S01010461,12,45,31,36,36,51,25,28,34
S01010462,10,34,12,18,17,26,30,30,50
S01010463,25,92,62,35,37,36,36,19,48
S01010464,10,51,59,37,18,27,17,21,21
S01010465,30,167,94,61,43,39,39,29,28
S01010466,39,159,83,46,27,26,30,15,31
S01010467,29,137,58,40,19,20,19,12,26
S01010468,41,161,82,56,30,26,37,22,35
S01010469,26,96,65,31,24,16,29,17,33
S01010470,21,96,43,32,48,42,25,24,27
S01010471,17,77,40,27,36,36,32,37,37
S01010472,21,137,65,35,21,43,30,19,57
S01010473,31,103,52,51,24,39,41,27,37
S01010474,25,103,69,26,25,31,31,20,45
S01010475,34,155,77,40,33,32,28,19,26
S01010476,44,194,90,64,44,46,48,29,40
S01010477,17,70,56,43,36,47,36,32,46
S01010478,12,65,34,27,39,44,28,27,55
S01010479,16,74,75,63,42,71,40,35,44
S01010480,25,55,47,37,25,32,31,16,33
S01010481,13,39,31,20,27,36,33,20,35
S01010482,22,78,48,38,35,40,32,31,36
S01010483,31,98,89,47,50,78,50,44,62
S01010484,15,38,37,27,27,35,31,24,32
S01010485,27,99,60,54,49,52,31,35,54
S01010486,28,114,52,45,63,33,34,27,40
S01010487,31,64,72,64,73,75,60,41,63
S01010488,8,26,26,28,22,51,30,24,53
S01010489,23,75,55,55,49,50,60,43,46
S01010490,9,24,18,19,21,34,25,23,54
S01010491,7,31,25,23,26,53,37,32,77
S01010492,10,17,19,34,19,33,31,20,52
S01010493,6,17,30,22,26,33,48,29,64
S01010494,10,28,25,26,35,31,24,24,38
S01010495,12,21,26,23,32,45,42,40,77
S01010496,11,18,34,39,45,62,36,34,59
S01010497,11,20,20,23,19,33,34,25,43
S01010498,14,16,37,31,41,57,41,26,90
S01010499,9,17,24,22,23,36,36,26,45
S01010500,27,44,44,38,41,59,41,36,67
S01010501,29,58,62,53,56,88,65,41,79
S01010502,23,46,38,46,40,53,34,53,56
S01010503,11,18,14,21,26,43,41,20,52
S01010504,49,62,44,28,50,13,6,23,30
S01010505,33,48,26,16,51,34,10,19,45
S01010506,71,78,58,36,87,49,20,47,51
S01010507,40,48,44,29,62,48,26,42,64
S01010508,63,104,84,44,80,51,12,57,67
S01010509,75,98,67,39,87,56,27,45,60
S01010510,31,73,53,43,62,41,53,53,49
S01010511,28,33,34,28,67,53,44,68,73
S01010512,13,47,27,32,44,33,27,40,49
S01010513,48,79,43,47,60,31,20,38,36
S01010514,25,39,33,40,53,37,31,43,65
S01010515,28,35,26,27,54,46,27,63,68
S01010516,52,61,44,28,53,25,30,25,54
S01010517,43,58,33,32,57,43,38,33,98
S01010518,34,56,35,21,58,40,27,30,48
S01010519,33,51,31,37,57,46,36,30,73
S01010520,35,56,45,44,87,52,43,49,52
S01010521,34,44,26,43,62,49,41,61,73
S01010522,19,22,22,21,52,29,36,32,110
S01010523,16,23,19,18,48,42,40,31,81
S01010524,66,40,29,20,41,24,6,20,27
S01010525,42,48,50,32,55,29,7,17,46
S01010526,60,65,35,36,85,48,25,34,63
S01010527,43,53,51,40,67,62,23,42,74
S01010528,50,60,47,30,56,25,18,19,63
S01010529,50,71,46,32,58,43,21,23,39
S01010530,67,50,33,26,50,19,14,14,41
S01010531,63,77,56,51,93,57,28,58,54
S01010532,38,37,10,28,51,21,11,13,26
S01010533,40,48,24,24,35,26,13,17,31
S01010534,39,81,34,22,73,66,33,38,49
S01010535,53,65,43,23,44,40,11,27,33
S01010536,35,39,48,38,63,38,35,36,54
S01010537,30,55,52,36,53,31,24,19,67
S01010538,64,84,66,59,66,65,49,45,66
S01010539,58,81,71,51,82,49,40,32,86
S01010540,25,66,39,20,43,17,12,18,15
S01010541,52,94,66,38,86,35,32,25,56
S01010542,39,67,59,32,65,43,22,26,47
S01010543,42,35,31,20,55,27,11,20,30
S01010544,42,66,41,30,77,60,24,34,71
S01010545,44,74,29,40,75,36,27,18,47
S01010546,35,66,30,15,51,27,27,22,42
S01010547,40,68,52,50,97,34,17,22,44
S01010548,27,66,52,19,52,25,9,24,16
S01010549,93,234,118,75,116,81,55,53,77
S01010550,20,43,40,22,45,27,15,23,19
S01010551,51,78,52,31,63,27,18,24,32
S01010552,30,88,54,31,62,32,19,22,35
S01010553,46,56,43,33,76,21,14,20,27
S01010554,25,49,49,20,51,38,33,24,31
S01010555,29,81,55,31,61,35,32,38,52
S01010556,29,33,41,24,43,55,43,45,54
S01010557,20,44,28,19,29,40,23,29,31
S01010558,29,62,49,37,53,44,33,28,54
S01010559,32,66,31,28,25,16,16,16,34
S01010560,39,71,37,30,31,26,26,11,23
S01010561,31,64,30,18,33,23,11,23,22
S01010562,26,44,35,35,44,30,25,31,34
S01010563,10,34,31,22,31,32,20,26,27
S01010564,8,18,20,15,32,21,18,20,31
S01010565,9,30,25,27,41,32,24,33,32
S01010566,73,157,80,57,121,59,25,56,56
S01010567,62,101,79,59,89,35,39,54,47
S01010568,88,206,170,83,124,76,53,66,76
S01010569,62,96,199,91,92,50,39,55,61
S01010570,38,65,57,42,69,41,46,42,75
S01010571,27,56,41,40,67,40,27,34,50
S01010572,19,55,28,34,48,56,29,38,43
S01010573,18,28,30,32,31,25,29,30,46
S01010574,19,58,47,36,29,27,25,23,17
S01010575,22,64,51,45,32,20,21,14,25
S01010576,27,89,73,32,47,32,32,26,33
S01010577,14,28,44,41,48,44,47,43,54
S01010578,10,39,26,31,39,33,26,28,31
S01010579,24,51,44,33,52,31,41,30,38
S01010580,22,58,38,38,40,39,34,29,57
S01010581,13,63,39,20,32,21,21,20,25
S01010582,56,148,113,79,101,97,94,51,144
S01010583,38,111,71,70,66,20,30,36,38
S01010584,45,89,77,54,56,56,52,40,51
S01010585,43,114,84,58,58,46,40,36,38
S01010586,43,98,52,50,35,22,32,24,21
S01010587,27,79,42,33,41,15,19,25,19
S01010588,17,71,49,29,28,19,23,22,16
S01010589,16,25,34,26,28,35,23,32,35
S01010590,53,127,58,45,39,30,26,33,26
S01010591,68,179,128,110,108,71,71,56,63
S01010592,19,52,23,30,37,24,21,23,26
S01010593,80,256,176,113,117,85,76,62,75
S01010594,29,65,62,41,38,41,44,25,35
S01010595,38,103,70,55,49,39,43,15,39
S01010596,125,292,161,125,128,88,61,71,68
S01010597,49,127,70,57,53,35,33,34,40
S01010598,48,134,93,65,64,50,36,40,57
S01010599,88,252,161,125,140,74,72,84,63
S01010600,52,110,86,45,66,49,36,35,45
S01010601,23,76,55,29,23,25,23,19,12
S01010602,14,49,33,34,41,31,16,23,26
S01010603,32,74,44,47,43,35,22,25,40
S01010604,25,51,45,20,16,15,16,14,15
S01010605,44,101,61,53,67,35,30,22,36
S01010606,44,57,43,31,58,54,51,35,62
S01010607,43,98,59,26,33,30,28,22,24
S01010608,17,25,34,15,50,50,44,27,54
S01010609,10,21,27,25,33,53,33,22,44
S01010610,43,74,51,36,29,27,19,21,15
S01010611,21,47,50,48,62,73,51,52,82
S01010612,17,53,41,32,43,41,37,36,45
S01010613,22,49,31,21,31,27,18,24,37
S01010614,10,29,27,28,42,28,40,28,60
S01010615,21,83,56,41,58,37,48,33,66
S01010616,45,60,68,40,54,38,33,30,41
S01010617,32,77,51,54,41,41,38,45,40
S01010618,25,68,28,43,51,34,39,35,34
S01010619,23,39,38,21,51,30,34,28,68
S01010620,30,60,49,45,47,41,43,28,72
S01010621,44,134,51,32,47,45,44,24,38
S01010622,17,33,30,20,35,21,46,36,63
S01010623,30,64,112,24,22,57,21,18,36
S01010624,18,68,30,32,27,47,39,34,49
S01010625,29,103,35,26,32,20,24,8,24
S01010626,46,122,52,32,35,36,22,20,34
S01010627,46,90,46,34,41,57,23,24,51
S01010628,45,130,68,53,49,40,30,28,47
S01010629,36,132,41,29,46,36,26,22,36
S01010630,18,62,33,26,30,27,24,22,29
S01010631,22,53,34,36,26,33,33,14,47
S01010632,27,67,48,51,53,52,38,57,70
S01010633,22,37,39,43,65,66,54,34,90
S01010634,6,17,20,23,27,31,32,36,50
S01010635,18,32,41,25,38,42,51,34,61
S01010636,31,100,50,41,41,51,37,30,39
S01010637,14,49,34,19,42,30,24,15,52
S01010638,34,50,49,40,46,63,34,26,46
S01010639,27,84,55,41,86,75,58,54,122
S01010640,30,69,42,38,47,45,41,28,60
S01010641,20,26,47,26,46,42,37,59,85
S01010642,14,30,57,44,72,85,66,55,123
S01010643,13,18,30,24,29,34,37,38,86
S01010644,8,15,20,13,30,34,37,31,83
S01010645,11,55,34,25,35,32,20,15,25
S01010646,21,58,46,41,46,32,13,29,40
S01010647,10,54,41,46,34,34,26,38,25
S01010648,23,50,44,36,51,28,27,25,41
S01010649,14,52,33,27,34,30,18,20,33
S01010650,62,142,120,96,90,112,76,65,81
S01010651,22,29,30,34,40,43,25,36,36
S01010652,32,86,69,39,55,48,38,38,61
S01010653,15,34,32,24,35,32,34,30,31
S01010654,17,42,35,28,44,63,38,47,63
S01010655,62,103,69,46,75,41,25,47,53
S01010656,28,61,31,37,60,44,22,34,42
S01010657,38,76,50,34,51,13,13,25,18
S01010658,37,111,64,25,60,26,23,26,47
S01010659,36,88,51,36,64,27,16,20,27
S01010660,29,47,33,15,43,28,37,24,24
S01010661,17,56,39,29,60,25,27,23,37
S01010662,43,85,68,46,61,42,31,25,29
S01010663,40,83,70,45,75,35,35,32,36
S01010664,41,79,51,27,74,25,21,21,35
S01010665,64,114,53,38,101,51,16,27,72
S01010666,52,110,68,54,94,53,47,36,39
S01010667,55,81,32,28,55,27,25,27,26
S01010668,83,73,60,30,89,67,41,36,77
S01010669,34,43,35,21,66,26,17,28,38
S01010670,47,68,39,24,78,41,22,45,49
S01010671,35,70,43,19,53,33,14,25,51
S01010672,29,51,37,25,57,45,31,36,35
S01010673,69,90,53,32,77,70,31,30,52
S01010674,69,90,50,35,76,64,37,40,60
S01010675,40,58,35,30,58,31,17,31,48
S01010676,54,106,63,37,74,37,27,28,63
S01010677,45,61,26,20,31,23,8,31,21
S01010678,44,54,48,31,97,38,10,29,32
S01010679,31,27,24,22,46,32,18,26,30
S01010680,34,48,38,25,60,39,37,19,49
S01010681,38,67,55,37,99,67,36,39,85
S01010682,68,91,71,34,110,63,39,39,67
S01010683,65,77,62,33,107,56,24,30,49
S01010684,53,61,58,36,80,30,21,44,41
S01010685,40,53,36,21,54,31,14,14,39
S01010686,37,38,25,20,74,38,16,38,37
S01010687,44,70,36,34,75,39,30,25,49
S01010688,57,60,35,28,78,32,15,31,71
S01010689,33,54,39,32,80,26,17,31,38
S01010690,47,38,31,22,51,29,21,33,30
S01010691,38,50,41,24,96,40,28,36,35
S01010692,40,60,51,33,74,41,41,40,56
S01010693,53,36,29,15,61,23,13,29,40
S01010694,27,36,33,19,43,26,16,15,26
S01010695,47,76,33,43,61,27,22,25,28
S01010696,45,77,57,44,101,36,34,48,58
S01010697,48,119,70,39,81,41,35,44,57
S01010698,53,68,37,34,68,33,19,24,47
S01010699,32,62,38,21,64,21,16,21,29
S01010700,31,58,29,20,48,30,15,17,17
S01010701,32,98,58,40,76,43,47,54,37
S01010702,47,76,69,38,65,46,22,28,30
S01010703,43,84,67,49,94,27,30,37,32
S01010704,20,38,34,22,52,38,28,28,26
S01010705,43,126,94,82,139,84,36,71,63
S01010706,25,61,41,32,64,53,27,44,43
S01010707,50,133,75,56,115,62,43,53,58
S01010708,15,40,30,40,43,34,22,18,29
S01010709,21,57,33,45,60,43,20,29,25
S01010710,8,39,31,30,57,36,35,26,43
S01010711,29,96,56,47,49,24,19,28,12
S01010712,21,43,36,31,56,44,36,30,57
S01010713,13,35,39,32,66,35,36,32,61
S01010714,10,23,17,20,36,29,33,24,42
S01010715,28,51,40,25,73,49,47,31,51
S01010716,35,62,70,43,56,42,46,40,73
S01010717,22,62,44,36,53,31,19,17,22
S01010718,28,85,72,52,78,65,48,46,51
S01010719,24,84,38,19,49,20,10,19,33
S01010720,46,105,63,44,57,36,15,31,37
S01010721,23,77,43,26,33,17,27,20,25
S01010722,26,94,45,29,53,45,29,23,40
S01010723,64,113,61,46,83,31,22,26,42
S01010724,45,118,61,38,77,35,31,39,43
S01010725,73,170,66,51,82,39,25,49,51
S01010726,29,84,43,33,65,28,27,16,31
S01010727,41,94,51,23,50,15,19,24,19
S01010728,23,81,53,28,35,24,14,24,13
S01010729,35,69,34,33,70,18,17,36,21
S01010730,55,106,49,38,71,29,24,31,37
S01010731,42,100,65,33,62,37,22,22,41
S01010732,9,27,29,22,42,52,37,42,48
S01010733,3,21,31,14,37,29,23,46,50
S01010734,16,42,42,29,49,67,31,39,52
S01010735,10,28,22,21,40,28,28,45,64
S01010736,13,46,40,19,37,28,26,29,19
S01010737,40,78,63,64,64,62,58,63,67
S01010738,13,27,31,28,24,27,27,27,33
S01010739,22,69,50,46,63,30,44,39,55
S01010740,5,14,22,11,18,22,18,29,32
S01010741,27,64,54,51,92,59,39,49,45
S01010742,18,43,37,30,60,54,29,51,51
S01010743,9,17,31,20,39,42,21,43,43
S01010744,19,63,55,46,73,69,41,53,54
S01010745,13,32,19,21,46,28,21,26,41
S01010746,45,73,68,43,86,56,33,47,62
S01010747,18,46,44,28,55,41,42,29,53
S01010748,37,43,31,32,61,19,8,17,26
S01010749,27,53,45,24,56,32,11,26,24
S01010750,27,53,28,24,50,22,17,23,24
S01010751,17,21,33,30,56,43,33,34,41
S01010752,20,54,39,34,48,42,43,42,54
S01010753,25,62,44,37,87,43,45,46,52
S01010754,12,34,21,19,45,25,33,29,35
S01010755,23,27,26,15,41,38,23,20,33
S01010756,30,58,50,29,39,25,16,30,24
S01010757,35,43,27,20,75,28,15,19,37
S01010758,41,54,38,38,52,34,12,26,40
S01010759,22,32,27,23,79,40,16,22,35
S01010760,30,47,29,23,46,26,15,19,37
S01010761,25,45,25,28,52,14,13,21,20
S01010762,21,48,38,17,58,43,18,31,28
S01010763,37,61,35,24,73,28,20,24,39
S01010764,22,51,30,19,60,32,20,33,27
S01010765,47,63,34,32,90,48,38,42,65
S01010766,26,49,53,38,70,51,26,31,39
S01010767,19,38,23,18,49,37,24,33,43
S01010768,10,37,24,17,30,26,17,13,24
S01010769,22,38,26,17,44,26,13,21,31
S01010770,32,45,34,33,69,36,17,25,38
S01010771,29,52,25,20,74,44,23,43,52
S01010772,33,52,40,19,84,25,17,26,30
S01010773,28,63,36,33,78,41,23,31,28
S01010774,25,30,37,19,39,30,32,25,33
S01010775,27,91,60,44,82,47,39,40,43
S01010776,15,35,30,23,29,26,27,20,55
S01010777,4,20,18,14,34,33,22,17,33
S01010778,17,19,23,11,26,31,28,18,48
S01010779,16,33,31,20,30,31,40,34,65
S01010780,11,39,20,28,33,36,32,27,34
S01010781,30,65,48,41,57,40,28,43,44
S01010782,21,23,30,15,42,28,32,23,47
S01010783,17,19,16,19,38,25,21,21,39
S01010784,11,18,19,21,41,42,28,27,60
S01010785,20,59,47,28,45,22,15,29,27
S01010786,23,64,54,43,67,37,30,37,36
S01010787,35,61,53,36,80,27,26,41,46
S01010788,21,52,32,28,63,24,28,33,32
S01010789,20,56,33,30,56,29,25,36,37
S01010790,32,55,41,23,90,16,22,31,35
S01010791,50,73,48,17,67,27,21,31,56
S01010792,12,25,25,19,34,27,27,31,49
S01010793,31,58,41,28,62,27,16,34,35
S01010794,37,61,51,32,56,23,21,23,21
S01010795,40,87,78,36,58,47,36,41,61
S01010796,36,96,61,35,87,30,16,21,48
S01010797,39,98,56,41,76,27,23,20,23
S01010798,32,67,49,36,68,19,13,30,27
S01010799,22,68,42,21,36,19,14,22,37
S01010800,13,28,52,30,68,35,36,28,64
S01010801,13,32,40,25,47,29,37,36,43
S01010802,15,40,39,22,39,17,24,22,35
S01010803,13,38,36,12,49,40,29,11,32
S01010804,24,53,55,24,40,16,22,22,18
S01010805,28,73,77,33,50,39,34,30,58
S01010806,15,48,46,25,37,45,37,36,70
S01010807,12,43,34,23,30,25,26,21,32
S01010808,19,51,35,20,32,21,16,13,36
S01010809,31,74,49,24,58,15,20,26,32
S01010810,31,36,25,19,41,22,6,25,25
S01010811,49,72,39,25,68,41,15,30,57
S01010812,31,27,24,10,49,22,11,17,21
S01010813,38,21,26,7,60,16,16,17,32
S01010814,56,51,28,20,82,28,12,30,38
S01010815,33,25,27,15,41,26,10,22,24
S01010816,56,90,53,19,14,14,6,7,5
S01010817,63,141,60,34,21,15,24,7,15
S01010818,57,160,77,30,33,30,24,18,17
S01010819,44,96,72,37,33,38,30,23,13
S01010820,42,92,37,22,46,25,11,16,12
S01010821,33,87,36,23,17,11,6,7,13
S01010822,54,96,60,20,12,22,11,10,16
S01010823,12,31,37,30,22,16,25,9,20
S01010824,28,105,69,55,31,39,33,22,32
S01010825,50,164,115,57,47,34,35,21,38
S01010826,25,69,42,34,25,23,27,16,27
S01010827,28,53,41,32,32,25,20,18,26
S01010828,52,155,100,67,47,53,59,35,56
S01010829,54,96,61,40,35,31,22,26,15
S01010830,10,67,64,42,31,27,37,21,20
S01010831,43,90,53,29,31,27,27,16,18
S01010832,21,50,49,39,47,29,36,27,34
S01010833,53,134,71,38,29,34,22,20,31
S01010834,41,123,79,47,22,17,15,20,19
S01010835,21,73,37,22,13,22,15,13,13
S01010836,47,130,67,34,38,32,21,18,18
S01010837,22,73,61,50,37,35,39,24,32
S01010838,19,63,66,31,34,50,46,33,38
S01010839,29,65,63,40,26,45,34,22,39
S01010840,12,55,47,21,17,24,18,7,15
S01010841,29,92,63,36,39,33,34,20,13
S01010842,19,51,44,29,32,52,24,29,28
S01010843,25,52,50,30,35,31,22,24,18
S01010844,30,86,51,37,32,26,26,11,14
S01010845,17,50,40,20,30,21,24,8,16
S01010846,19,57,42,33,40,42,35,22,38
S01010847,16,75,48,43,39,28,27,16,23
S01010848,18,26,30,32,36,65,37,31,65
S01010849,19,35,46,29,38,64,46,27,83
S01010850,7,37,41,18,29,44,39,21,58
S01010851,9,53,48,38,33,74,46,55,85
S01010852,17,43,32,34,35,46,27,37,52
S01010853,13,62,50,52,58,65,51,44,48
S01010854,18,22,31,27,34,76,58,32,59
S01010855,7,26,26,24,23,37,25,14,34
S01010856,26,54,32,51,41,57,27,44,55
S01010857,23,53,49,49,47,59,39,25,52
S01010858,12,28,27,24,29,37,35,17,42
S01010859,10,38,38,30,44,60,53,37,72
S01010860,8,32,25,22,34,39,31,20,35
S01010861,8,31,29,24,19,44,36,20,48
S01010862,10,35,21,16,29,50,32,15,48
S01010863,34,107,71,41,30,38,30,20,24
S01010864,20,91,48,21,16,23,7,8,13
S01010865,38,108,57,41,24,12,24,15,11
S01010866,26,89,43,30,12,9,16,11,15
S01010867,37,77,41,20,29,22,30,16,16
S01010868,29,85,43,26,27,12,24,8,22
S01010869,41,102,53,42,22,25,26,11,19
S01010870,25,56,31,25,21,42,22,13,28
S01010871,25,108,78,43,33,42,40,24,29
S01010872,21,71,56,26,24,47,33,20,43
S01010873,12,25,11,24,13,22,17,16,24
S01010874,27,97,56,48,32,31,32,16,23
S01010875,22,49,43,28,15,20,26,14,25
S01010876,21,61,44,34,36,40,49,17,46
S01010877,18,88,61,56,31,48,44,25,28
S01010878,22,64,60,57,62,73,46,35,62
S01010879,21,65,74,46,52,47,43,31,42
S01010880,14,25,22,20,20,33,20,23,28
S01010881,16,42,36,28,37,31,26,24,26
S01010882,13,50,44,27,25,38,29,19,22
S01010883,23,81,62,37,43,43,41,16,27
S01010884,19,36,39,33,33,42,28,20,33
S01010885,21,50,46,39,53,38,57,33,51
S01010886,7,19,13,18,16,20,17,3,20
S01010887,13,34,37,27,38,44,37,34,58
S01010888,9,42,48,37,45,52,43,44,46
S01010889,4,22,7,21,9,21,23,11,15
S01010890,10,26,34,22,26,46,41,36,49
S01010891,2,13,16,11,10,26,12,8,22
S01010892,13,39,35,48,33,64,35,30,38
S01010893,6,32,21,21,15,29,25,17,36
S01010894,15,45,36,29,28,30,37,25,30
S01010895,11,18,20,15,24,31,13,14,23
S01010896,8,41,43,23,42,54,35,19,44
S01010897,7,33,37,28,29,41,42,27,58
S01010898,12,26,21,26,41,46,27,30,34
S01010899,12,31,47,22,39,41,23,23,42
S01010900,16,28,37,24,36,59,40,25,45
S01010901,12,14,22,16,18,43,25,15,38
S01010902,5,46,43,33,59,66,48,48,50
S01010903,13,31,28,34,35,53,43,20,49
S01010904,12,18,28,18,21,27,29,26,44
S01010905,20,103,73,56,66,72,47,44,44
S01010906,21,90,62,56,57,65,52,52,46
S01010907,35,107,67,44,37,40,42,26,26
S01010908,14,45,43,24,37,41,27,21,32
S01010909,18,62,35,24,26,25,36,15,21
S01010910,7,20,15,9,15,24,26,5,24
S01010911,8,22,20,21,29,25,35,16,28
S01010912,15,27,27,20,27,34,30,22,26
S01010913,28,50,53,43,50,44,34,40,24
S01010914,14,48,29,32,31,25,38,26,31
S01010915,18,53,40,42,40,43,42,28,49
S01010916,10,16,21,11,22,19,13,10,30
S01010917,18,34,39,35,31,26,22,26,19
S01010918,7,36,33,29,35,29,24,22,34
S01010919,12,31,43,30,41,49,31,25,43
S01010920,20,66,44,36,30,47,40,25,30
S01010921,11,36,30,15,27,36,40,38,34
S01010922,12,32,39,27,33,53,35,29,61
S01010923,10,26,41,44,41,57,39,38,54
S01010924,9,25,27,11,21,41,34,39,38
S01010925,7,30,34,18,34,50,28,34,32
S01010926,19,35,44,32,34,52,52,38,62
S01010927,6,28,22,20,39,43,25,22,34
S01010928,10,25,32,18,55,36,47,25,42
S01010929,15,23,30,20,32,40,34,26,40
S01010930,72,148,83,38,60,19,22,22,36
S01010931,65,129,97,55,77,74,35,41,39
S01010932,30,65,62,36,45,45,32,23,27
S01010933,121,215,121,63,62,53,48,36,28
S01010934,48,151,74,52,44,35,37,25,30
S01010935,37,58,46,29,30,26,19,15,16
S01010936,17,69,45,32,30,25,33,18,19
S01010937,22,60,56,37,43,27,35,23,33
S01010938,16,33,48,33,57,61,62,35,67
S01010939,17,46,25,41,26,24,23,17,29
S01010940,29,71,33,34,16,27,21,17,14
S01010941,26,73,55,40,42,35,34,26,35
S01010942,23,85,43,35,27,25,22,17,20
S01010943,17,48,42,31,38,40,32,24,42
S01010944,16,29,35,19,30,43,34,22,43
S01010945,13,31,33,28,30,42,28,18,45
S01010946,23,45,45,47,55,50,60,37,55
S01010947,15,28,38,31,24,30,34,27,31
S01010948,11,28,37,28,36,52,25,23,48
S01010949,28,97,69,51,31,35,32,30,24
S01010950,27,48,50,46,42,49,34,21,47
S01010951,27,61,53,38,49,35,36,14,33
S01010952,18,57,55,37,28,17,24,15,16
S01010953,14,49,29,29,44,26,20,20,19
S01010954,23,51,253,35,32,26,25,16,21
S01010955,102,367,245,107,111,72,71,32,66
S01010956,119,378,201,112,93,71,60,58,59
S01010957,23,61,51,25,31,10,16,5,22
S01010958,19,57,32,11,26,18,16,13,12
S01010959,30,92,57,32,29,24,34,19,31
S01010960,62,116,87,60,87,73,55,58,58
S01010961,22,45,31,37,22,37,35,23,33
S01010962,11,25,32,23,21,18,24,18,31
S01010963,48,75,77,55,62,43,39,38,44
S01010964,20,73,48,36,47,39,34,26,27
S01010965,10,26,27,15,39,24,26,22,41
S01010966,16,62,38,35,62,37,37,32,54
S01010967,11,52,44,22,50,48,29,26,49
S01010968,21,52,63,35,32,27,28,24,42
S01010969,22,72,35,39,42,27,20,17,33
S01010970,37,113,63,59,72,48,61,54,59
S01010971,34,114,78,73,77,58,51,43,52
S01010972,14,47,39,41,57,63,48,31,41
S01010973,12,27,26,32,31,16,19,12,14
S01010974,17,46,36,34,40,64,33,33,68
S01010975,7,29,27,19,33,27,24,19,35
S01010976,19,24,35,29,30,29,18,25,22
S01010977,27,48,52,44,43,27,26,20,41
S01010978,18,54,40,45,46,56,24,19,45
S01010979,23,78,51,62,56,69,46,26,61
S01010980,25,56,51,49,47,35,33,35,45
S01010981,20,65,44,35,44,48,29,20,41
S01010982,67,174,86,54,44,34,24,20,28
S01010983,31,69,45,43,44,40,13,23,40
S01010984,28,60,43,22,29,20,23,13,20
S01010985,19,60,36,46,51,33,21,34,36
S01010986,29,80,51,33,29,21,16,15,17
S01010987,43,86,47,44,17,28,39,28,23
S01010988,33,76,69,38,21,23,27,20,25
S01010989,49,152,119,82,62,58,59,32,31
S01010990,27,60,48,50,51,43,31,26,39
S01010991,220,633,397,258,204,155,147,94,110
S01010992,51,103,45,39,34,15,8,13,23
S01010993,25,63,43,33,41,21,23,17,23
S01010994,103,251,130,89,69,64,44,27,43
S01010995,20,71,35,46,31,26,25,14,17
S01010996,24,83,39,20,23,10,17,11,7
S01010997,26,74,42,28,27,18,12,12,16
S01010998,69,142,80,44,22,13,15,10,25
S01010999,52,166,69,37,32,35,27,10,30
S01011000,162,504,257,186,159,126,99,78,119
S01011001,16,41,26,37,27,41,18,22,48
S01011002,15,43,37,46,42,49,20,33,68
S01011003,18,41,36,49,57,51,27,26,50
S01011004,29,82,41,47,37,37,30,22,28
S01011005,19,53,37,35,52,50,29,18,61
S01011006,82,243,178,117,144,122,89,79,125
S01011007,19,42,38,45,53,49,37,23,60
S01011008,20,41,37,45,53,51,42,43,68
S01011009,20,23,30,19,28,27,26,17,32
S01011010,14,33,40,38,21,39,29,9,31
S01011011,7,44,45,38,60,56,42,29,63
S01011012,6,32,23,29,49,56,29,30,67
S01011013,11,57,55,45,50,50,41,45,62
S01011014,25,60,43,67,48,39,34,25,41
S01011015,7,22,19,13,24,28,20,12,24
S01011016,95,259,171,126,108,108,86,51,61
S01011017,82,172,128,68,89,80,56,44,67
S01011018,32,73,58,37,67,42,28,30,42
S01011019,81,195,124,87,99,70,40,37,66
S01011020,81,214,138,83,85,58,46,33,35
S01011021,26,55,56,51,73,62,41,36,63
S01011022,17,28,28,37,38,44,17,33,50
S01011023,37,42,45,36,56,63,25,36,61
S01011024,18,24,33,34,53,62,26,47,59
S01011025,16,30,27,36,44,54,25,37,74
S01011026,17,18,21,27,41,39,19,27,41
S01011027,15,45,45,43,52,62,58,44,70
S01011028,19,48,28,32,64,84,44,35,80
S01011029,15,23,25,26,36,53,25,38,43
S01011030,15,63,50,54,58,57,44,47,54
S01011031,31,73,65,55,44,74,31,44,60
S01011032,19,52,30,44,59,56,41,28,43
S01011033,25,55,45,32,37,40,23,26,30
S01011034,19,69,40,22,29,35,21,15,29
S01011035,20,46,38,37,45,35,32,28,38
S01011036,26,54,39,39,46,34,31,24,19
S01011037,38,98,95,77,81,89,70,59,93
S01011038,22,35,36,42,56,62,42,37,66
S01011039,62,112,102,83,95,85,55,58,61
S01011040,16,47,35,34,47,49,42,30,55
S01011041,18,30,34,32,51,49,29,22,34
S01011042,30,88,52,46,46,35,47,37,55
S01011043,25,49,46,43,54,56,25,37,37
S01011044,17,42,34,35,48,53,23,39,52
S01011045,32,38,34,25,61,29,16,41,39
S01011046,46,66,33,35,90,39,15,50,54
S01011047,43,61,48,38,85,50,16,61,71
S01011048,34,47,39,44,62,40,25,59,71
S01011049,12,31,16,37,57,38,17,73,61
S01011050,25,50,23,25,66,36,11,29,27
S01011051,43,61,41,45,96,40,25,61,60
S01011052,21,50,32,24,59,33,11,55,41
S01011053,24,27,24,19,42,37,13,41,49
S01011054,18,38,30,16,41,31,14,34,37
S01011055,24,53,29,17,59,21,20,26,32
S01011056,35,70,37,39,105,29,22,40,47
S01011057,13,37,23,21,68,34,22,37,39
S01011058,20,56,47,18,70,28,21,30,34
S01011059,26,48,37,27,62,17,19,17,44
S01011060,30,47,34,22,65,25,23,25,44
S01011061,11,26,33,26,59,53,32,41,71
S01011062,28,66,55,40,83,50,39,52,66
S01011063,13,52,49,33,77,58,51,53,81
S01011064,37,60,48,49,93,34,42,57,51
S01011065,38,48,38,27,56,40,12,42,30
S01011066,23,21,22,10,32,13,13,12,18
S01011067,12,23,19,15,26,18,10,17,21
S01011068,10,22,21,14,20,24,13,28,32
S01011069,15,33,23,15,24,21,18,15,32
S01011070,16,30,28,19,28,28,16,26,37
S01011071,16,57,31,26,50,34,20,22,33
S01011072,37,76,63,40,80,82,38,83,91
S01011073,20,53,51,18,56,38,22,32,39
S01011074,23,32,31,22,62,35,22,42,29
S01011075,13,12,22,15,48,34,23,52,56
S01011076,15,29,32,23,42,41,29,61,45
S01011077,12,13,20,26,41,53,20,54,91
S01011078,52,136,116,72,119,120,53,126,111
S01011079,35,74,54,55,79,61,42,69,101
S01011080,18,58,54,33,61,57,24,59,54
S01011081,12,27,34,23,62,48,31,51,53
S01011082,11,12,15,19,24,28,19,29,32
S01011083,18,41,49,30,45,46,27,47,35
S01011084,29,56,54,26,49,30,15,22,40
S01011085,26,84,48,30,50,32,24,33,39
S01011086,27,56,39,36,55,43,24,47,44
S01011087,19,20,24,19,49,28,15,42,42
S01011088,33,79,59,37,59,43,30,39,50
S01011089,9,27,24,16,40,28,19,28,46
S01011090,51,76,59,41,85,35,20,43,40
S01011091,35,59,32,41,55,40,11,34,19
S01011092,18,41,20,8,40,44,22,34,33
S01011093,122,343,241,160,255,167,103,159,151
S01011094,68,134,117,48,74,51,40,59,55
S01011095,52,89,57,45,72,29,30,26,40
S01011096,50,113,95,43,68,56,39,41,60
S01011097,42,71,52,37,56,26,17,32,42
S01011098,18,48,46,28,58,33,29,43,42
S01011099,16,33,28,33,53,38,42,54,51
S01011100,9,24,26,12,25,21,15,22,32
S01011101,10,16,20,8,39,30,24,43,55
S01011102,16,24,25,11,38,32,23,35,44
S01011103,16,23,24,19,26,23,22,30,40
S01011104,22,58,31,19,18,21,15,16,15
S01011105,19,34,50,16,61,45,46,57,66
S01011106,18,49,79,24,56,54,43,57,76
S01011107,38,67,93,41,75,71,48,66,74
S01011108,15,23,37,24,40,24,15,33,32
S01011109,17,34,43,31,44,32,23,39,27
S01011110,17,20,25,29,41,34,41,44,51
S01011111,19,31,39,23,71,27,40,44,89
S01011112,32,65,54,45,65,39,28,39,36
S01011113,27,34,42,31,72,47,45,41,60
S01011114,19,40,37,34,54,26,26,38,33
S01011115,22,35,45,33,52,39,42,41,74
S01011116,16,35,44,33,34,34,31,37,32
S01011117,27,111,52,26,46,32,29,20,44
S01011118,41,105,50,38,54,37,24,32,39
S01011119,36,107,55,29,40,34,14,22,48
S01011120,25,61,52,18,43,18,14,13,23
S01011121,19,42,39,16,46,35,24,35,48
S01011122,20,46,45,37,50,23,31,24,40
S01011123,31,52,71,50,109,61,66,63,107
S01011124,12,34,41,33,64,41,29,38,45
S01011125,14,16,18,20,41,26,15,31,34
S01011126,10,19,41,16,27,21,20,19,28
S01011127,10,40,82,13,29,15,26,7,14
S01011128,11,45,68,39,41,31,40,41,53
S01011129,52,88,86,40,56,42,23,17,40
S01011130,9,35,34,16,41,32,23,21,43
S01011131,18,50,59,30,48,41,14,26,26
S01011132,35,69,85,27,61,40,28,29,35
S01011133,11,18,27,14,29,30,15,20,31
S01011134,27,64,61,27,52,40,28,27,37
S01011135,16,33,31,21,64,52,16,25,46
S01011136,25,33,39,20,35,20,13,20,44
S01011137,22,33,34,17,27,26,7,18,34
S01011138,14,32,46,17,40,44,27,25,43
S01011139,62,111,451,60,121,49,46,38,61
S01011140,16,23,36,29,32,19,19,26,43
S01011141,8,24,27,22,47,31,17,22,32
S01011142,25,97,77,22,53,32,30,27,28
S01011143,27,102,71,48,61,33,29,26,52
S01011144,21,72,44,21,36,33,20,25,31
S01011145,30,84,56,24,35,26,13,23,22
S01011146,25,36,46,24,54,36,18,32,57
S01011147,24,80,84,37,71,42,22,37,48
S01011148,45,59,42,39,65,23,19,27,48
S01011149,31,64,88,33,34,21,16,15,42
S01011150,39,83,96,49,44,46,39,46,49
S01011151,18,30,73,15,34,30,18,18,37
S01011152,35,67,42,13,24,11,15,14,14
S01011153,39,85,262,43,60,36,41,41,49
S01011154,16,25,27,16,29,26,18,18,34
S01011155,15,50,35,14,56,24,23,21,42
S01011156,15,42,36,21,36,25,22,21,14
S01011157,15,33,30,17,22,9,19,18,23
S01011158,21,76,37,19,25,10,14,4,18
S01011159,17,30,41,25,39,23,22,33,39
S01011160,27,45,51,29,64,38,43,37,49
S01011161,18,23,32,22,40,27,40,38,65
S01011162,9,36,31,20,33,26,14,22,35
S01011163,10,23,36,25,49,37,48,37,55
S01011164,32,59,42,32,44,36,29,33,58
S01011165,15,24,29,18,47,39,30,42,39
S01011166,14,34,26,22,19,11,12,10,15
S01011167,26,65,53,27,37,27,16,21,35
S01011168,81,138,114,55,143,69,55,53,73
S01011169,45,138,118,68,123,82,52,64,96
S01011170,58,106,69,35,67,31,43,43,53
S01011171,42,64,37,32,88,44,31,39,43
S01011172,38,57,33,22,78,35,20,37,37
S01011173,32,48,30,21,42,26,24,13,34
S01011174,27,24,23,9,30,24,14,11,30
S01011175,21,27,26,24,65,43,19,42,48
S01011176,37,45,19,27,40,26,23,14,29
S01011177,56,43,33,33,72,38,31,28,42
S01011178,14,24,21,25,33,18,32,27,32
S01011179,9,32,19,15,36,29,18,34,35
S01011180,10,22,18,20,37,42,24,42,38
S01011181,52,119,75,46,61,48,29,35,24
S01011182,50,76,70,23,42,23,19,29,24
S01011183,31,46,32,26,25,20,27,28,23
S01011184,49,138,82,61,51,42,49,45,50
S01011185,21,51,39,29,35,32,25,24,29
S01011186,25,70,55,45,45,42,31,40,43
S01011187,12,61,34,30,36,25,23,19,16
S01011188,24,38,49,40,53,52,52,41,62
S01011189,18,66,45,38,53,41,39,30,27
S01011190,9,24,29,27,35,29,25,26,29
S01011191,14,18,26,20,27,27,16,33,30
S01011192,16,34,30,32,44,36,33,33,29
S01011193,13,25,24,27,35,45,31,29,54
S01011194,12,23,25,38,51,34,37,20,43
S01011195,16,32,32,34,42,51,36,38,54
S01011196,12,32,43,26,39,44,41,34,51
S01011197,12,32,25,22,37,63,37,48,55
S01011198,20,28,29,20,31,33,23,26,37
S01011199,31,86,106,49,78,76,44,55,53
S01011200,21,42,43,31,34,54,33,39,35
S01011201,22,44,40,21,41,37,19,24,25
S01011202,20,48,47,42,47,33,34,31,48
S01011203,16,60,45,39,42,30,29,40,38
S01011204,32,50,31,8,25,25,11,17,8
S01011205,31,108,73,45,45,36,22,26,21
S01011206,26,67,54,43,36,26,22,21,25
S01011207,23,53,48,34,31,31,28,26,30
S01011208,31,94,66,43,48,50,32,43,29
S01011209,12,47,40,32,25,39,21,21,26
S01011210,47,81,44,28,27,15,24,9,19
S01011211,26,69,57,33,41,27,25,21,24
S01011212,8,11,28,10,27,35,35,21,47
S01011213,27,74,35,52,43,77,48,59,65
S01011214,19,26,30,23,29,49,46,38,54
S01011215,5,13,15,10,19,29,27,14,23
S01011216,6,18,15,16,36,24,19,15,35
S01011217,15,36,35,31,38,51,49,34,52
S01011218,15,48,43,33,63,78,45,37,70
S01011219,11,26,25,20,33,55,42,40,45
S01011220,18,30,38,38,51,61,50,39,64
S01011221,24,46,41,46,44,66,34,56,57
S01011222,16,33,36,29,43,45,46,31,56
S01011223,12,43,55,38,40,49,24,36,59
S01011224,16,26,24,31,36,25,29,24,39
S01011225,12,41,36,27,33,47,29,34,44
S01011226,29,70,63,48,45,59,31,24,32
S01011227,26,53,35,35,34,36,27,33,38
S01011228,26,47,33,34,44,42,38,30,51
S01011229,14,22,17,18,22,25,27,11,30
S01011230,11,19,14,12,29,27,29,19,35
S01011231,10,23,23,14,30,31,24,18,46
S01011232,13,56,42,23,29,42,28,37,50
S01011233,44,172,101,56,63,69,45,46,54
S01011234,14,45,44,42,46,56,42,59,70
S01011235,2,11,15,9,15,24,14,15,20
S01011236,13,24,23,25,29,31,18,21,21
S01011237,19,34,26,28,42,58,41,26,47
S01011238,9,20,28,12,23,45,28,17,44
S01011239,6,21,19,23,28,33,21,15,27
S01011240,15,20,22,28,34,34,23,20,58
S01011241,30,69,65,27,38,49,31,28,34
S01011242,17,71,48,27,35,44,26,17,35
S01011243,16,46,22,17,29,46,47,34,50
S01011244,16,19,26,23,25,32,30,20,31
S01011245,11,33,27,26,34,45,29,27,49
S01011246,24,73,53,36,46,49,21,29,22
S01011247,27,81,50,26,45,36,17,20,31
S01011248,19,44,46,37,45,41,32,30,36
S01011249,27,55,60,34,39,33,28,24,21
S01011250,28,30,50,31,40,78,50,51,84
S01011251,17,43,45,35,38,57,46,45,62
S01011252,18,29,26,23,43,41,33,42,37
S01011253,21,28,26,29,54,69,26,28,57
S01011254,22,106,58,42,51,49,44,27,32
S01011255,40,111,57,44,50,34,40,26,37
S01011256,19,48,49,42,34,20,26,12,19
S01011257,12,23,14,8,14,9,8,12,11
S01011258,16,45,32,17,13,20,32,14,16
S01011259,15,59,38,28,25,38,22,10,32
S01011260,29,69,51,28,26,28,18,23,24
S01011261,26,39,23,31,56,62,37,44,55
S01011262,13,24,14,10,27,26,21,15,18
S01011263,56,148,78,57,75,79,56,37,60
S01011264,11,29,36,19,28,44,39,26,33
S01011265,19,40,26,37,63,76,52,53,84
S01011266,16,53,54,35,46,65,38,40,42
S01011267,11,47,25,13,22,19,22,18,21
S01011268,5,16,10,12,15,20,9,9,14
S01011269,14,27,22,10,31,37,21,18,19
S01011270,7,17,18,18,27,36,25,22,29
S01011271,9,48,31,24,34,32,13,20,37
S01011272,14,31,28,23,53,36,30,24,48
S01011273,15,25,28,32,47,46,41,40,38
S01011274,13,38,44,46,43,67,43,40,48
S01011275,8,18,23,25,37,40,31,25,46
S01011276,22,39,39,29,50,68,54,31,56
S01011277,10,50,45,32,37,37,17,28,21
S01011278,17,34,37,31,37,19,19,22,18
S01011279,15,67,45,35,39,18,28,26,18
S01011280,13,50,27,17,29,22,13,18,14
S01011281,31,71,41,30,37,34,25,26,23
S01011282,35,105,82,53,53,43,45,33,31
S01011283,36,122,64,42,41,29,22,35,32
S01011284,20,98,59,48,41,26,24,17,29
S01011285,14,20,36,22,29,47,42,28,50
S01011286,9,20,29,28,32,36,27,16,33
S01011287,21,39,35,32,50,64,46,38,55
S01011288,15,32,43,31,28,49,49,38,65
S01011289,13,47,29,32,50,63,46,30,55
S01011290,21,51,55,34,70,82,48,51,85
S01011291,11,36,23,23,38,44,34,36,37
S01011292,15,21,17,21,30,42,21,23,34
S01011293,13,29,25,15,43,46,29,33,60
S01011294,5,43,26,22,49,48,29,37,44
S01011295,38,117,89,52,65,48,36,32,41
S01011296,11,39,29,24,28,33,18,15,15
S01011297,10,35,33,23,46,56,24,39,68
S01011298,8,34,31,25,34,49,39,34,42
S01011299,48,52,41,25,56,17,8,24,19
S01011300,22,34,39,28,59,61,31,43,35
S01011301,29,73,66,23,49,28,20,29,30
S01011302,14,45,26,19,36,32,31,31,34
S01011303,40,83,73,46,54,38,34,47,36
S01011304,14,28,24,18,40,41,40,41,41
S01011305,23,69,54,31,38,60,28,35,40
S01011306,8,33,24,27,31,25,22,23,24
S01011307,102,226,125,55,114,80,45,47,51
S01011308,25,73,28,12,36,23,13,15,18
S01011309,32,89,52,27,28,21,15,15,12
S01011310,33,80,49,30,37,24,28,24,26
S01011311,39,83,53,27,20,16,16,11,22
S01011312,45,134,63,33,33,34,16,8,24
S01011313,25,51,50,33,30,33,23,16,25
S01011314,41,120,66,44,45,48,30,31,34
S01011315,16,32,24,6,22,22,10,11,12
S01011316,21,55,37,23,36,41,40,27,39
S01011317,34,65,37,24,23,18,25,16,28
S01011318,33,66,37,26,30,19,25,14,27
S01011319,28,76,37,19,21,20,17,16,30
S01011320,10,40,20,24,26,34,19,18,35
S01011321,20,51,42,25,44,38,25,25,42
S01011322,18,54,38,26,36,31,27,14,48
S01011323,24,39,43,26,57,59,46,30,38
S01011324,12,35,23,20,24,35,26,13,34
S01011325,16,38,32,21,29,44,28,17,56
S01011326,17,37,34,19,26,29,16,15,42
S01011327,24,35,18,18,19,28,21,10,18
S01011328,34,37,32,18,41,44,22,25,29
S01011329,28,75,55,34,27,40,22,27,33
S01011330,29,93,49,34,33,25,20,13,28
S01011331,27,72,49,34,26,21,14,11,21
S01011332,34,70,48,33,20,24,22,11,14
S01011333,39,53,26,12,26,17,23,11,22
S01011334,38,64,39,23,41,20,16,13,15
S01011335,47,107,47,27,39,15,24,11,22
S01011336,23,61,42,18,49,41,28,23,42
S01011337,41,93,48,17,23,16,17,14,14
S01011338,21,38,46,27,40,37,35,24,30
S01011339,13,35,30,33,31,39,19,22,21
S01011340,18,31,20,25,36,42,22,37,31
S01011341,18,60,31,31,53,35,27,26,25
S01011342,28,45,57,38,53,40,23,27,30
S01011343,20,26,37,30,44,53,44,46,55
S01011344,21,29,37,34,58,59,38,33,56
S01011345,11,22,31,23,40,56,34,48,66
S01011346,12,38,38,28,32,42,24,21,48
S01011347,31,62,47,33,54,54,37,50,64
S01011348,21,46,56,40,57,50,31,37,45
S01011349,30,87,70,48,40,34,37,22,50
S01011350,21,45,59,30,27,27,10,16,25
S01011351,15,19,22,30,42,40,16,29,51
S01011352,11,47,43,24,53,41,18,22,35
S01011353,11,33,19,32,47,34,21,30,30
S01011354,32,60,43,36,36,37,23,27,28
S01011355,23,67,67,48,59,57,34,38,32
S01011356,67,138,95,60,104,46,21,52,33
S01011357,17,71,40,37,43,28,35,28,41
S01011358,20,55,46,34,32,26,13,30,21
S01011359,21,48,34,40,41,35,39,32,44
S01011360,9,24,16,21,21,26,18,34,42
S01011361,4,0,0,0,1,3,3,9,4
S01011362,40,73,51,47,52,33,29,42,54
S01011363,25,57,37,46,33,40,30,24,33
S01011364,23,58,40,38,45,29,21,28,40
S01011365,36,87,54,39,49,23,33,23,38
S01011366,10,23,24,26,19,25,22,20,27
S01011367,30,54,37,48,61,47,35,35,55
S01011368,66,151,100,54,48,28,46,35,33
S01011369,25,52,38,39,59,44,37,34,64
S01011370,42,89,45,48,40,27,21,20,20
S01011371,19,30,33,41,39,57,56,56,72
S01011372,15,24,22,25,19,32,29,36,69
S01011373,10,21,25,15,34,28,31,37,74
S01011374,25,64,66,47,42,37,53,34,48
S01011375,26,59,35,29,23,25,17,19,35
S01011376,11,17,11,14,15,35,28,32,49
S01011377,77,210,90,59,55,32,20,31,33
S01011378,21,72,57,40,35,25,33,16,22
S01011379,57,212,131,103,48,37,41,39,31
S01011380,27,84,46,49,28,23,30,30,37
S01011381,28,65,49,39,27,38,40,24,33
S01011382,31,92,74,58,61,41,49,43,68
S01011383,14,24,21,22,24,32,37,28,41
S01011384,13,9,19,12,27,34,25,27,44
S01011385,16,35,30,34,55,44,42,38,85
S01011386,11,15,8,17,28,23,29,28,53
S01011387,20,39,32,29,40,40,49,43,50
S01011388,54,138,91,71,73,54,38,54,69
S01011389,20,64,33,28,29,41,47,39,57
S01011390,23,30,22,21,46,37,23,37,46
S01011391,10,14,17,20,41,49,39,40,65
S01011392,20,22,20,22,43,43,33,34,45
S01011393,24,55,40,40,39,53,29,49,52
S01011394,30,94,60,35,31,21,28,15,23
S01011395,26,62,44,43,32,35,33,34,35
S01011396,27,43,39,28,36,43,40,27,34
S01011397,18,46,29,36,39,42,29,34,45
S01011398,14,35,23,21,34,35,38,31,47
S01011399,10,29,22,17,32,37,32,29,31
S01011400,31,79,50,39,39,37,31,29,32
S01011401,18,44,44,42,49,31,31,26,36
S01011402,46,74,44,59,48,51,33,59,51
S01011403,20,37,27,21,33,24,34,21,33
S01011404,34,53,36,35,35,41,45,33,37
S01011405,17,58,29,31,30,27,20,20,25
S01011406,20,52,47,60,69,43,40,37,53
S01011407,31,96,89,76,77,61,55,61,62
S01011408,16,41,36,24,50,56,44,47,56
S01011409,18,46,28,33,40,56,50,37,61
S01011410,12,19,30,25,34,40,28,40,33
S01011411,15,36,25,34,41,44,40,34,47
S01011412,36,93,68,52,41,34,28,23,23
S01011413,23,55,33,39,48,20,28,24,23
S01011414,18,52,41,24,43,50,34,41,31
S01011415,17,71,63,57,44,30,40,29,59
S01011416,22,39,46,50,25,22,24,27,14
S01011417,31,59,60,48,64,52,32,51,47
S01011418,2,11,20,33,17,41,19,33,33
S01011419,8,25,26,25,27,26,23,32,30
S01011420,7,20,26,27,19,37,30,15,46
S01011421,37,63,41,33,36,21,35,37,48
S01011422,14,31,22,22,39,35,25,33,36
S01011423,6,32,17,16,22,25,26,19,30
S01011424,12,40,25,19,26,33,31,33,34
S01011425,20,58,39,35,40,40,36,25,44
S01011426,88,204,124,72,94,61,41,65,38
S01011427,18,36,26,19,32,25,13,35,35
S01011428,17,29,31,13,39,33,30,35,24
S01011429,37,93,39,39,71,28,30,34,61
S01011430,36,71,68,54,59,33,29,61,42
S01011431,19,55,43,45,60,71,46,68,83
S01011432,27,57,55,53,66,54,47,58,63
S01011433,15,29,38,28,65,51,24,60,63
S01011434,14,51,34,23,45,33,23,31,36
S01011435,48,122,74,53,87,53,36,51,51
S01011436,12,38,39,38,40,41,22,37,55
S01011437,5,34,31,31,53,39,38,52,51
S01011438,8,20,24,11,17,33,11,36,34
S01011439,34,71,66,42,58,45,34,67,58
S01011440,14,24,28,15,26,22,37,51,43
S01011441,23,37,42,31,41,32,41,49,51
S01011442,24,30,38,40,35,35,41,56,50
S01011443,21,32,32,27,30,25,37,41,45
S01011444,12,29,25,28,50,37,31,59,75
S01011445,14,27,27,15,27,27,16,49,33
S01011446,122,328,206,111,133,78,71,94,76
S01011447,21,48,51,45,57,48,34,51,44
S01011448,25,55,46,48,46,26,29,32,46
S01011449,7,17,26,24,27,20,27,21,25
S01011450,47,78,34,49,36,23,31,22,31
S01011451,202,569,340,223,191,130,158,147,139
S01011452,40,54,63,50,62,40,47,42,47
S01011453,18,56,37,33,36,28,35,38,52
S01011454,21,33,36,36,33,39,39,39,49
S01011455,12,25,43,29,33,26,33,42,38
S01011456,24,35,34,30,33,48,37,42,46
S01011457,15,28,37,40,41,54,40,42,49
S01011458,69,182,97,84,66,55,55,77,59
S01011459,45,103,103,62,57,68,48,40,60
S01011460,22,45,23,30,38,28,21,19,37
S01011461,14,27,30,39,37,43,37,46,69
S01011462,36,80,65,44,52,42,56,48,44
S01011463,58,191,111,83,93,75,62,74,73
S01011464,27,82,61,30,32,28,29,26,26
S01011465,11,23,25,33,51,37,30,32,50
S01011466,20,72,54,47,37,41,36,36,48
S01011467,24,47,29,25,23,25,23,32,37
S01011468,56,127,79,48,53,44,45,47,33
S01011469,31,60,26,39,47,39,36,50,74
S01011470,30,69,67,55,65,60,51,56,61
S01011471,38,70,44,29,44,48,45,34,46
S01011472,12,30,33,18,26,27,28,24,42
S01011473,17,33,25,18,35,40,27,31,53
S01011474,22,40,33,37,28,21,41,29,59
S01011475,5,30,22,22,29,21,27,41,71
S01011476,14,51,39,24,14,12,23,11,8
S01011477,33,102,70,50,29,17,33,21,23
S01011478,87,213,114,61,55,36,43,33,37
S01011479,48,184,102,61,49,43,46,24,30
S01011480,47,162,75,61,40,37,36,21,35
S01011481,41,120,71,57,47,31,46,37,54
S01011482,28,63,49,63,38,38,56,33,47
S01011483,12,61,48,28,26,23,13,21,14
S01011484,19,58,36,26,35,39,47,43,62
S01011485,8,41,34,30,41,63,59,52,65
S01011486,16,15,7,18,28,34,29,23,47
S01011487,23,59,54,53,58,51,37,46,56
S01011488,17,37,27,30,43,43,44,22,53
S01011489,22,78,43,60,47,35,42,45,56
S01011490,23,44,55,57,55,46,41,62,80
S01011491,6,9,14,19,27,22,22,30,43
S01011492,16,34,24,22,41,38,33,58,69
S01011493,24,48,38,39,40,21,15,21,26
S01011494,14,40,52,30,37,31,28,41,46
S01011495,16,28,37,40,39,38,35,43,72
S01011496,9,27,20,24,33,29,23,44,77
S01011497,34,99,50,59,41,30,41,34,27
S01011498,30,64,45,56,46,20,33,28,42
S01011499,23,43,50,63,36,37,44,49,30
S01011500,9,32,21,33,28,14,12,21,24
S01011501,8,15,21,23,31,32,27,32,54
S01011502,16,18,42,39,36,45,29,47,46
S01011503,14,25,22,20,31,30,29,33,58
S01011504,23,87,74,51,57,52,45,52,61
S01011505,15,52,42,32,27,43,33,40,38
S01011506,14,43,37,30,31,17,18,27,33
S01011507,13,40,37,27,32,18,37,41,41
S01011508,25,85,51,48,50,33,45,62,61
S01011509,11,35,33,30,31,25,29,36,35
S01011510,20,44,46,56,47,54,50,47,79
S01011511,11,22,27,23,20,32,23,38,36
S01011512,9,22,38,23,33,70,41,36,74
S01011513,12,24,28,33,39,53,33,44,64
S01011514,22,34,40,32,34,50,47,59,91
S01011515,4,36,29,34,41,34,27,38,32
S01011516,36,93,66,54,53,45,52,40,61
S01011517,9,25,26,36,22,33,38,24,46
S01011518,13,32,26,24,40,40,24,24,55
S01011519,12,23,42,25,29,46,43,59,77
S01011520,10,27,24,19,35,39,41,41,46
S01011521,26,46,40,38,46,47,49,62,60
S01011522,18,37,44,51,34,38,47,47,75
S01011523,13,30,43,43,34,42,46,53,69
S01011524,23,43,49,64,46,35,53,36,46
S01011525,35,81,51,45,36,41,38,40,46
S01011526,24,65,45,56,43,42,61,46,79
S01011527,17,50,24,41,32,37,36,28,27
S01011528,23,36,33,50,45,53,47,57,76
S01011529,10,28,19,11,27,24,33,25,46
S01011530,25,39,40,42,53,51,56,63,60
S01011531,45,117,87,51,78,41,48,30,41
S01011532,41,79,52,42,47,24,42,25,26
S01011533,20,36,37,23,38,33,31,35,36
S01011534,30,49,38,42,32,33,32,33,45
S01011535,41,74,53,47,53,50,46,59,82
S01011536,31,79,40,51,27,21,18,14,27
S01011537,19,78,47,33,37,22,33,24,27
S01011538,35,101,54,43,41,17,32,22,25
S01011539,10,21,28,29,41,35,44,48,50
S01011540,27,66,62,62,53,52,67,54,75
S01011541,28,52,48,47,63,69,57,79,91
S01011542,23,59,53,48,57,37,51,62,72
S01011543,12,30,26,25,42,45,41,51,55
S01011544,14,26,30,33,43,34,32,40,37
S01011545,25,56,46,42,49,41,42,52,45
S01011546,26,100,77,45,35,22,51,25,31
S01011547,24,83,70,40,24,20,34,20,16
S01011548,31,59,56,42,42,32,43,41,41
S01011549,25,68,48,57,32,18,27,24,25
S01011550,32,80,39,36,32,12,16,11,20
S01011551,29,51,37,33,24,27,21,22,37
S01011552,23,58,46,36,33,28,36,19,35
S01011553,60,127,80,46,40,39,34,29,25
S01011554,38,68,69,64,59,51,52,36,61
S01011555,8,23,29,23,25,32,32,30,32
S01011556,6,26,25,23,29,18,31,33,29
S01011557,18,35,24,35,46,51,31,45,34
S01011558,12,31,26,35,27,49,30,32,41
S01011559,10,16,15,17,28,18,24,30,45
S01011560,22,33,25,42,42,40,41,43,60
S01011561,24,35,35,35,36,36,45,54,60
S01011562,18,29,28,45,39,50,40,48,74
S01011563,23,32,34,41,38,33,46,44,64
S01011564,27,70,55,45,70,65,50,59,64
S01011565,24,49,44,32,50,57,49,52,78
S01011566,17,45,38,42,39,42,30,46,69
S01011567,18,39,37,25,46,50,42,48,62
S01011568,18,53,54,51,41,43,39,44,53
S01011569,26,70,58,53,57,40,49,46,66
S01011570,5,37,30,35,38,41,23,25,51
S01011571,9,25,26,20,21,25,25,32,45
S01011572,13,42,34,25,45,27,30,46,41
S01011573,31,109,75,58,69,52,50,61,71
S01011574,23,61,47,39,53,41,45,42,46
S01011575,16,39,28,28,28,23,24,28,21
S01011576,8,16,26,16,30,28,34,34,43
S01011577,21,56,40,36,41,23,32,35,37
S01011578,19,37,34,38,37,35,45,24,27
S01011579,54,135,78,54,36,24,33,19,31
S01011580,37,71,49,56,37,34,50,44,48
S01011581,16,39,19,27,23,31,38,23,42
S01011582,55,148,77,56,59,39,50,30,48
S01011583,26,51,32,33,36,36,35,29,50
S01011584,13,29,41,29,33,29,47,29,63
S01011585,18,36,41,35,32,16,27,39,51
S01011586,15,27,25,33,22,33,35,37,47
S01011587,13,27,24,25,35,34,45,37,46
S01011588,16,42,39,40,51,32,49,38,46
S01011589,21,36,46,43,43,51,42,49,56
S01011590,21,30,29,26,45,36,44,44,70
S01011591,9,28,32,26,23,23,27,31,48
S01011592,11,24,28,23,29,32,37,30,34
S01011593,28,49,37,34,25,29,32,16,21
S01011594,9,41,23,19,21,22,20,21,24
S01011595,25,84,36,22,35,22,20,20,31
S01011596,43,99,83,56,33,42,67,61,86
S01011597,16,45,41,31,37,23,34,25,26
S01011598,0,0,0,0,0,0,0,0,0
S01011599,14,54,49,30,41,40,38,49,60
S01011600,9,40,30,31,42,28,41,20,29
S01011601,26,88,63,52,53,37,41,46,41
S01011602,52,204,128,66,88,61,72,52,56
S01011603,15,37,39,43,40,49,28,57,55
S01011604,12,16,18,20,20,32,18,24,34
S01011605,21,59,64,41,50,43,47,48,62
S01011606,55,117,102,70,74,52,59,63,42
S01011607,29,58,43,46,40,23,23,20,19
S01011608,45,100,78,63,72,34,49,32,32
S01011609,6,31,28,27,44,36,46,45,86
S01011610,22,39,29,27,40,46,51,45,61
S01011611,42,135,88,62,66,53,44,54,33
S01011612,32,99,65,49,54,24,31,20,26
S01011613,38,68,45,53,38,14,33,31,18
S01011614,23,33,23,27,35,21,15,16,19
S01011615,19,34,33,43,31,39,28,34,44
S01011616,14,22,16,20,34,25,16,35,33
S01011617,24,41,41,42,49,54,42,76,58
S01011618,14,33,32,21,34,28,25,39,44
S01011619,44,107,76,73,57,44,60,60,53
S01011620,51,142,89,65,65,54,61,56,48
S01011621,20,47,48,50,52,33,46,35,30
S01011622,36,85,57,50,25,27,25,28,26
S01011623,26,41,29,32,43,42,41,36,41
S01011624,30,67,56,39,39,37,27,36,37
S01011625,10,32,24,16,29,29,28,32,28
S01011626,50,108,75,51,42,28,31,29,24
S01011627,42,111,53,56,54,21,38,27,46
S01011628,49,133,83,81,72,53,43,49,41
S01011629,17,26,18,21,33,32,28,32,45
S01011630,14,35,30,35,51,42,36,33,32
S01011631,14,18,15,20,37,29,28,36,57
S01011632,15,37,34,24,62,44,44,62,65
S01011633,9,34,26,28,40,32,27,37,43
S01011634,10,23,34,18,37,31,33,29,26
S01011635,16,27,33,20,36,32,33,31,42
S01011636,15,20,24,19,35,25,39,38,54
S01011637,15,32,32,21,29,45,26,47,32
S01011638,6,19,11,24,19,23,16,25,18
S01011639,13,17,25,23,29,31,22,15,30
S01011640,10,34,19,24,45,29,34,42,48
S01011641,19,50,32,28,12,16,15,20,20
S01011642,20,67,41,36,36,25,32,38,28
S01011643,40,113,63,47,49,40,32,32,37
S01011644,17,80,40,47,30,33,23,34,24
S01011645,17,38,28,27,30,28,17,18,23
S01011646,27,70,41,36,27,18,14,18,12
S01011647,36,98,69,51,48,31,39,30,40
S01011648,60,169,75,61,55,33,50,27,50
S01011649,22,53,47,28,27,27,24,24,24
S01011650,34,80,50,32,33,27,34,32,41
S01011651,26,68,59,42,60,36,36,31,29
S01011652,16,57,52,41,38,22,29,40,32
S01011653,21,44,40,36,51,54,38,58,69
S01011654,27,66,60,40,40,39,41,41,43
S01011655,11,32,32,25,32,39,38,55,55
S01011656,3,16,15,13,23,27,19,29,42
S01011657,0,16,12,12,12,25,19,22,34
S01011658,12,30,33,25,41,37,49,42,47
S01011659,15,47,38,36,35,44,34,33,69
S01011660,23,73,51,41,46,47,36,42,34
S01011661,7,32,27,14,31,22,21,27,43
S01011662,31,70,54,43,39,37,21,25,36
S01011663,9,26,31,30,37,42,32,37,59
S01011664,26,42,42,46,59,49,62,60,81
S01011665,12,42,24,35,37,31,39,36,31
S01011666,21,40,31,38,39,33,35,36,48
S01011667,19,41,47,28,40,20,34,43,41
S01011668,13,32,32,23,46,44,41,53,83
S01011669,33,61,40,29,26,26,23,25,18
S01011670,15,29,27,21,18,16,27,29,25
S01011671,19,67,49,38,36,32,30,28,52
S01011672,17,41,16,16,27,15,21,24,38
S01011673,12,28,27,29,31,34,23,29,36
S01011674,51,139,116,77,70,48,60,45,58
S01011675,30,58,44,39,47,38,38,59,55
S01011676,7,32,28,18,38,34,35,38,55
S01011677,38,68,53,22,40,37,46,48,37
S01011678,11,34,15,17,28,24,14,25,35
S01011679,29,56,70,42,42,34,28,35,33
S01011680,22,44,49,36,45,43,39,78,66
S01011681,24,43,43,38,41,46,31,45,61
S01011682,27,58,40,21,46,24,22,20,16
S01011683,99,230,149,108,159,85,67,87,73
S01011684,28,37,30,21,29,21,20,31,30
S01011685,52,93,54,47,38,42,39,46,40
S01011686,36,104,65,46,44,30,41,45,43
S01011687,30,64,47,37,57,37,29,55,36
S01011688,87,200,127,90,86,46,60,52,62
S01011689,73,153,89,51,64,44,32,24,44
S01011690,47,125,104,56,59,31,28,47,48
S01011691,46,84,64,35,42,43,33,38,39
S01011692,24,54,50,54,66,56,47,72,58
S01011693,28,102,53,51,35,36,28,38,32
S01011694,21,79,52,35,31,17,23,31,22
S01011695,209,602,415,214,237,133,143,105,106
S01011696,75,190,108,59,54,37,44,20,35
S01011697,51,171,87,67,48,46,52,30,50
S01011698,31,83,78,67,48,31,32,31,40
S01011699,49,162,106,71,71,41,51,33,35
S01011700,20,66,47,36,34,23,24,23,24
S01011701,48,127,66,61,35,32,35,31,30
S01011702,27,68,40,28,30,23,20,16,19
S01011703,91,308,163,89,78,64,51,53,37
S01011704,47,86,62,38,35,24,35,24,31
S01011705,35,60,48,31,53,44,40,31,63
S01011706,34,84,48,54,52,52,41,29,44
S01011707,47,110,66,54,55,29,27,23,29
S01011708,34,79,59,44,66,45,34,32,50
S01011709,55,118,93,57,74,60,50,49,58
S01011710,9,23,29,17,36,29,17,36,34
S01011711,10,39,21,22,28,31,44,27,56
S01011712,15,56,39,37,39,38,33,29,42
S01011713,17,60,49,42,41,34,27,55,30
S01011714,14,52,43,50,27,22,33,19,25
S01011715,13,34,27,25,25,25,29,31,38
S01011716,28,107,65,61,53,36,44,43,32
S01011717,22,63,39,27,33,29,31,25,22
S01011718,34,110,76,58,54,28,42,33,34
S01011719,33,90,54,47,31,21,27,23,26
S01011720,26,41,28,43,24,14,21,14,10
S01011721,13,56,57,48,39,32,33,31,52
S01011722,18,41,46,43,46,40,34,34,40
S01011723,44,103,70,56,56,62,45,44,54
S01011724,26,69,61,45,45,37,34,43,31
S01011725,26,92,68,51,34,20,19,31,25
S01011726,19,87,51,53,37,14,18,25,18
S01011727,62,123,81,37,44,27,39,20,29
S01011728,21,61,61,60,61,43,47,41,46
S01011729,16,39,26,39,26,31,34,20,36
S01011730,26,58,56,34,35,29,13,16,26
S01011731,20,52,46,54,48,41,42,49,54
S01011732,30,60,45,41,29,18,25,28,22
S01011733,15,51,46,39,48,28,39,33,42
S01011734,19,58,38,58,32,31,24,31,21
S01011735,23,73,38,32,39,29,23,21,23
S01011736,19,35,40,56,30,28,31,36,55
S01011737,14,46,36,46,25,25,42,33,51
S01011738,37,82,75,53,47,51,67,67,74
S01011739,13,25,37,38,42,37,30,27,56
S01011740,14,40,29,30,39,46,31,42,72
S01011741,12,39,48,42,31,27,35,31,48
S01011742,24,53,36,60,36,40,45,34,43
S01011743,12,49,48,56,43,31,36,30,48
S01011744,18,40,41,49,34,59,47,36,63
S01011745,17,36,46,40,40,32,36,31,47
S01011746,18,26,17,20,25,23,30,31,37
S01011747,17,28,30,48,34,40,45,48,67
S01011748,14,32,35,34,49,40,39,38,65
S01011749,10,31,34,32,33,28,16,29,58
S01011750,18,44,46,44,44,38,27,42,48
S01011751,5,27,43,52,30,32,28,38,57
S01011752,36,61,65,58,50,43,51,38,64
S01011753,28,63,57,37,42,48,37,29,51
S01011754,19,52,30,49,30,52,29,38,51
S01011755,19,53,52,55,41,51,51,58,75
S01011756,19,46,60,55,43,53,50,46,78
S01011757,16,41,39,39,38,30,33,35,52
S01011758,11,32,33,35,28,18,34,33,41
S01011759,19,41,52,61,39,36,36,39,58
S01011760,26,40,59,53,58,48,53,33,52
S01011761,14,54,31,51,39,39,36,35,38
S01011762,20,36,38,35,31,23,39,30,40
S01011763,13,46,51,50,44,39,44,31,53
S01011764,9,22,24,21,23,20,20,19,17
S01011765,36,81,92,47,51,35,42,41,45
S01011766,41,55,45,34,34,14,25,22,24
S01011767,13,62,51,44,36,44,30,38,50
S01011768,26,61,48,48,46,41,43,35,57
S01011769,14,41,37,37,31,40,30,29,45
S01011770,13,35,39,48,43,33,34,35,50
S01011771,28,76,59,45,41,18,27,20,27
S01011772,71,131,93,55,46,27,21,17,27
S01011773,42,76,47,35,31,17,19,20,29
S01011774,34,88,79,67,49,35,52,40,38
S01011775,30,100,71,46,42,19,30,26,33
S01011776,72,183,90,73,50,36,32,25,38
S01011777,36,103,54,44,34,14,31,18,21
S01011778,43,99,49,41,30,30,23,15,23
S01011779,28,103,56,41,25,28,37,18,28
S01011780,62,122,63,48,48,26,29,20,28
S01011781,27,72,42,37,34,16,19,11,16
S01011782,20,56,32,35,26,19,21,20,19
S01011783,31,49,30,32,18,20,17,12,13
S01011784,28,45,48,48,36,48,29,28,45
S01011785,13,59,51,61,55,30,46,20,40
S01011786,43,53,37,35,32,9,26,13,18
S01011787,33,50,46,42,61,43,49,47,53
S01011788,92,102,41,32,17,20,32,17,18
S01011789,157,451,262,164,160,99,94,90,72
S01011790,48,154,93,73,84,59,52,64,86
S01011791,13,46,35,27,53,34,19,24,34
S01011792,38,80,67,52,41,29,31,37,41
S01011793,61,150,87,67,74,39,46,34,39
S01011794,18,55,35,40,51,40,25,42,39
S01011795,3,32,32,22,28,27,25,19,26
S01011796,20,46,49,38,58,51,42,41,48
S01011797,39,98,77,54,56,39,41,35,41
S01011798,15,30,32,26,42,31,25,30,37
S01011799,35,73,59,41,81,34,34,25,44
S01011800,10,26,32,36,44,36,15,36,32
S01011801,19,26,31,37,35,26,23,20,30
S01011802,16,43,33,25,50,37,27,25,39
S01011803,26,46,42,30,55,41,26,29,30
S01011804,26,55,34,27,40,42,28,31,36
S01011805,22,57,32,22,27,19,22,28,32
S01011806,32,62,48,31,74,47,36,42,52
S01011807,53,102,63,52,130,58,35,42,59
S01011808,22,56,34,29,69,45,26,29,42
S01011809,33,74,44,34,73,46,16,38,50
S01011810,32,89,53,51,94,57,36,40,51
S01011811,42,97,59,48,126,54,19,39,42
S01011812,44,77,31,32,69,48,13,23,40
S01011813,42,72,39,42,100,61,21,30,42
S01011814,35,78,56,27,95,40,24,35,44
S01011815,43,97,82,54,107,66,33,62,48
S01011816,42,83,49,42,51,37,29,27,33
S01011817,66,113,80,50,116,97,55,54,80
S01011818,28,62,52,48,65,69,31,43,68
S01011819,24,40,35,50,61,54,41,51,75
S01011820,25,63,60,38,49,47,37,40,50
S01011821,12,19,18,17,27,24,24,15,25
S01011822,30,50,36,32,43,46,31,19,53
S01011823,15,47,33,21,40,45,25,20,48
S01011824,26,29,28,29,49,34,31,19,59
S01011825,19,52,28,20,34,32,29,13,29
S01011826,17,57,41,31,61,31,21,23,56
S01011827,19,18,18,16,49,13,15,37,29
S01011828,48,65,50,34,92,61,21,44,44
S01011829,23,36,34,24,35,23,7,25,28
S01011830,27,46,32,22,66,24,10,16,25
S01011831,36,65,42,25,101,48,10,26,49
S01011832,43,57,43,28,97,40,19,24,52
S01011833,78,121,80,40,59,23,18,24,23
S01011834,79,169,105,40,71,41,30,24,32
S01011835,77,99,78,37,46,32,11,10,37
S01011836,56,116,58,28,41,22,15,13,31
S01011837,49,107,48,27,31,10,11,19,15
S01011838,62,120,73,42,31,29,24,21,31
S01011839,41,94,57,31,44,31,21,23,45
S01011840,61,112,81,45,72,47,46,24,57
S01011841,38,104,65,44,41,33,26,24,37
S01011842,34,99,53,37,52,32,29,33,69
S01011843,96,201,91,43,78,30,38,25,44
S01011844,51,137,75,30,51,34,17,15,36
S01011845,48,95,63,31,54,40,25,33,38
S01011846,58,132,85,49,59,31,24,27,40
S01011847,27,59,39,16,26,16,17,8,20
S01011848,55,82,55,30,49,29,12,23,36
S01011849,56,104,80,52,74,59,25,29,71
S01011850,125,194,95,68,68,40,43,41,58
S01011851,51,65,55,22,69,32,23,41,36
S01011852,56,86,60,37,87,48,28,32,61
S01011853,39,96,55,36,65,37,17,23,53
S01011854,39,85,48,30,48,25,13,22,38
S01011855,23,64,54,33,73,60,26,35,65
S01011856,52,77,36,22,31,20,14,8,18
S01011857,46,61,34,25,51,26,23,22,37
S01011858,49,80,50,31,58,26,17,17,42
S01011859,35,51,43,25,56,48,24,27,24
S01011860,37,40,33,26,48,19,6,11,27
S01011861,60,63,46,38,61,21,8,21,29
S01011862,39,87,46,32,37,27,19,21,24
S01011863,47,83,40,24,36,20,7,13,32
S01011864,31,116,44,26,42,25,20,19,28
S01011865,20,47,52,22,39,26,19,19,30
S01011866,33,52,48,35,59,31,23,27,59
S01011867,28,71,60,46,74,76,39,44,64
S01011868,42,75,48,26,69,56,39,21,54
S01011869,27,63,56,37,68,51,34,29,59
S01011870,20,41,38,25,57,40,26,26,53
S01011871,112,242,181,99,153,86,57,53,102
S01011872,85,95,61,31,68,20,24,24,32
S01011873,41,89,45,53,57,30,31,16,36
S01011874,35,70,44,41,40,31,28,29,29
S01011875,25,46,50,35,47,34,29,34,35
S01011876,79,111,65,60,66,32,14,32,37
S01011877,29,47,38,28,46,10,15,12,27
S01011878,137,308,166,102,121,66,57,47,77
S01011879,30,85,39,25,38,23,22,20,25
S01011880,32,75,45,28,42,26,19,17,36
S01011881,30,82,51,37,67,45,42,22,46
S01011882,28,59,49,54,52,46,25,35,33
S01011883,65,186,104,63,83,48,39,34,57
S01011884,33,65,36,21,38,20,11,13,14
S01011885,42,87,57,40,52,24,25,25,26
S01011886,33,81,55,38,58,33,18,25,40
S01011887,18,57,32,29,42,31,23,24,39
S01011888,23,56,40,30,74,53,57,32,70
S01011889,30,115,59,40,29,29,41,19,32
S01011890,22,97,49,41,30,24,25,10,30
S01011891,14,43,42,27,35,43,36,43,62
S01011892,30,125,85,61,44,52,55,28,46
S01011893,40,98,67,50,69,54,68,49,64
S01011894,13,57,45,34,35,43,36,27,32
S01011895,23,88,30,25,18,13,10,9,15
S01011896,33,126,66,43,49,36,46,23,35
S01011897,49,141,85,57,58,37,34,25,30
S01011898,39,130,60,32,28,12,23,13,20
S01011899,16,71,66,36,35,29,30,13,17
S01011900,33,74,50,48,25,20,28,18,30
S01011901,56,146,68,39,38,29,32,23,25
S01011902,40,103,69,60,47,27,34,28,32
S01011903,36,74,53,42,48,31,30,22,29
S01011904,22,73,57,47,30,21,21,11,19
S01011905,42,89,53,45,27,25,33,16,18
S01011906,11,36,27,32,22,18,19,9,17
S01011907,34,55,56,30,33,27,49,31,37
S01011908,34,78,77,61,50,32,36,29,43
S01011909,44,119,95,73,79,44,62,48,87
S01011910,13,23,49,39,49,61,40,56,92
S01011911,16,30,29,34,47,35,40,41,57
S01011912,13,29,31,39,49,37,43,35,61
S01011913,7,16,31,18,41,41,48,31,54
S01011914,14,25,43,34,76,53,53,45,75
S01011915,12,21,46,41,66,47,47,45,81
S01011916,11,22,26,24,25,27,31,29,52
S01011917,12,18,30,25,45,41,35,18,53
S01011918,15,21,42,27,54,37,51,45,94
S01011919,18,53,47,35,54,55,58,50,81
S01011920,10,16,30,27,28,34,36,29,53
S01011921,11,28,31,29,44,39,21,32,56
S01011922,10,20,31,32,38,43,49,41,67
S01011923,8,33,44,35,56,61,52,50,66
S01011924,6,15,24,23,24,23,33,24,36
S01011925,37,86,89,68,56,35,40,34,50
S01011926,13,26,32,41,53,47,41,22,52
S01011927,13,15,29,39,30,41,25,23,52
S01011928,13,36,40,38,42,39,33,28,39
S01011929,12,25,24,26,32,35,39,39,52
S01011930,16,18,32,37,49,42,32,26,54
S01011931,47,101,83,67,85,116,67,67,116
S01011932,18,45,39,40,51,32,40,28,46
S01011933,14,41,40,37,31,44,41,47,61
S01011934,34,74,53,33,53,27,26,35,47
S01011935,32,51,42,28,62,37,52,39,87
S01011936,31,67,44,38,31,44,46,27,77
S01011937,15,39,41,29,35,25,41,30,57
S01011938,23,59,47,44,37,34,29,24,34
S01011939,33,50,49,33,57,40,40,27,73
S01011940,14,22,55,21,22,26,39,29,57
S01011941,27,57,56,33,34,38,61,27,70
S01011942,21,53,56,36,40,45,82,37,77
S01011943,27,58,76,54,60,72,87,53,121
S01011944,33,54,34,17,23,19,8,5,11
S01011945,54,116,34,27,18,8,13,4,12
S01011946,31,58,35,24,31,42,30,21,45
S01011947,13,40,28,34,28,25,14,11,22
S01011948,50,120,75,32,57,45,23,19,47
S01011949,27,76,48,34,39,28,20,18,21
S01011950,17,54,44,19,28,33,27,12,21
S01011951,20,65,52,46,49,35,37,20,20
S01011952,26,52,36,21,26,7,18,14,10
S01011953,43,85,82,52,62,37,22,13,32
S01011954,14,31,28,34,30,22,22,21,30
S01011955,20,73,79,54,76,51,58,22,61
S01011956,57,123,81,49,44,37,43,21,41
S01011957,36,94,54,33,54,33,19,21,31
S01011958,70,120,93,55,98,75,41,43,56
S01011959,48,80,67,42,75,35,28,30,37
S01011960,49,180,77,40,53,32,35,16,34
S01011961,32,123,82,48,45,33,30,20,38
S01011962,54,114,53,15,48,27,21,19,20
S01011963,31,85,39,29,36,18,7,17,27
S01011964,42,141,72,47,70,39,29,36,52
S01011965,30,117,48,32,34,43,14,19,27
S01011966,41,119,46,39,42,29,14,16,24
S01011967,78,192,76,43,59,27,24,36,42
S01011968,42,152,70,59,49,40,35,30,40
S01011969,30,71,56,45,73,56,34,35,71
S01011970,15,40,34,42,54,45,35,64,72
S01011971,19,56,57,33,49,23,19,22,39
S01011972,48,99,76,41,91,36,33,28,59
S01011973,26,82,48,37,40,27,19,19,32
S01011974,46,80,49,47,71,16,20,27,33
S01011975,26,36,20,14,40,21,10,20,18
S01011976,27,66,41,34,51,40,26,34,49
S01011977,58,71,78,36,87,47,39,36,70
S01011978,16,39,28,36,47,43,27,31,49
S01011979,62,110,93,92,93,52,39,33,56
S01011980,35,64,37,34,64,35,18,31,52
S01011981,58,72,51,46,87,46,15,32,49
S01011982,67,85,75,36,87,29,30,27,85
S01011983,39,59,46,27,64,29,27,24,60
S01011984,14,26,27,23,39,36,21,27,64
S01011985,33,42,34,24,46,26,19,26,42
S01011986,8,27,25,10,47,31,28,28,46
S01011987,38,71,76,41,60,66,38,52,55
S01011988,21,39,27,18,35,33,21,11,18
S01011989,24,48,39,33,35,49,35,29,47
S01011990,30,94,72,53,72,34,37,36,59
S01011991,21,50,42,37,46,42,23,31,48
S01011992,43,78,79,50,55,39,29,32,48
S01011993,20,35,52,33,43,50,36,49,83
S01011994,29,62,46,22,26,16,17,18,16
S01011995,65,114,92,68,113,37,38,37,61
S01011996,16,28,29,24,30,16,18,19,32
S01011997,41,67,53,39,80,36,50,42,56
S01011998,40,58,46,27,23,16,13,7,17
S01011999,28,55,25,36,52,31,29,26,34
S01012000,18,36,28,28,28,16,14,20,26
S01012001,28,37,42,38,67,36,30,26,34
S01012002,11,45,29,22,46,18,13,16,25
S01012003,18,48,35,29,35,29,21,29,39
S01012004,45,67,51,56,64,43,38,35,38
S01012005,44,88,55,53,57,43,38,18,31
S01012006,82,213,108,63,131,65,52,37,66
S01012007,44,90,47,19,45,30,18,19,39
S01012008,56,97,68,36,64,48,36,18,60
S01012009,36,58,40,27,66,24,27,24,39
S01012010,63,81,51,49,56,53,44,22,77
S01012011,52,52,56,37,91,64,49,24,125
S01012012,46,56,33,40,48,23,35,22,28
S01012013,52,60,40,27,77,34,24,23,46
S01012014,40,43,51,30,69,46,27,36,48
S01012015,53,53,57,29,75,50,32,42,77
S01012016,48,39,40,28,61,26,12,25,30
S01012017,43,59,30,18,40,25,8,12,29
S01012018,56,66,44,39,79,41,16,14,46
S01012019,52,164,79,54,45,19,38,16,30
S01012020,24,75,47,26,22,23,10,23,22
S01012021,15,81,43,23,22,18,15,11,15
S01012022,25,70,38,28,43,36,25,22,35
S01012023,35,69,31,22,33,13,8,9,12
S01012024,53,119,80,49,49,46,29,29,26
S01012025,34,91,78,60,57,42,29,34,29
S01012026,76,196,114,51,58,37,51,27,30
S01012027,65,121,75,43,50,24,29,22,31
S01012028,53,160,67,51,48,28,28,11,27
S01012029,131,356,239,126,133,99,88,66,90
S01012030,401,1248,726,319,288,184,191,127,131
S01012031,59,144,78,35,32,14,26,19,12
S01012032,32,61,22,18,28,21,9,8,7
S01012033,38,66,48,47,50,36,27,25,30
S01012034,32,95,63,29,41,27,21,18,35
S01012035,47,96,65,49,40,38,33,18,28
S01012036,38,88,59,31,42,21,27,23,25
S01012037,33,94,81,57,56,85,53,46,47
S01012038,10,31,39,21,33,48,53,40,81
S01012039,21,29,57,45,68,87,47,50,65
S01012040,34,68,64,40,43,37,31,16,26
S01012041,23,56,57,47,54,57,40,46,67
S01012042,39,88,88,74,82,80,68,73,63
S01012043,15,49,52,26,45,59,42,39,60
S01012044,14,36,48,34,43,51,48,37,69
S01012045,35,85,74,48,69,91,44,43,69
S01012046,16,32,34,29,34,47,37,24,38
S01012047,23,40,34,38,27,35,46,24,61
S01012048,15,35,35,25,34,47,34,27,43
S01012049,18,45,49,44,32,30,29,21,23
S01012050,25,83,78,65,75,29,44,40,43
S01012051,16,47,36,26,36,29,16,18,15
S01012052,18,53,54,47,49,46,28,45,44
S01012053,18,40,44,44,50,53,46,36,49
S01012054,13,42,22,33,32,51,28,42,43
S01012055,20,61,63,43,64,71,33,42,42
S01012056,41,69,40,37,36,30,37,30,33
S01012057,31,84,68,45,48,34,20,22,21
S01012058,16,82,51,31,42,33,26,18,19
S01012059,23,49,56,32,53,60,35,32,45
S01012060,23,70,50,48,48,43,38,22,46
S01012061,36,137,59,39,52,26,23,23,28
S01012062,59,178,140,105,96,93,72,63,58
S01012063,21,42,50,38,41,35,31,32,32
S01012064,10,20,14,29,25,33,35,37,64
S01012065,10,35,21,17,28,36,40,23,62
S01012066,18,48,48,36,49,68,50,58,100
S01012067,7,15,17,21,16,33,15,25,62
S01012068,6,16,8,10,17,32,15,20,44
S01012069,12,26,19,16,22,19,23,24,27
S01012070,11,37,45,21,25,40,39,38,66
S01012071,27,84,63,41,65,73,67,44,117
S01012072,34,75,58,44,55,57,56,37,94
S01012073,37,117,79,64,53,60,43,33,55
S01012074,34,93,66,43,44,40,30,19,28
S01012075,28,76,57,57,37,29,22,25,36
S01012076,26,73,52,50,41,62,48,44,57
S01012077,14,53,46,44,35,46,41,41,58
S01012078,26,82,71,84,48,52,31,31,60
S01012079,14,38,45,35,38,51,30,27,50
S01012080,14,44,41,27,45,57,43,41,66
S01012081,14,41,38,34,40,45,43,39,49
S01012082,4,26,28,39,29,44,26,38,32
S01012083,14,27,38,40,33,40,29,27,46
S01012084,17,48,42,38,24,28,22,23,33
S01012085,23,57,48,54,40,41,27,22,46
S01012086,24,35,43,49,54,61,44,36,72
S01012087,33,47,69,48,45,68,39,46,49
S01012088,30,76,65,51,41,29,34,26,31
S01012089,30,77,78,48,37,39,35,29,33
S01012090,28,118,67,40,32,21,21,17,15
S01012091,18,47,37,40,21,18,25,18,22
S01012092,18,52,38,33,27,8,22,20,28
S01012093,18,35,34,19,22,16,10,15,11
S01012094,48,122,69,45,26,22,33,14,20
S01012095,36,102,72,48,60,57,36,42,57
S01012096,15,60,47,45,39,56,33,46,74
S01012097,23,48,43,38,48,59,38,34,51
S01012098,15,31,31,48,40,31,30,33,43
S01012099,19,40,30,30,33,58,39,37,52
S01012100,24,67,81,48,64,100,62,51,101
S01012101,30,91,61,36,34,33,25,17,26
S01012102,17,36,31,40,32,46,38,29,40
S01012103,28,96,74,72,54,46,49,33,62
S01012104,67,134,93,64,43,31,29,29,24
S01012105,50,146,64,60,52,59,47,23,45
S01012106,56,184,114,65,43,40,50,27,33
S01012107,42,100,59,35,26,18,18,16,22
S01012108,9,52,27,28,23,24,21,13,37
S01012109,23,84,67,49,57,60,59,40,88
S01012110,24,50,54,40,38,44,47,28,63
S01012111,15,56,35,33,39,42,49,34,50
S01012112,15,62,36,42,28,39,27,20,29
S01012113,21,94,68,56,47,45,40,36,49
S01012114,49,98,58,33,40,22,26,11,21
S01012115,19,38,32,36,36,42,20,23,39
S01012116,20,46,59,46,40,39,31,24,36
S01012117,76,248,142,96,85,47,55,38,59
S01012118,24,85,55,40,35,28,32,23,20
S01012119,33,82,61,49,47,34,47,28,30
S01012120,55,162,85,70,38,53,47,34,64
S01012121,21,55,60,47,62,56,55,47,69
S01012122,21,47,42,30,43,49,34,48,64
S01012123,18,52,57,23,26,31,37,17,36
S01012124,12,50,38,28,16,24,26,13,17
S01012125,22,55,52,48,32,39,35,27,50
S01012126,34,108,71,51,51,43,36,29,47
S01012127,49,145,123,93,60,59,86,45,191
S01012128,22,75,52,41,26,24,47,20,42
S01012129,23,71,60,34,36,33,32,31,44
S01012130,29,101,71,51,42,58,36,28,63
S01012131,26,108,91,53,50,81,97,49,121
S01012132,18,84,47,41,33,61,53,22,91
S01012133,24,93,42,35,31,33,20,34,45
S01012134,42,137,96,55,35,34,40,24,42
S01012135,14,62,50,37,49,62,60,33,81
S01012136,20,60,54,27,31,44,64,27,89
S01012137,31,80,67,56,50,41,36,34,58
S01012138,33,112,77,58,52,37,42,31,45
S01012139,35,78,83,75,43,45,47,27,48
S01012140,21,90,49,30,18,16,11,9,10
S01012141,38,146,97,55,42,22,34,27,17
S01012142,48,97,74,43,36,27,25,17,25
S01012143,50,126,58,37,28,22,25,9,13
S01012144,54,143,68,57,46,26,38,32,33
S01012145,65,178,76,59,39,26,29,16,18
S01012146,18,61,60,33,44,47,38,39,71
S01012147,12,31,53,45,30,35,34,31,45
S01012148,11,35,20,23,32,35,36,23,70
S01012149,27,69,55,46,42,32,41,29,49
S01012150,13,31,53,39,42,46,38,37,54
S01012151,16,35,37,30,21,45,24,22,37
S01012152,10,26,34,22,27,41,27,32,59
S01012153,33,56,55,59,44,55,47,37,73
S01012154,11,43,51,38,28,48,48,39,75
S01012155,21,45,36,29,28,39,31,34,59
S01012156,33,114,92,75,67,82,49,57,96
S01012157,32,67,62,61,70,60,45,50,85
S01012158,52,152,127,90,64,69,66,57,64
S01012159,14,46,43,27,36,21,18,20,19
S01012160,23,71,55,34,30,24,16,24,19
S01012161,8,20,23,17,22,30,17,25,25
S01012162,36,76,69,63,74,57,51,43,65
S01012163,18,75,76,46,52,59,37,41,61
S01012164,41,140,117,65,71,50,52,57,51
S01012165,9,47,38,33,35,69,37,49,76
S01012166,17,40,33,19,36,26,37,37,57
S01012167,16,58,43,33,35,42,40,33,46
S01012168,21,76,40,42,35,19,26,25,33
S01012169,30,63,56,49,50,44,39,32,30
S01012170,26,56,73,58,52,58,42,41,54
S01012171,25,54,63,54,47,59,51,40,62
S01012172,17,42,29,29,34,36,40,26,47
S01012173,29,64,51,33,34,13,23,13,22
S01012174,33,126,95,54,39,36,57,31,43
S01012175,26,66,47,41,33,25,42,23,33
S01012176,27,66,50,47,32,29,39,27,30
S01012177,17,53,24,33,35,15,32,19,27
S01012178,27,45,31,40,25,13,25,17,15
S01012179,22,44,22,27,18,20,26,16,19
S01012180,25,56,49,51,26,26,13,21,31
S01012181,27,67,49,34,29,33,30,25,28
S01012182,153,439,287,191,168,112,119,94,113
S01012183,35,160,110,69,68,59,57,50,60
S01012184,59,228,150,55,58,50,49,41,41
S01012185,29,81,76,48,61,44,57,26,74
S01012186,21,44,44,43,39,24,41,27,37
S01012187,8,51,35,28,31,42,26,31,54
S01012188,19,59,39,36,23,29,26,20,22
S01012189,19,59,61,36,44,24,21,22,26
S01012190,33,61,48,33,26,21,25,13,28
S01012191,29,76,62,31,43,23,28,23,18
S01012192,34,106,68,37,35,17,29,23,13
S01012193,26,61,50,35,26,20,21,14,16
S01012194,25,70,44,45,21,25,23,8,15
S01012195,52,118,77,77,56,45,45,36,40
S01012196,38,70,43,38,32,23,22,22,9
S01012197,13,58,49,52,28,41,27,18,38
S01012198,30,64,62,39,40,40,41,36,32
S01012199,14,41,28,47,61,30,32,28,56
S01012200,12,49,33,35,29,40,28,20,29
S01012201,21,71,47,47,36,43,32,35,38
S01012202,18,51,49,25,40,45,20,17,27
S01012203,29,71,53,41,27,16,24,16,18
S01012204,20,74,51,34,37,27,23,23,29
S01012205,14,66,48,55,37,29,25,15,26
S01012206,23,77,59,59,49,47,34,33,37
S01012207,34,65,56,54,48,58,43,33,45
S01012208,28,86,68,49,68,52,42,53,62
S01012209,19,57,57,42,36,50,34,29,42
S01012210,27,45,52,41,49,43,30,31,53
S01012211,36,120,92,44,43,37,30,24,46
S01012212,20,85,47,51,27,17,30,14,20
S01012213,29,65,66,48,28,18,22,18,31
S01012214,21,108,53,32,36,17,25,13,28
S01012215,34,102,66,41,36,18,25,14,19
S01012216,37,116,68,33,29,19,25,14,22
S01012217,17,25,23,23,33,36,37,32,44
S01012218,9,31,27,22,17,35,13,25,45
S01012219,17,45,34,45,44,54,42,44,59
S01012220,16,19,30,24,27,22,33,29,42
S01012221,10,31,23,42,41,34,33,33,34
S01012222,14,35,49,44,47,45,31,50,60
S01012223,6,33,34,29,40,41,38,28,46
S01012224,18,48,52,57,46,48,34,57,67
S01012225,27,43,65,49,61,58,39,50,61
S01012226,25,49,37,39,59,42,44,26,37
S01012227,19,34,38,34,53,30,29,28,48
S01012228,14,54,44,35,47,47,29,30,43
S01012229,23,85,57,36,31,24,30,19,30
S01012230,37,111,71,65,37,24,27,26,31
S01012231,45,116,67,41,18,20,23,13,18
S01012232,40,111,74,50,38,24,29,15,18
S01012233,45,117,68,41,26,19,25,15,25
S01012234,62,164,81,63,48,19,21,15,26
S01012235,34,61,39,23,20,7,13,5,6
S01012236,50,111,73,44,25,29,30,19,37
S01012237,57,131,67,29,21,16,14,11,16
S01012238,26,61,50,32,32,37,16,30,27
S01012239,16,51,37,16,32,28,16,17,37
S01012240,46,83,66,31,44,38,14,24,31
S01012241,40,89,33,17,22,18,12,8,10
S01012242,48,164,85,32,31,19,22,11,24
S01012243,44,111,54,23,30,18,10,12,14
S01012244,70,135,64,38,55,34,17,21,34
S01012245,51,102,42,29,22,24,12,11,39
S01012246,65,161,83,49,43,38,19,18,55
S01012247,44,132,56,21,51,32,14,18,30
S01012248,56,129,58,21,71,27,15,21,47
S01012249,53,114,47,30,81,30,27,23,29
S01012250,92,153,92,38,85,38,31,24,53
S01012251,31,78,54,41,69,61,32,34,69
S01012252,39,57,50,27,51,45,36,21,59
S01012253,35,83,46,37,50,43,30,20,57
S01012254,34,95,71,34,53,43,29,13,50
S01012255,34,81,51,33,49,31,25,12,48
S01012256,30,80,48,26,19,24,27,9,30
S01012257,31,83,51,36,65,51,24,30,66
S01012258,43,128,48,28,18,17,16,4,32
S01012259,38,100,47,25,15,13,18,12,20
S01012260,41,93,56,39,61,47,36,23,63
S01012261,49,131,63,31,23,41,27,20,30
S01012262,101,184,97,45,84,47,32,29,62
S01012263,29,51,49,32,55,42,23,28,60
S01012264,24,66,29,11,27,15,11,15,24
S01012265,19,38,54,26,77,65,32,32,69
S01012266,44,96,50,54,97,60,26,20,57
S01012267,46,91,65,38,55,36,34,22,43
S01012268,43,70,31,27,55,23,15,31,30
S01012269,37,104,67,43,80,62,23,24,65
S01012270,25,69,54,35,67,38,31,34,47
S01012271,131,262,162,106,154,97,77,76,115
S01012272,37,107,53,23,32,29,17,14,26
S01012273,44,100,72,37,49,36,20,17,37
S01012274,40,90,57,55,45,41,43,35,52
S01012275,35,48,38,36,45,55,53,35,66
S01012276,45,100,67,50,67,41,52,45,53
S01012277,40,83,75,62,67,88,50,46,63
S01012278,18,76,48,38,41,32,58,21,35
S01012279,19,55,49,41,38,48,44,33,45
S01012280,17,56,59,47,69,64,53,49,62
S01012281,20,64,40,41,46,35,63,27,44
S01012282,42,87,60,47,48,41,43,25,55
S01012283,43,98,44,46,42,49,37,14,38
S01012284,14,38,35,35,49,49,46,32,60
S01012285,23,62,31,22,34,21,18,5,17
S01012286,30,48,44,44,52,56,50,38,96
S01012287,17,31,32,25,33,41,32,24,74
S01012288,10,23,30,23,31,42,26,31,56
S01012289,40,127,53,24,31,22,20,9,26
S01012290,32,78,26,20,22,33,20,11,22
S01012291,63,169,94,66,55,38,29,30,52
S01012292,37,91,38,28,18,25,17,14,18
S01012293,13,38,34,25,33,18,19,12,23
S01012294,35,61,50,48,66,43,34,31,62
S01012295,48,84,71,51,43,39,24,22,33
S01012296,61,146,69,43,53,50,31,23,38
S01012297,45,109,42,37,67,22,15,28,37
S01012298,35,102,62,29,48,37,13,24,47
S01012299,45,89,52,24,60,26,14,15,42
S01012300,23,47,35,29,54,29,23,32,41
S01012301,69,78,50,37,66,50,21,28,47
S01012302,30,47,28,29,54,35,10,12,55
S01012303,55,124,56,57,87,34,14,33,43
S01012304,46,87,57,51,105,45,34,47,39
S01012305,39,49,43,29,53,51,24,41,64
S01012306,10,28,21,24,32,27,18,34,61
S01012307,25,44,37,16,27,24,19,37,61
S01012308,25,51,62,41,76,49,34,61,63
S01012309,21,45,33,17,45,28,13,27,42
S01012310,74,91,56,42,80,55,35,38,60
S01012311,35,49,29,15,27,14,11,20,29
S01012312,49,96,58,29,88,43,24,53,64
S01012313,41,68,51,33,60,29,11,28,47
S01012314,31,36,33,26,72,64,29,57,66
S01012315,26,38,38,23,48,34,22,36,37
S01012316,15,21,31,19,41,35,25,40,44
S01012317,27,36,30,16,42,33,21,41,35
S01012318,28,42,27,22,55,48,33,58,62
S01012319,44,58,44,28,78,35,20,25,50
S01012320,12,32,34,20,41,34,16,37,50
S01012321,34,74,54,42,43,54,36,36,60
S01012322,75,97,54,37,75,38,30,32,47
S01012323,65,73,51,35,74,29,26,24,57
S01012324,58,74,66,28,92,58,19,31,56
S01012325,17,34,20,17,30,24,16,21,24
S01012326,18,24,24,20,48,21,17,20,46
S01012327,28,44,22,23,57,57,39,36,43
S01012328,23,55,18,19,31,15,9,15,22
S01012329,51,59,37,39,79,32,18,23,54
S01012330,20,32,28,38,31,21,23,22,27
S01012331,25,83,56,35,58,18,25,22,29
S01012332,59,73,56,44,107,45,26,21,75
S01012333,57,87,56,47,94,44,35,36,50
S01012334,13,44,47,40,60,54,34,45,62
S01012335,35,61,58,49,84,67,32,45,59
S01012336,15,39,35,19,40,38,16,37,44
S01012337,13,25,32,24,50,56,28,45,61
S01012338,27,57,26,25,44,21,44,33,61
S01012339,21,47,23,17,35,26,29,20,29
S01012340,37,71,67,51,69,47,41,48,43
S01012341,56,78,62,46,102,28,27,27,65
S01012342,47,76,50,39,89,40,19,27,59
S01012343,45,93,51,38,80,51,30,25,56
S01012344,23,52,42,27,43,52,25,28,43
S01012345,26,66,38,49,72,49,27,40,61
S01012346,45,91,50,33,75,40,16,22,39
S01012347,28,75,49,32,47,33,19,23,27
S01012348,29,77,39,34,33,15,17,14,34
S01012349,21,35,34,43,66,45,27,39,69
S01012350,43,55,37,32,48,40,23,32,56
S01012351,29,42,46,30,74,69,31,48,51
S01012352,21,47,26,36,58,38,23,40,52
S01012353,26,54,33,14,57,41,25,42,41
S01012354,16,46,34,37,64,38,17,50,54
S01012355,71,76,54,26,117,32,23,22,74
S01012356,25,63,43,36,45,30,19,32,39
S01012357,59,84,42,40,82,37,12,28,41
S01012358,57,66,41,31,87,31,22,19,53
S01012359,16,27,30,21,51,41,36,40,51
S01012360,13,10,21,11,42,40,32,38,62
S01012361,13,10,13,9,33,40,34,44,51
S01012362,17,18,21,18,39,50,28,52,60
S01012363,27,63,47,31,86,51,49,49,73
S01012364,20,35,30,27,44,28,31,32,36
S01012365,46,84,39,55,73,49,45,51,32
S01012366,28,40,35,43,56,41,49,35,46
S01012367,27,49,37,29,60,52,30,40,43
S01012368,30,62,34,31,52,32,19,17,28
S01012369,23,56,42,45,91,41,29,34,44
S01012370,38,49,50,35,71,66,29,42,55
S01012371,21,48,59,37,83,64,34,43,52
S01012372,14,27,18,35,30,26,27,35,38
S01012373,34,52,55,49,74,45,29,39,61
S01012374,26,66,46,36,81,65,48,46,59
S01012375,19,50,37,39,74,61,48,67,51
S01012376,56,116,62,36,77,34,28,17,39
S01012377,50,69,33,23,54,23,7,15,15
S01012378,37,53,32,25,64,17,10,7,31
S01012379,44,44,33,18,47,18,1,8,38
S01012380,25,60,42,60,82,52,26,38,49
S01012381,24,57,55,34,55,33,33,27,45
S01012382,33,95,55,45,67,38,27,27,36
S01012383,23,59,48,46,56,33,23,23,43
S01012384,17,48,29,35,43,25,14,18,24
S01012385,20,62,63,38,39,30,29,25,36
S01012386,20,45,30,24,62,53,49,46,61
S01012387,37,76,65,43,67,50,27,52,54
S01012388,40,91,56,28,71,39,20,41,41
S01012389,30,108,68,51,74,52,35,43,50
S01012390,21,95,55,51,71,41,32,54,44
S01012391,49,133,86,86,102,82,45,45,65
S01012392,27,63,52,44,58,43,33,27,51
S01012393,35,68,49,45,56,45,30,37,56
S01012394,21,39,26,30,42,29,40,31,55
S01012395,19,33,33,31,31,34,19,20,32
S01012396,17,80,40,38,42,38,20,21,34
S01012397,32,72,65,44,64,42,35,35,50
S01012398,20,88,51,61,70,64,25,25,48
S01012399,17,46,52,35,50,55,27,31,45
S01012400,19,54,27,26,49,40,17,29,47
S01012401,15,57,37,39,68,51,22,44,63
S01012402,28,59,77,50,85,65,28,42,50
S01012403,43,101,61,47,106,69,16,39,54
S01012404,29,71,56,45,67,56,18,35,58
S01012405,50,79,60,57,82,38,18,32,41
S01012406,25,63,61,42,72,28,20,28,28
S01012407,25,81,50,39,77,58,28,45,39
S01012408,21,59,42,35,54,36,20,36,46
S01012409,20,59,41,34,63,37,14,46,30
S01012410,30,68,67,61,92,80,27,58,82
S01012411,30,64,55,40,92,63,26,69,85
S01012412,22,50,33,32,66,39,24,35,36
S01012413,28,61,45,40,78,58,14,47,52
S01012414,30,42,27,22,67,42,21,37,51
S01012415,12,32,26,25,81,37,22,31,23
S01012416,8,41,19,23,72,32,13,18,19
S01012417,19,31,17,11,41,35,19,18,44
S01012418,45,48,31,29,86,43,24,23,54
S01012419,49,43,45,31,67,26,21,21,43
S01012420,24,26,23,17,45,47,23,52,61
S01012421,31,43,30,16,73,42,11,24,38
S01012422,35,61,39,33,69,53,27,23,54
S01012423,29,61,53,31,57,35,17,29,33
S01012424,24,41,30,31,51,54,24,52,75
S01012425,2,11,16,14,30,41,18,23,35
S01012426,9,12,16,13,34,38,21,27,32
S01012427,7,16,16,18,32,49,21,23,45
S01012428,10,31,22,15,27,41,12,29,56
S01012429,6,28,23,21,24,43,12,24,38
S01012430,21,30,29,24,22,22,18,19,38
S01012431,32,74,33,30,43,45,21,27,35
S01012432,18,41,29,26,41,40,15,27,39
S01012433,14,19,20,27,35,33,20,23,30
S01012434,10,34,23,20,44,36,19,17,44
S01012435,13,30,17,31,46,51,20,36,45
S01012436,24,32,26,33,35,34,21,26,37
S01012437,17,38,28,30,45,41,22,32,37
S01012438,24,52,47,47,60,51,27,38,42
S01012439,20,56,30,29,37,30,15,18,26
S01012440,16,42,40,23,32,24,13,12,20
S01012441,51,73,45,31,77,40,9,32,39
S01012442,76,202,130,89,101,62,47,44,68
S01012443,53,74,53,39,69,32,14,16,31
S01012444,47,120,61,42,47,41,25,20,21
S01012445,30,73,38,17,17,15,18,15,15
S01012446,14,35,31,29,32,28,19,15,24
S01012447,29,85,47,34,51,62,44,27,22
S01012448,43,88,90,49,58,37,47,17,37
S01012449,17,55,29,23,51,43,22,23,26
S01012450,58,105,66,58,67,45,29,35,54
S01012451,57,98,59,41,20,12,19,12,23
S01012452,19,85,35,28,28,18,14,9,10
S01012453,46,93,53,27,19,20,16,13,11
S01012454,26,83,50,28,35,9,22,10,15
S01012455,50,71,38,21,16,16,6,13,12
S01012456,31,110,63,23,21,16,18,10,17
S01012457,45,69,56,20,23,22,12,11,9
S01012458,53,91,58,28,25,18,19,4,12
S01012459,19,57,50,38,24,21,11,19,20
S01012460,21,49,25,21,25,12,1,10,18
S01012461,22,58,42,26,32,36,47,27,44
S01012462,13,47,34,23,46,56,48,35,53
S01012463,10,27,24,21,35,33,30,15,47
S01012464,13,23,24,24,31,42,26,28,42
S01012465,13,33,31,28,30,48,39,27,44
S01012466,25,77,54,28,42,24,29,21,28
S01012467,18,57,63,36,36,41,44,23,34
S01012468,29,61,62,44,61,38,38,21,34
S01012469,41,99,42,32,20,17,13,8,16
S01012470,25,68,65,41,48,49,36,41,47
S01012471,51,89,45,20,29,13,16,19,23
S01012472,22,79,43,27,25,24,14,9,21
S01012473,22,75,37,23,25,18,10,8,21
S01012474,13,70,38,29,29,28,20,13,22
S01012475,16,69,29,27,22,28,20,15,24
S01012476,29,76,66,63,64,53,46,26,47
S01012477,15,62,31,45,38,41,20,17,26
S01012478,27,74,69,44,49,62,47,31,51
S01012479,18,76,63,44,49,31,15,23,22
S01012480,21,49,25,10,14,11,13,8,24
S01012481,46,113,69,48,49,41,44,29,56
S01012482,40,65,50,37,24,27,34,10,23
S01012483,29,60,43,19,21,38,30,24,40
S01012484,39,110,73,25,28,17,18,16,23
S01012485,60,102,50,16,26,18,21,14,18
S01012486,23,48,20,13,5,16,9,5,8
S01012487,15,37,30,20,37,32,21,12,25
S01012488,19,53,53,48,59,42,50,33,61
S01012489,22,42,34,18,61,75,38,24,74
S01012490,29,54,47,27,56,58,49,27,80
S01012491,9,18,14,12,21,25,30,13,36
S01012492,12,29,33,19,37,37,44,17,62
S01012493,17,42,28,15,9,13,11,12,16
S01012494,26,66,57,41,51,71,51,29,85
S01012495,16,43,47,58,52,50,54,45,69
S01012496,9,32,26,27,39,42,44,39,33
S01012497,13,11,17,21,23,21,29,24,46
S01012498,6,24,29,22,58,64,51,40,55
S01012499,16,20,25,16,40,45,35,27,44
S01012500,9,21,17,22,41,35,24,24,32
S01012501,19,10,9,9,22,21,22,17,54
S01012502,2,17,26,11,31,36,22,24,52
S01012503,16,18,22,14,35,37,31,28,45
S01012504,10,21,32,23,42,50,33,30,58
S01012505,22,61,45,36,68,66,41,33,57
S01012506,15,44,31,30,26,29,30,21,17
S01012507,22,61,53,26,53,51,34,34,47
S01012508,26,69,69,34,44,52,41,34,57
S01012509,26,66,42,23,28,22,27,20,27
S01012510,32,103,67,70,54,51,47,28,33
S01012511,11,38,24,29,21,26,20,15,16
S01012512,15,37,37,13,22,31,11,11,24
S01012513,20,63,34,20,19,27,21,4,9
S01012514,38,118,98,62,75,54,43,31,42
S01012515,14,29,31,24,28,30,30,22,42
S01012516,13,54,44,33,39,38,38,24,36
S01012517,24,102,73,41,67,57,48,41,48
S01012518,27,65,43,17,17,13,11,3,13
S01012519,21,67,31,25,18,18,21,12,17
S01012520,32,78,55,17,30,16,22,7,17
S01012521,30,59,35,19,20,28,11,11,21
S01012522,39,117,52,37,33,27,33,15,20
S01012523,29,96,54,49,27,41,37,17,32
S01012524,38,93,58,37,36,28,36,14,27
S01012525,25,94,59,32,22,24,22,9,17
S01012526,23,104,57,32,23,13,29,11,24
S01012527,15,60,35,31,35,23,28,20,17
S01012528,22,58,54,52,44,43,27,46,50
S01012529,13,41,28,24,36,32,24,25,30
S01012530,35,95,67,45,41,24,24,21,27
S01012531,50,120,83,64,58,51,40,29,39
S01012532,60,101,77,61,60,53,28,29,34
S01012533,12,44,41,23,22,22,14,12,28
S01012534,19,41,31,28,39,29,29,15,37
S01012535,26,34,52,34,59,65,35,35,62
S01012536,13,47,46,31,57,57,37,45,51
S01012537,19,32,17,26,49,57,33,30,51
S01012538,36,58,81,35,74,82,54,34,55
S01012539,15,26,28,23,40,26,36,40,27
S01012540,13,24,23,27,47,38,37,29,40
S01012541,50,92,76,42,106,70,45,34,50
S01012542,58,173,115,41,69,69,40,36,66
S01012543,39,86,56,37,55,25,19,24,37
S01012544,37,77,54,37,47,33,20,19,40
S01012545,11,29,27,12,30,31,24,18,26
S01012546,39,72,54,31,62,43,37,37,44
S01012547,19,56,36,13,21,26,15,23,27
S01012548,106,305,175,87,83,55,49,40,66
S01012549,16,36,30,19,38,12,20,13,35
S01012550,26,64,54,25,53,35,31,39,39
S01012551,30,84,56,45,32,24,27,23,32
S01012552,28,98,53,34,24,25,30,19,27
S01012553,39,106,90,54,60,30,31,20,34
S01012554,17,42,38,18,20,21,21,18,17
S01012555,22,52,36,23,36,14,18,11,20
S01012556,15,71,35,15,15,6,14,5,12
S01012557,41,71,38,16,22,23,24,11,19
S01012558,20,32,32,20,36,34,32,17,35
S01012559,12,27,33,13,25,23,20,16,37
S01012560,20,40,30,21,26,26,19,18,33
S01012561,24,48,55,26,32,36,26,24,28
S01012562,23,43,37,30,39,40,41,25,30
S01012563,52,86,37,33,23,15,13,6,18
S01012564,28,85,37,20,21,19,18,9,16
S01012565,34,95,57,27,23,12,10,5,20
S01012566,36,69,43,30,35,30,31,17,31
S01012567,34,62,45,53,48,32,19,31,37
S01012568,34,70,31,21,12,8,0,5,9
S01012569,67,129,66,25,9,21,6,9,22
S01012570,18,33,32,13,38,17,16,25,24
S01012571,45,63,44,29,66,33,19,34,43
S01012572,22,35,31,22,36,15,13,29,22
S01012573,61,91,52,40,71,27,12,34,50
S01012574,57,91,57,42,54,52,24,27,33
S01012575,32,86,41,24,58,35,21,19,24
S01012576,36,88,34,33,47,37,22,22,22
S01012577,57,140,88,47,95,67,31,40,62
S01012578,37,95,47,30,43,27,23,38,40
S01012579,43,74,51,34,66,39,23,23,43
S01012580,66,97,63,33,74,45,17,31,28
S01012581,16,34,26,21,42,59,34,44,35
S01012582,59,112,80,42,60,48,17,50,41
S01012583,18,43,43,32,49,61,24,40,28
S01012584,37,59,61,28,56,35,21,37,29
S01012585,23,63,43,30,56,66,21,69,46
S01012586,44,111,45,36,63,57,25,44,34
S01012587,51,111,56,43,91,32,30,27,34
S01012588,29,59,47,31,50,36,17,27,34
S01012589,19,41,42,25,34,37,26,47,37
S01012590,28,45,44,37,45,35,33,50,29
S01012591,21,26,40,28,32,47,25,40,41
S01012592,54,111,89,33,50,27,33,21,15
S01012593,25,101,62,45,54,28,31,52,32
S01012594,16,44,43,31,28,19,15,18,21
S01012595,17,48,41,20,40,37,21,36,22
S01012596,23,47,47,27,37,29,26,38,52
S01012597,22,49,45,33,35,22,24,27,20
S01012598,32,86,43,26,18,17,17,22,18
S01012599,21,67,41,34,33,31,27,24,27
S01012600,31,82,57,33,30,32,29,20,31
S01012601,37,126,83,57,43,35,25,38,26
S01012602,25,42,29,29,32,49,22,32,32
S01012603,17,36,33,28,32,38,19,38,40
S01012604,18,38,29,20,38,33,20,36,40
S01012605,12,28,36,16,31,45,15,16,32
S01012606,50,144,92,50,57,41,28,32,29
S01012607,33,77,48,28,35,44,30,28,41
S01012608,24,60,36,25,51,52,33,41,42
S01012609,17,42,32,33,46,44,36,47,66
S01012610,22,39,43,41,55,58,38,43,65
S01012611,40,134,95,51,57,56,45,51,59
S01012612,18,37,24,29,35,41,27,25,37
S01012613,11,51,30,32,35,34,15,34,38
S01012614,29,78,52,44,39,51,34,48,42
S01012615,52,111,54,37,42,31,27,12,26
S01012616,48,121,61,41,69,45,32,32,32
S01012617,49,141,106,59,70,37,23,29,19
S01012618,21,63,33,19,38,24,18,17,18
S01012619,10,38,16,21,24,32,19,16,34
S01012620,34,77,46,33,34,23,13,15,12
S01012621,26,67,31,23,23,25,15,13,13
S01012622,21,80,44,34,48,56,35,32,31
S01012623,9,41,29,38,39,41,23,34,42
S01012624,20,43,35,26,50,49,25,35,47
S01012625,9,24,36,25,36,44,20,29,43
S01012626,12,41,27,20,37,34,15,15,20
S01012627,18,55,39,28,41,46,22,25,33
S01012628,71,165,101,56,53,54,30,25,49
S01012629,32,78,38,23,18,17,16,9,13
S01012630,28,61,43,34,40,43,31,21,42
S01012631,28,64,32,37,46,41,43,25,52
S01012632,34,89,44,33,66,33,24,34,31
S01012633,46,52,44,31,40,31,11,22,24
S01012634,25,44,31,28,44,47,30,41,46
S01012635,76,112,79,61,72,59,31,40,47
S01012636,44,100,64,46,64,41,27,32,31
S01012637,21,33,28,28,38,48,23,55,47
S01012638,33,55,55,44,44,32,31,50,51
S01012639,26,35,37,35,63,70,26,42,52
S01012640,9,23,21,18,51,46,37,41,38
S01012641,22,61,31,29,46,52,37,68,48
S01012642,11,16,31,14,46,58,27,43,46
S01012643,6,24,20,14,25,27,15,35,32
S01012644,18,37,28,28,48,61,27,39,43
S01012645,31,85,52,38,57,36,30,29,47
S01012646,38,92,63,64,49,57,37,38,35
S01012647,30,83,60,40,47,31,35,35,29
S01012648,6,22,22,24,43,23,27,32,46
S01012649,10,38,27,28,37,41,24,33,37
S01012650,35,64,41,38,42,28,40,31,34
S01012651,17,29,22,18,44,47,24,32,38
S01012652,48,102,75,52,66,37,30,48,34
S01012653,32,62,51,49,81,50,41,41,52
S01012654,75,175,130,70,75,53,76,67,64
S01012655,57,83,49,39,60,39,44,38,49
S01012656,12,46,37,43,65,30,34,25,52
S01012657,13,42,40,20,40,27,24,13,35
S01012658,35,67,78,50,51,35,20,32,41
S01012659,44,166,97,56,59,46,52,26,37
S01012660,24,43,27,38,43,32,39,37,45
S01012661,31,87,67,44,69,26,51,35,40
S01012662,22,54,47,27,53,42,41,42,41
S01012663,25,47,37,31,39,32,24,35,29
S01012664,41,66,48,45,54,44,49,38,62
S01012665,12,31,41,38,46,35,42,38,57
S01012666,8,25,15,27,22,31,31,40,51
S01012667,11,15,27,24,33,25,27,26,32
S01012668,24,31,41,32,46,52,38,44,37
S01012669,13,35,38,38,37,28,29,26,23
S01012670,27,67,50,36,39,29,27,24,23
S01012671,29,47,38,39,70,65,44,40,55
S01012672,19,29,21,36,47,47,29,39,57
S01012673,9,12,17,27,33,29,34,26,51
S01012674,3,23,18,34,46,38,28,26,50
S01012675,15,36,23,24,50,55,30,52,43
S01012676,17,47,37,37,68,56,46,45,46
S01012677,12,33,24,24,39,41,22,38,34
S01012678,35,102,73,62,70,35,28,36,33
S01012679,22,50,38,32,58,37,26,30,37
S01012680,35,69,42,26,32,21,25,21,11
S01012681,43,97,98,52,95,38,32,31,48
S01012682,23,67,41,39,36,30,23,34,25
S01012683,30,43,30,30,54,44,31,30,35
S01012684,26,63,32,27,43,23,23,17,16
S01012685,35,42,36,30,52,35,34,26,37
S01012686,44,146,78,30,43,37,15,15,25
S01012687,22,64,35,18,15,12,9,9,8
S01012688,37,100,61,35,59,25,24,16,25
S01012689,24,76,20,17,20,14,14,10,17
S01012690,17,50,40,30,26,28,17,19,17
S01012691,44,118,50,32,20,24,19,13,18
S01012692,30,79,39,29,35,31,19,17,23
S01012693,86,199,88,52,47,23,39,19,28
S01012694,21,38,30,19,22,24,14,11,16
S01012695,47,94,43,42,74,36,28,55,39
S01012696,81,122,67,37,83,29,17,40,31
S01012697,78,201,99,61,75,30,23,34,43
S01012698,55,106,52,34,74,42,21,18,40
S01012699,94,190,93,61,108,66,34,37,51
S01012700,39,98,47,48,49,26,37,24,27
S01012701,96,264,121,71,59,34,42,29,34
S01012702,69,206,101,65,55,28,39,38,31
S01012703,24,65,61,36,36,27,27,16,29
S01012704,18,36,35,34,54,42,31,39,47
S01012705,38,76,71,46,31,23,34,28,22
S01012706,16,50,28,22,54,47,34,40,51
S01012707,26,91,44,42,41,27,37,21,25
S01012708,16,33,22,39,35,29,34,32,45
S01012709,11,42,41,23,19,27,23,23,34
S01012710,13,46,39,31,37,39,25,29,42
S01012711,19,47,34,38,28,56,53,44,68
S01012712,31,105,58,48,35,19,30,19,18
S01012713,26,98,65,40,25,22,26,25,29
S01012714,37,75,41,34,32,13,23,15,24
S01012715,23,64,41,34,31,28,32,31,29
S01012716,42,110,59,34,27,15,24,17,24
S01012717,52,90,63,52,51,41,52,30,49
S01012718,41,107,62,46,26,24,26,19,34
S01012719,49,128,86,64,53,39,50,42,40
S01012720,20,57,35,36,18,26,31,18,28
S01012721,8,52,40,51,37,21,26,42,17
S01012722,14,33,28,24,37,27,46,32,52
S01012723,10,27,38,22,30,34,26,38,50
S01012724,18,66,51,43,47,34,42,30,41
S01012725,40,91,70,63,39,39,43,40,44
S01012726,20,33,35,42,37,32,29,31,39
S01012727,11,26,27,25,37,29,30,25,46
S01012728,15,25,33,26,43,46,41,44,62
S01012729,23,75,69,42,42,52,34,31,41
S01012730,15,20,24,31,28,30,32,29,37
S01012731,22,43,48,38,48,48,35,51,50
S01012732,13,35,38,25,33,34,29,29,40
S01012733,170,485,290,152,169,81,104,69,85
S01012734,40,114,60,38,36,17,31,17,18
S01012735,16,34,26,29,31,16,24,21,28
S01012736,32,80,62,58,45,50,42,47,69
S01012737,27,85,55,49,36,41,57,35,44
S01012738,19,33,40,27,32,28,34,25,33
S01012739,58,146,89,51,62,23,51,28,30
S01012740,65,139,100,58,47,33,43,37,36
S01012741,26,56,43,29,30,12,24,21,20
S01012742,24,73,51,50,29,21,21,16,19
S01012743,21,43,44,28,28,18,26,14,14
S01012744,18,57,50,43,44,20,16,33,20
S01012745,58,183,95,56,57,33,38,38,26
S01012746,32,73,65,45,37,33,29,37,35
S01012747,24,61,54,42,40,32,29,31,56
S01012748,15,23,34,36,47,37,38,45,60
S01012749,12,31,31,28,38,46,38,62,75
S01012750,22,49,42,22,49,44,42,51,80
S01012751,12,34,41,33,53,61,43,49,60
S01012752,24,45,48,40,46,43,55,39,48
S01012753,10,28,24,18,16,31,28,14,33
S01012754,14,34,41,30,40,32,21,37,39
S01012755,8,17,19,19,21,15,27,17,27
S01012756,12,22,23,21,24,17,14,13,21
S01012757,9,22,23,16,20,21,30,19,26
S01012758,25,41,29,31,24,20,21,23,34
S01012759,15,26,44,34,38,33,40,44,53
S01012760,15,53,44,41,52,51,53,53,50
S01012761,18,39,31,38,25,30,31,36,35
S01012762,12,34,48,52,47,28,34,37,22
S01012763,7,23,23,21,21,25,24,16,28
S01012764,26,35,40,55,49,32,23,38,33
S01012765,25,44,43,36,48,30,22,28,46
S01012766,28,67,56,52,50,61,47,34,52
S01012767,14,53,45,33,24,17,13,33,17
S01012768,23,62,52,39,36,25,22,26,26
S01012769,24,47,43,40,17,12,25,7,14
S01012770,37,73,75,56,38,48,51,38,50
S01012771,21,48,36,29,24,25,30,27,26
S01012772,5,33,31,29,54,40,33,30,40
S01012773,23,62,40,47,71,39,35,28,53
S01012774,21,54,67,36,58,42,51,54,40
S01012775,15,25,30,28,25,20,11,21,14
S01012776,9,37,24,25,41,36,44,33,52
S01012777,47,89,76,61,56,63,62,43,55
S01012778,25,50,49,30,30,33,40,33,49
S01012779,12,18,26,24,32,21,25,37,34
S01012780,15,33,31,25,31,25,23,42,43
S01012781,15,57,50,43,42,36,34,39,33
S01012782,10,17,17,18,24,24,32,24,42
S01012783,11,25,27,31,47,48,43,37,54
S01012784,11,43,33,42,34,33,44,34,52
S01012785,11,25,18,26,34,36,30,47,55
S01012786,7,33,31,26,36,30,35,43,57
S01012787,15,64,38,37,27,21,21,33,25
S01012788,15,34,22,23,36,34,25,52,42
S01012789,20,46,46,26,36,32,41,37,44
S01012790,38,100,59,36,22,21,27,18,22
S01012791,46,89,64,38,26,28,21,16,20
S01012792,30,76,51,56,38,41,39,40,52
S01012793,17,42,32,32,38,31,16,27,42
S01012794,29,76,50,41,24,16,21,17,35
S01012795,22,32,42,45,54,55,38,53,72
S01012796,29,45,40,41,44,38,55,44,64
S01012797,20,34,38,26,38,37,29,28,43
S01012798,97,179,76,52,40,21,27,25,31
S01012799,87,115,54,38,28,23,23,17,21
S01012800,77,133,52,39,24,14,26,8,24
S01012801,32,53,25,11,6,3,9,0,7
S01012802,62,91,25,24,10,3,22,7,6
S01012803,30,78,46,33,27,19,16,15,20
S01012804,20,60,30,34,38,32,34,44,32
S01012805,24,61,56,42,54,48,43,31,49
S01012806,38,134,59,48,32,34,29,26,30
S01012807,60,99,56,38,22,7,19,12,14
S01012808,138,362,193,116,89,50,74,53,53
S01012809,30,97,47,32,27,21,21,21,19
S01012810,15,50,51,28,33,33,37,30,38
S01012811,45,106,57,47,29,22,37,21,32
S01012812,24,76,37,43,28,20,25,21,22
S01012813,47,158,65,40,24,15,29,15,17
S01012814,36,116,71,69,39,34,45,28,30
S01012815,52,131,89,48,74,30,51,29,32
S01012816,21,58,56,42,33,18,36,25,29
S01012817,23,89,59,46,27,14,36,15,22
S01012818,35,108,73,55,38,37,46,31,32
S01012819,8,38,34,37,42,41,36,30,36
S01012820,275,821,529,290,272,179,165,143,128
S01012821,37,92,68,49,50,40,41,42,24
S01012822,11,15,16,19,13,27,13,21,33
S01012823,34,88,69,65,53,51,48,49,31
S01012824,22,43,39,41,48,42,45,26,46
S01012825,14,36,31,28,25,29,20,15,27
S01012826,11,23,25,23,20,30,38,22,44
S01012827,45,86,55,41,41,35,35,38,27
S01012828,49,125,97,72,63,33,38,40,40
S01012829,16,32,39,37,42,47,31,43,49
S01012830,21,51,47,36,41,41,26,31,37
S01012831,10,38,41,37,32,33,20,25,40
S01012832,13,44,26,26,23,30,25,25,48
S01012833,10,34,36,36,32,44,35,34,47
S01012834,23,54,42,29,25,27,24,31,27
S01012835,27,103,70,50,48,38,29,25,45
S01012836,43,92,63,52,36,26,27,27,25
S01012837,14,25,24,18,12,35,33,19,39
S01012838,5,21,12,24,22,26,30,29,65
S01012839,27,51,49,41,31,27,20,26,31
S01012840,36,149,93,61,41,26,39,21,23
S01012841,18,74,26,37,26,16,26,19,21
S01012842,17,44,23,27,23,24,22,17,23
S01012843,59,143,69,46,33,26,39,20,19
S01012844,58,124,64,35,29,11,12,4,12
S01012845,47,131,66,28,35,16,21,21,17
S01012846,16,49,54,46,43,31,41,52,43
S01012847,22,48,37,29,26,21,26,24,18
S01012848,35,110,53,37,33,33,33,20,26
S01012849,32,80,51,44,50,23,30,32,35
S01012850,15,36,46,40,46,34,27,30,42
S01012851,23,89,49,59,42,41,22,37,39
S01012852,30,102,71,43,24,25,35,10,21
S01012853,31,91,50,36,45,23,24,24,27
S01012854,25,149,62,26,36,29,17,18,19
S01012855,34,127,59,37,26,25,21,10,12
S01012856,55,151,136,84,79,64,65,49,70
S01012857,10,55,40,39,41,37,40,20,35
S01012858,20,31,54,44,30,45,35,22,54
S01012859,38,92,89,61,71,73,60,50,67
S01012860,27,88,54,43,41,27,27,20,24
S01012861,29,109,47,42,27,30,23,19,29
S01012862,7,26,41,21,30,33,19,24,44
S01012863,16,53,40,33,42,46,39,29,56
S01012864,6,59,41,39,30,47,39,28,55
S01012865,16,63,41,61,38,37,26,28,37
S01012866,22,54,45,44,45,49,35,24,50
S01012867,17,21,28,27,21,41,26,28,56
S01012868,12,19,24,27,26,22,31,29,35
S01012869,11,18,24,22,31,33,22,25,44
S01012870,28,87,55,50,60,26,37,37,33
S01012871,25,72,59,50,37,30,31,30,34
S01012872,22,65,52,43,48,47,40,32,41
S01012873,19,52,35,55,52,40,46,28,47
S01012874,17,61,53,31,50,47,40,27,56
S01012875,15,25,43,39,38,25,21,21,42
S01012876,31,65,77,76,69,70,51,37,67
S01012877,11,37,42,42,36,40,36,42,49
S01012878,78,173,145,100,60,57,53,48,44
S01012879,32,125,70,48,38,27,20,18,19
S01012880,48,128,61,37,28,19,29,18,22
S01012881,40,120,56,44,25,23,30,11,25
S01012882,10,28,20,25,25,25,22,21,32
S01012883,11,22,27,15,29,25,19,18,41
S01012884,13,45,23,21,16,17,13,11,17
S01012885,14,23,24,24,21,35,18,33,56
S01012886,33,109,67,33,42,35,30,20,24
S01012887,33,107,56,25,28,20,25,22,26
S01012888,43,139,65,29,25,20,15,8,13
S01012889,66,153,91,49,60,40,45,24,40
S01012890,29,45,49,47,35,48,46,24,41
S01012891,14,24,30,35,26,21,19,22,32
S01012892,15,59,51,59,57,65,68,69,86
S01012893,14,31,27,39,32,42,44,31,46
S01012894,167,407,235,133,129,70,92,64,90
S01012895,117,221,151,101,101,62,45,39,37
S01012896,24,50,52,47,29,24,33,35,37
S01012897,71,176,130,74,56,34,46,38,39
S01012898,40,84,68,37,35,10,25,19,14
S01012899,20,21,26,27,23,22,27,15,35
S01012900,185,535,332,191,195,116,114,105,89
S01012901,23,63,51,46,42,45,45,29,42
S01012902,26,53,50,46,29,42,40,32,36
S01012903,27,58,45,46,42,51,41,41,41
S01012904,27,66,65,58,52,53,53,43,52
S01012905,10,38,40,38,33,36,40,33,42
S01012906,32,84,68,45,46,36,32,33,37
S01012907,17,82,58,55,48,49,47,34,54
S01012908,30,58,48,47,37,33,24,38,49
S01012909,15,39,31,27,12,30,23,18,21
S01012910,14,61,53,44,55,42,38,43,55
S01012911,32,80,64,44,45,32,27,29,40
S01012912,17,47,41,47,33,33,26,27,32
S01012913,15,71,72,61,54,47,26,25,42
S01012914,27,102,61,43,36,35,43,39,52
S01012915,41,148,96,79,71,46,63,35,49
S01012916,20,56,45,42,31,22,29,27,33
S01012917,37,84,53,49,30,28,25,13,19
S01012918,22,49,27,34,28,30,24,31,38
S01012919,11,35,29,32,17,13,13,16,21
S01012920,18,72,36,31,24,14,16,9,14
S01012921,19,43,40,41,33,48,26,27,50
S01012922,60,151,109,90,76,64,71,37,71
S01012923,23,74,51,40,43,30,27,32,40
S01012924,9,37,42,28,30,35,21,15,29
S01012925,20,66,42,33,19,16,10,15,19
S01012926,22,59,45,51,46,36,25,29,40
S01012927,19,73,73,65,42,36,27,36,40
S01012928,39,92,59,55,41,33,39,25,35
S01012929,30,78,56,40,38,30,30,39,29
S01012930,31,85,43,25,47,28,22,24,29
S01012931,43,121,93,68,52,46,43,31,61
S01012932,27,66,40,23,28,15,12,23,23
S01012933,29,82,56,57,49,32,23,29,34
S01012934,48,67,53,57,37,25,37,12,29
S01012935,25,77,70,59,57,42,41,44,56
S01012936,23,75,56,48,37,35,33,24,31
S01012937,18,71,48,47,40,28,19,21,28
S01012938,25,92,45,34,28,13,22,24,23
S01012939,30,85,56,45,28,19,31,17,22
S01012940,23,96,52,46,37,20,14,10,16
S01012941,47,113,68,42,24,23,30,13,20
S01012942,12,59,47,57,50,44,22,26,56
S01012943,23,87,60,48,30,23,37,16,28
S01012944,18,59,44,26,19,14,18,8,10
S01012945,65,174,107,59,46,20,32,23,31
S01012946,40,136,78,42,33,23,34,25,15
S01012947,26,70,37,15,12,11,21,6,13
S01012948,27,77,61,35,18,22,26,23,15
S01012949,29,71,68,49,30,19,20,14,27
S01012950,58,131,107,67,24,12,32,20,26
S01012951,106,207,100,54,30,25,28,20,31
S01012952,122,193,85,63,42,36,40,11,28
S01012953,24,77,42,49,23,16,34,20,21
S01012954,5,44,36,42,35,14,14,20,20
S01012955,77,192,94,61,47,28,44,17,28
S01012956,29,56,58,58,42,34,41,23,65
S01012957,20,42,34,38,37,18,26,18,33
S01012958,37,80,45,41,38,24,21,19,18
S01012959,25,56,39,46,21,24,26,23,23
S01012960,22,53,43,32,33,20,19,21,26
S01012961,18,68,44,45,23,26,18,18,21
S01012962,19,72,39,32,25,27,20,20,15
S01012963,42,86,66,45,28,27,32,12,25
S01012964,51,118,77,41,29,17,29,16,23
S01012965,23,76,51,29,34,33,27,32,22
S01012966,65,168,130,76,96,75,48,38,40
S01012967,15,34,43,27,23,24,23,13,24
S01012968,10,33,27,28,29,21,43,30,41
S01012969,24,35,50,30,34,38,38,30,55
S01012970,12,28,29,23,24,28,24,31,40
S01012971,16,39,42,55,39,45,45,36,63
S01012972,21,38,38,34,37,45,26,28,47
S01012973,27,49,39,56,38,51,43,32,38
S01012974,32,67,62,56,78,52,54,51,70
S01012975,18,32,23,24,26,29,23,32,30
S01012976,15,36,32,30,38,31,29,29,37
S01012977,14,36,44,25,37,48,27,35,51
S01012978,13,35,40,34,35,44,34,33,46
S01012979,19,34,49,27,37,44,40,24,32
S01012980,15,51,37,38,30,33,24,40,32
S01012981,27,45,47,56,54,37,47,27,51
S01012982,29,56,51,48,51,49,49,35,40
S01012983,25,64,53,39,32,30,45,37,32
S01012984,18,43,33,53,34,26,33,32,38
S01012985,19,59,46,54,54,38,41,42,41
S01012986,41,73,77,54,44,47,28,37,83
S01012987,16,55,43,34,46,49,27,28,34
S01012988,26,65,61,50,61,45,44,38,45
S01012989,26,76,72,63,52,38,39,31,59
S01012990,18,41,27,45,31,29,30,25,28
S01012991,26,63,53,49,40,40,44,24,63
S01012992,28,53,65,53,40,35,32,35,45
S01012993,26,47,38,43,37,31,48,38,36
S01012994,15,53,45,48,45,51,41,31,66
S01012995,27,53,58,52,43,43,24,38,30
S01012996,23,44,48,24,39,37,30,31,37
S01012997,13,32,27,28,22,30,24,16,33
S01012998,56,93,72,71,49,59,42,34,62
S01012999,15,39,37,22,18,24,21,20,35
S01013000,16,33,58,51,32,36,21,24,32
S01013001,31,42,24,6,15,6,5,0,18
S01013002,43,87,40,25,16,12,14,12,19
S01013003,44,100,42,20,15,18,3,4,17
S01013004,39,116,45,30,23,10,14,17,23
S01013005,69,149,76,37,49,25,19,12,28
S01013006,49,63,20,7,14,10,7,3,11
S01013007,58,170,69,29,40,32,17,7,22
S01013008,74,156,69,33,30,21,27,9,30
S01013009,32,62,44,25,38,28,23,10,30
S01013010,83,68,57,33,53,24,18,11,26
S01013011,44,101,50,27,35,32,23,13,29
S01013012,28,77,40,22,44,24,19,21,44
S01013013,66,140,82,44,41,39,18,13,48
S01013014,50,92,71,17,65,19,14,24,32
S01013015,73,114,51,35,53,21,13,15,42
S01013016,38,91,38,12,44,12,6,15,19
S01013017,54,101,58,35,31,34,18,33,28
S01013018,48,141,58,30,51,34,16,19,27
S01013019,62,169,91,31,53,25,24,16,32
S01013020,18,46,37,26,22,19,12,10,21
S01013021,20,46,33,24,32,22,23,19,24
S01013022,22,55,42,22,30,19,26,16,19
S01013023,44,128,54,32,24,9,23,10,25
S01013024,19,77,48,23,21,16,12,12,25
S01013025,77,124,95,70,89,39,40,36,43
S01013026,40,62,77,44,60,60,46,41,65
S01013027,24,31,38,27,34,51,49,33,65
S01013028,33,41,27,24,40,25,20,31,32
S01013029,13,22,29,20,44,39,32,32,56
S01013030,10,22,38,29,57,38,27,37,74
S01013031,18,31,37,32,40,44,19,45,44
S01013032,38,61,69,54,71,45,39,52,45
S01013033,25,56,48,37,54,55,30,65,44
S01013034,18,25,31,31,47,36,29,42,40
S01013035,14,25,24,23,52,43,42,46,55
S01013036,19,24,22,19,50,42,34,36,75
S01013037,34,72,57,39,44,23,25,25,33
S01013038,30,67,72,39,66,46,53,51,60
S01013039,25,57,36,30,24,23,28,18,24
S01013040,23,48,40,27,40,27,23,20,36
S01013041,10,56,41,35,36,36,26,26,43
S01013042,38,70,62,50,53,32,37,33,36
S01013043,19,34,38,31,36,44,37,39,56
S01013044,14,30,40,31,55,43,32,27,56
S01013045,27,59,54,39,45,28,25,16,33
S01013046,17,36,33,18,25,22,29,20,35
S01013047,40,121,77,61,58,28,38,41,55
S01013048,29,87,60,44,38,33,29,36,30
S01013049,35,88,72,52,47,41,32,32,39
S01013050,16,52,36,40,44,34,32,24,30
S01013051,25,54,49,45,58,54,45,46,43
S01013052,14,52,48,50,55,45,48,35,44
S01013053,9,22,26,28,31,35,27,22,46
S01013054,21,43,39,21,33,27,22,23,34
S01013055,28,63,31,34,35,35,29,29,55
S01013056,35,101,92,59,63,68,55,53,83
S01013057,17,34,43,26,41,55,50,39,87
S01013058,44,102,52,37,42,24,26,18,25
S01013059,48,180,83,40,28,37,33,8,30
S01013060,26,88,28,21,14,15,11,2,13
S01013061,44,133,69,45,28,20,25,12,16
S01013062,80,117,72,29,18,13,13,4,25
S01013063,44,160,46,30,23,13,21,11,14
S01013064,23,61,53,40,39,32,33,33,40
S01013065,24,57,45,32,31,41,51,44,63
S01013066,34,92,50,36,32,35,53,41,47
S01013067,15,76,41,33,24,50,102,27,134
S01013068,17,64,44,26,26,35,67,16,75
S01013069,25,82,53,32,30,45,77,18,63
S01013070,18,41,41,10,16,29,57,15,71
S01013071,11,79,45,29,19,46,119,22,131
S01013072,4,30,19,13,31,45,26,43,68
S01013073,40,189,114,59,57,61,56,58,87
S01013074,32,67,54,31,62,49,51,53,109
S01013075,7,52,26,27,44,56,31,33,85
S01013076,19,72,40,23,24,21,45,14,44
S01013077,21,35,22,24,39,51,36,27,69
S01013078,14,38,18,16,28,30,31,33,50
S01013079,54,172,98,51,47,40,51,32,56
S01013080,46,116,43,24,28,19,28,15,30
S01013081,60,185,94,48,36,32,38,15,27
S01013082,38,89,67,40,43,25,29,11,23
S01013083,45,89,47,38,24,58,127,18,218
S01013084,30,108,62,38,27,14,16,13,8
S01013085,27,55,34,16,18,36,26,18,45
S01013086,66,119,65,32,24,15,28,20,33
S01013087,73,154,60,28,12,15,13,18,14
S01013088,71,108,54,20,12,9,11,12,14
S01013089,32,85,53,31,33,30,31,18,26
S01013090,36,129,61,25,26,30,40,15,44
S01013091,25,80,54,35,27,45,65,18,80
S01013092,32,123,81,45,33,34,33,31,54
S01013093,34,73,28,19,20,11,11,11,23
S01013094,44,67,44,22,6,19,17,6,20
S01013095,57,159,42,21,16,14,17,6,16
S01013096,21,80,37,22,26,30,21,20,28
S01013097,80,169,91,34,35,26,16,12,33
S01013098,77,145,62,35,17,13,13,10,36
S01013099,38,139,67,30,32,22,27,11,29
S01013100,53,107,41,16,7,12,14,3,18
S01013101,35,98,61,32,39,30,30,25,52
S01013102,29,88,44,19,14,23,10,5,16
S01013103,64,166,79,42,38,23,27,11,37
S01013104,49,131,64,32,29,21,23,10,24
S01013105,54,156,74,30,30,22,19,12,34
S01013106,34,77,64,29,70,25,24,20,43
S01013107,100,189,108,38,68,37,31,22,52
S01013108,39,93,39,31,39,15,14,27,26
S01013109,96,198,83,65,85,34,39,27,61
S01013110,51,66,49,26,56,16,10,13,28
S01013111,20,49,39,20,23,7,8,5,12
S01013112,27,54,32,24,40,23,20,14,37
S01013113,26,68,31,41,55,54,37,25,41
S01013114,53,81,51,40,59,23,25,27,47
S01013115,38,42,31,17,43,23,25,15,30
S01013116,69,86,55,22,31,18,13,9,36
S01013117,28,57,41,20,45,27,27,19,45
S01013118,39,65,32,26,30,11,11,8,22
S01013119,63,83,51,21,61,19,17,25,41
S01013120,48,71,62,39,69,51,35,50,71
S01013121,36,11,11,11,36,16,16,22,41
S01013122,2,10,14,15,7,10,14,8,7
S01013123,22,78,72,49,47,58,52,29,53
S01013124,12,45,37,41,27,43,40,28,42
S01013125,19,46,41,57,49,48,33,27,31
S01013126,6,34,30,25,28,46,31,26,56
S01013127,22,40,24,34,35,63,49,24,80
S01013128,19,41,43,46,31,42,40,30,48
S01013129,31,94,65,66,86,66,49,41,64
S01013130,10,40,37,33,40,37,55,32,43
S01013131,10,33,47,39,41,47,33,20,51
S01013132,12,27,31,31,31,34,29,21,39
S01013133,20,63,56,51,41,62,31,40,53
S01013134,18,64,45,42,41,51,35,30,41
S01013135,17,26,35,39,49,62,51,31,60
S01013136,22,45,45,51,54,54,47,35,41
S01013137,18,33,38,32,37,35,44,28,44
S01013138,24,66,62,58,67,55,46,44,63
S01013139,14,23,33,35,51,37,37,21,47
S01013140,6,34,23,28,33,40,41,27,34
S01013141,24,62,70,64,47,37,47,41,54
S01013142,15,28,57,57,37,68,38,26,79
S01013143,15,44,51,46,52,41,34,29,38
S01013144,19,49,41,48,50,60,30,30,46
S01013145,28,55,42,53,37,37,31,17,27
S01013146,11,46,22,29,37,22,33,19,36
S01013147,23,72,47,55,55,51,32,26,47
S01013148,20,63,49,41,43,37,24,16,31
S01013149,31,67,47,58,61,49,35,34,46
S01013150,19,48,61,31,48,36,48,24,35
S01013151,21,40,40,37,24,26,24,18,14
S01013152,36,77,44,39,51,34,43,33,57
S01013153,18,39,43,50,36,49,52,36,50
S01013154,15,44,48,49,43,75,42,33,63
S01013155,18,29,34,30,47,60,47,44,73
S01013156,16,27,45,31,33,61,39,26,65
S01013157,21,51,42,36,44,79,57,48,61
S01013158,26,62,52,47,44,28,10,22,28
S01013159,16,50,41,37,24,22,24,19,12
S01013160,36,90,47,52,63,29,19,19,20
S01013161,21,71,61,56,57,57,51,26,58
S01013162,20,48,52,35,44,41,33,28,28
S01013163,21,48,29,44,36,31,18,23,21
S01013164,33,101,57,55,59,51,51,25,44
S01013165,20,79,48,60,46,40,41,22,39
S01013166,7,34,33,33,35,64,41,27,57
S01013167,10,22,35,47,39,51,34,32,66
S01013168,17,43,51,37,38,50,51,29,57
S01013169,11,52,51,43,50,61,30,17,44
S01013170,9,21,31,26,20,34,19,14,17
S01013171,31,57,39,34,34,24,32,18,13
S01013172,21,48,51,54,44,33,26,18,29
S01013173,18,91,64,51,30,41,26,24,34
S01013174,37,91,71,47,46,33,34,20,26
S01013175,31,101,82,62,60,44,41,29,37
S01013176,16,67,37,49,24,33,23,15,24
S01013177,17,62,50,42,37,29,19,19,24
S01013178,27,76,56,36,34,26,22,22,30
S01013179,21,69,51,43,39,41,35,27,23
S01013180,22,44,39,27,24,19,6,17,28
S01013181,13,69,49,47,35,32,16,20,37
S01013182,22,51,42,36,40,48,24,31,42
S01013183,20,65,56,45,39,28,23,23,37
S01013184,5,16,17,16,20,29,18,18,29
S01013185,8,37,46,37,29,43,34,25,48
S01013186,8,32,45,32,55,42,31,31,56
S01013187,17,47,53,40,33,53,29,30,47
S01013188,30,92,77,67,43,65,34,44,75
S01013189,12,36,35,31,22,19,19,22,18
S01013190,24,77,52,36,43,50,41,36,54
S01013191,63,190,135,108,77,33,42,33,58
S01013192,27,86,60,38,38,39,32,31,44
S01013193,52,152,128,60,53,60,35,34,58
S01013194,17,60,45,35,24,34,23,31,30
S01013195,31,108,117,65,86,101,75,48,88
S01013196,20,77,48,43,35,32,30,20,31
S01013197,26,80,48,27,25,23,17,12,21
S01013198,46,147,116,83,75,61,33,37,53
S01013199,37,98,56,34,30,38,31,26,33
S01013200,18,65,48,29,29,31,32,20,29
S01013201,14,36,43,19,48,55,32,28,58
S01013202,18,29,31,21,22,38,30,13,39
S01013203,12,41,41,42,49,36,41,29,45
S01013204,23,72,45,40,45,35,39,29,37
S01013205,5,33,23,28,37,36,35,13,30
S01013206,7,33,31,27,35,47,20,38,48
S01013207,24,58,80,56,35,58,46,35,69
S01013208,22,45,43,30,42,55,51,39,67
S01013209,27,55,61,42,53,32,25,21,48
S01013210,25,53,52,31,50,28,27,31,41
S01013211,21,62,35,50,41,47,33,38,55
S01013212,18,60,46,36,27,24,19,19,30
S01013213,15,47,51,41,36,28,16,17,28
S01013214,12,37,36,36,37,22,12,18,25
S01013215,50,154,139,94,87,89,47,56,86
S01013216,2,13,23,26,23,31,23,21,29
S01013217,21,28,35,32,39,44,31,38,53
S01013218,9,23,26,21,16,38,16,25,29
S01013219,6,19,23,10,24,34,21,29,30
S01013220,13,20,30,29,25,48,33,24,58
S01013221,23,57,47,41,61,51,35,34,69
S01013222,21,31,33,24,28,34,21,21,40
S01013223,29,82,55,40,47,52,26,39,51
S01013224,36,68,57,43,55,46,30,38,50
S01013225,18,52,45,33,52,43,21,28,56
S01013226,17,62,38,28,36,35,22,20,21
S01013227,21,37,38,32,25,49,28,26,35
S01013228,24,32,32,34,50,44,25,27,44
S01013229,15,40,50,27,61,53,34,26,67
S01013230,13,41,30,32,31,30,17,30,31
S01013231,16,32,34,24,31,32,27,23,40
S01013232,11,41,37,26,43,46,19,24,55
S01013233,31,61,33,29,37,24,31,15,38
S01013234,29,49,38,20,15,20,11,7,16
S01013235,24,65,49,33,43,42,28,25,50
S01013236,33,63,58,45,38,40,14,25,35
S01013237,27,70,52,46,42,31,22,34,41
S01013238,23,31,38,32,49,67,33,24,69
S01013239,28,43,54,31,43,51,28,44,72
S01013240,9,21,20,16,18,39,23,19,26
S01013241,27,101,62,42,35,33,14,16,22
S01013242,48,58,33,33,53,22,16,22,37
S01013243,15,40,34,26,36,25,36,34,36
S01013244,19,35,41,31,30,31,24,34,47
S01013245,40,78,50,54,61,35,31,52,65
S01013246,18,54,46,28,46,28,27,27,32
S01013247,13,51,44,28,44,24,36,37,63
S01013248,11,30,22,13,31,37,33,31,50
S01013249,16,21,34,31,21,17,19,27,30
S01013250,87,177,94,65,82,37,35,50,60
S01013251,15,46,26,21,43,39,38,30,63
S01013252,12,22,30,19,28,23,29,28,43
S01013253,21,47,44,28,45,25,33,41,33
S01013254,7,28,22,21,35,21,33,38,58
S01013255,17,54,58,34,72,43,43,52,75
S01013256,24,81,55,28,59,31,30,34,44
S01013257,26,57,59,39,40,17,26,36,30
S01013258,28,65,45,42,25,20,28,21,31
S01013259,19,57,57,28,50,33,46,43,46
S01013260,21,51,59,43,55,50,41,52,75
S01013261,22,34,47,39,59,33,40,51,68
S01013262,9,31,32,33,47,23,30,36,41
S01013263,47,72,37,27,10,15,21,10,11
S01013264,28,69,46,24,18,12,24,16,12
S01013265,47,101,53,35,39,19,34,10,22
S01013266,34,101,40,41,20,13,30,17,18
S01013267,17,28,32,24,13,16,31,16,36
S01013268,20,42,37,39,41,40,43,44,50
S01013269,121,268,189,116,73,64,95,74,74
S01013270,57,114,64,43,28,23,38,10,26
S01013271,46,81,38,30,8,8,6,9,8
S01013272,58,137,58,36,19,19,35,14,29
S01013273,53,140,96,71,41,42,48,29,33
S01013274,22,82,60,47,31,16,25,28,33
S01013275,26,65,44,34,23,28,38,18,23
S01013276,25,65,53,44,32,17,26,16,22
S01013277,24,60,53,50,44,46,61,37,46
S01013278,18,30,61,43,41,52,40,45,65
S01013279,11,27,29,26,33,22,52,26,46
S01013280,24,47,43,32,33,15,35,32,54
S01013281,21,41,31,33,43,33,55,47,69
S01013282,15,34,48,29,33,37,72,40,90
S01013283,27,87,59,34,47,46,50,43,80
S01013284,24,66,53,43,44,19,38,24,32
S01013285,18,62,48,53,27,22,31,20,18
S01013286,18,67,47,49,31,14,34,27,28
S01013287,37,87,67,55,29,18,43,19,23
S01013288,33,83,52,26,23,23,30,29,35
S01013289,111,218,116,58,52,44,39,22,35
S01013290,39,100,96,51,37,37,31,29,52
S01013291,23,68,47,41,40,36,44,41,44
S01013292,80,247,152,87,79,66,74,49,48
S01013293,35,56,48,53,37,24,27,24,30
S01013294,16,53,52,38,37,30,30,25,39
S01013295,18,63,51,42,54,29,35,30,31
S01013296,7,30,41,21,48,36,28,34,59
S01013297,20,43,53,33,50,28,41,37,34
S01013298,192,517,313,143,140,84,94,85,92
S01013299,43,83,61,56,74,39,39,61,85
S01013300,27,44,41,41,39,27,28,30,56
S01013301,13,28,29,36,39,24,16,33,32
S01013302,37,109,63,64,54,35,30,34,36
S01013303,19,53,49,37,35,38,48,48,57
S01013304,17,25,51,40,45,35,59,63,80
S01013305,15,37,55,36,27,39,35,50,80
S01013306,14,25,42,31,34,41,49,66,107
S01013307,15,31,42,38,45,39,47,66,123
S01013308,23,30,41,36,39,33,52,44,93
S01013309,48,131,87,63,35,36,30,35,52
S01013310,12,38,40,31,37,22,39,28,54
S01013311,13,50,42,34,42,36,58,47,66
S01013312,24,40,56,51,53,53,55,81,122
S01013313,19,28,41,30,29,29,42,38,71
S01013314,17,37,45,42,37,25,34,26,73
S01013315,46,121,85,46,27,25,31,22,47
S01013316,23,67,51,26,23,19,21,9,15
S01013317,30,65,72,40,23,19,27,24,22
S01013318,34,78,62,38,26,16,23,31,30
S01013319,41,67,48,38,14,22,34,21,27
S01013320,52,149,91,71,44,36,55,41,46
S01013321,18,36,22,23,15,19,14,20,32
S01013322,29,52,46,45,36,26,35,31,44
S01013323,23,46,48,41,50,40,53,53,80
S01013324,19,27,33,29,28,28,24,34,67
S01013325,22,62,52,50,51,36,70,53,87
S01013326,12,17,19,21,23,20,34,36,69
S01013327,10,36,45,29,33,28,28,38,66
S01013328,10,30,27,19,26,17,42,37,78
S01013329,20,26,25,24,24,18,27,28,57
S01013330,47,168,98,74,53,25,53,42,75
S01013331,30,99,47,41,31,21,44,40,42
S01013332,24,40,39,37,29,28,33,46,54
S01013333,33,74,75,51,49,30,49,45,54
S01013334,10,41,49,44,33,29,46,50,82
S01013335,6,32,30,42,31,36,34,59,87
S01013336,17,31,28,36,42,37,43,45,81
S01013337,29,60,60,42,45,34,44,32,61
S01013338,43,75,45,37,19,11,43,27,21
S01013339,20,49,43,32,33,18,23,27,31
S01013340,36,78,67,46,25,20,25,25,23
S01013341,70,173,86,62,37,22,42,38,35
S01013342,14,20,26,25,35,35,32,34,66
S01013343,23,43,37,31,24,26,36,39,52
S01013344,9,34,43,26,40,50,34,41,50
S01013345,16,34,30,39,42,37,50,41,101
S01013346,40,116,53,53,41,37,51,27,46
S01013347,30,78,52,51,37,27,38,39,55
S01013348,35,106,76,53,45,21,41,29,42
S01013349,36,113,71,63,31,22,59,40,67
S01013350,14,35,38,31,30,27,23,36,61
S01013351,17,44,40,33,19,34,38,33,46
S01013352,26,43,48,55,42,25,39,42,46
S01013353,17,38,47,32,29,27,47,40,55
S01013354,38,50,63,37,40,27,28,35,37
S01013355,28,52,46,30,44,37,34,24,39
S01013356,21,39,41,19,29,34,25,38,52
S01013357,47,73,63,60,64,35,55,43,75
S01013358,20,52,50,41,36,29,41,52,56
S01013359,21,34,36,19,29,21,35,33,48
S01013360,17,25,25,19,39,23,47,38,62
S01013361,15,21,24,18,20,26,21,32,39
S01013362,6,24,25,26,31,24,13,23,46
S01013363,17,26,41,40,29,29,33,44,79
S01013364,30,68,84,45,61,47,34,49,53
S01013365,53,85,61,63,56,32,36,55,42
S01013366,33,76,77,61,50,40,37,35,53
S01013367,34,46,44,33,16,16,21,19,23
S01013368,34,40,48,47,47,37,29,46,47
S01013369,14,21,43,27,34,45,28,51,74
S01013370,14,29,27,39,31,28,29,43,70
S01013371,19,35,28,28,32,26,23,27,26
S01013372,22,29,44,36,68,61,54,74,113
S01013373,33,36,38,58,50,34,41,63,73
S01013374,18,18,40,37,53,40,45,40,68
S01013375,12,18,22,31,29,18,24,33,29
S01013376,15,24,22,26,21,31,29,34,43
S01013377,15,40,49,38,55,29,43,44,57
S01013378,20,58,60,44,54,48,45,48,51
S01013379,12,43,43,37,28,35,38,40,53
S01013380,197,526,364,228,194,147,140,147,160
S01013381,13,21,25,18,22,16,14,17,37
S01013382,29,32,36,37,41,19,21,51,29
S01013383,18,35,42,30,36,26,36,41,39
S01013384,30,43,45,40,55,42,31,51,55
S01013385,17,28,25,29,23,27,20,26,22
S01013386,30,56,75,54,49,26,41,35,35
S01013387,15,34,34,19,40,32,37,36,47
S01013388,20,32,26,51,44,25,33,45,55
S01013389,15,49,45,37,43,25,24,40,53
S01013390,11,21,24,29,32,16,26,28,40
S01013391,26,32,30,28,16,19,17,19,27
S01013392,59,109,68,62,50,30,33,32,31
S01013393,22,50,49,36,49,32,33,27,51
S01013394,13,37,20,32,25,30,23,32,41
S01013395,9,18,19,19,32,10,29,18,53
S01013396,40,86,68,65,46,23,31,36,35
S01013397,22,47,56,56,66,39,42,44,57
S01013398,29,80,45,37,38,32,24,20,25
S01013399,49,112,109,70,80,51,43,47,58
S01013400,25,59,45,47,45,42,40,47,48
S01013401,187,518,358,225,148,109,136,135,146
S01013402,76,200,129,77,50,34,50,47,59
S01013403,71,140,100,79,28,27,52,32,45
S01013404,34,92,57,26,16,21,17,26,27
S01013405,8,47,34,42,33,19,20,30,45
S01013406,10,28,35,25,39,31,31,31,74
S01013407,16,25,37,25,32,20,38,24,41
S01013408,10,22,31,19,24,29,42,40,63
S01013409,33,76,50,55,54,40,51,45,64
S01013410,11,23,31,21,23,32,30,41,64
S01013411,27,66,71,35,39,42,30,34,64
S01013412,30,63,56,46,43,26,33,24,41
S01013413,37,106,62,36,29,26,34,27,25
S01013414,25,61,41,40,24,33,31,31,37
S01013415,14,30,29,30,28,14,24,26,51
S01013416,17,27,34,20,35,26,29,28,41
S01013417,31,58,54,41,39,22,33,38,84
S01013418,24,69,36,18,29,27,34,25,38
S01013419,10,43,32,29,36,22,15,10,17
S01013420,14,31,34,35,28,17,21,23,46
S01013421,32,92,75,47,35,30,29,36,46
S01013422,15,46,61,40,51,27,40,41,55
S01013423,37,68,54,56,40,26,34,24,47
S01013424,18,46,41,30,29,17,22,17,32
S01013425,18,31,34,22,20,10,10,21,11
S01013426,21,35,54,38,36,28,36,34,56
S01013427,42,100,64,27,21,14,27,17,26
S01013428,26,30,46,34,45,31,34,54,72
S01013429,26,51,52,38,45,32,45,49,47
S01013430,41,51,60,50,57,51,30,52,68
S01013431,26,43,31,31,36,21,32,46,42
S01013432,41,83,60,34,39,27,24,40,44
S01013433,46,112,60,39,30,15,15,25,28
S01013434,63,86,58,16,41,13,12,10,15
S01013435,44,104,58,25,9,13,11,14,20
S01013436,44,91,55,42,40,26,31,28,49
S01013437,22,66,45,37,31,24,31,27,38
S01013438,23,69,47,18,23,18,19,23,31
S01013439,50,131,60,34,19,13,12,7,7
S01013440,47,169,63,36,26,10,15,13,16
S01013441,46,140,58,26,18,7,17,10,20
S01013442,31,89,68,38,27,15,18,14,20
S01013443,45,112,57,28,24,13,16,8,12
S01013444,51,108,56,40,54,33,16,25,36
S01013445,34,88,35,24,9,20,20,6,20
S01013446,25,72,45,48,38,37,34,20,36
S01013447,41,127,52,34,17,12,11,5,9
S01013448,34,116,46,21,17,6,15,7,17
S01013449,25,94,51,30,19,12,17,6,24
S01013450,28,85,49,32,14,16,20,11,18
S01013451,43,136,76,34,32,13,23,16,9
S01013452,52,148,81,37,29,14,19,16,25
S01013453,17,52,24,20,43,35,33,47,70
S01013454,64,94,62,34,49,24,35,34,29
S01013455,114,339,193,83,99,69,69,59,60
S01013456,22,65,49,37,53,38,25,41,55
S01013457,21,55,42,48,47,38,39,47,64
S01013458,80,215,104,56,49,49,41,43,64
S01013459,28,55,57,35,39,31,27,34,60
S01013460,22,31,44,42,52,49,44,42,62
S01013461,37,83,69,64,70,55,61,60,104
S01013462,34,75,89,54,44,34,38,34,41
S01013463,20,46,66,41,46,46,44,45,87
S01013464,31,46,50,43,39,36,26,34,28
S01013465,15,46,42,33,42,21,24,25,31
S01013466,21,38,21,23,29,11,8,7,33
S01013467,45,122,73,52,59,39,31,27,48
S01013468,28,62,38,31,30,19,22,19,28
S01013469,25,64,54,32,45,27,37,18,34
S01013470,13,34,38,33,32,39,28,33,59
S01013471,29,39,43,40,46,35,50,52,80
S01013472,45,85,81,45,31,32,32,22,26
S01013473,42,90,67,55,25,16,32,26,24
S01013474,33,58,50,32,37,20,26,30,32
S01013475,15,59,46,42,41,23,26,26,30
S01013476,17,44,40,39,25,25,28,16,25
S01013477,11,46,20,25,25,30,23,34,39
S01013478,32,78,62,43,62,25,34,34,65
S01013479,19,35,40,30,29,31,32,33,60
S01013480,15,36,33,29,27,23,37,44,43
S01013481,52,126,76,62,62,44,38,42,51
,,,,,,,,,
,,,,,,,,,
Cells in this table have been randomly adjusted to avoid the release of confidential data.,,,,,,,,,