Data zone code,Data zone name,Total population
S01006506,Culter - 01,985
S01006507,Culter - 02,767
S01006508,Culter - 03,537
S01006509,Culter - 04,558
S01006510,Culter - 05,622
S01006511,Culter - 06,711
S01006512,Culter - 07,613
S01006513,"Cults, Bieldside and Milltimber West - 01",1148
S01006514,"Cults, Bieldside and Milltimber West - 02",1056
S01006515,"Cults, Bieldside and Milltimber West - 03",746
S01006516,"Cults, Bieldside and Milltimber West - 04",616
S01006517,"Cults, Bieldside and Milltimber West - 05",2145
S01006518,"Cults, Bieldside and Milltimber East - 01",654
S01006519,"Cults, Bieldside and Milltimber East - 02",832
S01006520,"Cults, Bieldside and Milltimber East - 03",684
S01006521,"Cults, Bieldside and Milltimber East - 04",723
S01006522,"Cults, Bieldside and Milltimber East - 05",702
S01006523,"Cults, Bieldside and Milltimber East - 06",884
S01006524,"Cults, Bieldside and Milltimber East - 07",1052
S01006525,"Cults, Bieldside and Milltimber East - 08",816
S01006526,Garthdee - 01,861
S01006527,Garthdee - 02,901
S01006528,Garthdee - 03,1128
S01006529,Garthdee - 04,874
S01006530,Garthdee - 05,702
S01006531,Garthdee - 06,909
S01006532,"Braeside, Mannofield, Broomhill and Seafield East - 01",661
S01006533,"Braeside, Mannofield, Broomhill and Seafield East - 02",706
S01006534,"Braeside, Mannofield, Broomhill and Seafield East - 03",882
S01006535,"Braeside, Mannofield, Broomhill and Seafield East - 04",985
S01006536,"Braeside, Mannofield, Broomhill and Seafield East - 05",718
S01006537,"Braeside, Mannofield, Broomhill and Seafield South - 01",838
S01006538,"Braeside, Mannofield, Broomhill and Seafield South - 02",564
S01006539,"Braeside, Mannofield, Broomhill and Seafield South - 03",727
S01006540,"Braeside, Mannofield, Broomhill and Seafield South - 04",855
S01006541,"Braeside, Mannofield, Broomhill and Seafield South - 05",820
S01006542,"Braeside, Mannofield, Broomhill and Seafield North - 01",1090
S01006543,"Braeside, Mannofield, Broomhill and Seafield North - 02",755
S01006544,"Braeside, Mannofield, Broomhill and Seafield North - 03",1080
S01006545,"Braeside, Mannofield, Broomhill and Seafield North - 04",999
S01006546,"Braeside, Mannofield, Broomhill and Seafield North - 05",583
S01006547,Hazlehead - 01,2326
S01006548,Hazlehead - 02,681
S01006549,Hazlehead - 03,855
S01006550,Hazlehead - 04,879
S01006551,Hazlehead - 05,541
S01006552,Hazlehead - 06,908
S01006553,Summerhill - 01,807
S01006554,Summerhill - 02,796
S01006555,Summerhill - 03,426
S01006556,Summerhill - 04,745
S01006557,Summerhill - 05,746
S01006558,Midstocket - 01,548
S01006559,Midstocket - 02,526
S01006560,Midstocket - 03,944
S01006561,Midstocket - 04,788
S01006562,Midstocket - 05,949
S01006563,Midstocket - 06,874
S01006564,Rosemount - 01,832
S01006565,Rosemount - 02,751
S01006566,Rosemount - 03,762
S01006567,Rosemount - 04,686
S01006568,Rosemount - 05,888
S01006569,Rosemount - 06,486
S01006570,Rosemount - 07,691
S01006571,West End North - 01,1020
S01006572,West End North - 02,880
S01006573,West End North - 03,710
S01006574,West End North - 04,986
S01006575,West End South - 01,889
S01006576,West End South - 02,676
S01006577,West End South - 03,739
S01006578,West End South - 04,986
S01006579,West End South - 05,824
S01006580,West End South - 06,644
S01006581,West End South - 07,865
S01006582,City Centre West - 01,905
S01006583,City Centre West - 02,846
S01006584,City Centre West - 03,602
S01006585,City Centre West - 04,829
S01006586,City Centre West - 05,1164
S01006587,City Centre East - 01,615
S01006588,City Centre East - 02,667
S01006589,City Centre East - 03,612
S01006590,City Centre East - 04,737
S01006591,Ferryhill North - 01,666
S01006592,Ferryhill North - 02,634
S01006593,Ferryhill North - 03,629
S01006594,Ferryhill North - 04,513
S01006595,Ferryhill North - 05,847
S01006596,Ferryhill North - 06,742
S01006597,Ferryhill North - 07,450
S01006598,Ferryhill South - 01,822
S01006599,Ferryhill South - 02,792
S01006600,Ferryhill South - 03,1084
S01006601,Ferryhill South - 04,892
S01006602,Ferryhill South - 05,806
S01006603,"Kincorth, Leggart and Nigg North - 01",647
S01006604,"Kincorth, Leggart and Nigg North - 02",621
S01006605,"Kincorth, Leggart and Nigg North - 03",680
S01006606,"Kincorth, Leggart and Nigg North - 04",760
S01006607,"Kincorth, Leggart and Nigg North - 05",837
S01006608,"Kincorth, Leggart and Nigg South - 01",2437
S01006609,"Kincorth, Leggart and Nigg South - 02",879
S01006610,"Kincorth, Leggart and Nigg South - 03",464
S01006611,"Kincorth, Leggart and Nigg South - 04",893
S01006612,"Kincorth, Leggart and Nigg South - 05",734
S01006613,Cove South - 01,482
S01006614,Cove South - 02,606
S01006615,Cove South - 03,779
S01006616,Cove South - 04,637
S01006617,Cove South - 05,748
S01006618,Cove South - 06,435
S01006619,Cove North - 01,739
S01006620,Cove North - 02,768
S01006621,Cove North - 03,466
S01006622,Cove North - 04,593
S01006623,Cove North - 05,973
S01006624,Torry West - 01,929
S01006625,Torry West - 02,520
S01006626,Torry West - 03,499
S01006627,Torry West - 04,669
S01006628,Torry West - 05,766
S01006629,Torry West - 06,858
S01006630,Torry West - 07,683
S01006631,Torry East - 01,912
S01006632,Torry East - 02,637
S01006633,Torry East - 03,633
S01006634,Torry East - 04,525
S01006635,Torry East - 05,615
S01006636,Torry East - 06,803
S01006637,Hanover South - 01,576
S01006638,Hanover South - 02,748
S01006639,Hanover South - 03,920
S01006640,Hanover South - 04,890
S01006641,Hanover North - 01,997
S01006642,Hanover North - 02,1313
S01006643,Hanover North - 03,586
S01006644,Hanover North - 04,1040
S01006645,George Street - 01,576
S01006646,George Street - 02,1033
S01006647,George Street - 03,602
S01006648,George Street - 04,1224
S01006649,George Street - 05,954
S01006650,George Street - 06,645
S01006651,George Street - 07,854
S01006652,George Street - 08,948
S01006653,Ashgrove - 01,580
S01006654,Ashgrove - 02,762
S01006655,Ashgrove - 03,1051
S01006656,Ashgrove - 04,898
S01006657,Ashgrove - 05,440
S01006658,"Froghall, Powis and Sunnybank - 01",1390
S01006659,"Froghall, Powis and Sunnybank - 02",611
S01006660,"Froghall, Powis and Sunnybank - 03",499
S01006661,"Froghall, Powis and Sunnybank - 04",480
S01006662,"Froghall, Powis and Sunnybank - 05",682
S01006663,"Froghall, Powis and Sunnybank - 06",469
S01006664,"Froghall, Powis and Sunnybank - 07",429
S01006665,"Froghall, Powis and Sunnybank - 08",876
S01006666,Seaton - 01,1058
S01006667,Seaton - 02,655
S01006668,Seaton - 03,795
S01006669,Seaton - 04,930
S01006670,Seaton - 05,1282
S01006671,Old Aberdeen - 01,1877
S01006672,Old Aberdeen - 02,687
S01006673,Old Aberdeen - 03,753
S01006674,Old Aberdeen - 04,766
S01006675,Tillydrone - 01,773
S01006676,Tillydrone - 02,586
S01006677,Tillydrone - 03,1014
S01006678,Tillydrone - 04,1544
S01006679,Tillydrone - 05,559
S01006680,Tillydrone - 06,880
S01006681,Woodside - 01,870
S01006682,Woodside - 02,875
S01006683,Woodside - 03,896
S01006684,Woodside - 04,634
S01006685,Woodside - 05,525
S01006686,Hilton - 01,458
S01006687,Hilton - 02,736
S01006688,Hilton - 03,845
S01006689,Hilton - 04,1073
S01006690,Hilton - 05,542
S01006691,Hilton - 06,626
S01006692,Hilton - 07,651
S01006693,Hilton - 08,1035
S01006694,Stockethill - 01,888
S01006695,Stockethill - 02,703
S01006696,Stockethill - 03,718
S01006697,Stockethill - 04,756
S01006698,Stockethill - 05,631
S01006699,Stockethill - 06,392
S01006700,Stockethill - 07,744
S01006701,Mastrick - 01,601
S01006702,Mastrick - 02,716
S01006703,Mastrick - 03,580
S01006704,Mastrick - 04,520
S01006705,Mastrick - 05,788
S01006706,Mastrick - 06,580
S01006707,Mastrick - 07,463
S01006708,Sheddocksley - 01,770
S01006709,Sheddocksley - 02,846
S01006710,Sheddocksley - 03,815
S01006711,Sheddocksley - 04,828
S01006712,Sheddocksley - 05,503
S01006713,Sheddocksley - 06,904
S01006714,Cummings Park - 01,659
S01006715,Cummings Park - 02,581
S01006716,Cummings Park - 03,549
S01006717,Cummings Park - 04,893
S01006718,Cummings Park - 05,593
S01006719,Northfield - 01,956
S01006720,Northfield - 02,576
S01006721,Northfield - 03,742
S01006722,Northfield - 04,673
S01006723,Northfield - 05,611
S01006724,Northfield - 06,828
S01006725,Northfield - 07,636
S01006726,Heathryfold and Middlefield - 01,646
S01006727,Heathryfold and Middlefield - 02,1124
S01006728,Heathryfold and Middlefield - 03,744
S01006729,Heathryfold and Middlefield - 04,1054
S01006730,Heathryfold and Middlefield - 05,641
S01006731,Heathryfold and Middlefield - 06,499
S01006732,Kingswells - 01,1646
S01006733,Kingswells - 02,850
S01006734,Kingswells - 03,951
S01006735,Kingswells - 04,522
S01006736,Kingswells - 05,1063
S01006737,Kingswells - 06,1559
S01006738,Bucksburn South - 01,1628
S01006739,Bucksburn South - 02,1809
S01006740,Bucksburn South - 03,691
S01006741,Bucksburn South - 04,639
S01006742,Bucksburn South - 05,468
S01006743,Bucksburn North - 01,853
S01006744,Bucksburn North - 02,503
S01006745,Bucksburn North - 03,873
S01006746,Bucksburn North - 04,852
S01006747,Bucksburn North - 05,1174
S01006748,Bucksburn North - 06,1684
S01006749,Dyce - 01,881
S01006750,Dyce - 02,656
S01006751,Dyce - 03,395
S01006752,Dyce - 04,639
S01006753,Dyce - 05,930
S01006754,Dyce - 06,827
S01006755,Dyce - 07,746
S01006756,Danestone - 01,751
S01006757,Danestone - 02,784
S01006758,Danestone - 03,611
S01006759,Danestone - 04,514
S01006760,Danestone - 05,467
S01006761,Danestone - 06,647
S01006762,Oldmachar West - 01,1663
S01006763,Oldmachar West - 02,833
S01006764,Oldmachar West - 03,695
S01006765,Oldmachar West - 04,560
S01006766,Oldmachar West - 05,544
S01006767,Oldmachar West - 06,639
S01006768,Oldmachar East - 01,562
S01006769,Oldmachar East - 02,884
S01006770,Oldmachar East - 03,616
S01006771,Oldmachar East - 04,390
S01006772,Oldmachar East - 05,770
S01006773,Oldmachar East - 06,916
S01006774,Oldmachar East - 07,531
S01006775,Balgownie and Donmouth West - 01,927
S01006776,Balgownie and Donmouth West - 02,512
S01006777,Balgownie and Donmouth West - 03,599
S01006778,Balgownie and Donmouth West - 04,569
S01006779,Balgownie and Donmouth West - 05,511
S01006780,Balgownie and Donmouth West - 06,462
S01006781,Balgownie and Donmouth East - 01,591
S01006782,Balgownie and Donmouth East - 02,817
S01006783,Balgownie and Donmouth East - 03,471
S01006784,Balgownie and Donmouth East - 04,543
S01006785,Denmore - 01,497
S01006786,Denmore - 02,768
S01006787,Denmore - 03,586
S01006788,Denmore - 04,2208
S01006789,East Cairngorms - 01,553
S01006790,East Cairngorms - 02,824
S01006791,East Cairngorms - 03,595
S01006792,East Cairngorms - 04,422
S01006793,East Cairngorms - 05,590
S01006794,Aboyne and South Deeside - 01,556
S01006795,Aboyne and South Deeside - 02,752
S01006796,Aboyne and South Deeside - 03,964
S01006797,Aboyne and South Deeside - 04,576
S01006798,Aboyne and South Deeside - 05,608
S01006799,Aboyne and South Deeside - 06,874
S01006800,Aboyne and South Deeside - 07,862
S01006801,Mearns and Laurencekirk - 01,1444
S01006802,Mearns and Laurencekirk - 02,787
S01006803,Mearns and Laurencekirk - 03,642
S01006804,Mearns and Laurencekirk - 04,751
S01006805,Mearns and Laurencekirk - 05,1109
S01006806,Mearns South and Benholm - 01,1121
S01006807,Mearns South and Benholm - 02,680
S01006808,Mearns South and Benholm - 03,712
S01006809,Mearns South and Benholm - 04,847
S01006810,Mearns South and Benholm - 05,898
S01006811,Mearns North and Inverbervie - 01,1116
S01006812,Mearns North and Inverbervie - 02,909
S01006813,Mearns North and Inverbervie - 03,834
S01006814,Mearns North and Inverbervie - 04,769
S01006815,Mearns North and Inverbervie - 05,601
S01006816,Mearns North and Inverbervie - 06,615
S01006817,Mearns North and Inverbervie - 07,831
S01006818,"Fetteresso, Netherley and Catter - 01",803
S01006819,"Fetteresso, Netherley and Catter - 02",1155
S01006820,"Fetteresso, Netherley and Catter - 03",722
S01006821,"Fetteresso, Netherley and Catter - 04",1902
S01006822,"Fetteresso, Netherley and Catter - 05",1104
S01006823,Stonehaven South - 01,663
S01006824,Stonehaven South - 02,840
S01006825,Stonehaven South - 03,720
S01006826,Stonehaven South - 04,869
S01006827,Stonehaven South - 05,773
S01006828,Stonehaven South - 06,793
S01006829,Stonehaven South - 07,404
S01006830,Stonehaven North - 01,707
S01006831,Stonehaven North - 02,466
S01006832,Stonehaven North - 03,911
S01006833,Stonehaven North - 04,464
S01006834,Stonehaven North - 05,467
S01006835,Stonehaven North - 06,775
S01006836,Stonehaven North - 07,551
S01006837,Stonehaven North - 08,533
S01006838,Stonehaven North - 09,603
S01006839,Newtonhill - 01,790
S01006840,Newtonhill - 02,1048
S01006841,Newtonhill - 03,789
S01006842,Portlethen - 01,701
S01006843,Portlethen - 02,742
S01006844,Portlethen - 03,605
S01006845,Portlethen - 04,844
S01006846,Portlethen - 05,469
S01006847,Portlethen - 06,638
S01006848,Banchory-Devenick and Findon - 01,1744
S01006849,Banchory-Devenick and Findon - 02,2120
S01006850,Banchory-Devenick and Findon - 03,903
S01006851,Banchory-Devenick and Findon - 04,725
S01006852,Banchory-Devenick and Findon - 05,565
S01006853,"Dunecht, Durris and Drumoak - 01",960
S01006854,"Dunecht, Durris and Drumoak - 02",895
S01006855,"Dunecht, Durris and Drumoak - 03",823
S01006856,"Dunecht, Durris and Drumoak - 04",733
S01006857,"Dunecht, Durris and Drumoak - 05",1224
S01006858,"Dunecht, Durris and Drumoak - 06",641
S01006859,Banchory East - 01,956
S01006860,Banchory East - 02,403
S01006861,Banchory East - 03,560
S01006862,Banchory East - 04,710
S01006863,Banchory East - 05,640
S01006864,Banchory East - 06,760
S01006865,Banchory West - 01,992
S01006866,Banchory West - 02,516
S01006867,Banchory West - 03,656
S01006868,Banchory West - 04,784
S01006869,Crathes and Torphins - 01,512
S01006870,Crathes and Torphins - 02,441
S01006871,Crathes and Torphins - 03,661
S01006872,Crathes and Torphins - 04,1254
S01006873,Crathes and Torphins - 05,1057
S01006874,Crathes and Torphins - 06,545
S01006875,Cromar and Kildrummy - 01,705
S01006876,Cromar and Kildrummy - 02,959
S01006877,Cromar and Kildrummy - 03,910
S01006878,Cromar and Kildrummy - 04,695
S01006879,Cromar and Kildrummy - 05,747
S01006880,Howe of Alford - 01,741
S01006881,Howe of Alford - 02,573
S01006882,Howe of Alford - 03,312
S01006883,Howe of Alford - 04,427
S01006884,Howe of Alford - 05,882
S01006885,Howe of Alford - 06,1159
S01006886,Howe of Alford - 07,1026
S01006887,Howe of Alford - 08,725
S01006888,Howe of Alford - 09,900
S01006889,Kemnay - 01,753
S01006890,Kemnay - 02,580
S01006891,Kemnay - 03,981
S01006892,Kemnay - 04,584
S01006893,Kemnay - 05,472
S01006894,Inverurie North - 01,902
S01006895,Inverurie North - 02,573
S01006896,Inverurie North - 03,768
S01006897,Inverurie North - 04,648
S01006898,Inverurie North - 05,718
S01006899,Inverurie North - 06,548
S01006900,Inverurie North - 07,461
S01006901,Inverurie North - 08,546
S01006902,Inverurie South - 01,603
S01006903,Inverurie South - 02,858
S01006904,Inverurie South - 03,625
S01006905,Inverurie South - 04,849
S01006906,Inverurie South - 05,753
S01006907,Inverurie South - 06,674
S01006908,Inverurie South - 07,770
S01006909,Durno-Chapel of Garioch - 01,1198
S01006910,Durno-Chapel of Garioch - 02,1038
S01006911,Durno-Chapel of Garioch - 03,765
S01006912,Durno-Chapel of Garioch - 04,895
S01006913,Durno-Chapel of Garioch - 05,2632
S01006914,Durno-Chapel of Garioch - 06,691
S01006915,Durno-Chapel of Garioch - 07,876
S01006916,Kintore - 01,511
S01006917,Kintore - 02,1048
S01006918,Kintore - 03,484
S01006919,Kintore - 04,428
S01006920,Kintore - 05,447
S01006921,Kintore - 06,802
S01006922,Kintore - 07,740
S01006923,Kintore - 08,778
S01006924,Kintore - 09,545
S01006925,Blackburn - 01,410
S01006926,Blackburn - 02,729
S01006927,Blackburn - 03,1124
S01006928,Blackburn - 04,1142
S01006929,Westhill North and South - 01,785
S01006930,Westhill North and South - 02,811
S01006931,Westhill North and South - 03,349
S01006932,Westhill North and South - 04,1201
S01006933,Westhill North and South - 05,488
S01006934,Westhill North and South - 06,1209
S01006935,Westhill Central - 01,645
S01006936,Westhill Central - 02,562
S01006937,Westhill Central - 03,708
S01006938,Westhill Central - 04,419
S01006939,Westhill Central - 05,553
S01006940,Westhill Central - 06,828
S01006941,Garlogie and Elrick - 01,571
S01006942,Garlogie and Elrick - 02,909
S01006943,Garlogie and Elrick - 03,655
S01006944,Garlogie and Elrick - 04,1142
S01006945,Garlogie and Elrick - 05,430
S01006946,Newmachar and Fintray - 01,680
S01006947,Newmachar and Fintray - 02,793
S01006948,Newmachar and Fintray - 03,908
S01006949,Newmachar and Fintray - 04,685
S01006950,Newmachar and Fintray - 05,791
S01006951,Newmachar and Fintray - 06,438
S01006952,Balmedie and Potterton - 01,880
S01006953,Balmedie and Potterton - 02,781
S01006954,Balmedie and Potterton - 03,892
S01006955,Balmedie and Potterton - 04,556
S01006956,Balmedie and Potterton - 05,1014
S01006957,Balmedie and Potterton - 06,1072
S01006958,Ellon East - 01,1367
S01006959,Ellon East - 02,693
S01006960,Ellon East - 03,939
S01006961,Ellon East - 04,959
S01006962,Ellon East - 05,803
S01006963,Ellon East - 06,636
S01006964,Ellon East - 07,690
S01006965,Ellon West - 01,447
S01006966,Ellon West - 02,569
S01006967,Ellon West - 03,612
S01006968,Ellon West - 04,420
S01006969,Ellon West - 05,834
S01006970,Ellon West - 06,657
S01006971,Ellon West - 07,519
S01006972,Ythanside - 01,739
S01006973,Ythanside - 02,827
S01006974,Ythanside - 03,959
S01006975,Ythanside - 04,1048
S01006976,Ythanside - 05,461
S01006977,Ythanside - 06,777
S01006978,Ythsie - 01,998
S01006979,Ythsie - 02,998
S01006980,Ythsie - 03,892
S01006981,Ythsie - 04,797
S01006982,Ythsie - 05,914
S01006983,Ythsie - 06,691
S01006984,Ythsie - 07,962
S01006985,Barrahill - 01,986
S01006986,Barrahill - 02,773
S01006987,Barrahill - 03,624
S01006988,Barrahill - 04,479
S01006989,Barrahill - 05,1298
S01006990,Barrahill - 06,848
S01006991,Fyvie-Rothie - 01,426
S01006992,Fyvie-Rothie - 02,606
S01006993,Fyvie-Rothie - 03,544
S01006994,Fyvie-Rothie - 04,547
S01006995,Fyvie-Rothie - 05,893
S01006996,Fyvie-Rothie - 06,946
S01006997,"Insch, Oyne and Ythanwells - 01",800
S01006998,"Insch, Oyne and Ythanwells - 02",1359
S01006999,"Insch, Oyne and Ythanwells - 03",879
S01007000,"Insch, Oyne and Ythanwells - 04",944
S01007001,"Insch, Oyne and Ythanwells - 05",1064
S01007002,Clashindarroch - 01,675
S01007003,Clashindarroch - 02,523
S01007004,Clashindarroch - 03,790
S01007005,Clashindarroch - 04,901
S01007006,Clashindarroch - 05,838
S01007007,Clashindarroch - 06,795
S01007008,Huntly - 01,998
S01007009,Huntly - 02,1007
S01007010,Huntly - 03,765
S01007011,Huntly - 04,789
S01007012,Huntly - 05,681
S01007013,Auchterless and Monquhitter - 01,532
S01007014,Auchterless and Monquhitter - 02,1053
S01007015,Auchterless and Monquhitter - 03,633
S01007016,Auchterless and Monquhitter - 04,578
S01007017,Turriff - 01,960
S01007018,Turriff - 02,812
S01007019,Turriff - 03,534
S01007020,Turriff - 04,641
S01007021,Turriff - 05,818
S01007022,Turriff - 06,455
S01007023,"Portsoy, Fordyce and Cornhill - 01",481
S01007024,"Portsoy, Fordyce and Cornhill - 02",997
S01007025,"Portsoy, Fordyce and Cornhill - 03",867
S01007026,"Portsoy, Fordyce and Cornhill - 04",870
S01007027,Aberchirder and Whitehills - 01,1022
S01007028,Aberchirder and Whitehills - 02,1221
S01007029,Aberchirder and Whitehills - 03,556
S01007030,Aberchirder and Whitehills - 04,784
S01007031,Aberchirder and Whitehills - 05,593
S01007032,Banff - 01,925
S01007033,Banff - 02,598
S01007034,Banff - 03,511
S01007035,Banff - 04,822
S01007036,Banff - 05,901
S01007037,Macduff - 01,863
S01007038,Macduff - 02,610
S01007039,Macduff - 03,999
S01007040,Macduff - 04,575
S01007041,Macduff - 05,713
S01007042,Gardenstown and King Edward - 01,766
S01007043,Gardenstown and King Edward - 02,966
S01007044,Gardenstown and King Edward - 03,638
S01007045,Gardenstown and King Edward - 04,791
S01007046,New Pitsligo - 01,561
S01007047,New Pitsligo - 02,587
S01007048,New Pitsligo - 03,812
S01007049,New Pitsligo - 04,929
S01007050,Deer and Mormond - 01,686
S01007051,Deer and Mormond - 02,736
S01007052,Deer and Mormond - 03,1003
S01007053,Deer and Mormond - 04,531
S01007054,Deer and Mormond - 05,961
S01007055,Deer and Mormond - 06,587
S01007056,Deer and Mormond - 07,697
S01007057,Mintlaw - 01,500
S01007058,Mintlaw - 02,529
S01007059,Mintlaw - 03,1011
S01007060,Mintlaw - 04,493
S01007061,Auchnagatt - 01,933
S01007062,Auchnagatt - 02,700
S01007063,Auchnagatt - 03,671
S01007064,Auchnagatt - 04,1005
S01007065,Cruden - 01,607
S01007066,Cruden - 02,876
S01007067,Cruden - 03,465
S01007068,Cruden - 04,682
S01007069,Cruden - 05,826
S01007070,Cruden - 06,484
S01007071,Cruden - 07,787
S01007072,Peterhead Links - 01,642
S01007073,Peterhead Links - 02,1082
S01007074,Peterhead Links - 03,581
S01007075,Peterhead Links - 04,682
S01007076,Peterhead Links - 05,658
S01007077,Peterhead Links - 06,710
S01007078,Peterhead Bay - 01,747
S01007079,Peterhead Bay - 02,899
S01007080,Peterhead Bay - 03,768
S01007081,Peterhead Harbour - 01,734
S01007082,Peterhead Harbour - 02,498
S01007083,Peterhead Harbour - 03,990
S01007084,Peterhead Harbour - 04,582
S01007085,Peterhead Harbour - 05,902
S01007086,Peterhead Harbour - 06,1135
S01007087,Peterhead Harbour - 07,938
S01007088,Peterhead Harbour - 08,533
S01007089,Peterhead Ugieside - 01,473
S01007090,Peterhead Ugieside - 02,423
S01007091,Peterhead Ugieside - 03,837
S01007092,Peterhead Ugieside - 04,549
S01007093,Peterhead Ugieside - 05,860
S01007094,Peterhead Ugieside - 06,868
S01007095,Longside and Rattray - 01,560
S01007096,Longside and Rattray - 02,922
S01007097,Longside and Rattray - 03,2397
S01007098,Longside and Rattray - 04,1151
S01007099,Longside and Rattray - 05,872
S01007100,Longside and Rattray - 06,746
S01007101,Longside and Rattray - 07,811
S01007102,Longside and Rattray - 08,713
S01007103,Rosehearty and Strathbeg - 01,809
S01007104,Rosehearty and Strathbeg - 02,583
S01007105,Rosehearty and Strathbeg - 03,518
S01007106,Rosehearty and Strathbeg - 04,637
S01007107,Rosehearty and Strathbeg - 05,755
S01007108,Rosehearty and Strathbeg - 06,1352
S01007109,Rosehearty and Strathbeg - 07,828
S01007110,Rosehearty and Strathbeg - 08,764
S01007111,Rosehearty and Strathbeg - 09,477
S01007112,Fraserburgh Smiddyhill - 01,515
S01007113,Fraserburgh Smiddyhill - 02,550
S01007114,Fraserburgh Smiddyhill - 03,860
S01007115,Fraserburgh Smiddyhill - 04,636
S01007116,Fraserburgh Smiddyhill - 05,878
S01007117,Fraserburgh Smiddyhill - 06,426
S01007118,Fraserburgh Lochpots - 01,632
S01007119,Fraserburgh Lochpots - 02,680
S01007120,Fraserburgh Lochpots - 03,995
S01007121,Fraserburgh Central-Academy - 01,491
S01007122,Fraserburgh Central-Academy - 02,545
S01007123,Fraserburgh Central-Academy - 03,731
S01007124,Fraserburgh Central-Academy - 04,833
S01007125,Fraserburgh Harbour and Broadsea - 01,795
S01007126,Fraserburgh Harbour and Broadsea - 02,901
S01007127,Fraserburgh Harbour and Broadsea - 03,885
S01007128,Fraserburgh Harbour and Broadsea - 04,743
S01007129,South Angus - 01,915
S01007130,South Angus - 02,555
S01007131,South Angus - 03,748
S01007132,South Angus - 04,660
S01007133,South Angus - 05,587
S01007134,South Angus - 06,629
S01007135,South Angus - 07,501
S01007136,South Angus - 08,610
S01007137,Monikie - 01,727
S01007138,Monikie - 02,601
S01007139,Monikie - 03,727
S01007140,Monikie - 04,1143
S01007141,Monikie - 05,1196
S01007142,Monikie - 06,1126
S01007143,Monikie - 07,612
S01007144,Monikie - 08,916
S01007145,Monifieth West - 01,940
S01007146,Monifieth West - 02,728
S01007147,Monifieth West - 03,672
S01007148,Monifieth West - 04,476
S01007149,Monifieth East - 01,513
S01007150,Monifieth East - 02,806
S01007151,Monifieth East - 03,1185
S01007152,Monifieth East - 04,527
S01007153,Monifieth East - 05,667
S01007154,Monifieth East - 06,735
S01007155,Monifieth East - 07,628
S01007156,Carnoustie West - 01,701
S01007157,Carnoustie West - 02,616
S01007158,Carnoustie West - 03,870
S01007159,Carnoustie West - 04,1176
S01007160,Carnoustie West - 05,818
S01007161,Carnoustie West - 06,721
S01007162,Carnoustie West - 07,496
S01007163,Carnoustie East - 01,917
S01007164,Carnoustie East - 02,573
S01007165,Carnoustie East - 03,796
S01007166,Carnoustie East - 04,640
S01007167,Carnoustie East - 05,752
S01007168,Carnoustie East - 06,893
S01007169,Carnoustie East - 07,711
S01007170,Arbroath Landward - 01,698
S01007171,Arbroath Landward - 02,1414
S01007172,Arbroath Landward - 03,994
S01007173,Arbroath Kirkton - 01,827
S01007174,Arbroath Kirkton - 02,988
S01007175,Arbroath Kirkton - 03,688
S01007176,Arbroath Kirkton - 04,635
S01007177,Arbroath Kirkton - 05,565
S01007178,Arbroath Kirkton - 06,750
S01007179,Arbroath Kirkton - 07,851
S01007180,Arbroath Keptie - 01,783
S01007181,Arbroath Keptie - 02,686
S01007182,Arbroath Keptie - 03,932
S01007183,Arbroath Keptie - 04,1052
S01007184,Arbroath Harbour - 01,972
S01007185,Arbroath Harbour - 02,838
S01007186,Arbroath Harbour - 03,555
S01007187,Arbroath Harbour - 04,698
S01007188,Arbroath Harbour - 05,587
S01007189,Arbroath Harbour - 06,809
S01007190,Arbroath Cliffburn - 01,788
S01007191,Arbroath Cliffburn - 02,483
S01007192,Arbroath Cliffburn - 03,1160
S01007193,Arbroath Cliffburn - 04,684
S01007194,Arbroath Cliffburn - 05,495
S01007195,Arbroath Cliffburn - 06,572
S01007196,Arbroath Cliffburn - 07,929
S01007197,Arbroath Warddykes - 01,587
S01007198,Arbroath Warddykes - 02,507
S01007199,Arbroath Warddykes - 03,694
S01007200,Arbroath Warddykes - 04,820
S01007201,Arbroath Warddykes - 05,687
S01007202,Arbroath Warddykes - 06,684
S01007203,Arbroath Warddykes - 07,456
S01007204,Lunan - 01,942
S01007205,Lunan - 02,657
S01007206,Lunan - 03,338
S01007207,Lunan - 04,839
S01007208,Montrose South - 01,972
S01007209,Montrose South - 02,709
S01007210,Montrose South - 03,639
S01007211,Montrose South - 04,950
S01007212,Montrose South - 05,390
S01007213,Montrose South - 06,808
S01007214,Montrose South - 07,663
S01007215,Montrose North - 01,568
S01007216,Montrose North - 02,848
S01007217,Montrose North - 03,883
S01007218,Montrose North - 04,827
S01007219,Montrose North - 05,687
S01007220,Montrose North - 06,750
S01007221,Hillside - 01,991
S01007222,Hillside - 02,651
S01007223,Hillside - 03,586
S01007224,Hillside - 04,594
S01007225,Hillside - 05,839
S01007226,Friockheim - 01,734
S01007227,Friockheim - 02,900
S01007228,Friockheim - 03,565
S01007229,Friockheim - 04,1145
S01007230,Brechin East - 01,729
S01007231,Brechin East - 02,675
S01007232,Brechin East - 03,720
S01007233,Brechin East - 04,655
S01007234,Brechin East - 05,598
S01007235,Brechin West - 01,829
S01007236,Brechin West - 02,610
S01007237,Brechin West - 03,607
S01007238,Brechin West - 04,803
S01007239,Brechin West - 05,986
S01007240,Letham and Glamis - 01,608
S01007241,Letham and Glamis - 02,611
S01007242,Letham and Glamis - 03,985
S01007243,Letham and Glamis - 04,637
S01007244,Letham and Glamis - 05,701
S01007245,Letham and Glamis - 06,684
S01007246,Letham and Glamis - 07,862
S01007247,Letham and Glamis - 08,668
S01007248,Forfar East - 01,717
S01007249,Forfar East - 02,489
S01007250,Forfar East - 03,719
S01007251,Forfar East - 04,485
S01007252,Forfar East - 05,700
S01007253,Forfar East - 06,1274
S01007254,Forfar Central - 01,674
S01007255,Forfar Central - 02,768
S01007256,Forfar Central - 03,798
S01007257,Forfar Central - 04,541
S01007258,Forfar Central - 05,736
S01007259,Forfar Central - 06,875
S01007260,Forfar West - 01,767
S01007261,Forfar West - 02,833
S01007262,Forfar West - 03,703
S01007263,Forfar West - 04,681
S01007264,Forfar West - 05,700
S01007265,Forfar West - 06,990
S01007266,Kirriemuir Landward - 01,640
S01007267,Kirriemuir Landward - 02,570
S01007268,Kirriemuir Landward - 03,611
S01007269,Kirriemuir Landward - 04,377
S01007270,Kirriemuir Landward - 05,541
S01007271,Kirriemuir - 01,930
S01007272,Kirriemuir - 02,851
S01007273,Kirriemuir - 03,621
S01007274,Kirriemuir - 04,770
S01007275,Kirriemuir - 05,584
S01007276,Kirriemuir - 06,926
S01007277,Kirriemuir - 07,722
S01007278,Kirriemuir - 08,507
S01007279,Angus Glens - 01,584
S01007280,Angus Glens - 02,578
S01007281,Angus Glens - 03,848
S01007282,Angus Glens - 04,533
S01007283,Angus Glens - 05,906
S01007284,"Mull, Iona, Coll and Tiree - 01",863
S01007285,"Mull, Iona, Coll and Tiree - 02",934
S01007286,"Mull, Iona, Coll and Tiree - 03",1037
S01007287,"Mull, Iona, Coll and Tiree - 04",637
S01007288,"Mull, Iona, Coll and Tiree - 05",643
S01007289,Oban South - 01,836
S01007290,Oban South - 02,999
S01007291,Oban South - 03,618
S01007292,Oban South - 04,652
S01007293,Oban South - 05,651
S01007294,Oban South - 06,886
S01007295,Oban South - 07,402
S01007296,Oban South - 08,540
S01007297,Oban North - 01,829
S01007298,Oban North - 02,508
S01007299,Oban North - 03,690
S01007300,Oban North - 04,440
S01007301,Benderloch Trail - 01,1290
S01007302,Benderloch Trail - 02,554
S01007303,Benderloch Trail - 03,1043
S01007304,Benderloch Trail - 04,746
S01007305,Benderloch Trail - 05,731
S01007306,Benderloch Trail - 06,787
S01007307,Benderloch Trail - 07,901
S01007308,Loch Awe - 01,831
S01007309,Loch Awe - 02,746
S01007310,Loch Awe - 03,814
S01007311,Mid Argyll - 01,755
S01007312,Mid Argyll - 02,728
S01007313,Mid Argyll - 03,1034
S01007314,Mid Argyll - 04,643
S01007315,Greater Lochgilphead - 01,745
S01007316,Greater Lochgilphead - 02,827
S01007317,Greater Lochgilphead - 03,826
S01007318,Greater Lochgilphead - 04,554
S01007319,Greater Lochgilphead - 05,713
S01007320,Knapdale - 01,766
S01007321,Knapdale - 02,646
S01007322,Knapdale - 03,702
S01007323,Knapdale - 04,432
S01007324,Whisky Isles - 01,368
S01007325,Whisky Isles - 02,827
S01007326,Whisky Isles - 03,1000
S01007327,Whisky Isles - 04,695
S01007328,Whisky Isles - 05,661
S01007329,Kintyre Trail - 01,785
S01007330,Kintyre Trail - 02,730
S01007331,Kintyre Trail - 03,1031
S01007332,Kintyre Trail - 04,493
S01007333,Campbeltown - 01,657
S01007334,Campbeltown - 02,548
S01007335,Campbeltown - 03,783
S01007336,Campbeltown - 04,503
S01007337,Campbeltown - 05,607
S01007338,Campbeltown - 06,686
S01007339,Campbeltown - 07,607
S01007340,Bute - 01,497
S01007341,Bute - 02,685
S01007342,Bute - 03,707
S01007343,Bute - 04,686
S01007344,Rothesay Town - 01,393
S01007345,Rothesay Town - 02,502
S01007346,Rothesay Town - 03,493
S01007347,Rothesay Town - 04,579
S01007348,Rothesay Town - 05,536
S01007349,Rothesay Town - 06,414
S01007350,Rothesay Town - 07,510
S01007351,Cowal South - 01,753
S01007352,Cowal South - 02,558
S01007353,Cowal South - 03,660
S01007354,Cowal South - 04,719
S01007355,Cowal North - 01,1025
S01007356,Cowal North - 02,667
S01007357,Cowal North - 03,702
S01007358,Cowal North - 04,799
S01007359,Hunter's Quay - 01,859
S01007360,Hunter's Quay - 02,504
S01007361,Hunter's Quay - 03,944
S01007362,Hunter's Quay - 04,714
S01007363,Hunter's Quay - 05,645
S01007364,Hunter's Quay - 06,774
S01007365,Hunter's Quay - 07,466
S01007366,Dunoon - 01,491
S01007367,Dunoon - 02,490
S01007368,Dunoon - 03,564
S01007369,Dunoon - 04,685
S01007370,Dunoon - 05,639
S01007371,Dunoon - 06,619
S01007372,Dunoon - 07,840
S01007373,Garelochhead - 01,538
S01007374,Garelochhead - 02,440
S01007375,Garelochhead - 03,403
S01007376,Garelochhead - 04,766
S01007377,Garelochhead - 05,604
S01007378,Garelochhead - 06,2791
S01007379,Garelochhead - 07,598
S01007380,Garelochhead - 08,547
S01007381,Helensburgh West and Rhu - 01,534
S01007382,Helensburgh West and Rhu - 02,629
S01007383,Helensburgh West and Rhu - 03,714
S01007384,Helensburgh West and Rhu - 04,823
S01007385,Helensburgh West and Rhu - 05,838
S01007386,Helensburgh West and Rhu - 06,785
S01007387,Helensburgh North - 01,756
S01007388,Helensburgh North - 02,596
S01007389,Helensburgh North - 03,609
S01007390,Helensburgh North - 04,590
S01007391,Helensburgh North - 05,527
S01007392,Helensburgh North - 06,442
S01007393,Helensburgh North - 07,808
S01007394,Helensburgh Centre - 01,625
S01007395,Helensburgh Centre - 02,888
S01007396,Helensburgh Centre - 03,673
S01007397,Helensburgh Centre - 04,906
S01007398,Helensburgh East - 01,621
S01007399,Helensburgh East - 02,565
S01007400,Helensburgh East - 03,651
S01007401,Helensburgh East - 04,740
S01007402,Helensburgh East - 05,593
S01007403,Helensburgh East - 06,1282
S01007404,Lomond Shore - 01,526
S01007405,Lomond Shore - 02,625
S01007406,Lomond Shore - 03,673
S01007407,Lomond Shore - 04,622
S01007408,Lomond Shore - 05,523
S01007409,Tullibody South - 01,709
S01007410,Tullibody South - 02,653
S01007411,Tullibody South - 03,844
S01007412,Tullibody South - 04,436
S01007413,Tullibody South - 05,869
S01007414,Tullibody South - 06,681
S01007415,Tullibody North and Glenochil - 01,885
S01007416,Tullibody North and Glenochil - 02,536
S01007417,Tullibody North and Glenochil - 03,993
S01007418,Tullibody North and Glenochil - 04,642
S01007419,Tullibody North and Glenochil - 05,872
S01007420,Tullibody North and Glenochil - 06,1476
S01007421,Menstrie - 01,676
S01007422,Menstrie - 02,607
S01007423,Menstrie - 03,784
S01007424,Menstrie - 04,761
S01007425,Alva - 01,835
S01007426,Alva - 02,860
S01007427,Alva - 03,582
S01007428,Alva - 04,815
S01007429,Alva - 05,889
S01007430,Alva - 06,396
S01007431,Alva - 07,445
S01007432,"Fishcross, Devon Village and Coalsnaughton - 01",911
S01007433,"Fishcross, Devon Village and Coalsnaughton - 02",1048
S01007434,"Fishcross, Devon Village and Coalsnaughton - 03",452
S01007435,Tillicoultry - 01,654
S01007436,Tillicoultry - 02,629
S01007437,Tillicoultry - 03,405
S01007438,Tillicoultry - 04,604
S01007439,Tillicoultry - 05,652
S01007440,Tillicoultry - 06,612
S01007441,Tillicoultry - 07,488
S01007442,Tillicoultry - 08,429
S01007443,Dollar and Muckhart - 01,890
S01007444,Dollar and Muckhart - 02,1079
S01007445,Dollar and Muckhart - 03,631
S01007446,Dollar and Muckhart - 04,463
S01007447,Dollar and Muckhart - 05,489
S01007448,"Clackmannan, Kennet and Forestmill - 01",960
S01007449,"Clackmannan, Kennet and Forestmill - 02",883
S01007450,"Clackmannan, Kennet and Forestmill - 03",675
S01007451,"Clackmannan, Kennet and Forestmill - 04",568
S01007452,"Clackmannan, Kennet and Forestmill - 05",1269
S01007453,"Clackmannan, Kennet and Forestmill - 06",821
S01007454,Sauchie - 01,549
S01007455,Sauchie - 02,834
S01007456,Sauchie - 03,792
S01007457,Sauchie - 04,965
S01007458,Sauchie - 05,472
S01007459,Sauchie - 06,577
S01007460,Sauchie - 07,789
S01007461,Alloa South and East - 01,623
S01007462,Alloa South and East - 02,713
S01007463,Alloa South and East - 03,1069
S01007464,Alloa South and East - 04,663
S01007465,Alloa South and East - 05,742
S01007466,Alloa South and East - 06,931
S01007467,Alloa North - 01,955
S01007468,Alloa North - 02,563
S01007469,Alloa North - 03,917
S01007470,Alloa North - 04,651
S01007471,Alloa North - 05,424
S01007472,Alloa North - 06,566
S01007473,Alloa North - 07,413
S01007474,Alloa North - 08,483
S01007475,Alloa North - 09,800
S01007476,Alloa West - 01,748
S01007477,Alloa West - 02,483
S01007478,Alloa West - 03,916
S01007479,Alloa West - 04,566
S01007480,Alloa West - 05,688
S01007481,Stranraer West - 01,923
S01007482,Stranraer West - 02,432
S01007483,Stranraer West - 03,665
S01007484,Stranraer West - 04,467
S01007485,Stranraer West - 05,320
S01007486,Stranraer West - 06,680
S01007487,Stranraer East - 01,677
S01007488,Stranraer East - 02,956
S01007489,Stranraer East - 03,782
S01007490,Stranraer South - 01,920
S01007491,Stranraer South - 02,1142
S01007492,Stranraer South - 03,545
S01007493,Stranraer South - 04,723
S01007494,Rhins North - 01,514
S01007495,Rhins North - 02,762
S01007496,Rhins North - 03,776
S01007497,Rhins North - 04,605
S01007498,Rhins North - 05,705
S01007499,Rhins South - 01,842
S01007500,Rhins South - 02,527
S01007501,Rhins South - 03,684
S01007502,Machars North - 01,431
S01007503,Machars North - 02,935
S01007504,Machars North - 03,590
S01007505,Machars North - 04,367
S01007506,Machars South - 01,547
S01007507,Machars South - 02,850
S01007508,Machars South - 03,657
S01007509,Machars South - 04,594
S01007510,Machars South - 05,981
S01007511,Machars South - 06,715
S01007512,Machars South - 07,490
S01007513,Newton Stewart - 01,939
S01007514,Newton Stewart - 02,531
S01007515,Newton Stewart - 03,690
S01007516,Newton Stewart - 04,571
S01007517,Newton Stewart - 05,474
S01007518,Newton Stewart - 06,753
S01007519,Newton Stewart - 07,381
S01007520,Newton Stewart - 08,1008
S01007521,Gatehouse - 01,478
S01007522,Gatehouse - 02,1012
S01007523,Gatehouse - 03,584
S01007524,Gatehouse - 04,896
S01007525,Gatehouse - 05,610
S01007526,Kirkcudbright - 01,679
S01007527,Kirkcudbright - 02,829
S01007528,Kirkcudbright - 03,641
S01007529,Kirkcudbright - 04,616
S01007530,Kirkcudbright - 05,574
S01007531,Kirkcudbright - 06,610
S01007532,Kirkcudbright - 07,518
S01007533,Kirkcudbright - 08,405
S01007534,Castle Douglas - 01,928
S01007535,Castle Douglas - 02,967
S01007536,Castle Douglas - 03,919
S01007537,Castle Douglas - 04,1052
S01007538,Castle Douglas - 05,881
S01007539,Dalbeattie - 01,640
S01007540,Dalbeattie - 02,881
S01007541,Dalbeattie - 03,796
S01007542,Dalbeattie - 04,837
S01007543,Dalbeattie - 05,984
S01007544,Dalbeattie Rural - 01,1039
S01007545,Dalbeattie Rural - 02,787
S01007546,Dalbeattie Rural - 03,514
S01007547,Glenkens - 01,618
S01007548,Glenkens - 02,660
S01007549,Glenkens - 03,726
S01007550,Glenkens - 04,893
S01007551,Glenkens - 05,725
S01007552,Upper Nithsdale - 01,902
S01007553,Upper Nithsdale - 02,759
S01007554,Upper Nithsdale - 03,418
S01007555,Upper Nithsdale - 04,540
S01007556,Upper Nithsdale - 05,459
S01007557,Upper Nithsdale - 06,1033
S01007558,Upper Nithsdale - 07,422
S01007559,Thornhill - 01,666
S01007560,Thornhill - 02,947
S01007561,Thornhill - 03,720
S01007562,Thornhill - 04,778
S01007563,Thornhill - 05,757
S01007564,Mid Nithsdale - 01,700
S01007565,Mid Nithsdale - 02,1001
S01007566,Mid Nithsdale - 03,604
S01007567,Mid Nithsdale - 04,551
S01007568,Mid Nithsdale - 05,641
S01007569,Mid Nithsdale - 06,814
S01007570,Shawhead - 01,1033
S01007571,Shawhead - 02,517
S01007572,Shawhead - 03,1079
S01007573,Shawhead - 04,922
S01007574,Lochside and Lincluden - 01,894
S01007575,Lochside and Lincluden - 02,642
S01007576,Lochside and Lincluden - 03,528
S01007577,Lochside and Lincluden - 04,687
S01007578,Lochside and Lincluden - 05,692
S01007579,Lochside and Lincluden - 06,596
S01007580,Lochside and Lincluden - 07,770
S01007581,Lochside and Lincluden - 08,512
S01007582,Summerville - 01,648
S01007583,Summerville - 02,959
S01007584,Summerville - 03,604
S01007585,Summerville - 04,946
S01007586,Summerville - 05,737
S01007587,Summerville - 06,776
S01007588,Troqueer - 01,823
S01007589,Troqueer - 02,695
S01007590,Troqueer - 03,628
S01007591,Troqueer - 04,550
S01007592,Troqueer - 05,624
S01007593,New Abbey - 01,1045
S01007594,New Abbey - 02,816
S01007595,New Abbey - 03,1019
S01007596,New Abbey - 04,429
S01007597,Kingholm - 01,552
S01007598,Kingholm - 02,595
S01007599,Kingholm - 03,901
S01007600,Kingholm - 04,954
S01007601,Calside - 01,625
S01007602,Calside - 02,578
S01007603,Calside - 03,746
S01007604,Calside - 04,796
S01007605,Georgetown - 01,758
S01007606,Georgetown - 02,601
S01007607,Georgetown - 03,599
S01007608,Georgetown - 04,780
S01007609,Dumfries Central - 01,918
S01007610,Dumfries Central - 02,549
S01007611,Dumfries Central - 03,894
S01007612,Dumfries Central - 04,1243
S01007613,Nunholm - 01,674
S01007614,Nunholm - 02,869
S01007615,Nunholm - 03,961
S01007616,Nunholm - 04,659
S01007617,Locharbriggs - 01,468
S01007618,Locharbriggs - 02,480
S01007619,Locharbriggs - 03,657
S01007620,Locharbriggs - 04,639
S01007621,Locharbriggs - 05,599
S01007622,Heathhall - 01,520
S01007623,Heathhall - 02,564
S01007624,Heathhall - 03,581
S01007625,Heathhall - 04,465
S01007626,Heathhall - 05,589
S01007627,Collin - 01,2085
S01007628,Collin - 02,627
S01007629,Collin - 03,643
S01007630,Collin - 04,847
S01007631,Lochmaben - 01,596
S01007632,Lochmaben - 02,916
S01007633,Lochmaben - 03,1011
S01007634,Lochmaben - 04,692
S01007635,Lockerbie - 01,748
S01007636,Lockerbie - 02,1010
S01007637,Lockerbie - 03,935
S01007638,Lockerbie - 04,804
S01007639,Lockerbie - 05,901
S01007640,Lockerbie - 06,686
S01007641,Moffat - 01,861
S01007642,Moffat - 02,856
S01007643,Moffat - 03,853
S01007644,Moffat - 04,783
S01007645,Moffat - 05,497
S01007646,Langholm and Eskdale - 01,551
S01007647,Langholm and Eskdale - 02,672
S01007648,Langholm and Eskdale - 03,722
S01007649,Langholm and Eskdale - 04,797
S01007650,Langholm and Eskdale - 05,853
S01007651,Annandale East - 01,556
S01007652,Annandale East - 02,579
S01007653,Annandale East - 03,803
S01007654,Annandale East - 04,1138
S01007655,Annandale East - 05,733
S01007656,Annandale West - 01,763
S01007657,Annandale West - 02,397
S01007658,Annandale West - 03,447
S01007659,Annandale West - 04,845
S01007660,Annan West - 01,801
S01007661,Annan West - 02,694
S01007662,Annan West - 03,876
S01007663,Annan West - 04,788
S01007664,Annan East - 01,522
S01007665,Annan East - 02,716
S01007666,Annan East - 03,396
S01007667,Annan East - 04,637
S01007668,Annan East - 05,977
S01007669,Annan East - 06,585
S01007670,Annan East - 07,658
S01007671,Annan East - 08,924
S01007672,Eastriggs - 01,893
S01007673,Eastriggs - 02,593
S01007674,Eastriggs - 03,709
S01007675,Eastriggs - 04,659
S01007676,Gretna - 01,611
S01007677,Gretna - 02,800
S01007678,Gretna - 03,692
S01007679,Gretna - 04,745
S01007680,Gretna - 05,773
S01007681,Gretna - 06,367
S01007682,Westend - 01,882
S01007683,Westend - 02,717
S01007684,Westend - 03,780
S01007685,Westend - 04,804
S01007686,Westend - 05,677
S01007687,Westend - 06,857
S01007688,Westend - 07,992
S01007689,Perth Road - 01,547
S01007690,Perth Road - 02,1016
S01007691,Perth Road - 03,3127
S01007692,Perth Road - 04,837
S01007693,Perth Road - 05,1138
S01007694,Perth Road - 06,1082
S01007695,Logie and Blackness - 01,886
S01007696,Logie and Blackness - 02,780
S01007697,Logie and Blackness - 03,993
S01007698,Logie and Blackness - 04,1079
S01007699,Logie and Blackness - 05,782
S01007700,Logie and Blackness - 06,941
S01007701,City Centre - 01,557
S01007702,City Centre - 02,948
S01007703,City Centre - 03,809
S01007704,City Centre - 04,912
S01007705,City Centre - 05,878
S01007706,City Centre - 06,902
S01007707,Docks and Wellgate - 01,1071
S01007708,Docks and Wellgate - 02,664
S01007709,Docks and Wellgate - 03,570
S01007710,Docks and Wellgate - 04,813
S01007711,Docks and Wellgate - 05,1094
S01007712,Docks and Wellgate - 06,720
S01007713,Docks and Wellgate - 07,498
S01007714,Hilltown - 01,699
S01007715,Hilltown - 02,861
S01007716,Hilltown - 03,972
S01007717,Hilltown - 04,663
S01007718,Hilltown - 05,732
S01007719,Hilltown - 06,830
S01007720,The Glens - 01,762
S01007721,The Glens - 02,873
S01007722,The Glens - 03,1113
S01007723,The Glens - 04,886
S01007724,The Glens - 05,599
S01007725,The Glens - 06,749
S01007726,Stobswell - 01,852
S01007727,Stobswell - 02,1024
S01007728,Stobswell - 03,971
S01007729,Stobswell - 04,915
S01007730,Stobswell - 05,626
S01007731,Stobswell - 06,746
S01007732,Stobswell - 07,668
S01007733,Baxter Park - 01,916
S01007734,Baxter Park - 02,839
S01007735,Baxter Park - 03,788
S01007736,Baxter Park - 04,568
S01007737,Craigie and  Craigiebank - 01,985
S01007738,Craigie and  Craigiebank - 02,743
S01007739,Craigie and  Craigiebank - 03,445
S01007740,Craigie and  Craigiebank - 04,521
S01007741,Craigie and  Craigiebank - 05,614
S01007742,Craigie and  Craigiebank - 06,696
S01007743,Douglas West - 01,827
S01007744,Douglas West - 02,700
S01007745,Douglas West - 03,597
S01007746,Douglas West - 04,792
S01007747,Douglas West - 05,451
S01007748,Douglas West - 06,630
S01007749,West Ferry - 01,671
S01007750,West Ferry - 02,832
S01007751,West Ferry - 03,751
S01007752,West Ferry - 04,745
S01007753,Douglas East - 01,503
S01007754,Douglas East - 02,854
S01007755,Douglas East - 03,693
S01007756,Douglas East - 04,525
S01007757,Broughty Ferry West - 01,829
S01007758,Broughty Ferry West - 02,903
S01007759,Broughty Ferry West - 03,903
S01007760,Broughty Ferry West - 04,623
S01007761,Broughty Ferry West - 05,897
S01007762,Broughty Ferry West - 06,776
S01007763,Broughty Ferry East - 01,554
S01007764,Broughty Ferry East - 02,683
S01007765,Broughty Ferry East - 03,656
S01007766,Broughty Ferry East - 04,838
S01007767,Broughty Ferry East - 05,850
S01007768,Barnhill - 01,646
S01007769,Barnhill - 02,719
S01007770,Barnhill - 03,706
S01007771,Barnhill - 04,570
S01007772,Barnhill - 05,908
S01007773,Barnhill - 06,700
S01007774,West Pitkerro - 01,956
S01007775,West Pitkerro - 02,878
S01007776,West Pitkerro - 03,671
S01007777,West Pitkerro - 04,1160
S01007778,West Pitkerro - 05,796
S01007779,West Pitkerro - 06,736
S01007780,West Pitkerro - 07,805
S01007781,West Pitkerro - 08,965
S01007782,Whitfield - 01,680
S01007783,Whitfield - 02,895
S01007784,Whitfield - 03,649
S01007785,Whitfield - 04,526
S01007786,Whitfield - 05,655
S01007787,Whitfield - 06,670
S01007788,Whitfield - 07,717
S01007789,Whitfield - 08,613
S01007790,Whitfield - 09,762
S01007791,Fintry - 01,625
S01007792,Fintry - 02,834
S01007793,Fintry - 03,964
S01007794,Fintry - 04,564
S01007795,Fintry - 05,718
S01007796,Fintry - 06,695
S01007797,Fintry - 07,730
S01007798,Fintry - 08,648
S01007799,Fintry - 09,616
S01007800,Linlathen and Midcraigie - 01,943
S01007801,Linlathen and Midcraigie - 02,1082
S01007802,Linlathen and Midcraigie - 03,504
S01007803,Linlathen and Midcraigie - 04,939
S01007804,Linlathen and Midcraigie - 05,627
S01007805,Linlathen and Midcraigie - 06,569
S01007806,Linlathen and Midcraigie - 07,696
S01007807,Caird Park - 01,811
S01007808,Caird Park - 02,875
S01007809,Caird Park - 03,861
S01007810,Caird Park - 04,939
S01007811,Kirkton - 01,1156
S01007812,Kirkton - 02,951
S01007813,Kirkton - 03,741
S01007814,Kirkton - 04,566
S01007815,Kirkton - 05,840
S01007816,Downfield - 01,572
S01007817,Downfield - 02,438
S01007818,Downfield - 03,684
S01007819,Downfield - 04,876
S01007820,Downfield - 05,929
S01007821,Downfield - 06,490
S01007822,Downfield - 07,732
S01007823,Fairmuir - 01,616
S01007824,Fairmuir - 02,824
S01007825,Fairmuir - 03,903
S01007826,Fairmuir - 04,736
S01007827,Fairmuir - 05,526
S01007828,Law - 01,967
S01007829,Law - 02,488
S01007830,Law - 03,852
S01007831,Law - 04,978
S01007832,Law - 05,540
S01007833,Law - 06,789
S01007834,Balgay - 01,719
S01007835,Balgay - 02,665
S01007836,Balgay - 03,570
S01007837,Balgay - 04,704
S01007838,Balgay - 05,1059
S01007839,Menzieshill - 01,608
S01007840,Menzieshill - 02,791
S01007841,Menzieshill - 03,683
S01007842,Menzieshill - 04,736
S01007843,Menzieshill - 05,678
S01007844,Menzieshill - 06,734
S01007845,Charleston - 01,788
S01007846,Charleston - 02,784
S01007847,Charleston - 03,819
S01007848,Charleston - 04,743
S01007849,Charleston - 05,1050
S01007850,Lochee - 01,722
S01007851,Lochee - 02,935
S01007852,Lochee - 03,602
S01007853,Lochee - 04,812
S01007854,Lochee - 05,963
S01007855,Lochee - 06,523
S01007856,Lochee - 07,995
S01007857,Ardler and St Marys - 01,480
S01007858,Ardler and St Marys - 02,1026
S01007859,Ardler and St Marys - 03,662
S01007860,Ardler and St Marys - 04,712
S01007861,Ardler and St Marys - 05,633
S01007862,Ardler and St Marys - 06,692
S01007863,Ardler and St Marys - 07,878
S01007864,Ardler and St Marys - 08,916
S01007865,Western Edge - 01,995
S01007866,Western Edge - 02,532
S01007867,Western Edge - 03,1587
S01007868,Western Edge - 04,809
S01007869,Western Edge - 05,956
S01007870,Doon Valley South - 01,356
S01007871,Doon Valley South - 02,628
S01007872,Doon Valley South - 03,670
S01007873,Doon Valley South - 04,612
S01007874,Doon Valley South - 05,686
S01007875,Doon Valley North - 01,731
S01007876,Doon Valley North - 02,868
S01007877,Doon Valley North - 03,720
S01007878,Doon Valley North - 04,455
S01007879,Doon Valley North - 05,782
S01007880,Doon Valley North - 06,486
S01007881,Mauchline Rural - 01,536
S01007882,Mauchline Rural - 02,725
S01007883,Mauchline Rural - 03,983
S01007884,Mauchline Rural - 04,597
S01007885,Mauchline Rural - 05,682
S01007886,Mauchline Rural - 06,834
S01007887,Mauchline Rural - 07,591
S01007888,Drongan - 01,1006
S01007889,Drongan - 02,444
S01007890,Drongan - 03,678
S01007891,Drongan - 04,947
S01007892,Mauchline - 01,689
S01007893,Mauchline - 02,921
S01007894,Mauchline - 03,869
S01007895,Mauchline - 04,554
S01007896,Mauchline - 05,672
S01007897,Cumnock Rural - 01,370
S01007898,Cumnock Rural - 02,433
S01007899,Cumnock Rural - 03,592
S01007900,Cumnock Rural - 04,587
S01007901,Cumnock Rural - 05,595
S01007902,Cumnock Rural - 06,809
S01007903,Cumnock Rural - 07,538
S01007904,Cumnock Rural - 08,766
S01007905,New Cumnock - 01,621
S01007906,New Cumnock - 02,612
S01007907,New Cumnock - 03,547
S01007908,New Cumnock - 04,856
S01007909,Cumnock South and Craigens - 01,558
S01007910,Cumnock South and Craigens - 02,915
S01007911,Cumnock South and Craigens - 03,683
S01007912,Cumnock South and Craigens - 04,707
S01007913,Cumnock South and Craigens - 05,566
S01007914,Cumnock South and Craigens - 06,558
S01007915,Cumnock South and Craigens - 07,764
S01007916,Cumnock North - 01,722
S01007917,Cumnock North - 02,796
S01007918,Cumnock North - 03,789
S01007919,Cumnock North - 04,795
S01007920,Cumnock North - 05,726
S01007921,Auchinleck - 01,815
S01007922,Auchinleck - 02,762
S01007923,Auchinleck - 03,997
S01007924,Auchinleck - 04,1123
S01007925,Northern and Irvine Valley Rural - 01,439
S01007926,Northern and Irvine Valley Rural - 02,454
S01007927,Northern and Irvine Valley Rural - 03,783
S01007928,Northern and Irvine Valley Rural - 04,957
S01007929,Northern and Irvine Valley Rural - 05,2081
S01007930,Northern and Irvine Valley Rural - 06,477
S01007931,Northern and Irvine Valley Rural - 07,1112
S01007932,Stewarton East - 01,827
S01007933,Stewarton East - 02,802
S01007934,Stewarton East - 03,618
S01007935,Stewarton East - 04,693
S01007936,Stewarton East - 05,947
S01007937,Stewarton West - 01,1133
S01007938,Stewarton West - 02,715
S01007939,Stewarton West - 03,814
S01007940,Darvel - 01,1038
S01007941,Darvel - 02,594
S01007942,Darvel - 03,559
S01007943,Darvel - 04,644
S01007944,Darvel - 05,747
S01007945,Newmilns - 01,714
S01007946,Newmilns - 02,566
S01007947,Newmilns - 03,680
S01007948,Newmilns - 04,594
S01007949,Galston - 01,608
S01007950,Galston - 02,873
S01007951,Galston - 03,893
S01007952,Galston - 04,598
S01007953,Galston - 05,869
S01007954,Galston - 06,675
S01007955,Earlston and Hurlford Rural - 01,783
S01007956,Earlston and Hurlford Rural - 02,664
S01007957,Earlston and Hurlford Rural - 03,973
S01007958,Earlston and Hurlford Rural - 04,478
S01007959,Earlston and Hurlford Rural - 05,657
S01007960,Earlston and Hurlford Rural - 06,637
S01007961,Earlston and Hurlford Rural - 07,1198
S01007962,Shortlees - 01,562
S01007963,Shortlees - 02,1053
S01007964,Shortlees - 03,751
S01007965,Shortlees - 04,486
S01007966,Shortlees - 05,1022
S01007967,Shortlees - 06,510
S01007968,Bellfield and Kirkstyle - 01,876
S01007969,Bellfield and Kirkstyle - 02,769
S01007970,Bellfield and Kirkstyle - 03,1021
S01007971,Bellfield and Kirkstyle - 04,883
S01007972,Bellfield and Kirkstyle - 05,783
S01007973,Kilmarnock South Central and Caprington - 01,763
S01007974,Kilmarnock South Central and Caprington - 02,628
S01007975,Kilmarnock South Central and Caprington - 03,688
S01007976,Kilmarnock South Central and Caprington - 04,617
S01007977,Piersland - 01,539
S01007978,Piersland - 02,584
S01007979,Piersland - 03,929
S01007980,Piersland - 04,609
S01007981,Piersland - 05,532
S01007982,New Farm Loch South - 01,457
S01007983,New Farm Loch South - 02,830
S01007984,New Farm Loch South - 03,693
S01007985,New Farm Loch South - 04,861
S01007986,Dean and New Farm Loch North - 01,544
S01007987,Dean and New Farm Loch North - 02,726
S01007988,Dean and New Farm Loch North - 03,662
S01007989,Dean and New Farm Loch North - 04,849
S01007990,Dean and New Farm Loch North - 05,709
S01007991,Southcraig and Beansburn - 01,1093
S01007992,Southcraig and Beansburn - 02,591
S01007993,Southcraig and Beansburn - 03,713
S01007994,Southcraig and Beansburn - 04,882
S01007995,Southcraig and Beansburn - 05,806
S01007996,Southcraig and Beansburn - 06,349
S01007997,Southcraig and Beansburn - 07,800
S01007998,Southcraig and Beansburn - 08,509
S01007999,Altonhill North and Onthank - 01,646
S01008000,Altonhill North and Onthank - 02,898
S01008001,Altonhill North and Onthank - 03,929
S01008002,Altonhill North and Onthank - 04,744
S01008003,Altonhill North and Onthank - 05,655
S01008004,Altonhill North and Onthank - 06,640
S01008005,"Altonhill South, Longpark and Hillhead - 01",768
S01008006,"Altonhill South, Longpark and Hillhead - 02",567
S01008007,"Altonhill South, Longpark and Hillhead - 03",455
S01008008,"Altonhill South, Longpark and Hillhead - 04",645
S01008009,"Altonhill South, Longpark and Hillhead - 05",903
S01008010,"Altonhill South, Longpark and Hillhead - 06",935
S01008011,"Altonhill South, Longpark and Hillhead - 07",527
S01008012,Bonnyton and Town Centre - 01,774
S01008013,Bonnyton and Town Centre - 02,651
S01008014,Bonnyton and Town Centre - 03,453
S01008015,Bonnyton and Town Centre - 04,928
S01008016,Bonnyton and Town Centre - 05,777
S01008017,"Grange, Howard and Gargieston - 01",883
S01008018,"Grange, Howard and Gargieston - 02",578
S01008019,"Grange, Howard and Gargieston - 03",579
S01008020,"Grange, Howard and Gargieston - 04",792
S01008021,"Grange, Howard and Gargieston - 05",637
S01008022,"Grange, Howard and Gargieston - 06",837
S01008023,"Grange, Howard and Gargieston - 07",601
S01008024,"Grange, Howard and Gargieston - 08",1174
S01008025,"Crosshouse, Gatehead and Kilmaurs Rural - 01",554
S01008026,"Crosshouse, Gatehead and Kilmaurs Rural - 02",938
S01008027,"Crosshouse, Gatehead and Kilmaurs Rural - 03",537
S01008028,"Crosshouse, Gatehead and Kilmaurs Rural - 04",584
S01008029,"Crosshouse, Gatehead and Kilmaurs Rural - 05",2365
S01008030,Kilmaurs - 01,981
S01008031,Kilmaurs - 02,733
S01008032,Kilmaurs - 03,835
S01008033,West Clober and Mains Estate - 01,748
S01008034,West Clober and Mains Estate - 02,679
S01008035,West Clober and Mains Estate - 03,580
S01008036,West Clober and Mains Estate - 04,627
S01008037,East Clober and Mains Estate - 01,988
S01008038,East Clober and Mains Estate - 02,853
S01008039,East Clober and Mains Estate - 03,836
S01008040,East Clober and Mains Estate - 04,862
S01008041,Barloch - 01,682
S01008042,Barloch - 02,606
S01008043,Barloch - 03,1024
S01008044,Barloch - 04,894
S01008045,Keystone and Dougalston - 01,1210
S01008046,Keystone and Dougalston - 02,851
S01008047,Keystone and Dougalston - 03,609
S01008048,Keystone and Dougalston - 04,583
S01008049,Keystone and Dougalston - 05,845
S01008050,Kilmardinny East - 01,620
S01008051,Kilmardinny East - 02,847
S01008052,Kilmardinny East - 03,1595
S01008053,Kilmardinny East - 04,606
S01008054,Kilmardinny West - 01,849
S01008055,Kilmardinny West - 02,1129
S01008056,Kilmardinny West - 03,822
S01008057,Kilmardinny West - 04,935
S01008058,North Castlehill and Thorn - 01,860
S01008059,North Castlehill and Thorn - 02,633
S01008060,North Castlehill and Thorn - 03,671
S01008061,North Castlehill and Thorn - 04,1259
S01008062,North Castlehill and Thorn - 05,848
S01008063,South Castlehill and Thorn - 01,932
S01008064,South Castlehill and Thorn - 02,658
S01008065,South Castlehill and Thorn - 03,953
S01008066,South Castlehill and Thorn - 04,888
S01008067,South Castlehill and Thorn - 05,740
S01008068,Westerton West - 01,998
S01008069,Westerton West - 02,886
S01008070,Westerton West - 03,889
S01008071,Westerton East - 01,700
S01008072,Westerton East - 02,720
S01008073,Westerton East - 03,430
S01008074,Westerton East - 04,1095
S01008075,Westerton East - 05,592
S01008076,Kessington West - 01,626
S01008077,Kessington West - 02,829
S01008078,Kessington West - 03,884
S01008079,Kessington West - 04,810
S01008080,Kessington East - 01,697
S01008081,Kessington East - 02,592
S01008082,Kessington East - 03,761
S01008083,Kessington East - 04,814
S01008084,Torrance and Balmore - 01,914
S01008085,Torrance and Balmore - 02,866
S01008086,Torrance and Balmore - 03,1071
S01008087,Bishopbriggs North and Kenmure - 01,821
S01008088,Bishopbriggs North and Kenmure - 02,856
S01008089,Bishopbriggs North and Kenmure - 03,789
S01008090,Bishopbriggs North and Kenmure - 04,698
S01008091,Bishopbriggs North and Kenmure - 05,369
S01008092,Bishopbriggs North and Kenmure - 06,889
S01008093,Bishopbriggs North and Kenmure - 07,723
S01008094,Bishopbriggs West and Cadder - 01,1443
S01008095,Bishopbriggs West and Cadder - 02,714
S01008096,Bishopbriggs West and Cadder - 03,781
S01008097,Bishopbriggs West and Cadder - 04,590
S01008098,Bishopbriggs West and Cadder - 05,736
S01008099,Bishopbriggs West and Cadder - 06,509
S01008100,Bishopbriggs West and Cadder - 07,885
S01008101,Bishopbriggs West and Cadder - 08,807
S01008102,Auchinairn - 01,670
S01008103,Auchinairn - 02,799
S01008104,Auchinairn - 03,886
S01008105,Auchinairn - 04,962
S01008106,Auchinairn - 05,864
S01008107,Auchinairn - 06,1548
S01008108,Woodhill East - 01,807
S01008109,Woodhill East - 02,808
S01008110,Woodhill East - 03,804
S01008111,Woodhill West - 01,780
S01008112,Woodhill West - 02,783
S01008113,Woodhill West - 03,929
S01008114,Woodhill West - 04,635
S01008115,Woodhill West - 05,907
S01008116,Lenzie North - 01,867
S01008117,Lenzie North - 02,771
S01008118,Lenzie North - 03,928
S01008119,Lenzie North - 04,586
S01008120,Lenzie North - 05,631
S01008121,Lenzie North - 06,652
S01008122,Lenzie North - 07,733
S01008123,Lenzie South - 01,949
S01008124,Lenzie South - 02,836
S01008125,Lenzie South - 03,809
S01008126,Lenzie South - 04,731
S01008127,Kirkintilloch South - 01,821
S01008128,Kirkintilloch South - 02,778
S01008129,Kirkintilloch South - 03,831
S01008130,Kirkintilloch South - 04,928
S01008131,Kirkintilloch West - 01,756
S01008132,Kirkintilloch West - 02,1138
S01008133,Kirkintilloch West - 03,610
S01008134,Kirkintilloch West - 04,581
S01008135,Kirkintilloch West - 05,1513
S01008136,Hillhead - 01,771
S01008137,Hillhead - 02,885
S01008138,Hillhead - 03,815
S01008139,Hillhead - 04,1135
S01008140,Hillhead - 05,499
S01008141,Rosebank and Waterside - 01,713
S01008142,Rosebank and Waterside - 02,717
S01008143,Rosebank and Waterside - 03,973
S01008144,Rosebank and Waterside - 04,3491
S01008145,Twechar and Harestanes East - 01,972
S01008146,Twechar and Harestanes East - 02,551
S01008147,Twechar and Harestanes East - 03,715
S01008148,Twechar and Harestanes East - 04,688
S01008149,Harestanes - 01,670
S01008150,Harestanes - 02,838
S01008151,Harestanes - 03,632
S01008152,Harestanes - 04,907
S01008153,Milton of Campsie - 01,693
S01008154,Milton of Campsie - 02,890
S01008155,Milton of Campsie - 03,598
S01008156,Milton of Campsie - 04,717
S01008157,Milton of Campsie - 05,858
S01008158,Lennoxtown - 01,603
S01008159,Lennoxtown - 02,894
S01008160,Lennoxtown - 03,981
S01008161,Lennoxtown - 04,1040
S01008162,Lennoxtown - 05,1007
S01008163,Wallyford/Whitecraig - 01,847
S01008164,Wallyford/Whitecraig - 02,1560
S01008165,Wallyford/Whitecraig - 03,2408
S01008166,Wallyford/Whitecraig - 04,522
S01008167,Wallyford/Whitecraig - 05,769
S01008168,Wallyford/Whitecraig - 06,865
S01008169,Wallyford/Whitecraig - 07,887
S01008170,Musselburgh South - 01,578
S01008171,Musselburgh South - 02,775
S01008172,Musselburgh South - 03,553
S01008173,Musselburgh South - 04,602
S01008174,Musselburgh South - 05,474
S01008175,Musselburgh South - 06,716
S01008176,Musselburgh South - 07,803
S01008177,Musselburgh West - 01,764
S01008178,Musselburgh West - 02,558
S01008179,Musselburgh West - 03,428
S01008180,Musselburgh West - 04,417
S01008181,Musselburgh West - 05,622
S01008182,Musselburgh North - 01,899
S01008183,Musselburgh North - 02,626
S01008184,Musselburgh North - 03,800
S01008185,Musselburgh North - 04,911
S01008186,Musselburgh North - 05,710
S01008187,Musselburgh North - 06,676
S01008188,Musselburgh East - 01,923
S01008189,Musselburgh East - 02,419
S01008190,Musselburgh East - 03,905
S01008191,Musselburgh East - 04,893
S01008192,Musselburgh East - 05,1067
S01008193,Musselburgh East - 06,869
S01008194,Pinkie Braes - 01,679
S01008195,Pinkie Braes - 02,729
S01008196,Pinkie Braes - 03,959
S01008197,Prestonpans West - 01,1478
S01008198,Prestonpans West - 02,739
S01008199,Prestonpans West - 03,756
S01008200,Prestonpans West - 04,612
S01008201,Prestonpans West - 05,775
S01008202,Prestonpans West - 06,512
S01008203,Prestonpans West - 07,607
S01008204,Prestonpans East - 01,876
S01008205,Prestonpans East - 02,686
S01008206,Prestonpans East - 03,737
S01008207,Prestonpans East - 04,602
S01008208,Prestonpans East - 05,872
S01008209,Prestonpans East - 06,464
S01008210,Cockenzie - 01,831
S01008211,Cockenzie - 02,874
S01008212,Cockenzie - 03,536
S01008213,Cockenzie - 04,917
S01008214,Cockenzie - 05,718
S01008215,Cockenzie - 06,637
S01008216,Cockenzie - 07,448
S01008217,Cockenzie - 08,553
S01008218,Tranent North - 01,2540
S01008219,Tranent North - 02,998
S01008220,Tranent North - 03,636
S01008221,Tranent North - 04,856
S01008222,Tranent North - 05,666
S01008223,Tranent North - 06,525
S01008224,Tranent North - 07,807
S01008225,Tranent North - 08,644
S01008226,Tranent South - 01,752
S01008227,Tranent South - 02,846
S01008228,Tranent South - 03,651
S01008229,Tranent South - 04,665
S01008230,Tranent South - 05,773
S01008231,Tranent South - 06,770
S01008232,Tranent South - 07,869
S01008233,Tranent South - 08,799
S01008234,Ormiston - 01,404
S01008235,Ormiston - 02,963
S01008236,Ormiston - 03,817
S01008237,Ormiston - 04,1212
S01008238,Longniddry and Aberlady - 01,786
S01008239,Longniddry and Aberlady - 02,1177
S01008240,Longniddry and Aberlady - 03,725
S01008241,Longniddry and Aberlady - 04,647
S01008242,Longniddry and Aberlady - 05,1136
S01008243,Longniddry and Aberlady - 06,1187
S01008244,Longniddry and Aberlady - 07,578
S01008245,Haddington Rural - 01,1040
S01008246,Haddington Rural - 02,1195
S01008247,Haddington Rural - 03,764
S01008248,Haddington Rural - 04,785
S01008249,Haddington Rural - 05,1046
S01008250,Haddington Rural - 06,3200
S01008251,Haddington North - 01,1167
S01008252,Haddington North - 02,737
S01008253,Haddington North - 03,753
S01008254,Haddington North - 04,1002
S01008255,Haddington North - 05,653
S01008256,Haddington South - 01,919
S01008257,Haddington South - 02,661
S01008258,Haddington South - 03,780
S01008259,Haddington South - 04,915
S01008260,Haddington South - 05,739
S01008261,Haddington South - 06,813
S01008262,Gullane and Drem - 01,617
S01008263,Gullane and Drem - 02,694
S01008264,Gullane and Drem - 03,776
S01008265,Gullane and Drem - 04,922
S01008266,Gullane and Drem - 05,640
S01008267,Gullane and Drem - 06,988
S01008268,North Berwick North - 01,777
S01008269,North Berwick North - 02,881
S01008270,North Berwick North - 03,749
S01008271,North Berwick North - 04,625
S01008272,North Berwick South - 01,2821
S01008273,North Berwick South - 02,805
S01008274,North Berwick South - 03,726
S01008275,North Berwick South - 04,534
S01008276,North Berwick South - 05,520
S01008277,East Linton and Rural - 01,712
S01008278,East Linton and Rural - 02,994
S01008279,East Linton and Rural - 03,701
S01008280,East Linton and Rural - 04,953
S01008281,East Linton and Rural - 05,753
S01008282,East Linton and Rural - 06,664
S01008283,East Linton and Rural - 07,1190
S01008284,Dunbar West - 01,2850
S01008285,Dunbar West - 02,685
S01008286,Dunbar West - 03,773
S01008287,Dunbar West - 04,838
S01008288,Dunbar West - 05,902
S01008289,Dunbar East - 01,549
S01008290,Dunbar East - 02,874
S01008291,Dunbar East - 03,771
S01008292,Dunbar East - 04,738
S01008293,Dunbar East - 05,561
S01008294,Dunbar East - 06,836
S01008295,Neilston and Uplawmoor - 01,863
S01008296,Neilston and Uplawmoor - 02,678
S01008297,Neilston and Uplawmoor - 03,887
S01008298,Neilston and Uplawmoor - 04,1017
S01008299,Neilston and Uplawmoor - 05,707
S01008300,Neilston and Uplawmoor - 06,792
S01008301,Neilston and Uplawmoor - 07,744
S01008302,Neilston and Uplawmoor - 08,950
S01008303,Cross Stobbs - 01,584
S01008304,Cross Stobbs - 02,383
S01008305,Cross Stobbs - 03,654
S01008306,Cross Stobbs - 04,532
S01008307,Cross Stobbs - 05,849
S01008308,Cross Stobbs - 06,531
S01008309,"Dunterlie, East Arthurlie and Dovecothall - 01",627
S01008310,"Dunterlie, East Arthurlie and Dovecothall - 02",996
S01008311,"Dunterlie, East Arthurlie and Dovecothall - 03",425
S01008312,"Dunterlie, East Arthurlie and Dovecothall - 04",393
S01008313,"Dunterlie, East Arthurlie and Dovecothall - 05",801
S01008314,"Dunterlie, East Arthurlie and Dovecothall - 06",507
S01008315,"Dunterlie, East Arthurlie and Dovecothall - 07",661
S01008316,"Dunterlie, East Arthurlie and Dovecothall - 08",610
S01008317,"Dunterlie, East Arthurlie and Dovecothall - 09",993
S01008318,Arthurlie and Gateside - 01,1682
S01008319,Arthurlie and Gateside - 02,794
S01008320,Arthurlie and Gateside - 03,629
S01008321,Arthurlie and Gateside - 04,417
S01008322,Arthurlie and Gateside - 05,1015
S01008323,Auchenback - 01,652
S01008324,Auchenback - 02,891
S01008325,Auchenback - 03,725
S01008326,Auchenback - 04,939
S01008327,Auchenback - 05,839
S01008328,Crookfur and Fruin - 01,3584
S01008329,Crookfur and Fruin - 02,872
S01008330,Crookfur and Fruin - 03,834
S01008331,Crookfur and Fruin - 04,542
S01008332,Crookfur and Fruin - 05,969
S01008333,Crookfur and Fruin - 06,1027
S01008334,Crookfur and Fruin - 07,765
S01008335,"Mearns Village, Westacres and Greenfarm - 01",698
S01008336,"Mearns Village, Westacres and Greenfarm - 02",774
S01008337,"Mearns Village, Westacres and Greenfarm - 03",932
S01008338,"Mearns Village, Westacres and Greenfarm - 04",771
S01008339,"Mearns Village, Westacres and Greenfarm - 05",575
S01008340,"Mearns Village, Westacres and Greenfarm - 06",765
S01008341,"Mearns Village, Westacres and Greenfarm - 07",612
S01008342,"Mearns Village, Westacres and Greenfarm - 08",807
S01008343,Whitecraigs and Broom - 01,851
S01008344,Whitecraigs and Broom - 02,919
S01008345,Whitecraigs and Broom - 03,1045
S01008346,Whitecraigs and Broom - 04,1001
S01008347,Mearnskirk and South Kirkhill - 01,1126
S01008348,Mearnskirk and South Kirkhill - 02,742
S01008349,Mearnskirk and South Kirkhill - 03,849
S01008350,Mearnskirk and South Kirkhill - 04,574
S01008351,Mearnskirk and South Kirkhill - 05,944
S01008352,Mearnskirk and South Kirkhill - 06,699
S01008353,Mearnskirk and South Kirkhill - 07,511
S01008354,Mearnskirk and South Kirkhill - 08,3198
S01008355,Eaglesham and Waterfoot - 01,729
S01008356,Eaglesham and Waterfoot - 02,585
S01008357,Eaglesham and Waterfoot - 03,631
S01008358,Eaglesham and Waterfoot - 04,730
S01008359,Eaglesham and Waterfoot - 05,718
S01008360,Eaglesham and Waterfoot - 06,829
S01008361,Eaglesham and Waterfoot - 07,877
S01008362,North Kirkhill - 01,1381
S01008363,North Kirkhill - 02,746
S01008364,North Kirkhill - 03,664
S01008365,North Kirkhill - 04,657
S01008366,Busby - 01,885
S01008367,Busby - 02,756
S01008368,Busby - 03,671
S01008369,Busby - 04,651
S01008370,Busby - 05,697
S01008371,Clarkston and Sheddens - 01,747
S01008372,Clarkston and Sheddens - 02,735
S01008373,Clarkston and Sheddens - 03,743
S01008374,Clarkston and Sheddens - 04,750
S01008375,Clarkston and Sheddens - 05,768
S01008376,Clarkston and Sheddens - 06,523
S01008377,Clarkston and Sheddens - 07,769
S01008378,Clarkston and Sheddens - 08,953
S01008379,Williamwood - 01,531
S01008380,Williamwood - 02,648
S01008381,Williamwood - 03,636
S01008382,Williamwood - 04,875
S01008383,Williamwood - 05,483
S01008384,Stamperland - 01,938
S01008385,Stamperland - 02,663
S01008386,Stamperland - 03,840
S01008387,Stamperland - 04,582
S01008388,Stamperland - 05,576
S01008389,Netherlee - 01,645
S01008390,Netherlee - 02,637
S01008391,Netherlee - 03,804
S01008392,Netherlee - 04,894
S01008393,Netherlee - 05,772
S01008394,Netherlee - 06,822
S01008395,Merrylee and Braidbar - 01,506
S01008396,Merrylee and Braidbar - 02,672
S01008397,Merrylee and Braidbar - 03,860
S01008398,Merrylee and Braidbar - 04,640
S01008399,Merrylee and Braidbar - 05,507
S01008400,Merrylee and Braidbar - 06,696
S01008401,Merrylee and Braidbar - 07,902
S01008402,Lower Whitecraigs and South Giffnock - 01,1162
S01008403,Lower Whitecraigs and South Giffnock - 02,575
S01008404,Lower Whitecraigs and South Giffnock - 03,904
S01008405,Lower Whitecraigs and South Giffnock - 04,763
S01008406,North Giffnock and North Thornliebank - 01,940
S01008407,North Giffnock and North Thornliebank - 02,522
S01008408,North Giffnock and North Thornliebank - 03,584
S01008409,North Giffnock and North Thornliebank - 04,883
S01008410,North Giffnock and North Thornliebank - 05,626
S01008411,South Thornliebank and Woodfarm - 01,598
S01008412,South Thornliebank and Woodfarm - 02,732
S01008413,South Thornliebank and Woodfarm - 03,486
S01008414,South Thornliebank and Woodfarm - 04,553
S01008415,South Thornliebank and Woodfarm - 05,853
S01008416,South Thornliebank and Woodfarm - 06,912
S01008417,Balerno and Bonnington Village - 01,710
S01008418,Balerno and Bonnington Village - 02,644
S01008419,Balerno and Bonnington Village - 03,462
S01008420,Balerno and Bonnington Village - 04,440
S01008421,Balerno and Bonnington Village - 05,865
S01008422,Balerno and Bonnington Village - 06,567
S01008423,Balerno and Bonnington Village - 07,1519
S01008424,Balerno and Bonnington Village - 08,855
S01008425,Currie West - 01,3170
S01008426,Currie West - 02,648
S01008427,Currie West - 03,981
S01008428,Currie West - 04,755
S01008429,Currie East - 01,965
S01008430,Currie East - 02,950
S01008431,Currie East - 03,830
S01008432,Currie East - 04,713
S01008433,Baberton and Juniper Green - 01,754
S01008434,Baberton and Juniper Green - 02,957
S01008435,Baberton and Juniper Green - 03,728
S01008436,Baberton and Juniper Green - 04,945
S01008437,Baberton and Juniper Green - 05,712
S01008438,Bonaly and The Pentlands - 01,640
S01008439,Bonaly and The Pentlands - 02,1128
S01008440,Bonaly and The Pentlands - 03,1081
S01008441,Bonaly and The Pentlands - 04,484
S01008442,Bonaly and The Pentlands - 05,697
S01008443,Bonaly and The Pentlands - 06,647
S01008444,Colinton and Kingsknowe - 01,817
S01008445,Colinton and Kingsknowe - 02,1066
S01008446,Colinton and Kingsknowe - 03,1105
S01008447,Colinton and Kingsknowe - 04,686
S01008448,Colinton and Kingsknowe - 05,716
S01008449,Clovenstone and Wester Hailes - 01,837
S01008450,Clovenstone and Wester Hailes - 02,546
S01008451,Clovenstone and Wester Hailes - 03,686
S01008452,Clovenstone and Wester Hailes - 04,589
S01008453,Clovenstone and Wester Hailes - 05,725
S01008454,The Calders - 01,865
S01008455,The Calders - 02,963
S01008456,The Calders - 03,864
S01008457,The Calders - 04,592
S01008458,The Calders - 05,939
S01008459,Murrayburn and Wester Hailes North - 01,735
S01008460,Murrayburn and Wester Hailes North - 02,832
S01008461,Murrayburn and Wester Hailes North - 03,914
S01008462,Murrayburn and Wester Hailes North - 04,500
S01008463,Murrayburn and Wester Hailes North - 05,534
S01008464,Parkhead and Sighthill - 01,819
S01008465,Parkhead and Sighthill - 02,723
S01008466,Parkhead and Sighthill - 03,673
S01008467,Parkhead and Sighthill - 04,732
S01008468,Broomhouse and Bankhead - 01,1096
S01008469,Broomhouse and Bankhead - 02,545
S01008470,Broomhouse and Bankhead - 03,920
S01008471,Broomhouse and Bankhead - 04,858
S01008472,Broomhouse and Bankhead - 05,659
S01008473,Stenhouse and Saughton Mains - 01,578
S01008474,Stenhouse and Saughton Mains - 02,773
S01008475,Stenhouse and Saughton Mains - 03,593
S01008476,Stenhouse and Saughton Mains - 04,693
S01008477,Stenhouse and Saughton Mains - 05,741
S01008478,Stenhouse and Saughton Mains - 06,1194
S01008479,Stenhouse and Saughton Mains - 07,745
S01008480,Stenhouse and Saughton Mains - 08,598
S01008481,Longstone and Saughton - 01,1802
S01008482,Longstone and Saughton - 02,548
S01008483,Longstone and Saughton - 03,602
S01008484,Longstone and Saughton - 04,717
S01008485,Longstone and Saughton - 05,1087
S01008486,Slateford and Chesser - 01,894
S01008487,Slateford and Chesser - 02,1294
S01008488,Slateford and Chesser - 03,830
S01008489,Slateford and Chesser - 04,680
S01008490,Slateford and Chesser - 05,864
S01008491,Slateford and Chesser - 06,909
S01008492,Gorgie West - 01,1271
S01008493,Gorgie West - 02,1301
S01008494,Gorgie West - 03,901
S01008495,Gorgie West - 04,864
S01008496,Gorgie West - 05,922
S01008497,Gorgie East - 01,780
S01008498,Gorgie East - 02,835
S01008499,Gorgie East - 03,843
S01008500,Gorgie East - 04,420
S01008501,Gorgie East - 05,597
S01008502,Shandon - 01,659
S01008503,Shandon - 02,832
S01008504,Shandon - 03,1076
S01008505,Shandon - 04,674
S01008506,Shandon - 05,928
S01008507,Shandon - 06,1093
S01008508,Craiglockhart - 01,742
S01008509,Craiglockhart - 02,1144
S01008510,Craiglockhart - 03,846
S01008511,Craiglockhart - 04,950
S01008512,Craiglockhart - 05,522
S01008513,Craiglockhart - 06,647
S01008514,Morningside and Craighouse - 01,966
S01008515,Morningside and Craighouse - 02,807
S01008516,Morningside and Craighouse - 03,1068
S01008517,Morningside and Craighouse - 04,797
S01008518,Morningside and Craighouse - 05,877
S01008519,Greenbank and The Braids - 01,808
S01008520,Greenbank and The Braids - 02,1036
S01008521,Greenbank and The Braids - 03,913
S01008522,Greenbank and The Braids - 04,558
S01008523,Greenbank and The Braids - 05,976
S01008524,Colinton Mains and Firrhill - 01,896
S01008525,Colinton Mains and Firrhill - 02,828
S01008526,Colinton Mains and Firrhill - 03,882
S01008527,Colinton Mains and Firrhill - 04,670
S01008528,Colinton Mains and Firrhill - 05,708
S01008529,Oxgangs - 01,885
S01008530,Oxgangs - 02,794
S01008531,Oxgangs - 03,794
S01008532,Oxgangs - 04,439
S01008533,Comiston and Swanston - 01,468
S01008534,Comiston and Swanston - 02,638
S01008535,Comiston and Swanston - 03,633
S01008536,Comiston and Swanston - 04,619
S01008537,Comiston and Swanston - 05,681
S01008538,Comiston and Swanston - 06,543
S01008539,Comiston and Swanston - 07,774
S01008540,Comiston and Swanston - 08,888
S01008541,Fairmilehead - 01,873
S01008542,Fairmilehead - 02,1707
S01008543,Fairmilehead - 03,697
S01008544,Fairmilehead - 04,576
S01008545,Fairmilehead - 05,774
S01008546,Fairmilehead - 06,766
S01008547,Gilmerton South and the Murrays - 01,1021
S01008548,Gilmerton South and the Murrays - 02,1475
S01008549,Gilmerton South and the Murrays - 03,4825
S01008550,Mortonhall and Anwickhill - 01,771
S01008551,Mortonhall and Anwickhill - 02,902
S01008552,Mortonhall and Anwickhill - 03,787
S01008553,"Gracemount, Southhouse and Burdiehouse - 01",714
S01008554,"Gracemount, Southhouse and Burdiehouse - 02",1020
S01008555,"Gracemount, Southhouse and Burdiehouse - 03",919
S01008556,"Gracemount, Southhouse and Burdiehouse - 04",848
S01008557,"Gracemount, Southhouse and Burdiehouse - 05",1376
S01008558,"Gracemount, Southhouse and Burdiehouse - 06",860
S01008559,Hyvots and Gilmerton - 01,644
S01008560,Hyvots and Gilmerton - 02,773
S01008561,Hyvots and Gilmerton - 03,644
S01008562,Hyvots and Gilmerton - 04,871
S01008563,Hyvots and Gilmerton - 05,834
S01008564,Fernieside and Moredun South - 01,564
S01008565,Fernieside and Moredun South - 02,951
S01008566,Fernieside and Moredun South - 03,1032
S01008567,Fernieside and Moredun South - 04,727
S01008568,Fernieside and Moredun South - 05,799
S01008569,Moredun and Craigour - 01,589
S01008570,Moredun and Craigour - 02,832
S01008571,Moredun and Craigour - 03,742
S01008572,Moredun and Craigour - 04,786
S01008573,Liberton East - 01,734
S01008574,Liberton East - 02,663
S01008575,Liberton East - 03,709
S01008576,Liberton East - 04,754
S01008577,Liberton West and Braid Hills - 01,943
S01008578,Liberton West and Braid Hills - 02,689
S01008579,Liberton West and Braid Hills - 03,1345
S01008580,Liberton West and Braid Hills - 04,535
S01008581,The Inch - 01,908
S01008582,The Inch - 02,1030
S01008583,The Inch - 03,717
S01008584,The Inch - 04,798
S01008585,The Inch - 05,590
S01008586,The Inch - 06,907
S01008587,"Blackford, West Mains and Mayfield Road - 01",1104
S01008588,"Blackford, West Mains and Mayfield Road - 02",780
S01008589,"Blackford, West Mains and Mayfield Road - 03",412
S01008590,"Blackford, West Mains and Mayfield Road - 04",810
S01008591,"Blackford, West Mains and Mayfield Road - 05",755
S01008592,"Blackford, West Mains and Mayfield Road - 06",847
S01008593,"Blackford, West Mains and Mayfield Road - 07",826
S01008594,"Blackford, West Mains and Mayfield Road - 08",1175
S01008595,Prestonfield - 01,873
S01008596,Prestonfield - 02,856
S01008597,Prestonfield - 03,872
S01008598,Prestonfield - 04,782
S01008599,Newington and Dalkeith Road - 01,879
S01008600,Newington and Dalkeith Road - 02,956
S01008601,Newington and Dalkeith Road - 03,2751
S01008602,Newington and Dalkeith Road - 04,681
S01008603,Newington and Dalkeith Road - 05,1606
S01008604,The Grange - 01,1071
S01008605,The Grange - 02,623
S01008606,The Grange - 03,805
S01008607,The Grange - 04,616
S01008608,The Grange - 05,758
S01008609,The Grange - 06,1002
S01008610,The Grange - 07,767
S01008611,Marchmont East and Sciennes - 01,1123
S01008612,Marchmont East and Sciennes - 02,854
S01008613,Marchmont East and Sciennes - 03,721
S01008614,Marchmont East and Sciennes - 04,626
S01008615,Marchmont East and Sciennes - 05,791
S01008616,Marchmont East and Sciennes - 06,632
S01008617,Marchmont West - 01,761
S01008618,Marchmont West - 02,653
S01008619,Marchmont West - 03,509
S01008620,Marchmont West - 04,800
S01008621,Marchmont West - 05,650
S01008622,Marchmont West - 06,489
S01008623,Marchmont West - 07,883
S01008624,Morningside - 01,769
S01008625,Morningside - 02,597
S01008626,Morningside - 03,918
S01008627,Morningside - 04,724
S01008628,Morningside - 05,571
S01008629,Morningside - 06,597
S01008630,Morningside - 07,624
S01008631,Morningside - 08,823
S01008632,Merchiston and Greenhill - 01,728
S01008633,Merchiston and Greenhill - 02,911
S01008634,Merchiston and Greenhill - 03,753
S01008635,Merchiston and Greenhill - 04,945
S01008636,Merchiston and Greenhill - 05,720
S01008637,Merchiston and Greenhill - 06,868
S01008638,Bruntsfield - 01,656
S01008639,Bruntsfield - 02,911
S01008640,Bruntsfield - 03,833
S01008641,Bruntsfield - 04,833
S01008642,Bruntsfield - 05,835
S01008643,Bruntsfield - 06,717
S01008644,Bruntsfield - 07,819
S01008645,Polwarth - 01,773
S01008646,Polwarth - 02,906
S01008647,Polwarth - 03,624
S01008648,Polwarth - 04,555
S01008649,Polwarth - 05,844
S01008650,Polwarth - 06,683
S01008651,Dalry and Fountainbridge - 01,2088
S01008652,Dalry and Fountainbridge - 02,497
S01008653,Dalry and Fountainbridge - 03,771
S01008654,Dalry and Fountainbridge - 04,943
S01008655,Dalry and Fountainbridge - 05,926
S01008656,Dalry and Fountainbridge - 06,648
S01008657,Dalry and Fountainbridge - 07,730
S01008658,Dalry and Fountainbridge - 08,1741
S01008659,Tollcross - 01,791
S01008660,Tollcross - 02,1080
S01008661,Tollcross - 03,1021
S01008662,Tollcross - 04,775
S01008663,Tollcross - 05,860
S01008664,Tollcross - 06,730
S01008665,Tollcross - 07,1934
S01008666,Meadows and Southside - 01,1060
S01008667,Meadows and Southside - 02,1318
S01008668,Meadows and Southside - 03,658
S01008669,Meadows and Southside - 04,416
S01008670,Meadows and Southside - 05,1090
S01008671,Meadows and Southside - 06,740
S01008672,Meadows and Southside - 07,621
S01008673,Meadows and Southside - 08,2328
S01008674,"Old Town, Princes Street and Leith Street - 01",882
S01008675,"Old Town, Princes Street and Leith Street - 02",844
S01008676,"Old Town, Princes Street and Leith Street - 03",732
S01008677,"Old Town, Princes Street and Leith Street - 04",1029
S01008678,"Old Town, Princes Street and Leith Street - 05",1308
S01008679,"Old Town, Princes Street and Leith Street - 06",1310
S01008680,"Canongate, Southside and Dumbiedykes - 01",779
S01008681,"Canongate, Southside and Dumbiedykes - 02",1205
S01008682,"Canongate, Southside and Dumbiedykes - 03",688
S01008683,"Canongate, Southside and Dumbiedykes - 04",1483
S01008684,"Canongate, Southside and Dumbiedykes - 05",1107
S01008685,"Canongate, Southside and Dumbiedykes - 06",2052
S01008686,Abbeyhill - 01,1349
S01008687,Abbeyhill - 02,628
S01008688,Abbeyhill - 03,816
S01008689,Meadowbank and Abbeyhill North - 01,721
S01008690,Meadowbank and Abbeyhill North - 02,1358
S01008691,Meadowbank and Abbeyhill North - 03,1291
S01008692,Meadowbank and Abbeyhill North - 04,1560
S01008693,Meadowbank and Abbeyhill North - 05,309
S01008694,Willowbrae and Duddingston Village - 01,898
S01008695,Willowbrae and Duddingston Village - 02,652
S01008696,Willowbrae and Duddingston Village - 03,633
S01008697,Willowbrae and Duddingston Village - 04,977
S01008698,Willowbrae and Duddingston Village - 05,437
S01008699,Willowbrae and Duddingston Village - 06,908
S01008700,Willowbrae and Duddingston Village - 07,565
S01008701,Craigmillar - 01,1556
S01008702,Craigmillar - 02,545
S01008703,Craigmillar - 03,1108
S01008704,Craigmillar - 04,3774
S01008705,Craigmillar - 05,752
S01008706,Niddrie - 01,739
S01008707,Niddrie - 02,876
S01008708,Niddrie - 03,1170
S01008709,Niddrie - 04,685
S01008710,Niddrie - 05,487
S01008711,Niddrie - 06,779
S01008712,"Bingham, Magdalene and The Christians - 01",1138
S01008713,"Bingham, Magdalene and The Christians - 02",528
S01008714,"Bingham, Magdalene and The Christians - 03",474
S01008715,"Bingham, Magdalene and The Christians - 04",678
S01008716,"Bingham, Magdalene and The Christians - 05",568
S01008717,"Jewel, Brunstane and Newcraighall - 01",516
S01008718,"Jewel, Brunstane and Newcraighall - 02",798
S01008719,"Jewel, Brunstane and Newcraighall - 03",1074
S01008720,"Jewel, Brunstane and Newcraighall - 04",1809
S01008721,"Jewel, Brunstane and Newcraighall - 05",781
S01008722,Joppa - 01,1100
S01008723,Joppa - 02,690
S01008724,Joppa - 03,1001
S01008725,Joppa - 04,688
S01008726,Joppa - 05,553
S01008727,Joppa - 06,999
S01008728,Portobello - 01,585
S01008729,Portobello - 02,653
S01008730,Portobello - 03,729
S01008731,Portobello - 04,478
S01008732,Portobello - 05,540
S01008733,Portobello - 06,1506
S01008734,Duddingston and Portobello South - 01,614
S01008735,Duddingston and Portobello South - 02,999
S01008736,Duddingston and Portobello South - 03,766
S01008737,Duddingston and Portobello South - 04,708
S01008738,Duddingston and Portobello South - 05,820
S01008739,Mountcastle - 01,628
S01008740,Mountcastle - 02,449
S01008741,Mountcastle - 03,996
S01008742,Mountcastle - 04,487
S01008743,Northfield and Piershill - 01,898
S01008744,Northfield and Piershill - 02,1002
S01008745,Northfield and Piershill - 03,447
S01008746,Northfield and Piershill - 04,979
S01008747,Craigentinny - 01,447
S01008748,Craigentinny - 02,623
S01008749,Craigentinny - 03,1071
S01008750,Craigentinny - 04,637
S01008751,Restalrig (Loganlea) and Craigentinny West - 01,560
S01008752,Restalrig (Loganlea) and Craigentinny West - 02,599
S01008753,Restalrig (Loganlea) and Craigentinny West - 03,496
S01008754,Restalrig (Loganlea) and Craigentinny West - 04,540
S01008755,Restalrig (Loganlea) and Craigentinny West - 05,1017
S01008756,Restalrig and Lochend - 01,587
S01008757,Restalrig and Lochend - 02,506
S01008758,Restalrig and Lochend - 03,728
S01008759,Restalrig and Lochend - 04,542
S01008760,Restalrig and Lochend - 05,894
S01008761,Restalrig and Lochend - 06,649
S01008762,Leith (Hermitage and Prospect Bank) - 01,570
S01008763,Leith (Hermitage and Prospect Bank) - 02,861
S01008764,Leith (Hermitage and Prospect Bank) - 03,653
S01008765,Leith (Hermitage and Prospect Bank) - 04,824
S01008766,Leith (Hermitage and Prospect Bank) - 05,992
S01008767,Leith (Hermitage and Prospect Bank) - 06,518
S01008768,Western Harbour and Leith Docks - 01,2876
S01008769,Western Harbour and Leith Docks - 02,1063
S01008770,Western Harbour and Leith Docks - 03,904
S01008771,Western Harbour and Leith Docks - 04,1171
S01008772,North Leith and Newhaven - 01,737
S01008773,North Leith and Newhaven - 02,925
S01008774,North Leith and Newhaven - 03,1106
S01008775,North Leith and Newhaven - 04,601
S01008776,North Leith and Newhaven - 05,722
S01008777,North Leith and Newhaven - 06,943
S01008778,The Shore and Constitution Street - 01,1066
S01008779,The Shore and Constitution Street - 02,800
S01008780,The Shore and Constitution Street - 03,406
S01008781,The Shore and Constitution Street - 04,1129
S01008782,The Shore and Constitution Street - 05,725
S01008783,The Shore and Constitution Street - 06,427
S01008784,The Shore and Constitution Street - 07,392
S01008785,Great Junction Street - 01,690
S01008786,Great Junction Street - 02,949
S01008787,Great Junction Street - 03,307
S01008788,Great Junction Street - 04,636
S01008789,Great Junction Street - 05,859
S01008790,Great Junction Street - 06,629
S01008791,Great Junction Street - 07,973
S01008792,South Leith - 01,957
S01008793,South Leith - 02,428
S01008794,South Leith - 03,924
S01008795,South Leith - 04,921
S01008796,South Leith - 05,974
S01008797,South Leith - 06,711
S01008798,Easter Road and Hawkhill Avenue - 01,835
S01008799,Easter Road and Hawkhill Avenue - 02,659
S01008800,Easter Road and Hawkhill Avenue - 03,1048
S01008801,Easter Road and Hawkhill Avenue - 04,1020
S01008802,Leith (Albert Street) - 01,937
S01008803,Leith (Albert Street) - 02,821
S01008804,Leith (Albert Street) - 03,820
S01008805,Leith (Albert Street) - 04,590
S01008806,Hillside and Calton Hill - 01,1204
S01008807,Hillside and Calton Hill - 02,730
S01008808,Hillside and Calton Hill - 03,686
S01008809,Hillside and Calton Hill - 04,824
S01008810,Hillside and Calton Hill - 05,749
S01008811,Hillside and Calton Hill - 06,858
S01008812,Hillside and Calton Hill - 07,491
S01008813,Pilrig - 01,1024
S01008814,Pilrig - 02,756
S01008815,Pilrig - 03,860
S01008816,Pilrig - 04,558
S01008817,Bonnington - 01,1102
S01008818,Bonnington - 02,1005
S01008819,Bonnington - 03,733
S01008820,Bonnington - 04,1080
S01008821,Trinity East and The Dudleys - 01,723
S01008822,Trinity East and The Dudleys - 02,698
S01008823,Trinity East and The Dudleys - 03,688
S01008824,Trinity East and The Dudleys - 04,987
S01008825,Trinity East and The Dudleys - 05,705
S01008826,Trinity - 01,538
S01008827,Trinity - 02,698
S01008828,Trinity - 03,861
S01008829,Trinity - 04,686
S01008830,Trinity - 05,903
S01008831,Trinity - 06,748
S01008832,"Inverleith, Goldenacre and Warriston - 01",680
S01008833,"Inverleith, Goldenacre and Warriston - 02",919
S01008834,"Inverleith, Goldenacre and Warriston - 03",1086
S01008835,"Inverleith, Goldenacre and Warriston - 04",825
S01008836,Broughton North and Powderhall - 01,711
S01008837,Broughton North and Powderhall - 02,1571
S01008838,Broughton North and Powderhall - 03,1154
S01008839,Broughton North and Powderhall - 04,1031
S01008840,Broughton South - 01,984
S01008841,Broughton South - 02,752
S01008842,Broughton South - 03,888
S01008843,Broughton South - 04,1541
S01008844,Broughton South - 05,684
S01008845,New Town East and Gayfield - 01,938
S01008846,New Town East and Gayfield - 02,585
S01008847,New Town East and Gayfield - 03,522
S01008848,New Town East and Gayfield - 04,658
S01008849,New Town West - 01,630
S01008850,New Town West - 02,700
S01008851,New Town West - 03,874
S01008852,New Town West - 04,849
S01008853,Canonmills and New Town North - 01,574
S01008854,Canonmills and New Town North - 02,875
S01008855,Canonmills and New Town North - 03,1166
S01008856,Canonmills and New Town North - 04,541
S01008857,Stockbridge - 01,730
S01008858,Stockbridge - 02,527
S01008859,Stockbridge - 03,1039
S01008860,Stockbridge - 04,874
S01008861,Stockbridge - 05,716
S01008862,Stockbridge - 06,795
S01008863,Stockbridge - 07,750
S01008864,Comely Bank - 01,1247
S01008865,Comely Bank - 02,876
S01008866,Comely Bank - 03,763
S01008867,Comely Bank - 04,797
S01008868,Deans Village - 01,1013
S01008869,Deans Village - 02,1122
S01008870,Deans Village - 03,850
S01008871,Deans Village - 04,921
S01008872,Deans Village - 05,983
S01008873,Deans Village - 06,934
S01008874,Deans Village - 07,966
S01008875,Balgreen and Roseburn - 01,810
S01008876,Balgreen and Roseburn - 02,589
S01008877,Balgreen and Roseburn - 03,519
S01008878,Balgreen and Roseburn - 04,866
S01008879,Balgreen and Roseburn - 05,760
S01008880,Balgreen and Roseburn - 06,652
S01008881,Murrayfield and Ravelston - 01,729
S01008882,Murrayfield and Ravelston - 02,971
S01008883,Murrayfield and Ravelston - 03,1030
S01008884,Murrayfield and Ravelston - 04,701
S01008885,Murrayfield and Ravelston - 05,870
S01008886,"Craigleith, Orchard Brae and Crewe Toll - 01",1002
S01008887,"Craigleith, Orchard Brae and Crewe Toll - 02",740
S01008888,"Craigleith, Orchard Brae and Crewe Toll - 03",592
S01008889,"Craigleith, Orchard Brae and Crewe Toll - 04",824
S01008890,"Craigleith, Orchard Brae and Crewe Toll - 05",717
S01008891,"Craigleith, Orchard Brae and Crewe Toll - 06",813
S01008892,Blackhall - 01,996
S01008893,Blackhall - 02,931
S01008894,Blackhall - 03,901
S01008895,Blackhall - 04,813
S01008896,Blackhall - 05,649
S01008897,Blackhall - 06,745
S01008898,Blackhall - 07,836
S01008899,Drylaw - 01,783
S01008900,Drylaw - 02,918
S01008901,Drylaw - 03,871
S01008902,Drylaw - 04,1108
S01008903,Drylaw - 05,946
S01008904,West Pilton - 01,1029
S01008905,West Pilton - 02,1112
S01008906,West Pilton - 03,756
S01008907,West Pilton - 04,1100
S01008908,West Pilton - 05,1472
S01008909,Boswall and Pilton - 01,761
S01008910,Boswall and Pilton - 02,443
S01008911,Boswall and Pilton - 03,1437
S01008912,Boswall and Pilton - 04,773
S01008913,Boswall and Pilton - 05,734
S01008914,Boswall and Pilton - 06,871
S01008915,Boswall and Pilton - 07,529
S01008916,Granton South and Wardieburn - 01,999
S01008917,Granton South and Wardieburn - 02,650
S01008918,Granton South and Wardieburn - 03,491
S01008919,Granton South and Wardieburn - 04,512
S01008920,Granton and Royston Mains - 01,2024
S01008921,Granton and Royston Mains - 02,951
S01008922,Granton and Royston Mains - 03,770
S01008923,Granton and Royston Mains - 04,968
S01008924,Granton West and Salvesen - 01,829
S01008925,Granton West and Salvesen - 02,712
S01008926,Granton West and Salvesen - 03,560
S01008927,Granton West and Salvesen - 04,893
S01008928,Granton West and Salvesen - 05,1148
S01008929,Muirhouse - 01,1083
S01008930,Muirhouse - 02,984
S01008931,Muirhouse - 03,1676
S01008932,Muirhouse - 04,866
S01008933,Muirhouse - 05,617
S01008934,Muirhouse - 06,728
S01008935,Silverknowes and Davidson's Mains - 01,876
S01008936,Silverknowes and Davidson's Mains - 02,414
S01008937,Silverknowes and Davidson's Mains - 03,855
S01008938,Silverknowes and Davidson's Mains - 04,750
S01008939,Silverknowes and Davidson's Mains - 05,783
S01008940,Silverknowes and Davidson's Mains - 06,615
S01008941,Cramond - 01,1052
S01008942,Cramond - 02,767
S01008943,Cramond - 03,881
S01008944,"Barnton, Cammo and Cramond South - 01",1028
S01008945,"Barnton, Cammo and Cramond South - 02",813
S01008946,"Barnton, Cammo and Cramond South - 03",1016
S01008947,"Barnton, Cammo and Cramond South - 04",1086
S01008948,Clermiston and Drumbrae - 01,670
S01008949,Clermiston and Drumbrae - 02,941
S01008950,Clermiston and Drumbrae - 03,1015
S01008951,Clermiston and Drumbrae - 04,828
S01008952,Clermiston and Drumbrae - 05,839
S01008953,Clermiston and Drumbrae - 06,938
S01008954,Clermiston and Drumbrae - 07,1004
S01008955,East Craigs North - 01,635
S01008956,East Craigs North - 02,916
S01008957,East Craigs North - 03,955
S01008958,East Craigs North - 04,849
S01008959,East Craigs North - 05,744
S01008960,East Craigs South - 01,1106
S01008961,East Craigs South - 02,630
S01008962,East Craigs South - 03,614
S01008963,East Craigs South - 04,820
S01008964,East Craigs South - 05,553
S01008965,East Craigs South - 06,885
S01008966,East Craigs South - 07,623
S01008967,Corstorphine North - 01,1047
S01008968,Corstorphine North - 02,1763
S01008969,Corstorphine North - 03,1011
S01008970,Corstorphine - 01,968
S01008971,Corstorphine - 02,686
S01008972,Corstorphine - 03,765
S01008973,Corstorphine - 04,869
S01008974,Corstorphine - 05,773
S01008975,Corstorphine - 06,724
S01008976,Corstorphine - 07,531
S01008977,Carrick Knowe - 01,572
S01008978,Carrick Knowe - 02,524
S01008979,Carrick Knowe - 03,679
S01008980,Carrick Knowe - 04,760
S01008981,Corstorphine South - 01,721
S01008982,Corstorphine South - 02,786
S01008983,Corstorphine South - 03,623
S01008984,Corstorphine South - 04,476
S01008985,Corstorphine South - 05,1105
S01008986,Corstorphine South - 06,797
S01008987,South Gyle - 01,746
S01008988,South Gyle - 02,976
S01008989,South Gyle - 03,669
S01008990,South Gyle - 04,1081
S01008991,South Gyle - 05,841
S01008992,South Gyle - 06,520
S01008993,"Ratho, Ingliston and Gogar - 01",1215
S01008994,"Ratho, Ingliston and Gogar - 02",709
S01008995,"Ratho, Ingliston and Gogar - 03",763
S01008996,"Ratho, Ingliston and Gogar - 04",1015
S01008997,"Dalmeny, Kirkliston and Newbridge - 01",1206
S01008998,"Dalmeny, Kirkliston and Newbridge - 02",890
S01008999,"Dalmeny, Kirkliston and Newbridge - 03",824
S01009000,"Dalmeny, Kirkliston and Newbridge - 04",1818
S01009001,"Dalmeny, Kirkliston and Newbridge - 05",732
S01009002,"Dalmeny, Kirkliston and Newbridge - 06",3219
S01009003,Queensferry East - 01,956
S01009004,Queensferry East - 02,620
S01009005,Queensferry East - 03,855
S01009006,Queensferry East - 04,792
S01009007,Queensferry East - 05,679
S01009008,Queensferry East - 06,912
S01009009,Queensferry West - 01,490
S01009010,Queensferry West - 02,961
S01009011,Queensferry West - 03,809
S01009012,Queensferry West - 04,698
S01009013,Queensferry West - 05,790
S01009014,Barra and South Uist - 01,592
S01009015,Barra and South Uist - 02,696
S01009016,Barra and South Uist - 03,503
S01009017,Barra and South Uist - 04,540
S01009018,Barra and South Uist - 05,774
S01009019,Benbecula and North Uist - 01,491
S01009020,Benbecula and North Uist - 02,792
S01009021,Benbecula and North Uist - 03,719
S01009022,Benbecula and North Uist - 04,841
S01009023,Harris - 01,828
S01009024,Harris - 02,997
S01009025,South Lewis - 01,897
S01009026,South Lewis - 02,935
S01009027,South Lewis - 03,693
S01009028,Northwest Lewis - 01,480
S01009029,Northwest Lewis - 02,583
S01009030,Northwest Lewis - 03,615
S01009031,Northwest Lewis - 04,773
S01009032,Northwest Lewis - 05,616
S01009033,Northwest Lewis - 06,721
S01009034,Broadbay - 01,658
S01009035,Broadbay - 02,978
S01009036,Broadbay - 03,1059
S01009037,Broadbay - 04,872
S01009038,Stornoway West - 01,905
S01009039,Stornoway West - 02,523
S01009040,Stornoway West - 03,602
S01009041,Stornoway West - 04,845
S01009042,Stornoway East - 01,569
S01009043,Stornoway East - 02,576
S01009044,Stornoway East - 03,754
S01009045,Stornoway East - 04,675
S01009046,Point - 01,1051
S01009047,Point - 02,741
S01009048,Point - 03,736
S01009049,Point - 04,490
S01009050,Dunipace - 01,907
S01009051,Dunipace - 02,721
S01009052,Dunipace - 03,566
S01009053,Dunipace - 04,698
S01009054,Dunipace - 05,534
S01009055,"Fankerton, Stoneywood and Denny Town - 01",1166
S01009056,"Fankerton, Stoneywood and Denny Town - 02",543
S01009057,"Fankerton, Stoneywood and Denny Town - 03",541
S01009058,"Fankerton, Stoneywood and Denny Town - 04",782
S01009059,"Fankerton, Stoneywood and Denny Town - 05",815
S01009060,"Fankerton, Stoneywood and Denny Town - 06",1377
S01009061,Denny - Nethermains - 01,756
S01009062,Denny - Nethermains - 02,655
S01009063,Denny - Nethermains - 03,721
S01009064,Denny - Nethermains - 04,549
S01009065,Denny - Nethermains - 05,629
S01009066,Denny - Nethermains - 06,729
S01009067,Head of Muir and Dennyloanhead - 01,935
S01009068,Head of Muir and Dennyloanhead - 02,840
S01009069,Head of Muir and Dennyloanhead - 03,582
S01009070,Head of Muir and Dennyloanhead - 04,548
S01009071,"Banknock, Haggs and Longcroft - 01",437
S01009072,"Banknock, Haggs and Longcroft - 02",491
S01009073,"Banknock, Haggs and Longcroft - 03",779
S01009074,"Banknock, Haggs and Longcroft - 04",704
S01009075,"Banknock, Haggs and Longcroft - 05",500
S01009076,"Banknock, Haggs and Longcroft - 06",901
S01009077,Bonnybridge - 01,564
S01009078,Bonnybridge - 02,762
S01009079,Bonnybridge - 03,874
S01009080,Bonnybridge - 04,948
S01009081,Bonnybridge - 05,532
S01009082,Bonnybridge - 06,1127
S01009083,High Bonnybridge and Greenhill - 01,714
S01009084,High Bonnybridge and Greenhill - 02,873
S01009085,High Bonnybridge and Greenhill - 03,829
S01009086,High Bonnybridge and Greenhill - 04,659
S01009087,High Bonnybridge and Greenhill - 05,574
S01009088,Larbert - North Broomage and Inches - 01,1072
S01009089,Larbert - North Broomage and Inches - 02,845
S01009090,Larbert - North Broomage and Inches - 03,2347
S01009091,Larbert - North Broomage and Inches - 04,778
S01009092,Larbert - North Broomage and Inches - 05,1224
S01009093,Larbert - North Broomage and Inches - 06,733
S01009094,Larbert - South Broomage and Village - 01,656
S01009095,Larbert - South Broomage and Village - 02,948
S01009096,Larbert - South Broomage and Village - 03,1039
S01009097,Larbert - South Broomage and Village - 04,825
S01009098,Larbert - South Broomage and Village - 05,463
S01009099,Stenhousemuir West - 01,690
S01009100,Stenhousemuir West - 02,831
S01009101,Stenhousemuir West - 03,864
S01009102,Stenhousemuir West - 04,854
S01009103,Stenhousemuir East - 01,490
S01009104,Stenhousemuir East - 02,711
S01009105,Stenhousemuir East - 03,745
S01009106,Stenhousemuir East - 04,554
S01009107,Stenhousemuir East - 05,779
S01009108,Stenhousemuir - Antonshill - 01,656
S01009109,Stenhousemuir - Antonshill - 02,609
S01009110,Stenhousemuir - Antonshill - 03,586
S01009111,Stenhousemuir - Antonshill - 04,793
S01009112,Stenhousemuir - Antonshill - 05,530
S01009113,Carron - 01,825
S01009114,Carron - 02,780
S01009115,Carron - 03,544
S01009116,Carron - 04,406
S01009117,Carronshore - 01,699
S01009118,Carronshore - 02,569
S01009119,Carronshore - 03,734
S01009120,Carronshore - 04,558
S01009121,Carse and Grangemouth Old Town - 01,704
S01009122,Carse and Grangemouth Old Town - 02,2963
S01009123,Carse and Grangemouth Old Town - 03,546
S01009124,Carse and Grangemouth Old Town - 04,521
S01009125,Carse and Grangemouth Old Town - 05,632
S01009126,Falkirk - Bainsford and Langlees - 01,599
S01009127,Falkirk - Bainsford and Langlees - 02,650
S01009128,Falkirk - Bainsford and Langlees - 03,727
S01009129,Falkirk - Bainsford and Langlees - 04,468
S01009130,Falkirk - Bainsford and Langlees - 05,501
S01009131,Falkirk - Bainsford and Langlees - 06,511
S01009132,Falkirk - Merchiston and New Carron Village - 01,739
S01009133,Falkirk - Merchiston and New Carron Village - 02,676
S01009134,Falkirk - Merchiston and New Carron Village - 03,800
S01009135,Falkirk - Merchiston and New Carron Village - 04,551
S01009136,Falkirk - Merchiston and New Carron Village - 05,733
S01009137,Falkirk - Merchiston and New Carron Village - 06,859
S01009138,Falkirk - Grahamston - 01,824
S01009139,Falkirk - Grahamston - 02,390
S01009140,Falkirk - Grahamston - 03,622
S01009141,Falkirk - Grahamston - 04,825
S01009142,Falkirk - Grahamston - 05,739
S01009143,Falkirk - Middlefield - 01,508
S01009144,Falkirk - Middlefield - 02,953
S01009145,Falkirk - Middlefield - 03,947
S01009146,Falkirk - Middlefield - 04,862
S01009147,Falkirk - Middlefield - 05,683
S01009148,Falkirk - Middlefield - 06,667
S01009149,Falkirk - Town Centre and Callendar Park - 01,761
S01009150,Falkirk - Town Centre and Callendar Park - 02,723
S01009151,Falkirk - Town Centre and Callendar Park - 03,822
S01009152,Falkirk - Town Centre and Callendar Park - 04,643
S01009153,Falkirk - Town Centre and Callendar Park - 05,448
S01009154,Falkirk - Bantaskin - 01,994
S01009155,Falkirk - Bantaskin - 02,477
S01009156,Falkirk - Bantaskin - 03,604
S01009157,Falkirk - Bantaskin - 04,878
S01009158,Falkirk - Bantaskin - 05,526
S01009159,Falkirk - Camelon East - 01,397
S01009160,Falkirk - Camelon East - 02,604
S01009161,Falkirk - Camelon East - 03,624
S01009162,Falkirk - Camelon East - 04,695
S01009163,Falkirk - Camelon East - 05,471
S01009164,Falkirk - Camelon West - 01,785
S01009165,Falkirk - Camelon West - 02,717
S01009166,Falkirk - Camelon West - 03,632
S01009167,Falkirk - Camelon West - 04,500
S01009168,Falkirk - Tamfourhill - 01,593
S01009169,Falkirk - Tamfourhill - 02,777
S01009170,Falkirk - Tamfourhill - 03,620
S01009171,Falkirk - Tamfourhill - 04,611
S01009172,Falkirk - Lochgreen and Lionthorn - 01,660
S01009173,Falkirk - Lochgreen and Lionthorn - 02,707
S01009174,Falkirk - Lochgreen and Lionthorn - 03,468
S01009175,Falkirk - Lochgreen and Lionthorn - 04,785
S01009176,Falkirk - Lochgreen and Lionthorn - 05,1063
S01009177,Hallglen and Glen Village - 01,766
S01009178,Hallglen and Glen Village - 02,758
S01009179,Hallglen and Glen Village - 03,612
S01009180,Hallglen and Glen Village - 04,1005
S01009181,Shieldhill - 01,756
S01009182,Shieldhill - 02,934
S01009183,Shieldhill - 03,654
S01009184,Braes Villages - 01,843
S01009185,Braes Villages - 02,858
S01009186,Braes Villages - 03,783
S01009187,Braes Villages - 04,580
S01009188,Braes Villages - 05,893
S01009189,Braes Villages - 06,741
S01009190,Reddingmuirhead and Overton - 01,1428
S01009191,Reddingmuirhead and Overton - 02,725
S01009192,Reddingmuirhead and Overton - 03,757
S01009193,Reddingmuirhead and Overton - 04,2084
S01009194,Brightons and Wallacestone - 01,745
S01009195,Brightons and Wallacestone - 02,799
S01009196,Brightons and Wallacestone - 03,621
S01009197,Brightons and Wallacestone - 04,1146
S01009198,Brightons and Wallacestone - 05,660
S01009199,Maddiston and Rumford - 01,565
S01009200,Maddiston and Rumford - 02,1805
S01009201,Maddiston and Rumford - 03,583
S01009202,Maddiston and Rumford - 04,475
S01009203,Maddiston and Rumford - 05,772
S01009204,Maddiston and Rumford - 06,841
S01009205,Polmont - 01,790
S01009206,Polmont - 02,688
S01009207,Polmont - 03,674
S01009208,Polmont - 04,631
S01009209,Polmont - 05,674
S01009210,Polmont - 06,452
S01009211,Redding - 01,508
S01009212,Redding - 02,717
S01009213,Redding - 03,685
S01009214,Redding - 04,1016
S01009215,Laurieston and Westquarter - 01,848
S01009216,Laurieston and Westquarter - 02,894
S01009217,Laurieston and Westquarter - 03,680
S01009218,Laurieston and Westquarter - 04,768
S01009219,Grangemouth - Newlands - 01,553
S01009220,Grangemouth - Newlands - 02,517
S01009221,Grangemouth - Newlands - 03,543
S01009222,Grangemouth - Newlands - 04,476
S01009223,Grangemouth - Newlands - 05,589
S01009224,Grangemouth - Newlands - 06,640
S01009225,Grangemouth - Newlands - 07,508
S01009226,Grangemouth - Newlands - 08,810
S01009227,Grangemouth - Town Centre - 01,511
S01009228,Grangemouth - Town Centre - 02,513
S01009229,Grangemouth - Town Centre - 03,524
S01009230,Grangemouth - Town Centre - 04,373
S01009231,Grangemouth - Town Centre - 05,947
S01009232,Grangemouth - Kersiebank - 01,516
S01009233,Grangemouth - Kersiebank - 02,539
S01009234,Grangemouth - Kersiebank - 03,935
S01009235,Grangemouth - Kersiebank - 04,927
S01009236,Grangemouth - Kersiebank - 05,478
S01009237,Grangemouth - Kersiebank - 06,797
S01009238,Grangemouth - Bowhouse - 01,660
S01009239,Grangemouth - Bowhouse - 02,806
S01009240,Grangemouth - Bowhouse - 03,558
S01009241,Grangemouth - Bowhouse - 04,890
S01009242,Grangemouth - Bowhouse - 05,685
S01009243,Bo'ness - Douglas - 01,925
S01009244,Bo'ness - Douglas - 02,773
S01009245,Bo'ness - Douglas - 03,795
S01009246,Bo'ness - Douglas - 04,783
S01009247,Bo'ness - Douglas - 05,1005
S01009248,Bo'ness - Newtown - 01,669
S01009249,Bo'ness - Newtown - 02,812
S01009250,Bo'ness - Newtown - 03,615
S01009251,Bo'ness - Newtown - 04,490
S01009252,Bo'ness - Newtown - 05,439
S01009253,Bo'ness - Kinneil - 01,483
S01009254,Bo'ness - Kinneil - 02,792
S01009255,Bo'ness - Kinneil - 03,646
S01009256,Bo'ness - Kinneil - 04,449
S01009257,Bo'ness - Kinneil - 05,649
S01009258,"Blackness, Bo'ness - Carriden and Grahamsdyke - 01",1131
S01009259,"Blackness, Bo'ness - Carriden and Grahamsdyke - 02",880
S01009260,"Blackness, Bo'ness - Carriden and Grahamsdyke - 03",988
S01009261,"Blackness, Bo'ness - Carriden and Grahamsdyke - 04",648
S01009262,"Blackness, Bo'ness - Carriden and Grahamsdyke - 05",537
S01009263,"Blackness, Bo'ness - Carriden and Grahamsdyke - 06",1048
S01009264,Kincardine North and Tulliallan,483
S01009265,Kincardine West,1017
S01009266,Kincardine East,784
S01009267,Kincardine South,758
S01009268,Blairhall and Landward,1208
S01009269,Oakley North,865
S01009270,Comrie East,623
S01009271,Comrie West,803
S01009272,Oakley East,710
S01009273,Saline North,481
S01009274,Saline South,563
S01009275,Knock Hill Landward,992
S01009276,Carnock,878
S01009277,Gowkhall and Landward,1222
S01009278,Torryburn,600
S01009279,Newmills,790
S01009280,High Valleyfield East,891
S01009281,High Valleyfield West,749
S01009282,Culross and Low Valleyfield,735
S01009283,Crombie,678
S01009284,Cairneyhill East,722
S01009285,Cairneyhill North,803
S01009286,Cairneyhill West,719
S01009287,Limekilns,727
S01009288,Charlestown and Bellknowes,942
S01009289,Crossford East and Berrylaw,829
S01009290,Crossford West,625
S01009291,Crossford South,872
S01009292,Wellwood,523
S01009293,Milesmark East,633
S01009294,Milesmark West,739
S01009295,Beveridgewell West,559
S01009296,Beveridgewell Western and Parkneuk,422
S01009297,Beveridgewell East,769
S01009298,Balbridgeburn North,856
S01009299,Pittencrieff,1118
S01009300,Balbridgeburn South,542
S01009301,Broomhead,1118
S01009302,Headwell East,768
S01009303,Bellyeoman South West,817
S01009304,Headwell North,1003
S01009305,Headwell Central,818
S01009306,Headwell South West,1106
S01009307,Carnegie Drive,1093
S01009308,Abbey Parks North,521
S01009309,Abbey Parks South and Brucefield North West,707
S01009310,Ladys Mill,846
S01009311,Pitbauchlie West,799
S01009312,Brucefield West,747
S01009313,Brucefield South West,546
S01009314,Brucefield North,562
S01009315,Brucefield South,593
S01009316,Transy,719
S01009317,Garvock Hill South,762
S01009318,Garvock Hill West,563
S01009319,Garvock Hill North East,906
S01009320,Bellyeoman South,719
S01009321,Queen Margaret Fauld,605
S01009322,Kingseat,690
S01009323,Townhill East,663
S01009324,Townhill West,513
S01009325,Bellyeoman North and Townhill Landward,694
S01009326,Queen Margaret Hospital,504
S01009327,Kingseathill,701
S01009328,Duloch North East,914
S01009329,Duloch North North West,1698
S01009330,Duloch North West,528
S01009331,South Fod and Calais Muir,2277
S01009332,Lynebank,1066
S01009333,Woodmill South,982
S01009334,Woodmill North,612
S01009335,Woodmill West,906
S01009336,Touch,590
S01009337,Pitcorthie North West,731
S01009338,Abbeyview East,1109
S01009339,Abbeyview North,883
S01009340,Abbeyview Central,665
S01009341,Abbeyview West,635
S01009342,Pitcorthie North,717
S01009343,Pitcorthie North East,533
S01009344,Abbeyview South East,665
S01009345,Abbeyview Linburn,907
S01009346,Duloch East,706
S01009347,Duloch South East,656
S01009348,Duloch Central,477
S01009349,Duloch South,794
S01009350,Duloch South West,577
S01009351,Duloch West,527
S01009352,Masterton South,749
S01009353,Middlebank,1274
S01009354,Masterton Central,2188
S01009355,Pitcorthie Central,775
S01009356,Pitcorthie East,887
S01009357,Pitreavie Castle West,478
S01009358,Pitreavie Castle East and Heathery,646
S01009359,Masterton North,712
S01009360,Pitbauchlie and Pitcorthie North West,788
S01009361,Pitreavie,728
S01009362,Pitcorthie West,915
S01009363,Rosyth Camdean,759
S01009364,Dunfermline Business Park,873
S01009365,Pattiesmuir,560
S01009366,Rosyth Kings North,690
S01009367,Admiralty North,654
S01009368,Rosyth Wilderness East,508
S01009369,Rosyth Kings East,652
S01009370,Rosyth Wilderness North,763
S01009371,Admiralty North East,541
S01009372,Admiralty Central,460
S01009373,Rosyth Kings South,1049
S01009374,Admiralty South West,895
S01009375,Admiralty South East,704
S01009376,Admiralty South,497
S01009377,Rosyth Dockyard and Castle,1480
S01009378,Rosyth Pease Hill East,977
S01009379,Rosyth Pease Hill North,956
S01009380,Rosyth Pease Hill South,563
S01009381,Inverkeithing Belleknowes,577
S01009382,Inverkeithing West,764
S01009383,Inverkeithing Jamestown,750
S01009384,North Queensferry,514
S01009385,North Queensferry Ferryhills,482
S01009386,Inverkeithing Spencerfield North,598
S01009387,Inverkeithing Spencerfield South,870
S01009388,Inverkeithing Spittalfield,801
S01009389,Inverkeithing North East,933
S01009390,Dalgety Letham Hill South,646
S01009391,Dalgety Letham Hill,668
S01009392,Dalgety Letham Farm,511
S01009393,Hillend,631
S01009394,Dalgety Steeple Clump,903
S01009395,Dalgety Bay East,664
S01009396,Dalgety Bay South East,669
S01009397,Dalgety St Davids Clump,716
S01009398,Dalgety Bogend Wood,610
S01009399,Dalgety Longhill Park,635
S01009400,Dalgety Donibristle South,483
S01009401,Dalgety Ross Plantation,616
S01009402,Dalgety Crow Hill,871
S01009403,Dalgety Donibristle and Hillend,486
S01009404,Halbeath,680
S01009405,Crossgates South Knowe and Annfield,462
S01009406,Crossgates North,1024
S01009407,Crossgates North East,464
S01009408,Crossgates North Knowe,946
S01009409,Hill of Beath and Landward,995
S01009410,Beath Woodend,795
S01009411,Hill of Beath,740
S01009412,Beath South West,852
S01009413,Cowdenbeath North West,1012
S01009414,Cowdenbeath Foulford,670
S01009415,Cowdenbeath North,647
S01009416,Cowdenbeath Glenfield,449
S01009417,Leuchatsbeath,1282
S01009418,Cowdenbeath North East,1041
S01009419,Kelty Elmwood,591
S01009420,Kelty West,690
S01009421,Kelty South West,755
S01009422,Kelty Blairadam Park,759
S01009423,Kelty Seafar,1332
S01009424,Kelty East,608
S01009425,Kelty Oakfield,691
S01009426,Kelty Central,719
S01009427,Kelty North East,558
S01009428,Lochore North,717
S01009429,Lochore Central,650
S01009430,Crosshill and Lochore South,677
S01009431,Glencraig Landward,582
S01009432,Ballingry East,776
S01009433,Ballingry Central,775
S01009434,Ballingry South,565
S01009435,Ballingry West,728
S01009436,Dundonald,635
S01009437,Bowhill and Dundonald,675
S01009438,Cardenden East,903
S01009439,Cardenden West,753
S01009440,Bowhill West,650
S01009441,Bowhill East,710
S01009442,Jamphlars and Lochgelly Landward,557
S01009443,Auchterderran Landward and Cluny,1883
S01009444,Lochgelly St Patricks and The Beeches,666
S01009445,Lochgelly North,826
S01009446,Lochgelly East,894
S01009447,Lochgelly Central and Eastern,499
S01009448,Lochgelly Albion Park and New Farm Vale,1186
S01009449,Lochgelly Central and Western,423
S01009450,Lumphinnans,516
S01009451,Lochgelly South West,957
S01009452,Lochgelly West and Lumphinnans Central,571
S01009453,Lochgelly West,819
S01009454,Aberdour,891
S01009455,St Colme and Aberdour West,1126
S01009456,Mossbank and Donibristle,1006
S01009457,Auchtertool,634
S01009458,Burntisland Central,629
S01009459,Burntisland Links,771
S01009460,Burntisland Docks,806
S01009461,Burntisland Kirkton,882
S01009462,Burntisland Grange and Orrock,713
S01009463,Burntisland Nether Grange,654
S01009464,Burntisland East Toll,828
S01009465,Burntisland Meadowfield,558
S01009466,Burntisland East,486
S01009467,Kinghorn South,676
S01009468,Kinghorn Central,742
S01009469,Kinghorn North,795
S01009470,Kinghorn North West,416
S01009471,Linktown East,583
S01009472,Linktown North,907
S01009473,Linktown Central,869
S01009474,Linktown South and Seafield North,836
S01009475,Seafield Central,533
S01009476,Seafield South and Landward,827
S01009477,Kirkcaldy Central North,805
S01009478,Kirkcaldy Central and East,850
S01009479,Kirkcaldy Central,971
S01009480,Kirkcaldy Central South,799
S01009481,Bennochy North,856
S01009482,Bennochy Balfour,584
S01009483,Bennochy East,728
S01009484,Oriel and Forth,899
S01009485,Bennochy South West,779
S01009486,Forth Park,609
S01009487,Forth Park North,859
S01009488,Bennochy West,683
S01009489,Cowdenbeath South East,776
S01009490,Cowdenbeath South,756
S01009491,Cowdenbeath Central,817
S01009492,Cowdenbeath South West,549
S01009493,Raith Estate and Southerton,858
S01009494,Raith,924
S01009495,Raith and Long Braes,828
S01009496,Blackcraigs and West Torbain,775
S01009497,Redcraigs,931
S01009498,Newliston,633
S01009499,Kirkcaldy Long Braes,759
S01009500,Fair Isle,672
S01009501,Dunearn,887
S01009502,Templehall West,792
S01009503,Craigmount and Greenloanings,685
S01009504,Kirkcaldy Valley West,643
S01009505,Templehall,756
S01009506,Templehall North Eastern,702
S01009507,Templehall East,853
S01009508,Templehall North,779
S01009509,Kirkcaldy Valley East,916
S01009510,Dunnikier South,672
S01009511,Dunnikier East,549
S01009512,Dunnikier Central,738
S01009513,Dunnikier North,567
S01009514,Dunnikier North West,636
S01009515,Fair Isle North,666
S01009516,Chapelhill and Torbain,777
S01009517,Chapelwood,1008
S01009518,Chapel Moss,926
S01009519,Capshard,945
S01009520,Chapel,836
S01009521,Smeaton North,910
S01009522,Smeaton South,986
S01009523,Hayfield North,570
S01009524,Pathhead North West,640
S01009525,Hayfield South,547
S01009526,Braehead and the Path,581
S01009527,Pathhead Central,609
S01009528,Pathhead South and Sands,507
S01009529,Kirkcaldy Viewforth,593
S01009530,Ravenscraig,543
S01009531,Mitchelston and Randolph,1271
S01009532,Overton,808
S01009533,Sinclairtown West,997
S01009534,Sinclairtown Central,902
S01009535,Gallatown West,856
S01009536,Dysart North East,547
S01009537,Dysart North,487
S01009538,Dysart Central,888
S01009539,Sinclairtown East,968
S01009540,Sinclairtown North,786
S01009541,East Wemyss and Standingstane,1309
S01009542,East Wemyss McDuff,750
S01009543,East Wemyss Shore,554
S01009544,Wemyss Villages,888
S01009545,Kinglassie West,673
S01009546,Kinglassie East,1130
S01009547,Strathore,796
S01009548,Thornton South,535
S01009549,Thornton North,706
S01009550,Newcastle West,530
S01009551,Newcastle East,523
S01009552,Leslie South West and Auchmuir,914
S01009553,Leslie West,859
S01009554,Leslie Landward,569
S01009555,Leslie East,748
S01009556,Tanshall West,689
S01009557,Macedonia North,619
S01009558,Macedonia East,662
S01009559,Macedonia West,746
S01009560,Tanshall Central,903
S01009561,Tanshall East,652
S01009562,South Parks West,751
S01009563,South Parks East,700
S01009564,South Parks North,676
S01009565,Viewfield North and Rimbleton South,530
S01009566,Caskieberran East,965
S01009567,Caskieberran West,833
S01009568,Rimbleton West,707
S01009569,Rimbleton North,759
S01009570,Rimbleton East,491
S01009571,Auchmuty North West,651
S01009572,Auchmuty West,854
S01009573,Auchmuty East,716
S01009574,Auchmuty Dovecot and Town Centre,920
S01009575,Stenton North,443
S01009576,Finglassie North and Southfield,481
S01009577,Finglassie South,543
S01009578,Stenton Central,658
S01009579,Lochty View,827
S01009580,Pitteuchar Woods,947
S01009581,Pitteuchar South East,518
S01009582,Pitteuchar North East,508
S01009583,Pitteuchar Central,809
S01009584,Warout,512
S01009585,Pitteuchar West,878
S01009586,Pitteuchar South,579
S01009587,Woodside West,779
S01009588,Woodside North,1018
S01009589,Woodside South,896
S01009590,Foresters Lodge,675
S01009591,Balgeddie South,596
S01009592,Whinnyknowe and Leslie Mains,555
S01009593,Balgeddie North,663
S01009594,Formonthills,616
S01009595,Beechwood,406
S01009596,Collydean West,707
S01009597,Collydean South,861
S01009598,Collydean North,635
S01009599,Pitcoudie,776
S01009600,Cadham,613
S01009601,Cadham South,640
S01009602,Coul,676
S01009603,Pitcairn,387
S01009604,Balfarg South,792
S01009605,Balfarg,536
S01009606,Tofthill and Balbirnie Park,957
S01009607,Prestonhall,796
S01009608,Markinch North,593
S01009609,Markinch East,724
S01009610,Markinch West,940
S01009611,Star and Kirkforthar,591
S01009612,Coaltown of Balgonie East,584
S01009613,Coaltown of Balgonie West,454
S01009614,Milton of Balgonie,485
S01009615,Windygates West,352
S01009616,Windygates East,670
S01009617,Windygates Kennoway and Leven Roads,684
S01009618,Denbeath North,639
S01009619,Denbeath South,621
S01009620,Buckhaven North,823
S01009621,Buckhaven Central,731
S01009622,Buckhaven South,735
S01009623,Buckhaven North West and Muiredge,457
S01009624,Buckhaven Birds,812
S01009625,Methil Methilmill,865
S01009626,Methil Trees East,606
S01009627,Methil Trees West,836
S01009628,Methilhill Toll Bar,498
S01009629,Methilhill South West,964
S01009630,Methilhill North,749
S01009631,Lower Methil,602
S01009632,Methil Memorial Park,541
S01009633,Methil Savoy,769
S01009634,Methil Sea Road,498
S01009635,Methil New Bayview,862
S01009636,Aberhill,669
S01009637,Methil Old Bayview,595
S01009638,Methil Kirkland,1141
S01009639,Leven Links,770
S01009640,Scoonie South,609
S01009641,Leven South West,903
S01009642,Leven South,909
S01009643,Leven Castlefleurie,1165
S01009644,Leven Mountfleurie West,856
S01009645,Leven Montrave,597
S01009646,Leven Mountfleurie East,658
S01009647,Leven North,641
S01009648,Broom South,855
S01009649,Broom North,1029
S01009650,Leven Letham Glen,748
S01009651,New Gilston and Upper Largo,1302
S01009652,Lundin Links,802
S01009653,Lower Largo Northern,447
S01009654,Lower Largo,587
S01009655,Kennoway South East,845
S01009656,Kennoway East,726
S01009657,Kennoway Sandy Brae,777
S01009658,Kennoway North West,703
S01009659,Kennoway Central,538
S01009660,Kennoway North East,1036
S01009661,Bonnybank and Montrave,876
S01009662,Kettlebridge and Rameldry,650
S01009663,Kingskettle and Balmalcolm,630
S01009664,Monimal Pitlessie and Cults,862
S01009665,Ladybank Woods,682
S01009666,Ladybank,675
S01009667,Giffordtown to Lathrisk,542
S01009668,Freuchie North and New Inn,556
S01009669,Freuchie South and Muirhead,492
S01009670,Falkland East and East Lomond,706
S01009671,Falkland West and Craigmead,582
S01009672,Auchtermuchty West,806
S01009673,Auchtermuchty East,752
S01009674,Collessie and Pitmedden Landward,837
S01009675,Strathmiglo South and Dunshalt,798
S01009676,Gateside Landward,853
S01009677,Flisk Lindores and Luthrie,541
S01009678,Newburgh North East and Braeside of Lindores,569
S01009679,Newburgh East,935
S01009680,Newburgh West and Lochmill,722
S01009681,Springfield East,699
S01009682,Cupar Westfield South,625
S01009683,Cupar Westfield,821
S01009684,Bow of Fife Tarvit and Balgarvie,1187
S01009685,Springfield West and Rankeilour,603
S01009686,Cupar South West,945
S01009687,Cupar Northern,722
S01009688,Cupar North West,789
S01009689,Cupar West,702
S01009690,Cupar North,622
S01009691,Cupar Station and Meadowside,524
S01009692,Cupar East,1022
S01009693,Cupar Tarvit,605
S01009694,Cupar South South East,903
S01009695,Ceres East and Pitscottie,548
S01009696,Craigrothie and Ceres West,881
S01009697,Dairsie and Kemback,763
S01009698,Peat Inn and Dunino,627
S01009699,Elie,387
S01009700,Colinsburgh Kilconquhar and Balcormo,664
S01009701,Earlsferry,509
S01009702,Largoward Landward,638
S01009703,Pittenweem East,616
S01009704,Pittenweem West,830
S01009705,St Monans West,707
S01009706,St Monans East and Abercrombie,611
S01009707,Anstruther,462
S01009708,Anstruther East and Cellardyke,1100
S01009709,Anstruther South West,875
S01009710,Anstruther Waid,445
S01009711,Anstruther West,747
S01009712,Kilrenny,624
S01009713,Crail South and Fife Ness,802
S01009714,Crail North,918
S01009715,Boarhills and Kingsbarns,724
S01009716,Kilrymont and Langlands,649
S01009717,East Sands,686
S01009718,Langlands West,691
S01009719,Kilrymont East,640
S01009720,Kilrymont West,678
S01009721,St  Andrews Town Centre,420
S01009722,Madras and St Leonards,1568
S01009723,St Andrews Abbey,631
S01009724,Kinness Burn East,839
S01009725,Kinness Burn,424
S01009726,The Scores,1036
S01009727,Feddinch and The Grange,680
S01009728,Hallow Hill South,728
S01009729,Hallow Hill,577
S01009730,Cairnsmill,473
S01009731,Canongate,577
S01009732,Kinness Burn West,745
S01009733,Clayton and Clatto,446
S01009734,Strathkinness and Craigton,864
S01009735,Lawhead and Northbank,669
S01009736,North Haugh,3428
S01009737,Leuchars West,979
S01009738,Guardbridge,508
S01009739,Leuchars North East and St Michaels,1008
S01009740,Leuchars North,543
S01009741,Leuchars East,1137
S01009742,St Fort and Pickletillem,479
S01009743,Gauldry and Balmerino,943
S01009744,Balmullo North,680
S01009745,Balmullo South,1445
S01009746,Kilmany Rathillet and Logie,512
S01009747,Tayport North,677
S01009748,Tayport West,838
S01009749,Tayport Central,963
S01009750,Tayport South,734
S01009751,Tayport South East,775
S01009752,Newport West,596
S01009753,Newport Central,604
S01009754,Newport East,903
S01009755,Newport North East,561
S01009756,Wormit East,679
S01009757,Wormit West,741
S01009758,Darnley East - 01,548
S01009759,Darnley East - 02,997
S01009760,Darnley East - 03,1030
S01009761,Darnley East - 04,739
S01009762,Darnley East - 05,981
S01009763,Darnley East - 06,734
S01009764,Darnley North - 01,666
S01009765,Darnley North - 02,1010
S01009766,Darnley North - 03,407
S01009767,Darnley North - 04,2568
S01009768,Darnley West - 01,771
S01009769,Darnley West - 02,1064
S01009770,Darnley West - 03,684
S01009771,Darnley West - 04,815
S01009772,Darnley West - 05,565
S01009773,Darnley West - 06,668
S01009774,Darnley West - 07,578
S01009775,Nitshill - 01,1932
S01009776,Nitshill - 02,685
S01009777,Nitshill - 03,406
S01009778,Nitshill - 04,841
S01009779,Nitshill - 05,512
S01009780,Nitshill - 06,614
S01009781,Nitshill - 07,559
S01009782,Nitshill - 08,787
S01009783,Nitshill - 09,601
S01009784,Crookston South - 01,1041
S01009785,Crookston South - 02,841
S01009786,Crookston South - 03,1055
S01009787,Crookston South - 04,911
S01009788,Crookston North - 01,912
S01009789,Crookston North - 02,836
S01009790,Crookston North - 03,571
S01009791,Crookston North - 04,737
S01009792,Pollok South and West - 01,991
S01009793,Pollok South and West - 02,1690
S01009794,Pollok South and West - 03,552
S01009795,Pollok South and West - 04,808
S01009796,Pollok South and West - 05,736
S01009797,Pollok South and West - 06,792
S01009798,Pollok South and West - 07,655
S01009799,Pollok North and East - 01,856
S01009800,Pollok North and East - 02,1010
S01009801,Pollok North and East - 03,911
S01009802,Pollok North and East - 04,966
S01009803,Pollok North and East - 05,701
S01009804,Pollok North and East - 06,456
S01009805,Pollok North and East - 07,1012
S01009806,Cardonald South and East - 01,852
S01009807,Cardonald South and East - 02,759
S01009808,Cardonald South and East - 03,590
S01009809,Cardonald South and East - 04,625
S01009810,Cardonald North - 01,649
S01009811,Cardonald North - 02,976
S01009812,Cardonald North - 03,734
S01009813,Cardonald North - 04,993
S01009814,Cardonald North - 05,733
S01009815,Cardonald West and Central - 01,643
S01009816,Cardonald West and Central - 02,588
S01009817,Cardonald West and Central - 03,677
S01009818,Cardonald West and Central - 04,880
S01009819,Cardonald West and Central - 05,540
S01009820,Cardonald West and Central - 06,917
S01009821,Cardonald West and Central - 07,683
S01009822,Penilee - 01,486
S01009823,Penilee - 02,714
S01009824,Penilee - 03,920
S01009825,Penilee - 04,946
S01009826,Penilee - 05,607
S01009827,Penilee - 06,931
S01009828,Penilee - 07,620
S01009829,Hillington - 01,975
S01009830,Hillington - 02,702
S01009831,Hillington - 03,588
S01009832,Hillington - 04,985
S01009833,Drumoyne and Shieldhall - 01,468
S01009834,Drumoyne and Shieldhall - 02,876
S01009835,Drumoyne and Shieldhall - 03,613
S01009836,Drumoyne and Shieldhall - 04,978
S01009837,Drumoyne and Shieldhall - 05,638
S01009838,Drumoyne and Shieldhall - 06,893
S01009839,Drumoyne and Shieldhall - 07,804
S01009840,Drumoyne and Shieldhall - 08,881
S01009841,Govan and Linthouse - 01,800
S01009842,Govan and Linthouse - 02,613
S01009843,Govan and Linthouse - 03,897
S01009844,Govan and Linthouse - 04,911
S01009845,Govan and Linthouse - 05,792
S01009846,Govan and Linthouse - 06,1142
S01009847,Govan and Linthouse - 07,683
S01009848,Craigton - 01,974
S01009849,Craigton - 02,809
S01009850,Craigton - 03,873
S01009851,Craigton - 04,938
S01009852,Mosspark - 01,559
S01009853,Mosspark - 02,806
S01009854,Mosspark - 03,881
S01009855,Mosspark - 04,574
S01009856,Mosspark - 05,640
S01009857,Mosspark - 06,856
S01009858,Mosspark - 07,736
S01009859,Ibrox - 01,1291
S01009860,Ibrox - 02,1010
S01009861,Ibrox - 03,1074
S01009862,Ibrox East and Cessnock - 01,1144
S01009863,Ibrox East and Cessnock - 02,927
S01009864,Ibrox East and Cessnock - 03,850
S01009865,Ibrox East and Cessnock - 04,814
S01009866,Kinning Park and Festival Park - 01,953
S01009867,Kinning Park and Festival Park - 02,1222
S01009868,Kinning Park and Festival Park - 03,715
S01009869,Kinning Park and Festival Park - 04,757
S01009870,Kinning Park and Festival Park - 05,659
S01009871,Kingston West and Dumbreck - 01,1136
S01009872,Kingston West and Dumbreck - 02,826
S01009873,Kingston West and Dumbreck - 03,776
S01009874,Kingston West and Dumbreck - 04,958
S01009875,Pollokshields West - 01,824
S01009876,Pollokshields West - 02,295
S01009877,Pollokshields West - 03,944
S01009878,Pollokshields West - 04,859
S01009879,Pollokshields West - 05,908
S01009880,Pollokshields West - 06,828
S01009881,Pollokshields East - 01,911
S01009882,Pollokshields East - 02,1181
S01009883,Pollokshields East - 03,753
S01009884,Pollokshields East - 04,865
S01009885,Pollokshields East - 05,702
S01009886,Pollokshields East - 06,827
S01009887,Govanhill West - 01,1088
S01009888,Govanhill West - 02,649
S01009889,Govanhill West - 03,926
S01009890,Govanhill West - 04,475
S01009891,Govanhill West - 05,729
S01009892,Govanhill West - 06,805
S01009893,Govanhill West - 07,896
S01009894,Govanhill East and Aikenhead - 01,942
S01009895,Govanhill East and Aikenhead - 02,955
S01009896,Govanhill East and Aikenhead - 03,1167
S01009897,Govanhill East and Aikenhead - 04,1101
S01009898,Govanhill East and Aikenhead - 05,735
S01009899,Battlefield - 01,739
S01009900,Battlefield - 02,694
S01009901,Battlefield - 03,913
S01009902,Battlefield - 04,966
S01009903,Battlefield - 05,930
S01009904,Battlefield - 06,806
S01009905,Strathbungo - 01,767
S01009906,Strathbungo - 02,500
S01009907,Strathbungo - 03,1023
S01009908,Strathbungo - 04,1046
S01009909,Strathbungo - 05,967
S01009910,Strathbungo - 06,431
S01009911,Strathbungo - 07,877
S01009912,Maxwell Park - 01,948
S01009913,Maxwell Park - 02,785
S01009914,Maxwell Park - 03,1028
S01009915,Maxwell Park - 04,893
S01009916,Maxwell Park - 05,968
S01009917,Maxwell Park - 06,673
S01009918,Maxwell Park - 07,689
S01009919,Shawlands West - 01,1193
S01009920,Shawlands West - 02,893
S01009921,Shawlands West - 03,732
S01009922,Shawlands West - 04,1023
S01009923,Shawlands East - 01,871
S01009924,Shawlands East - 02,945
S01009925,Shawlands East - 03,723
S01009926,Shawlands East - 04,709
S01009927,Langside - 01,576
S01009928,Langside - 02,944
S01009929,Langside - 03,581
S01009930,Langside - 04,783
S01009931,Langside - 05,670
S01009932,Langside - 06,716
S01009933,Pollokshaws - 01,866
S01009934,Pollokshaws - 02,872
S01009935,Pollokshaws - 03,1026
S01009936,Pollokshaws - 04,537
S01009937,Pollokshaws - 05,358
S01009938,Pollokshaws - 06,838
S01009939,Carnwadric West - 01,540
S01009940,Carnwadric West - 02,824
S01009941,Carnwadric West - 03,1024
S01009942,Carnwadric West - 04,903
S01009943,Carnwadric West - 05,847
S01009944,Carnwadric East - 01,642
S01009945,Carnwadric East - 02,1028
S01009946,Carnwadric East - 03,843
S01009947,Carnwadric East - 04,616
S01009948,Newlands - 01,852
S01009949,Newlands - 02,779
S01009950,Newlands - 03,645
S01009951,Newlands - 04,678
S01009952,Newlands - 05,688
S01009953,Newlands - 06,861
S01009954,Newlands - 07,763
S01009955,Merrylee and Millbrae - 01,1187
S01009956,Merrylee and Millbrae - 02,706
S01009957,Merrylee and Millbrae - 03,727
S01009958,Merrylee and Millbrae - 04,916
S01009959,Muirend and Old Cathcart - 01,622
S01009960,Muirend and Old Cathcart - 02,749
S01009961,Muirend and Old Cathcart - 03,673
S01009962,Muirend and Old Cathcart - 04,941
S01009963,Muirend and Old Cathcart - 05,759
S01009964,Muirend and Old Cathcart - 06,1001
S01009965,Carmunnock North - 01,786
S01009966,Carmunnock North - 02,671
S01009967,Carmunnock North - 03,768
S01009968,Carmunnock North - 04,541
S01009969,Carmunnock South - 01,797
S01009970,Carmunnock South - 02,924
S01009971,Carmunnock South - 03,1142
S01009972,Carmunnock South - 04,884
S01009973,Glenwood South - 01,650
S01009974,Glenwood South - 02,584
S01009975,Glenwood South - 03,936
S01009976,Glenwood South - 04,445
S01009977,Glenwood South - 05,652
S01009978,Glenwood South - 06,1051
S01009979,Glenwood South - 07,700
S01009980,Glenwood North - 01,875
S01009981,Glenwood North - 02,707
S01009982,Glenwood North - 03,1000
S01009983,Glenwood North - 04,623
S01009984,Glenwood North - 05,696
S01009985,Glenwood North - 06,552
S01009986,Castlemilk - 01,480
S01009987,Castlemilk - 02,845
S01009988,Castlemilk - 03,515
S01009989,Castlemilk - 04,834
S01009990,Castlemilk - 05,661
S01009991,Castlemilk - 06,678
S01009992,Castlemilk - 07,764
S01009993,Kingspark South - 01,708
S01009994,Kingspark South - 02,712
S01009995,Kingspark South - 03,529
S01009996,Kingspark South - 04,589
S01009997,Kingspark South - 05,604
S01009998,Kingspark South - 06,625
S01009999,Kingspark North - 01,645
S01010000,Kingspark North - 02,505
S01010001,Kingspark North - 03,742
S01010002,Kingspark North - 04,742
S01010003,Kingspark North - 05,603
S01010004,Kingspark North - 06,643
S01010005,Cathcart - 01,1162
S01010006,Cathcart - 02,1220
S01010007,Cathcart - 03,845
S01010008,Cathcart - 04,704
S01010009,Cathcart - 05,579
S01010010,Cathcart - 06,1057
S01010011,Mount Florida - 01,717
S01010012,Mount Florida - 02,844
S01010013,Mount Florida - 03,868
S01010014,Mount Florida - 04,992
S01010015,Mount Florida - 05,676
S01010016,Toryglen and Oatlands - 01,863
S01010017,Toryglen and Oatlands - 02,646
S01010018,Toryglen and Oatlands - 03,1329
S01010019,Toryglen and Oatlands - 04,797
S01010020,Toryglen and Oatlands - 05,725
S01010021,Toryglen and Oatlands - 06,798
S01010022,Toryglen and Oatlands - 07,2354
S01010023,Gorbals and Hutchesontown - 01,499
S01010024,Gorbals and Hutchesontown - 02,838
S01010025,Gorbals and Hutchesontown - 03,558
S01010026,Gorbals and Hutchesontown - 04,912
S01010027,Gorbals and Hutchesontown - 05,906
S01010028,Gorbals and Hutchesontown - 06,619
S01010029,Gorbals and Hutchesontown - 07,583
S01010030,Gorbals and Hutchesontown - 08,817
S01010031,Laurieston and Tradeston - 01,738
S01010032,Laurieston and Tradeston - 02,783
S01010033,Laurieston and Tradeston - 03,1574
S01010034,Laurieston and Tradeston - 04,1732
S01010035,Laurieston and Tradeston - 05,322
S01010036,Laurieston and Tradeston - 06,885
S01010037,Calton and Gallowgate - 01,725
S01010038,Calton and Gallowgate - 02,1003
S01010039,Calton and Gallowgate - 03,943
S01010040,Calton and Gallowgate - 04,820
S01010041,Calton and Gallowgate - 05,830
S01010042,Bridgeton - 01,1012
S01010043,Bridgeton - 02,780
S01010044,Bridgeton - 03,1108
S01010045,Bridgeton - 04,724
S01010046,Dalmarnock - 01,1314
S01010047,Dalmarnock - 02,837
S01010048,Dalmarnock - 03,2207
S01010049,Parkhead West and Barrowfield - 01,825
S01010050,Parkhead West and Barrowfield - 02,1663
S01010051,Parkhead West and Barrowfield - 03,943
S01010052,Parkhead West and Barrowfield - 04,1043
S01010053,Parkhead West and Barrowfield - 05,914
S01010054,Parkhead West and Barrowfield - 06,772
S01010055,Parkhead West and Barrowfield - 07,1056
S01010056,Parkhead East and Braidfauld North - 01,619
S01010057,Parkhead East and Braidfauld North - 02,570
S01010058,Parkhead East and Braidfauld North - 03,709
S01010059,Parkhead East and Braidfauld North - 04,560
S01010060,Parkhead East and Braidfauld North - 05,834
S01010061,Braidfauld - 01,511
S01010062,Braidfauld - 02,903
S01010063,Braidfauld - 03,1030
S01010064,Braidfauld - 04,474
S01010065,Braidfauld - 05,765
S01010066,Braidfauld - 06,737
S01010067,Braidfauld - 07,676
S01010068,Braidfauld - 08,1604
S01010069,Shettleston South - 01,750
S01010070,Shettleston South - 02,557
S01010071,Shettleston South - 03,736
S01010072,Shettleston South - 04,737
S01010073,Shettleston South - 05,718
S01010074,Carmyle and Mount Vernon South - 01,718
S01010075,Carmyle and Mount Vernon South - 02,610
S01010076,Carmyle and Mount Vernon South - 03,607
S01010077,Carmyle and Mount Vernon South - 04,575
S01010078,Mount Vernon North and Sandyhills - 01,572
S01010079,Mount Vernon North and Sandyhills - 02,823
S01010080,Mount Vernon North and Sandyhills - 03,619
S01010081,Mount Vernon North and Sandyhills - 04,596
S01010082,Mount Vernon North and Sandyhills - 05,762
S01010083,Baillieston West - 01,594
S01010084,Baillieston West - 02,793
S01010085,Baillieston West - 03,662
S01010086,Baillieston West - 04,820
S01010087,Baillieston West - 05,556
S01010088,Baillieston East - 01,3930
S01010089,Baillieston East - 02,554
S01010090,Baillieston East - 03,866
S01010091,Baillieston East - 04,945
S01010092,Baillieston East - 05,785
S01010093,Baillieston East - 06,732
S01010094,Garrowhill West - 01,626
S01010095,Garrowhill West - 02,571
S01010096,Garrowhill West - 03,633
S01010097,Garrowhill West - 04,670
S01010098,Garrowhill West - 05,678
S01010099,Garrowhill West - 06,642
S01010100,Garrowhill East and Swinton - 01,745
S01010101,Garrowhill East and Swinton - 02,676
S01010102,Garrowhill East and Swinton - 03,655
S01010103,Garrowhill East and Swinton - 04,1050
S01010104,Garrowhill East and Swinton - 05,902
S01010105,Easterhouse East - 01,397
S01010106,Easterhouse East - 02,196
S01010107,Easterhouse East - 03,663
S01010108,Easterhouse East - 04,655
S01010109,Easterhouse East - 05,1055
S01010110,Central Easterhouse - 01,830
S01010111,Central Easterhouse - 02,714
S01010112,Central Easterhouse - 03,984
S01010113,"Garthamlock, Auchinlea and Gartloch - 01",699
S01010114,"Garthamlock, Auchinlea and Gartloch - 02",730
S01010115,"Garthamlock, Auchinlea and Gartloch - 03",402
S01010116,"Garthamlock, Auchinlea and Gartloch - 04",1494
S01010117,"Garthamlock, Auchinlea and Gartloch - 05",1683
S01010118,North Barlanark and Easterhouse South - 01,751
S01010119,North Barlanark and Easterhouse South - 02,501
S01010120,North Barlanark and Easterhouse South - 03,1138
S01010121,North Barlanark and Easterhouse South - 04,465
S01010122,North Barlanark and Easterhouse South - 05,465
S01010123,Barlanark - 01,757
S01010124,Barlanark - 02,625
S01010125,Barlanark - 03,433
S01010126,Barlanark - 04,732
S01010127,Barlanark - 05,587
S01010128,Barlanark - 06,564
S01010129,Barlanark - 07,761
S01010130,Barlanark - 08,900
S01010131,Greenfield - 01,828
S01010132,Greenfield - 02,868
S01010133,Greenfield - 03,643
S01010134,Greenfield - 04,994
S01010135,Greenfield - 05,766
S01010136,Greenfield - 06,768
S01010137,Shettleston North - 01,884
S01010138,Shettleston North - 02,789
S01010139,Shettleston North - 03,901
S01010140,Shettleston North - 04,755
S01010141,Shettleston North - 05,904
S01010142,Tollcross - 01,712
S01010143,Tollcross - 02,727
S01010144,Tollcross - 03,692
S01010145,Tollcross - 04,706
S01010146,Tollcross - 05,668
S01010147,Old Shettleston and Parkhead North - 01,941
S01010148,Old Shettleston and Parkhead North - 02,1278
S01010149,Old Shettleston and Parkhead North - 03,1214
S01010150,Old Shettleston and Parkhead North - 04,824
S01010151,Old Shettleston and Parkhead North - 05,783
S01010152,Carntyne - 01,702
S01010153,Carntyne - 02,943
S01010154,Carntyne - 03,845
S01010155,Carntyne - 04,764
S01010156,"Cranhill, Lightburn and Queenslie South - 01",477
S01010157,"Cranhill, Lightburn and Queenslie South - 02",594
S01010158,"Cranhill, Lightburn and Queenslie South - 03",805
S01010159,"Cranhill, Lightburn and Queenslie South - 04",702
S01010160,"Cranhill, Lightburn and Queenslie South - 05",474
S01010161,"Cranhill, Lightburn and Queenslie South - 06",618
S01010162,"Cranhill, Lightburn and Queenslie South - 07",854
S01010163,"Cranhill, Lightburn and Queenslie South - 08",859
S01010164,"Cranhill, Lightburn and Queenslie South - 09",836
S01010165,Craigend and Ruchazie - 01,730
S01010166,Craigend and Ruchazie - 02,1104
S01010167,Craigend and Ruchazie - 03,706
S01010168,Craigend and Ruchazie - 04,478
S01010169,Craigend and Ruchazie - 05,736
S01010170,Craigend and Ruchazie - 06,463
S01010171,Craigend and Ruchazie - 07,1011
S01010172,Riddrie and Hogganfield - 01,744
S01010173,Riddrie and Hogganfield - 02,749
S01010174,Riddrie and Hogganfield - 03,1355
S01010175,Riddrie and Hogganfield - 04,511
S01010176,Riddrie and Hogganfield - 05,709
S01010177,Riddrie and Hogganfield - 06,710
S01010178,Riddrie and Hogganfield - 07,907
S01010179,Blackhill and Barmulloch East - 01,783
S01010180,Blackhill and Barmulloch East - 02,839
S01010181,Blackhill and Barmulloch East - 03,571
S01010182,Blackhill and Barmulloch East - 04,579
S01010183,Blackhill and Barmulloch East - 05,463
S01010184,Blackhill and Barmulloch East - 06,607
S01010185,Blackhill and Barmulloch East - 07,776
S01010186,Robroyston and Millerston - 01,585
S01010187,Robroyston and Millerston - 02,508
S01010188,Robroyston and Millerston - 03,1956
S01010189,Robroyston and Millerston - 04,947
S01010190,Robroyston and Millerston - 05,880
S01010191,Robroyston and Millerston - 06,667
S01010192,Robroyston and Millerston - 07,856
S01010193,Robroyston and Millerston - 08,791
S01010194,Balornock - 01,631
S01010195,Balornock - 02,565
S01010196,Balornock - 03,595
S01010197,Balornock - 04,613
S01010198,Balornock - 05,1027
S01010199,Barmulloch - 01,578
S01010200,Barmulloch - 02,671
S01010201,Barmulloch - 03,614
S01010202,Barmulloch - 04,766
S01010203,Petershill - 01,618
S01010204,Petershill - 02,677
S01010205,Petershill - 03,519
S01010206,Petershill - 04,0
S01010207,Petershill - 05,255
S01010208,Petershill - 06,900
S01010209,Springburn - 01,1081
S01010210,Springburn - 02,840
S01010211,Springburn - 03,700
S01010212,Springburn - 04,1265
S01010213,Springburn - 05,862
S01010214,Springburn East and Cowlairs - 01,885
S01010215,Springburn East and Cowlairs - 02,874
S01010216,Springburn East and Cowlairs - 03,555
S01010217,Springburn East and Cowlairs - 04,597
S01010218,Springburn East and Cowlairs - 05,982
S01010219,Cowlairs and Port Dundas - 01,126
S01010220,Cowlairs and Port Dundas - 02,474
S01010221,Cowlairs and Port Dundas - 03,723
S01010222,Cowlairs and Port Dundas - 04,717
S01010223,Cowlairs and Port Dundas - 05,499
S01010224,Cowlairs and Port Dundas - 06,1098
S01010225,Sighthill - 01,820
S01010226,Sighthill - 02,0
S01010227,Sighthill - 03,1
S01010228,"Roystonhill, Blochairn, and Provanmill - 01",1091
S01010229,"Roystonhill, Blochairn, and Provanmill - 02",1273
S01010230,"Roystonhill, Blochairn, and Provanmill - 03",1148
S01010231,"Roystonhill, Blochairn, and Provanmill - 04",967
S01010232,"Roystonhill, Blochairn, and Provanmill - 05",768
S01010233,"Roystonhill, Blochairn, and Provanmill - 06",764
S01010234,Dennistoun North - 01,971
S01010235,Dennistoun North - 02,802
S01010236,Dennistoun North - 03,740
S01010237,Dennistoun North - 04,690
S01010238,Dennistoun North - 05,765
S01010239,Alexandra Parade - 01,738
S01010240,Alexandra Parade - 02,659
S01010241,Alexandra Parade - 03,942
S01010242,Carntyne West and Haghill - 01,621
S01010243,Carntyne West and Haghill - 02,970
S01010244,Carntyne West and Haghill - 03,577
S01010245,Carntyne West and Haghill - 04,747
S01010246,Carntyne West and Haghill - 05,849
S01010247,Carntyne West and Haghill - 06,715
S01010248,Dennistoun - 01,839
S01010249,Dennistoun - 02,634
S01010250,Dennistoun - 03,728
S01010251,Dennistoun - 04,587
S01010252,Dennistoun - 05,588
S01010253,Dennistoun - 06,633
S01010254,Gallowgate North and Bellgrove - 01,872
S01010255,Gallowgate North and Bellgrove - 02,1037
S01010256,Gallowgate North and Bellgrove - 03,861
S01010257,Gallowgate North and Bellgrove - 04,2208
S01010258,Gallowgate North and Bellgrove - 05,1361
S01010259,City Centre East - 01,1981
S01010260,City Centre East - 02,2253
S01010261,City Centre East - 03,3414
S01010262,City Centre East - 04,787
S01010263,City Centre East - 05,650
S01010264,City Centre East - 06,937
S01010265,City Centre East - 07,965
S01010266,City Centre West - 01,753
S01010267,City Centre West - 02,731
S01010268,City Centre West - 03,813
S01010269,City Centre West - 04,502
S01010270,City Centre West - 05,2047
S01010271,City Centre West - 06,1429
S01010272,City Centre South - 01,1359
S01010273,City Centre South - 02,991
S01010274,City Centre South - 03,1124
S01010275,City Centre South - 04,758
S01010276,Anderston - 01,1089
S01010277,Anderston - 02,805
S01010278,Anderston - 03,740
S01010279,Anderston - 04,670
S01010280,Anderston - 05,946
S01010281,Anderston - 06,844
S01010282,Finnieston and Kelvinhaugh - 01,1013
S01010283,Finnieston and Kelvinhaugh - 02,1062
S01010284,Finnieston and Kelvinhaugh - 03,2447
S01010285,Finnieston and Kelvinhaugh - 04,857
S01010286,Finnieston and Kelvinhaugh - 05,2443
S01010287,Finnieston and Kelvinhaugh - 06,733
S01010288,Finnieston and Kelvinhaugh - 07,1258
S01010289,Woodlands - 01,900
S01010290,Woodlands - 02,738
S01010291,Woodlands - 03,1163
S01010292,Woodlands - 04,859
S01010293,Woodlands - 05,1015
S01010294,Woodlands - 06,688
S01010295,Woodlands - 07,1005
S01010296,Woodlands - 08,680
S01010297,Woodside - 01,1351
S01010298,Woodside - 02,815
S01010299,Woodside - 03,611
S01010300,Woodside - 04,930
S01010301,Firhill - 01,416
S01010302,Firhill - 02,658
S01010303,Firhill - 03,695
S01010304,Firhill - 04,744
S01010305,Firhill - 05,873
S01010306,Firhill - 06,613
S01010307,Firhill - 07,769
S01010308,Firhill - 08,1081
S01010309,Keppochhill - 01,245
S01010310,Keppochhill - 02,694
S01010311,Keppochhill - 03,744
S01010312,Keppochhill - 04,880
S01010313,Keppochhill - 05,621
S01010314,Keppochhill - 06,1579
S01010315,Ruchill - 01,866
S01010316,Ruchill - 02,608
S01010317,Ruchill - 03,1012
S01010318,Ruchill - 04,2127
S01010319,Ruchill - 05,704
S01010320,Ruchill - 06,854
S01010321,Ruchill - 07,822
S01010322,Ruchill - 08,920
S01010323,Possil Park - 01,665
S01010324,Possil Park - 02,750
S01010325,Possil Park - 03,902
S01010326,Possil Park - 04,1226
S01010327,Possil Park - 05,964
S01010328,Possil Park - 06,999
S01010329,Possil Park - 07,599
S01010330,Milton West - 01,592
S01010331,Milton West - 02,929
S01010332,Milton West - 03,848
S01010333,Milton West - 04,1047
S01010334,Milton West - 05,1079
S01010335,Milton East - 01,901
S01010336,Milton East - 02,616
S01010337,Milton East - 03,786
S01010338,Milton East - 04,496
S01010339,Milton East - 05,565
S01010340,Summerston Central and West - 01,789
S01010341,Summerston Central and West - 02,623
S01010342,Summerston Central and West - 03,542
S01010343,Summerston Central and West - 04,804
S01010344,Summerston Central and West - 05,703
S01010345,Summerston Central and West - 06,849
S01010346,Summerston North - 01,898
S01010347,Summerston North - 02,1153
S01010348,Summerston North - 03,786
S01010349,Summerston North - 04,815
S01010350,Maryhill East - 01,1046
S01010351,Maryhill East - 02,885
S01010352,Maryhill East - 03,535
S01010353,Maryhill East - 04,1022
S01010354,Maryhill West - 01,735
S01010355,Maryhill West - 02,845
S01010356,Maryhill West - 03,805
S01010357,Maryhill West - 04,513
S01010358,Wyndford - 01,860
S01010359,Wyndford - 02,947
S01010360,Wyndford - 03,782
S01010361,Wyndford - 04,670
S01010362,Wyndford - 05,644
S01010363,Kelvindale - 01,793
S01010364,Kelvindale - 02,960
S01010365,Kelvindale - 03,886
S01010366,Kelvindale - 04,1015
S01010367,Kelvindale - 05,1725
S01010368,Kelvindale - 06,861
S01010369,North Kelvin - 01,669
S01010370,North Kelvin - 02,744
S01010371,North Kelvin - 03,1152
S01010372,North Kelvin - 04,641
S01010373,North Kelvin - 05,807
S01010374,Kelvingrove and University - 01,933
S01010375,Kelvingrove and University - 02,609
S01010376,Kelvingrove and University - 03,709
S01010377,Kelvingrove and University - 04,942
S01010378,Kelvingrove and University - 05,736
S01010379,Kelvingrove and University - 06,1148
S01010380,Kelvingrove and University - 07,996
S01010381,Hillhead - 01,538
S01010382,Hillhead - 02,756
S01010383,Hillhead - 03,657
S01010384,Hillhead - 04,1766
S01010385,Hillhead - 05,838
S01010386,Hillhead - 06,1462
S01010387,Hillhead - 07,2185
S01010388,Glasgow Harbour and Partick South - 01,982
S01010389,Glasgow Harbour and Partick South - 02,1157
S01010390,Glasgow Harbour and Partick South - 03,1093
S01010391,Glasgow Harbour and Partick South - 04,807
S01010392,Glasgow Harbour and Partick South - 05,804
S01010393,Partick - 01,987
S01010394,Partick - 02,965
S01010395,Partick - 03,1020
S01010396,Partick - 04,1055
S01010397,Partickhill and Hyndland - 01,675
S01010398,Partickhill and Hyndland - 02,1066
S01010399,Partickhill and Hyndland - 03,1104
S01010400,Partickhill and Hyndland - 04,1084
S01010401,Partickhill and Hyndland - 05,731
S01010402,Partickhill and Hyndland - 06,1029
S01010403,Dowanhill - 01,1087
S01010404,Dowanhill - 02,952
S01010405,Dowanhill - 03,951
S01010406,Dowanhill - 04,950
S01010407,Dowanhill - 05,901
S01010408,Kelvinside and Jordanhill - 01,593
S01010409,Kelvinside and Jordanhill - 02,543
S01010410,Kelvinside and Jordanhill - 03,773
S01010411,Kelvinside and Jordanhill - 04,1112
S01010412,Kelvinside and Jordanhill - 05,840
S01010413,Kelvinside and Jordanhill - 06,840
S01010414,Kelvinside and Jordanhill - 07,1013
S01010415,Broomhill - 01,1114
S01010416,Broomhill - 02,650
S01010417,Broomhill - 03,577
S01010418,Broomhill - 04,1050
S01010419,Broomhill - 05,991
S01010420,Victoria Park - 01,713
S01010421,Victoria Park - 02,819
S01010422,Victoria Park - 03,1043
S01010423,Whiteinch - 01,820
S01010424,Whiteinch - 02,816
S01010425,Whiteinch - 03,1008
S01010426,Whiteinch - 04,673
S01010427,Scotstoun North and East - 01,970
S01010428,Scotstoun North and East - 02,688
S01010429,Scotstoun North and East - 03,1047
S01010430,Scotstoun North and East - 04,966
S01010431,Scotstoun North and East - 05,634
S01010432,Scotstoun South and West - 01,816
S01010433,Scotstoun South and West - 02,595
S01010434,Scotstoun South and West - 03,711
S01010435,Scotstoun South and West - 04,627
S01010436,Scotstoun South and West - 05,803
S01010437,Yoker South - 01,544
S01010438,Yoker South - 02,825
S01010439,Yoker South - 03,897
S01010440,Yoker South - 04,682
S01010441,Yoker South - 05,959
S01010442,Yoker South - 06,739
S01010443,Yoker North - 01,577
S01010444,Yoker North - 02,618
S01010445,Yoker North - 03,907
S01010446,Yoker North - 04,765
S01010447,Knightswood West - 01,956
S01010448,Knightswood West - 02,732
S01010449,Knightswood West - 03,741
S01010450,Knightswood East - 01,762
S01010451,Knightswood East - 02,937
S01010452,Knightswood East - 03,761
S01010453,Knightswood East - 04,641
S01010454,Knightswood East - 05,807
S01010455,Knightswood Park West - 01,732
S01010456,Knightswood Park West - 02,536
S01010457,Knightswood Park West - 03,421
S01010458,Knightswood Park West - 04,719
S01010459,Knightswood Park West - 05,470
S01010460,Knightswood Park East - 01,678
S01010461,Knightswood Park East - 02,704
S01010462,Knightswood Park East - 03,989
S01010463,Knightswood Park East - 04,770
S01010464,Knightswood Park East - 05,510
S01010465,Anniesland East - 01,888
S01010466,Anniesland East - 02,802
S01010467,Anniesland East - 03,831
S01010468,Anniesland East - 04,910
S01010469,Anniesland East - 05,626
S01010470,Anniesland West - 01,769
S01010471,Anniesland West - 02,698
S01010472,Anniesland West - 03,777
S01010473,Anniesland West - 04,769
S01010474,Anniesland West - 05,681
S01010475,Anniesland West - 06,757
S01010476,Anniesland West - 07,1322
S01010477,Anniesland West - 08,830
S01010478,Blairdardie East - 01,789
S01010479,Blairdardie East - 02,1055
S01010480,Blairdardie East - 03,619
S01010481,Blairdardie East - 04,626
S01010482,Blairdardie East - 05,776
S01010483,Blairdardie East - 06,1121
S01010484,Blairdardie East - 07,545
S01010485,Blairdardie West - 01,964
S01010486,Blairdardie West - 02,865
S01010487,Blairdardie West - 03,1099
S01010488,Drumchapel South - 01,707
S01010489,Drumchapel South - 02,1067
S01010490,Drumchapel South - 03,648
S01010491,Drumchapel North - 01,764
S01010492,Drumchapel North - 02,615
S01010493,Drumchapel North - 03,740
S01010494,Drumchapel North - 04,528
S01010495,Drumchapel North - 05,826
S01010496,Drumry East - 01,978
S01010497,Drumry East - 02,543
S01010498,Drumry East - 03,925
S01010499,Drumry East - 04,922
S01010500,Drumry West - 01,969
S01010501,Drumry West - 02,1106
S01010502,Drumry West - 03,730
S01010503,Drumry West - 04,656
S01010504,Lochaber West - 01,597
S01010505,Lochaber West - 02,533
S01010506,Lochaber West - 03,935
S01010507,Lochaber West - 04,693
S01010508,Lochaber West - 05,1096
S01010509,Lochaber West - 06,964
S01010510,Fort William North - 01,1000
S01010511,Fort William North - 02,828
S01010512,Fort William North - 03,607
S01010513,Fort William North - 04,744
S01010514,Fort William North - 05,648
S01010515,Fort William North - 06,710
S01010516,Fort William South - 01,632
S01010517,Fort William South - 02,760
S01010518,Fort William South - 03,599
S01010519,Fort William South - 04,737
S01010520,Fort William South - 05,843
S01010521,Fort William South - 06,772
S01010522,Fort William South - 07,759
S01010523,Fort William South - 08,647
S01010524,Lochaber East and North - 01,543
S01010525,Lochaber East and North - 02,624
S01010526,Lochaber East and North - 03,856
S01010527,Lochaber East and North - 04,885
S01010528,Lochaber East and North - 05,674
S01010529,Lochaber East and North - 06,744
S01010530,Lochaber East and North - 07,635
S01010531,Badenoch and Strathspey South - 01,1125
S01010532,Badenoch and Strathspey South - 02,418
S01010533,Badenoch and Strathspey South - 03,560
S01010534,Badenoch and Strathspey South - 04,826
S01010535,Badenoch and Strathspey South - 05,650
S01010536,Badenoch and Strathspey Central - 01,668
S01010537,Badenoch and Strathspey Central - 02,616
S01010538,Badenoch and Strathspey Central - 03,974
S01010539,Badenoch and Strathspey Central - 04,954
S01010540,Badenoch and Strathspey Central - 05,527
S01010541,Badenoch and Strathspey Central - 06,919
S01010542,Badenoch and Strathspey North - 01,860
S01010543,Badenoch and Strathspey North - 02,548
S01010544,Badenoch and Strathspey North - 03,841
S01010545,Badenoch and Strathspey North - 04,764
S01010546,Badenoch and Strathspey North - 05,704
S01010547,Badenoch and Strathspey North - 06,775
S01010548,Nairn Rural - 01,724
S01010549,Nairn Rural - 02,1794
S01010550,Nairn Rural - 03,515
S01010551,Nairn Rural - 04,798
S01010552,Nairn Rural - 05,698
S01010553,Nairn Rural - 06,587
S01010554,Nairn East - 01,603
S01010555,Nairn East - 02,727
S01010556,Nairn East - 03,913
S01010557,Nairn East - 04,537
S01010558,Nairn East - 05,792
S01010559,Nairn West - 01,795
S01010560,Nairn West - 02,587
S01010561,Nairn West - 03,652
S01010562,Nairn West - 04,692
S01010563,Nairn West - 05,502
S01010564,Nairn West - 06,443
S01010565,Nairn West - 07,568
S01010566,Inverness East Rural - 01,1250
S01010567,Inverness East Rural - 02,1151
S01010568,Inverness East Rural - 03,1733
S01010569,Inverness East Rural - 04,1197
S01010570,Inverness East Rural - 05,942
S01010571,Inverness Culloden and Balloch - 01,693
S01010572,Inverness Culloden and Balloch - 02,659
S01010573,Inverness Culloden and Balloch - 03,485
S01010574,Inverness Culloden and Balloch - 04,538
S01010575,Inverness Culloden and Balloch - 05,677
S01010576,Inverness Culloden and Balloch - 06,797
S01010577,Inverness Smithton - 01,741
S01010578,Inverness Smithton - 02,502
S01010579,Inverness Smithton - 03,649
S01010580,Inverness Smithton - 04,630
S01010581,Inverness Smithton - 05,440
S01010582,Inverness Westhill - 01,1849
S01010583,Inverness Westhill - 02,867
S01010584,Inverness Westhill - 03,961
S01010585,Inverness Westhill - 04,877
S01010586,Inverness Westhill - 05,742
S01010587,Inverness Westhill - 06,624
S01010588,Inverness Westhill - 07,603
S01010589,Inverness Westhill - 08,464
S01010590,Inverness Inshes - 01,825
S01010591,Inverness Inshes - 02,1440
S01010592,Inverness Inshes - 03,431
S01010593,Inverness Inshes - 04,1826
S01010594,Inverness Inshes - 05,621
S01010595,Inverness Inshes - 06,760
S01010596,Inverness Slackbuie - 01,1890
S01010597,Inverness Slackbuie - 02,813
S01010598,Inverness Slackbuie - 03,970
S01010599,Inverness Lochardil and Holm Mains - 01,1991
S01010600,Inverness Lochardil and Holm Mains - 02,1148
S01010601,Inverness Lochardil and Holm Mains - 03,643
S01010602,Inverness Lochardil and Holm Mains - 04,487
S01010603,Inverness Lochardil and Holm Mains - 05,740
S01010604,Inverness Lochardil and Holm Mains - 06,442
S01010605,Inverness Lochardil and Holm Mains - 07,1043
S01010606,Inverness Drummond - 01,785
S01010607,Inverness Drummond - 02,701
S01010608,Inverness Drummond - 03,626
S01010609,Inverness Drummond - 04,525
S01010610,Inverness Drummond - 05,683
S01010611,Inverness Hilton - 01,852
S01010612,Inverness Hilton - 02,693
S01010613,Inverness Hilton - 03,651
S01010614,Inverness Hilton - 04,612
S01010615,Inverness Hilton - 05,729
S01010616,Inverness Drakies - 01,747
S01010617,Inverness Drakies - 02,809
S01010618,Inverness Drakies - 03,673
S01010619,"Inverness Central, Raigmore and Longman - 01",584
S01010620,"Inverness Central, Raigmore and Longman - 02",621
S01010621,"Inverness Central, Raigmore and Longman - 03",842
S01010622,"Inverness Central, Raigmore and Longman - 04",585
S01010623,"Inverness Central, Raigmore and Longman - 05",860
S01010624,"Inverness Central, Raigmore and Longman - 06",670
S01010625,Inverness Crown and Haugh - 01,681
S01010626,Inverness Crown and Haugh - 02,936
S01010627,Inverness Crown and Haugh - 03,745
S01010628,Inverness Crown and Haugh - 04,874
S01010629,Inverness Crown and Haugh - 05,958
S01010630,Inverness Ballifeary and Dalneigh - 01,487
S01010631,Inverness Ballifeary and Dalneigh - 02,547
S01010632,Inverness Ballifeary and Dalneigh - 03,846
S01010633,Inverness Ballifeary and Dalneigh - 04,1026
S01010634,Inverness Ballifeary and Dalneigh - 05,536
S01010635,Inverness Ballifeary and Dalneigh - 06,744
S01010636,Inverness Muirtown - 01,741
S01010637,Inverness Muirtown - 02,515
S01010638,Inverness Muirtown - 03,761
S01010639,Inverness Muirtown - 04,1125
S01010640,Inverness Muirtown - 05,609
S01010641,Inverness Merkinch - 01,822
S01010642,Inverness Merkinch - 02,1169
S01010643,Inverness Merkinch - 03,718
S01010644,Inverness Merkinch - 04,690
S01010645,Inverness Scorguie - 01,432
S01010646,Inverness Scorguie - 02,658
S01010647,Inverness Scorguie - 03,585
S01010648,Inverness Scorguie - 04,577
S01010649,Inverness Scorguie - 05,526
S01010650,Inverness Kinmylies and South West - 01,1629
S01010651,Inverness Kinmylies and South West - 02,588
S01010652,Inverness Kinmylies and South West - 03,870
S01010653,Inverness Kinmylies and South West - 04,483
S01010654,Inverness Kinmylies and South West - 05,724
S01010655,Inverness West Rural - 01,950
S01010656,Inverness West Rural - 02,736
S01010657,Inverness West Rural - 03,662
S01010658,Inverness West Rural - 04,772
S01010659,Inverness West Rural - 05,672
S01010660,Inverness West Rural - 06,605
S01010661,Inverness West Rural - 07,642
S01010662,Inverness West Rural - 08,871
S01010663,Inverness West Rural - 09,907
S01010664,Loch Ness - 01,715
S01010665,Loch Ness - 02,1033
S01010666,Loch Ness - 03,1065
S01010667,Loch Ness - 04,630
S01010668,Loch Ness - 05,1174
S01010669,Lochalsh - 01,581
S01010670,Lochalsh - 02,775
S01010671,Lochalsh - 03,743
S01010672,Lochalsh - 04,637
S01010673,Skye South - 01,902
S01010674,Skye South - 02,1028
S01010675,Skye South - 03,706
S01010676,Skye South - 04,1028
S01010677,Skye North East - 01,552
S01010678,Skye North East - 02,714
S01010679,Skye North East - 03,518
S01010680,Skye North East - 04,704
S01010681,Skye North East - 05,984
S01010682,Skye North West - 01,1068
S01010683,Skye North West - 02,1026
S01010684,Skye North West - 03,825
S01010685,Skye North West - 04,609
S01010686,Ross and Cromarty South West - 01,656
S01010687,Ross and Cromarty South West - 02,841
S01010688,Ross and Cromarty South West - 03,784
S01010689,Ross and Cromarty South West - 04,758
S01010690,Ross and Cromarty North West - 01,591
S01010691,Ross and Cromarty North West - 02,757
S01010692,Ross and Cromarty North West - 03,759
S01010693,Ross and Cromarty North West - 04,512
S01010694,Ross and Cromarty North West - 05,607
S01010695,Ross and Cromarty Central - 01,663
S01010696,Ross and Cromarty Central - 02,1001
S01010697,Ross and Cromarty Central - 03,1089
S01010698,Ross and Cromarty Central - 04,743
S01010699,Ross and Cromarty East - 01,526
S01010700,Ross and Cromarty East - 02,547
S01010701,Ross and Cromarty East - 03,1018
S01010702,Ross and Cromarty East - 04,926
S01010703,Muir of Ord - 01,851
S01010704,Muir of Ord - 02,563
S01010705,Muir of Ord - 03,1382
S01010706,Muir of Ord - 04,797
S01010707,Conon - 01,1213
S01010708,Conon - 02,527
S01010709,Conon - 03,670
S01010710,Conon - 04,698
S01010711,Conon - 05,774
S01010712,Dingwall - 01,715
S01010713,Dingwall - 02,649
S01010714,Dingwall - 03,510
S01010715,Dingwall - 04,717
S01010716,Dingwall - 05,920
S01010717,Dingwall - 06,613
S01010718,Dingwall - 07,1103
S01010719,Black Isle South - 01,626
S01010720,Black Isle South - 02,1056
S01010721,Black Isle South - 03,636
S01010722,Black Isle South - 04,798
S01010723,Black Isle South - 05,940
S01010724,Black Isle South - 06,935
S01010725,Black Isle South - 07,1106
S01010726,Black Isle South - 08,874
S01010727,Black Isle North - 01,676
S01010728,Black Isle North - 02,552
S01010729,Black Isle North - 03,659
S01010730,Black Isle North - 04,948
S01010731,Black Isle North - 05,850
S01010732,Alness - 01,725
S01010733,Alness - 02,552
S01010734,Alness - 03,876
S01010735,Alness - 04,688
S01010736,Alness - 05,522
S01010737,Alness - 06,1351
S01010738,Alness - 07,517
S01010739,Alness - 08,794
S01010740,Invergordon - 01,473
S01010741,Invergordon - 02,1011
S01010742,Invergordon - 03,685
S01010743,Invergordon - 04,662
S01010744,Invergordon - 05,967
S01010745,Invergordon - 06,539
S01010746,Seaboard - 01,995
S01010747,Seaboard - 02,810
S01010748,Seaboard - 03,598
S01010749,Seaboard - 04,604
S01010750,Seaboard - 05,587
S01010751,Seaboard - 06,736
S01010752,Tain - 01,815
S01010753,Tain - 02,1122
S01010754,Tain - 03,576
S01010755,Tain - 04,520
S01010756,Tain - 05,642
S01010757,Sutherland South - 01,667
S01010758,Sutherland South - 02,785
S01010759,Sutherland South - 03,607
S01010760,Sutherland South - 04,749
S01010761,Sutherland South - 05,488
S01010762,Sutherland South - 06,560
S01010763,Sutherland South - 07,692
S01010764,Sutherland South - 08,588
S01010765,Sutherland South - 09,1038
S01010766,Sutherland East - 01,780
S01010767,Sutherland East - 02,673
S01010768,Sutherland East - 03,512
S01010769,Sutherland East - 04,506
S01010770,Sutherland East - 05,736
S01010771,Sutherland East - 06,831
S01010772,Caithness South - 01,797
S01010773,Caithness South - 02,762
S01010774,Caithness South - 03,700
S01010775,Caithness South - 04,819
S01010776,Wick South - 01,521
S01010777,Wick South - 02,457
S01010778,Wick South - 03,502
S01010779,Wick South - 04,676
S01010780,Wick South - 05,537
S01010781,Wick South - 06,723
S01010782,Wick North - 01,596
S01010783,Wick North - 02,478
S01010784,Wick North - 03,668
S01010785,Wick North - 04,626
S01010786,Wick North - 05,737
S01010787,Caithness North East - 01,861
S01010788,Caithness North East - 02,615
S01010789,Caithness North East - 03,661
S01010790,Caithness North East - 04,695
S01010791,Caithness North East - 05,858
S01010792,Caithness North West - 01,554
S01010793,Caithness North West - 02,605
S01010794,Caithness North West - 03,586
S01010795,Caithness North West - 04,945
S01010796,Caithness North West - 05,834
S01010797,Caithness North West - 06,771
S01010798,Caithness North West - 07,629
S01010799,Thurso East - 01,633
S01010800,Thurso East - 02,661
S01010801,Thurso East - 03,648
S01010802,Thurso East - 04,454
S01010803,Thurso West - 01,578
S01010804,Thurso West - 02,605
S01010805,Thurso West - 03,871
S01010806,Thurso West - 04,814
S01010807,Thurso West - 05,533
S01010808,Thurso West - 06,482
S01010809,Thurso West - 07,720
S01010810,Sutherland North and West - 01,524
S01010811,Sutherland North and West - 02,843
S01010812,Sutherland North and West - 03,446
S01010813,Sutherland North and West - 04,417
S01010814,Sutherland North and West - 05,622
S01010815,Sutherland North and West - 06,385
S01010816,Kilmacolm Central - 01,630
S01010817,Kilmacolm Central - 02,876
S01010818,Kilmacolm Central - 03,982
S01010819,"Kilmacolm, Quarriers, Greenock Upper East/Central - 01",795
S01010820,"Kilmacolm, Quarriers, Greenock Upper East/Central - 02",651
S01010821,"Kilmacolm, Quarriers, Greenock Upper East/Central - 03",583
S01010822,"Kilmacolm, Quarriers, Greenock Upper East/Central - 04",644
S01010823,"Kilmacolm, Quarriers, Greenock Upper East/Central - 05",385
S01010824,Inverkip and Wemyss Bay - 01,665
S01010825,Inverkip and Wemyss Bay - 02,961
S01010826,Inverkip and Wemyss Bay - 03,671
S01010827,Inverkip and Wemyss Bay - 04,539
S01010828,Inverkip and Wemyss Bay - 05,1144
S01010829,Inverkip and Wemyss Bay - 06,878
S01010830,Inverkip and Wemyss Bay - 07,603
S01010831,Inverkip and Wemyss Bay - 08,573
S01010832,"West Braeside, East Inverkip and West Gourock - 01",563
S01010833,"West Braeside, East Inverkip and West Gourock - 02",800
S01010834,"West Braeside, East Inverkip and West Gourock - 03",978
S01010835,"West Braeside, East Inverkip and West Gourock - 04",532
S01010836,Gourock Upper and West Central and Upper Larkfield - 01,793
S01010837,Gourock Upper and West Central and Upper Larkfield - 02,754
S01010838,Gourock Upper and West Central and Upper Larkfield - 03,727
S01010839,Gourock Upper and West Central and Upper Larkfield - 04,740
S01010840,Gourock Upper and West Central and Upper Larkfield - 05,462
S01010841,Gourock Upper and West Central and Upper Larkfield - 06,720
S01010842,"Gourock Central, Upper East and IRH - 01",778
S01010843,"Gourock Central, Upper East and IRH - 02",643
S01010844,"Gourock Central, Upper East and IRH - 03",614
S01010845,"Gourock Central, Upper East and IRH - 04",481
S01010846,"Gourock Central, Upper East and IRH - 05",616
S01010847,"Gourock Central, Upper East and IRH - 06",538
S01010848,"Braeside, Branchton, Lower Larkfield and Ravenscraig - 01",766
S01010849,"Braeside, Branchton, Lower Larkfield and Ravenscraig - 02",954
S01010850,"Braeside, Branchton, Lower Larkfield and Ravenscraig - 03",833
S01010851,"Braeside, Branchton, Lower Larkfield and Ravenscraig - 04",953
S01010852,"Braeside, Branchton, Lower Larkfield and Ravenscraig - 05",722
S01010853,"Braeside, Branchton, Lower Larkfield and Ravenscraig - 06",962
S01010854,"Braeside, Branchton, Lower Larkfield and Ravenscraig - 07",811
S01010855,"Braeside, Branchton, Lower Larkfield and Ravenscraig - 08",483
S01010856,"Lower Bow and Larkfield, Fancy Farm, Mallard Bowl - 01",832
S01010857,"Lower Bow and Larkfield, Fancy Farm, Mallard Bowl - 02",783
S01010858,"Lower Bow and Larkfield, Fancy Farm, Mallard Bowl - 03",604
S01010859,"Lower Bow and Larkfield, Fancy Farm, Mallard Bowl - 04",869
S01010860,"Lower Bow and Larkfield, Fancy Farm, Mallard Bowl - 05",505
S01010861,"Lower Bow and Larkfield, Fancy Farm, Mallard Bowl - 06",591
S01010862,"Lower Bow and Larkfield, Fancy Farm, Mallard Bowl - 07",633
S01010863,"Gourock East, Greenock West and Lyle Road - 01",813
S01010864,"Gourock East, Greenock West and Lyle Road - 02",593
S01010865,"Gourock East, Greenock West and Lyle Road - 03",830
S01010866,"Gourock East, Greenock West and Lyle Road - 04",660
S01010867,"Gourock East, Greenock West and Lyle Road - 05",641
S01010868,"Gourock East, Greenock West and Lyle Road - 06",712
S01010869,"Gourock East, Greenock West and Lyle Road - 07",697
S01010870,Greenock West and Central - 01,629
S01010871,Greenock West and Central - 02,834
S01010872,Greenock West and Central - 03,704
S01010873,Greenock West and Central - 04,458
S01010874,Greenock West and Central - 05,703
S01010875,Greenock West and Central - 06,515
S01010876,Greenock West and Central - 07,741
S01010877,Greenock West and Central - 08,805
S01010878,"Bow Farm, Barrs Cottage, Cowdenknowes and Overton - 01",1039
S01010879,"Bow Farm, Barrs Cottage, Cowdenknowes and Overton - 02",802
S01010880,"Bow Farm, Barrs Cottage, Cowdenknowes and Overton - 03",457
S01010881,"Bow Farm, Barrs Cottage, Cowdenknowes and Overton - 04",528
S01010882,"Bow Farm, Barrs Cottage, Cowdenknowes and Overton - 05",448
S01010883,"Bow Farm, Barrs Cottage, Cowdenknowes and Overton - 06",714
S01010884,Greenock Upper Central - 01,690
S01010885,Greenock Upper Central - 02,917
S01010886,Greenock Upper Central - 03,278
S01010887,Greenock Upper Central - 04,758
S01010888,Greenock Upper Central - 05,791
S01010889,Greenock Upper Central - 06,400
S01010890,Greenock Town Centre and East Central - 01,764
S01010891,Greenock Town Centre and East Central - 02,442
S01010892,Greenock Town Centre and East Central - 03,828
S01010893,Greenock Town Centre and East Central - 04,536
S01010894,Greenock Town Centre and East Central - 05,691
S01010895,Greenock Town Centre and East Central - 06,391
S01010896,Greenock Town Centre and East Central - 07,754
S01010897,Greenock Town Centre and East Central - 08,759
S01010898,Greenock East - 01,573
S01010899,Greenock East - 02,525
S01010900,Greenock East - 03,777
S01010901,Greenock East - 04,570
S01010902,Greenock East - 05,874
S01010903,Greenock East - 06,821
S01010904,Greenock East - 07,563
S01010905,Greenock East - 08,1114
S01010906,Greenock East - 09,1000
S01010907,"Port Glasgow Upper, West and Central - 01",709
S01010908,"Port Glasgow Upper, West and Central - 02",658
S01010909,"Port Glasgow Upper, West and Central - 03",602
S01010910,"Port Glasgow Upper, West and Central - 04",469
S01010911,"Port Glasgow Upper, West and Central - 05",539
S01010912,"Port Glasgow Upper, West and Central - 06",629
S01010913,"Port Glasgow Upper, West and Central - 07",663
S01010914,"Port Glasgow Upper, West and Central - 08",531
S01010915,"Port Glasgow Upper, West and Central - 09",648
S01010916,"Port Glasgow Mid, East and Central - 01",324
S01010917,"Port Glasgow Mid, East and Central - 02",490
S01010918,"Port Glasgow Mid, East and Central - 03",614
S01010919,"Port Glasgow Mid, East and Central - 04",711
S01010920,"Port Glasgow Mid, East and Central - 05",732
S01010921,"Port Glasgow Mid, East and Central - 06",615
S01010922,"Port Glasgow Mid, East and Central - 07",938
S01010923,Port Glasgow Upper East - 01,803
S01010924,Port Glasgow Upper East - 02,548
S01010925,Port Glasgow Upper East - 03,627
S01010926,Port Glasgow Upper East - 04,838
S01010927,Port Glasgow Upper East - 05,566
S01010928,Port Glasgow Upper East - 06,721
S01010929,Port Glasgow Upper East - 07,616
S01010930,Rural South Midlothian - 01,858
S01010931,Rural South Midlothian - 02,1049
S01010932,Rural South Midlothian - 03,740
S01010933,Rural South Midlothian - 04,1329
S01010934,Penicuik Southeast - 01,938
S01010935,Penicuik Southeast - 02,634
S01010936,Penicuik Southeast - 03,622
S01010937,Penicuik Southeast - 04,687
S01010938,Penicuik Southeast - 05,834
S01010939,Penicuik Southwest - 01,467
S01010940,Penicuik Southwest - 02,602
S01010941,Penicuik Southwest - 03,761
S01010942,Penicuik Southwest - 04,624
S01010943,Penicuik Southwest - 05,604
S01010944,Penicuik Southwest - 06,538
S01010945,Penicuik East - 01,589
S01010946,Penicuik East - 02,883
S01010947,Penicuik East - 03,507
S01010948,Penicuik East - 04,624
S01010949,Penicuik North - 01,887
S01010950,Penicuik North - 02,747
S01010951,Penicuik North - 03,689
S01010952,Penicuik North - 04,482
S01010953,Penicuik North - 05,507
S01010954,Pentland - 01,703
S01010955,Pentland - 02,2226
S01010956,Pentland - 03,2069
S01010957,Roslin and Bilston - 01,520
S01010958,Roslin and Bilston - 02,468
S01010959,Roslin and Bilston - 03,627
S01010960,Roslin and Bilston - 04,1291
S01010961,Roslin and Bilston - 05,594
S01010962,Straiton - 01,539
S01010963,Straiton - 02,861
S01010964,Straiton - 03,716
S01010965,Straiton - 04,443
S01010966,Loanhead - 01,686
S01010967,Loanhead - 02,649
S01010968,Loanhead - 03,651
S01010969,Loanhead - 04,683
S01010970,Loanhead - 05,1065
S01010971,Bonnyrigg South - 01,1023
S01010972,Bonnyrigg South - 02,735
S01010973,Bonnyrigg South - 03,465
S01010974,Bonnyrigg South - 04,726
S01010975,Bonnyrigg South - 05,447
S01010976,Bonnyrigg South - 06,473
S01010977,Bonnyrigg South - 07,653
S01010978,Bonnyrigg North - 01,737
S01010979,Bonnyrigg North - 02,881
S01010980,Bonnyrigg North - 03,694
S01010981,Bonnyrigg North - 04,726
S01010982,Bonnyrigg North - 05,1197
S01010983,Bonnyrigg North - 06,728
S01010984,Bonnyrigg North - 07,648
S01010985,Newbattle and Dalhousie - 01,633
S01010986,Newbattle and Dalhousie - 02,511
S01010987,Newbattle and Dalhousie - 03,587
S01010988,Newbattle and Dalhousie - 04,561
S01010989,Newbattle and Dalhousie - 05,1035
S01010990,Newbattle and Dalhousie - 06,790
S01010991,Newbattle and Dalhousie - 07,3970
S01010992,Newbattle and Dalhousie - 08,556
S01010993,Newbattle and Dalhousie - 09,576
S01010994,Eskbank - 01,1553
S01010995,Eskbank - 02,633
S01010996,Eskbank - 03,505
S01010997,Eskbank - 04,638
S01010998,Eskbank - 05,816
S01010999,Eskbank - 06,973
S01011000,Shawfair - 01,2985
S01011001,Shawfair - 02,616
S01011002,Shawfair - 03,682
S01011003,Shawfair - 04,682
S01011004,Shawfair - 05,647
S01011005,Thornybank - 01,691
S01011006,Thornybank - 02,2137
S01011007,Thornybank - 03,689
S01011008,Thornybank - 04,860
S01011009,Thornybank - 05,442
S01011010,Dalkeith - 01,545
S01011011,Dalkeith - 02,786
S01011012,Dalkeith - 03,753
S01011013,Dalkeith - 04,844
S01011014,Pathhead and Rural East Midlothian - 01,709
S01011015,Pathhead and Rural East Midlothian - 02,389
S01011016,Pathhead and Rural East Midlothian - 03,1833
S01011017,Pathhead and Rural East Midlothian - 04,1586
S01011018,Pathhead and Rural East Midlothian - 05,787
S01011019,Pathhead and Rural East Midlothian - 06,1434
S01011020,Pathhead and Rural East Midlothian - 07,1370
S01011021,Easthouses - 01,898
S01011022,Easthouses - 02,627
S01011023,Easthouses - 03,846
S01011024,Easthouses - 04,760
S01011025,Mayfield - 01,693
S01011026,Mayfield - 02,541
S01011027,Mayfield - 03,998
S01011028,Mayfield - 04,947
S01011029,Mayfield - 05,613
S01011030,Mayfield - 06,822
S01011031,Newtongrange - 01,938
S01011032,Newtongrange - 02,735
S01011033,Newtongrange - 03,575
S01011034,Newtongrange - 04,617
S01011035,Newtongrange - 05,600
S01011036,Newtongrange - 06,605
S01011037,North Gorebridge - 01,1396
S01011038,North Gorebridge - 02,969
S01011039,North Gorebridge - 03,1270
S01011040,Gorebridge and Middleton - 01,756
S01011041,Gorebridge and Middleton - 02,700
S01011042,Gorebridge and Middleton - 03,753
S01011043,Gorebridge and Middleton - 04,775
S01011044,Gorebridge and Middleton - 05,676
S01011045,South Speyside and the Cabrach - 01,616
S01011046,South Speyside and the Cabrach - 02,813
S01011047,South Speyside and the Cabrach - 03,937
S01011048,South Speyside and the Cabrach - 04,850
S01011049,South Speyside and the Cabrach - 05,654
S01011050,North Speyside - 01,584
S01011051,North Speyside - 02,975
S01011052,North Speyside - 03,756
S01011053,North Speyside - 04,530
S01011054,North Speyside - 05,522
S01011055,Rural Keith and Strathisla - 01,496
S01011056,Rural Keith and Strathisla - 02,764
S01011057,Rural Keith and Strathisla - 03,515
S01011058,Rural Keith and Strathisla - 04,622
S01011059,Rural Keith and Strathisla - 05,543
S01011060,Keith and Fife Keith - 01,744
S01011061,Keith and Fife Keith - 02,795
S01011062,Keith and Fife Keith - 03,878
S01011063,Keith and Fife Keith - 04,1026
S01011064,Keith and Fife Keith - 05,927
S01011065,"Cullen, Portknockie, Findochty, Drybridge and Berryhillock - 01",706
S01011066,"Cullen, Portknockie, Findochty, Drybridge and Berryhillock - 02",389
S01011067,"Cullen, Portknockie, Findochty, Drybridge and Berryhillock - 03",431
S01011068,"Cullen, Portknockie, Findochty, Drybridge and Berryhillock - 04",479
S01011069,"Cullen, Portknockie, Findochty, Drybridge and Berryhillock - 05",464
S01011070,"Cullen, Portknockie, Findochty, Drybridge and Berryhillock - 06",475
S01011071,"Cullen, Portknockie, Findochty, Drybridge and Berryhillock - 07",698
S01011072,"Cullen, Portknockie, Findochty, Drybridge and Berryhillock - 08",1346
S01011073,Buckie Central East - 01,671
S01011074,Buckie Central East - 02,614
S01011075,Buckie Central East - 03,619
S01011076,Buckie Central East - 04,718
S01011077,Buckie Central East - 05,729
S01011078,Buckie West and Mains of Buckie - 01,1840
S01011079,Buckie West and Mains of Buckie - 02,1015
S01011080,Buckie West and Mains of Buckie - 03,887
S01011081,Buckie West and Mains of Buckie - 04,703
S01011082,Buckie West and Mains of Buckie - 05,483
S01011083,"Mosstodloch, Portgordon and seaward - 01",756
S01011084,"Mosstodloch, Portgordon and seaward - 02",705
S01011085,"Mosstodloch, Portgordon and seaward - 03",826
S01011086,"Mosstodloch, Portgordon and seaward - 04",819
S01011087,"Mosstodloch, Portgordon and seaward - 05",514
S01011088,"Fochabers, Aultmore, Clochan and Ordiquish - 01",915
S01011089,"Fochabers, Aultmore, Clochan and Ordiquish - 02",616
S01011090,"Fochabers, Aultmore, Clochan and Ordiquish - 03",976
S01011091,"Heldon West, Fogwatt to Inchberry - 01",600
S01011092,"Heldon West, Fogwatt to Inchberry - 02",570
S01011093,"Heldon West, Fogwatt to Inchberry - 03",3035
S01011094,"Heldon West, Fogwatt to Inchberry - 04",1236
S01011095,"Heldon West, Fogwatt to Inchberry - 05",831
S01011096,"Lhanbryde, Urquhart, Pitgavney and seaward - 01",1169
S01011097,"Lhanbryde, Urquhart, Pitgavney and seaward - 02",729
S01011098,"Lhanbryde, Urquhart, Pitgavney and seaward - 03",671
S01011099,"Lhanbryde, Urquhart, Pitgavney and seaward - 04",748
S01011100,"Lhanbryde, Urquhart, Pitgavney and seaward - 05",408
S01011101,Elgin Cathedral to Ashgrove and Pinefield - 01,489
S01011102,Elgin Cathedral to Ashgrove and Pinefield - 02,477
S01011103,Elgin Cathedral to Ashgrove and Pinefield - 03,422
S01011104,Elgin Cathedral to Ashgrove and Pinefield - 04,634
S01011105,Elgin Cathedral to Ashgrove and Pinefield - 05,777
S01011106,Elgin Cathedral to Ashgrove and Pinefield - 06,1000
S01011107,New Elgin East - 01,1102
S01011108,New Elgin East - 02,509
S01011109,New Elgin East - 03,574
S01011110,New Elgin East - 04,592
S01011111,New Elgin East - 05,779
S01011112,New Elgin West - 01,698
S01011113,New Elgin West - 02,843
S01011114,New Elgin West - 03,657
S01011115,New Elgin West - 04,753
S01011116,New Elgin West - 05,596
S01011117,Elgin Central West - 01,718
S01011118,Elgin Central West - 02,840
S01011119,Elgin Central West - 03,845
S01011120,Elgin Central West - 04,687
S01011121,Elgin Bishopmill East and Ladyhill - 01,529
S01011122,Elgin Bishopmill East and Ladyhill - 02,589
S01011123,Elgin Bishopmill East and Ladyhill - 03,1098
S01011124,Elgin Bishopmill East and Ladyhill - 04,635
S01011125,Elgin Bishopmill East and Ladyhill - 05,423
S01011126,Elgin Bishopmill West and Newfield - 01,415
S01011127,Elgin Bishopmill West and Newfield - 02,502
S01011128,Elgin Bishopmill West and Newfield - 03,776
S01011129,Elgin Bishopmill West and Newfield - 04,999
S01011130,Elgin Bishopmill West and Newfield - 05,526
S01011131,Lossiemouth East and Seatown - 01,610
S01011132,Lossiemouth East and Seatown - 02,805
S01011133,Lossiemouth East and Seatown - 03,445
S01011134,Lossiemouth East and Seatown - 04,743
S01011135,Lossiemouth East and Seatown - 05,670
S01011136,Lossiemouth West - 01,556
S01011137,Lossiemouth West - 02,483
S01011138,Lossiemouth West - 03,642
S01011139,Lossiemouth West - 04,1672
S01011140,Lossiemouth West - 05,515
S01011141,Lossiemouth West - 06,501
S01011142,"Burghead, Roseisle and Laich - 01",1365
S01011143,"Burghead, Roseisle and Laich - 02",1051
S01011144,"Burghead, Roseisle and Laich - 03",625
S01011145,"Burghead, Roseisle and Laich - 04",664
S01011146,"Burghead, Roseisle and Laich - 05",743
S01011147,"Burghead, Roseisle and Laich - 06",902
S01011148,"Findhorn, Kinloss and Pluscarden Valley - 01",689
S01011149,"Findhorn, Kinloss and Pluscarden Valley - 02",1017
S01011150,"Findhorn, Kinloss and Pluscarden Valley - 03",957
S01011151,"Findhorn, Kinloss and Pluscarden Valley - 04",574
S01011152,"Findhorn, Kinloss and Pluscarden Valley - 05",563
S01011153,Forres Central East and seaward - 01,806
S01011154,Forres Central East and seaward - 02,479
S01011155,Forres Central East and seaward - 03,629
S01011156,Forres Central East and seaward - 04,478
S01011157,Forres Central East and seaward - 05,529
S01011158,Forres Central East and seaward - 06,594
S01011159,Forres South West and Mannachie - 01,582
S01011160,Forres South West and Mannachie - 02,841
S01011161,Forres South West and Mannachie - 03,562
S01011162,Forres South West and Mannachie - 04,478
S01011163,Forres South West and Mannachie - 05,675
S01011164,Forres South West and Mannachie - 06,857
S01011165,Forres South West and Mannachie - 07,665
S01011166,Forres South West and Mannachie - 08,386
S01011167,"Rafford, Dallas, Dyke to Dava - 01",709
S01011168,"Rafford, Dallas, Dyke to Dava - 02",1352
S01011169,"Rafford, Dallas, Dyke to Dava - 03",1441
S01011170,"Rafford, Dallas, Dyke to Dava - 04",1023
S01011171,Arran - 01,888
S01011172,Arran - 02,755
S01011173,Arran - 03,572
S01011174,Arran - 04,450
S01011175,Arran - 05,612
S01011176,Arran - 06,552
S01011177,Arran - 07,782
S01011178,Springside and Rural - 01,485
S01011179,Springside and Rural - 02,526
S01011180,Springside and Rural - 03,612
S01011181,Springside and Rural - 04,912
S01011182,Springside and Rural - 05,743
S01011183,Irvine Tarryholme - 01,534
S01011184,Irvine Tarryholme - 02,1120
S01011185,Irvine Tarryholme - 03,623
S01011186,Irvine Tarryholme - 04,865
S01011187,Dreghorn - 01,623
S01011188,Dreghorn - 02,916
S01011189,Dreghorn - 03,766
S01011190,Dreghorn - 04,548
S01011191,Dreghorn - 05,500
S01011192,Irvine Broomlands - 01,608
S01011193,Irvine Broomlands - 02,651
S01011194,Irvine Broomlands - 03,605
S01011195,Irvine Broomlands - 04,736
S01011196,Irvine Bourtreehill - 01,810
S01011197,Irvine Bourtreehill - 02,853
S01011198,Irvine Bourtreehill - 03,681
S01011199,Irvine Girdle Toll and Staneca - 01,1090
S01011200,Irvine Girdle Toll and Staneca - 02,676
S01011201,Irvine Girdle Toll and Staneca - 03,605
S01011202,Irvine Girdle Toll and Staneca - 04,753
S01011203,Irvine Girdle Toll and Staneca - 05,709
S01011204,Irvine Girdle Toll and Staneca - 06,495
S01011205,Irvine Perceton and Lawthorn - 01,710
S01011206,Irvine Perceton and Lawthorn - 02,588
S01011207,Irvine Perceton and Lawthorn - 03,669
S01011208,Irvine Perceton and Lawthorn - 04,778
S01011209,Irvine Perceton and Lawthorn - 05,569
S01011210,Irvine Perceton and Lawthorn - 06,600
S01011211,Irvine Perceton and Lawthorn - 07,608
S01011212,Irvine Castlepark North - 01,485
S01011213,Irvine Castlepark North - 02,1196
S01011214,Irvine Castlepark North - 03,773
S01011215,Irvine Castlepark North - 04,494
S01011216,Irvine Castlepark North - 05,447
S01011217,Irvine Castlepark South - 01,779
S01011218,Irvine Castlepark South - 02,1122
S01011219,Irvine Castlepark South - 03,659
S01011220,Irvine Castlepark South - 04,801
S01011221,Irvine East - 01,888
S01011222,Irvine East - 02,749
S01011223,Irvine East - 03,715
S01011224,Irvine East - 04,628
S01011225,Irvine Central - 01,718
S01011226,Irvine Central - 02,1015
S01011227,Irvine Central - 03,696
S01011228,Irvine Central - 04,795
S01011229,Irvine Fullarton - 01,482
S01011230,Irvine Fullarton - 02,630
S01011231,Irvine Fullarton - 03,548
S01011232,Irvine Fullarton - 04,765
S01011233,Stevenston Ardeer - 01,1227
S01011234,Stevenston Ardeer - 02,1007
S01011235,Stevenston Ardeer - 03,297
S01011236,Stevenston Ardeer - 04,454
S01011237,Saltcoats Central - 01,721
S01011238,Saltcoats Central - 02,555
S01011239,Saltcoats Central - 03,582
S01011240,Saltcoats Central - 04,672
S01011241,Saltcoats Central - 05,984
S01011242,Ardrossan Central - 01,842
S01011243,Ardrossan Central - 02,835
S01011244,Ardrossan Central - 03,559
S01011245,Ardrossan Central - 04,726
S01011246,Ardrossan North West - 01,895
S01011247,Ardrossan North West - 02,781
S01011248,Ardrossan North West - 03,707
S01011249,Ardrossan North West - 04,665
S01011250,Ardrossan North East - 01,1014
S01011251,Ardrossan North East - 02,864
S01011252,Ardrossan North East - 03,704
S01011253,Ardrossan North East - 04,836
S01011254,Ardrossan North East - 05,817
S01011255,Saltcoats North West - 01,767
S01011256,Saltcoats North West - 02,482
S01011257,Saltcoats North West - 03,336
S01011258,Saltcoats North West - 04,438
S01011259,Saltcoats North West - 05,643
S01011260,Saltcoats North West - 06,650
S01011261,Saltcoats North East - 01,846
S01011262,Saltcoats North East - 02,399
S01011263,Saltcoats North East - 03,1285
S01011264,Saltcoats North East - 04,617
S01011265,Saltcoats North East - 05,970
S01011266,Saltcoats North East - 06,819
S01011267,Stevenston North West - 01,478
S01011268,Stevenston North West - 02,298
S01011269,Stevenston North West - 03,515
S01011270,Stevenston North West - 04,555
S01011271,Stevenston North West - 05,728
S01011272,Stevenston Hayocks - 01,670
S01011273,Stevenston Hayocks - 02,771
S01011274,Stevenston Hayocks - 03,842
S01011275,Stevenston Hayocks - 04,649
S01011276,Stevenston Hayocks - 05,893
S01011277,Kilwinning Whitehirst Park and Woodside - 01,587
S01011278,Kilwinning Whitehirst Park and Woodside - 02,394
S01011279,Kilwinning Whitehirst Park and Woodside - 03,603
S01011280,Kilwinning Whitehirst Park and Woodside - 04,526
S01011281,Kilwinning Whitehirst Park and Woodside - 05,578
S01011282,Kilwinning Whitehirst Park and Woodside - 06,852
S01011283,Kilwinning Whitehirst Park and Woodside - 07,700
S01011284,Kilwinning Whitehirst Park and Woodside - 08,557
S01011285,Kilwinning Pennyburn - 01,722
S01011286,Kilwinning Pennyburn - 02,583
S01011287,Kilwinning Pennyburn - 03,945
S01011288,Kilwinning Pennyburn - 04,783
S01011289,Kilwinning West and Blacklands - 01,854
S01011290,Kilwinning West and Blacklands - 02,1233
S01011291,Kilwinning West and Blacklands - 03,669
S01011292,Kilwinning West and Blacklands - 04,646
S01011293,Kilwinning West and Blacklands - 05,640
S01011294,Kilwinning Central and North - 01,834
S01011295,Kilwinning Central and North - 02,1088
S01011296,Kilwinning Central and North - 03,507
S01011297,Kilwinning Central and North - 04,743
S01011298,Kilwinning Central and North - 05,663
S01011299,Dalry East and Rural - 01,505
S01011300,Dalry East and Rural - 02,850
S01011301,Dalry East and Rural - 03,741
S01011302,Dalry East and Rural - 04,767
S01011303,Dalry West - 01,916
S01011304,Dalry West - 02,684
S01011305,Dalry West - 03,782
S01011306,Dalry West - 04,547
S01011307,Fairlie and Rural - 01,1741
S01011308,Fairlie and Rural - 02,519
S01011309,Fairlie and Rural - 03,683
S01011310,Fairlie and Rural - 04,740
S01011311,West Kilbride and Seamill - 01,703
S01011312,West Kilbride and Seamill - 02,1004
S01011313,West Kilbride and Seamill - 03,631
S01011314,West Kilbride and Seamill - 04,1012
S01011315,West Kilbride and Seamill - 05,348
S01011316,West Kilbride and Seamill - 06,748
S01011317,Largs South - 01,774
S01011318,Largs South - 02,903
S01011319,Largs South - 03,755
S01011320,Largs South - 04,584
S01011321,Largs South - 05,665
S01011322,Largs Central and Cumbrae - 01,599
S01011323,Largs Central and Cumbrae - 02,778
S01011324,Largs Central and Cumbrae - 03,577
S01011325,Largs Central and Cumbrae - 04,694
S01011326,Largs Central and Cumbrae - 05,649
S01011327,Largs Central and Cumbrae - 06,614
S01011328,Largs Central and Cumbrae - 07,707
S01011329,Largs North - 01,955
S01011330,Largs North - 02,783
S01011331,Largs North - 03,785
S01011332,Largs North - 04,687
S01011333,Largs North - 05,747
S01011334,Skelmorlie and Rural - 01,501
S01011335,Skelmorlie and Rural - 02,931
S01011336,Skelmorlie and Rural - 03,609
S01011337,Skelmorlie and Rural - 04,702
S01011338,Kilbirnie North - 01,653
S01011339,Kilbirnie North - 02,528
S01011340,Kilbirnie North - 03,631
S01011341,Kilbirnie North - 04,647
S01011342,Kilbirnie North - 05,732
S01011343,Kilbirnie South and Longbar - 01,797
S01011344,Kilbirnie South and Longbar - 02,819
S01011345,Kilbirnie South and Longbar - 03,740
S01011346,Kilbirnie South and Longbar - 04,587
S01011347,Kilbirnie South and Longbar - 05,962
S01011348,Beith West - 01,885
S01011349,Beith West - 02,804
S01011350,Beith West - 03,559
S01011351,Beith West - 04,612
S01011352,Beith East and Rural - 01,631
S01011353,Beith East and Rural - 02,623
S01011354,Beith East and Rural - 03,668
S01011355,Beith East and Rural - 04,872
S01011356,Beith East and Rural - 05,1155
S01011357,Overtown - 01,723
S01011358,Overtown - 02,419
S01011359,Overtown - 03,711
S01011360,Overtown - 04,480
S01011361,Overtown - 05,63
S01011362,Overtown - 06,790
S01011363,Netherton and Kirkhill - 01,813
S01011364,Netherton and Kirkhill - 02,639
S01011365,Netherton and Kirkhill - 03,641
S01011366,Netherton and Kirkhill - 04,501
S01011367,Netherton and Kirkhill - 05,796
S01011368,Muirhouse - 01,930
S01011369,Muirhouse - 02,726
S01011370,Muirhouse - 03,666
S01011371,Muirhouse - 04,830
S01011372,Muirhouse - 05,645
S01011373,Muirhouse and Knowetop - 01,619
S01011374,Muirhouse and Knowetop - 02,693
S01011375,Muirhouse and Knowetop - 03,577
S01011376,Muirhouse and Knowetop - 04,484
S01011377,Muirhouse and Knowetop - 05,1138
S01011378,Muirhouse and Knowetop - 06,748
S01011379,Muirhouse and Knowetop - 07,1295
S01011380,Muirhouse and Knowetop - 08,682
S01011381,Muirhouse and Knowetop - 09,686
S01011382,Craigneuk Wishaw - 01,920
S01011383,Craigneuk Wishaw - 02,622
S01011384,Craigneuk Wishaw - 03,710
S01011385,Craigneuk Wishaw - 04,965
S01011386,Craigneuk Wishaw - 05,675
S01011387,Craigneuk Wishaw - 06,798
S01011388,Pather - 01,1099
S01011389,Pather - 02,786
S01011390,Pather - 03,715
S01011391,Pather - 04,641
S01011392,Pather - 05,613
S01011393,Wishaw South - 01,871
S01011394,Wishaw South - 02,536
S01011395,Wishaw South - 03,762
S01011396,Wishaw South - 04,770
S01011397,Wishaw South - 05,823
S01011398,Wishaw South - 06,683
S01011399,Wishaw South - 07,498
S01011400,Wishaw North - 01,679
S01011401,Wishaw North - 02,650
S01011402,Wishaw North - 03,972
S01011403,Wishaw North - 04,484
S01011404,Wishaw North - 05,770
S01011405,Wishaw North - 06,607
S01011406,Wishaw North - 07,857
S01011407,Wishaw North - 08,1158
S01011408,Coltness - 01,830
S01011409,Coltness - 02,831
S01011410,Coltness - 03,560
S01011411,Coltness - 04,659
S01011412,Coltness - 05,792
S01011413,Wishaw East - 01,491
S01011414,Wishaw East - 02,781
S01011415,Wishaw East - 03,857
S01011416,Wishaw East - 04,551
S01011417,Newmains - 01,901
S01011418,Newmains - 02,537
S01011419,Newmains - 03,501
S01011420,Newmains - 04,507
S01011421,Newmains - 05,628
S01011422,Newmains - 06,620
S01011423,Newmains - 07,527
S01011424,Newmains - 08,554
S01011425,Newmains - 09,845
S01011426,Allanton - Newmains Rural - 01,1421
S01011427,Allanton - Newmains Rural - 02,500
S01011428,Allanton - Newmains Rural - 03,534
S01011429,Allanton - Newmains Rural - 04,1176
S01011430,Shotts - 01,931
S01011431,Shotts - 02,1036
S01011432,Shotts - 03,993
S01011433,Shotts - 04,873
S01011434,Shotts - 05,579
S01011435,Stane - 01,1074
S01011436,Stane - 02,672
S01011437,Stane - 03,670
S01011438,Stane - 04,476
S01011439,Harthill and Salsburgh - 01,978
S01011440,Harthill and Salsburgh - 02,552
S01011441,Harthill and Salsburgh - 03,743
S01011442,Harthill and Salsburgh - 04,757
S01011443,Harthill and Salsburgh - 05,583
S01011444,Harthill and Salsburgh - 06,725
S01011445,Harthill and Salsburgh - 07,451
S01011446,Harthill and Salsburgh - 08,2074
S01011447,Cleland - 01,839
S01011448,Cleland - 02,703
S01011449,Cleland - 03,485
S01011450,Cleland - 04,633
S01011451,Cleland - 05,3413
S01011452,Newarthill - 01,863
S01011453,Newarthill - 02,697
S01011454,Newarthill - 03,742
S01011455,Newarthill - 04,663
S01011456,Carfin North - 01,799
S01011457,Carfin North - 02,821
S01011458,Carfin North - 03,1268
S01011459,Carfin North - 04,1154
S01011460,Clydesdale and New Stevenston - 01,509
S01011461,Clydesdale and New Stevenston - 02,710
S01011462,Clydesdale and New Stevenston - 03,934
S01011463,Clydesdale and New Stevenston - 04,1499
S01011464,Carfin and Cleekhimin - 01,587
S01011465,Carfin and Cleekhimin - 02,693
S01011466,Carfin and Cleekhimin - 03,793
S01011467,Carfin and Cleekhimin - 04,535
S01011468,Carfin and Cleekhimin - 05,895
S01011469,Carfin and Cleekhimin - 06,817
S01011470,Carfin and Cleekhimin - 07,1131
S01011471,Motherwell South - 01,895
S01011472,Motherwell South - 02,586
S01011473,Motherwell South - 03,721
S01011474,Motherwell South - 04,720
S01011475,Motherwell South - 05,690
S01011476,Ladywell - 01,383
S01011477,Ladywell - 02,803
S01011478,Ladywell - 03,1282
S01011479,Ladywell - 04,1143
S01011480,Ladywell - 05,968
S01011481,Motherwell West - 01,906
S01011482,Motherwell West - 02,909
S01011483,Motherwell West - 03,469
S01011484,Motherwell West - 04,858
S01011485,Motherwell West - 05,962
S01011486,Motherwell North - 01,551
S01011487,Motherwell North - 02,945
S01011488,Motherwell North - 03,801
S01011489,Motherwell North - 04,742
S01011490,Forgewood - 01,1073
S01011491,Forgewood - 02,418
S01011492,Forgewood - 03,757
S01011493,Forgewood - 04,446
S01011494,Forgewood - 05,735
S01011495,Forgewood - 06,835
S01011496,Forgewood - 07,665
S01011497,Holytown - 01,700
S01011498,Holytown - 02,588
S01011499,Holytown - 03,737
S01011500,Holytown - 04,436
S01011501,Holytown - 05,588
S01011502,Holytown - 06,660
S01011503,Holytown - 07,598
S01011504,Holytown - 08,926
S01011505,Milnwood - 01,686
S01011506,Milnwood - 02,466
S01011507,Milnwood - 03,643
S01011508,Milnwood - 04,850
S01011509,Milnwood - 05,553
S01011510,Milnwood - 06,988
S01011511,Milnwood - 07,517
S01011512,Orbiston - 01,828
S01011513,Orbiston - 02,739
S01011514,Orbiston - 03,928
S01011515,Orbiston - 04,455
S01011516,Orbiston - 05,834
S01011517,Orbiston - 06,513
S01011518,Orbiston - 07,658
S01011519,Bellshill South - 01,691
S01011520,Bellshill South - 02,683
S01011521,Bellshill South - 03,947
S01011522,Bellshill South - 04,846
S01011523,Bellshill South - 05,695
S01011524,Bellshill South - 06,715
S01011525,Hattonrigg - 01,889
S01011526,Hattonrigg - 02,920
S01011527,Hattonrigg - 03,632
S01011528,Bellshill Central - 01,906
S01011529,Bellshill Central - 02,551
S01011530,Bellshill Central - 03,941
S01011531,Bellshill Central - 04,1069
S01011532,Fallside - 01,612
S01011533,Fallside - 02,681
S01011534,Fallside - 03,765
S01011535,Fallside - 04,1115
S01011536,Fallside - 05,601
S01011537,Fallside - 06,493
S01011538,Fallside - 07,711
S01011539,Viewpark - 01,697
S01011540,Viewpark - 02,1041
S01011541,Viewpark - 03,1146
S01011542,Viewpark - 04,949
S01011543,Viewpark - 05,739
S01011544,Viewpark - 06,622
S01011545,Viewpark - 07,757
S01011546,Birkenshaw - 01,662
S01011547,Birkenshaw - 02,509
S01011548,Birkenshaw - 03,769
S01011549,Birkenshaw - 04,664
S01011550,Birkenshaw - 05,611
S01011551,Birkenshaw - 06,567
S01011552,Birkenshaw - 07,591
S01011553,Kirkwood and Bargeddie - 01,848
S01011554,Kirkwood and Bargeddie - 02,1010
S01011555,Kirkwood and Bargeddie - 03,510
S01011556,Kirkwood and Bargeddie - 04,447
S01011557,Kirkwood and Bargeddie - 05,665
S01011558,Kirkwood and Bargeddie - 06,583
S01011559,Kirkwood and Bargeddie - 07,470
S01011560,Kirkwood and Bargeddie - 08,734
S01011561,Kirkwood and Bargeddie - 09,794
S01011562,Kirkshaws - 01,797
S01011563,Kirkshaws - 02,694
S01011564,Kirkshaws - 03,942
S01011565,Kirkshaws - 04,865
S01011566,Kirkshaws - 05,773
S01011567,Kirkshaws - 06,890
S01011568,Kirkshaws - 07,690
S01011569,Dundyvan - 01,882
S01011570,Dundyvan - 02,640
S01011571,Dundyvan - 03,578
S01011572,Dundyvan - 04,631
S01011573,Dundyvan - 05,1075
S01011574,Dundyvan - 06,715
S01011575,Dundyvan - 07,520
S01011576,Dundyvan - 08,723
S01011577,Drumpellier and Langloan - 01,644
S01011578,Drumpellier and Langloan - 02,650
S01011579,Drumpellier and Langloan - 03,1016
S01011580,Coatbridge West - 01,815
S01011581,Coatbridge West - 02,664
S01011582,Coatbridge West - 03,1130
S01011583,Coatbridge West - 04,681
S01011584,Coatbridge West - 05,660
S01011585,Townhead - 01,643
S01011586,Townhead - 02,630
S01011587,Townhead - 03,627
S01011588,Townhead - 04,756
S01011589,Townhead - 05,798
S01011590,Townhead - 06,692
S01011591,Townhead - 07,532
S01011592,Sunnyside and Cliftonville - 01,550
S01011593,Sunnyside and Cliftonville - 02,586
S01011594,Sunnyside and Cliftonville - 03,438
S01011595,Sunnyside and Cliftonville - 04,543
S01011596,Sunnyside and Cliftonville - 05,1138
S01011597,Sunnyside and Cliftonville - 06,568
S01011598,Cliftonville - 01,8
S01011599,Cliftonville - 02,806
S01011600,Cliftonville - 03,611
S01011601,Cliftonville - 04,732
S01011602,Shawhead and Whifflet - 01,1347
S01011603,Shawhead and Whifflet - 02,854
S01011604,Shawhead and Whifflet - 03,371
S01011605,Shawhead and Whifflet - 04,857
S01011606,Greenend and Carnbroe - 01,1047
S01011607,Greenend and Carnbroe - 02,584
S01011608,Greenend and Carnbroe - 03,911
S01011609,Greenend and Carnbroe - 04,847
S01011610,Greenend and Carnbroe - 05,789
S01011611,Greenend and Carnbroe - 06,1114
S01011612,Greenend and Carnbroe - 07,661
S01011613,Calderbank and Brownsburn - 01,744
S01011614,Calderbank and Brownsburn - 02,424
S01011615,Calderbank and Brownsburn - 03,689
S01011616,Calderbank and Brownsburn - 04,467
S01011617,Chapelhall West - 01,846
S01011618,Chapelhall West - 02,619
S01011619,Chapelhall West - 03,1004
S01011620,Chapelhall East - 01,1026
S01011621,Chapelhall East - 02,732
S01011622,Chapelhall East - 03,674
S01011623,Chapelhall East - 04,745
S01011624,Chapelhall East - 05,711
S01011625,Craigneuk Airdrie - 01,521
S01011626,Craigneuk Airdrie - 02,719
S01011627,Craigneuk Airdrie - 03,684
S01011628,Craigneuk Airdrie - 04,1085
S01011629,Craigneuk Airdrie - 05,544
S01011630,Petersburn - 01,679
S01011631,Petersburn - 02,626
S01011632,Petersburn - 03,755
S01011633,Petersburn - 04,672
S01011634,Petersburn - 05,470
S01011635,Petersburn - 06,633
S01011636,Gartlea - 01,659
S01011637,Gartlea - 02,618
S01011638,Gartlea - 03,349
S01011639,Gartlea - 04,539
S01011640,Gartlea - 05,681
S01011641,Cairnhill - 01,440
S01011642,Cairnhill - 02,719
S01011643,Cairnhill - 03,847
S01011644,Cairnhill - 04,694
S01011645,Cairnhill - 05,498
S01011646,Cairnhill - 06,568
S01011647,Cairnhill - 07,756
S01011648,Coatdyke and Whinhall - 01,1081
S01011649,Coatdyke and Whinhall - 02,544
S01011650,Coatdyke and Whinhall - 03,778
S01011651,Coatdyke and Whinhall - 04,824
S01011652,Coatdyke and Whinhall - 05,633
S01011653,Coatdyke and Whinhall - 06,888
S01011654,Coatdyke and Whinhall - 07,859
S01011655,Thrashbush - 01,775
S01011656,Thrashbush - 02,461
S01011657,Thrashbush - 03,422
S01011658,Thrashbush - 04,743
S01011659,Thrashbush - 05,807
S01011660,Thrashbush - 06,790
S01011661,Thrashbush - 07,470
S01011662,Thrashbush - 08,616
S01011663,Airdrie North - 01,583
S01011664,Airdrie North - 02,1013
S01011665,Airdrie North - 03,653
S01011666,Airdrie North - 04,776
S01011667,Airdrie North - 05,732
S01011668,Airdrie North - 06,870
S01011669,Drumgelloch - 01,624
S01011670,Drumgelloch - 02,460
S01011671,Drumgelloch - 03,722
S01011672,Drumgelloch - 04,523
S01011673,Drumgelloch - 05,606
S01011674,Drumgelloch - 06,1259
S01011675,Caldercruix and Plains - 01,938
S01011676,Caldercruix and Plains - 02,648
S01011677,Caldercruix and Plains - 03,769
S01011678,Caldercruix and Plains - 04,506
S01011679,Caldercruix and Plains - 05,618
S01011680,Caldercruix and Plains - 06,975
S01011681,Caldercruix and Plains - 07,766
S01011682,Caldercruix and Plains - 08,529
S01011683,Glenmavis and Greengairs - 01,1927
S01011684,Glenmavis and Greengairs - 02,547
S01011685,Glenmavis and Greengairs - 03,776
S01011686,Glenmavis and Greengairs - 04,832
S01011687,Glenmavis and Greengairs - 05,819
S01011688,Glenmavis and Greengairs - 06,1399
S01011689,Gartcosh and Marnock - 01,1026
S01011690,Gartcosh and Marnock - 02,987
S01011691,Gartcosh and Marnock - 03,738
S01011692,Gartcosh and Marnock - 04,1020
S01011693,Gartcosh and Marnock - 05,765
S01011694,Gartcosh and Marnock - 06,529
S01011695,Gartcosh and Marnock - 07,3613
S01011696,Cardowan and Millerston - 01,1094
S01011697,Cardowan and Millerston - 02,1070
S01011698,Cardowan and Millerston - 03,954
S01011699,Cardowan and Millerston - 04,1185
S01011700,Cardowan and Millerston - 05,687
S01011701,Stepps - 01,956
S01011702,Stepps - 02,612
S01011703,Stepps - 03,1714
S01011704,Chryston and Muirhead - 01,672
S01011705,Chryston and Muirhead - 02,798
S01011706,Chryston and Muirhead - 03,957
S01011707,Chryston and Muirhead - 04,939
S01011708,Chryston and Muirhead - 05,905
S01011709,Moodiesburn West - 01,1195
S01011710,Moodiesburn West - 02,484
S01011711,Moodiesburn West - 03,600
S01011712,Moodiesburn West - 04,616
S01011713,Moodiesburn West - 05,733
S01011714,Moodiesburn East - 01,442
S01011715,Moodiesburn East - 02,542
S01011716,Moodiesburn East - 03,787
S01011717,Moodiesburn East - 04,621
S01011718,Moodiesburn East - 05,753
S01011719,Westfield - 01,624
S01011720,Westfield - 02,449
S01011721,Westfield - 03,748
S01011722,Westfield - 04,790
S01011723,Westfield - 05,1024
S01011724,Westfield - 06,713
S01011725,Westfield - 07,558
S01011726,Westfield - 08,541
S01011727,Westfield - 09,840
S01011728,Condorrat - 01,869
S01011729,Condorrat - 02,618
S01011730,Condorrat - 03,746
S01011731,Condorrat - 04,813
S01011732,Condorrat - 05,643
S01011733,Condorrat - 06,704
S01011734,Greenfaulds - 01,727
S01011735,Greenfaulds - 02,670
S01011736,Greenfaulds - 03,671
S01011737,Greenfaulds - 04,680
S01011738,Greenfaulds - 05,998
S01011739,Seafar - 01,672
S01011740,Seafar - 02,833
S01011741,Seafar - 03,685
S01011742,Seafar - 04,723
S01011743,Seafar - 05,723
S01011744,Cumbernauld Central - 01,913
S01011745,Cumbernauld Central - 02,824
S01011746,Cumbernauld Central - 03,554
S01011747,Cumbernauld Central - 04,896
S01011748,Cumbernauld Central - 05,720
S01011749,Cumbernauld Central - 06,603
S01011750,Kildrum - 01,835
S01011751,Kildrum - 02,669
S01011752,Kildrum - 03,890
S01011753,Kildrum - 04,820
S01011754,Kildrum - 05,729
S01011755,Abronhill South - 01,871
S01011756,Abronhill South - 02,900
S01011757,Abronhill South - 03,710
S01011758,Abronhill South - 04,543
S01011759,Abronhill South - 05,765
S01011760,Abronhill North - 01,846
S01011761,Abronhill North - 02,662
S01011762,Abronhill North - 03,609
S01011763,Abronhill North - 04,743
S01011764,Abronhill North - 05,331
S01011765,Abronhill North - 06,861
S01011766,Village and Castlecary - 01,550
S01011767,Village and Castlecary - 02,763
S01011768,Village and Castlecary - 03,831
S01011769,Village and Castlecary - 04,638
S01011770,Village and Castlecary - 05,799
S01011771,Carrickstone - 01,600
S01011772,Carrickstone - 02,970
S01011773,Carrickstone - 03,527
S01011774,Carrickstone - 04,837
S01011775,Carrickstone - 05,651
S01011776,Carrickstone - 06,1130
S01011777,Balloch West - 01,584
S01011778,Balloch West - 02,627
S01011779,Balloch West - 03,699
S01011780,Balloch West - 04,869
S01011781,Balloch West - 05,491
S01011782,Balloch East - 01,553
S01011783,Balloch East - 02,454
S01011784,Balloch East - 03,800
S01011785,Balloch East - 04,748
S01011786,Kilsyth East and Croy - 01,459
S01011787,Kilsyth East and Croy - 02,1015
S01011788,Kilsyth East and Croy - 03,682
S01011789,Kilsyth East and Croy - 04,2622
S01011790,Kilsyth East and Croy - 05,1323
S01011791,Kilsyth East and Croy - 06,653
S01011792,Kilsyth East and Croy - 07,1001
S01011793,Kilsyth East and Croy - 08,1198
S01011794,Kilsyth Bogside - 01,797
S01011795,Kilsyth Bogside - 02,530
S01011796,Kilsyth Bogside - 03,782
S01011797,Kilsyth Bogside - 04,915
S01011798,Balmalloch - 01,518
S01011799,Balmalloch - 02,836
S01011800,Balmalloch - 03,536
S01011801,Balmalloch - 04,534
S01011802,Balmalloch - 05,650
S01011803,Balmalloch - 06,771
S01011804,"Stromness, Sandwick and Stenness - 01",641
S01011805,"Stromness, Sandwick and Stenness - 02",505
S01011806,"Stromness, Sandwick and Stenness - 03",887
S01011807,"Stromness, Sandwick and Stenness - 04",1094
S01011808,West Mainland - 01,736
S01011809,West Mainland - 02,783
S01011810,West Mainland - 03,970
S01011811,West Mainland - 04,961
S01011812,West Mainland - 05,656
S01011813,East Mainland - 01,783
S01011814,East Mainland - 02,822
S01011815,East Mainland - 03,1076
S01011816,East Mainland - 04,791
S01011817,East Mainland - 05,1326
S01011818,West Kirkwall - 01,945
S01011819,West Kirkwall - 02,769
S01011820,West Kirkwall - 03,859
S01011821,West Kirkwall - 04,322
S01011822,West Kirkwall - 05,595
S01011823,East Kirkwall - 01,604
S01011824,East Kirkwall - 02,639
S01011825,East Kirkwall - 03,477
S01011826,East Kirkwall - 04,612
S01011827,Isles - 01,498
S01011828,Isles - 02,1009
S01011829,Isles - 03,450
S01011830,Isles - 04,560
S01011831,Isles - 05,889
S01011832,Isles - 06,771
S01011833,"Powmill, Cleish and Scotlandwell - 01",930
S01011834,"Powmill, Cleish and Scotlandwell - 02",1141
S01011835,"Powmill, Cleish and Scotlandwell - 03",883
S01011836,"Powmill, Cleish and Scotlandwell - 04",822
S01011837,"Powmill, Cleish and Scotlandwell - 05",612
S01011838,Kinross - 01,964
S01011839,Kinross - 02,917
S01011840,Kinross - 03,1147
S01011841,Kinross - 04,893
S01011842,Kinross - 05,953
S01011843,Milnathort and Crook of Devon - 01,1265
S01011844,Milnathort and Crook of Devon - 02,983
S01011845,Milnathort and Crook of Devon - 03,865
S01011846,Milnathort and Crook of Devon - 04,967
S01011847,"Muthill, Greenloaning and Gleneagles - 01",451
S01011848,"Muthill, Greenloaning and Gleneagles - 02",697
S01011849,"Muthill, Greenloaning and Gleneagles - 03",990
S01011850,"Muthill, Greenloaning and Gleneagles - 04",1381
S01011851,"Muthill, Greenloaning and Gleneagles - 05",803
S01011852,Auchterarder - 01,989
S01011853,Auchterarder - 02,837
S01011854,Auchterarder - 03,819
S01011855,Auchterarder - 04,778
S01011856,Auchterarder - 05,667
S01011857,"Comrie, Gilmerton and St Fillans - 01",708
S01011858,"Comrie, Gilmerton and St Fillans - 02",909
S01011859,"Comrie, Gilmerton and St Fillans - 03",827
S01011860,"Comrie, Gilmerton and St Fillans - 04",441
S01011861,"Comrie, Gilmerton and St Fillans - 05",688
S01011862,Crieff North - 01,902
S01011863,Crieff North - 02,755
S01011864,Crieff North - 03,773
S01011865,Crieff North - 04,582
S01011866,Crieff South - 01,781
S01011867,Crieff South - 02,1013
S01011868,Crieff South - 03,858
S01011869,Crieff South - 04,767
S01011870,Crieff South - 05,705
S01011871,Aberuthven and Almondbank - 01,2102
S01011872,Aberuthven and Almondbank - 02,906
S01011873,Aberuthven and Almondbank - 03,764
S01011874,Aberuthven and Almondbank - 04,633
S01011875,Aberuthven and Almondbank - 05,717
S01011876,"Glenfarg, Dunning and Rhynd - 01",962
S01011877,"Glenfarg, Dunning and Rhynd - 02",527
S01011878,"Glenfarg, Dunning and Rhynd - 03",2231
S01011879,"Glenfarg, Dunning and Rhynd - 04",560
S01011880,"Glenfarg, Dunning and Rhynd - 05",593
S01011881,Bridge of Earn and Abernethy - 01,881
S01011882,Bridge of Earn and Abernethy - 02,909
S01011883,Bridge of Earn and Abernethy - 03,1400
S01011884,Bridge of Earn and Abernethy - 04,456
S01011885,Bridge of Earn and Abernethy - 05,704
S01011886,Bridge of Earn and Abernethy - 06,810
S01011887,Moncrieffe and Friarton - 01,591
S01011888,Moncrieffe and Friarton - 02,832
S01011889,Moncrieffe and Friarton - 03,844
S01011890,Moncrieffe and Friarton - 04,641
S01011891,Moncrieffe and Friarton - 05,1077
S01011892,"Viewlands, Craigie and Wellshill - 01",863
S01011893,"Viewlands, Craigie and Wellshill - 02",1077
S01011894,"Viewlands, Craigie and Wellshill - 03",616
S01011895,"Viewlands, Craigie and Wellshill - 04",577
S01011896,"Viewlands, Craigie and Wellshill - 05",857
S01011897,"Viewlands, Craigie and Wellshill - 06",1041
S01011898,"Viewlands, Craigie and Wellshill - 07",705
S01011899,Burghmuir and Oakbank - 01,705
S01011900,Burghmuir and Oakbank - 02,717
S01011901,Burghmuir and Oakbank - 03,856
S01011902,Burghmuir and Oakbank - 04,1014
S01011903,Burghmuir and Oakbank - 05,838
S01011904,Western Edge - 01,766
S01011905,Western Edge - 02,678
S01011906,Western Edge - 03,384
S01011907,Western Edge - 04,661
S01011908,Western Edge - 05,785
S01011909,Western Edge - 06,1026
S01011910,Letham - 01,829
S01011911,Letham - 02,624
S01011912,Letham - 03,668
S01011913,Letham - 04,588
S01011914,Letham - 05,902
S01011915,Letham - 06,836
S01011916,Letham - 07,486
S01011917,Letham - 08,521
S01011918,"Hillyland, Tulloch and Inveralmond - 01",865
S01011919,"Hillyland, Tulloch and Inveralmond - 02",848
S01011920,"Hillyland, Tulloch and Inveralmond - 03",561
S01011921,"Hillyland, Tulloch and Inveralmond - 04",591
S01011922,"Hillyland, Tulloch and Inveralmond - 05",651
S01011923,"Hillyland, Tulloch and Inveralmond - 06",914
S01011924,"Hillyland, Tulloch and Inveralmond - 07",407
S01011925,"Hillyland, Tulloch and Inveralmond - 08",788
S01011926,North Muirton and Old Scone - 01,641
S01011927,North Muirton and Old Scone - 02,586
S01011928,North Muirton and Old Scone - 03,667
S01011929,North Muirton and Old Scone - 04,586
S01011930,North Muirton and Old Scone - 05,661
S01011931,Muirton - 01,1513
S01011932,Muirton - 02,558
S01011933,Muirton - 03,603
S01011934,Muirton - 04,795
S01011935,North Inch - 01,801
S01011936,North Inch - 02,746
S01011937,North Inch - 03,578
S01011938,Central and South Inch - 01,572
S01011939,Central and South Inch - 02,689
S01011940,Central and South Inch - 03,550
S01011941,Central and South Inch - 04,709
S01011942,Central and South Inch - 05,820
S01011943,Central and South Inch - 06,1177
S01011944,Gannochy and Walnut Grove - 01,487
S01011945,Gannochy and Walnut Grove - 02,739
S01011946,Gannochy and Walnut Grove - 03,729
S01011947,Gannochy and Walnut Grove - 04,489
S01011948,Gannochy and Walnut Grove - 05,1142
S01011949,Scone - 01,821
S01011950,Scone - 02,740
S01011951,Scone - 03,704
S01011952,Scone - 04,482
S01011953,Scone - 05,899
S01011954,Scone - 06,492
S01011955,Scone - 07,1056
S01011956,"Guildtown, Balbeggie and St Madoes - 01",941
S01011957,"Guildtown, Balbeggie and St Madoes - 02",735
S01011958,"Guildtown, Balbeggie and St Madoes - 03",1336
S01011959,"Guildtown, Balbeggie and St Madoes - 04",863
S01011960,Errol and Inchture - 01,974
S01011961,Errol and Inchture - 02,856
S01011962,Errol and Inchture - 03,701
S01011963,Errol and Inchture - 04,636
S01011964,Errol and Inchture - 05,1017
S01011965,"Invergowrie, Longforgan and Abernyte - 01",760
S01011966,"Invergowrie, Longforgan and Abernyte - 02",802
S01011967,"Invergowrie, Longforgan and Abernyte - 03",1234
S01011968,"Invergowrie, Longforgan and Abernyte - 04",975
S01011969,Coupar Angus and Meigle - 01,1019
S01011970,Coupar Angus and Meigle - 02,812
S01011971,Coupar Angus and Meigle - 03,644
S01011972,Coupar Angus and Meigle - 04,1029
S01011973,Coupar Angus and Meigle - 05,710
S01011974,Coupar Angus and Meigle - 06,864
S01011975,Alyth - 01,453
S01011976,Alyth - 02,732
S01011977,Alyth - 03,1148
S01011978,Alyth - 04,734
S01011979,"Blair Atholl, Strathardle and Glenshee - 01",1358
S01011980,"Blair Atholl, Strathardle and Glenshee - 02",744
S01011981,"Blair Atholl, Strathardle and Glenshee - 03",878
S01011982,"Blair Atholl, Strathardle and Glenshee - 04",974
S01011983,"Blair Atholl, Strathardle and Glenshee - 05",716
S01011984,Blairgowrie East (Rattray) - 01,704
S01011985,Blairgowrie East (Rattray) - 02,606
S01011986,Blairgowrie East (Rattray) - 03,574
S01011987,Blairgowrie East (Rattray) - 04,1031
S01011988,Blairgowrie West - 01,567
S01011989,Blairgowrie West - 02,761
S01011990,Blairgowrie West - 03,972
S01011991,Blairgowrie West - 04,674
S01011992,Blairgowrie West - 05,1015
S01011993,Blairgowrie West - 06,741
S01011994,Blairgowrie West - 07,816
S01011995,Stanley and Murthly - 01,1156
S01011996,Stanley and Murthly - 02,468
S01011997,Stanley and Murthly - 03,832
S01011998,Stanley and Murthly - 04,578
S01011999,Stanley and Murthly - 05,622
S01012000,Stanley and Murthly - 06,431
S01012001,Stanley and Murthly - 07,651
S01012002,Luncarty and Dunkeld - 01,499
S01012003,Luncarty and Dunkeld - 02,538
S01012004,Luncarty and Dunkeld - 03,909
S01012005,Luncarty and Dunkeld - 04,794
S01012006,Luncarty and Dunkeld - 05,1905
S01012007,Luncarty and Dunkeld - 06,783
S01012008,Luncarty and Dunkeld - 07,992
S01012009,Pitlochry - 01,623
S01012010,Pitlochry - 02,1210
S01012011,Pitlochry - 03,1020
S01012012,Pitlochry - 04,702
S01012013,Rannoch and Aberfeldy - 01,764
S01012014,Rannoch and Aberfeldy - 02,757
S01012015,Rannoch and Aberfeldy - 03,955
S01012016,Rannoch and Aberfeldy - 04,632
S01012017,Rannoch and Aberfeldy - 05,506
S01012018,Rannoch and Aberfeldy - 06,817
S01012019,Lochwinnoch - 01,1001
S01012020,Lochwinnoch - 02,618
S01012021,Lochwinnoch - 03,520
S01012022,Lochwinnoch - 04,650
S01012023,Renfrewshire Rural South and Howwood - 01,442
S01012024,Renfrewshire Rural South and Howwood - 02,836
S01012025,Renfrewshire Rural South and Howwood - 03,792
S01012026,Renfrewshire Rural South and Howwood - 04,1076
S01012027,Renfrewshire Rural South and Howwood - 05,930
S01012028,Renfrewshire Rural North and Langbank - 01,887
S01012029,Renfrewshire Rural North and Langbank - 02,2716
S01012030,Renfrewshire Rural North and Langbank - 03,6052
S01012031,Renfrewshire Rural North and Langbank - 04,822
S01012032,Renfrewshire Rural North and Langbank - 05,409
S01012033,Kilbarchan - 01,792
S01012034,Kilbarchan - 02,766
S01012035,Kilbarchan - 03,840
S01012036,Kilbarchan - 04,773
S01012037,Johnstone South West - 01,1167
S01012038,Johnstone South West - 02,863
S01012039,Johnstone South West - 03,1010
S01012040,Johnstone South West - 04,665
S01012041,Johnstone South West - 05,881
S01012042,Johnstone South West - 06,1201
S01012043,Johnstone North West - 01,868
S01012044,Johnstone North West - 02,896
S01012045,Johnstone North West - 03,1054
S01012046,Johnstone North West - 04,690
S01012047,Johnstone North East - 01,744
S01012048,Johnstone North East - 02,741
S01012049,Johnstone North East - 03,584
S01012050,Johnstone North East - 04,880
S01012051,Johnstone North East - 05,524
S01012052,Johnstone South East - 01,789
S01012053,Johnstone South East - 02,812
S01012054,Johnstone South East - 03,630
S01012055,Johnstone South East - 04,902
S01012056,Johnstone South East - 05,715
S01012057,Elderslie and Phoenix - 01,765
S01012058,Elderslie and Phoenix - 02,656
S01012059,Elderslie and Phoenix - 03,779
S01012060,Elderslie and Phoenix - 04,821
S01012061,Elderslie and Phoenix - 05,903
S01012062,Elderslie and Phoenix - 06,1440
S01012063,Paisley Ferguslie - 01,563
S01012064,Paisley Ferguslie - 02,638
S01012065,Paisley Ferguslie - 03,667
S01012066,Paisley Ferguslie - 04,946
S01012067,Paisley Ferguslie - 05,491
S01012068,Paisley Ferguslie - 06,465
S01012069,Paisley Ferguslie - 07,391
S01012070,Paisley North West - 01,662
S01012071,Paisley North West - 02,1293
S01012072,Paisley North West - 03,1134
S01012073,Paisley North West - 04,983
S01012074,Paisley West - 01,673
S01012075,Paisley West - 02,608
S01012076,Paisley West - 03,785
S01012077,Paisley West - 04,786
S01012078,Paisley West - 05,882
S01012079,Paisley West - 06,824
S01012080,Paisley West - 07,757
S01012081,Paisley Foxbar - 01,780
S01012082,Paisley Foxbar - 02,567
S01012083,Paisley Foxbar - 03,704
S01012084,Paisley Foxbar - 04,523
S01012085,Paisley Foxbar - 05,680
S01012086,Paisley Foxbar - 06,820
S01012087,Paisley Foxbar - 07,851
S01012088,Paisley South West - 01,661
S01012089,Paisley South West - 02,783
S01012090,Paisley South West - 03,811
S01012091,Paisley South West - 04,494
S01012092,Paisley South West - 05,457
S01012093,Paisley South West - 06,413
S01012094,Paisley South West - 07,801
S01012095,Paisley Glenburn West - 01,1020
S01012096,Paisley Glenburn West - 02,842
S01012097,Paisley Glenburn West - 03,725
S01012098,Paisley Glenburn West - 04,576
S01012099,Paisley Glenburn West - 05,766
S01012100,Paisley Glenburn East - 01,1336
S01012101,Paisley Glenburn East - 02,699
S01012102,Paisley Glenburn East - 03,662
S01012103,Paisley Glenburn East - 04,890
S01012104,Paisley South - 01,872
S01012105,Paisley South - 02,1069
S01012106,Paisley South - 03,1030
S01012107,Paisley South - 04,699
S01012108,Paisley South East - 01,745
S01012109,Paisley South East - 02,976
S01012110,Paisley South East - 03,843
S01012111,Paisley South East - 04,741
S01012112,Paisley South East - 05,731
S01012113,Paisley South East - 06,963
S01012114,Paisley South East - 07,786
S01012115,Paisley Dykebar - 01,546
S01012116,Paisley Dykebar - 02,643
S01012117,Paisley Dykebar - 03,1426
S01012118,Paisley Dykebar - 04,569
S01012119,Paisley Dykebar - 05,825
S01012120,Paisley East - 01,1174
S01012121,Paisley East - 02,1104
S01012122,Paisley East - 03,744
S01012123,Paisley East - 04,545
S01012124,Paisley East - 05,432
S01012125,Paisley East - 06,746
S01012126,Paisley Central - 01,715
S01012127,Paisley Central - 02,1597
S01012128,Paisley Central - 03,624
S01012129,Paisley Central - 04,678
S01012130,Paisley Central - 05,1091
S01012131,Paisley Central - 06,1316
S01012132,Paisley Central - 07,830
S01012133,Paisley Central - 08,621
S01012134,Paisley North East - 01,1041
S01012135,Paisley North East - 02,917
S01012136,Paisley North East - 03,758
S01012137,Paisley North East - 04,981
S01012138,Paisley North East - 05,868
S01012139,Paisley North East - 06,909
S01012140,Paisley North East - 07,551
S01012141,Paisley Ralston - 01,921
S01012142,Paisley Ralston - 02,874
S01012143,Paisley Ralston - 03,851
S01012144,Paisley Ralston - 04,1003
S01012145,Paisley Ralston - 05,985
S01012146,Paisley Gallowhill and Hillington - 01,904
S01012147,Paisley Gallowhill and Hillington - 02,736
S01012148,Paisley Gallowhill and Hillington - 03,622
S01012149,Paisley Gallowhill and Hillington - 04,839
S01012150,Paisley Gallowhill and Hillington - 05,885
S01012151,Paisley Gallowhill and Hillington - 06,550
S01012152,Paisley Gallowhill and Hillington - 07,640
S01012153,Paisley North - 01,947
S01012154,Paisley North - 02,689
S01012155,Paisley North - 03,635
S01012156,Paisley North - 04,1279
S01012157,Paisley North - 05,1072
S01012158,Paisley North - 06,1296
S01012159,Renfrew West - 01,492
S01012160,Renfrew West - 02,615
S01012161,Renfrew West - 03,420
S01012162,Renfrew West - 04,1119
S01012163,Renfrew West - 05,815
S01012164,Renfrew West - 06,1027
S01012165,Renfrew West - 07,893
S01012166,Renfrew West - 08,568
S01012167,Renfrew West - 09,699
S01012168,Renfrew South - 01,704
S01012169,Renfrew South - 02,787
S01012170,Renfrew South - 03,1040
S01012171,Renfrew South - 04,980
S01012172,Renfrew South - 05,608
S01012173,Renfrew South - 06,650
S01012174,Renfrew East - 01,860
S01012175,Renfrew East - 02,653
S01012176,Renfrew East - 03,719
S01012177,Renfrew East - 04,597
S01012178,Renfrew East - 05,522
S01012179,Renfrew East - 06,517
S01012180,Renfrew East - 07,637
S01012181,Renfrew East - 08,692
S01012182,Renfrew North - 01,2830
S01012183,Renfrew North - 02,1306
S01012184,Renfrew North - 03,1041
S01012185,Renfrew North - 04,919
S01012186,Renfrew North - 05,685
S01012187,Renfrew North - 06,613
S01012188,Erskine East and Inchinnan - 01,563
S01012189,Erskine East and Inchinnan - 02,577
S01012190,Erskine East and Inchinnan - 03,498
S01012191,Erskine East and Inchinnan - 04,690
S01012192,Erskine East and Inchinnan - 05,686
S01012193,Erskine East and Inchinnan - 06,460
S01012194,Erskine East and Inchinnan - 07,482
S01012195,Erskine East and Inchinnan - 08,1020
S01012196,Erskine East and Inchinnan - 09,492
S01012197,Erskine Central - 01,686
S01012198,Erskine Central - 02,835
S01012199,Erskine Central - 03,660
S01012200,Erskine Central - 04,582
S01012201,Erskine Central - 05,704
S01012202,Erskine Central - 06,554
S01012203,Erskine Central - 07,698
S01012204,Erskine West - 01,657
S01012205,Erskine West - 02,614
S01012206,Erskine West - 03,785
S01012207,Erskine West - 04,918
S01012208,Erskine West - 05,1035
S01012209,Erskine West - 06,758
S01012210,Erskine West - 07,753
S01012211,Bishopton - 01,897
S01012212,Bishopton - 02,684
S01012213,Bishopton - 03,720
S01012214,Bishopton - 04,705
S01012215,Bishopton - 05,747
S01012216,Bishopton - 06,703
S01012217,Linwood South - 01,537
S01012218,Linwood South - 02,515
S01012219,Linwood South - 03,840
S01012220,Linwood South - 04,584
S01012221,Linwood South - 05,605
S01012222,Linwood South - 06,868
S01012223,Linwood North - 01,661
S01012224,Linwood North - 02,866
S01012225,Linwood North - 03,964
S01012226,Linwood North - 04,670
S01012227,Linwood North - 05,621
S01012228,Linwood North - 06,648
S01012229,Houston South - 01,626
S01012230,Houston South - 02,897
S01012231,Houston South - 03,732
S01012232,Houston South - 04,780
S01012233,Houston North - 01,852
S01012234,Houston North - 02,1008
S01012235,Houston North - 03,520
S01012236,Houston North - 04,828
S01012237,Bridge of Weir - 01,788
S01012238,Bridge of Weir - 02,596
S01012239,Bridge of Weir - 03,512
S01012240,Bridge of Weir - 04,817
S01012241,Bridge of Weir - 05,529
S01012242,Bridge of Weir - 06,898
S01012243,Bridge of Weir - 07,692
S01012244,Carlops Romannobridge,855
S01012245,West Linton - Lower,722
S01012246,West Linton - Upper,1035
S01012247,Eddleston and Area,770
S01012248,Stobo - Blyth Bridge - Skirling,828
S01012249,Broughton and Upper Tweed,847
S01012250,Glentress and Manor Valley,1221
S01012251,Peebles - N - Connor St,1018
S01012252,Peebles North - Dalatho,664
S01012253,Peebles - N - Cuddyside,877
S01012254,Peebles - N - March St,858
S01012255,Peebles - N - Eastgate,853
S01012256,Peebles - S - Calvalry Park,627
S01012257,Peebles - S - Gallow Hill,924
S01012258,Peebles - S - Edderston Rd,737
S01012259,Peebles - S - Caledonian-Springhill,685
S01012260,Peebles - S - Victoria Park,947
S01012261,Cardrona,877
S01012262,Tweeddale East Landward,1229
S01012263,Walkerburn,698
S01012264,Innerleithen - North,448
S01012265,Innerleithen - East,801
S01012266,Innerleithen - South,1104
S01012267,Innerleithen - West,808
S01012268,Earlston and Melrose Landward,713
S01012269,Earlston - West,974
S01012270,Earlston - East,786
S01012271,Heriot - Fountainhall - Stow Landward,2161
S01012272,Stow,713
S01012273,Clovenfords and Area,880
S01012274,Galashiels - N - Halliburton,923
S01012275,Galashiels - N - Town Centre,798
S01012276,Galashiels - N - Windyknowe,1041
S01012277,Galashiels - N - Wood St,1080
S01012278,Galashiels - W - Old Town,751
S01012279,Galashiels - W - Thistle St,738
S01012280,Galashiels - W - Balmoral Rd,934
S01012281,Galashiels - W - Balmoral Pl,641
S01012282,Galashiels - S - Netherdale,1037
S01012283,Galashiels - S - St Peters Sch,885
S01012284,Galashiels - S - Huddersfield,780
S01012285,Galashiels - S - Glenfield,578
S01012286,Gala - Langlee - East,965
S01012287,Gala - Langlee - Central,708
S01012288,Gala - Langlee - West,744
S01012289,Gattonside - Darnick - Chiefswood,920
S01012290,Melrose - Newstead,576
S01012291,Melrose - Dingleton Hill,1157
S01012292,Melrose - High Street,750
S01012293,Tweedbank - West,458
S01012294,Tweedbank - North,849
S01012295,Tweedbank - East,745
S01012296,Lauder - South,974
S01012297,Blainslie and Legerwood,697
S01012298,Lauder - North,884
S01012299,Oxton and Area,666
S01012300,Greenlaw,614
S01012301,Swinton Leithholm and Fogo Area,868
S01012302,Cranshaws - Abbey St Bathans Area,608
S01012303,Westruther and Polwarth Area,997
S01012304,Gordon and Hume Area,1046
S01012305,Duns - South,933
S01012306,Duns - West,597
S01012307,Duns - North,580
S01012308,Duns - East,933
S01012309,Ayton,659
S01012310,St Abbs and Eyemouth Landward,1138
S01012311,Coldingham,517
S01012312,Reston and Coldingham Moor Area,1031
S01012313,Cockburnspath and Area,732
S01012314,Eyemouth - Gunsgreen,871
S01012315,Eyemouth - Seafront Harbour,694
S01012316,Eyemouth - Central,605
S01012317,Eyemouth - South,633
S01012318,Eyemouth - North,799
S01012319,Preston and Manderston Area,711
S01012320,Chirnside - West,613
S01012321,Chirnside - East,975
S01012322,Whitsome Allanton and Hutton Area,996
S01012323,Foulden and Area,926
S01012324,Birgham and Ladykirk Area,1029
S01012325,Coldstream - West,587
S01012326,Coldstream - South,555
S01012327,Coldstream - East,772
S01012328,Town Yetholm,578
S01012329,Morebattle Hownam and Area,850
S01012330,Kelso S - Pinnaclehill,565
S01012331,Kelso S - Maxwellheugh,653
S01012332,Smailholm Stitchill and Ednam Area,1029
S01012333,Sprouston and Area,1014
S01012334,Kelso N - High Croft Orchard Park,925
S01012335,Kelso N - Hendersyde Oakfield,895
S01012336,Kelso N - Abbotseat,614
S01012337,Kelso N - Poynder Park,724
S01012338,Kelso S - Bowmont and Edenside,747
S01012339,Kelso S - Abbey,629
S01012340,Kelso S - Broomlands,1162
S01012341,Oxnam and Camptown Area,921
S01012342,Ancrum and Lanton Area,943
S01012343,Roxburgh Heiton Eckford Area,922
S01012344,Newtown St Boswells - South,626
S01012345,Newtown St Boswells - North,907
S01012346,Dryburgh Charlesfield Maxton Area,824
S01012347,St Boswells - East,735
S01012348,St Boswells - West,634
S01012349,Jedburgh - Howden,837
S01012350,Jedburgh - Doom Hill,879
S01012351,Jedburgh - East Central,836
S01012352,Jedburgh - West Central,719
S01012353,Jedburgh - Abbey,752
S01012354,Newcastleton,778
S01012355,Teviothead and Hermitage Area,995
S01012356,Denholm,694
S01012357,Minto Cauldmill and Boonraw Area,928
S01012358,Bonchester Bridge and Chesters Area,815
S01012359,Hawick - Burnfoot - South East,786
S01012360,Hawick - Burnfoot - Central,705
S01012361,Hawick - Burnfoot - West,573
S01012362,Hawick - Burnfoot - North,722
S01012363,Hawick Central - Wellogate,1011
S01012364,Hawick Central - Trinity,600
S01012365,Hawick Central - Millers Knowes,913
S01012366,Hawick Central - Town Centre,812
S01012367,Hawick Central - Weensland,818
S01012368,Hawick West End - Wilton Dean,658
S01012369,Hawick West End - Crumhaughill and Parkdaill,805
S01012370,Hawick Central - Drumlanrig,863
S01012371,Hawick West End - Crumhaugh,964
S01012372,Hawick North - Commercial Road,641
S01012373,Hawick North - Wilton Hill,934
S01012374,Hawick North - Stirtches,878
S01012375,Hawick North - Silverbuthall,854
S01012376,Ashkirk Lilliesleaf and Midlem Area,959
S01012377,Bowden and Lindean Area,609
S01012378,Ettrick Water and Bowhill Area,585
S01012379,Yarrow Water and Sunderland Area,554
S01012380,Selkirk - Shawburn,849
S01012381,Selkirk - Town Centre,799
S01012382,Selkirk - Hillside Terrace,925
S01012383,Selkirk - Shawpark,794
S01012384,Selkirk - Dunsdale,538
S01012385,Selkirk - Heatherlie,643
S01012386,Selkirk - Bannerfield,940
S01012387,Shetland South - 01,874
S01012388,Shetland South - 02,769
S01012389,Shetland South - 03,967
S01012390,Shetland South - 04,830
S01012391,Lerwick South - 01,1199
S01012392,Lerwick South - 02,809
S01012393,Lerwick South - 03,738
S01012394,Lerwick South - 04,688
S01012395,Lerwick North - 01,468
S01012396,Lerwick North - 02,553
S01012397,Lerwick North - 03,802
S01012398,Lerwick North - 04,745
S01012399,Lerwick North - 05,727
S01012400,Lerwick North - 06,560
S01012401,Lerwick North - 07,722
S01012402,Central Shetland - 01,837
S01012403,Central Shetland - 02,1020
S01012404,Central Shetland - 03,787
S01012405,Central Shetland - 04,807
S01012406,East and West Mainland - 01,680
S01012407,East and West Mainland - 02,860
S01012408,East and West Mainland - 03,588
S01012409,East and West Mainland - 04,665
S01012410,North Mainland - 01,1002
S01012411,North Mainland - 02,992
S01012412,North Mainland - 03,642
S01012413,North and East Isles - 01,919
S01012414,North and East Isles - 02,717
S01012415,North and East Isles - 03,570
S01012416,North and East Isles - 04,483
S01012417,Carrick South - 01,572
S01012418,Carrick South - 02,802
S01012419,Carrick South - 03,783
S01012420,Carrick South - 04,770
S01012421,Carrick South - 05,682
S01012422,Carrick South - 06,892
S01012423,Carrick South - 07,771
S01012424,Girvan Glendoune - 01,902
S01012425,Girvan Glendoune - 02,567
S01012426,Girvan Glendoune - 03,517
S01012427,Girvan Glendoune - 04,571
S01012428,Girvan Glendoune - 05,632
S01012429,Girvan Ailsa - 01,552
S01012430,Girvan Ailsa - 02,523
S01012431,Girvan Ailsa - 03,863
S01012432,Girvan Ailsa - 04,674
S01012433,Girvan Ailsa - 05,472
S01012434,Maybole - 01,558
S01012435,Maybole - 02,641
S01012436,Maybole - 03,623
S01012437,Maybole - 04,576
S01012438,Maybole - 05,808
S01012439,Maybole - 06,710
S01012440,Maybole - 07,489
S01012441,Carrick North - 01,833
S01012442,Carrick North - 02,1788
S01012443,Carrick North - 03,748
S01012444,Carrick North - 04,956
S01012445,Carrick North - 05,525
S01012446,Coylton - 01,497
S01012447,Coylton - 02,828
S01012448,Coylton - 03,916
S01012449,Coylton - 04,575
S01012450,Coylton - 05,1054
S01012451,Alloway and Doonfoot - 01,988
S01012452,Alloway and Doonfoot - 02,615
S01012453,Alloway and Doonfoot - 03,760
S01012454,Alloway and Doonfoot - 04,670
S01012455,Alloway and Doonfoot - 05,631
S01012456,Alloway and Doonfoot - 06,793
S01012457,Alloway and Doonfoot - 07,789
S01012458,Alloway and Doonfoot - 08,792
S01012459,Castlehill and Kincaidston - 01,494
S01012460,Castlehill and Kincaidston - 02,532
S01012461,Castlehill and Kincaidston - 03,654
S01012462,Castlehill and Kincaidston - 04,715
S01012463,Castlehill and Kincaidston - 05,552
S01012464,Castlehill and Kincaidston - 06,569
S01012465,Castlehill and Kincaidston - 07,684
S01012466,Belmont - 01,725
S01012467,Belmont - 02,714
S01012468,Belmont - 03,755
S01012469,Belmont - 04,691
S01012470,Belmont - 05,960
S01012471,Belmont - 06,805
S01012472,Belmont - 07,681
S01012473,Holmston and Forehill - 01,515
S01012474,Holmston and Forehill - 02,683
S01012475,Holmston and Forehill - 03,613
S01012476,Holmston and Forehill - 04,946
S01012477,Holmston and Forehill - 05,628
S01012478,Holmston and Forehill - 06,949
S01012479,Holmston and Forehill - 07,634
S01012480,Ayr South Harbour and Town Centre - 01,457
S01012481,Ayr South Harbour and Town Centre - 02,950
S01012482,Ayr South Harbour and Town Centre - 03,792
S01012483,Ayr South Harbour and Town Centre - 04,764
S01012484,Ayr South Harbour and Town Centre - 05,786
S01012485,Ayr South Harbour and Town Centre - 06,895
S01012486,Ayr South Harbour and Town Centre - 07,543
S01012487,"Ayr North Harbour, Wallacetown and Newton South - 01",485
S01012488,"Ayr North Harbour, Wallacetown and Newton South - 02",921
S01012489,"Ayr North Harbour, Wallacetown and Newton South - 03",946
S01012490,"Ayr North Harbour, Wallacetown and Newton South - 04",981
S01012491,"Ayr North Harbour, Wallacetown and Newton South - 05",501
S01012492,"Ayr North Harbour, Wallacetown and Newton South - 06",677
S01012493,Craigie - 01,357
S01012494,Craigie - 02,957
S01012495,Craigie - 03,926
S01012496,Dalmilling - 01,722
S01012497,Dalmilling - 02,457
S01012498,Dalmilling - 03,858
S01012499,Dalmilling - 04,716
S01012500,"Lochside, Braehead and Whitletts - 01",565
S01012501,"Lochside, Braehead and Whitletts - 02",548
S01012502,"Lochside, Braehead and Whitletts - 03",681
S01012503,"Lochside, Braehead and Whitletts - 04",665
S01012504,"Lochside, Braehead and Whitletts - 05",705
S01012505,"Lochside, Braehead and Whitletts - 06",966
S01012506,Newton North - 01,564
S01012507,Newton North - 02,805
S01012508,Newton North - 03,844
S01012509,Newton North - 04,515
S01012510,Newton North - 05,969
S01012511,Newton North - 06,469
S01012512,Heathfield - 01,469
S01012513,Heathfield - 02,517
S01012514,Heathfield - 03,981
S01012515,Heathfield - 04,647
S01012516,Heathfield - 05,672
S01012517,Heathfield - 06,1091
S01012518,Prestwick West - 01,478
S01012519,Prestwick West - 02,499
S01012520,Prestwick West - 03,724
S01012521,Prestwick West - 04,454
S01012522,Prestwick West - 05,879
S01012523,Prestwick West - 06,789
S01012524,Prestwick East - 01,845
S01012525,Prestwick East - 02,664
S01012526,Prestwick East - 03,720
S01012527,Prestwick East - 04,643
S01012528,Prestwick East - 05,814
S01012529,Prestwick East - 06,572
S01012530,Prestwick East - 07,871
S01012531,Prestwick Airport and Monkton - 01,1057
S01012532,Prestwick Airport and Monkton - 02,1062
S01012533,Prestwick Airport and Monkton - 03,481
S01012534,Prestwick Airport and Monkton - 04,614
S01012535,"Annbank, Mossblown and Tarbolton - the Coalfields - 01",812
S01012536,"Annbank, Mossblown and Tarbolton - the Coalfields - 02",778
S01012537,"Annbank, Mossblown and Tarbolton - the Coalfields - 03",662
S01012538,"Annbank, Mossblown and Tarbolton - the Coalfields - 04",1185
S01012539,"Annbank, Mossblown and Tarbolton - the Coalfields - 05",586
S01012540,"Annbank, Mossblown and Tarbolton - the Coalfields - 06",694
S01012541,"Annbank, Mossblown and Tarbolton - the Coalfields - 07",1123
S01012542,"Dundonald, Loans and Symington - 01",1363
S01012543,"Dundonald, Loans and Symington - 02",679
S01012544,"Dundonald, Loans and Symington - 03",867
S01012545,"Dundonald, Loans and Symington - 04",444
S01012546,"Dundonald, Loans and Symington - 05",867
S01012547,"Dundonald, Loans and Symington - 06",638
S01012548,"Dundonald, Loans and Symington - 07",2046
S01012549,Muirhead - 01,501
S01012550,Muirhead - 02,800
S01012551,Muirhead - 03,757
S01012552,Muirhead - 04,851
S01012553,Muirhead - 05,896
S01012554,Muirhead - 06,434
S01012555,Muirhead - 07,456
S01012556,Muirhead - 08,492
S01012557,Barassie - 01,595
S01012558,Barassie - 02,552
S01012559,Barassie - 03,651
S01012560,Barassie - 04,534
S01012561,Barassie - 05,713
S01012562,Barassie - 06,661
S01012563,Troon - 01,744
S01012564,Troon - 02,621
S01012565,Troon - 03,709
S01012566,Troon - 04,739
S01012567,Troon - 05,878
S01012568,Troon - 06,539
S01012569,Troon - 07,956
S01012570,Clydesdale South - 01,446
S01012571,Clydesdale South - 02,742
S01012572,Clydesdale South - 03,457
S01012573,Clydesdale South - 04,885
S01012574,"Biggar, Symington, Thankerton and Dolphinton - 01",888
S01012575,"Biggar, Symington, Thankerton and Dolphinton - 02",681
S01012576,"Biggar, Symington, Thankerton and Dolphinton - 03",679
S01012577,"Biggar, Symington, Thankerton and Dolphinton - 04",1253
S01012578,"Biggar, Symington, Thankerton and Dolphinton - 05",863
S01012579,"Biggar, Symington, Thankerton and Dolphinton - 06",803
S01012580,"Biggar, Symington, Thankerton and Dolphinton - 07",867
S01012581,"Carstairs, Carstairs Junction and Carnwath - 01",640
S01012582,"Carstairs, Carstairs Junction and Carnwath - 02",1037
S01012583,"Carstairs, Carstairs Junction and Carnwath - 03",694
S01012584,"Carstairs, Carstairs Junction and Carnwath - 04",783
S01012585,"Carstairs, Carstairs Junction and Carnwath - 05",806
S01012586,"Carstairs, Carstairs Junction and Carnwath - 06",928
S01012587,"Forth, Braehead and Auchengray - 01",858
S01012588,"Forth, Braehead and Auchengray - 02",600
S01012589,"Forth, Braehead and Auchengray - 03",666
S01012590,"Forth, Braehead and Auchengray - 04",783
S01012591,"Forth, Braehead and Auchengray - 05",676
S01012592,Law - 01,752
S01012593,Law - 02,829
S01012594,Law - 03,449
S01012595,Law - 04,598
S01012596,Law - 05,687
S01012597,Law - 06,497
S01012598,Carluke West - 01,621
S01012599,Carluke West - 02,649
S01012600,Carluke West - 03,665
S01012601,Carluke West - 04,879
S01012602,Carluke North - 01,648
S01012603,Carluke North - 02,569
S01012604,Carluke North - 03,666
S01012605,Carluke North - 04,521
S01012606,Carluke East - 01,873
S01012607,Carluke East - 02,706
S01012608,Carluke East - 03,766
S01012609,Carluke East - 04,797
S01012610,Carluke East - 05,950
S01012611,Carluke South - 01,1146
S01012612,Carluke South - 02,672
S01012613,Carluke South - 03,606
S01012614,Carluke South - 04,970
S01012615,"Crossford, Braidwood and Yieldshields - 01",786
S01012616,"Crossford, Braidwood and Yieldshields - 02",1020
S01012617,"Crossford, Braidwood and Yieldshields - 03",948
S01012618,"Crossford, Braidwood and Yieldshields - 04",497
S01012619,Lanark North West - 01,532
S01012620,Lanark North West - 02,707
S01012621,Lanark North West - 03,573
S01012622,Lanark North West - 04,781
S01012623,Lanark North East - 01,602
S01012624,Lanark North East - 02,710
S01012625,Lanark North East - 03,528
S01012626,Lanark North East - 04,455
S01012627,Lanark South - 01,602
S01012628,Lanark South - 02,1300
S01012629,Lanark South - 03,498
S01012630,Lanark South - 04,847
S01012631,Lanark South - 05,673
S01012632,Hazelbank and Kirkfieldbank - 01,778
S01012633,Hazelbank and Kirkfieldbank - 02,637
S01012634,Hazelbank and Kirkfieldbank - 03,675
S01012635,Hazelbank and Kirkfieldbank - 04,1199
S01012636,Hazelbank and Kirkfieldbank - 05,812
S01012637,"Douglas, Coalburn and Rigside - 01",760
S01012638,"Douglas, Coalburn and Rigside - 02",846
S01012639,"Douglas, Coalburn and Rigside - 03",873
S01012640,"Douglas, Coalburn and Rigside - 04",810
S01012641,"Douglas, Coalburn and Rigside - 05",971
S01012642,Lesmahagow - 01,804
S01012643,Lesmahagow - 02,425
S01012644,Lesmahagow - 03,691
S01012645,Lesmahagow - 04,834
S01012646,Lesmahagow - 05,907
S01012647,Kirkmuirhill and Blackwood - 01,674
S01012648,Kirkmuirhill and Blackwood - 02,516
S01012649,Kirkmuirhill and Blackwood - 03,602
S01012650,Kirkmuirhill and Blackwood - 04,680
S01012651,Kirkmuirhill and Blackwood - 05,659
S01012652,Kirkmuirhill and Blackwood - 06,1006
S01012653,Ashgill and Netherburn - 01,984
S01012654,Ashgill and Netherburn - 02,1397
S01012655,Ashgill and Netherburn - 03,1074
S01012656,Merryton and Meadowhill - 01,739
S01012657,Merryton and Meadowhill - 02,505
S01012658,Merryton and Meadowhill - 03,849
S01012659,Merryton and Meadowhill - 04,969
S01012660,"Larkhall Central, Raploch, Millheugh and Burnhead - 01",723
S01012661,"Larkhall Central, Raploch, Millheugh and Burnhead - 02",804
S01012662,"Larkhall Central, Raploch, Millheugh and Burnhead - 03",789
S01012663,"Larkhall Central, Raploch, Millheugh and Burnhead - 04",624
S01012664,"Larkhall Central, Raploch, Millheugh and Burnhead - 05",901
S01012665,Hareleeshill - 01,794
S01012666,Hareleeshill - 02,579
S01012667,Hareleeshill - 03,586
S01012668,Hareleeshill - 04,750
S01012669,Hareleeshill - 05,589
S01012670,Hareleeshill - 06,652
S01012671,Strutherhill - 01,901
S01012672,Strutherhill - 02,771
S01012673,Strutherhill - 03,628
S01012674,Strutherhill - 04,614
S01012675,Strutherhill - 05,743
S01012676,Stonehouse - 01,792
S01012677,Stonehouse - 02,590
S01012678,Stonehouse - 03,832
S01012679,Stonehouse - 04,727
S01012680,Stonehouse - 05,539
S01012681,Stonehouse - 06,942
S01012682,Stonehouse - 07,675
S01012683,Stonehouse - 08,731
S01012684,Strathaven South - 01,525
S01012685,Strathaven South - 02,731
S01012686,Strathaven South - 03,973
S01012687,Strathaven South - 04,545
S01012688,Strathaven South - 05,779
S01012689,Strathaven South - 06,487
S01012690,Strathaven South - 07,471
S01012691,Strathaven North - 01,681
S01012692,Strathaven North - 02,762
S01012693,Strathaven North - 03,1160
S01012694,Strathaven North - 04,423
S01012695,"Chapelton, Glengavel and Sandford - 01",827
S01012696,"Chapelton, Glengavel and Sandford - 02",967
S01012697,"Chapelton, Glengavel and Sandford - 03",1183
S01012698,"Chapelton, Glengavel and Sandford - 04",917
S01012699,"Glassford, Quarter and Allanton - 01",1416
S01012700,"Glassford, Quarter and Allanton - 02",773
S01012701,"Glassford, Quarter and Allanton - 03",1379
S01012702,"Glassford, Quarter and Allanton - 04",1139
S01012703,Eddlewood - 01,551
S01012704,Eddlewood - 02,724
S01012705,Eddlewood - 03,732
S01012706,Eddlewood - 04,692
S01012707,Eddlewood - 05,747
S01012708,Low Waters - 01,633
S01012709,Low Waters - 02,597
S01012710,Low Waters - 03,663
S01012711,Low Waters - 04,926
S01012712,Silvertonhill - 01,783
S01012713,Silvertonhill - 02,737
S01012714,Silvertonhill - 03,628
S01012715,Silvertonhill - 04,636
S01012716,Hamilton Centre and Low Parks - 01,863
S01012717,Hamilton Centre and Low Parks - 02,1069
S01012718,Hamilton Centre and Low Parks - 03,897
S01012719,Hamilton Centre and Low Parks - 04,969
S01012720,Hamilton Centre and Low Parks - 05,427
S01012721,Laighstonehall - 01,599
S01012722,Laighstonehall - 02,692
S01012723,Laighstonehall - 03,649
S01012724,Laighstonehall - 04,730
S01012725,Laighstonehall - 05,878
S01012726,Fairhill - 01,634
S01012727,Fairhill - 02,657
S01012728,Fairhill - 03,803
S01012729,Woodhead and Meikle Earnock - 01,775
S01012730,Woodhead and Meikle Earnock - 02,538
S01012731,Woodhead and Meikle Earnock - 03,772
S01012732,Woodhead and Meikle Earnock - 04,617
S01012733,Little Earnock - 01,2624
S01012734,Little Earnock - 02,601
S01012735,Little Earnock - 03,444
S01012736,Little Earnock - 04,975
S01012737,Little Earnock - 05,752
S01012738,Little Earnock - 06,577
S01012739,Little Earnock - 07,904
S01012740,Little Earnock - 08,1018
S01012741,Earnock - 01,488
S01012742,Earnock - 02,625
S01012743,Earnock - 03,508
S01012744,Earnock - 04,590
S01012745,Earnock - 05,1114
S01012746,Earnock - 06,723
S01012747,Hillhouse - 01,808
S01012748,Hillhouse - 02,812
S01012749,Hillhouse - 03,837
S01012750,Hillhouse - 04,854
S01012751,Hillhouse - 05,799
S01012752,High Blantyre - 01,741
S01012753,High Blantyre - 02,463
S01012754,High Blantyre - 03,593
S01012755,High Blantyre - 04,419
S01012756,High Blantyre - 05,441
S01012757,High Blantyre - 06,393
S01012758,High Blantyre - 07,580
S01012759,Blantyre South and Wheatlands - 01,717
S01012760,Blantyre South and Wheatlands - 02,977
S01012761,Blantyre South and Wheatlands - 03,639
S01012762,Blantyre South and Wheatlands - 04,628
S01012763,Blantyre South and Wheatlands - 05,397
S01012764,Blantyre South and Wheatlands - 06,699
S01012765,Low Blantyre and Bardykes - 01,658
S01012766,Low Blantyre and Bardykes - 02,854
S01012767,Low Blantyre and Bardykes - 03,529
S01012768,Low Blantyre and Bardykes - 04,649
S01012769,Low Blantyre and Bardykes - 05,378
S01012770,Blantytre North and Coatshill - 01,850
S01012771,Blantytre North and Coatshill - 02,577
S01012772,Blantytre North and Coatshill - 03,641
S01012773,Blantytre North and Coatshill - 04,865
S01012774,Burnbank North - 01,817
S01012775,Burnbank North - 02,380
S01012776,Burnbank North - 03,635
S01012777,Burnbank North - 04,951
S01012778,Burnbank North - 05,642
S01012779,Burnbank North - 06,486
S01012780,Burnbank North - 07,669
S01012781,Burnbank Central and Udston - 01,785
S01012782,Burnbank Central and Udston - 02,495
S01012783,Burnbank Central and Udston - 03,656
S01012784,Burnbank Central and Udston - 04,665
S01012785,Burnbank Central and Udston - 05,683
S01012786,Burnbank Central and Udston - 06,614
S01012787,Burnbank Central and Udston - 07,487
S01012788,Burnbank South and Chantinghall - 01,640
S01012789,Burnbank South and Chantinghall - 02,702
S01012790,Burnbank South and Chantinghall - 03,628
S01012791,Burnbank South and Chantinghall - 04,734
S01012792,Burnbank South and Chantinghall - 05,983
S01012793,Whitehill - 01,612
S01012794,Whitehill - 02,654
S01012795,Whitehill - 03,967
S01012796,Whitehill - 04,772
S01012797,Whitehill - 05,678
S01012798,Bothwell South - 01,1049
S01012799,Bothwell South - 02,892
S01012800,Bothwell South - 03,829
S01012801,Bothwell South - 04,432
S01012802,Bothwell South - 05,547
S01012803,Bothwell North - 01,587
S01012804,Bothwell North - 02,681
S01012805,Bothwell North - 03,853
S01012806,Bothwell North - 04,820
S01012807,Uddingston and Gardenside - 01,633
S01012808,Uddingston and Gardenside - 02,2195
S01012809,Uddingston and Gardenside - 03,611
S01012810,Uddingston and Gardenside - 04,799
S01012811,Uddingston and Gardenside - 05,756
S01012812,Uddingston and Gardenside - 06,568
S01012813,Uddingston and Gardenside - 07,935
S01012814,"Halfway, Hallside and Drumsagard - 01",798
S01012815,"Halfway, Hallside and Drumsagard - 02",962
S01012816,"Halfway, Hallside and Drumsagard - 03",587
S01012817,"Halfway, Hallside and Drumsagard - 04",553
S01012818,"Halfway, Hallside and Drumsagard - 05",799
S01012819,"Halfway, Hallside and Drumsagard - 06",705
S01012820,"Halfway, Hallside and Drumsagard - 07",4745
S01012821,Westburn and Newton - 01,817
S01012822,Westburn and Newton - 02,416
S01012823,Westburn and Newton - 03,781
S01012824,Westburn and Newton - 04,677
S01012825,Westburn and Newton - 05,462
S01012826,Westburn and Newton - 06,548
S01012827,Westburn and Newton - 07,732
S01012828,Westburn and Newton - 08,933
S01012829,Westburn and Newton - 09,794
S01012830,Vicarland and Cairns - 01,722
S01012831,Vicarland and Cairns - 02,647
S01012832,Vicarland and Cairns - 03,649
S01012833,Vicarland and Cairns - 04,731
S01012834,Vicarland and Cairns - 05,737
S01012835,Vicarland and Cairns - 06,922
S01012836,Whitlawburn and Greenlees - 01,725
S01012837,Whitlawburn and Greenlees - 02,605
S01012838,Whitlawburn and Greenlees - 03,693
S01012839,Whitlawburn and Greenlees - 04,596
S01012840,Whitlawburn and Greenlees - 05,886
S01012841,Whitlawburn and Greenlees - 06,516
S01012842,Whitlawburn and Greenlees - 07,456
S01012843,Cambuslang Central - 01,901
S01012844,Cambuslang Central - 02,669
S01012845,Cambuslang Central - 03,775
S01012846,Cambuslang Central - 04,828
S01012847,Cambuslang Central - 05,550
S01012848,"Burgh, Eastfield and Silverbank - 01",719
S01012849,"Burgh, Eastfield and Silverbank - 02",663
S01012850,"Burgh, Eastfield and Silverbank - 03",715
S01012851,"Burgh, Eastfield and Silverbank - 04",793
S01012852,"Burgh, Eastfield and Silverbank - 05",725
S01012853,"Burgh, Eastfield and Silverbank - 06",761
S01012854,"Burgh, Eastfield and Silverbank - 07",709
S01012855,"Burgh, Eastfield and Silverbank - 08",578
S01012856,Farme Cross and Gallowflat North - 01,1400
S01012857,Farme Cross and Gallowflat North - 02,818
S01012858,Farme Cross and Gallowflat North - 03,677
S01012859,Farme Cross and Gallowflat North - 04,1013
S01012860,Shawfield and Clincarthill - 01,861
S01012861,Shawfield and Clincarthill - 02,666
S01012862,Shawfield and Clincarthill - 03,529
S01012863,Shawfield and Clincarthill - 04,714
S01012864,Shawfield and Clincarthill - 05,678
S01012865,Burnhill and Bankhead North - 01,762
S01012866,Burnhill and Bankhead North - 02,761
S01012867,Burnhill and Bankhead North - 03,691
S01012868,Burnhill and Bankhead North - 04,526
S01012869,Burnhill and Bankhead North - 05,565
S01012870,Bankhead South - 01,892
S01012871,Bankhead South - 02,785
S01012872,Bankhead South - 03,732
S01012873,Bankhead South - 04,677
S01012874,Spittal - 01,816
S01012875,Spittal - 02,533
S01012876,Spittal - 03,1061
S01012877,Spittal - 04,750
S01012878,High Crosshill - 01,1343
S01012879,High Crosshill - 02,719
S01012880,High Crosshill - 03,888
S01012881,High Crosshill - 04,873
S01012882,Burnside and Springhall - 01,511
S01012883,Burnside and Springhall - 02,479
S01012884,Burnside and Springhall - 03,473
S01012885,Burnside and Springhall - 04,600
S01012886,Burnside and Springhall - 05,811
S01012887,Burnside and Springhall - 06,715
S01012888,Burnside and Springhall - 07,802
S01012889,Fernhill and Cathkin - 01,1083
S01012890,Fernhill and Cathkin - 02,817
S01012891,Fernhill and Cathkin - 03,471
S01012892,Fernhill and Cathkin - 04,1255
S01012893,Fernhill and Cathkin - 05,721
S01012894,Nerston and EK Landward Area - 01,2507
S01012895,Nerston and EK Landward Area - 02,1566
S01012896,Nerston and EK Landward Area - 03,730
S01012897,Nerston and EK Landward Area - 04,1105
S01012898,Nerston and EK Landward Area - 05,541
S01012899,Nerston and EK Landward Area - 06,438
S01012900,Nerston and EK Landward Area - 07,3584
S01012901,Calderwood East - 01,698
S01012902,Calderwood East - 02,693
S01012903,Calderwood East - 03,778
S01012904,Calderwood East - 04,873
S01012905,Calderwood East - 05,619
S01012906,Calderwood Central - 01,785
S01012907,Calderwood Central - 02,894
S01012908,Calderwood Central - 03,684
S01012909,Calderwood Central - 04,484
S01012910,Calderwood Central - 05,845
S01012911,Calderwood West and Nerston - 01,739
S01012912,Calderwood West and Nerston - 02,627
S01012913,Calderwood West and Nerston - 03,782
S01012914,Calderwood West and Nerston - 04,833
S01012915,Calderwood West and Nerston - 05,1197
S01012916,St Leonards North - 01,639
S01012917,St Leonards North - 02,630
S01012918,St Leonards North - 03,489
S01012919,St Leonards North - 04,391
S01012920,St Leonards North - 05,558
S01012921,St Leonards North - 06,636
S01012922,St Leonards North - 07,1265
S01012923,St Leonards South - 01,674
S01012924,St Leonards South - 02,454
S01012925,St Leonards South - 03,477
S01012926,St Leonards South - 04,669
S01012927,St Leonards South - 05,738
S01012928,St Leonards South - 06,842
S01012929,St Leonards South - 07,702
S01012930,East Mains - 01,718
S01012931,East Mains - 02,1082
S01012932,East Mains - 03,484
S01012933,East Mains - 04,807
S01012934,West Mains - 01,830
S01012935,West Mains - 02,880
S01012936,West Mains - 03,706
S01012937,West Mains - 04,617
S01012938,Stewartfield East - 01,671
S01012939,Stewartfield East - 02,584
S01012940,Stewartfield East - 03,631
S01012941,Stewartfield East - 04,715
S01012942,Stewartfield West - 01,712
S01012943,Stewartfield West - 02,670
S01012944,Stewartfield West - 03,447
S01012945,Stewartfield West - 04,958
S01012946,Stewartfield West - 05,729
S01012947,Stewartfield West - 06,384
S01012948,"Thorntonhall, Jackton and Gardenhall - 01",599
S01012949,"Thorntonhall, Jackton and Gardenhall - 02",655
S01012950,"Thorntonhall, Jackton and Gardenhall - 03",822
S01012951,"Thorntonhall, Jackton and Gardenhall - 04",1135
S01012952,"Thorntonhall, Jackton and Gardenhall - 05",1196
S01012953,Hairmyres and Westwood West - 01,593
S01012954,Hairmyres and Westwood West - 02,441
S01012955,Hairmyres and Westwood West - 03,1076
S01012956,Hairmyres and Westwood West - 04,942
S01012957,Hairmyres and Westwood West - 05,534
S01012958,Mossneuk and Newlandsmuir - 01,631
S01012959,Mossneuk and Newlandsmuir - 02,492
S01012960,Mossneuk and Newlandsmuir - 03,537
S01012961,Mossneuk and Newlandsmuir - 04,535
S01012962,Mossneuk and Newlandsmuir - 05,569
S01012963,Crosshouse and Lindsayfield - 01,666
S01012964,Crosshouse and Lindsayfield - 02,685
S01012965,Crosshouse and Lindsayfield - 03,724
S01012966,Crosshouse and Lindsayfield - 04,1369
S01012967,Crosshouse and Lindsayfield - 05,462
S01012968,Crosshouse and Lindsayfield - 06,604
S01012969,Crosshouse and Lindsayfield - 07,769
S01012970,Whitehills West - 01,540
S01012971,Whitehills West - 02,834
S01012972,Whitehills West - 03,747
S01012973,Whitehills West - 04,795
S01012974,Whitehills West - 05,1218
S01012975,Greenhills - 01,548
S01012976,Greenhills - 02,590
S01012977,Greenhills - 03,679
S01012978,Greenhills - 04,656
S01012979,Greenhills - 05,647
S01012980,Westwood South - 01,606
S01012981,Westwood South - 02,676
S01012982,Westwood South - 03,732
S01012983,Westwood South - 04,731
S01012984,Westwood South - 05,578
S01012985,Westwood South - 06,711
S01012986,Westwood East - 01,884
S01012987,Westwood East - 02,659
S01012988,Westwood East - 03,841
S01012989,Westwood East - 04,962
S01012990,The Murray - 01,583
S01012991,The Murray - 02,812
S01012992,The Murray - 03,735
S01012993,The Murray - 04,673
S01012994,The Murray - 05,820
S01012995,"Birniehill, Kelvin and Whitehills East - 01",714
S01012996,"Birniehill, Kelvin and Whitehills East - 02",574
S01012997,"Birniehill, Kelvin and Whitehills East - 03",419
S01012998,"Birniehill, Kelvin and Whitehills East - 04",964
S01012999,"Birniehill, Kelvin and Whitehills East - 05",442
S01013000,"Birniehill, Kelvin and Whitehills East - 06",634
S01013001,Blane Valley - 01,314
S01013002,Blane Valley - 02,499
S01013003,Blane Valley - 03,575
S01013004,Blane Valley - 04,648
S01013005,Blane Valley - 05,932
S01013006,Blane Valley - 06,375
S01013007,Blane Valley - 07,1013
S01013008,Blane Valley - 08,913
S01013009,Balfron and Drymen - 01,583
S01013010,Balfron and Drymen - 02,672
S01013011,Balfron and Drymen - 03,676
S01013012,Balfron and Drymen - 04,589
S01013013,Balfron and Drymen - 05,998
S01013014,Balfron and Drymen - 06,821
S01013015,Kippen and Fintry - 01,772
S01013016,Kippen and Fintry - 02,590
S01013017,Kippen and Fintry - 03,849
S01013018,Kippen and Fintry - 04,913
S01013019,Cambusbarron - 01,878
S01013020,Cambusbarron - 02,485
S01013021,Cambusbarron - 03,475
S01013022,Cambusbarron - 04,494
S01013023,Cambusbarron - 05,796
S01013024,Cambusbarron - 06,537
S01013025,Plean and Rural SE - 01,1138
S01013026,Plean and Rural SE - 02,994
S01013027,Plean and Rural SE - 03,931
S01013028,Plean and Rural SE - 04,499
S01013029,Cowie - 01,621
S01013030,Cowie - 02,633
S01013031,Cowie - 03,629
S01013032,Cowie - 04,787
S01013033,Fallin - 01,749
S01013034,Fallin - 02,649
S01013035,Fallin - 03,667
S01013036,Fallin - 04,716
S01013037,Bannockburn - 01,687
S01013038,Bannockburn - 02,935
S01013039,Bannockburn - 03,480
S01013040,Bannockburn - 04,609
S01013041,Bannockburn - 05,526
S01013042,Hillpark - 01,800
S01013043,Hillpark - 02,688
S01013044,Hillpark - 03,696
S01013045,Hillpark - 04,692
S01013046,Hillpark - 05,469
S01013047,Broomridge - 01,872
S01013048,Broomridge - 02,664
S01013049,Broomridge - 03,791
S01013050,Broomridge - 04,724
S01013051,Broomridge - 05,850
S01013052,Broomridge - 06,788
S01013053,Broomridge - 07,629
S01013054,Borestone - 01,534
S01013055,Borestone - 02,630
S01013056,Borestone - 03,1197
S01013057,Borestone - 04,942
S01013058,Borestone - 05,695
S01013059,King's Park and Torbrex - 01,1072
S01013060,King's Park and Torbrex - 02,536
S01013061,King's Park and Torbrex - 03,891
S01013062,King's Park and Torbrex - 04,912
S01013063,King's Park and Torbrex - 05,806
S01013064,Braehead - 01,777
S01013065,Braehead - 02,783
S01013066,Braehead - 03,863
S01013067,City Centre - 01,932
S01013068,City Centre - 02,753
S01013069,City Centre - 03,754
S01013070,City Centre - 04,592
S01013071,City Centre - 05,1007
S01013072,Raploch - 01,664
S01013073,Raploch - 02,1437
S01013074,Raploch - 03,1071
S01013075,Raploch - 04,855
S01013076,Cornton - 01,733
S01013077,Cornton - 02,740
S01013078,Cornton - 03,626
S01013079,Cornton - 04,1182
S01013080,Causewayhead - 01,741
S01013081,Causewayhead - 02,1076
S01013082,Causewayhead - 03,804
S01013083,Bridge of Allan and University - 01,2026
S01013084,Bridge of Allan and University - 02,720
S01013085,Bridge of Allan and University - 03,579
S01013086,Bridge of Allan and University - 04,856
S01013087,Bridge of Allan and University - 05,821
S01013088,Bridge of Allan and University - 06,803
S01013089,Bridge of Allan and University - 07,768
S01013090,Forth - 01,736
S01013091,Forth - 02,797
S01013092,Forth - 03,815
S01013093,Forth - 04,471
S01013094,Dunblane East - 01,641
S01013095,Dunblane East - 02,715
S01013096,Dunblane East - 03,759
S01013097,Dunblane East - 04,1005
S01013098,Dunblane East - 05,684
S01013099,Dunblane East - 06,889
S01013100,Dunblane East - 07,659
S01013101,Dunblane West - 01,862
S01013102,Dunblane West - 02,586
S01013103,Dunblane West - 03,901
S01013104,Dunblane West - 04,854
S01013105,Dunblane West - 05,932
S01013106,Carse of Stirling - 01,754
S01013107,Carse of Stirling - 02,1345
S01013108,Carse of Stirling - 03,673
S01013109,Carse of Stirling - 04,1306
S01013110,Carse of Stirling - 05,610
S01013111,Carse of Stirling - 06,374
S01013112,Callander and Trossachs - 01,563
S01013113,Callander and Trossachs - 02,799
S01013114,Callander and Trossachs - 03,874
S01013115,Callander and Trossachs - 04,605
S01013116,Callander and Trossachs - 05,782
S01013117,Highland - 01,581
S01013118,Highland - 02,496
S01013119,Highland - 03,750
S01013120,Highland - 04,952
S01013121,Highland - 05,352
S01013122,Whitecrook - 01,175
S01013123,Whitecrook - 02,999
S01013124,Whitecrook - 03,600
S01013125,Whitecrook - 04,759
S01013126,Whitecrook - 05,676
S01013127,Whitecrook - 06,824
S01013128,Singer and Clydebank South - 01,706
S01013129,Singer and Clydebank South - 02,1134
S01013130,Singer and Clydebank South - 03,776
S01013131,Singer and Clydebank South - 04,605
S01013132,Singer and Clydebank South - 05,528
S01013133,Singer and Clydebank South - 06,1052
S01013134,Drumry - 01,732
S01013135,Drumry - 02,860
S01013136,Drumry - 03,837
S01013137,Drumry - 04,702
S01013138,Drumry - 05,1004
S01013139,Drumry - 06,698
S01013140,Drumry - 07,657
S01013141,Clydebank - 01,971
S01013142,Clydebank - 02,886
S01013143,Clydebank - 03,688
S01013144,Clydebank - 04,833
S01013145,Clydebank - 05,680
S01013146,Clydebank - 06,468
S01013147,Clydebank North - 01,808
S01013148,Clydebank North - 02,652
S01013149,Clydebank North - 03,753
S01013150,Clydebank North - 04,785
S01013151,Clydebank North - 05,449
S01013152,Clydebank East - 01,856
S01013153,Clydebank East - 02,870
S01013154,Clydebank East - 03,858
S01013155,Clydebank East - 04,845
S01013156,Clydebank East - 05,743
S01013157,Clydebank East - 06,1051
S01013158,Duntocher - 01,713
S01013159,Duntocher - 02,521
S01013160,Duntocher - 03,817
S01013161,Duntocher - 04,992
S01013162,Duntocher - 05,764
S01013163,Duntocher - 06,578
S01013164,Dalmuir - 01,927
S01013165,Dalmuir - 02,889
S01013166,Dalmuir - 03,756
S01013167,Dalmuir - 04,743
S01013168,Dalmuir - 05,882
S01013169,Dalmuir - 06,826
S01013170,Dalmuir - 07,378
S01013171,Kilpatrick - 01,542
S01013172,Kilpatrick - 02,666
S01013173,Kilpatrick - 03,685
S01013174,Kilpatrick - 04,682
S01013175,Kilpatrick - 05,839
S01013176,Kilpatrick - 06,586
S01013177,Kilpatrick - 07,546
S01013178,Bowling - 01,634
S01013179,Bowling - 02,737
S01013180,Bowling - 03,382
S01013181,Bowling - 04,663
S01013182,Bowling - 05,678
S01013183,Bowling - 06,791
S01013184,Dumbarton East - 01,355
S01013185,Dumbarton East - 02,650
S01013186,Dumbarton East - 03,639
S01013187,Dumbarton East - 04,697
S01013188,Dumbarton East - 05,1050
S01013189,Dumbarton East - 06,441
S01013190,Dumbarton East - 07,789
S01013191,Dumbarton - 01,1315
S01013192,Dumbarton - 02,788
S01013193,Dumbarton - 03,1161
S01013194,Dumbarton - 04,464
S01013195,Dumbarton - 05,1353
S01013196,Dumbarton - 06,560
S01013197,Dumbarton - 07,629
S01013198,Dumbarton - 08,1391
S01013199,Dalreoch - 01,916
S01013200,Dalreoch - 02,661
S01013201,Dalreoch - 03,806
S01013202,Dalreoch - 04,566
S01013203,Dalreoch - 05,663
S01013204,Dalreoch - 06,674
S01013205,Dalreoch - 07,660
S01013206,Dalreoch - 08,559
S01013207,Leven - 01,1028
S01013208,Leven - 02,858
S01013209,Leven - 03,763
S01013210,Leven - 04,636
S01013211,Leven - 05,742
S01013212,Leven - 06,508
S01013213,Leven - 07,492
S01013214,Bonhill - 01,374
S01013215,Bonhill - 02,1520
S01013216,Bonhill - 03,415
S01013217,Bonhill - 04,662
S01013218,Bonhill - 05,489
S01013219,Bonhill - 06,426
S01013220,Bonhill - 07,556
S01013221,Bonhill - 08,851
S01013222,Bonhill - 09,590
S01013223,Alexandria - 01,987
S01013224,Alexandria - 02,804
S01013225,Alexandria - 03,767
S01013226,Alexandria - 04,525
S01013227,Alexandria - 05,656
S01013228,Balloch - 01,638
S01013229,Balloch - 02,711
S01013230,Balloch - 03,575
S01013231,Balloch - 04,589
S01013232,Balloch - 05,700
S01013233,Balloch - 06,607
S01013234,Balloch - 07,367
S01013235,Balloch - 08,682
S01013236,Balloch - 09,827
S01013237,Lomond - 01,728
S01013238,Lomond - 02,945
S01013239,Lomond - 03,821
S01013240,Lomond - 04,496
S01013241,Lomond - 05,791
S01013242,Lomond - 06,620
S01013243,Fauldhouse - 01,600
S01013244,Fauldhouse - 02,664
S01013245,Fauldhouse - 03,933
S01013246,Fauldhouse - 04,568
S01013247,Fauldhouse - 05,722
S01013248,Fauldhouse - 06,610
S01013249,Fauldhouse - 07,416
S01013250,Breich Valley - 01,1309
S01013251,Breich Valley - 02,751
S01013252,Breich Valley - 03,447
S01013253,Breich Valley - 04,694
S01013254,Breich Valley - 05,583
S01013255,Breich Valley - 06,1356
S01013256,West Calder and Polbeth - 01,787
S01013257,West Calder and Polbeth - 02,731
S01013258,West Calder and Polbeth - 03,689
S01013259,West Calder and Polbeth - 04,774
S01013260,West Calder and Polbeth - 05,870
S01013261,West Calder and Polbeth - 06,787
S01013262,West Calder and Polbeth - 07,566
S01013263,"Bellsquarry, Adambrae and Kirkton - 01",461
S01013264,"Bellsquarry, Adambrae and Kirkton - 02",453
S01013265,"Bellsquarry, Adambrae and Kirkton - 03",614
S01013266,"Bellsquarry, Adambrae and Kirkton - 04",537
S01013267,"Bellsquarry, Adambrae and Kirkton - 05",534
S01013268,"Bellsquarry, Adambrae and Kirkton - 06",650
S01013269,"Bellsquarry, Adambrae and Kirkton - 07",1960
S01013270,Bankton and Murieston - 01,763
S01013271,Bankton and Murieston - 02,559
S01013272,Bankton and Murieston - 03,738
S01013273,Bankton and Murieston - 04,934
S01013274,Bankton and Murieston - 05,707
S01013275,Bankton and Murieston - 06,680
S01013276,Bankton and Murieston - 07,554
S01013277,Dedridge East - 01,895
S01013278,Dedridge East - 02,924
S01013279,Dedridge East - 03,620
S01013280,Dedridge East - 04,617
S01013281,Dedridge East - 05,790
S01013282,Dedridge East - 06,798
S01013283,Dedridge East - 07,908
S01013284,Mid Calder and Kirknewton - 01,600
S01013285,Mid Calder and Kirknewton - 02,554
S01013286,Mid Calder and Kirknewton - 03,581
S01013287,Mid Calder and Kirknewton - 04,671
S01013288,Mid Calder and Kirknewton - 05,645
S01013289,Mid Calder and Kirknewton - 06,1357
S01013290,Mid Calder and Kirknewton - 07,794
S01013291,Mid Calder and Kirknewton - 08,649
S01013292,East Calder - 01,1598
S01013293,East Calder - 02,600
S01013294,East Calder - 03,564
S01013295,East Calder - 04,624
S01013296,East Calder - 05,655
S01013297,East Calder - 06,641
S01013298,East Calder - 07,3038
S01013299,Pumpherston and Uphall Station - 01,1023
S01013300,Pumpherston and Uphall Station - 02,698
S01013301,Pumpherston and Uphall Station - 03,498
S01013302,Pumpherston and Uphall Station - 04,805
S01013303,Craigshill - 01,796
S01013304,Craigshill - 02,873
S01013305,Craigshill - 03,743
S01013306,Craigshill - 04,917
S01013307,Craigshill - 05,923
S01013308,Craigshill - 06,900
S01013309,Howden - 01,861
S01013310,Howden - 02,584
S01013311,Howden - 03,808
S01013312,Howden - 04,1091
S01013313,Howden - 05,642
S01013314,Howden - 06,679
S01013315,Livingston Village and Eliburn South - 01,758
S01013316,Livingston Village and Eliburn South - 02,592
S01013317,Livingston Village and Eliburn South - 03,742
S01013318,Livingston Village and Eliburn South - 04,580
S01013319,Livingston Village and Eliburn South - 05,546
S01013320,Livingston Village and Eliburn South - 06,929
S01013321,Livingston Village and Eliburn South - 07,398
S01013322,Livingston Village and Eliburn South - 08,772
S01013323,Ladywell - 01,863
S01013324,Ladywell - 02,604
S01013325,Ladywell - 03,1063
S01013326,Ladywell - 04,512
S01013327,Ladywell - 05,678
S01013328,Ladywell - 06,585
S01013329,Ladywell - 07,554
S01013330,Knightsridge - 01,980
S01013331,Knightsridge - 02,596
S01013332,Knightsridge - 03,703
S01013333,Knightsridge - 04,787
S01013334,Knightsridge - 05,727
S01013335,Knightsridge - 06,798
S01013336,Knightsridge - 07,823
S01013337,Knightsridge and Deans North - 01,836
S01013338,Knightsridge and Deans North - 02,540
S01013339,Knightsridge and Deans North - 03,512
S01013340,Knightsridge and Deans North - 04,721
S01013341,Knightsridge and Deans North - 05,985
S01013342,Deans - 01,659
S01013343,Deans - 02,613
S01013344,Deans - 03,836
S01013345,Deans - 04,773
S01013346,Carmondean and Eliburn North - 01,791
S01013347,Carmondean and Eliburn North - 02,708
S01013348,Carmondean and Eliburn North - 03,782
S01013349,Carmondean and Eliburn North - 04,747
S01013350,Carmondean and Eliburn North - 05,613
S01013351,Carmondean and Eliburn North - 06,629
S01013352,Carmondean and Eliburn North - 07,743
S01013353,Carmondean and Eliburn North - 08,740
S01013354,Seafield - 01,702
S01013355,Seafield - 02,595
S01013356,Seafield - 03,651
S01013357,Blackburn - 01,1060
S01013358,Blackburn - 02,800
S01013359,Blackburn - 03,624
S01013360,Blackburn - 04,696
S01013361,Blackburn - 05,503
S01013362,Blackburn - 06,437
S01013363,Blackburn - 07,723
S01013364,Blaeberry Hill and East Whitburn - 01,911
S01013365,Blaeberry Hill and East Whitburn - 02,918
S01013366,Blaeberry Hill and East Whitburn - 03,807
S01013367,Blaeberry Hill and East Whitburn - 04,428
S01013368,Blaeberry Hill and East Whitburn - 05,733
S01013369,Blaeberry Hill and East Whitburn - 06,844
S01013370,Blaeberry Hill and East Whitburn - 07,696
S01013371,Blaeberry Hill and East Whitburn - 08,622
S01013372,Whitburn Central - 01,1169
S01013373,Whitburn Central - 02,866
S01013374,Whitburn Central - 03,894
S01013375,Whitburn Central - 04,426
S01013376,Whitburn Central - 05,556
S01013377,Whitburn Central - 06,772
S01013378,"Whitburn, Croftmalloch and Greenrigg - 01",857
S01013379,"Whitburn, Croftmalloch and Greenrigg - 02",664
S01013380,"Whitburn, Croftmalloch and Greenrigg - 03",3367
S01013381,"Whitburn, Croftmalloch and Greenrigg - 04",407
S01013382,"Whitburn, Croftmalloch and Greenrigg - 05",535
S01013383,Armadale - 01,703
S01013384,Armadale - 02,839
S01013385,Armadale - 03,417
S01013386,Armadale - 04,705
S01013387,Armadale - 05,606
S01013388,Armadale - 06,736
S01013389,Armadale - 07,674
S01013390,Armadale - 08,412
S01013391,Armadale - 09,402
S01013392,Armadale South - 01,804
S01013393,Armadale South - 02,700
S01013394,Armadale South - 03,622
S01013395,Armadale South - 04,580
S01013396,Armadale South - 05,691
S01013397,Armadale South - 06,820
S01013398,Armadale South - 07,548
S01013399,Armadale South - 08,1117
S01013400,"Bathgate, Wester Inch and Inchcross - 01",825
S01013401,"Bathgate, Wester Inch and Inchcross - 02",3481
S01013402,"Bathgate, Wester Inch and Inchcross - 03",1218
S01013403,"Bathgate, Wester Inch and Inchcross - 04",909
S01013404,"Bathgate, Wester Inch and Inchcross - 05",542
S01013405,Bathgate and Boghall - 01,559
S01013406,Bathgate and Boghall - 02,633
S01013407,Bathgate and Boghall - 03,536
S01013408,Bathgate and Boghall - 04,610
S01013409,Bathgate and Boghall - 05,940
S01013410,Bathgate and Boghall - 06,604
S01013411,Bathgate East - 01,717
S01013412,Bathgate East - 02,702
S01013413,Bathgate East - 03,762
S01013414,Bathgate East - 04,751
S01013415,Bathgate East - 05,615
S01013416,Bathgate East - 06,560
S01013417,Bathgate East - 07,769
S01013418,Bathgate East - 08,597
S01013419,Bathgate East - 09,404
S01013420,Bathgate West - 01,493
S01013421,Bathgate West - 02,728
S01013422,Bathgate West - 03,705
S01013423,Bathgate West - 04,829
S01013424,Bathgate West - 05,443
S01013425,Bathgate West - 06,316
S01013426,Bathgate West - 07,692
S01013427,Bathgate West - 08,562
S01013428,Bathgate West - 09,794
S01013429,"Blackridge, Westfield and Torphichen - 01",712
S01013430,"Blackridge, Westfield and Torphichen - 02",813
S01013431,"Blackridge, Westfield and Torphichen - 03",674
S01013432,"Blackridge, Westfield and Torphichen - 04",783
S01013433,"Blackridge, Westfield and Torphichen - 05",741
S01013434,Linlithgow South - 01,583
S01013435,Linlithgow South - 02,565
S01013436,Linlithgow South - 03,806
S01013437,Linlithgow South - 04,628
S01013438,Linlithgow South - 05,591
S01013439,Linlithgow South - 06,842
S01013440,Linlithgow South - 07,938
S01013441,Linlithgow South - 08,744
S01013442,Linlithgow Bridge - 01,694
S01013443,Linlithgow Bridge - 02,621
S01013444,Linlithgow Bridge - 03,890
S01013445,Linlithgow Bridge - 04,629
S01013446,Linlithgow Bridge - 05,698
S01013447,Linlithgow Bridge - 06,553
S01013448,Linlithgow North - 01,724
S01013449,Linlithgow North - 02,583
S01013450,Linlithgow North - 03,533
S01013451,Linlithgow North - 04,760
S01013452,Linlithgow North - 05,812
S01013453,"Winchburgh, Bridgend and Philpstoun - 01",749
S01013454,"Winchburgh, Bridgend and Philpstoun - 02",780
S01013455,"Winchburgh, Bridgend and Philpstoun - 03",1977
S01013456,"Winchburgh, Bridgend and Philpstoun - 04",738
S01013457,"Winchburgh, Bridgend and Philpstoun - 05",871
S01013458,"Winchburgh, Bridgend and Philpstoun - 06",1294
S01013459,Broxburn Kirkhill - 01,790
S01013460,Broxburn Kirkhill - 02,833
S01013461,Broxburn Kirkhill - 03,1052
S01013462,Broxburn Kirkhill - 04,738
S01013463,Broxburn Kirkhill - 05,1032
S01013464,"Uphall, Dechmont and Ecclesmachan - 01",658
S01013465,"Uphall, Dechmont and Ecclesmachan - 02",596
S01013466,"Uphall, Dechmont and Ecclesmachan - 03",447
S01013467,"Uphall, Dechmont and Ecclesmachan - 04",917
S01013468,"Uphall, Dechmont and Ecclesmachan - 05",670
S01013469,"Uphall, Dechmont and Ecclesmachan - 06",707
S01013470,"Uphall, Dechmont and Ecclesmachan - 07",685
S01013471,"Uphall, Dechmont and Ecclesmachan - 08",861
S01013472,Broxburn South - 01,745
S01013473,Broxburn South - 02,652
S01013474,Broxburn South - 03,548
S01013475,Broxburn South - 04,585
S01013476,Broxburn South - 05,537
S01013477,Broxburn South - 06,542
S01013478,Broxburn East - 01,784
S01013479,Broxburn East - 02,675
S01013480,Broxburn East - 03,632
S01013481,Broxburn East - 04,1000