Intermediate Zone - Data Zone 2011,No qualifications,Lower school qualifications,Upper school qualifications,Apprenticeship qualifications,Further Education and sub-degree Higher Education qualifications incl. HNC/HNDs,Degree level qualifications or above
S01006506,84,136,80,65,102,355
S01006507,118,124,54,45,77,215
S01006508,37,88,42,28,62,192
S01006509,67,80,40,55,56,154
S01006510,74,110,55,56,54,170
S01006511,65,87,59,44,77,265
S01006512,54,72,56,37,55,232
S01006513,126,78,47,37,83,492
S01006514,49,90,82,34,80,479
S01006515,25,55,70,23,58,346
S01006516,63,74,64,17,30,276
S01006517,76,215,154,83,199,829
S01006518,24,48,38,23,48,335
S01006519,36,59,60,17,52,430
S01006520,15,38,49,10,49,339
S01006521,15,47,50,17,56,391
S01006522,17,31,39,8,42,385
S01006523,41,78,67,30,62,426
S01006524,147,114,73,37,56,448
S01006525,32,80,60,26,58,397
S01006526,130,120,74,60,82,244
S01006527,104,147,138,40,94,212
S01006528,132,189,112,40,126,308
S01006529,97,131,74,50,106,301
S01006530,119,125,54,38,73,167
S01006531,127,163,70,56,71,220
S01006532,65,73,53,38,69,268
S01006533,21,57,51,32,71,359
S01006534,32,77,80,24,87,439
S01006535,39,99,83,32,123,490
S01006536,40,68,77,34,110,369
S01006537,79,76,65,43,71,351
S01006538,18,54,59,22,72,237
S01006539,38,67,66,41,85,322
S01006540,46,82,67,43,91,400
S01006541,84,101,80,42,76,309
S01006542,63,104,91,61,106,465
S01006543,53,81,57,52,85,314
S01006544,98,99,74,37,92,533
S01006545,62,99,80,51,94,476
S01006546,35,57,41,25,49,277
S01006547,141,277,146,101,174,863
S01006548,41,70,64,28,72,307
S01006549,31,80,56,33,78,431
S01006550,54,74,84,33,85,424
S01006551,96,97,40,42,57,137
S01006552,58,135,82,58,85,375
S01006553,121,139,57,61,72,232
S01006554,102,124,52,62,72,264
S01006555,57,97,32,18,45,95
S01006556,145,166,51,56,78,122
S01006557,120,175,62,55,73,140
S01006558,24,50,41,25,47,328
S01006559,15,35,43,17,49,292
S01006560,60,75,68,19,68,502
S01006561,26,55,58,21,60,400
S01006562,58,109,70,27,67,416
S01006563,45,86,59,34,71,398
S01006564,99,118,78,30,94,314
S01006565,58,69,108,20,100,326
S01006566,34,65,78,30,82,402
S01006567,70,83,65,27,73,318
S01006568,28,72,82,26,108,488
S01006569,24,34,34,20,38,270
S01006570,32,48,68,21,62,365
S01006571,36,79,70,25,97,564
S01006572,23,75,68,27,61,471
S01006573,13,32,50,11,38,410
S01006574,29,88,62,22,71,520
S01006575,25,73,60,30,70,463
S01006576,21,43,50,21,74,324
S01006577,15,52,78,23,68,415
S01006578,38,97,79,36,117,513
S01006579,29,89,75,29,100,424
S01006580,24,46,64,35,64,357
S01006581,32,91,66,30,69,425
S01006582,35,79,87,29,137,432
S01006583,28,82,212,25,131,353
S01006584,26,61,53,18,61,339
S01006585,82,116,79,36,103,310
S01006586,117,139,151,48,144,511
S01006587,49,86,74,21,83,243
S01006588,34,82,65,22,98,265
S01006589,50,82,77,15,91,251
S01006590,39,109,82,22,103,311
S01006591,34,57,69,34,92,297
S01006592,11,45,58,23,74,329
S01006593,24,60,52,31,79,313
S01006594,45,77,43,33,62,199
S01006595,37,77,87,34,95,436
S01006596,36,77,58,27,64,379
S01006597,11,48,46,23,66,221
S01006598,34,77,66,32,87,391
S01006599,113,102,72,56,99,288
S01006600,132,133,128,46,124,415
S01006601,48,121,75,57,118,364
S01006602,58,80,51,30,78,376
S01006603,126,146,41,54,61,120
S01006604,105,159,46,53,74,105
S01006605,134,148,45,41,76,101
S01006606,115,144,63,79,73,192
S01006607,105,199,47,80,94,131
S01006608,132,337,172,173,269,798
S01006609,140,208,58,96,111,125
S01006610,79,133,43,43,41,57
S01006611,155,176,70,85,91,141
S01006612,126,148,57,59,79,173
S01006613,34,100,41,62,52,113
S01006614,23,93,61,59,80,176
S01006615,38,112,58,62,96,220
S01006616,50,130,61,67,89,157
S01006617,96,131,71,82,84,170
S01006618,53,72,45,55,55,110
S01006619,69,146,52,81,81,170
S01006620,115,178,58,84,76,143
S01006621,65,113,31,51,49,87
S01006622,43,107,59,67,69,169
S01006623,112,221,57,73,101,171
S01006624,102,181,88,64,127,252
S01006625,93,109,44,49,60,95
S01006626,124,122,36,38,45,61
S01006627,94,139,53,44,87,198
S01006628,75,143,60,45,128,241
S01006629,156,225,53,42,64,117
S01006630,142,175,42,40,62,96
S01006631,222,183,63,51,91,150
S01006632,134,143,40,35,74,104
S01006633,112,157,38,30,51,88
S01006634,94,143,29,21,53,71
S01006635,85,144,48,42,73,109
S01006636,171,185,28,32,67,108
S01006637,55,95,60,33,78,205
S01006638,79,106,105,21,112,264
S01006639,133,170,131,40,104,267
S01006640,37,94,113,21,111,428
S01006641,67,125,115,43,106,427
S01006642,63,142,418,47,191,472
S01006643,24,72,98,18,80,267
S01006644,48,93,155,31,166,484
S01006645,84,133,62,23,64,138
S01006646,54,77,323,14,185,385
S01006647,67,127,44,18,77,167
S01006648,67,160,281,39,198,475
S01006649,81,144,98,29,126,393
S01006650,45,86,96,28,66,273
S01006651,82,98,236,16,89,304
S01006652,32,95,289,43,134,345
S01006653,29,60,74,21,58,267
S01006654,105,142,73,44,102,204
S01006655,97,91,79,41,82,525
S01006656,61,120,81,29,94,372
S01006657,42,76,66,12,67,152
S01006658,105,214,157,37,157,516
S01006659,19,55,144,25,74,250
S01006660,31,75,56,22,53,149
S01006661,38,53,80,20,53,184
S01006662,49,112,125,15,56,227
S01006663,26,41,101,6,52,207
S01006664,25,42,55,13,40,215
S01006665,40,103,288,19,72,330
S01006666,176,192,81,57,152,297
S01006667,109,139,62,46,72,160
S01006668,51,91,187,19,95,345
S01006669,125,119,187,24,90,357
S01006670,74,155,512,45,156,381
S01006671,40,137,932,38,237,570
S01006672,88,112,78,20,72,228
S01006673,76,146,75,28,92,266
S01006674,174,154,52,45,70,165
S01006675,99,172,45,26,83,135
S01006676,93,126,34,31,57,143
S01006677,137,232,80,40,119,199
S01006678,220,300,96,78,165,315
S01006679,85,103,44,48,52,166
S01006680,138,192,52,43,89,173
S01006681,196,160,53,47,94,196
S01006682,115,184,56,33,88,165
S01006683,105,155,64,33,92,207
S01006684,118,138,46,27,79,154
S01006685,99,125,43,25,52,133
S01006686,83,96,44,33,44,107
S01006687,110,157,64,52,74,152
S01006688,182,149,44,82,71,227
S01006689,55,98,115,39,78,541
S01006690,56,108,46,31,55,179
S01006691,68,93,47,29,69,238
S01006692,72,98,62,36,67,247
S01006693,105,174,87,51,112,335
S01006694,234,231,37,62,72,111
S01006695,120,123,38,63,76,156
S01006696,115,182,46,58,61,146
S01006697,119,161,58,62,63,176
S01006698,143,137,35,38,66,127
S01006699,62,71,22,25,32,110
S01006700,119,117,60,57,66,202
S01006701,114,161,49,62,51,84
S01006702,124,164,41,64,79,118
S01006703,95,150,40,33,53,103
S01006704,92,155,36,27,46,67
S01006705,145,208,44,63,83,100
S01006706,78,135,48,51,52,115
S01006707,101,91,52,20,49,62
S01006708,154,185,60,77,64,112
S01006709,135,216,75,65,75,129
S01006710,225,160,59,80,79,114
S01006711,200,193,51,81,71,122
S01006712,102,116,32,62,52,60
S01006713,206,246,51,77,77,97
S01006714,158,138,46,47,45,106
S01006715,94,157,31,24,38,67
S01006716,125,117,28,44,59,68
S01006717,194,216,46,78,70,121
S01006718,128,150,38,36,51,82
S01006719,141,237,71,77,76,134
S01006720,106,147,34,56,48,80
S01006721,129,191,47,71,68,102
S01006722,131,163,40,54,57,94
S01006723,123,160,31,53,58,69
S01006724,134,227,51,36,57,80
S01006725,108,171,34,59,57,72
S01006726,99,117,42,30,83,92
S01006727,243,235,58,50,86,154
S01006728,115,183,37,48,69,111
S01006729,175,257,62,47,87,149
S01006730,86,154,43,49,66,103
S01006731,116,135,29,49,49,60
S01006732,80,230,126,100,193,562
S01006733,30,98,83,37,101,342
S01006734,81,91,65,57,92,367
S01006735,42,60,49,34,52,217
S01006736,25,105,103,60,116,392
S01006737,57,210,118,101,172,556
S01006738,88,287,103,109,198,491
S01006739,93,256,135,106,230,539
S01006740,110,139,49,70,79,113
S01006741,141,146,45,60,60,83
S01006742,103,107,36,42,29,61
S01006743,91,146,52,69,119,236
S01006744,74,112,45,44,69,108
S01006745,148,193,61,76,105,150
S01006746,134,188,65,71,72,151
S01006747,100,194,90,89,104,320
S01006748,153,297,113,140,189,403
S01006749,128,168,76,76,111,157
S01006750,130,146,51,61,67,97
S01006751,55,81,28,35,45,85
S01006752,147,122,46,52,64,115
S01006753,118,161,76,83,93,230
S01006754,96,156,80,74,97,220
S01006755,47,138,62,56,87,183
S01006756,46,109,69,34,59,266
S01006757,110,153,70,70,95,194
S01006758,56,99,63,74,85,161
S01006759,51,91,63,40,48,143
S01006760,57,82,47,45,49,122
S01006761,97,129,54,76,79,151
S01006762,177,236,105,131,178,479
S01006763,36,151,67,76,113,208
S01006764,58,107,82,63,94,200
S01006765,49,82,54,58,76,151
S01006766,32,87,54,49,71,179
S01006767,89,128,61,68,57,140
S01006768,37,74,42,46,66,193
S01006769,110,161,78,79,99,205
S01006770,55,107,67,70,64,142
S01006771,25,58,39,31,37,122
S01006772,73,139,69,104,85,187
S01006773,187,106,68,69,82,260
S01006774,61,93,71,41,45,139
S01006775,103,177,83,71,101,221
S01006776,120,107,27,47,42,90
S01006777,68,115,61,60,85,128
S01006778,91,105,57,57,69,125
S01006779,108,97,34,35,52,105
S01006780,59,83,40,48,42,122
S01006781,80,107,53,67,51,148
S01006782,84,124,54,61,97,258
S01006783,69,104,38,45,56,116
S01006784,51,79,46,62,53,187
S01006785,38,87,60,55,64,135
S01006786,67,106,88,73,76,223
S01006787,64,109,39,64,66,169
S01006788,138,287,154,140,231,715
S01006789,72,100,52,47,44,195
S01006790,133,133,82,79,79,233
S01006791,64,107,60,35,72,181
S01006792,39,66,36,32,49,146
S01006793,60,89,62,38,59,194
S01006794,77,95,36,49,43,176
S01006795,57,89,54,37,73,302
S01006796,52,114,76,62,73,373
S01006797,36,63,63,42,59,239
S01006798,53,80,62,49,45,232
S01006799,126,156,76,70,70,242
S01006800,46,84,75,41,86,380
S01006801,162,186,108,110,168,361
S01006802,90,143,69,54,75,195
S01006803,121,130,44,57,90,105
S01006804,90,135,57,58,77,179
S01006805,90,186,83,83,128,284
S01006806,99,165,94,93,148,301
S01006807,49,105,61,33,83,182
S01006808,37,93,58,52,97,222
S01006809,121,140,92,70,91,179
S01006810,97,131,69,78,83,285
S01006811,91,134,101,64,119,365
S01006812,85,157,66,66,83,240
S01006813,104,155,61,81,87,187
S01006814,55,114,79,73,84,216
S01006815,97,129,62,62,65,98
S01006816,94,89,69,55,47,171
S01006817,71,152,59,54,92,210
S01006818,59,128,74,57,88,237
S01006819,74,145,101,60,127,393
S01006820,38,88,68,51,94,218
S01006821,57,230,134,102,217,668
S01006822,64,111,99,62,117,423
S01006823,72,86,76,55,72,234
S01006824,120,202,43,73,93,129
S01006825,91,118,59,56,86,196
S01006826,109,139,65,60,94,257
S01006827,117,152,61,59,77,194
S01006828,101,138,89,71,75,246
S01006829,17,36,38,18,41,140
S01006830,122,114,72,55,70,176
S01006831,43,58,45,36,69,150
S01006832,80,94,95,72,97,341
S01006833,26,52,35,22,43,218
S01006834,24,62,46,26,56,143
S01006835,113,136,75,64,71,239
S01006836,26,63,52,20,72,190
S01006837,54,68,44,47,67,163
S01006838,53,95,45,49,59,198
S01006839,101,122,63,67,91,251
S01006840,53,135,105,80,160,311
S01006841,66,117,64,60,99,251
S01006842,75,121,85,78,75,153
S01006843,76,150,68,86,94,146
S01006844,90,111,57,70,64,135
S01006845,67,158,81,81,110,213
S01006846,57,104,44,63,48,95
S01006847,79,136,53,59,66,137
S01006848,128,207,118,111,206,556
S01006849,58,243,138,104,230,620
S01006850,77,181,91,68,102,178
S01006851,117,145,79,69,74,142
S01006852,57,86,34,51,52,163
S01006853,42,76,73,41,93,425
S01006854,106,136,61,66,76,286
S01006855,44,76,83,30,88,353
S01006856,48,93,53,50,73,270
S01006857,92,141,90,85,110,434
S01006858,44,92,55,38,56,250
S01006859,49,113,66,54,89,413
S01006860,63,85,29,38,40,107
S01006861,13,55,47,16,51,222
S01006862,88,81,52,67,85,209
S01006863,80,92,50,58,82,147
S01006864,39,105,40,48,76,202
S01006865,86,131,71,52,90,410
S01006866,25,42,56,23,50,224
S01006867,51,81,54,35,32,326
S01006868,119,122,64,77,61,223
S01006869,42,68,36,25,42,166
S01006870,36,66,32,29,48,172
S01006871,74,99,41,53,59,227
S01006872,39,115,80,56,81,540
S01006873,95,155,66,59,89,431
S01006874,36,72,44,40,51,213
S01006875,107,115,47,68,60,181
S01006876,96,157,107,75,85,295
S01006877,66,135,79,82,93,296
S01006878,98,111,56,73,59,190
S01006879,112,103,76,59,56,240
S01006880,30,91,53,48,78,268
S01006881,54,88,41,47,70,174
S01006882,65,67,37,38,18,55
S01006883,64,67,33,44,38,113
S01006884,139,146,99,80,78,238
S01006885,71,166,79,74,106,354
S01006886,74,120,93,63,111,379
S01006887,39,114,67,45,72,211
S01006888,61,111,84,67,107,294
S01006889,139,187,58,50,75,101
S01006890,57,109,46,49,63,174
S01006891,132,171,76,65,104,269
S01006892,80,144,41,50,56,104
S01006893,59,95,51,38,47,90
S01006894,148,156,66,100,86,218
S01006895,75,126,55,49,70,122
S01006896,107,140,69,69,82,181
S01006897,67,103,75,71,81,154
S01006898,88,153,62,83,82,169
S01006899,56,99,61,62,64,124
S01006900,54,85,43,63,60,100
S01006901,105,107,45,65,46,108
S01006902,78,124,67,58,71,109
S01006903,134,197,62,74,82,135
S01006904,105,131,46,52,73,151
S01006905,116,111,78,80,84,268
S01006906,171,160,61,81,63,109
S01006907,95,120,77,68,84,174
S01006908,129,146,88,62,78,169
S01006909,67,173,95,74,141,360
S01006910,63,132,75,67,120,356
S01006911,18,83,57,38,87,229
S01006912,60,103,73,82,101,293
S01006913,99,323,178,166,301,753
S01006914,49,82,47,56,67,262
S01006915,57,129,81,79,97,254
S01006916,30,69,39,48,54,135
S01006917,27,116,97,59,109,289
S01006918,30,72,43,48,54,132
S01006919,55,56,42,45,51,115
S01006920,61,76,50,35,54,97
S01006921,42,111,95,56,74,225
S01006922,45,122,67,53,66,207
S01006923,114,129,67,89,81,210
S01006924,33,62,43,45,62,206
S01006925,53,80,34,47,54,99
S01006926,29,111,69,62,82,211
S01006927,29,116,90,62,133,320
S01006928,81,160,127,79,133,307
S01006929,29,95,78,36,68,362
S01006930,61,89,66,63,102,319
S01006931,37,44,34,31,22,116
S01006932,26,147,113,41,149,414
S01006933,23,73,52,54,58,169
S01006934,113,147,86,73,107,399
S01006935,63,82,58,68,71,205
S01006936,51,75,53,47,86,172
S01006937,50,100,61,71,79,243
S01006938,67,65,35,52,42,107
S01006939,30,89,36,39,65,204
S01006940,64,120,86,73,96,282
S01006941,41,97,59,45,64,152
S01006942,57,142,81,66,111,290
S01006943,13,66,60,21,57,259
S01006944,39,145,87,61,122,371
S01006945,38,63,36,39,43,153
S01006946,42,106,62,52,82,189
S01006947,49,141,80,83,96,205
S01006948,119,115,73,76,105,261
S01006949,28,79,52,42,72,268
S01006950,34,105,62,38,96,243
S01006951,40,87,49,53,56,98
S01006952,101,138,84,97,77,263
S01006953,54,96,75,70,87,230
S01006954,80,142,80,85,116,236
S01006955,74,85,51,50,53,117
S01006956,46,164,87,72,130,294
S01006957,84,131,97,83,103,371
S01006958,139,167,122,138,177,414
S01006959,127,101,50,58,74,163
S01006960,27,136,92,70,114,250
S01006961,32,105,102,73,118,246
S01006962,112,132,56,114,89,222
S01006963,70,99,57,57,67,187
S01006964,64,127,51,89,79,169
S01006965,49,74,41,48,39,147
S01006966,56,125,52,58,62,101
S01006967,53,112,65,63,75,142
S01006968,64,78,38,43,41,71
S01006969,161,159,64,76,87,206
S01006970,37,113,61,60,76,191
S01006971,99,91,28,52,50,112
S01006972,47,103,69,48,78,236
S01006973,48,96,65,48,85,271
S01006974,59,154,67,56,126,348
S01006975,80,157,90,78,161,320
S01006976,49,80,34,30,55,132
S01006977,52,121,52,60,98,222
S01006978,68,163,80,65,107,314
S01006979,95,156,75,85,117,279
S01006980,57,110,77,77,119,297
S01006981,69,114,58,58,65,279
S01006982,78,139,90,88,112,216
S01006983,65,130,71,70,82,151
S01006984,47,116,66,61,132,317
S01006985,119,175,80,98,115,247
S01006986,58,108,69,54,87,224
S01006987,85,120,45,55,55,181
S01006988,29,75,49,30,65,126
S01006989,90,174,109,118,141,402
S01006990,25,105,67,46,92,285
S01006991,66,89,25,28,53,96
S01006992,43,86,52,53,66,205
S01006993,61,89,42,60,64,130
S01006994,56,97,42,55,70,155
S01006995,81,126,74,77,102,241
S01006996,116,168,93,104,97,166
S01006997,45,90,80,58,80,275
S01006998,117,207,106,107,138,388
S01006999,115,151,77,81,87,218
S01007000,129,152,74,78,79,235
S01007001,126,190,82,92,105,249
S01007002,98,143,49,63,53,147
S01007003,67,98,47,43,56,120
S01007004,53,157,71,55,79,218
S01007005,80,140,75,74,94,283
S01007006,135,162,58,63,84,212
S01007007,97,158,61,67,84,220
S01007008,204,187,88,89,96,164
S01007009,190,170,70,108,111,199
S01007010,137,125,91,62,71,191
S01007011,165,186,60,68,74,127
S01007012,157,152,45,46,59,62
S01007013,64,90,46,51,54,111
S01007014,89,187,84,93,137,251
S01007015,60,112,69,47,74,160
S01007016,55,109,46,69,67,143
S01007017,211,226,63,89,85,127
S01007018,139,198,75,70,77,162
S01007019,133,112,38,45,62,80
S01007020,128,144,47,55,70,137
S01007021,151,166,62,71,99,121
S01007022,96,108,33,37,43,66
S01007023,83,100,44,31,56,94
S01007024,132,161,69,93,115,270
S01007025,188,158,78,78,81,108
S01007026,193,157,87,73,75,191
S01007027,216,216,83,78,95,203
S01007028,141,195,107,88,136,275
S01007029,76,123,42,61,66,112
S01007030,150,177,67,72,73,129
S01007031,114,111,50,42,61,118
S01007032,189,177,96,79,99,203
S01007033,103,130,60,52,73,89
S01007034,85,102,51,43,50,106
S01007035,170,181,62,67,88,116
S01007036,165,150,67,79,80,227
S01007037,194,210,93,86,89,83
S01007038,104,133,53,70,63,104
S01007039,144,231,102,96,98,130
S01007040,115,132,58,47,46,88
S01007041,99,143,71,75,82,130
S01007042,115,156,51,80,74,136
S01007043,137,187,80,84,95,203
S01007044,113,112,59,43,76,151
S01007045,134,163,50,72,82,174
S01007046,91,114,39,47,69,104
S01007047,90,129,48,55,68,139
S01007048,141,165,55,74,80,168
S01007049,166,203,67,88,97,108
S01007050,110,131,56,63,56,132
S01007051,83,125,82,88,95,132
S01007052,105,158,81,109,132,209
S01007053,58,101,47,49,75,111
S01007054,171,192,82,94,126,144
S01007055,65,118,39,55,81,135
S01007056,102,95,60,57,94,168
S01007057,110,75,33,52,67,110
S01007058,111,106,49,59,57,63
S01007059,163,191,102,98,123,192
S01007060,80,105,41,38,61,44
S01007061,79,143,83,62,110,261
S01007062,48,110,55,58,76,219
S01007063,101,105,61,68,86,131
S01007064,73,137,82,86,144,239
S01007065,73,91,65,52,83,178
S01007066,95,176,75,73,100,183
S01007067,65,85,44,69,64,110
S01007068,100,117,44,44,100,139
S01007069,112,194,63,58,99,119
S01007070,91,97,34,33,52,88
S01007071,104,145,78,76,101,154
S01007072,97,117,63,66,80,115
S01007073,233,279,77,87,117,156
S01007074,109,124,50,51,62,69
S01007075,164,160,56,46,80,63
S01007076,118,170,50,68,61,75
S01007077,137,131,41,79,85,106
S01007078,172,135,53,57,83,113
S01007079,190,194,68,74,118,145
S01007080,178,154,57,75,80,99
S01007081,187,148,47,64,68,79
S01007082,105,120,46,36,51,83
S01007083,279,242,50,57,103,109
S01007084,138,123,44,59,58,103
S01007085,170,178,62,62,104,177
S01007086,215,231,84,74,136,160
S01007087,212,213,55,62,123,129
S01007088,142,132,26,24,55,60
S01007089,66,91,48,52,67,98
S01007090,68,88,43,57,54,76
S01007091,90,188,89,63,101,111
S01007092,152,118,34,64,51,49
S01007093,162,171,79,86,112,154
S01007094,161,172,61,73,105,144
S01007095,63,106,43,63,63,135
S01007096,88,128,76,89,133,202
S01007097,147,356,202,179,389,420
S01007098,93,162,118,112,160,222
S01007099,107,154,85,108,127,131
S01007100,89,134,61,70,84,162
S01007101,204,157,59,60,85,78
S01007102,124,146,41,74,81,129
S01007103,118,171,71,80,101,146
S01007104,91,96,50,58,90,113
S01007105,99,90,42,42,66,86
S01007106,98,112,47,74,87,111
S01007107,101,128,70,70,118,142
S01007108,135,221,98,109,206,268
S01007109,188,190,34,64,90,90
S01007110,106,176,64,70,91,109
S01007111,82,109,30,51,69,66
S01007112,100,84,32,56,63,102
S01007113,100,82,33,40,78,139
S01007114,137,185,69,80,109,114
S01007115,151,107,47,75,98,79
S01007116,97,172,77,84,135,148
S01007117,61,73,36,33,63,97
S01007118,129,134,52,46,72,71
S01007119,156,164,29,53,69,70
S01007120,232,246,69,67,118,95
S01007121,143,98,44,46,59,64
S01007122,92,100,47,52,76,117
S01007123,147,163,51,56,66,108
S01007124,145,163,73,98,114,107
S01007125,173,171,66,67,80,99
S01007126,229,198,38,36,90,98
S01007127,205,218,73,51,109,122
S01007128,213,143,55,58,81,80
S01007129,44,81,86,48,97,393
S01007130,79,70,48,49,67,172
S01007131,80,93,60,73,78,247
S01007132,54,90,66,79,76,192
S01007133,65,93,60,53,54,194
S01007134,73,110,43,74,69,186
S01007135,30,60,44,30,48,217
S01007136,35,53,54,32,77,233
S01007137,17,82,66,57,84,235
S01007138,51,94,43,61,58,199
S01007139,89,109,51,85,83,169
S01007140,98,139,95,88,117,394
S01007141,88,141,84,78,145,378
S01007142,83,83,105,48,132,357
S01007143,20,58,64,28,83,199
S01007144,177,170,65,101,93,228
S01007145,107,130,75,75,98,335
S01007146,59,110,57,56,91,219
S01007147,61,102,50,78,88,198
S01007148,38,69,40,38,70,159
S01007149,60,74,41,46,75,150
S01007150,106,105,63,57,83,277
S01007151,76,139,125,90,144,389
S01007152,57,77,39,45,65,176
S01007153,59,93,55,65,71,211
S01007154,128,125,64,57,74,222
S01007155,64,85,56,54,71,201
S01007156,76,120,52,74,101,154
S01007157,71,97,54,67,101,115
S01007158,83,132,95,93,135,194
S01007159,152,197,101,99,165,245
S01007160,119,129,86,77,121,159
S01007161,99,136,63,55,81,170
S01007162,60,75,50,53,55,143
S01007163,112,127,96,83,108,239
S01007164,48,91,46,59,83,171
S01007165,77,96,71,65,95,276
S01007166,81,98,61,52,64,197
S01007167,62,94,71,80,109,235
S01007168,76,135,93,89,117,270
S01007169,81,98,68,63,83,193
S01007170,93,77,65,54,72,227
S01007171,116,216,99,127,172,281
S01007172,141,177,82,77,119,285
S01007173,87,122,94,84,137,159
S01007174,113,165,81,99,142,188
S01007175,104,113,62,83,103,116
S01007176,78,106,62,77,99,106
S01007177,98,92,57,60,67,69
S01007178,162,136,58,56,97,111
S01007179,154,130,79,90,112,212
S01007180,104,118,65,66,105,214
S01007181,114,92,52,78,74,209
S01007182,131,137,88,91,134,251
S01007183,168,172,107,103,168,194
S01007184,159,205,105,75,143,172
S01007185,158,151,77,49,98,173
S01007186,130,112,48,37,67,82
S01007187,162,142,62,53,106,119
S01007188,99,119,53,38,86,115
S01007189,194,149,66,65,112,134
S01007190,205,132,60,79,102,125
S01007191,90,78,39,43,65,64
S01007192,138,203,91,74,159,233
S01007193,128,153,42,61,90,58
S01007194,98,109,39,37,57,53
S01007195,134,102,54,39,70,73
S01007196,117,190,95,52,117,128
S01007197,107,127,42,31,62,77
S01007198,86,99,32,23,69,71
S01007199,158,137,47,29,87,64
S01007200,173,162,77,64,107,110
S01007201,124,126,44,84,89,111
S01007202,156,136,44,67,95,86
S01007203,105,95,34,36,45,66
S01007204,100,114,80,50,129,306
S01007205,65,93,46,39,75,192
S01007206,59,50,29,32,40,83
S01007207,125,150,74,72,117,172
S01007208,163,214,82,59,172,173
S01007209,112,120,56,60,96,171
S01007210,136,130,39,44,83,100
S01007211,182,176,73,65,141,153
S01007212,70,65,37,50,50,73
S01007213,136,129,43,59,100,236
S01007214,163,149,54,47,96,78
S01007215,117,105,57,50,65,102
S01007216,119,138,63,70,102,198
S01007217,174,189,69,89,117,131
S01007218,95,125,74,79,113,197
S01007219,146,146,49,59,89,89
S01007220,133,166,67,65,87,92
S01007221,130,147,74,80,114,208
S01007222,94,136,48,72,81,114
S01007223,53,69,45,47,72,169
S01007224,80,81,49,51,75,157
S01007225,89,130,55,69,117,244
S01007226,113,107,69,53,83,231
S01007227,130,147,88,85,124,205
S01007228,66,71,44,35,71,200
S01007229,133,186,105,101,132,303
S01007230,124,176,52,40,95,78
S01007231,114,156,68,58,75,92
S01007232,147,177,51,42,87,102
S01007233,106,136,54,60,77,111
S01007234,91,106,37,54,69,104
S01007235,132,156,58,70,88,163
S01007236,96,113,46,55,77,118
S01007237,101,122,55,77,68,125
S01007238,150,159,63,99,92,129
S01007239,116,138,82,93,110,285
S01007240,83,100,56,58,75,157
S01007241,77,82,54,54,81,189
S01007242,121,139,86,80,134,259
S01007243,73,101,40,41,76,192
S01007244,74,95,59,82,98,221
S01007245,125,117,50,67,71,150
S01007246,120,150,80,90,83,218
S01007247,87,93,71,58,76,196
S01007248,77,95,62,71,95,220
S01007249,70,69,44,42,58,125
S01007250,107,146,48,79,96,146
S01007251,81,97,49,42,61,84
S01007252,104,126,56,62,102,136
S01007253,158,197,100,152,143,336
S01007254,158,110,54,61,79,103
S01007255,145,157,69,42,105,88
S01007256,167,156,64,74,126,92
S01007257,80,114,45,38,71,95
S01007258,119,130,66,33,92,165
S01007259,178,176,53,70,114,135
S01007260,161,175,55,61,93,92
S01007261,126,120,75,78,78,212
S01007262,137,139,60,58,73,106
S01007263,149,133,59,65,84,110
S01007264,147,124,48,68,69,146
S01007265,195,194,53,78,128,154
S01007266,104,111,52,49,77,151
S01007267,51,82,60,31,58,191
S01007268,65,79,63,42,63,204
S01007269,45,57,44,44,41,98
S01007270,73,84,45,41,74,141
S01007271,151,149,79,79,124,221
S01007272,148,168,74,57,97,136
S01007273,78,89,62,61,72,143
S01007274,137,125,77,64,90,186
S01007275,86,86,38,46,68,179
S01007276,107,157,84,81,100,220
S01007277,87,100,74,55,83,227
S01007278,55,74,42,52,58,159
S01007279,60,70,55,31,56,235
S01007280,60,91,62,29,55,169
S01007281,81,120,79,53,118,251
S01007282,53,94,49,34,78,146
S01007283,134,113,76,64,105,293
S01007284,95,138,74,52,95,271
S01007285,86,122,88,53,81,365
S01007286,113,153,111,61,87,333
S01007287,69,93,70,30,58,243
S01007288,68,87,70,31,69,215
S01007289,78,95,68,64,82,290
S01007290,112,206,95,64,100,163
S01007291,141,104,67,66,55,122
S01007292,89,115,62,68,66,152
S01007293,128,146,57,64,58,85
S01007294,125,165,69,83,81,176
S01007295,96,94,37,30,35,57
S01007296,96,95,73,50,49,154
S01007297,60,108,96,75,89,297
S01007298,77,82,51,45,44,131
S01007299,109,143,60,49,65,173
S01007300,87,102,49,32,47,58
S01007301,107,188,111,94,113,362
S01007302,120,121,52,58,48,100
S01007303,114,108,106,73,119,337
S01007304,85,82,66,51,96,260
S01007305,71,99,77,49,65,272
S01007306,78,122,80,67,88,240
S01007307,83,126,88,60,87,325
S01007308,96,146,73,51,100,260
S01007309,59,109,75,39,74,289
S01007310,78,127,66,41,68,364
S01007311,119,155,75,45,79,164
S01007312,84,122,68,45,77,257
S01007313,81,160,107,54,112,401
S01007314,67,88,65,41,64,223
S01007315,91,114,72,61,80,218
S01007316,167,155,59,61,76,194
S01007317,93,171,76,54,104,178
S01007318,68,96,49,54,55,120
S01007319,104,127,50,53,69,213
S01007320,50,106,84,28,81,327
S01007321,70,98,64,49,55,242
S01007322,120,130,77,48,57,161
S01007323,76,67,40,31,40,124
S01007324,37,52,37,28,30,140
S01007325,112,119,114,38,79,258
S01007326,144,195,116,59,102,225
S01007327,115,134,57,59,76,140
S01007328,143,153,74,62,42,111
S01007329,131,130,79,40,83,222
S01007330,136,135,88,46,69,218
S01007331,162,202,97,86,99,242
S01007332,89,85,56,40,45,134
S01007333,90,113,67,67,67,159
S01007334,178,97,58,39,33,50
S01007335,188,172,72,70,57,86
S01007336,110,109,48,45,35,104
S01007337,158,128,71,43,52,106
S01007338,134,150,71,77,56,66
S01007339,93,104,63,56,46,170
S01007340,79,95,47,39,47,121
S01007341,101,124,69,63,65,185
S01007342,100,80,63,55,75,303
S01007343,84,119,64,40,77,209
S01007344,75,68,35,34,42,102
S01007345,96,108,47,40,60,61
S01007346,151,112,34,43,44,81
S01007347,132,114,58,42,63,92
S01007348,124,117,55,51,45,73
S01007349,63,79,38,33,40,79
S01007350,117,83,22,40,45,139
S01007351,81,97,62,38,79,290
S01007352,62,76,62,26,48,231
S01007353,78,98,53,52,72,241
S01007354,78,86,66,62,98,272
S01007355,135,149,108,83,107,363
S01007356,83,94,53,36,74,249
S01007357,102,104,62,53,83,240
S01007358,107,157,64,64,107,221
S01007359,120,140,109,48,100,215
S01007360,51,73,57,44,55,186
S01007361,139,132,76,59,104,309
S01007362,105,132,81,48,106,175
S01007363,93,104,72,45,78,185
S01007364,156,174,65,43,72,113
S01007365,84,75,50,33,43,95
S01007366,126,75,39,27,42,101
S01007367,82,86,49,42,62,114
S01007368,79,81,69,36,69,74
S01007369,106,132,75,57,78,142
S01007370,104,108,52,41,96,155
S01007371,70,110,56,48,90,154
S01007372,162,113,73,67,79,263
S01007373,42,73,45,47,73,207
S01007374,43,63,56,41,49,136
S01007375,30,56,39,29,45,160
S01007376,151,133,71,57,93,133
S01007377,51,70,61,41,79,218
S01007378,45,131,91,77,98,248
S01007379,99,101,56,51,76,82
S01007380,62,102,53,40,59,110
S01007381,36,56,42,20,47,275
S01007382,42,92,68,29,78,224
S01007383,66,83,67,41,78,278
S01007384,46,106,75,36,113,275
S01007385,88,111,88,55,91,283
S01007386,34,69,62,28,66,391
S01007387,43,79,84,24,88,337
S01007388,27,64,60,18,72,254
S01007389,32,79,60,26,66,103
S01007390,33,86,58,19,67,97
S01007391,27,71,56,32,75,185
S01007392,44,34,44,21,55,205
S01007393,81,105,67,27,60,314
S01007394,67,74,58,29,74,266
S01007395,132,155,97,84,108,244
S01007396,105,106,77,39,104,168
S01007397,114,96,85,45,104,396
S01007398,128,112,57,44,76,84
S01007399,99,130,58,31,64,63
S01007400,94,98,67,42,70,208
S01007401,87,106,77,50,87,235
S01007402,56,91,57,32,94,169
S01007403,78,170,103,61,147,327
S01007404,58,57,48,44,57,188
S01007405,38,53,67,37,73,248
S01007406,45,71,63,28,63,304
S01007407,39,73,75,42,73,239
S01007408,74,78,56,45,55,139
S01007409,154,124,73,65,76,122
S01007410,154,157,36,49,60,44
S01007411,166,190,53,39,88,102
S01007412,93,84,40,38,41,71
S01007413,77,155,108,67,125,205
S01007414,42,86,73,42,88,215
S01007415,192,194,49,54,97,90
S01007416,105,117,37,23,63,45
S01007417,73,144,110,73,127,286
S01007418,141,127,61,54,79,71
S01007419,162,184,70,33,86,107
S01007420,253,313,119,122,209,289
S01007421,83,86,41,47,84,181
S01007422,84,93,45,46,59,166
S01007423,65,112,54,43,85,233
S01007424,86,124,75,59,98,214
S01007425,101,132,92,67,113,223
S01007426,108,155,61,79,100,188
S01007427,103,116,49,67,69,89
S01007428,165,158,73,74,87,182
S01007429,128,127,66,49,112,234
S01007430,55,58,30,36,31,120
S01007431,47,79,47,37,50,141
S01007432,180,167,86,63,96,162
S01007433,175,167,76,71,119,272
S01007434,92,95,22,30,59,60
S01007435,107,115,67,59,79,126
S01007436,156,117,54,45,50,111
S01007437,62,77,37,31,44,89
S01007438,124,114,44,66,71,116
S01007439,130,101,65,58,81,135
S01007440,119,114,49,61,80,102
S01007441,52,78,43,44,51,176
S01007442,46,64,37,45,54,149
S01007443,82,110,65,41,74,351
S01007444,71,114,83,38,77,500
S01007445,25,60,50,22,76,288
S01007446,23,36,39,10,42,232
S01007447,36,31,55,16,42,245
S01007448,118,173,92,90,121,251
S01007449,167,178,63,74,112,150
S01007450,134,137,54,46,75,105
S01007451,121,99,59,52,72,100
S01007452,154,217,111,69,162,288
S01007453,43,107,70,38,116,224
S01007454,93,120,46,33,56,66
S01007455,171,204,57,52,83,92
S01007456,178,164,68,46,84,89
S01007457,178,202,93,85,120,145
S01007458,58,69,58,49,66,106
S01007459,104,109,47,65,82,120
S01007460,220,155,60,75,84,107
S01007461,135,153,58,27,64,93
S01007462,117,132,63,74,92,145
S01007463,213,239,68,43,97,96
S01007464,173,165,44,29,72,61
S01007465,195,170,48,36,86,71
S01007466,241,228,71,64,110,132
S01007467,178,184,80,76,132,188
S01007468,100,109,58,66,78,94
S01007469,101,177,76,99,116,148
S01007470,130,138,32,50,83,110
S01007471,59,90,41,27,66,78
S01007472,123,104,40,50,70,71
S01007473,91,86,34,32,56,62
S01007474,57,85,47,45,75,129
S01007475,59,113,82,49,121,226
S01007476,81,114,60,56,126,184
S01007477,47,67,36,42,72,162
S01007478,124,102,82,70,111,303
S01007479,72,118,43,46,87,118
S01007480,84,134,70,69,96,132
S01007481,178,147,91,63,101,225
S01007482,153,82,37,21,38,53
S01007483,145,130,56,43,68,85
S01007484,99,102,39,43,51,75
S01007485,95,74,29,22,23,27
S01007486,133,172,58,23,54,33
S01007487,212,112,67,33,62,94
S01007488,190,171,108,57,99,170
S01007489,185,158,83,50,82,121
S01007490,233,185,84,60,80,112
S01007491,229,232,107,56,111,124
S01007492,141,118,39,48,55,61
S01007493,187,174,63,49,68,69
S01007494,117,81,46,42,45,111
S01007495,131,134,88,56,61,171
S01007496,156,144,71,49,78,219
S01007497,156,107,58,42,49,106
S01007498,194,129,76,51,73,100
S01007499,162,190,76,68,89,149
S01007500,132,101,62,44,47,100
S01007501,136,117,61,48,56,178
S01007502,72,79,47,32,41,99
S01007503,215,181,86,53,87,200
S01007504,106,118,66,34,61,158
S01007505,72,74,26,18,30,103
S01007506,78,86,47,36,59,175
S01007507,207,144,81,44,55,202
S01007508,137,109,57,37,74,173
S01007509,108,109,64,34,64,170
S01007510,193,183,85,65,73,233
S01007511,223,145,60,49,48,100
S01007512,73,94,34,37,46,130
S01007513,189,192,91,83,64,157
S01007514,97,89,67,32,60,106
S01007515,84,118,71,44,54,208
S01007516,126,126,55,43,48,55
S01007517,96,98,24,37,42,131
S01007518,185,158,72,54,72,84
S01007519,67,66,41,10,43,128
S01007520,193,182,103,62,107,213
S01007521,34,82,52,25,53,160
S01007522,166,180,76,56,80,328
S01007523,62,109,56,35,50,161
S01007524,130,172,74,51,73,269
S01007525,108,106,60,50,47,132
S01007526,111,128,50,48,72,177
S01007527,169,162,62,59,66,219
S01007528,120,128,54,35,63,150
S01007529,91,91,59,27,53,231
S01007530,56,103,58,27,61,166
S01007531,83,81,54,29,65,234
S01007532,63,86,53,34,53,155
S01007533,66,69,44,31,32,105
S01007534,189,183,85,78,74,173
S01007535,198,182,73,62,100,204
S01007536,154,172,99,77,94,165
S01007537,203,173,101,75,106,262
S01007538,132,144,97,59,69,243
S01007539,93,123,56,61,66,161
S01007540,201,176,79,71,92,154
S01007541,151,118,84,69,68,204
S01007542,180,152,83,72,99,140
S01007543,197,212,93,78,94,150
S01007544,112,140,77,60,92,445
S01007545,95,122,75,62,90,229
S01007546,59,87,57,44,43,140
S01007547,80,119,68,39,48,194
S01007548,86,110,67,55,82,157
S01007549,112,119,68,42,90,191
S01007550,153,152,78,40,74,294
S01007551,86,125,76,49,61,254
S01007552,206,227,74,53,88,99
S01007553,233,163,54,38,64,54
S01007554,134,90,36,19,45,31
S01007555,89,119,41,38,59,131
S01007556,136,97,28,38,35,64
S01007557,235,236,85,49,106,119
S01007558,54,83,43,30,54,104
S01007559,66,113,69,31,73,233
S01007560,180,151,99,64,95,215
S01007561,135,140,59,54,72,148
S01007562,113,126,64,54,78,229
S01007563,107,106,71,41,74,257
S01007564,85,99,63,54,72,235
S01007565,128,164,111,91,92,260
S01007566,104,111,54,46,65,131
S01007567,66,97,60,32,68,160
S01007568,80,103,75,37,80,191
S01007569,132,147,62,62,82,226
S01007570,134,175,92,72,116,215
S01007571,69,82,54,30,58,153
S01007572,197,202,101,87,86,240
S01007573,59,140,96,42,115,213
S01007574,234,212,47,61,101,82
S01007575,183,163,55,41,61,81
S01007576,128,160,30,22,39,43
S01007577,140,204,47,45,50,62
S01007578,175,169,52,41,68,67
S01007579,125,140,39,43,67,51
S01007580,182,191,42,38,62,67
S01007581,120,107,38,42,48,48
S01007582,163,166,50,32,64,67
S01007583,229,260,59,50,82,108
S01007584,103,142,51,43,48,98
S01007585,169,175,87,86,74,223
S01007586,159,142,72,53,69,118
S01007587,135,123,64,62,89,230
S01007588,87,90,73,53,87,321
S01007589,79,100,82,34,70,250
S01007590,69,82,62,45,65,216
S01007591,79,81,58,42,62,141
S01007592,119,123,62,46,67,126
S01007593,179,164,86,88,119,237
S01007594,129,142,83,70,74,197
S01007595,157,181,88,70,85,307
S01007596,81,75,41,34,34,126
S01007597,78,98,43,53,52,182
S01007598,95,90,52,52,64,172
S01007599,111,170,97,58,93,227
S01007600,165,137,77,53,104,325
S01007601,56,111,61,48,93,162
S01007602,91,87,67,47,64,144
S01007603,62,108,73,73,63,235
S01007604,109,145,83,68,86,225
S01007605,107,135,82,78,75,183
S01007606,82,100,56,62,63,158
S01007607,69,82,67,66,69,143
S01007608,90,127,74,80,90,209
S01007609,152,215,95,51,94,132
S01007610,127,93,49,29,50,102
S01007611,237,161,88,58,83,171
S01007612,244,222,118,65,171,283
S01007613,72,79,63,33,77,241
S01007614,72,123,80,52,91,331
S01007615,129,142,83,67,101,306
S01007616,140,126,67,42,80,121
S01007617,125,91,30,38,46,59
S01007618,106,108,45,42,41,57
S01007619,177,141,48,46,58,63
S01007620,107,102,47,46,62,119
S01007621,108,103,45,74,62,105
S01007622,105,82,58,45,68,83
S01007623,77,110,48,48,62,131
S01007624,91,101,59,60,69,110
S01007625,88,79,42,44,57,94
S01007626,61,103,53,56,77,151
S01007627,145,261,181,141,219,629
S01007628,91,94,67,80,58,152
S01007629,95,111,55,57,72,174
S01007630,118,149,84,97,98,218
S01007631,75,119,55,38,64,188
S01007632,169,175,77,84,77,193
S01007633,159,194,77,102,115,181
S01007634,83,124,66,48,79,174
S01007635,168,116,64,64,66,182
S01007636,221,181,99,90,78,197
S01007637,165,200,90,86,76,125
S01007638,161,161,67,61,89,150
S01007639,204,191,88,68,75,117
S01007640,141,122,70,39,59,154
S01007641,111,133,97,45,77,257
S01007642,134,123,93,66,66,281
S01007643,143,149,78,45,63,227
S01007644,126,137,63,52,70,235
S01007645,73,99,41,31,39,145
S01007646,63,113,67,39,48,152
S01007647,121,107,81,56,46,164
S01007648,117,145,75,67,53,171
S01007649,179,187,60,71,54,131
S01007650,171,167,61,71,69,218
S01007651,92,113,57,36,55,132
S01007652,159,107,53,37,36,105
S01007653,172,153,69,71,78,171
S01007654,268,207,86,101,104,187
S01007655,109,143,67,45,65,201
S01007656,118,152,79,58,66,173
S01007657,60,49,44,30,31,121
S01007658,76,77,37,41,43,134
S01007659,140,175,68,73,78,168
S01007660,199,197,55,51,72,69
S01007661,119,152,80,59,61,130
S01007662,187,182,77,91,77,149
S01007663,146,155,69,79,76,160
S01007664,136,118,44,46,48,50
S01007665,100,140,56,71,67,109
S01007666,63,63,31,49,51,92
S01007667,87,99,74,77,60,138
S01007668,267,209,80,78,82,95
S01007669,119,149,42,25,37,58
S01007670,143,139,34,39,52,96
S01007671,164,149,69,80,97,208
S01007672,123,137,75,81,84,255
S01007673,130,110,64,57,54,99
S01007674,194,174,52,59,51,83
S01007675,129,128,67,65,58,120
S01007676,110,141,54,45,51,130
S01007677,99,173,67,66,53,126
S01007678,186,148,63,62,42,76
S01007679,205,181,49,53,41,96
S01007680,159,200,63,81,48,120
S01007681,110,83,14,30,24,46
S01007682,68,99,73,43,86,386
S01007683,29,59,57,32,63,323
S01007684,32,69,66,44,71,414
S01007685,26,57,204,31,78,376
S01007686,35,64,68,28,70,328
S01007687,31,48,131,23,63,453
S01007688,51,70,220,21,108,461
S01007689,57,40,88,17,52,272
S01007690,73,84,289,23,95,423
S01007691,86,201,1516,47,377,1076
S01007692,40,72,188,17,96,376
S01007693,36,88,291,17,130,543
S01007694,87,122,280,18,131,370
S01007695,98,89,129,30,94,398
S01007696,71,84,155,23,74,306
S01007697,114,85,85,38,127,452
S01007698,114,114,128,25,145,408
S01007699,61,102,114,12,85,312
S01007700,57,104,71,54,84,458
S01007701,70,87,68,18,83,188
S01007702,24,77,371,31,140,321
S01007703,95,104,79,42,85,292
S01007704,134,147,146,21,120,247
S01007705,24,50,357,19,110,332
S01007706,18,87,318,12,124,356
S01007707,36,90,103,19,104,634
S01007708,98,123,67,17,71,213
S01007709,102,92,61,37,48,192
S01007710,99,105,134,14,104,305
S01007711,177,165,185,43,130,317
S01007712,76,81,91,24,94,276
S01007713,82,85,50,18,57,138
S01007714,111,106,46,51,86,189
S01007715,125,161,66,35,92,158
S01007716,194,181,117,47,113,219
S01007717,130,121,60,34,75,172
S01007718,160,125,60,45,90,152
S01007719,211,146,67,58,91,175
S01007720,149,164,67,51,82,119
S01007721,166,133,79,47,121,217
S01007722,207,206,86,55,118,258
S01007723,225,187,59,55,96,137
S01007724,80,121,44,24,96,133
S01007725,150,130,53,27,91,185
S01007726,132,177,78,26,115,202
S01007727,178,182,110,44,136,238
S01007728,144,143,108,25,141,273
S01007729,93,136,83,37,127,298
S01007730,46,75,57,12,98,264
S01007731,66,120,92,41,127,241
S01007732,66,93,67,28,80,219
S01007733,75,95,75,42,108,365
S01007734,74,110,71,72,108,295
S01007735,77,119,71,76,93,231
S01007736,84,81,33,35,64,163
S01007737,174,122,72,64,131,283
S01007738,121,143,54,61,87,198
S01007739,116,104,21,40,47,85
S01007740,59,82,54,37,64,148
S01007741,131,101,51,48,87,126
S01007742,124,125,53,57,91,153
S01007743,138,186,62,69,115,122
S01007744,172,161,46,34,65,83
S01007745,127,140,49,40,58,94
S01007746,156,173,52,72,77,96
S01007747,89,106,39,27,51,43
S01007748,134,140,36,44,68,73
S01007749,73,93,54,59,108,168
S01007750,59,118,76,58,93,310
S01007751,83,91,73,44,75,309
S01007752,102,100,57,45,66,275
S01007753,88,111,32,50,47,74
S01007754,206,154,67,44,98,109
S01007755,177,140,36,50,75,66
S01007756,103,124,47,46,61,57
S01007757,75,115,83,58,116,262
S01007758,81,116,69,68,99,351
S01007759,128,117,71,77,109,313
S01007760,35,67,59,35,53,266
S01007761,59,92,76,52,82,420
S01007762,89,121,64,52,109,271
S01007763,117,87,35,50,64,112
S01007764,39,97,67,43,91,255
S01007765,55,86,59,54,79,211
S01007766,52,119,71,48,110,303
S01007767,98,111,63,80,119,269
S01007768,62,95,58,33,58,288
S01007769,58,84,48,53,64,313
S01007770,43,68,68,36,88,303
S01007771,32,45,48,39,53,251
S01007772,131,149,81,78,124,221
S01007773,55,91,71,61,77,241
S01007774,41,95,103,44,86,342
S01007775,110,110,67,52,87,283
S01007776,43,64,78,36,76,262
S01007777,37,117,113,65,125,391
S01007778,32,61,58,39,60,290
S01007779,126,154,59,73,92,141
S01007780,77,130,66,79,121,197
S01007781,109,164,77,86,128,230
S01007782,102,112,49,43,82,99
S01007783,237,181,52,59,80,120
S01007784,93,148,50,52,73,117
S01007785,137,105,34,25,51,56
S01007786,176,142,43,53,77,67
S01007787,162,137,45,44,63,53
S01007788,149,131,56,27,75,62
S01007789,115,144,52,30,70,69
S01007790,134,203,66,27,71,66
S01007791,35,85,40,70,88,191
S01007792,176,179,71,72,88,95
S01007793,251,203,60,62,95,68
S01007794,128,121,32,55,40,81
S01007795,113,163,42,54,67,80
S01007796,131,131,56,50,69,110
S01007797,124,148,44,52,57,87
S01007798,59,98,58,46,88,150
S01007799,40,83,61,44,81,143
S01007800,245,185,72,50,80,109
S01007801,268,170,90,49,85,191
S01007802,48,94,41,45,77,101
S01007803,242,186,57,55,88,115
S01007804,121,134,49,25,71,60
S01007805,111,112,30,27,52,64
S01007806,133,156,45,45,82,83
S01007807,75,122,82,72,94,204
S01007808,158,173,68,49,85,130
S01007809,71,140,68,106,119,231
S01007810,197,178,58,65,88,149
S01007811,194,215,74,76,120,190
S01007812,224,200,72,35,86,91
S01007813,185,136,35,43,71,89
S01007814,100,97,42,55,64,93
S01007815,109,166,67,90,114,206
S01007816,83,119,35,77,76,107
S01007817,94,93,22,36,61,60
S01007818,74,143,63,64,76,154
S01007819,132,146,65,75,110,188
S01007820,180,181,84,69,117,131
S01007821,77,91,35,56,56,100
S01007822,157,121,56,81,78,165
S01007823,57,78,58,65,65,177
S01007824,107,124,82,77,105,224
S01007825,140,151,88,73,121,239
S01007826,183,129,43,45,64,133
S01007827,74,78,48,46,61,165
S01007828,216,148,80,63,103,242
S01007829,99,95,28,41,63,132
S01007830,200,134,57,52,97,193
S01007831,183,193,67,59,118,210
S01007832,117,110,40,37,68,106
S01007833,210,133,43,74,85,162
S01007834,87,113,65,35,91,209
S01007835,100,95,46,40,80,189
S01007836,88,87,42,39,57,181
S01007837,69,121,44,69,118,197
S01007838,71,148,96,102,111,308
S01007839,137,92,35,46,64,132
S01007840,158,147,69,55,79,156
S01007841,96,135,56,50,74,123
S01007842,119,146,59,31,85,117
S01007843,105,123,62,40,83,133
S01007844,123,181,52,50,93,140
S01007845,167,160,54,38,85,81
S01007846,128,155,55,63,102,97
S01007847,181,158,62,58,74,107
S01007848,164,173,43,41,86,108
S01007849,174,215,81,68,107,153
S01007850,173,163,33,54,67,89
S01007851,213,164,67,99,99,153
S01007852,116,139,51,40,56,101
S01007853,198,148,58,42,86,163
S01007854,179,197,52,50,115,163
S01007855,75,106,39,37,73,99
S01007856,150,186,73,89,107,176
S01007857,115,94,36,37,48,63
S01007858,261,232,76,84,93,132
S01007859,137,120,29,28,67,80
S01007860,101,116,56,41,99,126
S01007861,149,145,45,40,61,67
S01007862,159,163,42,48,52,101
S01007863,183,201,43,54,98,104
S01007864,176,194,66,74,107,129
S01007865,49,98,92,78,114,303
S01007866,45,91,40,47,66,157
S01007867,45,128,101,78,170,667
S01007868,83,110,65,85,93,265
S01007869,111,106,56,57,86,377
S01007870,73,69,28,30,25,70
S01007871,212,123,44,20,55,32
S01007872,193,171,37,22,63,55
S01007873,194,113,43,52,74,79
S01007874,184,142,55,69,65,73
S01007875,106,129,62,62,95,146
S01007876,157,161,96,53,106,134
S01007877,189,154,49,53,73,93
S01007878,153,75,20,42,38,54
S01007879,166,170,62,63,85,78
S01007880,85,60,46,39,51,151
S01007881,131,104,51,35,57,67
S01007882,90,110,81,37,95,206
S01007883,140,151,88,86,122,255
S01007884,141,115,46,61,71,67
S01007885,205,131,42,37,97,60
S01007886,165,150,72,69,96,158
S01007887,68,90,54,47,70,158
S01007888,264,210,66,68,88,82
S01007889,117,104,28,41,53,42
S01007890,145,137,53,53,83,91
S01007891,195,176,66,80,116,148
S01007892,114,101,71,63,71,156
S01007893,151,142,72,82,122,216
S01007894,151,151,80,84,108,143
S01007895,75,75,55,39,79,152
S01007896,162,141,69,44,71,82
S01007897,68,55,35,35,41,85
S01007898,86,81,55,20,50,95
S01007899,72,92,44,43,78,163
S01007900,148,108,30,27,51,48
S01007901,178,111,50,41,52,75
S01007902,228,144,56,52,76,69
S01007903,140,92,55,62,70,74
S01007904,102,106,64,71,98,224
S01007905,175,146,37,25,58,65
S01007906,218,123,45,32,57,53
S01007907,172,108,48,37,50,49
S01007908,223,133,67,96,106,120
S01007909,109,116,46,33,81,59
S01007910,161,182,77,60,132,72
S01007911,123,125,65,52,77,97
S01007912,140,109,58,72,80,123
S01007913,164,109,45,38,67,61
S01007914,142,124,35,35,50,56
S01007915,156,177,67,57,102,71
S01007916,202,138,60,54,71,84
S01007917,200,141,61,72,87,102
S01007918,169,147,71,52,94,145
S01007919,92,102,76,71,93,236
S01007920,84,111,73,70,85,166
S01007921,232,174,66,57,69,65
S01007922,219,142,57,51,90,77
S01007923,206,154,80,107,118,169
S01007924,283,191,69,62,142,138
S01007925,54,49,46,37,68,147
S01007926,63,52,55,26,57,125
S01007927,85,91,76,60,96,261
S01007928,135,115,110,61,95,332
S01007929,114,223,183,98,222,696
S01007930,61,66,45,23,54,153
S01007931,137,118,86,50,123,381
S01007932,79,94,56,57,109,309
S01007933,78,119,86,55,112,193
S01007934,91,84,75,47,83,139
S01007935,106,100,87,51,90,188
S01007936,67,102,85,52,121,352
S01007937,116,159,100,69,145,322
S01007938,116,120,55,66,106,128
S01007939,160,181,48,47,93,100
S01007940,195,191,99,93,139,181
S01007941,80,88,66,52,80,158
S01007942,54,81,47,27,62,126
S01007943,116,94,50,59,80,157
S01007944,135,144,69,65,92,133
S01007945,130,128,50,57,80,174
S01007946,103,106,43,36,86,114
S01007947,125,93,80,59,80,180
S01007948,151,117,44,37,56,84
S01007949,103,96,46,62,103,121
S01007950,103,113,77,84,131,241
S01007951,146,150,64,78,117,185
S01007952,115,88,69,61,81,125
S01007953,183,171,71,74,113,102
S01007954,147,136,53,51,77,53
S01007955,146,190,61,50,99,78
S01007956,125,149,67,47,88,84
S01007957,261,185,82,89,123,123
S01007958,120,101,31,43,60,67
S01007959,177,113,58,70,76,113
S01007960,134,141,53,52,82,75
S01007961,286,270,83,77,145,262
S01007962,99,113,61,49,76,65
S01007963,231,232,58,35,113,68
S01007964,187,125,59,62,98,88
S01007965,111,104,44,30,58,40
S01007966,244,188,86,50,108,88
S01007967,109,116,39,34,65,46
S01007968,190,164,74,62,117,79
S01007969,165,154,62,62,98,96
S01007970,220,206,69,64,150,111
S01007971,177,163,67,71,140,117
S01007972,174,141,50,77,124,105
S01007973,115,118,77,93,99,166
S01007974,177,142,44,45,76,76
S01007975,144,131,49,73,93,99
S01007976,162,116,51,60,96,103
S01007977,88,68,29,34,90,139
S01007978,98,106,52,44,99,152
S01007979,85,106,71,57,123,303
S01007980,97,87,63,54,68,163
S01007981,82,73,54,51,63,144
S01007982,84,73,39,50,55,102
S01007983,166,178,76,55,135,86
S01007984,120,116,66,44,108,134
S01007985,164,184,81,47,101,121
S01007986,101,115,46,43,88,70
S01007987,126,119,80,65,86,149
S01007988,145,134,71,46,73,84
S01007989,147,177,95,54,129,106
S01007990,95,145,68,41,110,105
S01007991,61,134,133,67,135,353
S01007992,47,78,63,25,78,177
S01007993,111,123,65,77,87,166
S01007994,48,91,105,39,115,276
S01007995,74,111,98,61,94,229
S01007996,35,35,30,27,32,113
S01007997,89,96,59,54,92,285
S01007998,45,64,46,27,73,166
S01007999,153,137,50,50,82,64
S01008000,235,202,57,40,96,88
S01008001,245,191,64,27,112,67
S01008002,147,166,55,38,88,70
S01008003,172,108,41,20,74,115
S01008004,68,89,64,36,101,147
S01008005,60,142,58,38,114,169
S01008006,177,116,31,36,53,40
S01008007,105,102,25,25,54,40
S01008008,125,122,46,34,88,91
S01008009,163,178,60,43,127,137
S01008010,151,192,71,49,140,192
S01008011,185,94,35,19,72,82
S01008012,138,131,84,51,127,162
S01008013,153,111,53,48,77,153
S01008014,91,74,56,40,57,112
S01008015,157,167,82,52,122,213
S01008016,154,129,66,71,114,135
S01008017,104,96,97,69,112,301
S01008018,88,83,55,58,74,174
S01008019,76,50,45,23,71,239
S01008020,81,88,63,55,117,235
S01008021,71,87,56,57,80,200
S01008022,91,98,89,49,103,252
S01008023,35,71,72,47,84,199
S01008024,42,105,82,46,152,394
S01008025,107,118,42,87,63,92
S01008026,217,158,85,94,111,146
S01008027,95,100,46,54,75,60
S01008028,86,96,47,54,64,114
S01008029,181,269,184,136,304,682
S01008030,155,135,71,69,113,322
S01008031,145,151,48,41,95,143
S01008032,146,127,91,72,101,161
S01008033,34,41,67,23,56,379
S01008034,29,53,85,25,57,282
S01008035,60,53,65,37,64,215
S01008036,43,57,65,36,63,238
S01008037,154,158,83,65,96,241
S01008038,119,125,72,69,109,174
S01008039,106,122,99,62,95,232
S01008040,61,86,82,41,73,367
S01008041,64,86,51,38,65,290
S01008042,22,45,55,22,61,312
S01008043,34,63,79,36,73,517
S01008044,68,75,77,41,59,454
S01008045,95,96,92,39,77,565
S01008046,167,137,69,57,88,268
S01008047,48,57,57,19,49,312
S01008048,33,53,43,25,54,270
S01008049,62,53,87,27,77,377
S01008050,45,62,57,24,51,264
S01008051,33,48,73,45,55,409
S01008052,68,98,110,43,102,791
S01008053,36,52,50,20,44,281
S01008054,88,77,92,18,45,413
S01008055,29,62,74,29,58,604
S01008056,45,61,71,28,59,400
S01008057,44,57,101,21,68,454
S01008058,42,76,83,28,59,410
S01008059,57,58,86,43,81,227
S01008060,33,71,87,34,75,288
S01008061,137,132,130,47,123,438
S01008062,66,98,102,58,104,261
S01008063,59,85,98,38,75,388
S01008064,79,109,59,35,89,185
S01008065,33,70,103,20,74,482
S01008066,21,40,46,12,44,523
S01008067,32,43,59,22,54,391
S01008068,74,86,100,59,103,403
S01008069,75,120,82,55,112,282
S01008070,98,122,86,87,107,223
S01008071,43,68,70,50,64,285
S01008072,45,59,64,19,66,381
S01008073,25,34,43,15,36,209
S01008074,61,107,78,52,73,519
S01008075,35,33,52,19,52,315
S01008076,67,52,64,27,52,305
S01008077,41,61,64,27,57,454
S01008078,57,68,85,25,68,431
S01008079,52,58,71,26,59,423
S01008080,35,48,68,28,54,334
S01008081,35,41,71,17,49,292
S01008082,46,66,68,35,70,347
S01008083,43,57,51,24,69,361
S01008084,83,117,106,36,93,326
S01008085,71,86,97,56,104,324
S01008086,96,141,105,70,117,357
S01008087,80,82,72,43,77,311
S01008088,85,114,76,59,98,297
S01008089,72,83,77,40,77,253
S01008090,59,80,70,39,82,252
S01008091,33,38,30,25,32,139
S01008092,74,86,94,55,76,348
S01008093,60,85,80,43,78,258
S01008094,260,278,127,104,116,378
S01008095,103,111,68,58,80,187
S01008096,90,83,83,59,72,283
S01008097,78,81,45,35,68,214
S01008098,77,84,55,45,86,246
S01008099,62,62,57,36,55,140
S01008100,116,101,66,40,79,346
S01008101,120,83,95,62,82,255
S01008102,103,113,50,42,69,180
S01008103,168,116,75,47,94,199
S01008104,155,159,91,62,99,165
S01008105,194,159,91,73,106,170
S01008106,195,177,57,53,105,142
S01008107,119,166,140,69,160,453
S01008108,72,96,70,55,96,241
S01008109,89,118,87,78,84,240
S01008110,85,113,79,66,78,237
S01008111,97,92,76,59,82,262
S01008112,92,95,79,86,65,248
S01008113,102,112,83,73,92,316
S01008114,57,87,67,56,62,186
S01008115,117,136,74,61,99,236
S01008116,64,100,93,54,90,303
S01008117,74,70,78,40,80,304
S01008118,83,104,88,57,90,302
S01008119,118,112,44,45,65,105
S01008120,53,71,55,30,49,256
S01008121,35,41,60,16,54,357
S01008122,35,64,63,26,71,316
S01008123,32,59,81,37,71,483
S01008124,61,81,81,60,70,349
S01008125,54,64,79,33,89,349
S01008126,38,59,91,37,86,297
S01008127,26,62,67,27,78,354
S01008128,61,101,92,63,98,272
S01008129,107,139,74,48,93,222
S01008130,151,134,80,72,116,221
S01008131,148,138,72,53,83,152
S01008132,76,147,122,59,122,416
S01008133,91,87,40,45,56,206
S01008134,91,69,54,37,71,201
S01008135,200,188,149,78,164,478
S01008136,143,127,92,56,96,172
S01008137,192,177,68,52,90,97
S01008138,160,181,77,50,95,110
S01008139,218,211,97,87,154,174
S01008140,93,75,56,37,69,67
S01008141,105,101,80,59,83,194
S01008142,63,112,74,65,87,213
S01008143,135,156,90,76,111,219
S01008144,125,277,221,133,304,1346
S01008145,181,169,67,55,114,179
S01008146,105,95,47,33,48,124
S01008147,136,127,57,62,85,139
S01008148,102,121,72,58,86,157
S01008149,112,128,49,67,84,132
S01008150,157,139,68,84,106,144
S01008151,109,111,63,39,78,123
S01008152,171,164,82,71,105,163
S01008153,45,85,72,53,100,219
S01008154,100,139,67,55,112,300
S01008155,78,78,67,38,73,184
S01008156,104,125,65,59,83,180
S01008157,75,119,103,56,106,268
S01008158,48,96,56,53,82,213
S01008159,178,144,69,57,111,166
S01008160,214,155,81,66,99,220
S01008161,97,144,138,72,111,323
S01008162,142,130,87,73,119,294
S01008163,161,179,71,48,82,131
S01008164,126,196,427,85,222,380
S01008165,133,312,203,146,242,722
S01008166,115,92,55,67,56,66
S01008167,159,167,48,61,67,74
S01008168,171,175,61,76,64,145
S01008169,156,152,79,71,96,147
S01008170,40,94,70,54,61,167
S01008171,116,145,84,47,65,210
S01008172,84,119,58,53,59,104
S01008173,67,111,63,64,62,159
S01008174,67,79,39,48,52,118
S01008175,106,125,67,50,93,166
S01008176,94,102,78,36,75,321
S01008177,122,115,60,67,90,180
S01008178,85,94,57,59,63,144
S01008179,22,71,58,33,42,138
S01008180,31,64,47,49,51,125
S01008181,72,99,67,49,65,204
S01008182,121,151,75,55,100,321
S01008183,65,83,66,30,70,221
S01008184,119,108,72,45,80,266
S01008185,119,135,101,51,121,310
S01008186,76,133,60,31,70,250
S01008187,119,103,56,40,64,168
S01008188,161,155,73,54,85,229
S01008189,56,71,45,37,52,101
S01008190,151,187,73,62,81,128
S01008191,90,161,85,50,88,217
S01008192,162,257,94,48,89,234
S01008193,119,147,70,48,70,254
S01008194,81,132,61,43,52,175
S01008195,111,170,44,65,80,124
S01008196,115,227,83,72,88,139
S01008197,71,223,130,86,182,380
S01008198,127,153,54,74,75,127
S01008199,169,159,58,53,67,83
S01008200,165,133,44,67,48,54
S01008201,173,192,66,55,70,98
S01008202,92,113,37,62,43,104
S01008203,114,136,44,48,57,106
S01008204,196,170,74,79,90,171
S01008205,152,149,62,67,64,83
S01008206,153,132,63,68,58,86
S01008207,110,149,46,47,41,84
S01008208,69,188,67,57,80,208
S01008209,37,97,42,39,51,89
S01008210,136,177,98,89,90,168
S01008211,142,160,93,69,102,214
S01008212,46,85,60,51,71,149
S01008213,112,154,116,78,108,196
S01008214,146,158,70,52,81,112
S01008215,111,139,77,67,60,120
S01008216,42,81,64,44,58,110
S01008217,45,74,64,44,45,198
S01008218,124,410,244,195,251,690
S01008219,193,185,91,86,84,225
S01008220,131,144,44,39,69,74
S01008221,131,185,75,56,61,138
S01008222,149,156,57,49,70,63
S01008223,124,104,56,56,55,73
S01008224,113,171,104,125,84,134
S01008225,108,128,55,70,67,123
S01008226,187,194,55,75,66,78
S01008227,146,195,78,92,79,107
S01008228,69,130,68,64,67,168
S01008229,120,178,56,62,55,66
S01008230,74,136,125,61,87,150
S01008231,21,141,89,55,96,174
S01008232,41,157,104,56,98,165
S01008233,43,96,64,62,92,219
S01008234,97,79,24,48,29,92
S01008235,144,207,83,80,108,190
S01008236,108,142,80,86,77,211
S01008237,130,213,101,79,148,273
S01008238,139,192,70,85,87,93
S01008239,143,224,95,115,108,238
S01008240,59,92,71,50,78,285
S01008241,37,82,53,36,64,291
S01008242,165,169,106,71,98,374
S01008243,98,159,102,52,93,452
S01008244,63,68,48,36,48,240
S01008245,84,107,96,68,115,397
S01008246,96,105,104,61,113,487
S01008247,68,89,58,39,64,314
S01008248,60,122,65,24,87,303
S01008249,86,113,97,51,83,448
S01008250,147,318,245,118,274,1208
S01008251,45,116,120,46,105,470
S01008252,42,97,65,41,75,299
S01008253,137,148,57,78,82,143
S01008254,180,163,83,88,95,233
S01008255,56,105,58,45,69,189
S01008256,131,164,86,50,91,218
S01008257,130,99,57,37,60,201
S01008258,69,120,94,66,91,255
S01008259,144,120,71,47,71,322
S01008260,108,160,66,48,73,175
S01008261,169,157,78,59,89,126
S01008262,50,72,54,25,52,245
S01008263,62,82,56,27,58,294
S01008264,102,113,64,59,51,229
S01008265,64,104,80,35,64,429
S01008266,40,60,50,18,38,340
S01008267,81,119,91,36,55,417
S01008268,42,50,43,21,37,459
S01008269,88,108,81,30,62,394
S01008270,72,83,60,26,46,351
S01008271,79,91,62,28,69,249
S01008272,140,295,223,112,207,1113
S01008273,56,82,70,34,53,372
S01008274,94,129,80,47,67,169
S01008275,55,56,58,17,41,230
S01008276,44,62,50,24,34,229
S01008277,28,71,61,20,55,335
S01008278,56,80,89,17,75,476
S01008279,89,107,61,45,65,218
S01008280,79,111,85,49,95,393
S01008281,50,106,78,37,74,285
S01008282,88,87,65,46,66,225
S01008283,35,127,111,41,117,469
S01008284,171,394,236,149,279,837
S01008285,115,141,47,39,65,151
S01008286,153,126,56,49,69,173
S01008287,100,164,82,45,57,194
S01008288,107,141,72,48,76,316
S01008289,72,89,64,28,50,156
S01008290,97,119,85,34,64,327
S01008291,118,135,67,69,85,214
S01008292,112,168,66,51,50,149
S01008293,21,61,54,23,57,214
S01008294,85,107,70,59,77,273
S01008295,101,119,99,84,120,202
S01008296,111,95,64,55,70,145
S01008297,64,132,99,65,118,236
S01008298,71,135,100,76,111,300
S01008299,143,131,76,48,81,131
S01008300,133,135,66,56,87,159
S01008301,94,118,88,73,110,178
S01008302,70,83,95,48,77,375
S01008303,86,83,62,42,76,150
S01008304,32,53,43,28,50,159
S01008305,70,93,64,63,79,206
S01008306,53,62,54,54,60,169
S01008307,90,123,92,50,121,223
S01008308,45,68,53,56,67,192
S01008309,137,112,38,43,64,135
S01008310,216,154,93,101,101,203
S01008311,85,81,41,30,45,81
S01008312,66,56,41,27,45,89
S01008313,196,145,46,58,92,124
S01008314,100,96,51,57,70,74
S01008315,154,127,65,44,84,120
S01008316,116,116,44,35,80,92
S01008317,155,152,80,61,133,212
S01008318,122,175,150,92,181,551
S01008319,150,144,67,76,100,140
S01008320,107,90,62,65,80,163
S01008321,27,52,51,45,59,131
S01008322,164,164,101,79,129,227
S01008323,144,124,66,40,78,98
S01008324,101,125,74,55,102,187
S01008325,112,136,63,54,77,116
S01008326,162,159,86,67,113,161
S01008327,164,172,66,66,104,126
S01008328,168,294,255,87,292,1345
S01008329,55,69,94,26,101,319
S01008330,64,101,81,35,81,283
S01008331,33,58,57,15,43,212
S01008332,75,101,92,35,93,397
S01008333,120,116,100,40,103,396
S01008334,50,65,85,34,55,328
S01008335,86,103,79,20,68,191
S01008336,114,91,73,41,54,245
S01008337,77,87,91,24,105,322
S01008338,55,72,97,24,60,301
S01008339,29,43,68,25,58,217
S01008340,43,78,79,30,88,292
S01008341,25,61,67,12,41,266
S01008342,77,93,69,42,83,272
S01008343,55,71,89,25,59,415
S01008344,56,70,111,25,54,446
S01008345,67,87,88,28,72,484
S01008346,59,77,128,19,75,443
S01008347,112,104,95,35,92,453
S01008348,46,85,83,21,64,296
S01008349,35,82,82,18,65,391
S01008350,42,44,57,24,43,257
S01008351,55,77,108,26,71,414
S01008352,55,64,61,18,51,308
S01008353,15,57,62,16,46,210
S01008354,157,220,205,69,225,1148
S01008355,96,89,66,35,50,231
S01008356,29,53,67,30,66,198
S01008357,54,58,78,41,51,258
S01008358,90,64,89,33,75,235
S01008359,36,85,94,34,81,233
S01008360,53,78,93,33,88,333
S01008361,49,91,74,40,94,346
S01008362,101,127,113,47,103,544
S01008363,53,64,70,37,66,280
S01008364,36,71,77,18,55,276
S01008365,44,42,61,35,54,299
S01008366,132,117,86,47,84,256
S01008367,103,116,84,32,62,209
S01008368,58,81,69,23,72,236
S01008369,48,75,61,35,63,213
S01008370,57,87,75,30,49,252
S01008371,34,59,95,43,70,301
S01008372,57,88,67,35,63,268
S01008373,37,47,84,24,46,354
S01008374,39,78,91,19,76,281
S01008375,34,65,86,28,76,334
S01008376,23,40,50,20,41,243
S01008377,34,62,82,35,58,330
S01008378,61,74,116,26,77,421
S01008379,19,43,69,18,41,239
S01008380,33,43,64,24,53,284
S01008381,25,43,61,18,45,290
S01008382,44,50,102,33,73,359
S01008383,16,41,51,19,48,204
S01008384,67,87,104,61,76,352
S01008385,34,41,70,32,50,277
S01008386,115,107,80,49,83,265
S01008387,36,74,62,43,84,168
S01008388,39,58,66,33,62,204
S01008389,80,69,60,27,45,287
S01008390,35,48,67,40,49,259
S01008391,75,76,78,34,77,310
S01008392,32,43,79,25,66,467
S01008393,56,72,71,24,54,364
S01008394,28,40,77,22,46,403
S01008395,25,57,58,23,45,200
S01008396,77,76,72,32,61,257
S01008397,42,58,92,34,73,372
S01008398,54,48,61,20,57,289
S01008399,48,44,52,27,48,214
S01008400,47,74,63,25,52,308
S01008401,66,76,99,30,83,381
S01008402,71,88,118,21,69,581
S01008403,34,49,57,22,42,269
S01008404,75,65,88,46,75,394
S01008405,23,47,80,11,43,389
S01008406,92,102,69,44,56,398
S01008407,83,51,48,25,41,212
S01008408,47,77,53,26,53,238
S01008409,128,137,87,48,85,262
S01008410,83,70,55,28,61,251
S01008411,51,59,61,35,50,220
S01008412,65,79,78,37,77,245
S01008413,55,64,51,24,49,148
S01008414,41,39,55,25,40,223
S01008415,89,107,87,43,85,262
S01008416,159,135,79,30,96,250
S01008417,34,82,73,40,64,315
S01008418,51,87,61,27,77,249
S01008419,23,48,47,11,21,209
S01008420,36,42,40,18,42,177
S01008421,102,133,80,51,81,254
S01008422,18,41,45,18,31,286
S01008423,63,119,112,52,112,704
S01008424,37,83,85,32,56,403
S01008425,86,286,796,116,297,1350
S01008426,91,109,51,42,46,147
S01008427,57,138,90,73,104,331
S01008428,102,127,59,50,65,213
S01008429,66,92,92,70,80,364
S01008430,62,94,80,41,75,404
S01008431,50,104,99,48,72,317
S01008432,42,82,68,46,57,283
S01008433,81,135,64,81,74,217
S01008434,72,130,99,78,87,306
S01008435,48,100,92,66,58,241
S01008436,68,120,79,44,61,417
S01008437,49,92,72,34,60,301
S01008438,18,38,50,14,42,324
S01008439,34,78,93,11,72,568
S01008440,30,58,69,23,65,604
S01008441,16,29,43,13,26,252
S01008442,21,54,66,15,37,385
S01008443,38,50,42,19,37,337
S01008444,45,161,130,69,55,352
S01008445,160,149,59,49,55,271
S01008446,34,150,100,20,57,484
S01008447,22,68,56,27,44,349
S01008448,60,82,76,42,64,303
S01008449,105,182,80,22,85,167
S01008450,82,105,43,21,50,121
S01008451,127,133,54,18,50,105
S01008452,97,120,45,18,57,95
S01008453,52,136,62,16,84,186
S01008454,157,191,54,38,88,147
S01008455,151,212,78,35,81,184
S01008456,180,180,49,33,78,154
S01008457,124,154,44,34,34,126
S01008458,140,212,75,61,100,174
S01008459,141,169,36,28,69,134
S01008460,156,179,51,21,66,125
S01008461,174,225,70,33,86,136
S01008462,160,112,29,38,36,72
S01008463,107,142,32,25,39,90
S01008464,92,181,76,62,87,185
S01008465,101,182,68,62,62,151
S01008466,103,132,46,73,69,149
S01008467,99,168,55,64,57,155
S01008468,145,232,73,60,90,273
S01008469,77,106,43,30,61,139
S01008470,147,184,46,39,80,209
S01008471,164,204,61,39,79,124
S01008472,125,119,51,37,53,141
S01008473,105,120,51,43,47,113
S01008474,144,165,55,41,69,186
S01008475,99,111,53,32,62,143
S01008476,109,123,55,41,65,202
S01008477,108,139,65,36,79,240
S01008478,178,147,131,49,99,436
S01008479,139,124,74,40,59,205
S01008480,72,104,37,23,47,195
S01008481,333,463,185,137,197,308
S01008482,101,104,38,52,64,105
S01008483,102,126,40,53,58,119
S01008484,97,131,83,52,74,158
S01008485,118,172,99,71,89,318
S01008486,163,146,95,65,83,269
S01008487,53,119,181,39,120,685
S01008488,94,113,79,33,83,333
S01008489,92,109,60,34,77,218
S01008490,97,120,84,34,66,362
S01008491,70,103,90,31,75,428
S01008492,107,119,103,30,121,627
S01008493,115,176,247,56,136,451
S01008494,83,166,101,29,106,355
S01008495,45,71,71,28,110,537
S01008496,41,81,74,10,99,563
S01008497,48,76,80,13,83,468
S01008498,41,94,87,21,84,454
S01008499,23,64,122,11,92,524
S01008500,47,64,64,19,34,152
S01008501,9,47,82,7,41,359
S01008502,21,33,63,7,73,420
S01008503,27,43,56,18,53,518
S01008504,31,63,87,19,54,668
S01008505,27,43,46,13,44,402
S01008506,45,83,86,22,43,564
S01008507,36,78,188,22,82,617
S01008508,32,63,71,21,38,398
S01008509,89,94,82,30,75,614
S01008510,49,77,105,51,59,418
S01008511,78,87,90,21,56,451
S01008512,21,39,37,15,32,273
S01008513,31,57,61,16,31,349
S01008514,64,60,71,24,40,532
S01008515,15,42,53,20,29,467
S01008516,59,89,85,20,77,594
S01008517,23,40,95,15,65,461
S01008518,16,55,75,8,46,519
S01008519,28,39,44,11,28,469
S01008520,26,51,83,22,40,643
S01008521,32,46,65,22,42,506
S01008522,12,33,47,6,26,354
S01008523,30,76,82,20,48,550
S01008524,138,196,64,47,91,205
S01008525,130,152,54,51,65,196
S01008526,87,158,70,52,92,271
S01008527,61,127,48,44,70,214
S01008528,46,118,51,25,74,248
S01008529,152,147,82,63,97,219
S01008530,130,164,69,32,84,168
S01008531,123,148,68,42,75,181
S01008532,79,86,29,28,50,88
S01008533,22,80,44,26,40,117
S01008534,34,95,67,39,67,219
S01008535,38,96,67,40,56,243
S01008536,37,58,47,20,39,292
S01008537,23,54,63,19,50,354
S01008538,13,37,42,17,38,315
S01008539,30,59,53,23,57,418
S01008540,37,79,73,25,71,438
S01008541,40,85,75,24,69,369
S01008542,54,143,129,33,104,765
S01008543,30,79,58,24,47,307
S01008544,15,42,54,10,35,293
S01008545,29,61,62,23,37,446
S01008546,40,67,61,27,56,422
S01008547,89,151,87,50,94,403
S01008548,84,197,126,72,116,525
S01008549,263,561,345,203,432,1761
S01008550,85,120,65,34,74,321
S01008551,110,140,80,58,80,347
S01008552,77,119,87,51,75,290
S01008553,105,143,67,45,71,157
S01008554,192,215,65,47,90,170
S01008555,172,197,71,49,74,173
S01008556,141,189,70,44,68,159
S01008557,194,242,89,68,139,385
S01008558,121,183,80,36,67,196
S01008559,141,119,58,47,51,111
S01008560,113,149,74,50,75,145
S01008561,114,118,56,42,47,141
S01008562,219,169,81,55,68,146
S01008563,133,155,58,49,73,197
S01008564,104,135,34,61,45,112
S01008565,214,191,60,64,74,184
S01008566,183,183,74,79,80,224
S01008567,129,133,52,34,64,169
S01008568,92,107,67,57,87,271
S01008569,105,147,50,24,62,102
S01008570,139,187,66,65,67,164
S01008571,108,162,50,56,67,161
S01008572,145,129,55,56,67,224
S01008573,100,104,69,48,69,247
S01008574,40,80,73,42,66,266
S01008575,39,91,77,29,55,345
S01008576,82,105,76,65,75,285
S01008577,113,96,84,51,67,435
S01008578,13,34,55,21,35,428
S01008579,60,129,89,54,82,713
S01008580,63,84,44,23,41,201
S01008581,171,121,73,48,67,313
S01008582,189,173,75,53,89,260
S01008583,87,113,60,34,61,244
S01008584,104,126,58,48,59,248
S01008585,91,99,41,23,51,185
S01008586,141,174,60,49,70,268
S01008587,85,92,174,20,64,538
S01008588,24,51,68,19,47,428
S01008589,33,47,34,20,18,193
S01008590,47,79,58,23,51,428
S01008591,38,59,61,22,35,402
S01008592,54,99,68,27,63,387
S01008593,18,29,51,8,35,502
S01008594,64,77,113,22,64,683
S01008595,171,122,74,44,86,306
S01008596,105,98,95,37,69,342
S01008597,85,83,66,43,73,421
S01008598,42,65,132,19,48,399
S01008599,16,39,105,11,49,512
S01008600,41,47,108,9,33,517
S01008601,33,350,1407,18,183,938
S01008602,14,66,156,3,46,359
S01008603,51,133,575,7,116,718
S01008604,20,69,161,9,64,640
S01008605,11,34,79,11,29,412
S01008606,24,49,70,13,35,475
S01008607,15,31,34,8,18,391
S01008608,31,44,47,9,35,470
S01008609,42,63,87,16,50,559
S01008610,30,57,96,18,43,442
S01008611,21,69,260,12,59,644
S01008612,12,87,217,7,67,433
S01008613,32,41,121,8,35,386
S01008614,11,40,173,6,45,325
S01008615,16,49,199,4,26,424
S01008616,6,24,185,12,39,337
S01008617,12,44,203,7,35,362
S01008618,15,42,222,5,39,288
S01008619,9,32,108,0,26,267
S01008620,13,41,233,4,41,396
S01008621,16,34,184,5,34,356
S01008622,14,21,88,4,28,270
S01008623,22,68,225,7,53,416
S01008624,23,41,82,10,28,459
S01008625,17,31,43,6,18,355
S01008626,10,57,53,8,39,559
S01008627,14,44,46,6,29,429
S01008628,19,34,39,12,24,370
S01008629,18,42,48,10,38,366
S01008630,11,39,78,9,41,369
S01008631,25,35,65,12,73,542
S01008632,52,67,65,14,45,440
S01008633,36,59,54,13,35,557
S01008634,15,43,73,5,54,452
S01008635,26,57,95,7,52,563
S01008636,22,47,95,6,44,423
S01008637,47,50,62,16,37,550
S01008638,39,74,102,13,40,355
S01008639,22,43,113,11,41,566
S01008640,14,44,127,8,55,506
S01008641,6,35,185,8,64,494
S01008642,16,39,84,9,62,551
S01008643,15,30,76,15,32,441
S01008644,35,44,82,16,69,466
S01008645,35,61,91,15,59,440
S01008646,32,59,77,16,57,542
S01008647,32,39,69,15,56,382
S01008648,18,50,79,11,54,307
S01008649,69,67,77,15,62,507
S01008650,25,60,71,14,75,418
S01008651,52,143,755,47,253,807
S01008652,20,51,62,8,49,275
S01008653,61,81,141,11,85,355
S01008654,61,85,100,20,103,520
S01008655,52,68,102,11,76,547
S01008656,51,88,57,24,49,348
S01008657,31,58,127,11,71,370
S01008658,75,141,266,25,167,962
S01008659,50,67,157,17,57,432
S01008660,26,58,245,14,94,607
S01008661,47,100,201,20,122,493
S01008662,19,93,259,4,72,316
S01008663,36,79,174,14,65,450
S01008664,34,65,157,10,47,381
S01008665,37,161,538,20,171,971
S01008666,11,117,366,13,80,457
S01008667,43,128,291,11,111,618
S01008668,16,65,141,5,51,363
S01008669,9,37,168,0,26,181
S01008670,27,102,454,10,61,461
S01008671,10,62,200,9,59,385
S01008672,28,45,145,5,44,355
S01008673,69,175,554,29,167,1232
S01008674,17,82,235,3,67,495
S01008675,39,109,176,9,76,435
S01008676,31,65,124,11,56,435
S01008677,171,157,189,25,70,412
S01008678,36,109,576,20,82,527
S01008679,107,157,447,33,123,464
S01008680,31,80,231,6,72,338
S01008681,67,138,233,23,94,635
S01008682,66,59,102,12,40,380
S01008683,117,181,324,33,124,630
S01008684,123,167,117,29,115,490
S01008685,74,154,460,25,124,1219
S01008686,132,138,304,32,129,571
S01008687,33,37,44,13,46,409
S01008688,45,72,82,22,57,476
S01008689,54,66,62,22,53,435
S01008690,52,107,93,41,105,831
S01008691,70,140,163,50,129,696
S01008692,169,154,122,67,117,771
S01008693,45,67,21,34,23,88
S01008694,42,77,87,35,60,531
S01008695,36,50,60,25,34,395
S01008696,25,60,52,23,44,320
S01008697,49,81,76,35,69,498
S01008698,30,53,45,28,49,165
S01008699,113,159,67,47,90,274
S01008700,28,57,39,29,29,286
S01008701,162,294,88,44,151,411
S01008702,33,77,50,16,49,262
S01008703,184,216,65,38,101,210
S01008704,298,554,276,148,364,1249
S01008705,119,124,56,27,76,212
S01008706,105,134,49,16,58,209
S01008707,166,192,52,45,59,137
S01008708,195,245,78,56,97,226
S01008709,158,132,50,28,54,106
S01008710,97,112,33,19,37,84
S01008711,180,171,49,27,46,132
S01008712,327,220,69,51,92,162
S01008713,90,133,42,31,38,73
S01008714,86,109,40,22,34,113
S01008715,156,166,40,48,69,89
S01008716,105,130,48,50,44,107
S01008717,52,94,39,35,49,131
S01008718,100,160,80,65,71,192
S01008719,134,227,92,93,101,248
S01008720,136,270,152,105,179,554
S01008721,63,122,93,49,69,251
S01008722,127,125,88,50,75,447
S01008723,42,110,68,41,65,273
S01008724,90,96,83,46,59,448
S01008725,34,72,45,27,52,335
S01008726,25,40,51,28,31,287
S01008727,70,73,67,26,59,543
S01008728,60,68,43,23,49,229
S01008729,34,52,60,8,31,351
S01008730,45,62,49,22,51,380
S01008731,64,65,32,32,48,168
S01008732,55,78,48,22,42,242
S01008733,124,167,100,64,143,694
S01008734,65,90,54,24,50,240
S01008735,64,103,121,46,72,395
S01008736,85,92,81,39,61,280
S01008737,51,90,66,40,60,256
S01008738,81,92,77,47,61,301
S01008739,66,99,71,64,51,165
S01008740,41,74,49,36,38,122
S01008741,94,185,101,94,84,263
S01008742,83,91,29,38,41,168
S01008743,96,195,69,40,80,256
S01008744,141,159,100,81,91,284
S01008745,41,51,38,27,44,187
S01008746,146,166,82,34,109,338
S01008747,40,69,45,40,35,165
S01008748,60,111,55,53,57,198
S01008749,140,166,109,68,93,353
S01008750,92,106,61,54,63,193
S01008751,81,118,59,46,47,142
S01008752,111,122,57,32,52,135
S01008753,89,95,44,28,60,132
S01008754,80,103,43,37,43,169
S01008755,146,183,84,46,90,332
S01008756,118,130,54,34,52,158
S01008757,124,113,36,29,50,103
S01008758,123,137,59,45,66,156
S01008759,126,99,37,31,60,96
S01008760,160,189,69,48,90,185
S01008761,93,87,64,30,55,201
S01008762,87,100,50,38,57,182
S01008763,55,81,77,39,62,430
S01008764,59,67,42,38,52,301
S01008765,52,72,74,26,75,423
S01008766,87,122,88,60,69,395
S01008767,61,106,47,48,55,134
S01008768,178,214,167,78,212,1037
S01008769,41,109,62,42,110,580
S01008770,25,55,66,15,63,554
S01008771,76,130,90,42,125,504
S01008772,61,72,50,32,56,361
S01008773,91,123,78,47,88,431
S01008774,103,139,84,34,109,431
S01008775,50,60,39,19,34,278
S01008776,104,88,65,25,60,296
S01008777,161,126,75,47,109,352
S01008778,46,105,81,37,92,645
S01008779,23,59,54,25,77,509
S01008780,11,21,35,9,40,268
S01008781,118,155,106,25,95,487
S01008782,56,68,54,11,52,410
S01008783,11,41,33,10,29,264
S01008784,22,47,24,13,40,222
S01008785,106,114,44,23,70,248
S01008786,66,92,80,33,89,533
S01008787,56,63,18,18,20,49
S01008788,43,78,43,19,56,389
S01008789,141,106,79,34,72,324
S01008790,51,67,70,13,53,319
S01008791,57,83,65,32,83,500
S01008792,92,122,66,33,74,481
S01008793,63,58,34,13,42,197
S01008794,148,151,75,44,66,352
S01008795,41,96,82,22,84,516
S01008796,114,127,104,26,99,446
S01008797,71,59,65,23,58,416
S01008798,75,85,71,24,94,438
S01008799,36,61,54,12,62,336
S01008800,46,97,85,30,109,605
S01008801,43,71,155,22,112,591
S01008802,43,107,85,23,99,526
S01008803,78,94,80,24,91,395
S01008804,112,115,198,12,75,299
S01008805,15,48,68,9,51,353
S01008806,41,79,88,32,99,782
S01008807,46,61,56,23,57,441
S01008808,53,69,36,18,47,403
S01008809,18,52,116,14,43,522
S01008810,17,42,79,8,51,501
S01008811,27,64,131,8,71,511
S01008812,11,31,129,5,39,285
S01008813,110,135,107,35,93,426
S01008814,38,77,75,23,73,403
S01008815,50,102,70,30,102,446
S01008816,46,47,39,17,50,311
S01008817,67,107,86,39,95,583
S01008818,44,112,73,36,88,516
S01008819,66,79,62,23,44,387
S01008820,141,127,82,29,85,471
S01008821,29,44,37,14,42,387
S01008822,34,57,49,14,37,386
S01008823,51,57,55,18,51,337
S01008824,61,61,67,27,66,542
S01008825,27,46,52,23,44,401
S01008826,34,51,37,23,40,295
S01008827,31,47,46,5,33,412
S01008828,30,74,64,29,58,468
S01008829,44,71,35,26,41,308
S01008830,42,58,58,21,56,497
S01008831,31,76,62,20,56,385
S01008832,30,50,61,16,30,405
S01008833,70,73,51,18,54,543
S01008834,56,76,79,20,59,621
S01008835,62,96,69,38,55,361
S01008836,65,69,62,23,63,376
S01008837,52,122,318,31,151,849
S01008838,49,66,79,28,71,741
S01008839,57,73,88,25,91,604
S01008840,43,73,71,32,71,594
S01008841,34,51,48,18,62,435
S01008842,22,55,52,19,58,535
S01008843,51,157,315,33,140,765
S01008844,28,51,47,10,61,425
S01008845,19,39,127,15,53,638
S01008846,19,46,70,7,46,358
S01008847,15,28,89,6,27,336
S01008848,23,34,83,6,52,425
S01008849,10,32,39,16,40,435
S01008850,11,33,80,5,37,468
S01008851,56,61,74,26,61,561
S01008852,24,43,78,10,46,577
S01008853,10,27,66,4,24,378
S01008854,10,46,101,12,47,621
S01008855,24,62,82,15,85,819
S01008856,13,26,36,4,46,374
S01008857,21,39,45,13,44,515
S01008858,8,21,37,9,22,389
S01008859,71,63,97,27,67,658
S01008860,40,54,53,16,63,560
S01008861,8,31,52,8,30,485
S01008862,23,66,68,17,44,535
S01008863,28,39,36,17,40,503
S01008864,76,260,60,15,39,496
S01008865,37,59,60,17,40,540
S01008866,15,27,49,6,41,563
S01008867,17,48,46,15,35,521
S01008868,52,68,140,12,71,614
S01008869,35,91,72,13,74,727
S01008870,32,46,61,9,36,543
S01008871,15,52,100,8,33,607
S01008872,16,72,127,13,46,574
S01008873,23,35,62,19,57,564
S01008874,54,76,77,24,75,564
S01008875,54,86,82,23,65,454
S01008876,64,71,52,31,54,240
S01008877,24,48,53,15,42,239
S01008878,110,145,68,53,62,330
S01008879,73,91,53,45,65,312
S01008880,66,51,46,16,54,341
S01008881,31,57,51,25,51,448
S01008882,26,47,71,7,38,598
S01008883,40,55,73,12,34,628
S01008884,28,48,48,8,37,414
S01008885,23,55,69,13,51,497
S01008886,50,80,79,21,64,558
S01008887,41,65,58,21,42,394
S01008888,37,45,41,11,30,392
S01008889,56,81,64,30,63,431
S01008890,58,59,64,23,52,307
S01008891,34,76,63,27,49,416
S01008892,72,99,66,29,73,487
S01008893,36,77,50,22,58,483
S01008894,34,60,71,23,43,470
S01008895,69,54,62,24,48,408
S01008896,19,42,52,5,36,339
S01008897,35,62,58,12,50,365
S01008898,42,65,73,27,60,420
S01008899,176,161,38,51,70,125
S01008900,157,188,54,68,92,192
S01008901,147,167,64,64,74,167
S01008902,165,234,84,48,87,276
S01008903,186,191,79,80,82,187
S01008904,159,204,80,35,80,250
S01008905,171,208,76,39,101,241
S01008906,126,147,58,36,78,185
S01008907,149,209,62,41,104,217
S01008908,156,224,96,71,145,547
S01008909,118,158,66,77,63,149
S01008910,50,86,27,21,40,146
S01008911,68,133,91,38,96,792
S01008912,51,79,81,38,63,293
S01008913,58,97,66,35,58,245
S01008914,103,154,59,57,73,255
S01008915,47,56,33,23,35,236
S01008916,235,223,54,58,73,202
S01008917,117,134,43,32,60,119
S01008918,91,90,35,11,32,101
S01008919,106,106,24,14,39,93
S01008920,78,249,146,60,220,946
S01008921,198,196,64,33,87,201
S01008922,133,163,59,48,72,161
S01008923,219,203,62,50,96,177
S01008924,173,203,42,52,77,120
S01008925,80,136,50,37,77,145
S01008926,100,117,50,29,52,139
S01008927,81,130,65,25,115,333
S01008928,187,202,108,49,114,317
S01008929,193,208,74,31,97,222
S01008930,186,177,60,31,79,174
S01008931,260,376,110,79,148,288
S01008932,93,144,72,37,92,266
S01008933,140,134,37,28,41,93
S01008934,115,148,60,42,58,177
S01008935,54,119,80,48,73,317
S01008936,14,38,45,14,28,180
S01008937,68,134,71,48,75,318
S01008938,35,92,60,29,53,316
S01008939,47,87,94,43,60,284
S01008940,24,44,37,14,44,334
S01008941,42,84,76,19,67,520
S01008942,23,71,73,24,65,355
S01008943,27,78,68,15,49,448
S01008944,39,86,107,25,57,508
S01008945,26,60,78,15,54,414
S01008946,60,110,83,19,72,488
S01008947,55,104,89,29,79,538
S01008948,34,83,71,43,59,289
S01008949,137,166,81,71,93,210
S01008950,105,148,92,78,103,268
S01008951,161,156,68,63,84,157
S01008952,116,176,65,50,85,195
S01008953,114,190,78,83,75,198
S01008954,145,172,87,71,107,241
S01008955,60,71,67,26,48,250
S01008956,91,167,97,48,66,324
S01008957,83,145,99,52,86,316
S01008958,99,136,78,67,69,261
S01008959,109,133,86,58,65,201
S01008960,46,99,104,27,84,511
S01008961,41,97,61,37,56,233
S01008962,57,75,71,33,55,216
S01008963,55,102,87,50,78,299
S01008964,40,54,67,23,38,220
S01008965,64,80,90,38,62,354
S01008966,60,77,79,44,49,225
S01008967,68,111,107,45,97,419
S01008968,104,164,156,84,118,708
S01008969,68,138,88,51,94,363
S01008970,30,82,66,28,77,530
S01008971,19,53,51,17,40,376
S01008972,25,63,64,9,42,421
S01008973,60,95,60,42,75,423
S01008974,55,87,61,33,61,332
S01008975,119,98,62,33,56,269
S01008976,18,50,45,19,39,240
S01008977,44,69,51,27,42,266
S01008978,44,101,53,46,45,169
S01008979,35,119,65,41,71,228
S01008980,54,126,88,48,72,240
S01008981,65,114,65,68,55,249
S01008982,55,150,97,65,73,209
S01008983,46,131,74,35,70,170
S01008984,39,95,39,31,52,149
S01008985,88,164,129,72,100,324
S01008986,61,154,77,90,77,193
S01008987,67,133,106,90,90,147
S01008988,99,148,94,53,81,357
S01008989,40,110,74,49,68,264
S01008990,48,148,102,55,100,431
S01008991,58,111,81,47,100,307
S01008992,70,96,52,37,39,158
S01008993,78,139,107,62,97,436
S01008994,135,136,49,47,50,143
S01008995,39,81,69,27,57,336
S01008996,104,141,72,37,69,341
S01008997,120,156,110,60,103,388
S01008998,85,177,55,33,84,203
S01008999,126,144,62,64,95,209
S01009000,85,193,149,83,169,656
S01009001,66,105,88,52,63,248
S01009002,126,298,187,73,239,1290
S01009003,44,92,74,28,67,467
S01009004,62,103,70,39,66,156
S01009005,71,127,90,43,109,267
S01009006,87,131,66,50,78,217
S01009007,77,141,55,41,64,169
S01009008,75,119,81,46,78,367
S01009009,75,94,46,34,28,115
S01009010,60,136,89,48,106,333
S01009011,36,106,78,39,87,297
S01009012,54,112,75,32,62,238
S01009013,64,104,88,43,87,299
S01009014,101,82,62,43,71,121
S01009015,100,105,54,46,76,171
S01009016,102,62,43,66,42,117
S01009017,103,85,47,56,47,121
S01009018,121,109,70,79,66,203
S01009019,93,83,38,30,49,112
S01009020,91,147,76,64,98,161
S01009021,110,108,66,56,71,220
S01009022,152,138,70,58,77,265
S01009023,127,120,77,62,72,281
S01009024,183,181,97,67,80,248
S01009025,117,128,82,82,109,264
S01009026,118,144,64,86,127,260
S01009027,99,82,49,50,59,274
S01009028,73,60,30,51,56,143
S01009029,87,71,56,40,64,171
S01009030,103,87,45,52,59,170
S01009031,124,105,58,81,87,188
S01009032,105,89,49,73,56,180
S01009033,127,88,68,82,75,177
S01009034,88,77,66,66,65,208
S01009035,119,122,113,95,114,246
S01009036,97,127,85,108,141,258
S01009037,116,102,69,97,109,193
S01009038,120,132,80,96,119,231
S01009039,102,76,41,38,56,118
S01009040,96,105,59,61,79,130
S01009041,134,116,83,62,105,252
S01009042,131,77,66,47,60,127
S01009043,94,99,51,50,65,140
S01009044,160,98,61,73,83,182
S01009045,90,121,67,37,98,148
S01009046,127,145,78,120,116,264
S01009047,86,103,75,67,83,207
S01009048,96,99,63,69,102,214
S01009049,62,80,53,36,50,145
S01009050,133,146,96,84,107,196
S01009051,78,139,74,74,91,123
S01009052,93,113,54,69,71,101
S01009053,119,143,62,50,80,88
S01009054,90,106,49,55,58,80
S01009055,151,179,98,109,140,300
S01009056,96,120,41,44,53,61
S01009057,109,121,55,31,58,63
S01009058,158,162,56,54,93,141
S01009059,88,156,68,69,97,192
S01009060,74,163,141,113,212,415
S01009061,128,147,78,76,86,111
S01009062,123,151,57,57,68,74
S01009063,89,134,77,67,85,152
S01009064,97,134,46,45,62,80
S01009065,89,145,60,47,65,76
S01009066,138,152,56,59,91,81
S01009067,58,136,92,68,137,246
S01009068,118,174,77,82,95,155
S01009069,43,79,71,60,96,156
S01009070,70,90,59,72,79,115
S01009071,73,80,36,40,60,102
S01009072,62,83,52,40,57,107
S01009073,169,157,47,71,85,110
S01009074,136,150,48,65,68,76
S01009075,119,104,46,42,51,75
S01009076,107,153,81,74,135,197
S01009077,78,98,64,70,64,112
S01009078,43,95,106,58,99,207
S01009079,199,173,68,74,90,109
S01009080,198,208,71,81,123,124
S01009081,83,92,55,60,74,107
S01009082,166,235,97,100,158,179
S01009083,118,149,66,63,81,130
S01009084,82,120,91,70,92,223
S01009085,40,117,88,70,114,209
S01009086,116,133,49,45,84,104
S01009087,100,130,51,40,67,78
S01009088,144,148,100,89,125,279
S01009089,33,99,108,36,101,294
S01009090,115,239,248,87,270,760
S01009091,38,71,99,30,107,276
S01009092,139,216,104,96,135,304
S01009093,115,145,47,55,93,123
S01009094,41,80,62,53,69,272
S01009095,112,114,99,61,99,329
S01009096,99,126,87,58,95,320
S01009097,55,112,86,65,106,274
S01009098,25,37,54,34,63,180
S01009099,124,121,58,67,89,151
S01009100,169,203,55,60,93,120
S01009101,169,227,58,85,85,107
S01009102,118,208,69,53,81,106
S01009103,64,94,36,65,69,121
S01009104,111,139,75,61,84,127
S01009105,77,129,74,46,104,174
S01009106,81,91,76,42,67,99
S01009107,86,114,79,61,125,184
S01009108,87,105,59,65,99,151
S01009109,64,92,61,64,75,179
S01009110,91,127,54,50,77,101
S01009111,82,149,72,63,100,204
S01009112,45,70,58,52,80,165
S01009113,136,150,78,81,101,203
S01009114,122,175,86,55,87,133
S01009115,56,100,51,37,69,134
S01009116,47,69,40,45,57,105
S01009117,120,141,63,63,92,120
S01009118,39,75,59,48,86,160
S01009119,142,159,64,65,78,77
S01009120,91,115,41,40,73,78
S01009121,143,164,63,74,81,85
S01009122,174,316,273,167,352,880
S01009123,52,85,59,36,68,143
S01009124,73,96,57,42,57,90
S01009125,166,126,47,52,52,109
S01009126,140,153,24,33,63,58
S01009127,123,134,52,41,83,77
S01009128,206,173,54,44,70,82
S01009129,108,114,40,22,59,48
S01009130,94,90,40,29,68,101
S01009131,127,125,42,44,44,72
S01009132,66,130,82,66,97,191
S01009133,124,169,43,55,73,97
S01009134,108,150,79,75,100,169
S01009135,43,85,64,38,115,150
S01009136,104,113,59,55,102,161
S01009137,28,103,85,52,127,248
S01009138,68,121,64,57,105,287
S01009139,48,77,33,20,67,114
S01009140,94,124,46,54,87,134
S01009141,176,158,80,55,104,144
S01009142,93,161,69,60,110,163
S01009143,145,107,33,48,55,60
S01009144,63,133,100,65,129,261
S01009145,212,188,78,111,120,137
S01009146,158,188,67,60,102,140
S01009147,129,156,38,45,78,82
S01009148,109,147,66,52,71,77
S01009149,76,108,99,58,98,204
S01009150,321,160,40,84,48,83
S01009151,139,117,71,65,87,277
S01009152,173,111,41,56,76,143
S01009153,38,70,47,33,58,155
S01009154,124,123,95,62,108,371
S01009155,34,53,38,24,60,213
S01009156,45,56,54,31,63,262
S01009157,138,163,88,72,106,174
S01009158,54,93,48,38,71,108
S01009159,92,121,21,18,42,34
S01009160,117,136,44,49,76,119
S01009161,128,144,49,35,69,105
S01009162,144,157,50,62,82,137
S01009163,81,72,44,35,63,121
S01009164,146,184,59,65,88,102
S01009165,115,156,53,63,98,94
S01009166,144,145,55,44,68,71
S01009167,104,131,41,31,45,44
S01009168,74,92,52,60,85,181
S01009169,168,160,64,75,69,128
S01009170,107,160,54,43,67,96
S01009171,94,134,57,59,74,100
S01009172,23,55,64,29,56,325
S01009173,65,93,70,60,87,239
S01009174,18,43,38,22,61,182
S01009175,21,96,86,35,103,315
S01009176,76,115,107,74,106,385
S01009177,138,171,61,59,90,106
S01009178,123,164,74,60,85,93
S01009179,90,147,55,40,73,71
S01009180,179,244,73,96,113,133
S01009181,161,168,64,66,79,94
S01009182,113,161,91,81,151,197
S01009183,34,85,56,70,113,175
S01009184,176,159,53,53,87,167
S01009185,159,165,73,67,89,144
S01009186,96,154,71,70,94,153
S01009187,70,85,54,26,76,186
S01009188,154,182,72,54,93,169
S01009189,155,188,54,64,63,82
S01009190,58,184,142,111,200,384
S01009191,24,94,90,36,92,220
S01009192,144,174,79,56,91,142
S01009193,61,219,198,93,297,590
S01009194,46,105,71,62,102,256
S01009195,60,108,75,40,90,284
S01009196,91,107,56,48,86,138
S01009197,80,150,110,72,139,336
S01009198,51,100,65,45,78,218
S01009199,73,81,67,39,79,152
S01009200,120,203,175,101,220,541
S01009201,86,128,45,37,71,111
S01009202,33,82,45,20,72,148
S01009203,170,164,50,39,77,79
S01009204,112,156,78,58,110,152
S01009205,52,115,90,55,135,236
S01009206,46,94,82,63,90,228
S01009207,82,107,70,54,92,222
S01009208,69,100,63,67,84,166
S01009209,112,86,57,52,90,211
S01009210,55,69,52,25,61,127
S01009211,85,121,43,41,59,91
S01009212,172,151,44,78,77,102
S01009213,130,146,55,63,77,93
S01009214,132,192,102,88,105,220
S01009215,135,192,83,85,97,122
S01009216,170,189,85,82,103,156
S01009217,135,176,39,59,71,71
S01009218,107,184,55,72,89,153
S01009219,107,167,46,44,68,63
S01009220,108,91,44,41,69,74
S01009221,93,126,43,55,55,59
S01009222,74,98,45,39,65,61
S01009223,105,138,44,45,67,83
S01009224,100,170,52,63,80,67
S01009225,102,121,46,57,64,55
S01009226,185,196,71,78,108,88
S01009227,125,107,39,53,59,88
S01009228,129,103,37,46,68,59
S01009229,93,90,46,40,67,104
S01009230,55,91,47,27,59,73
S01009231,118,195,113,90,121,192
S01009232,74,172,40,27,63,60
S01009233,118,113,39,51,54,69
S01009234,152,222,71,74,128,106
S01009235,161,217,72,63,132,103
S01009236,67,104,36,30,67,110
S01009237,79,136,79,81,137,200
S01009238,138,164,47,63,88,77
S01009239,127,214,73,70,98,88
S01009240,110,144,36,37,85,52
S01009241,154,200,75,62,112,91
S01009242,74,165,61,81,92,112
S01009243,134,215,77,72,106,128
S01009244,99,127,76,58,113,228
S01009245,96,140,88,70,117,157
S01009246,165,154,74,76,97,102
S01009247,160,227,94,81,113,135
S01009248,100,121,58,60,89,126
S01009249,174,172,63,54,85,106
S01009250,122,119,51,57,70,71
S01009251,91,104,47,32,59,93
S01009252,35,62,48,32,67,118
S01009253,120,112,31,31,52,49
S01009254,160,164,55,50,71,107
S01009255,91,127,79,25,80,150
S01009256,62,68,47,41,48,111
S01009257,69,108,79,46,81,191
S01009258,90,141,104,67,135,341
S01009259,110,138,79,68,101,238
S01009260,137,184,88,88,109,218
S01009261,131,142,64,43,71,106
S01009262,117,120,37,45,53,61
S01009263,88,109,122,75,137,322
S01009264,68,92,42,55,75,100
S01009265,145,181,90,91,133,193
S01009266,140,158,53,78,113,134
S01009267,151,116,60,70,100,194
S01009268,187,244,99,84,140,193
S01009269,180,199,72,46,98,77
S01009270,139,136,51,35,76,72
S01009271,105,141,83,67,121,188
S01009272,139,176,41,57,80,49
S01009273,43,54,37,43,53,175
S01009274,62,87,52,56,57,150
S01009275,152,144,78,64,116,255
S01009276,97,121,75,55,125,250
S01009277,83,140,113,81,163,409
S01009278,47,73,53,40,67,204
S01009279,83,113,56,64,103,225
S01009280,223,210,55,66,72,81
S01009281,214,150,49,52,70,101
S01009282,87,101,51,55,76,259
S01009283,67,108,52,46,90,142
S01009284,47,86,64,68,104,267
S01009285,72,127,97,68,109,207
S01009286,77,103,72,72,89,211
S01009287,41,70,58,31,77,346
S01009288,78,118,100,54,112,340
S01009289,79,110,78,63,106,274
S01009290,41,67,58,52,81,241
S01009291,74,110,97,86,131,253
S01009292,110,112,30,39,69,72
S01009293,96,109,68,47,86,162
S01009294,54,89,67,49,112,213
S01009295,65,97,61,59,77,157
S01009296,52,64,37,34,52,123
S01009297,40,85,74,55,102,292
S01009298,207,157,71,58,91,157
S01009299,105,180,115,73,135,336
S01009300,95,101,42,16,83,155
S01009301,149,215,117,70,148,249
S01009302,155,171,66,43,95,118
S01009303,95,121,67,50,87,303
S01009304,136,190,106,75,110,225
S01009305,127,151,74,55,97,201
S01009306,125,174,96,57,158,357
S01009307,95,180,108,66,169,383
S01009308,51,74,36,34,70,204
S01009309,49,91,83,38,94,306
S01009310,81,116,70,55,102,331
S01009311,141,167,42,45,76,111
S01009312,61,103,59,45,113,240
S01009313,99,108,41,37,83,92
S01009314,58,78,57,26,85,180
S01009315,100,114,52,49,76,109
S01009316,45,92,60,31,85,300
S01009317,59,78,80,57,109,284
S01009318,39,67,54,33,70,216
S01009319,70,109,97,69,112,328
S01009320,119,112,75,65,76,190
S01009321,86,85,54,62,80,198
S01009322,105,94,70,64,86,169
S01009323,123,125,47,60,88,125
S01009324,90,103,45,45,65,91
S01009325,82,100,54,52,93,218
S01009326,54,73,55,28,65,131
S01009327,94,106,57,57,86,177
S01009328,27,101,96,35,83,314
S01009329,56,186,148,66,202,587
S01009330,44,78,54,15,64,142
S01009331,93,269,203,93,296,670
S01009332,57,129,91,65,129,382
S01009333,172,189,73,59,129,181
S01009334,122,126,44,33,93,85
S01009335,175,184,75,48,112,117
S01009336,101,157,44,35,91,74
S01009337,121,163,58,44,86,102
S01009338,179,235,86,63,121,186
S01009339,150,221,59,57,113,107
S01009340,102,155,55,43,86,87
S01009341,107,112,51,47,85,88
S01009342,120,129,74,52,94,100
S01009343,64,118,57,41,78,85
S01009344,141,132,49,34,75,92
S01009345,100,181,85,81,133,144
S01009346,23,81,69,19,80,229
S01009347,16,83,73,17,58,262
S01009348,18,50,54,25,93,131
S01009349,25,90,70,27,91,275
S01009350,36,110,60,40,77,150
S01009351,28,71,42,21,65,167
S01009352,30,83,60,36,92,275
S01009353,41,143,116,64,152,413
S01009354,66,253,198,82,252,699
S01009355,68,127,89,78,109,210
S01009356,99,157,110,78,110,227
S01009357,31,67,50,17,56,162
S01009358,38,92,65,28,70,263
S01009359,44,87,93,37,81,227
S01009360,81,111,64,51,101,271
S01009361,110,141,69,68,91,158
S01009362,72,169,81,89,140,263
S01009363,135,164,74,74,111,92
S01009364,106,150,92,53,114,181
S01009365,80,109,46,44,83,103
S01009366,100,142,55,49,91,111
S01009367,89,151,65,52,95,96
S01009368,95,120,39,45,78,51
S01009369,80,131,58,47,88,101
S01009370,137,163,54,86,98,124
S01009371,66,124,38,47,82,80
S01009372,77,99,52,39,69,73
S01009373,162,237,91,71,141,143
S01009374,220,197,72,64,103,115
S01009375,138,159,59,56,86,92
S01009376,114,115,49,45,61,61
S01009377,98,182,135,62,130,205
S01009378,100,210,94,64,114,175
S01009379,68,172,95,53,113,211
S01009380,68,112,48,36,81,115
S01009381,58,95,57,40,72,180
S01009382,129,142,66,64,102,145
S01009383,154,152,69,48,96,159
S01009384,36,47,50,22,40,261
S01009385,57,48,35,31,39,192
S01009386,98,113,57,42,76,87
S01009387,101,142,82,51,86,190
S01009388,135,156,54,35,90,130
S01009389,125,153,113,68,111,257
S01009390,21,57,58,27,101,243
S01009391,39,98,81,32,81,218
S01009392,27,65,61,26,54,189
S01009393,49,77,57,53,91,195
S01009394,91,121,84,46,123,359
S01009395,63,80,71,28,71,256
S01009396,43,70,68,35,72,305
S01009397,60,91,59,38,84,295
S01009398,63,113,60,41,95,167
S01009399,60,108,65,46,79,186
S01009400,58,89,43,35,73,110
S01009401,46,81,68,41,88,201
S01009402,85,114,82,63,108,310
S01009403,45,71,60,37,67,122
S01009404,129,139,42,31,79,99
S01009405,57,62,34,35,77,127
S01009406,167,201,79,99,147,178
S01009407,88,81,53,35,49,106
S01009408,83,125,85,82,159,242
S01009409,137,171,92,82,134,172
S01009410,179,153,69,45,96,99
S01009411,170,156,49,62,100,79
S01009412,182,202,62,70,112,84
S01009413,190,186,84,120,148,152
S01009414,123,123,47,79,107,70
S01009415,121,129,48,57,85,99
S01009416,46,83,45,64,72,87
S01009417,91,217,121,61,195,236
S01009418,255,217,82,71,139,128
S01009419,95,119,68,51,79,70
S01009420,136,162,51,47,69,50
S01009421,132,163,59,58,78,86
S01009422,144,179,69,81,85,115
S01009423,68,232,119,94,187,314
S01009424,111,116,50,53,70,126
S01009425,137,130,59,93,84,120
S01009426,188,142,54,57,83,89
S01009427,141,99,46,47,86,66
S01009428,209,136,50,51,65,83
S01009429,196,122,43,43,71,58
S01009430,165,136,58,52,84,73
S01009431,137,100,63,51,77,77
S01009432,197,182,51,45,87,57
S01009433,150,196,56,45,85,78
S01009434,135,131,43,39,59,38
S01009435,172,182,49,41,55,67
S01009436,126,150,46,40,68,91
S01009437,135,136,54,74,82,77
S01009438,195,151,49,80,108,116
S01009439,201,154,50,78,88,67
S01009440,146,139,55,59,73,63
S01009441,173,168,45,68,83,50
S01009442,65,88,65,51,85,94
S01009443,280,276,136,122,227,390
S01009444,95,108,62,86,85,142
S01009445,182,143,36,75,108,101
S01009446,180,194,64,78,109,121
S01009447,132,101,34,55,68,59
S01009448,151,220,95,142,151,209
S01009449,86,68,35,35,54,73
S01009450,126,121,36,27,78,69
S01009451,206,207,81,67,113,100
S01009452,148,126,34,55,76,68
S01009453,179,150,62,95,114,111
S01009454,57,79,66,43,72,406
S01009455,51,94,96,36,97,539
S01009456,156,160,81,88,138,226
S01009457,84,94,43,43,69,193
S01009458,90,94,54,43,72,199
S01009459,123,127,63,58,101,188
S01009460,132,188,75,45,111,120
S01009461,40,76,73,21,96,303
S01009462,103,126,48,63,91,152
S01009463,66,108,58,66,80,171
S01009464,82,126,93,73,112,223
S01009465,74,108,41,47,80,119
S01009466,53,53,33,38,54,199
S01009467,54,70,52,38,77,289
S01009468,129,151,54,48,105,157
S01009469,71,106,72,57,99,279
S01009470,60,59,43,42,69,94
S01009471,150,119,38,40,70,112
S01009472,121,146,60,36,103,232
S01009473,170,172,61,66,101,140
S01009474,118,159,74,45,120,187
S01009475,55,58,56,41,69,160
S01009476,30,105,67,51,102,286
S01009477,113,94,86,49,96,277
S01009478,125,161,77,56,111,239
S01009479,129,122,69,61,138,326
S01009480,109,84,52,47,111,283
S01009481,144,123,79,70,130,212
S01009482,101,87,52,38,86,163
S01009483,75,99,70,49,125,238
S01009484,149,151,59,55,123,252
S01009485,157,118,50,48,104,161
S01009486,99,92,47,50,83,161
S01009487,127,158,72,63,111,146
S01009488,116,123,56,34,84,128
S01009489,189,170,54,60,90,112
S01009490,142,191,68,42,93,82
S01009491,210,158,65,82,90,112
S01009492,130,112,48,46,55,63
S01009493,61,64,78,45,104,384
S01009494,87,114,92,58,137,275
S01009495,77,113,76,72,114,250
S01009496,139,158,54,61,116,90
S01009497,187,150,79,93,150,151
S01009498,70,87,50,73,93,184
S01009499,94,130,68,61,95,181
S01009500,138,141,56,41,94,66
S01009501,195,198,68,69,109,82
S01009502,140,161,79,56,96,96
S01009503,134,120,47,58,95,107
S01009504,118,152,39,44,67,80
S01009505,125,173,60,30,95,112
S01009506,137,153,52,45,70,94
S01009507,129,168,91,59,130,106
S01009508,158,179,63,44,92,101
S01009509,162,197,73,56,111,138
S01009510,76,98,55,65,105,166
S01009511,54,66,49,54,77,163
S01009512,90,113,68,65,113,170
S01009513,63,81,41,53,84,151
S01009514,66,93,57,58,109,156
S01009515,151,147,47,72,86,64
S01009516,184,149,53,66,88,120
S01009517,60,93,113,55,138,285
S01009518,42,109,95,55,135,239
S01009519,77,124,72,61,128,251
S01009520,101,143,78,54,107,183
S01009521,229,201,52,49,85,106
S01009522,151,194,83,48,108,155
S01009523,105,121,41,28,76,78
S01009524,96,132,54,36,96,149
S01009525,108,105,52,27,71,93
S01009526,69,84,56,44,92,179
S01009527,101,105,66,39,88,177
S01009528,133,88,36,45,57,116
S01009529,82,93,43,39,89,173
S01009530,34,65,57,60,74,195
S01009531,249,231,100,74,154,190
S01009532,211,176,57,61,101,90
S01009533,189,196,84,62,138,142
S01009534,181,194,68,51,105,105
S01009535,163,154,72,33,95,99
S01009536,112,117,34,35,70,87
S01009537,81,78,54,48,50,129
S01009538,162,184,77,58,140,180
S01009539,180,144,77,88,119,170
S01009540,149,174,53,69,117,119
S01009541,181,181,117,113,219,305
S01009542,135,175,46,44,106,82
S01009543,129,79,42,49,82,120
S01009544,154,153,78,69,119,204
S01009545,147,116,40,53,97,100
S01009546,142,193,103,78,182,190
S01009547,152,172,53,56,115,123
S01009548,93,97,39,43,85,86
S01009549,125,128,60,59,103,123
S01009550,54,79,48,42,86,109
S01009551,69,81,46,34,75,98
S01009552,145,192,62,76,137,140
S01009553,179,157,58,54,116,99
S01009554,104,103,42,42,81,112
S01009555,104,115,80,68,123,158
S01009556,123,168,51,44,96,77
S01009557,121,120,48,33,88,53
S01009558,120,172,55,29,84,68
S01009559,135,186,64,43,98,75
S01009560,136,194,60,41,111,113
S01009561,87,162,45,27,90,76
S01009562,167,134,46,58,130,109
S01009563,114,133,49,60,125,112
S01009564,111,100,63,47,100,145
S01009565,77,114,52,35,93,64
S01009566,114,193,78,77,182,150
S01009567,146,147,72,54,143,143
S01009568,104,136,54,48,127,110
S01009569,136,165,52,62,115,91
S01009570,87,120,36,32,81,64
S01009571,137,134,47,34,85,82
S01009572,167,202,63,51,121,98
S01009573,128,159,46,36,90,106
S01009574,181,202,61,62,133,121
S01009575,62,92,38,33,80,75
S01009576,89,75,43,44,81,121
S01009577,66,94,59,57,60,152
S01009578,101,126,60,31,102,128
S01009579,112,149,76,79,149,176
S01009580,80,136,105,73,156,237
S01009581,72,97,47,41,87,82
S01009582,57,95,42,31,96,84
S01009583,117,204,67,46,113,98
S01009584,48,88,51,36,65,127
S01009585,143,197,79,65,115,120
S01009586,134,104,63,34,91,103
S01009587,137,131,54,73,131,127
S01009588,179,179,82,82,160,167
S01009589,145,152,63,63,152,119
S01009590,50,99,65,56,92,190
S01009591,76,111,51,53,106,134
S01009592,90,84,38,56,75,164
S01009593,43,95,48,42,97,227
S01009594,56,87,53,47,114,181
S01009595,32,66,39,26,53,122
S01009596,102,163,58,48,109,94
S01009597,133,182,62,49,108,111
S01009598,124,143,50,50,73,81
S01009599,140,153,68,64,119,114
S01009600,117,118,43,39,79,97
S01009601,89,133,59,47,97,111
S01009602,63,90,63,48,119,199
S01009603,44,57,30,29,71,108
S01009604,104,167,65,61,120,136
S01009605,119,111,51,42,59,87
S01009606,102,131,79,63,133,265
S01009607,73,101,68,60,111,247
S01009608,80,103,48,53,86,151
S01009609,88,94,61,50,120,205
S01009610,139,136,78,92,151,223
S01009611,69,76,40,41,101,184
S01009612,109,99,67,47,85,92
S01009613,52,52,34,41,67,143
S01009614,71,95,43,40,67,120
S01009615,70,68,36,25,48,73
S01009616,98,118,60,70,94,130
S01009617,81,114,61,78,108,155
S01009618,133,146,62,60,102,78
S01009619,141,128,60,51,85,88
S01009620,166,187,67,68,99,77
S01009621,128,167,70,66,92,100
S01009622,147,178,69,52,90,91
S01009623,111,85,37,42,52,60
S01009624,193,175,59,69,97,86
S01009625,174,226,63,64,111,62
S01009626,131,138,41,29,69,43
S01009627,158,188,70,58,105,87
S01009628,205,84,22,45,43,38
S01009629,191,216,79,89,133,87
S01009630,176,161,68,52,91,60
S01009631,177,151,47,47,89,59
S01009632,135,101,44,32,56,60
S01009633,153,181,55,35,89,72
S01009634,149,95,29,42,62,63
S01009635,174,181,65,84,137,123
S01009636,156,155,63,48,83,93
S01009637,156,132,48,51,74,66
S01009638,198,228,92,49,128,93
S01009639,110,90,74,78,95,235
S01009640,112,113,45,66,109,109
S01009641,214,144,100,59,156,157
S01009642,137,157,103,78,156,197
S01009643,84,196,83,88,179,251
S01009644,160,163,76,67,103,119
S01009645,129,96,49,59,92,83
S01009646,116,110,43,52,78,89
S01009647,154,110,72,45,84,100
S01009648,151,153,68,68,129,126
S01009649,169,186,89,70,169,154
S01009650,99,145,68,66,112,195
S01009651,98,165,119,84,174,452
S01009652,96,76,60,36,96,377
S01009653,38,55,38,38,59,188
S01009654,52,87,57,40,79,191
S01009655,208,169,63,55,100,69
S01009656,203,151,37,51,96,85
S01009657,165,153,54,69,110,126
S01009658,161,166,36,42,89,85
S01009659,97,113,40,43,86,75
S01009660,162,214,90,80,170,132
S01009661,98,112,69,59,93,327
S01009662,83,97,55,60,80,186
S01009663,51,77,45,43,75,225
S01009664,92,103,98,42,97,319
S01009665,84,94,66,50,125,167
S01009666,84,118,68,53,72,186
S01009667,44,60,39,38,58,226
S01009668,28,68,44,45,68,196
S01009669,61,66,49,39,57,156
S01009670,75,106,61,50,70,264
S01009671,37,81,44,43,71,223
S01009672,119,133,86,69,120,144
S01009673,96,116,56,55,89,220
S01009674,86,96,56,59,105,314
S01009675,105,99,60,59,108,280
S01009676,102,131,81,52,116,225
S01009677,42,57,44,27,58,231
S01009678,99,86,38,66,74,127
S01009679,197,158,69,74,113,220
S01009680,79,129,47,51,104,197
S01009681,79,104,54,56,82,178
S01009682,37,71,64,36,71,236
S01009683,111,109,79,31,88,303
S01009684,65,131,118,47,142,440
S01009685,94,103,37,37,72,160
S01009686,106,149,86,64,112,279
S01009687,65,121,70,52,94,159
S01009688,123,156,69,41,106,113
S01009689,79,127,62,30,76,216
S01009690,76,92,55,27,78,214
S01009691,49,74,39,31,62,221
S01009692,131,137,80,60,147,356
S01009693,36,69,60,43,85,200
S01009694,122,105,83,67,105,343
S01009695,52,51,41,21,71,210
S01009696,71,91,79,55,92,372
S01009697,72,83,62,41,71,325
S01009698,57,65,48,34,68,267
S01009699,29,55,41,22,40,181
S01009700,77,96,63,42,68,213
S01009701,46,61,53,22,53,235
S01009702,64,70,64,43,68,198
S01009703,67,97,63,51,73,159
S01009704,103,126,70,51,94,316
S01009705,113,123,72,58,95,169
S01009706,64,86,39,41,69,207
S01009707,24,66,50,39,40,172
S01009708,142,163,82,81,126,307
S01009709,129,119,89,80,87,239
S01009710,41,74,44,41,58,96
S01009711,136,106,71,43,73,202
S01009712,81,94,48,47,65,202
S01009713,95,102,62,68,80,314
S01009714,70,116,87,60,98,369
S01009715,42,83,64,31,63,324
S01009716,49,68,82,42,51,303
S01009717,61,92,203,20,65,227
S01009718,88,106,123,44,75,184
S01009719,92,104,115,37,56,171
S01009720,125,94,122,42,60,208
S01009721,6,72,192,4,32,153
S01009722,67,283,498,17,95,583
S01009723,30,73,214,8,37,285
S01009724,92,136,228,24,54,273
S01009725,12,38,181,12,34,152
S01009726,10,182,524,1,97,256
S01009727,41,67,68,18,52,305
S01009728,45,56,75,29,58,365
S01009729,29,56,51,23,41,308
S01009730,47,62,79,23,52,169
S01009731,36,38,60,22,48,284
S01009732,35,76,234,15,48,308
S01009733,35,57,21,28,49,158
S01009734,45,79,80,33,73,418
S01009735,39,56,70,12,40,398
S01009736,45,489,1986,21,175,931
S01009737,95,138,103,42,94,218
S01009738,59,67,68,19,54,181
S01009739,42,126,93,45,135,230
S01009740,69,101,39,26,69,126
S01009741,24,158,56,123,59,161
S01009742,28,62,42,20,57,209
S01009743,76,103,67,76,105,365
S01009744,56,83,56,47,78,271
S01009745,97,182,114,76,156,458
S01009746,38,75,44,21,58,243
S01009747,55,100,70,52,93,230
S01009748,89,105,65,51,95,296
S01009749,103,127,79,60,108,344
S01009750,58,112,61,52,104,198
S01009751,103,115,78,51,83,196
S01009752,23,38,66,18,41,309
S01009753,63,63,46,29,43,281
S01009754,95,85,60,36,81,394
S01009755,38,46,39,38,61,268
S01009756,29,60,47,28,61,329
S01009757,32,62,45,26,75,381
S01009758,69,73,56,47,68,162
S01009759,194,198,64,35,122,125
S01009760,211,209,59,79,103,128
S01009761,141,119,76,66,95,165
S01009762,203,205,72,38,110,127
S01009763,105,73,81,28,91,249
S01009764,124,127,53,23,83,117
S01009765,214,175,99,56,111,177
S01009766,87,64,37,42,57,82
S01009767,360,341,172,110,301,648
S01009768,127,126,59,39,83,143
S01009769,107,137,91,59,132,262
S01009770,111,104,66,43,85,169
S01009771,128,122,91,43,73,200
S01009772,67,108,47,41,77,124
S01009773,91,77,68,21,59,189
S01009774,58,72,61,10,65,185
S01009775,319,245,114,67,198,542
S01009776,144,151,43,20,85,52
S01009777,117,75,24,25,48,46
S01009778,276,166,45,48,65,87
S01009779,174,95,30,27,44,52
S01009780,157,126,46,27,59,58
S01009781,171,99,40,25,62,71
S01009782,141,125,50,36,91,154
S01009783,166,128,41,40,67,69
S01009784,217,207,75,54,121,110
S01009785,230,170,35,32,96,100
S01009786,275,173,70,49,116,130
S01009787,253,192,54,38,96,84
S01009788,224,184,68,65,98,139
S01009789,240,159,59,51,73,122
S01009790,132,133,43,38,77,77
S01009791,199,141,50,39,79,109
S01009792,98,127,99,52,115,311
S01009793,169,214,158,107,226,462
S01009794,56,96,52,44,75,134
S01009795,65,103,71,63,104,265
S01009796,127,108,73,56,67,195
S01009797,116,133,71,60,108,187
S01009798,69,82,67,48,111,186
S01009799,244,151,48,42,95,94
S01009800,209,184,79,61,111,154
S01009801,227,175,55,53,104,105
S01009802,219,178,65,56,120,165
S01009803,198,167,30,33,77,77
S01009804,112,60,31,14,40,140
S01009805,341,188,67,47,75,131
S01009806,248,126,61,57,116,134
S01009807,143,118,71,56,101,131
S01009808,132,115,42,35,66,89
S01009809,111,115,50,35,96,115
S01009810,117,130,52,48,76,94
S01009811,280,166,67,66,119,136
S01009812,150,120,46,45,100,136
S01009813,186,162,64,29,106,136
S01009814,131,107,68,50,94,200
S01009815,112,113,60,46,83,134
S01009816,90,107,54,43,86,127
S01009817,169,124,24,52,78,135
S01009818,162,140,80,87,101,243
S01009819,73,92,48,39,54,153
S01009820,168,142,89,54,120,216
S01009821,86,98,69,38,74,206
S01009822,58,93,55,32,67,75
S01009823,211,124,43,38,68,91
S01009824,162,158,69,59,112,144
S01009825,238,169,65,58,95,147
S01009826,136,130,34,34,47,75
S01009827,204,165,75,63,120,109
S01009828,194,124,37,36,68,68
S01009829,163,173,75,70,138,185
S01009830,154,129,53,62,74,93
S01009831,87,109,58,46,79,121
S01009832,146,173,73,69,115,226
S01009833,93,83,33,34,53,118
S01009834,178,164,76,44,102,143
S01009835,124,107,54,19,64,58
S01009836,222,176,75,77,103,143
S01009837,238,100,42,36,62,83
S01009838,192,144,72,51,105,197
S01009839,138,147,59,33,133,179
S01009840,247,168,68,73,89,132
S01009841,162,141,50,23,94,168
S01009842,103,131,40,18,94,114
S01009843,206,174,53,34,91,199
S01009844,184,133,45,19,120,204
S01009845,132,143,65,20,88,191
S01009846,262,202,83,41,123,241
S01009847,138,130,51,24,83,155
S01009848,236,178,58,58,114,137
S01009849,181,104,48,46,100,206
S01009850,183,142,78,47,111,196
S01009851,222,168,68,53,119,169
S01009852,98,100,42,42,59,140
S01009853,159,114,57,55,95,169
S01009854,190,155,55,44,121,168
S01009855,72,98,39,35,66,169
S01009856,114,89,61,39,74,169
S01009857,138,129,67,53,108,212
S01009858,130,123,66,56,92,162
S01009859,295,219,96,58,132,237
S01009860,307,197,64,34,97,190
S01009861,260,193,57,31,104,246
S01009862,205,164,118,35,121,366
S01009863,144,112,74,22,94,336
S01009864,131,125,50,30,111,297
S01009865,98,115,73,34,142,280
S01009866,174,111,108,51,104,266
S01009867,169,118,110,40,146,515
S01009868,89,72,59,16,73,267
S01009869,75,95,70,20,91,290
S01009870,89,71,69,17,72,229
S01009871,199,149,82,25,130,368
S01009872,111,84,62,20,131,318
S01009873,136,93,52,23,97,291
S01009874,169,131,58,45,101,329
S01009875,122,86,57,17,88,267
S01009876,47,44,28,5,29,56
S01009877,82,68,65,16,63,486
S01009878,143,109,51,21,83,256
S01009879,72,57,82,21,56,471
S01009880,120,82,71,9,89,288
S01009881,144,120,46,23,107,235
S01009882,65,102,98,26,131,619
S01009883,86,76,38,9,48,302
S01009884,99,84,50,8,79,382
S01009885,88,63,53,10,65,285
S01009886,137,81,68,10,74,278
S01009887,223,159,67,23,98,254
S01009888,109,100,42,17,61,188
S01009889,120,126,84,17,104,289
S01009890,104,92,15,7,42,96
S01009891,111,103,46,21,65,232
S01009892,151,125,56,36,86,221
S01009893,136,118,71,12,70,298
S01009894,207,134,72,29,86,176
S01009895,209,150,61,22,105,226
S01009896,249,195,71,42,112,193
S01009897,209,149,75,29,114,323
S01009898,134,126,37,24,70,142
S01009899,61,60,50,12,87,420
S01009900,23,42,45,12,58,474
S01009901,47,63,59,19,76,539
S01009902,198,105,74,54,93,300
S01009903,89,87,77,12,78,438
S01009904,75,65,61,18,83,446
S01009905,76,76,52,7,76,372
S01009906,56,43,38,5,46,229
S01009907,100,102,66,27,133,398
S01009908,86,74,67,17,85,576
S01009909,54,68,74,16,79,560
S01009910,28,36,32,4,48,244
S01009911,63,49,52,18,81,472
S01009912,122,72,70,13,64,467
S01009913,91,76,53,15,57,375
S01009914,103,91,97,37,80,483
S01009915,55,68,56,22,68,469
S01009916,138,93,83,26,70,360
S01009917,44,49,53,17,41,376
S01009918,43,45,65,17,72,349
S01009919,127,128,85,28,124,531
S01009920,40,47,63,23,86,561
S01009921,28,43,36,20,74,491
S01009922,56,50,59,22,90,652
S01009923,63,79,68,26,105,450
S01009924,66,51,63,29,86,579
S01009925,35,35,44,14,68,489
S01009926,66,50,41,18,59,357
S01009927,45,56,53,31,54,245
S01009928,42,73,69,26,82,578
S01009929,38,42,50,18,58,293
S01009930,47,46,67,23,96,435
S01009931,11,30,42,10,55,482
S01009932,51,57,42,18,58,403
S01009933,99,94,76,44,97,300
S01009934,79,68,60,25,97,432
S01009935,229,127,62,44,97,357
S01009936,105,76,40,22,62,184
S01009937,83,54,23,21,36,102
S01009938,192,146,52,58,87,217
S01009939,130,114,20,14,63,87
S01009940,236,150,44,51,84,95
S01009941,145,185,100,37,118,237
S01009942,265,188,58,45,95,123
S01009943,245,152,68,30,102,99
S01009944,118,108,64,33,69,130
S01009945,159,189,82,51,126,225
S01009946,162,139,59,35,95,174
S01009947,116,126,51,27,88,104
S01009948,190,134,64,48,98,149
S01009949,127,111,64,40,88,233
S01009950,51,47,58,9,49,341
S01009951,41,37,45,17,44,377
S01009952,56,48,48,21,52,327
S01009953,82,88,71,34,63,363
S01009954,91,69,85,21,58,286
S01009955,154,131,114,48,126,419
S01009956,81,70,54,37,81,245
S01009957,39,52,55,20,46,399
S01009958,61,68,75,42,72,404
S01009959,52,48,53,27,41,319
S01009960,79,66,52,34,71,350
S01009961,73,89,55,36,79,212
S01009962,107,125,91,59,123,365
S01009963,77,76,74,49,83,284
S01009964,72,69,93,51,111,450
S01009965,97,103,60,65,93,264
S01009966,75,94,75,65,76,172
S01009967,55,66,86,35,78,374
S01009968,86,73,55,35,69,153
S01009969,67,88,89,38,73,307
S01009970,208,172,66,36,132,89
S01009971,241,197,96,52,137,149
S01009972,106,128,74,57,100,238
S01009973,135,127,73,45,88,80
S01009974,142,126,51,38,56,50
S01009975,266,183,59,60,104,90
S01009976,116,97,27,21,39,42
S01009977,251,136,33,44,78,63
S01009978,255,222,80,66,107,112
S01009979,160,110,57,41,81,103
S01009980,279,179,67,35,88,67
S01009981,188,146,38,37,75,56
S01009982,182,175,85,69,130,151
S01009983,124,126,46,29,53,90
S01009984,130,145,39,47,86,99
S01009985,131,126,47,19,49,40
S01009986,105,91,38,19,66,61
S01009987,267,160,55,68,79,89
S01009988,152,94,40,23,58,72
S01009989,148,163,77,43,103,126
S01009990,104,113,84,49,93,108
S01009991,118,127,55,36,86,122
S01009992,188,154,60,38,74,91
S01009993,91,124,58,48,87,166
S01009994,92,118,77,47,106,155
S01009995,63,95,45,32,65,136
S01009996,92,98,42,27,92,106
S01009997,84,113,49,57,77,115
S01009998,90,68,60,42,54,193
S01009999,75,84,72,39,93,188
S01010000,62,77,54,26,71,140
S01010001,82,105,82,50,86,166
S01010002,133,113,63,60,71,158
S01010003,97,77,59,55,65,165
S01010004,66,60,70,31,50,244
S01010005,79,106,106,29,149,548
S01010006,136,128,109,44,150,520
S01010007,54,76,81,40,88,399
S01010008,102,90,48,38,99,316
S01010009,57,57,38,36,77,284
S01010010,78,91,90,53,104,460
S01010011,120,73,69,35,82,310
S01010012,125,112,77,57,111,225
S01010013,95,76,76,32,98,404
S01010014,96,93,77,29,125,456
S01010015,41,42,55,22,93,378
S01010016,200,167,74,51,69,136
S01010017,144,131,41,20,66,98
S01010018,275,213,93,75,167,233
S01010019,193,165,52,38,81,124
S01010020,184,130,44,41,85,110
S01010021,185,106,41,23,90,204
S01010022,245,229,149,80,292,992
S01010023,168,110,32,22,51,82
S01010024,195,110,58,32,105,211
S01010025,128,77,47,22,66,118
S01010026,172,102,44,37,105,295
S01010027,148,123,54,27,105,318
S01010028,146,72,37,25,51,181
S01010029,169,85,38,38,47,120
S01010030,93,74,49,26,83,354
S01010031,38,34,72,13,75,471
S01010032,52,85,109,12,139,331
S01010033,240,190,108,37,170,542
S01010034,337,230,101,49,172,464
S01010035,41,22,24,4,32,139
S01010036,36,53,91,13,97,455
S01010037,202,131,40,22,66,141
S01010038,236,133,75,37,100,286
S01010039,43,61,81,19,102,588
S01010040,114,92,67,29,84,322
S01010041,78,80,105,16,87,432
S01010042,128,98,68,29,115,452
S01010043,161,105,51,25,87,232
S01010044,203,149,73,48,152,301
S01010045,178,98,44,18,69,94
S01010046,279,201,88,49,147,275
S01010047,267,133,30,44,88,116
S01010048,379,375,140,76,221,471
S01010049,228,148,41,25,77,133
S01010050,446,290,92,42,172,237
S01010051,261,169,49,25,112,140
S01010052,201,169,72,47,134,283
S01010053,168,140,54,25,92,208
S01010054,265,144,36,23,55,67
S01010055,278,165,74,62,106,215
S01010056,172,92,38,28,66,66
S01010057,105,100,41,25,69,89
S01010058,211,120,41,42,81,118
S01010059,103,95,42,31,85,142
S01010060,218,125,55,39,109,148
S01010061,95,75,39,43,69,90
S01010062,177,163,72,48,118,132
S01010063,269,195,94,46,96,151
S01010064,92,94,44,43,43,77
S01010065,218,139,40,46,76,95
S01010066,202,148,43,27,86,91
S01010067,160,109,34,20,72,86
S01010068,205,207,102,73,214,468
S01010069,149,134,57,73,97,149
S01010070,113,98,57,61,71,83
S01010071,169,149,53,60,85,130
S01010072,186,129,59,75,84,119
S01010073,133,111,75,80,85,152
S01010074,145,140,53,58,82,165
S01010075,173,121,37,45,65,61
S01010076,144,124,44,52,72,72
S01010077,142,103,31,55,73,85
S01010078,86,88,61,51,58,151
S01010079,112,106,76,68,98,259
S01010080,99,86,60,58,79,164
S01010081,98,100,67,74,70,132
S01010082,92,120,74,73,83,250
S01010083,155,113,44,61,56,74
S01010084,205,177,58,65,81,93
S01010085,104,127,74,76,73,124
S01010086,246,151,52,55,78,89
S01010087,92,91,41,71,71,103
S01010088,174,477,279,241,498,1091
S01010089,141,98,33,49,64,97
S01010090,164,150,96,69,102,180
S01010091,111,147,81,58,110,253
S01010092,212,166,61,57,66,113
S01010093,142,130,54,55,101,153
S01010094,99,104,60,57,84,146
S01010095,88,92,60,75,71,122
S01010096,78,117,66,60,90,155
S01010097,93,115,61,78,100,132
S01010098,117,114,62,73,74,147
S01010099,84,94,73,60,91,163
S01010100,164,138,68,69,80,135
S01010101,158,126,63,62,91,118
S01010102,88,97,86,54,77,167
S01010103,139,198,89,106,131,227
S01010104,89,169,93,77,134,198
S01010105,110,89,22,13,42,36
S01010106,70,43,13,14,16,24
S01010107,192,123,44,26,64,67
S01010108,230,112,43,46,74,60
S01010109,180,151,82,46,129,231
S01010110,279,134,48,41,99,67
S01010111,234,143,35,26,83,64
S01010112,319,196,57,40,105,70
S01010113,164,111,47,30,80,90
S01010114,229,138,41,37,76,69
S01010115,78,93,44,33,65,49
S01010116,206,221,129,95,165,265
S01010117,203,209,125,88,229,392
S01010118,226,145,37,17,78,63
S01010119,128,93,38,16,54,52
S01010120,340,236,70,48,111,85
S01010121,148,89,27,20,49,39
S01010122,162,110,21,19,36,34
S01010123,155,146,68,35,97,82
S01010124,114,118,44,38,71,117
S01010125,103,89,35,21,31,60
S01010126,170,163,63,35,81,92
S01010127,173,128,28,34,65,78
S01010128,102,113,38,14,67,60
S01010129,202,151,53,30,71,83
S01010130,120,142,70,52,129,182
S01010131,210,133,78,72,96,153
S01010132,243,180,54,49,86,98
S01010133,209,122,50,43,54,69
S01010134,292,197,51,70,92,149
S01010135,222,132,65,62,72,74
S01010136,181,134,79,64,82,140
S01010137,208,182,60,51,109,171
S01010138,253,156,46,72,74,103
S01010139,238,201,65,69,89,120
S01010140,115,138,65,52,120,173
S01010141,236,166,74,43,98,99
S01010142,178,124,57,44,88,106
S01010143,207,152,43,69,63,98
S01010144,119,132,54,31,91,128
S01010145,171,135,48,44,82,127
S01010146,176,120,49,36,75,86
S01010147,237,171,54,45,103,125
S01010148,233,182,100,64,143,240
S01010149,243,178,79,68,137,250
S01010150,286,158,50,44,71,68
S01010151,245,134,35,45,70,100
S01010152,194,113,45,51,80,146
S01010153,247,174,61,58,115,147
S01010154,288,154,57,54,73,95
S01010155,255,141,41,53,88,106
S01010156,147,100,28,29,47,53
S01010157,168,136,33,36,57,61
S01010158,218,141,53,59,81,112
S01010159,224,135,60,50,58,85
S01010160,99,88,29,18,82,82
S01010161,127,143,43,49,68,104
S01010162,211,150,52,31,68,100
S01010163,195,150,57,45,105,95
S01010164,224,167,60,58,79,103
S01010165,191,144,43,52,69,68
S01010166,228,184,80,68,109,170
S01010167,302,122,57,47,68,63
S01010168,108,71,48,25,52,66
S01010169,213,157,54,31,74,69
S01010170,145,65,28,31,54,45
S01010171,269,184,56,47,103,112
S01010172,219,127,44,41,78,168
S01010173,197,123,58,54,77,110
S01010174,414,346,109,82,140,175
S01010175,117,91,45,33,52,80
S01010176,184,119,67,52,73,126
S01010177,188,123,51,16,51,110
S01010178,223,186,60,40,94,87
S01010179,275,132,44,22,61,84
S01010180,156,130,59,24,91,148
S01010181,164,95,33,26,56,52
S01010182,135,95,40,51,81,119
S01010183,131,81,24,25,52,60
S01010184,176,115,31,36,63,60
S01010185,186,133,57,37,96,84
S01010186,127,112,33,40,68,140
S01010187,85,105,61,50,66,95
S01010188,195,225,174,99,245,561
S01010189,105,140,109,54,105,241
S01010190,87,104,87,43,87,277
S01010191,86,93,61,47,88,178
S01010192,106,137,103,50,97,191
S01010193,141,149,71,68,93,171
S01010194,182,122,45,38,79,64
S01010195,129,128,54,31,43,76
S01010196,193,102,39,38,63,83
S01010197,203,134,28,47,70,41
S01010198,322,183,75,58,114,93
S01010199,162,126,54,32,54,57
S01010200,199,115,49,45,79,75
S01010201,148,93,46,52,87,70
S01010202,208,132,47,28,77,70
S01010203,118,126,59,76,82,99
S01010204,214,131,53,37,66,67
S01010205,142,95,35,36,59,79
S01010206,0,0,0,0,0,0
S01010207,70,54,12,10,22,26
S01010208,201,134,83,51,117,236
S01010209,262,181,81,73,125,175
S01010210,181,143,69,59,102,165
S01010211,225,118,49,29,77,86
S01010212,299,223,107,64,141,179
S01010213,282,159,53,58,97,89
S01010214,213,156,84,67,80,167
S01010215,290,144,60,40,87,139
S01010216,168,98,24,14,66,98
S01010217,86,122,36,27,74,86
S01010218,170,165,82,31,114,250
S01010219,33,19,6,7,17,22
S01010220,30,28,60,11,50,263
S01010221,221,116,48,31,57,169
S01010222,160,101,42,29,107,158
S01010223,165,78,49,23,50,88
S01010224,289,188,55,32,113,169
S01010225,196,134,50,34,104,152
S01010226,0,0,0,0,0,0
S01010227,0,0,0,0,0,0
S01010228,286,178,76,60,137,166
S01010229,321,240,81,60,154,197
S01010230,331,166,51,30,112,208
S01010231,227,188,56,37,100,155
S01010232,183,130,39,40,109,119
S01010233,201,149,50,44,52,97
S01010234,111,85,73,37,107,500
S01010235,67,36,74,13,72,478
S01010236,66,79,69,21,76,367
S01010237,61,43,58,22,87,351
S01010238,104,80,67,30,87,315
S01010239,150,119,56,38,78,207
S01010240,104,69,62,25,80,287
S01010241,167,100,66,42,119,392
S01010242,93,81,50,25,68,224
S01010243,163,163,67,26,123,279
S01010244,122,92,37,37,80,142
S01010245,235,120,49,28,78,107
S01010246,209,138,61,33,87,147
S01010247,248,145,51,57,66,89
S01010248,72,54,67,24,100,465
S01010249,45,47,75,16,84,351
S01010250,44,58,69,14,103,405
S01010251,15,29,61,10,68,367
S01010252,41,44,58,9,68,299
S01010253,113,72,49,30,74,202
S01010254,268,118,84,42,93,205
S01010255,220,150,81,25,134,174
S01010256,191,149,98,29,102,183
S01010257,135,161,493,41,221,1163
S01010258,17,73,329,19,108,849
S01010259,195,231,570,50,206,709
S01010260,146,194,578,32,224,974
S01010261,172,245,1055,71,420,1491
S01010262,220,116,78,43,79,232
S01010263,40,38,85,17,75,406
S01010264,86,99,130,12,105,476
S01010265,27,60,148,9,91,581
S01010266,53,62,105,9,68,315
S01010267,11,24,186,10,70,392
S01010268,53,95,149,10,115,386
S01010269,31,34,75,15,49,244
S01010270,315,165,398,59,256,822
S01010271,108,131,401,14,138,570
S01010272,153,121,91,24,119,475
S01010273,30,52,130,9,66,535
S01010274,25,103,247,13,100,585
S01010275,32,42,180,9,80,414
S01010276,32,70,66,18,85,647
S01010277,183,118,57,36,88,179
S01010278,120,75,48,14,76,228
S01010279,83,83,114,15,70,215
S01010280,53,68,166,14,82,488
S01010281,30,46,126,14,100,460
S01010282,108,78,163,22,105,483
S01010283,53,74,133,18,116,518
S01010284,78,143,437,40,198,1572
S01010285,64,73,152,15,92,377
S01010286,35,137,665,25,236,1341
S01010287,28,44,187,9,67,355
S01010288,45,69,304,18,129,624
S01010289,18,52,109,15,72,552
S01010290,42,46,104,19,64,409
S01010291,67,79,278,21,92,583
S01010292,32,45,163,7,68,474
S01010293,75,78,272,7,113,432
S01010294,39,42,198,15,55,282
S01010295,59,66,234,6,104,487
S01010296,66,74,136,13,57,256
S01010297,196,158,102,35,142,629
S01010298,146,75,114,27,79,319
S01010299,122,68,55,29,68,190
S01010300,177,87,97,25,93,387
S01010301,35,32,39,7,34,203
S01010302,165,102,35,22,65,156
S01010303,108,81,44,11,73,169
S01010304,143,87,65,29,78,223
S01010305,182,83,67,37,88,347
S01010306,45,53,73,10,55,344
S01010307,39,36,80,16,60,492
S01010308,83,69,150,17,78,610
S01010309,100,34,14,15,22,43
S01010310,159,114,43,14,74,125
S01010311,233,101,67,24,61,123
S01010312,268,168,78,28,74,118
S01010313,151,101,48,29,68,119
S01010314,281,163,246,53,187,476
S01010315,137,136,69,40,87,262
S01010316,96,87,52,23,64,171
S01010317,77,68,109,20,82,573
S01010318,160,233,859,42,195,564
S01010319,81,86,70,23,67,311
S01010320,100,80,89,17,84,377
S01010321,157,84,80,27,58,350
S01010322,30,49,85,17,59,594
S01010323,260,123,32,24,38,60
S01010324,289,138,38,36,55,75
S01010325,347,170,62,55,80,88
S01010326,309,216,63,35,106,223
S01010327,245,162,71,35,73,175
S01010328,288,165,75,76,88,156
S01010329,165,100,41,28,57,116
S01010330,168,115,40,27,52,70
S01010331,312,161,56,52,83,110
S01010332,220,171,55,38,71,112
S01010333,256,189,77,57,142,137
S01010334,227,231,60,87,116,139
S01010335,272,164,64,50,77,112
S01010336,145,126,37,24,59,71
S01010337,231,154,45,39,77,81
S01010338,144,95,24,26,71,44
S01010339,165,90,46,37,49,70
S01010340,152,166,60,31,88,101
S01010341,127,116,61,47,87,84
S01010342,112,106,55,68,44,105
S01010343,130,143,77,82,94,164
S01010344,194,145,41,37,79,75
S01010345,65,125,63,48,95,251
S01010346,138,115,80,50,107,313
S01010347,210,175,150,29,135,276
S01010348,206,175,46,64,94,90
S01010349,229,160,55,58,78,108
S01010350,228,177,73,48,117,160
S01010351,122,127,79,50,90,224
S01010352,123,87,44,25,59,107
S01010353,244,185,76,30,88,184
S01010354,172,125,42,30,71,150
S01010355,174,139,68,28,96,187
S01010356,119,129,71,37,100,236
S01010357,105,112,33,21,41,103
S01010358,235,158,59,36,92,176
S01010359,242,143,62,44,77,152
S01010360,119,99,67,28,84,185
S01010361,156,138,45,26,56,135
S01010362,140,134,68,36,79,183
S01010363,52,61,68,27,74,386
S01010364,58,64,84,34,74,483
S01010365,35,46,87,26,58,529
S01010366,69,87,77,25,75,559
S01010367,56,99,501,26,117,832
S01010368,57,64,94,23,54,485
S01010369,47,48,50,16,51,378
S01010370,31,34,87,7,42,450
S01010371,41,68,135,15,72,680
S01010372,28,25,80,9,38,340
S01010373,40,44,86,13,60,470
S01010374,24,45,142,10,55,566
S01010375,16,52,194,6,44,270
S01010376,29,49,155,6,54,382
S01010377,27,54,232,9,62,453
S01010378,17,39,251,5,64,346
S01010379,46,69,295,15,94,529
S01010380,49,44,127,7,68,606
S01010381,32,40,94,13,41,309
S01010382,45,51,118,20,74,425
S01010383,92,73,93,15,67,244
S01010384,52,95,413,31,121,1022
S01010385,61,56,107,23,99,443
S01010386,135,146,300,44,133,667
S01010387,101,123,637,47,200,1021
S01010388,150,100,84,28,107,393
S01010389,35,77,103,19,106,710
S01010390,64,84,96,32,135,659
S01010391,76,83,75,34,83,381
S01010392,30,51,48,13,68,480
S01010393,78,54,65,33,99,594
S01010394,144,124,75,34,101,322
S01010395,94,81,82,29,94,553
S01010396,113,72,108,29,97,519
S01010397,20,40,81,19,31,428
S01010398,68,67,100,26,73,626
S01010399,22,26,76,9,72,811
S01010400,44,50,83,18,59,674
S01010401,45,43,127,11,60,430
S01010402,41,39,75,19,61,646
S01010403,50,66,105,22,52,676
S01010404,41,66,85,7,71,567
S01010405,30,46,119,15,55,615
S01010406,34,60,143,16,55,545
S01010407,29,54,179,12,78,510
S01010408,58,43,50,18,50,245
S01010409,33,39,57,21,44,225
S01010410,34,47,57,20,49,394
S01010411,34,66,63,12,54,591
S01010412,108,54,75,22,43,456
S01010413,53,52,63,20,56,459
S01010414,71,85,70,29,78,484
S01010415,150,138,80,45,120,430
S01010416,27,45,51,16,31,365
S01010417,31,30,45,8,36,348
S01010418,36,35,80,16,83,672
S01010419,30,55,64,17,67,597
S01010420,71,43,53,21,49,336
S01010421,33,57,56,26,50,437
S01010422,87,86,68,49,80,485
S01010423,146,130,55,44,115,197
S01010424,118,128,56,35,88,261
S01010425,174,177,84,39,117,252
S01010426,91,87,47,30,71,211
S01010427,212,141,52,34,107,192
S01010428,64,66,56,37,60,297
S01010429,53,66,61,32,85,510
S01010430,175,153,73,35,125,193
S01010431,22,37,42,16,38,354
S01010432,165,154,67,32,92,179
S01010433,126,72,35,10,58,87
S01010434,151,107,48,20,67,136
S01010435,121,118,48,32,76,124
S01010436,183,126,41,34,80,208
S01010437,113,97,52,30,53,110
S01010438,153,150,59,33,100,148
S01010439,143,171,52,56,97,211
S01010440,132,123,60,44,76,159
S01010441,98,127,74,47,154,305
S01010442,125,137,56,30,86,172
S01010443,112,97,48,41,66,102
S01010444,131,105,38,49,73,93
S01010445,242,202,61,52,72,118
S01010446,151,128,71,76,90,151
S01010447,236,171,73,68,104,147
S01010448,132,124,66,63,96,146
S01010449,187,123,56,53,79,128
S01010450,170,128,52,50,83,161
S01010451,169,147,61,42,118,222
S01010452,169,134,57,52,83,154
S01010453,126,86,58,24,83,143
S01010454,221,148,43,69,91,156
S01010455,203,170,49,49,80,89
S01010456,107,76,41,47,59,128
S01010457,85,66,24,31,50,110
S01010458,168,130,50,40,79,128
S01010459,111,74,28,37,61,101
S01010460,67,69,55,35,69,298
S01010461,152,123,53,35,70,145
S01010462,230,124,56,23,93,128
S01010463,119,87,66,59,86,245
S01010464,93,69,41,22,67,140
S01010465,69,107,79,40,99,362
S01010466,38,63,76,38,91,402
S01010467,82,96,47,31,72,411
S01010468,80,68,71,35,77,455
S01010469,84,72,58,28,67,272
S01010470,133,114,49,56,90,224
S01010471,132,102,57,41,76,172
S01010472,101,100,57,16,76,298
S01010473,116,98,73,22,86,314
S01010474,72,77,66,15,74,308
S01010475,39,61,64,17,85,394
S01010476,185,159,92,55,148,508
S01010477,134,121,94,58,85,174
S01010478,173,141,79,42,113,150
S01010479,210,159,77,64,148,217
S01010480,100,117,53,36,88,135
S01010481,119,103,51,24,70,102
S01010482,151,124,60,48,93,180
S01010483,204,174,83,66,151,261
S01010484,116,99,33,39,61,101
S01010485,151,155,81,63,110,237
S01010486,119,117,76,92,98,268
S01010487,207,185,100,89,133,163
S01010488,131,123,54,44,78,111
S01010489,261,168,88,55,128,172
S01010490,131,124,44,23,67,79
S01010491,180,145,47,45,83,95
S01010492,161,117,47,20,75,43
S01010493,164,177,48,27,71,49
S01010494,88,111,51,34,58,69
S01010495,221,184,51,31,82,87
S01010496,236,213,62,44,99,86
S01010497,130,125,39,18,59,61
S01010498,288,176,67,41,92,78
S01010499,255,146,39,33,94,88
S01010500,241,201,59,36,98,115
S01010501,246,228,90,63,111,143
S01010502,169,153,68,61,78,76
S01010503,174,118,29,36,75,75
S01010504,48,71,63,37,57,240
S01010505,69,83,64,30,53,156
S01010506,112,146,93,47,79,325
S01010507,117,151,80,40,73,139
S01010508,130,166,103,60,113,371
S01010509,128,152,102,60,114,296
S01010510,232,163,90,75,82,192
S01010511,187,175,76,66,85,83
S01010512,103,113,47,43,62,133
S01010513,90,116,68,55,70,232
S01010514,134,133,60,48,59,89
S01010515,172,156,67,58,63,89
S01010516,103,101,69,48,77,171
S01010517,112,136,70,53,92,186
S01010518,66,97,49,59,51,175
S01010519,103,126,70,51,77,137
S01010520,167,158,82,89,78,151
S01010521,147,143,72,53,88,133
S01010522,118,143,127,37,118,148
S01010523,134,123,46,44,83,85
S01010524,54,65,65,34,53,190
S01010525,62,94,76,45,67,216
S01010526,120,132,76,66,101,244
S01010527,147,195,70,70,73,211
S01010528,100,106,61,46,72,220
S01010529,116,97,69,52,65,230
S01010530,70,101,56,30,68,209
S01010531,152,159,96,97,114,341
S01010532,56,59,42,24,38,149
S01010533,49,86,54,29,52,205
S01010534,93,131,73,57,88,245
S01010535,51,75,61,27,62,274
S01010536,142,136,62,59,74,137
S01010537,84,120,64,45,67,175
S01010538,78,168,74,52,121,274
S01010539,104,155,90,59,104,298
S01010540,56,60,41,27,43,231
S01010541,103,122,96,53,79,335
S01010542,88,116,69,42,67,340
S01010543,54,67,45,36,52,183
S01010544,113,134,74,80,82,206
S01010545,103,126,71,61,72,245
S01010546,106,113,70,46,61,208
S01010547,99,115,70,54,87,236
S01010548,92,97,69,54,85,208
S01010549,132,290,158,121,184,539
S01010550,67,99,51,34,54,133
S01010551,64,123,63,50,76,263
S01010552,73,88,73,47,72,255
S01010553,62,107,53,45,81,172
S01010554,81,107,60,59,73,169
S01010555,95,125,90,54,82,221
S01010556,212,206,93,60,69,123
S01010557,123,85,57,37,59,114
S01010558,132,141,81,63,85,202
S01010559,131,90,68,43,64,283
S01010560,69,82,66,49,62,192
S01010561,77,88,63,49,64,250
S01010562,107,125,69,74,66,154
S01010563,72,105,56,41,44,66
S01010564,105,100,30,38,39,66
S01010565,97,114,55,49,64,111
S01010566,102,163,109,85,123,409
S01010567,156,150,109,95,110,361
S01010568,158,226,145,109,218,512
S01010569,114,242,98,149,144,288
S01010570,173,186,74,67,83,193
S01010571,98,123,70,51,95,149
S01010572,94,139,71,40,67,122
S01010573,70,110,46,29,61,65
S01010574,67,84,53,38,55,147
S01010575,69,95,64,41,82,218
S01010576,54,100,79,57,81,291
S01010577,128,157,75,47,78,95
S01010578,89,111,38,49,42,82
S01010579,73,125,73,70,77,150
S01010580,84,121,58,47,78,151
S01010581,36,71,43,24,53,140
S01010582,196,255,254,109,332,398
S01010583,102,147,93,68,102,256
S01010584,70,157,87,43,128,231
S01010585,41,125,75,59,88,245
S01010586,58,108,70,41,91,253
S01010587,64,79,57,51,64,218
S01010588,68,86,63,33,63,194
S01010589,94,102,30,39,46,103
S01010590,39,88,76,45,102,297
S01010591,60,204,137,103,185,359
S01010592,69,75,46,31,64,108
S01010593,124,271,171,99,219,519
S01010594,46,91,85,38,90,169
S01010595,32,111,75,49,95,212
S01010596,94,217,170,136,205,601
S01010597,43,119,76,39,108,241
S01010598,41,139,86,52,123,287
S01010599,104,248,177,125,233,544
S01010600,131,142,103,88,139,375
S01010601,72,88,63,49,58,235
S01010602,41,64,41,41,72,139
S01010603,66,97,96,66,88,232
S01010604,33,36,60,22,42,170
S01010605,103,133,104,74,117,314
S01010606,130,161,62,64,92,152
S01010607,49,77,70,44,91,260
S01010608,126,151,50,33,58,90
S01010609,106,119,32,37,47,83
S01010610,60,83,70,46,54,284
S01010611,155,171,84,53,114,136
S01010612,111,134,70,46,79,129
S01010613,128,120,60,48,49,132
S01010614,136,136,54,30,61,78
S01010615,83,144,69,47,87,185
S01010616,82,117,74,65,94,207
S01010617,92,138,94,73,88,196
S01010618,87,105,66,65,86,154
S01010619,88,113,54,27,86,133
S01010620,96,123,61,22,103,178
S01010621,76,114,78,34,96,340
S01010622,136,130,47,38,67,89
S01010623,60,135,51,36,84,183
S01010624,126,132,62,37,64,149
S01010625,77,65,61,43,70,287
S01010626,124,121,104,55,70,378
S01010627,92,100,74,42,73,299
S01010628,105,141,70,49,90,337
S01010629,176,111,53,62,85,370
S01010630,70,78,51,30,57,138
S01010631,93,87,52,20,59,185
S01010632,177,148,81,56,89,190
S01010633,233,239,84,70,110,113
S01010634,110,108,46,33,52,71
S01010635,167,155,68,35,71,108
S01010636,82,109,76,61,87,223
S01010637,100,83,61,42,47,133
S01010638,162,128,68,54,93,178
S01010639,212,240,94,56,136,228
S01010640,83,99,66,44,74,200
S01010641,209,203,55,46,73,128
S01010642,257,274,63,60,119,164
S01010643,156,154,45,34,65,84
S01010644,164,171,67,25,51,74
S01010645,55,66,42,40,49,125
S01010646,71,92,75,77,67,196
S01010647,117,108,53,61,66,137
S01010648,93,94,60,53,75,138
S01010649,80,88,40,38,63,156
S01010650,201,290,150,105,186,352
S01010651,118,103,67,41,58,89
S01010652,113,146,84,59,100,216
S01010653,99,102,57,49,52,98
S01010654,138,151,76,43,67,111
S01010655,76,128,102,68,97,331
S01010656,75,121,53,59,87,161
S01010657,56,72,53,65,75,224
S01010658,73,99,71,54,74,302
S01010659,56,92,56,53,73,261
S01010660,92,102,50,44,63,141
S01010661,104,125,46,64,78,143
S01010662,74,143,70,67,89,261
S01010663,93,134,83,85,85,281
S01010664,63,84,55,54,80,291
S01010665,109,152,90,79,113,359
S01010666,113,174,110,77,113,322
S01010667,55,84,74,37,60,248
S01010668,141,212,125,85,105,351
S01010669,62,102,59,45,67,178
S01010670,96,126,77,48,97,241
S01010671,55,113,70,42,75,264
S01010672,92,135,62,40,68,149
S01010673,108,139,88,55,93,341
S01010674,133,142,108,55,91,327
S01010675,89,99,73,49,62,255
S01010676,77,100,120,43,122,422
S01010677,65,59,47,29,55,231
S01010678,113,102,71,66,59,207
S01010679,85,78,67,36,52,144
S01010680,106,129,75,58,71,149
S01010681,123,178,104,64,141,192
S01010682,131,156,102,97,108,306
S01010683,120,145,126,76,81,308
S01010684,112,122,83,60,82,291
S01010685,77,78,56,32,72,239
S01010686,84,113,72,36,60,215
S01010687,110,119,89,42,78,326
S01010688,63,110,68,47,78,316
S01010689,105,114,67,40,88,257
S01010690,86,98,60,26,53,169
S01010691,47,121,63,50,84,296
S01010692,70,147,93,41,78,193
S01010693,43,85,54,27,48,198
S01010694,101,95,51,41,47,211
S01010695,77,107,61,49,75,225
S01010696,137,153,88,86,100,272
S01010697,125,167,102,66,111,358
S01010698,93,108,67,66,71,221
S01010699,66,72,37,43,63,178
S01010700,52,80,57,44,71,165
S01010701,107,188,115,73,98,249
S01010702,124,145,85,63,95,288
S01010703,82,121,76,84,87,277
S01010704,111,112,40,50,46,126
S01010705,152,242,131,128,161,305
S01010706,121,162,70,66,77,145
S01010707,111,208,111,106,122,329
S01010708,64,92,38,58,62,135
S01010709,71,87,72,74,76,163
S01010710,107,143,54,61,71,99
S01010711,79,90,80,68,76,263
S01010712,108,159,72,62,69,93
S01010713,117,151,58,73,57,84
S01010714,137,129,32,48,37,87
S01010715,126,155,76,68,76,126
S01010716,165,152,86,71,92,226
S01010717,71,82,52,53,58,210
S01010718,107,184,109,83,125,261
S01010719,57,92,49,63,42,224
S01010720,134,115,75,71,114,379
S01010721,54,66,55,34,60,264
S01010722,114,115,69,53,62,253
S01010723,70,148,94,73,78,330
S01010724,89,145,86,74,86,276
S01010725,81,128,95,81,125,402
S01010726,91,130,89,70,86,273
S01010727,59,72,63,44,71,245
S01010728,56,62,61,30,56,193
S01010729,81,89,74,67,65,204
S01010730,105,132,80,73,85,333
S01010731,82,104,88,62,77,308
S01010732,159,157,52,47,69,85
S01010733,105,121,41,27,59,58
S01010734,189,176,68,53,76,106
S01010735,120,162,38,24,66,81
S01010736,65,85,57,42,58,127
S01010737,275,259,126,99,134,209
S01010738,118,94,50,43,53,76
S01010739,156,166,84,56,85,137
S01010740,113,107,41,27,37,51
S01010741,124,197,100,105,112,156
S01010742,124,158,80,61,59,95
S01010743,115,140,59,49,69,61
S01010744,151,198,85,108,103,198
S01010745,139,111,58,47,60,80
S01010746,127,179,95,66,121,252
S01010747,144,167,64,66,76,145
S01010748,69,83,66,66,76,163
S01010749,93,106,51,53,71,153
S01010750,79,89,44,52,62,178
S01010751,153,177,49,58,51,103
S01010752,136,149,61,45,80,133
S01010753,171,194,115,90,99,209
S01010754,104,111,51,58,55,110
S01010755,111,113,53,45,47,65
S01010756,85,103,67,65,58,183
S01010757,109,125,55,60,58,207
S01010758,91,145,65,63,84,222
S01010759,87,124,66,47,57,128
S01010760,107,102,103,47,71,238
S01010761,57,60,48,36,44,166
S01010762,74,95,52,45,55,173
S01010763,105,114,65,59,68,181
S01010764,81,99,44,62,49,192
S01010765,181,172,90,94,89,247
S01010766,100,141,84,83,91,172
S01010767,135,128,59,65,57,133
S01010768,118,96,44,52,39,90
S01010769,66,87,45,63,50,146
S01010770,123,132,69,90,72,151
S01010771,161,147,77,78,80,196
S01010772,156,136,57,76,69,214
S01010773,126,157,72,83,75,178
S01010774,115,123,71,51,63,156
S01010775,98,127,93,84,99,168
S01010776,86,104,41,45,58,89
S01010777,122,96,36,39,34,66
S01010778,109,115,43,24,33,65
S01010779,163,152,69,38,51,90
S01010780,133,106,48,45,42,83
S01010781,108,134,76,66,79,130
S01010782,153,124,56,49,48,82
S01010783,128,114,44,41,41,39
S01010784,168,153,37,62,45,44
S01010785,108,95,62,76,66,121
S01010786,127,130,55,72,83,140
S01010787,146,159,79,74,101,174
S01010788,108,101,62,54,67,125
S01010789,93,131,58,71,71,127
S01010790,106,110,58,87,72,166
S01010791,132,129,70,70,107,257
S01010792,137,119,47,61,45,67
S01010793,75,98,54,51,96,163
S01010794,63,93,62,48,105,124
S01010795,172,161,83,100,123,196
S01010796,106,120,75,62,102,211
S01010797,98,121,70,63,107,175
S01010798,71,92,60,58,89,160
S01010799,148,97,55,52,64,171
S01010800,114,158,73,69,82,75
S01010801,135,127,59,70,60,94
S01010802,63,86,37,51,82,73
S01010803,101,101,61,45,52,105
S01010804,69,100,58,58,82,138
S01010805,92,154,90,65,136,175
S01010806,170,156,77,54,118,119
S01010807,62,84,49,58,71,86
S01010808,55,89,47,34,68,99
S01010809,110,99,57,63,91,175
S01010810,90,79,46,45,68,123
S01010811,127,122,85,65,92,239
S01010812,76,74,48,39,41,114
S01010813,53,76,57,31,44,113
S01010814,67,118,67,38,59,215
S01010815,71,78,34,26,39,101
S01010816,47,68,58,23,48,294
S01010817,48,73,71,34,79,425
S01010818,94,96,87,49,74,457
S01010819,87,95,65,52,113,261
S01010820,51,65,65,35,80,264
S01010821,36,37,56,16,64,258
S01010822,94,55,60,15,84,255
S01010823,39,49,32,19,62,65
S01010824,25,62,87,36,125,216
S01010825,35,93,88,48,153,296
S01010826,70,93,59,53,105,226
S01010827,45,65,68,65,83,139
S01010828,82,142,133,69,177,356
S01010829,87,135,56,69,154,295
S01010830,64,94,55,43,115,153
S01010831,28,67,78,27,85,182
S01010832,78,100,62,57,89,109
S01010833,58,81,71,56,118,332
S01010834,107,94,84,82,154,380
S01010835,39,54,51,41,72,200
S01010836,54,90,76,63,99,311
S01010837,79,90,88,64,124,163
S01010838,111,111,80,45,103,156
S01010839,80,93,91,70,117,170
S01010840,69,61,47,42,57,143
S01010841,87,81,71,69,117,222
S01010842,203,134,63,72,98,151
S01010843,121,106,71,54,97,141
S01010844,69,68,67,50,89,195
S01010845,75,67,36,51,72,122
S01010846,100,133,46,43,83,118
S01010847,57,75,60,54,99,135
S01010848,160,164,60,40,103,59
S01010849,200,220,70,54,98,91
S01010850,245,150,46,52,82,85
S01010851,185,216,74,56,109,96
S01010852,166,161,45,55,101,76
S01010853,173,189,82,84,134,103
S01010854,182,228,66,42,94,70
S01010855,121,85,53,32,73,57
S01010856,183,174,61,69,118,98
S01010857,100,152,92,64,126,108
S01010858,117,122,46,44,84,56
S01010859,227,194,61,55,98,97
S01010860,126,105,35,43,80,65
S01010861,125,119,57,47,78,76
S01010862,128,137,43,34,78,83
S01010863,86,91,71,59,102,251
S01010864,57,48,55,39,69,252
S01010865,100,84,55,68,106,337
S01010866,99,74,61,56,74,228
S01010867,88,60,52,46,86,213
S01010868,122,82,65,41,79,236
S01010869,38,56,72,47,92,274
S01010870,105,86,60,65,97,181
S01010871,82,92,97,60,122,244
S01010872,110,104,62,68,97,190
S01010873,129,81,42,35,81,59
S01010874,73,88,56,42,119,203
S01010875,74,60,57,35,77,135
S01010876,118,133,59,40,130,163
S01010877,100,119,69,42,155,208
S01010878,205,197,94,117,149,194
S01010879,131,134,75,77,123,161
S01010880,75,95,22,37,71,65
S01010881,111,82,45,54,81,112
S01010882,59,75,45,41,79,81
S01010883,134,111,57,58,116,148
S01010884,180,146,52,53,92,93
S01010885,198,188,77,53,131,143
S01010886,51,65,19,20,39,52
S01010887,221,142,64,57,117,89
S01010888,168,175,79,69,113,108
S01010889,110,77,41,19,51,50
S01010890,249,126,57,64,105,82
S01010891,142,84,26,45,49,51
S01010892,217,164,60,73,119,116
S01010893,140,107,49,29,62,64
S01010894,158,106,63,38,93,115
S01010895,71,77,41,18,51,51
S01010896,187,154,53,68,90,90
S01010897,175,187,59,51,85,66
S01010898,114,124,45,49,73,52
S01010899,88,69,59,44,94,69
S01010900,159,146,47,52,104,76
S01010901,138,136,44,37,56,40
S01010902,214,178,55,74,116,114
S01010903,251,161,55,51,96,75
S01010904,154,115,63,34,73,38
S01010905,177,207,66,84,156,215
S01010906,202,178,86,76,113,152
S01010907,55,112,66,42,102,175
S01010908,133,91,67,48,94,108
S01010909,93,93,63,53,91,142
S01010910,91,82,31,30,53,75
S01010911,159,119,42,63,48,71
S01010912,163,111,48,54,75,94
S01010913,85,113,65,61,106,134
S01010914,78,118,67,48,70,74
S01010915,101,129,61,58,109,91
S01010916,77,70,27,32,33,46
S01010917,88,89,43,62,72,84
S01010918,175,105,43,70,59,77
S01010919,160,136,42,61,92,76
S01010920,135,122,59,37,98,155
S01010921,167,124,36,34,75,64
S01010922,258,182,64,62,98,78
S01010923,188,181,56,81,106,79
S01010924,145,115,48,43,51,57
S01010925,167,112,52,67,73,70
S01010926,219,181,69,53,107,76
S01010927,133,121,43,53,60,52
S01010928,160,153,56,53,94,47
S01010929,154,126,45,38,58,65
S01010930,56,89,68,48,80,381
S01010931,70,138,101,76,115,313
S01010932,142,119,61,58,69,165
S01010933,79,146,126,66,118,456
S01010934,72,117,95,62,93,388
S01010935,70,103,74,47,55,204
S01010936,116,97,61,47,64,189
S01010937,74,126,82,67,75,165
S01010938,160,204,79,71,70,108
S01010939,39,96,57,40,53,112
S01010940,40,100,72,44,56,201
S01010941,66,123,95,58,91,215
S01010942,51,96,85,40,67,183
S01010943,90,127,69,41,63,98
S01010944,101,110,47,49,54,94
S01010945,114,117,55,45,46,84
S01010946,160,208,86,57,84,131
S01010947,93,110,49,40,47,70
S01010948,118,124,51,54,70,105
S01010949,128,132,91,73,93,247
S01010950,99,134,84,56,106,165
S01010951,77,138,63,59,84,122
S01010952,48,87,54,48,47,126
S01010953,66,99,50,45,63,105
S01010954,79,195,82,101,81,161
S01010955,77,228,192,111,191,725
S01010956,92,232,147,100,174,791
S01010957,40,106,56,40,57,146
S01010958,55,74,47,35,36,159
S01010959,62,72,48,29,63,248
S01010960,166,230,98,80,111,318
S01010961,91,122,55,46,41,124
S01010962,168,108,36,42,41,103
S01010963,123,168,90,73,87,192
S01010964,115,117,57,68,55,157
S01010965,87,100,38,35,44,72
S01010966,141,137,56,75,69,117
S01010967,116,132,52,50,74,111
S01010968,91,107,73,73,75,142
S01010969,94,129,68,52,77,193
S01010970,159,182,117,88,103,235
S01010971,122,171,107,90,124,238
S01010972,152,167,48,79,76,88
S01010973,68,96,40,47,56,83
S01010974,163,160,57,59,70,121
S01010975,88,105,28,39,46,59
S01010976,96,97,48,45,43,83
S01010977,120,117,60,64,64,114
S01010978,124,167,62,60,69,120
S01010979,114,177,90,60,105,158
S01010980,117,138,72,68,72,132
S01010981,115,141,58,64,72,152
S01010982,158,123,109,84,96,454
S01010983,125,145,67,68,73,166
S01010984,89,114,61,65,72,166
S01010985,73,123,48,66,72,103
S01010986,31,62,52,34,57,148
S01010987,31,88,99,55,65,164
S01010988,43,72,81,33,60,173
S01010989,39,159,92,67,114,293
S01010990,123,137,63,91,82,140
S01010991,183,484,371,220,364,1165
S01010992,25,66,56,30,54,193
S01010993,71,111,61,52,60,143
S01010994,143,186,157,61,147,584
S01010995,65,120,66,67,72,166
S01010996,52,68,39,38,44,194
S01010997,80,98,64,31,52,229
S01010998,30,67,80,50,50,389
S01010999,95,115,84,45,74,422
S01011000,160,356,256,159,263,1030
S01011001,132,114,43,58,72,89
S01011002,131,160,58,73,58,96
S01011003,97,151,58,58,66,105
S01011004,82,124,59,50,64,165
S01011005,133,130,50,63,76,148
S01011006,211,383,172,138,207,473
S01011007,106,153,58,59,82,93
S01011008,155,186,63,88,80,110
S01011009,101,100,30,37,56,58
S01011010,122,107,50,38,43,124
S01011011,176,168,61,44,73,150
S01011012,170,161,53,31,60,98
S01011013,167,197,76,72,83,123
S01011014,114,140,74,69,86,167
S01011015,92,72,31,31,43,62
S01011016,106,266,155,109,195,494
S01011017,125,275,130,82,133,479
S01011018,128,141,60,60,77,200
S01011019,98,175,142,93,129,438
S01011020,69,150,130,104,149,426
S01011021,152,191,64,74,93,129
S01011022,126,175,44,47,40,58
S01011023,192,188,70,74,66,102
S01011024,144,182,40,45,80,81
S01011025,131,175,45,38,49,76
S01011026,102,142,36,36,56,52
S01011027,199,223,67,55,98,115
S01011028,183,256,62,79,71,79
S01011029,108,143,59,55,52,80
S01011030,103,195,82,89,83,143
S01011031,158,201,73,72,96,141
S01011032,139,163,70,71,79,94
S01011033,85,117,61,46,62,124
S01011034,142,97,55,47,64,131
S01011035,89,131,63,48,65,116
S01011036,115,122,50,53,70,133
S01011037,173,270,107,97,148,235
S01011038,202,234,68,54,80,91
S01011039,166,199,107,131,144,279
S01011040,127,161,55,52,81,96
S01011041,137,150,51,47,51,97
S01011042,79,140,78,64,76,209
S01011043,123,162,65,61,78,131
S01011044,123,168,63,49,57,98
S01011045,83,112,47,36,77,180
S01011046,109,161,63,56,78,243
S01011047,125,158,83,71,106,246
S01011048,175,155,78,89,80,170
S01011049,132,118,62,71,66,101
S01011050,65,95,48,51,59,158
S01011051,163,176,91,104,106,225
S01011052,134,115,56,72,72,210
S01011053,95,95,56,76,64,78
S01011054,69,86,54,37,50,130
S01011055,54,99,42,46,54,130
S01011056,96,128,77,56,81,205
S01011057,104,104,49,54,49,82
S01011058,82,94,40,39,95,183
S01011059,71,105,62,38,70,146
S01011060,188,111,77,68,66,143
S01011061,204,192,64,61,62,84
S01011062,170,201,85,92,91,152
S01011063,220,213,81,90,101,125
S01011064,180,172,90,109,97,154
S01011065,110,127,61,41,90,197
S01011066,62,61,37,49,49,93
S01011067,75,72,45,39,36,112
S01011068,93,114,40,39,36,78
S01011069,84,90,39,40,40,103
S01011070,72,101,52,47,47,95
S01011071,105,114,77,73,88,165
S01011072,205,267,119,123,142,236
S01011073,82,116,50,74,87,148
S01011074,89,116,52,73,72,99
S01011075,159,130,50,52,65,61
S01011076,159,141,65,67,82,93
S01011077,163,185,44,55,65,63
S01011078,199,325,176,175,233,330
S01011079,166,181,123,91,141,175
S01011080,201,174,52,83,111,181
S01011081,137,168,75,63,71,79
S01011082,150,99,37,44,44,53
S01011083,110,163,57,71,92,158
S01011084,91,96,67,59,94,208
S01011085,87,119,69,68,98,267
S01011086,109,155,67,65,109,159
S01011087,86,103,51,51,59,86
S01011088,119,134,93,69,108,278
S01011089,115,123,44,33,75,123
S01011090,119,158,98,80,92,240
S01011091,56,118,51,53,76,176
S01011092,82,133,49,41,67,81
S01011093,232,460,291,228,391,732
S01011094,92,161,113,84,132,373
S01011095,63,108,87,62,108,282
S01011096,99,170,107,64,122,271
S01011097,58,113,69,64,81,222
S01011098,87,127,92,68,94,115
S01011099,153,184,58,42,88,92
S01011100,95,68,31,37,49,74
S01011101,102,121,40,42,50,43
S01011102,80,113,35,43,57,63
S01011103,72,93,45,34,36,85
S01011104,156,102,47,38,57,174
S01011105,181,162,64,87,93,110
S01011106,71,206,80,68,109,109
S01011107,101,204,104,68,159,160
S01011108,93,93,41,40,55,89
S01011109,105,118,69,81,71,106
S01011110,100,155,45,47,73,74
S01011111,158,188,73,57,82,90
S01011112,50,103,76,64,93,150
S01011113,175,174,59,100,86,121
S01011114,90,123,55,71,77,126
S01011115,139,169,65,58,101,97
S01011116,111,126,54,54,71,105
S01011117,75,98,58,38,95,257
S01011118,76,122,69,57,97,307
S01011119,88,132,70,65,97,274
S01011120,58,71,51,64,85,235
S01011121,87,111,57,38,78,118
S01011122,94,109,50,53,75,115
S01011123,172,231,101,112,137,168
S01011124,74,115,62,71,78,111
S01011125,66,96,38,41,45,62
S01011126,65,68,36,47,31,62
S01011127,3,57,38,58,40,90
S01011128,119,136,92,69,99,128
S01011129,104,102,76,73,96,284
S01011130,91,100,46,47,62,108
S01011131,69,86,56,60,91,154
S01011132,56,108,84,80,132,207
S01011133,77,78,44,36,47,72
S01011134,124,150,59,55,100,170
S01011135,115,134,57,62,88,102
S01011136,69,88,41,52,66,136
S01011137,50,74,43,37,49,83
S01011138,76,122,47,39,75,87
S01011139,48,248,202,240,158,301
S01011140,61,110,47,30,72,73
S01011141,80,105,43,41,66,62
S01011142,121,262,91,64,98,287
S01011143,112,172,89,68,114,304
S01011144,68,97,60,39,74,141
S01011145,60,86,50,54,83,256
S01011146,106,117,77,66,83,158
S01011147,99,151,70,73,133,227
S01011148,75,125,76,53,75,226
S01011149,30,98,51,20,71,319
S01011150,42,155,73,32,109,235
S01011151,31,83,64,37,43,130
S01011152,36,55,55,25,52,273
S01011153,135,215,144,121,100,302
S01011154,91,84,37,34,54,137
S01011155,110,93,53,38,79,175
S01011156,58,87,49,37,59,131
S01011157,66,97,47,41,71,156
S01011158,54,60,55,29,46,260
S01011159,114,115,63,33,51,137
S01011160,99,156,88,58,100,152
S01011161,90,142,63,39,48,91
S01011162,49,77,54,32,57,87
S01011163,151,158,62,55,69,73
S01011164,144,169,69,50,82,167
S01011165,150,139,55,66,73,96
S01011166,48,56,41,22,37,131
S01011167,87,92,72,42,65,280
S01011168,88,220,146,100,162,390
S01011169,103,240,148,86,174,338
S01011170,117,171,69,48,130,335
S01011171,96,118,90,67,101,335
S01011172,73,101,78,62,84,276
S01011173,40,72,52,45,62,243
S01011174,73,56,43,30,34,165
S01011175,73,92,61,65,67,153
S01011176,53,70,62,33,65,216
S01011177,80,102,83,46,101,256
S01011178,72,79,38,40,74,90
S01011179,146,114,36,43,54,60
S01011180,177,126,33,45,64,64
S01011181,84,128,77,67,124,270
S01011182,93,101,52,61,88,191
S01011183,73,100,54,43,68,130
S01011184,99,161,95,70,171,292
S01011185,95,106,50,67,102,131
S01011186,174,147,74,75,111,192
S01011187,81,106,42,74,93,154
S01011188,191,183,71,82,124,110
S01011189,114,141,67,79,99,133
S01011190,120,115,44,44,62,86
S01011191,125,93,42,43,55,52
S01011192,99,134,42,52,81,92
S01011193,128,147,54,40,82,77
S01011194,103,125,54,41,97,84
S01011195,100,164,67,49,102,86
S01011196,188,151,49,51,122,98
S01011197,135,179,65,51,114,98
S01011198,112,142,45,46,89,73
S01011199,137,192,70,84,154,204
S01011200,92,130,69,57,122,113
S01011201,116,98,45,62,93,97
S01011202,142,158,58,69,100,125
S01011203,135,138,59,63,118,104
S01011204,61,85,50,47,68,134
S01011205,39,74,60,42,115,167
S01011206,75,86,51,53,106,160
S01011207,133,108,58,61,94,124
S01011208,78,130,75,63,114,204
S01011209,99,100,48,39,75,94
S01011210,64,105,56,36,78,187
S01011211,82,96,53,40,86,158
S01011212,119,115,28,35,62,36
S01011213,272,218,91,73,138,171
S01011214,141,165,57,46,106,77
S01011215,91,105,33,29,57,45
S01011216,73,117,19,29,69,56
S01011217,142,171,60,50,114,97
S01011218,172,222,89,61,145,106
S01011219,167,130,40,51,106,67
S01011220,178,202,53,67,108,81
S01011221,171,189,74,77,121,117
S01011222,193,135,46,62,99,80
S01011223,137,166,70,51,86,113
S01011224,177,118,51,61,73,75
S01011225,123,161,37,45,101,102
S01011226,195,161,85,89,119,221
S01011227,109,118,52,57,102,160
S01011228,187,159,65,61,105,132
S01011229,124,123,34,31,52,65
S01011230,185,141,37,29,57,55
S01011231,165,104,31,42,58,59
S01011232,191,141,64,58,107,148
S01011233,140,152,106,69,168,297
S01011234,194,185,88,82,145,126
S01011235,71,53,26,17,41,30
S01011236,109,75,41,38,69,71
S01011237,134,151,53,52,99,78
S01011238,135,117,31,24,66,70
S01011239,161,118,32,44,72,72
S01011240,169,137,62,61,84,100
S01011241,249,160,79,73,108,219
S01011242,168,134,69,61,105,170
S01011243,221,176,61,58,107,132
S01011244,108,114,57,29,96,87
S01011245,175,138,57,64,97,92
S01011246,161,165,76,95,127,191
S01011247,119,101,86,69,120,218
S01011248,110,118,58,55,119,144
S01011249,98,104,77,56,101,156
S01011250,150,209,77,64,159,101
S01011251,208,171,64,63,129,92
S01011252,165,126,51,44,99,78
S01011253,188,169,70,49,117,69
S01011254,98,121,92,87,118,195
S01011255,57,106,78,46,130,188
S01011256,28,68,57,27,89,108
S01011257,54,51,36,36,43,94
S01011258,62,45,69,28,67,121
S01011259,136,101,68,57,77,148
S01011260,98,72,52,67,109,199
S01011261,189,151,74,41,105,119
S01011262,86,73,31,38,48,56
S01011263,166,211,108,70,170,253
S01011264,114,132,51,45,82,66
S01011265,210,193,65,72,149,82
S01011266,163,154,60,81,111,103
S01011267,83,82,51,47,57,110
S01011268,64,38,22,29,48,63
S01011269,140,85,56,43,65,78
S01011270,155,112,37,34,87,56
S01011271,198,109,57,53,89,108
S01011272,152,150,61,46,93,85
S01011273,160,164,68,59,104,66
S01011274,134,160,75,55,137,102
S01011275,123,135,68,41,72,62
S01011276,171,160,69,75,120,114
S01011277,76,94,59,60,85,131
S01011278,47,63,45,42,59,92
S01011279,86,76,82,52,95,155
S01011280,55,54,51,58,79,163
S01011281,53,80,67,43,101,155
S01011282,91,105,94,77,149,203
S01011283,48,108,70,48,99,203
S01011284,24,64,73,38,91,177
S01011285,118,134,71,44,94,75
S01011286,99,118,40,30,77,75
S01011287,175,154,67,55,139,89
S01011288,141,168,61,40,120,99
S01011289,199,173,63,70,103,90
S01011290,284,254,80,80,137,168
S01011291,170,133,51,57,97,103
S01011292,180,127,47,46,72,62
S01011293,166,122,43,36,66,89
S01011294,224,154,63,69,113,117
S01011295,124,135,105,85,167,301
S01011296,123,80,27,48,63,109
S01011297,178,153,57,39,95,71
S01011298,107,127,45,39,83,71
S01011299,68,63,55,40,75,147
S01011300,199,170,58,78,117,89
S01011301,94,114,72,56,108,186
S01011302,220,121,61,66,96,108
S01011303,137,115,92,74,154,249
S01011304,130,126,58,43,83,82
S01011305,115,130,66,53,117,127
S01011306,96,116,42,49,76,85
S01011307,141,186,128,123,264,517
S01011308,42,57,45,17,69,200
S01011309,67,45,62,43,84,306
S01011310,85,95,72,41,101,228
S01011311,49,71,64,36,76,285
S01011312,53,93,91,58,91,508
S01011313,59,93,75,48,70,226
S01011314,92,124,110,68,155,325
S01011315,58,38,28,26,53,81
S01011316,129,132,47,41,98,150
S01011317,99,86,81,53,95,300
S01011318,161,120,76,72,104,293
S01011319,97,107,67,62,82,271
S01011320,104,100,52,36,80,138
S01011321,72,110,63,45,111,136
S01011322,54,97,54,43,108,145
S01011323,108,136,78,61,122,139
S01011324,88,71,61,48,76,122
S01011325,135,125,51,48,130,132
S01011326,153,111,43,57,101,166
S01011327,129,107,50,46,71,166
S01011328,119,104,72,55,81,187
S01011329,153,140,91,63,131,275
S01011330,76,96,82,55,114,254
S01011331,81,111,61,51,113,269
S01011332,49,75,75,39,94,252
S01011333,87,93,85,57,78,288
S01011334,56,78,44,26,66,162
S01011335,98,112,82,65,96,404
S01011336,85,107,52,46,91,126
S01011337,43,81,76,32,106,314
S01011338,100,107,52,47,95,114
S01011339,96,118,34,23,59,82
S01011340,131,140,53,42,71,65
S01011341,117,112,53,56,88,120
S01011342,114,124,62,64,101,144
S01011343,214,156,59,49,109,95
S01011344,200,160,44,67,107,88
S01011345,163,172,63,32,93,67
S01011346,152,120,43,51,75,79
S01011347,221,174,94,77,135,162
S01011348,175,155,62,64,130,131
S01011349,85,98,107,66,111,218
S01011350,54,83,68,61,84,145
S01011351,154,115,35,39,94,69
S01011352,136,99,37,61,79,147
S01011353,156,117,43,45,58,105
S01011354,75,101,64,55,96,172
S01011355,144,149,66,92,135,181
S01011356,140,158,95,78,136,341
S01011357,156,118,69,70,91,159
S01011358,29,74,51,36,56,120
S01011359,182,147,64,77,77,112
S01011360,98,85,46,27,52,62
S01011361,29,14,5,7,7,7
S01011362,74,133,84,46,107,165
S01011363,195,127,68,77,92,143
S01011364,86,114,56,47,89,126
S01011365,47,85,81,56,75,158
S01011366,153,75,33,31,64,71
S01011367,128,167,67,69,122,119
S01011368,50,100,93,35,138,273
S01011369,148,136,60,85,90,119
S01011370,57,87,45,39,87,170
S01011371,168,198,81,38,108,98
S01011372,152,150,47,28,63,98
S01011373,124,148,56,39,83,69
S01011374,71,130,94,56,102,136
S01011375,69,83,48,36,77,138
S01011376,109,98,45,40,60,58
S01011377,70,112,90,58,120,425
S01011378,128,100,77,66,109,164
S01011379,88,138,123,81,168,421
S01011380,98,105,77,35,97,154
S01011381,119,90,69,64,86,178
S01011382,105,132,85,80,138,206
S01011383,170,149,33,31,76,76
S01011384,196,172,33,26,57,44
S01011385,239,183,52,58,112,120
S01011386,220,118,37,23,52,50
S01011387,171,168,60,45,83,95
S01011388,104,193,95,78,140,260
S01011389,157,160,54,52,103,137
S01011390,161,154,55,66,80,54
S01011391,141,136,55,39,58,56
S01011392,169,126,50,43,74,54
S01011393,219,160,65,64,95,133
S01011394,23,58,75,31,77,167
S01011395,172,124,60,71,105,129
S01011396,188,127,73,61,102,127
S01011397,241,149,63,62,80,123
S01011398,186,121,46,45,59,88
S01011399,130,99,52,41,55,50
S01011400,91,97,67,49,89,179
S01011401,124,102,62,51,90,123
S01011402,211,162,85,95,116,211
S01011403,83,91,34,51,57,92
S01011404,181,154,57,48,95,135
S01011405,111,104,45,40,69,152
S01011406,125,154,72,77,103,145
S01011407,158,211,106,101,149,235
S01011408,152,157,82,63,103,100
S01011409,163,193,53,51,94,95
S01011410,101,120,37,56,75,70
S01011411,128,133,45,56,73,95
S01011412,89,115,85,80,102,232
S01011413,51,82,56,54,83,117
S01011414,155,144,53,55,103,117
S01011415,160,152,94,74,106,147
S01011416,78,88,87,51,74,132
S01011417,197,173,75,101,103,164
S01011418,150,97,30,52,52,60
S01011419,102,102,50,35,58,82
S01011420,119,114,40,28,55,66
S01011421,68,108,69,30,81,128
S01011422,167,121,35,44,56,74
S01011423,120,108,42,23,46,74
S01011424,133,98,42,35,55,74
S01011425,169,163,57,57,91,127
S01011426,137,147,131,95,169,367
S01011427,99,99,36,42,51,90
S01011428,135,94,54,48,71,73
S01011429,234,275,111,85,140,234
S01011430,170,182,75,72,121,162
S01011431,253,240,73,87,93,148
S01011432,223,198,82,80,101,142
S01011433,179,206,48,56,72,79
S01011434,100,119,43,57,74,95
S01011435,129,174,83,102,138,263
S01011436,153,130,60,51,71,98
S01011437,172,158,53,50,74,73
S01011438,109,123,34,30,40,50
S01011439,203,202,65,72,97,145
S01011440,150,138,37,26,36,52
S01011441,164,178,53,51,74,88
S01011442,179,172,54,53,77,89
S01011443,156,131,31,44,65,75
S01011444,184,153,53,48,89,68
S01011445,94,96,41,27,58,68
S01011446,155,250,197,128,254,527
S01011447,169,162,71,69,107,99
S01011448,133,143,62,66,82,144
S01011449,116,99,49,30,43,65
S01011450,94,94,64,36,67,151
S01011451,200,443,316,164,445,983
S01011452,135,152,85,81,127,180
S01011453,130,117,72,57,79,115
S01011454,175,143,69,34,103,81
S01011455,140,141,65,51,74,92
S01011456,190,155,71,42,87,95
S01011457,213,150,53,61,83,81
S01011458,142,184,130,80,185,298
S01011459,142,186,93,45,166,236
S01011460,88,95,51,31,70,84
S01011461,149,150,73,53,84,92
S01011462,160,162,91,72,106,191
S01011463,155,227,130,112,176,318
S01011464,34,89,55,35,86,139
S01011465,134,170,42,36,82,99
S01011466,135,131,79,49,98,125
S01011467,104,98,49,29,68,96
S01011468,64,130,80,54,118,218
S01011469,152,145,68,42,89,133
S01011470,203,175,114,75,140,199
S01011471,183,133,74,83,91,188
S01011472,89,113,45,38,74,97
S01011473,214,148,47,60,76,107
S01011474,173,136,64,37,85,118
S01011475,187,145,47,43,72,101
S01011476,53,38,39,29,54,132
S01011477,81,101,93,52,119,267
S01011478,84,133,128,69,137,487
S01011479,97,137,107,79,154,400
S01011480,76,117,91,60,113,383
S01011481,118,132,87,49,129,202
S01011482,197,168,79,55,107,151
S01011483,39,53,67,34,67,148
S01011484,212,161,59,54,108,113
S01011485,218,180,54,57,116,103
S01011486,116,116,39,41,71,62
S01011487,211,181,71,68,114,152
S01011488,183,176,53,33,83,82
S01011489,95,121,83,50,100,142
S01011490,261,183,70,56,124,171
S01011491,122,89,34,24,43,47
S01011492,138,127,56,32,114,138
S01011493,47,66,52,42,62,120
S01011494,198,121,68,49,88,96
S01011495,190,175,62,49,91,93
S01011496,164,149,39,21,76,65
S01011497,71,119,75,51,103,173
S01011498,65,130,76,41,89,110
S01011499,140,141,58,53,111,131
S01011500,90,83,37,44,57,66
S01011501,165,143,54,41,62,50
S01011502,156,131,62,56,88,67
S01011503,127,145,56,37,58,62
S01011504,136,190,83,55,120,165
S01011505,132,138,63,35,76,117
S01011506,94,84,44,41,55,87
S01011507,154,122,51,42,62,88
S01011508,130,170,90,60,95,189
S01011509,108,112,51,39,78,84
S01011510,201,213,95,63,112,119
S01011511,111,121,40,19,68,63
S01011512,204,189,59,54,86,72
S01011513,181,149,58,40,88,77
S01011514,207,213,64,57,93,88
S01011515,95,89,55,44,62,76
S01011516,104,157,74,71,133,194
S01011517,135,92,42,30,64,72
S01011518,175,166,43,35,62,63
S01011519,181,160,55,53,75,75
S01011520,147,146,42,36,73,70
S01011521,230,186,86,46,107,121
S01011522,202,179,66,56,118,100
S01011523,145,155,62,56,88,84
S01011524,122,131,84,74,113,124
S01011525,213,172,80,65,86,149
S01011526,166,208,112,69,101,130
S01011527,127,110,61,67,69,134
S01011528,196,209,65,68,120,126
S01011529,110,117,43,32,69,63
S01011530,229,202,74,72,111,92
S01011531,160,160,104,80,129,247
S01011532,57,99,70,39,97,131
S01011533,135,158,54,50,79,104
S01011534,153,136,69,43,86,135
S01011535,241,200,98,65,111,187
S01011536,80,86,45,54,80,188
S01011537,44,79,48,49,59,155
S01011538,84,98,72,44,91,211
S01011539,198,146,57,42,78,78
S01011540,250,188,103,62,112,158
S01011541,244,245,69,55,132,126
S01011542,247,193,69,62,107,114
S01011543,181,159,51,39,81,66
S01011544,181,122,44,36,68,61
S01011545,163,133,58,50,102,118
S01011546,61,91,91,34,87,193
S01011547,34,56,61,40,89,144
S01011548,131,145,69,54,105,123
S01011549,94,79,71,55,85,188
S01011550,67,85,68,48,77,208
S01011551,72,103,63,37,71,103
S01011552,94,82,82,54,86,125
S01011553,48,86,92,35,93,276
S01011554,228,202,79,66,124,151
S01011555,104,110,59,31,56,42
S01011556,134,90,31,42,47,54
S01011557,164,161,52,47,77,59
S01011558,138,125,44,41,76,57
S01011559,115,118,36,23,52,47
S01011560,189,140,61,54,73,91
S01011561,179,175,62,36,93,81
S01011562,203,169,55,48,84,82
S01011563,173,168,50,47,78,82
S01011564,190,187,83,74,118,125
S01011565,189,159,65,57,117,108
S01011566,169,154,59,48,108,95
S01011567,267,162,74,67,99,89
S01011568,122,135,69,47,89,127
S01011569,153,168,80,71,112,129
S01011570,136,142,48,47,71,80
S01011571,173,125,32,37,88,72
S01011572,144,111,49,40,72,109
S01011573,205,181,95,79,159,192
S01011574,112,132,78,60,94,118
S01011575,94,105,47,24,69,78
S01011576,271,153,46,31,80,61
S01011577,119,114,46,58,86,129
S01011578,159,121,65,39,68,93
S01011579,97,105,111,60,109,345
S01011580,110,123,80,48,98,163
S01011581,211,120,42,47,66,91
S01011582,105,140,113,79,162,362
S01011583,116,130,55,48,91,116
S01011584,151,141,56,44,82,78
S01011585,138,122,66,38,64,98
S01011586,164,121,47,44,78,65
S01011587,137,137,40,40,71,63
S01011588,156,165,63,41,82,80
S01011589,158,160,77,63,89,114
S01011590,145,157,54,50,84,90
S01011591,129,114,44,38,71,70
S01011592,147,112,30,39,72,78
S01011593,131,88,51,49,65,107
S01011594,98,74,42,31,49,75
S01011595,60,75,60,36,68,177
S01011596,211,205,93,69,150,274
S01011597,144,99,48,52,80,107
S01011598,0,0,0,0,0,0
S01011599,183,160,60,50,95,118
S01011600,168,126,49,51,70,97
S01011601,97,135,80,62,106,161
S01011602,129,186,111,71,180,333
S01011603,226,172,64,53,101,101
S01011604,88,75,31,31,59,30
S01011605,196,152,74,62,110,121
S01011606,61,174,115,87,139,237
S01011607,85,99,53,51,64,136
S01011608,95,148,107,75,121,183
S01011609,273,165,47,41,108,74
S01011610,179,175,51,41,88,98
S01011611,163,168,90,83,151,226
S01011612,34,89,64,45,92,170
S01011613,114,112,77,69,102,202
S01011614,80,58,45,39,51,67
S01011615,138,121,55,38,93,99
S01011616,126,84,29,25,68,43
S01011617,218,190,74,54,101,90
S01011618,124,131,68,39,72,66
S01011619,141,157,112,70,165,197
S01011620,70,173,105,57,151,252
S01011621,99,141,67,56,87,134
S01011622,74,83,78,31,85,168
S01011623,146,148,67,49,83,99
S01011624,97,117,87,37,98,138
S01011625,100,105,38,52,70,58
S01011626,65,96,81,58,131,195
S01011627,53,102,85,40,102,183
S01011628,146,156,113,102,138,270
S01011629,109,115,32,41,74,64
S01011630,160,133,56,44,89,89
S01011631,129,149,44,29,77,59
S01011632,199,176,51,44,71,84
S01011633,153,144,38,44,72,84
S01011634,94,105,45,25,63,59
S01011635,160,146,50,34,72,72
S01011636,140,142,45,36,80,58
S01011637,152,120,45,31,77,94
S01011638,113,63,27,28,37,50
S01011639,122,105,31,41,57,67
S01011640,154,150,54,45,62,90
S01011641,79,86,50,40,48,100
S01011642,99,101,69,65,91,167
S01011643,133,96,83,36,95,220
S01011644,126,111,61,51,80,162
S01011645,98,93,38,36,63,87
S01011646,60,97,65,54,61,185
S01011647,66,112,87,58,120,205
S01011648,67,133,93,59,135,291
S01011649,75,85,47,28,72,115
S01011650,108,118,56,56,100,210
S01011651,164,123,69,75,108,155
S01011652,91,96,71,63,72,167
S01011653,173,199,72,41,106,125
S01011654,177,133,70,64,101,205
S01011655,219,166,62,42,88,108
S01011656,136,117,31,18,44,47
S01011657,132,85,19,25,38,52
S01011658,187,154,56,48,90,69
S01011659,202,140,54,55,74,118
S01011660,158,129,75,80,101,160
S01011661,124,100,31,40,53,60
S01011662,69,94,65,54,93,138
S01011663,128,135,42,34,71,78
S01011664,268,229,68,54,108,104
S01011665,199,121,56,52,70,95
S01011666,222,142,56,44,78,124
S01011667,190,129,46,51,78,142
S01011668,220,205,38,50,92,77
S01011669,96,104,59,36,78,179
S01011670,94,124,35,21,43,65
S01011671,132,112,48,60,101,153
S01011672,126,90,41,48,49,104
S01011673,139,127,35,37,67,85
S01011674,156,206,97,91,150,257
S01011675,218,177,75,60,94,122
S01011676,198,133,50,41,55,59
S01011677,98,123,65,36,88,170
S01011678,110,89,47,33,43,63
S01011679,62,99,53,42,75,146
S01011680,239,224,72,52,106,111
S01011681,188,168,53,34,95,112
S01011682,78,80,40,40,72,125
S01011683,215,262,158,111,255,464
S01011684,101,98,50,49,53,90
S01011685,77,132,78,58,109,164
S01011686,91,122,103,74,118,224
S01011687,190,160,73,68,88,135
S01011688,125,230,112,91,178,354
S01011689,72,136,102,66,125,277
S01011690,119,146,83,68,126,209
S01011691,75,101,72,56,86,164
S01011692,230,212,87,72,128,118
S01011693,101,110,70,53,96,196
S01011694,41,61,48,31,66,158
S01011695,149,384,294,197,485,1093
S01011696,64,110,101,45,127,379
S01011697,106,152,108,62,121,284
S01011698,159,157,80,68,107,189
S01011699,145,130,106,98,154,335
S01011700,120,115,54,63,95,149
S01011701,124,126,93,64,102,308
S01011702,102,87,53,40,79,174
S01011703,96,143,136,96,198,585
S01011704,69,90,77,41,83,203
S01011705,132,111,55,55,108,157
S01011706,192,146,81,64,116,213
S01011707,90,138,98,76,125,252
S01011708,165,162,96,62,107,186
S01011709,180,199,90,93,164,240
S01011710,106,78,38,34,59,73
S01011711,136,129,45,36,90,71
S01011712,126,102,60,43,83,108
S01011713,160,129,54,82,85,145
S01011714,27,73,54,34,76,97
S01011715,111,94,37,44,64,90
S01011716,80,141,95,54,109,193
S01011717,121,100,72,59,69,138
S01011718,55,94,75,50,101,210
S01011719,51,90,70,38,79,185
S01011720,52,61,46,39,64,135
S01011721,128,135,70,61,104,140
S01011722,163,153,73,58,100,118
S01011723,168,188,86,75,131,204
S01011724,71,142,80,37,107,143
S01011725,29,93,75,27,91,160
S01011726,45,83,63,47,87,139
S01011727,36,94,89,43,106,259
S01011728,162,180,93,68,102,126
S01011729,123,120,57,54,66,85
S01011730,163,121,66,73,94,171
S01011731,163,144,108,61,105,120
S01011732,83,101,61,65,86,199
S01011733,123,113,90,74,105,117
S01011734,107,112,75,67,86,149
S01011735,77,94,70,63,87,181
S01011736,85,146,59,38,114,89
S01011737,96,115,86,37,82,102
S01011738,140,194,96,65,129,227
S01011739,107,125,64,48,100,86
S01011740,137,187,81,39,90,95
S01011741,104,141,52,44,109,110
S01011742,103,157,62,61,105,115
S01011743,107,132,64,55,102,130
S01011744,139,179,80,48,128,123
S01011745,207,178,60,46,87,130
S01011746,93,114,30,38,69,75
S01011747,154,200,92,44,105,106
S01011748,110,169,58,32,89,98
S01011749,85,122,57,13,100,98
S01011750,173,203,65,41,103,120
S01011751,110,111,59,37,91,94
S01011752,121,177,92,67,148,140
S01011753,91,130,91,46,118,232
S01011754,116,127,84,46,113,120
S01011755,118,194,81,65,148,109
S01011756,112,206,78,64,158,131
S01011757,147,136,68,56,104,111
S01011758,92,99,57,41,86,77
S01011759,116,148,87,59,119,107
S01011760,143,180,95,55,114,111
S01011761,86,126,56,34,102,120
S01011762,83,127,59,47,85,95
S01011763,136,148,84,59,113,106
S01011764,51,69,36,37,42,51
S01011765,87,156,81,69,119,226
S01011766,67,68,45,50,78,153
S01011767,169,134,53,68,101,137
S01011768,137,167,67,47,125,131
S01011769,113,156,64,50,89,87
S01011770,122,165,73,71,104,105
S01011771,52,80,82,34,82,179
S01011772,82,113,98,66,124,363
S01011773,29,78,64,47,63,152
S01011774,79,133,105,49,148,195
S01011775,35,91,85,47,77,201
S01011776,96,137,130,45,128,373
S01011777,46,77,72,40,92,178
S01011778,47,73,77,34,82,195
S01011779,74,105,94,47,97,210
S01011780,85,116,98,60,118,278
S01011781,51,59,59,46,64,143
S01011782,71,77,60,39,74,179
S01011783,48,61,58,41,55,138
S01011784,162,150,80,59,100,131
S01011785,118,127,91,63,118,122
S01011786,14,52,54,16,60,117
S01011787,204,194,92,54,136,137
S01011788,39,74,94,32,55,282
S01011789,126,281,213,159,336,841
S01011790,174,219,114,78,171,319
S01011791,123,126,40,59,85,114
S01011792,226,168,93,67,128,221
S01011793,156,177,110,84,128,308
S01011794,145,155,60,77,104,137
S01011795,109,109,43,45,60,80
S01011796,139,177,71,49,122,105
S01011797,118,143,83,95,118,255
S01011798,88,112,48,42,65,83
S01011799,114,163,64,85,109,168
S01011800,104,125,44,48,59,77
S01011801,86,120,54,38,71,70
S01011802,112,137,43,59,75,106
S01011803,135,133,52,50,77,134
S01011804,112,102,54,27,54,199
S01011805,49,78,50,29,51,181
S01011806,152,115,75,71,82,233
S01011807,176,123,104,102,112,331
S01011808,98,116,67,54,72,169
S01011809,109,106,67,68,66,249
S01011810,159,142,78,87,85,260
S01011811,129,121,91,97,103,284
S01011812,62,92,63,53,76,211
S01011813,88,121,70,73,95,201
S01011814,96,120,77,63,97,205
S01011815,97,150,94,96,127,254
S01011816,88,110,87,47,79,218
S01011817,140,188,132,131,139,310
S01011818,171,139,105,83,105,208
S01011819,138,140,75,54,76,170
S01011820,142,144,93,58,88,208
S01011821,53,63,37,23,33,60
S01011822,86,101,53,56,60,184
S01011823,99,102,58,38,53,140
S01011824,118,118,68,55,60,97
S01011825,85,69,57,25,64,139
S01011826,68,102,63,49,73,178
S01011827,138,80,45,31,31,130
S01011828,134,159,86,76,101,258
S01011829,45,53,34,44,62,140
S01011830,93,84,49,29,49,186
S01011831,174,140,86,34,53,276
S01011832,156,112,79,44,54,203
S01011833,74,90,93,49,110,381
S01011834,63,117,108,45,108,404
S01011835,61,87,80,57,109,344
S01011836,60,80,71,31,74,357
S01011837,38,55,46,30,73,287
S01011838,66,100,85,55,96,423
S01011839,100,108,80,80,109,291
S01011840,128,153,105,62,148,354
S01011841,118,110,71,58,106,273
S01011842,180,140,78,50,98,263
S01011843,88,150,131,61,124,505
S01011844,64,73,95,31,89,421
S01011845,101,122,74,47,105,288
S01011846,69,115,101,49,101,387
S01011847,26,61,56,25,35,190
S01011848,73,104,65,34,80,258
S01011849,100,137,103,79,110,283
S01011850,59,143,136,67,146,540
S01011851,106,127,71,41,60,260
S01011852,167,144,88,67,107,297
S01011853,85,109,90,46,94,282
S01011854,119,133,89,58,76,276
S01011855,132,122,92,67,92,157
S01011856,54,73,75,43,67,280
S01011857,80,92,64,31,68,216
S01011858,74,117,76,55,86,381
S01011859,137,138,90,59,89,249
S01011860,30,65,48,27,50,166
S01011861,39,95,58,37,71,266
S01011862,84,99,86,45,71,403
S01011863,101,90,70,28,57,292
S01011864,66,84,51,50,60,353
S01011865,65,88,59,53,60,168
S01011866,118,116,76,45,89,183
S01011867,134,161,100,67,114,205
S01011868,108,130,85,60,93,251
S01011869,74,128,70,57,93,234
S01011870,106,126,87,54,78,132
S01011871,136,253,207,115,250,692
S01011872,64,108,93,49,108,340
S01011873,65,108,74,55,104,259
S01011874,60,108,64,54,93,171
S01011875,117,98,62,62,81,186
S01011876,75,124,84,56,96,375
S01011877,66,76,72,50,60,144
S01011878,159,302,197,105,231,707
S01011879,29,74,63,26,63,233
S01011880,52,55,75,20,68,235
S01011881,125,129,93,56,117,250
S01011882,183,170,75,83,101,163
S01011883,88,196,149,83,158,453
S01011884,42,58,41,25,54,180
S01011885,43,77,69,39,90,253
S01011886,99,105,71,54,77,256
S01011887,67,101,46,29,68,128
S01011888,129,163,76,70,88,151
S01011889,118,113,76,50,84,305
S01011890,45,80,73,38,75,225
S01011891,253,261,87,80,122,165
S01011892,71,113,73,59,93,337
S01011893,146,183,141,54,124,304
S01011894,65,99,49,58,74,160
S01011895,52,57,38,20,41,287
S01011896,86,104,82,50,114,298
S01011897,77,119,91,57,116,411
S01011898,40,62,67,37,64,312
S01011899,86,112,68,68,78,207
S01011900,58,93,87,52,73,250
S01011901,62,108,62,44,98,348
S01011902,106,128,114,79,115,327
S01011903,66,129,67,62,111,262
S01011904,120,101,70,49,76,234
S01011905,39,85,84,41,68,257
S01011906,48,70,40,37,45,107
S01011907,80,109,70,70,72,192
S01011908,68,101,71,49,123,200
S01011909,51,169,99,82,145,261
S01011910,146,182,65,58,104,102
S01011911,131,140,47,58,65,83
S01011912,117,133,67,47,90,95
S01011913,106,130,67,45,71,81
S01011914,154,185,57,57,99,122
S01011915,151,163,70,61,95,120
S01011916,99,96,52,35,51,65
S01011917,86,121,54,47,57,72
S01011918,177,163,60,36,109,107
S01011919,115,155,114,67,106,175
S01011920,145,111,50,37,52,74
S01011921,113,127,50,38,57,83
S01011922,158,131,53,49,62,90
S01011923,189,186,86,57,102,124
S01011924,73,106,25,29,45,52
S01011925,59,107,95,60,111,187
S01011926,111,134,66,53,86,92
S01011927,135,143,51,47,64,65
S01011928,117,135,64,66,59,122
S01011929,131,117,61,45,66,73
S01011930,119,132,54,38,85,79
S01011931,191,275,127,64,196,257
S01011932,50,105,50,29,84,144
S01011933,113,105,54,49,85,141
S01011934,142,124,58,64,84,241
S01011935,119,149,75,49,115,207
S01011936,117,118,77,22,93,251
S01011937,117,80,69,28,74,175
S01011938,65,88,62,29,75,219
S01011939,114,134,62,42,87,178
S01011940,80,107,65,27,58,151
S01011941,74,111,80,29,118,252
S01011942,130,124,89,41,126,268
S01011943,221,207,115,64,176,288
S01011944,36,70,53,32,31,185
S01011945,45,57,73,27,41,408
S01011946,102,108,72,44,49,241
S01011947,64,92,44,47,53,102
S01011948,173,163,105,59,97,426
S01011949,76,100,77,58,98,299
S01011950,130,114,56,59,74,186
S01011951,64,90,73,73,77,193
S01011952,35,49,38,28,58,183
S01011953,76,99,105,59,110,323
S01011954,94,92,45,43,44,103
S01011955,146,181,92,82,133,230
S01011956,71,97,105,51,124,315
S01011957,65,94,66,48,75,280
S01011958,122,216,105,87,155,416
S01011959,104,137,84,61,103,271
S01011960,46,111,84,47,97,343
S01011961,61,110,51,47,100,289
S01011962,40,75,48,45,91,270
S01011963,68,83,43,37,70,178
S01011964,120,119,85,73,117,343
S01011965,74,99,67,62,77,285
S01011966,84,94,68,52,69,304
S01011967,101,158,109,94,100,495
S01011968,90,125,71,80,113,335
S01011969,200,186,61,74,98,246
S01011970,168,174,68,67,89,138
S01011971,65,95,55,55,88,163
S01011972,114,169,99,67,129,306
S01011973,92,101,50,46,80,218
S01011974,103,109,82,80,96,275
S01011975,46,69,40,42,39,142
S01011976,91,126,74,57,84,217
S01011977,142,178,119,73,107,338
S01011978,154,122,75,59,90,131
S01011979,169,214,128,93,142,370
S01011980,68,114,67,52,100,197
S01011981,91,122,83,43,111,291
S01011982,98,131,93,54,126,319
S01011983,88,122,58,50,76,252
S01011984,168,148,43,44,53,93
S01011985,84,101,61,47,69,165
S01011986,117,123,40,35,51,104
S01011987,156,211,88,81,123,232
S01011988,78,85,43,62,59,153
S01011989,104,116,93,65,101,181
S01011990,118,136,91,76,121,290
S01011991,92,113,62,45,70,171
S01011992,156,129,103,72,103,355
S01011993,125,143,65,48,87,158
S01011994,127,107,67,46,69,332
S01011995,106,174,99,83,111,364
S01011996,79,92,44,41,42,94
S01011997,91,147,81,71,115,215
S01011998,48,68,69,33,55,211
S01011999,62,106,47,62,60,186
S01012000,41,59,46,42,56,125
S01012001,100,92,53,67,86,138
S01012002,85,77,42,55,54,119
S01012003,80,84,47,45,60,120
S01012004,122,143,88,89,116,252
S01012005,82,112,79,56,105,234
S01012006,160,329,151,86,152,515
S01012007,97,97,64,41,90,298
S01012008,134,127,90,37,114,328
S01012009,72,98,67,38,66,187
S01012010,155,173,93,63,140,470
S01012011,114,160,92,74,125,321
S01012012,86,101,83,53,65,239
S01012013,90,93,83,51,73,276
S01012014,84,137,57,61,82,226
S01012015,110,155,89,60,118,255
S01012016,87,96,66,44,58,214
S01012017,43,56,49,21,38,235
S01012018,57,125,75,45,75,321
S01012019,78,86,102,63,119,392
S01012020,96,57,48,54,67,226
S01012021,49,63,50,33,51,187
S01012022,82,101,55,64,84,154
S01012023,28,38,37,29,54,181
S01012024,72,112,110,56,108,275
S01012025,81,108,91,66,110,222
S01012026,34,94,101,67,127,365
S01012027,108,113,70,53,121,304
S01012028,38,69,86,50,108,424
S01012029,342,402,214,169,317,743
S01012030,151,489,476,238,706,2234
S01012031,45,69,70,35,89,353
S01012032,23,53,35,23,39,169
S01012033,111,115,90,74,99,206
S01012034,89,105,58,54,79,258
S01012035,94,94,79,61,112,312
S01012036,65,96,80,80,89,276
S01012037,162,233,109,62,147,188
S01012038,192,172,58,44,98,83
S01012039,213,215,74,87,126,115
S01012040,67,112,65,62,93,143
S01012041,141,186,79,92,114,118
S01012042,191,230,100,85,147,216
S01012043,200,143,51,56,103,136
S01012044,256,172,53,70,101,106
S01012045,195,197,83,77,145,247
S01012046,162,140,56,47,85,107
S01012047,192,151,51,54,104,94
S01012048,194,155,57,54,98,103
S01012049,107,114,64,52,75,125
S01012050,120,158,88,81,112,199
S01012051,100,85,40,40,59,144
S01012052,169,156,62,70,97,152
S01012053,145,164,70,66,106,110
S01012054,100,120,61,37,75,93
S01012055,171,165,71,85,125,134
S01012056,111,126,77,66,82,174
S01012057,86,101,81,63,105,222
S01012058,78,79,64,53,96,230
S01012059,166,165,63,72,95,125
S01012060,189,156,70,57,101,143
S01012061,126,114,86,63,93,301
S01012062,111,207,127,120,216,366
S01012063,68,108,55,45,68,114
S01012064,159,149,36,12,60,86
S01012065,119,139,43,17,73,94
S01012066,183,198,72,33,136,134
S01012067,163,99,24,16,55,51
S01012068,157,104,20,11,41,59
S01012069,90,64,36,24,50,69
S01012070,130,139,44,27,86,155
S01012071,211,209,75,66,169,356
S01012072,233,193,77,67,130,287
S01012073,106,156,74,58,148,247
S01012074,63,89,81,52,86,200
S01012075,42,106,81,56,76,174
S01012076,125,151,94,55,108,172
S01012077,139,145,71,65,89,147
S01012078,123,160,64,64,116,218
S01012079,155,181,73,55,99,111
S01012080,125,162,68,37,86,100
S01012081,135,184,81,32,81,108
S01012082,94,132,61,54,71,70
S01012083,179,137,55,51,91,82
S01012084,85,80,51,61,57,120
S01012085,81,138,61,60,92,140
S01012086,169,181,65,49,109,127
S01012087,132,188,64,68,134,135
S01012088,64,101,82,49,92,186
S01012089,83,120,86,63,88,244
S01012090,52,86,84,66,89,336
S01012091,53,72,56,57,79,116
S01012092,52,64,51,63,69,123
S01012093,56,60,29,39,51,134
S01012094,76,72,82,45,94,322
S01012095,134,172,97,79,140,222
S01012096,194,166,58,63,100,121
S01012097,116,122,61,56,96,134
S01012098,99,116,57,48,85,79
S01012099,219,150,60,58,83,115
S01012100,221,233,106,97,177,205
S01012101,75,67,64,51,75,292
S01012102,109,107,66,48,81,120
S01012103,108,125,92,76,123,230
S01012104,32,96,99,58,119,315
S01012105,107,145,113,92,133,344
S01012106,86,133,116,70,135,376
S01012107,77,97,68,38,56,302
S01012108,303,119,59,59,62,126
S01012109,142,185,86,56,132,254
S01012110,181,146,67,47,107,191
S01012111,111,151,80,41,81,136
S01012112,167,94,51,54,88,178
S01012113,179,163,83,66,133,190
S01012114,81,82,74,54,78,306
S01012115,115,94,48,39,63,89
S01012116,120,104,54,41,83,124
S01012117,92,166,140,92,175,430
S01012118,45,67,54,47,84,190
S01012119,88,115,88,80,117,222
S01012120,117,161,80,50,141,305
S01012121,260,218,81,66,117,159
S01012122,153,140,66,57,77,114
S01012123,74,84,58,33,70,162
S01012124,67,65,49,38,60,116
S01012125,145,118,57,49,105,174
S01012126,70,97,74,52,114,237
S01012127,149,208,304,92,232,509
S01012128,42,80,61,24,78,207
S01012129,93,103,49,40,92,222
S01012130,267,181,73,71,121,291
S01012131,169,186,193,54,163,428
S01012132,104,104,77,27,112,305
S01012133,77,89,39,26,74,227
S01012134,185,133,79,65,125,369
S01012135,175,192,66,50,134,214
S01012136,104,130,62,37,121,211
S01012137,151,164,87,79,121,220
S01012138,100,118,67,51,125,320
S01012139,150,138,71,80,110,237
S01012140,59,54,45,46,65,215
S01012141,77,93,97,72,108,326
S01012142,95,117,99,69,111,290
S01012143,74,90,63,52,115,331
S01012144,87,105,95,74,123,360
S01012145,68,88,90,48,104,426
S01012146,173,181,60,57,107,189
S01012147,144,136,56,42,98,115
S01012148,142,112,42,34,75,102
S01012149,131,128,78,45,104,204
S01012150,156,182,65,48,123,108
S01012151,103,99,44,41,63,99
S01012152,155,138,39,43,75,94
S01012153,121,173,70,31,120,217
S01012154,103,121,50,36,122,174
S01012155,121,116,69,40,78,146
S01012156,171,228,92,70,173,267
S01012157,188,196,83,69,115,202
S01012158,120,183,117,85,183,328
S01012159,85,72,31,66,80,109
S01012160,94,92,49,78,88,142
S01012161,82,88,30,14,51,70
S01012162,192,169,95,61,140,233
S01012163,106,143,80,53,109,195
S01012164,79,167,111,85,145,256
S01012165,167,179,67,53,111,113
S01012166,80,91,56,45,82,120
S01012167,144,123,74,65,93,109
S01012168,95,91,64,72,100,166
S01012169,142,119,73,68,123,171
S01012170,208,190,75,104,139,164
S01012171,211,199,85,72,122,135
S01012172,117,135,59,44,72,87
S01012173,107,75,69,73,87,186
S01012174,66,127,91,67,115,267
S01012175,86,121,77,58,69,172
S01012176,120,104,60,81,99,162
S01012177,81,84,59,58,77,134
S01012178,69,87,55,60,59,142
S01012179,107,81,43,48,50,129
S01012180,99,103,42,40,86,156
S01012181,124,103,59,61,81,177
S01012182,187,356,205,179,393,853
S01012183,174,192,88,80,175,354
S01012184,57,135,95,55,156,442
S01012185,120,156,76,51,130,225
S01012186,148,125,63,60,74,121
S01012187,127,110,41,62,90,112
S01012188,100,90,60,53,58,151
S01012189,75,83,55,64,83,114
S01012190,37,64,59,33,67,151
S01012191,67,75,76,56,96,235
S01012192,49,76,62,46,109,208
S01012193,29,64,45,38,69,153
S01012194,31,61,52,37,69,150
S01012195,109,173,93,83,125,262
S01012196,32,66,59,38,74,159
S01012197,95,113,70,64,109,122
S01012198,167,136,73,60,92,184
S01012199,113,125,60,70,88,102
S01012200,84,108,60,45,78,112
S01012201,119,130,70,49,86,135
S01012202,54,110,49,48,69,128
S01012203,84,116,76,63,82,198
S01012204,57,112,57,57,91,192
S01012205,51,85,48,74,79,199
S01012206,84,132,66,79,114,163
S01012207,98,192,79,80,133,141
S01012208,140,177,95,97,157,169
S01012209,101,132,66,52,98,135
S01012210,119,145,71,54,132,117
S01012211,88,110,91,68,133,267
S01012212,69,84,77,53,100,227
S01012213,83,90,92,61,96,239
S01012214,59,80,82,46,72,266
S01012215,48,97,69,57,102,258
S01012216,48,76,84,46,86,273
S01012217,85,118,47,49,62,76
S01012218,88,100,53,29,73,55
S01012219,210,165,71,63,96,92
S01012220,156,113,51,38,80,79
S01012221,121,122,37,50,74,77
S01012222,244,196,59,76,86,117
S01012223,179,131,52,53,73,74
S01012224,134,189,79,66,109,108
S01012225,164,211,74,82,101,140
S01012226,97,121,57,82,89,121
S01012227,96,111,70,65,71,99
S01012228,94,122,62,65,71,111
S01012229,71,80,60,58,64,231
S01012230,77,109,111,66,110,282
S01012231,36,73,94,37,85,276
S01012232,52,83,80,49,95,287
S01012233,50,79,89,50,89,331
S01012234,65,87,98,55,113,366
S01012235,31,56,50,27,59,217
S01012236,61,77,81,51,95,262
S01012237,43,31,69,24,73,382
S01012238,87,95,49,41,71,150
S01012239,85,78,58,41,53,121
S01012240,130,117,71,52,91,221
S01012241,31,31,46,22,47,262
S01012242,25,51,88,38,85,412
S01012243,29,52,55,27,54,286
S01012244,35,86,64,24,71,422
S01012245,69,73,66,38,52,318
S01012246,46,118,82,38,84,443
S01012247,63,95,58,36,63,330
S01012248,85,111,63,35,77,332
S01012249,81,108,84,44,64,334
S01012250,72,143,111,54,106,450
S01012251,156,191,80,70,99,238
S01012252,104,116,58,53,69,162
S01012253,130,128,68,54,77,299
S01012254,90,129,78,49,73,276
S01012255,119,102,78,46,79,345
S01012256,54,68,77,38,41,254
S01012257,150,131,84,66,72,270
S01012258,46,56,54,27,58,358
S01012259,39,47,70,23,50,346
S01012260,129,138,90,68,85,264
S01012261,45,101,84,33,74,335
S01012262,80,153,112,43,126,497
S01012263,121,134,72,34,66,190
S01012264,67,48,46,22,27,171
S01012265,175,145,68,59,84,128
S01012266,174,142,120,81,104,296
S01012267,86,99,77,47,81,313
S01012268,48,116,63,28,75,231
S01012269,169,159,88,85,105,255
S01012270,122,131,66,69,78,173
S01012271,143,327,198,88,264,643
S01012272,56,69,64,28,70,291
S01012273,74,120,93,59,93,279
S01012274,126,144,76,69,104,241
S01012275,119,156,96,47,83,208
S01012276,175,162,76,91,121,262
S01012277,115,206,114,81,131,235
S01012278,113,120,87,42,108,208
S01012279,104,136,75,50,90,173
S01012280,163,187,89,72,105,148
S01012281,89,112,61,58,72,176
S01012282,175,147,132,82,133,290
S01012283,94,128,75,57,87,278
S01012284,135,164,85,57,89,144
S01012285,94,72,56,58,71,159
S01012286,199,211,87,61,99,150
S01012287,147,171,63,62,63,95
S01012288,168,176,70,34,67,83
S01012289,93,90,62,41,64,457
S01012290,79,67,52,43,66,193
S01012291,79,141,115,49,118,450
S01012292,68,82,67,31,48,326
S01012293,51,82,38,34,65,130
S01012294,130,151,74,71,103,176
S01012295,76,112,77,43,101,192
S01012296,59,136,100,53,92,303
S01012297,53,96,58,43,71,258
S01012298,94,98,84,85,98,267
S01012299,58,98,68,42,64,222
S01012300,126,95,44,44,64,157
S01012301,94,161,74,47,94,304
S01012302,61,106,72,40,67,176
S01012303,93,139,88,44,98,342
S01012304,120,178,91,71,113,300
S01012305,170,181,79,63,99,213
S01012306,142,119,53,48,43,109
S01012307,119,118,67,29,52,137
S01012308,160,157,95,72,94,133
S01012309,100,121,54,48,48,160
S01012310,134,215,96,68,91,352
S01012311,65,86,43,24,43,194
S01012312,124,181,95,70,97,323
S01012313,85,107,73,48,76,228
S01012314,184,188,82,68,72,113
S01012315,163,158,75,53,49,142
S01012316,141,133,49,41,51,89
S01012317,79,148,75,35,51,114
S01012318,143,165,69,56,75,101
S01012319,77,120,79,44,82,209
S01012320,122,115,55,51,46,110
S01012321,119,181,96,62,80,220
S01012322,116,154,92,67,86,366
S01012323,117,162,59,49,91,345
S01012324,136,173,104,56,106,342
S01012325,105,94,50,46,56,154
S01012326,124,105,67,43,41,122
S01012327,150,157,66,77,71,138
S01012328,72,99,51,39,54,188
S01012329,105,123,87,57,96,253
S01012330,89,110,52,47,56,150
S01012331,60,92,72,63,59,187
S01012332,102,186,105,77,102,307
S01012333,114,171,116,78,106,309
S01012334,204,179,90,94,64,153
S01012335,143,193,82,81,102,157
S01012336,141,100,51,82,50,73
S01012337,175,161,79,47,76,112
S01012338,145,146,73,49,92,172
S01012339,134,94,57,46,57,183
S01012340,149,198,107,99,119,318
S01012341,99,151,85,56,118,281
S01012342,122,126,83,71,105,290
S01012343,100,165,117,71,84,310
S01012344,118,109,61,45,66,153
S01012345,121,162,84,53,123,183
S01012346,105,121,70,50,98,260
S01012347,112,104,63,57,84,207
S01012348,70,80,65,41,66,232
S01012349,200,171,58,76,79,122
S01012350,140,164,60,70,83,187
S01012351,150,165,51,81,96,115
S01012352,133,134,69,55,66,157
S01012353,129,144,64,58,72,192
S01012354,173,157,68,61,50,167
S01012355,131,161,103,75,79,300
S01012356,104,122,71,48,69,192
S01012357,124,115,83,74,103,313
S01012358,104,145,73,44,69,289
S01012359,241,154,40,45,57,89
S01012360,169,149,66,41,52,56
S01012361,147,129,44,56,49,39
S01012362,126,187,63,30,40,69
S01012363,223,185,94,96,96,177
S01012364,123,125,54,67,56,117
S01012365,135,124,92,131,108,200
S01012366,193,127,65,90,90,163
S01012367,164,114,84,89,103,128
S01012368,117,102,50,58,81,186
S01012369,157,136,72,104,84,141
S01012370,204,145,100,84,95,129
S01012371,264,187,91,86,104,136
S01012372,171,136,45,58,53,85
S01012373,187,164,98,95,104,147
S01012374,171,187,69,75,104,128
S01012375,181,203,84,82,95,86
S01012376,97,132,94,43,106,354
S01012377,56,76,46,35,67,256
S01012378,76,87,55,26,63,216
S01012379,60,67,67,33,53,196
S01012380,125,158,90,93,121,136
S01012381,154,178,80,54,77,160
S01012382,110,137,88,91,85,275
S01012383,154,118,74,89,81,188
S01012384,83,81,46,40,65,154
S01012385,76,93,71,50,70,199
S01012386,173,227,79,60,88,114
S01012387,90,135,78,82,104,225
S01012388,81,96,63,70,68,264
S01012389,97,128,91,68,111,259
S01012390,58,122,68,98,97,199
S01012391,87,181,119,121,150,303
S01012392,70,120,82,80,79,195
S01012393,79,121,72,75,91,193
S01012394,117,133,65,55,61,123
S01012395,69,79,35,47,54,120
S01012396,73,86,46,61,75,161
S01012397,103,133,72,81,92,229
S01012398,92,108,61,76,95,232
S01012399,104,163,68,56,71,120
S01012400,83,108,52,44,75,114
S01012401,129,137,56,72,76,151
S01012402,47,133,78,81,106,180
S01012403,118,140,103,97,111,245
S01012404,99,124,52,93,81,202
S01012405,61,104,67,103,92,217
S01012406,67,94,65,57,69,181
S01012407,70,119,67,109,97,197
S01012408,63,97,55,62,78,143
S01012409,79,88,50,75,53,189
S01012410,125,171,84,119,106,215
S01012411,103,173,87,105,120,182
S01012412,111,96,48,56,86,140
S01012413,166,195,60,73,75,217
S01012414,91,132,48,75,65,173
S01012415,95,100,46,33,55,115
S01012416,112,97,33,34,45,92
S01012417,111,104,61,36,57,125
S01012418,132,130,74,65,101,193
S01012419,126,157,63,47,85,198
S01012420,205,158,64,60,69,88
S01012421,140,123,64,38,65,181
S01012422,164,158,66,69,110,193
S01012423,100,136,81,63,94,202
S01012424,188,195,80,64,110,99
S01012425,122,153,47,26,58,44
S01012426,101,137,53,40,57,47
S01012427,136,154,38,25,51,56
S01012428,130,130,54,55,68,80
S01012429,95,93,55,38,66,110
S01012430,99,87,61,45,62,121
S01012431,158,143,90,71,77,225
S01012432,141,123,71,52,74,145
S01012433,129,75,58,41,61,88
S01012434,104,135,73,57,49,65
S01012435,133,159,57,45,77,65
S01012436,145,119,52,29,64,78
S01012437,105,111,54,55,72,91
S01012438,113,156,91,78,94,135
S01012439,165,111,59,66,71,147
S01012440,85,77,43,48,59,146
S01012441,111,157,72,49,85,241
S01012442,161,236,148,102,197,574
S01012443,74,140,67,57,90,216
S01012444,61,118,92,54,98,346
S01012445,42,43,52,16,62,199
S01012446,98,81,40,45,76,78
S01012447,102,115,59,64,122,221
S01012448,103,109,119,70,123,262
S01012449,73,85,56,52,71,113
S01012450,118,176,95,77,112,293
S01012451,91,132,89,50,106,422
S01012452,62,77,52,43,76,235
S01012453,45,81,74,26,73,349
S01012454,60,74,70,34,70,271
S01012455,39,61,69,29,57,267
S01012456,36,72,58,29,83,348
S01012457,72,91,70,45,74,377
S01012458,37,89,75,30,69,393
S01012459,38,66,52,35,70,153
S01012460,82,78,41,45,58,160
S01012461,91,129,63,50,94,136
S01012462,164,154,50,46,77,120
S01012463,116,122,43,47,57,78
S01012464,106,131,44,29,84,63
S01012465,129,128,59,44,67,99
S01012466,81,117,77,60,79,233
S01012467,91,118,69,53,107,147
S01012468,92,119,79,68,95,159
S01012469,60,85,74,33,70,306
S01012470,163,152,82,72,125,213
S01012471,97,60,59,40,73,383
S01012472,77,77,63,48,64,261
S01012473,61,69,49,32,71,174
S01012474,122,104,53,62,73,192
S01012475,80,90,58,46,80,194
S01012476,134,150,80,70,125,190
S01012477,59,85,72,56,95,156
S01012478,162,157,79,72,129,169
S01012479,60,69,66,64,88,187
S01012480,86,62,33,32,44,164
S01012481,101,124,94,60,152,310
S01012482,112,97,65,47,92,311
S01012483,129,130,76,49,86,213
S01012484,75,91,61,37,69,345
S01012485,128,89,94,35,88,377
S01012486,110,47,41,29,44,243
S01012487,79,106,34,46,62,93
S01012488,197,162,73,94,127,174
S01012489,173,191,91,57,117,133
S01012490,256,182,90,41,146,188
S01012491,98,101,75,25,46,68
S01012492,161,146,50,47,110,108
S01012493,53,47,38,17,51,120
S01012494,144,152,133,70,142,174
S01012495,165,193,91,74,106,133
S01012496,165,141,57,53,74,91
S01012497,120,108,41,30,50,42
S01012498,228,191,45,42,83,74
S01012499,167,135,49,43,63,85
S01012500,142,134,35,34,44,57
S01012501,154,113,32,29,45,33
S01012502,162,178,45,38,54,66
S01012503,134,157,42,48,70,51
S01012504,142,173,65,55,85,61
S01012505,198,205,71,75,120,151
S01012506,103,90,30,53,73,152
S01012507,150,132,63,72,120,172
S01012508,133,119,90,53,121,178
S01012509,80,83,48,48,68,141
S01012510,141,127,95,68,113,234
S01012511,83,73,53,40,51,114
S01012512,50,79,53,28,51,124
S01012513,55,54,48,33,65,172
S01012514,76,155,113,63,156,250
S01012515,147,111,53,51,81,98
S01012516,140,102,77,56,77,136
S01012517,214,182,98,64,127,245
S01012518,60,55,40,20,60,197
S01012519,71,70,51,20,53,159
S01012520,88,70,63,38,84,298
S01012521,48,52,51,35,64,168
S01012522,71,100,102,41,111,327
S01012523,87,90,86,55,116,244
S01012524,122,131,105,70,101,256
S01012525,71,98,57,55,85,228
S01012526,58,93,72,43,92,293
S01012527,99,100,65,67,77,167
S01012528,142,128,73,51,109,148
S01012529,78,92,55,44,75,120
S01012530,92,102,95,83,121,260
S01012531,91,159,105,58,144,302
S01012532,121,147,95,62,146,270
S01012533,81,78,45,35,65,118
S01012534,162,99,54,45,67,110
S01012535,151,178,72,66,102,94
S01012536,155,146,81,73,85,127
S01012537,195,134,44,59,63,80
S01012538,241,211,78,82,156,182
S01012539,121,135,49,52,72,76
S01012540,155,138,50,55,62,74
S01012541,164,191,90,77,157,240
S01012542,126,173,103,81,154,450
S01012543,65,92,73,45,94,207
S01012544,145,131,78,61,110,224
S01012545,85,79,42,39,45,71
S01012546,90,147,83,62,113,198
S01012547,80,108,63,42,65,190
S01012548,165,190,203,84,226,683
S01012549,76,81,41,37,78,86
S01012550,92,125,69,58,111,171
S01012551,65,90,89,52,98,227
S01012552,94,112,82,56,108,284
S01012553,50,114,93,53,137,280
S01012554,51,50,55,24,62,135
S01012555,37,53,45,49,71,160
S01012556,42,47,55,26,51,207
S01012557,33,74,60,44,79,254
S01012558,83,93,62,33,81,110
S01012559,134,124,57,51,94,127
S01012560,86,92,62,45,67,107
S01012561,104,112,61,62,90,169
S01012562,109,119,68,46,118,127
S01012563,55,59,55,20,68,388
S01012564,57,69,57,42,68,248
S01012565,88,73,71,40,71,279
S01012566,126,101,72,39,96,251
S01012567,121,154,96,66,96,254
S01012568,47,42,49,24,43,254
S01012569,87,74,96,31,102,447
S01012570,70,62,45,38,44,118
S01012571,117,143,63,40,77,190
S01012572,84,89,38,34,50,110
S01012573,121,122,74,59,103,284
S01012574,116,133,90,64,117,262
S01012575,76,90,55,32,75,246
S01012576,71,111,65,36,67,241
S01012577,143,171,115,74,146,355
S01012578,138,114,65,52,89,277
S01012579,102,123,76,48,81,233
S01012580,122,98,85,38,74,329
S01012581,135,160,53,41,61,76
S01012582,118,162,106,73,109,269
S01012583,111,127,75,53,80,116
S01012584,129,116,73,61,88,179
S01012585,181,151,81,52,84,134
S01012586,120,153,85,58,115,247
S01012587,83,129,85,67,96,274
S01012588,78,93,73,40,76,177
S01012589,123,132,71,53,69,89
S01012590,180,154,65,56,84,108
S01012591,189,128,60,43,71,98
S01012592,49,83,72,53,91,220
S01012593,103,109,86,76,117,214
S01012594,72,73,45,43,53,108
S01012595,128,113,42,50,65,125
S01012596,134,141,51,47,75,120
S01012597,56,78,39,30,62,123
S01012598,68,79,51,40,71,221
S01012599,83,96,77,53,68,183
S01012600,60,80,86,55,94,201
S01012601,85,123,83,75,144,252
S01012602,159,103,56,41,77,118
S01012603,130,106,51,52,78,97
S01012604,105,121,58,38,87,111
S01012605,87,93,41,36,66,109
S01012606,32,92,99,49,107,253
S01012607,104,118,64,59,93,183
S01012608,169,142,79,63,97,130
S01012609,200,158,62,66,84,93
S01012610,209,176,82,70,103,128
S01012611,127,157,109,86,150,286
S01012612,134,119,73,50,91,106
S01012613,112,114,56,47,60,112
S01012614,165,134,88,87,142,239
S01012615,97,112,68,45,84,285
S01012616,101,130,97,81,115,286
S01012617,57,113,73,68,107,281
S01012618,75,84,49,36,52,131
S01012619,138,89,40,43,60,104
S01012620,66,87,75,45,86,271
S01012621,76,63,67,44,63,195
S01012622,113,112,75,70,76,185
S01012623,122,133,42,60,68,120
S01012624,144,120,66,60,84,95
S01012625,97,100,64,45,65,62
S01012626,67,66,43,51,65,111
S01012627,86,114,68,35,69,154
S01012628,129,147,94,66,134,453
S01012629,52,52,47,21,58,191
S01012630,175,119,105,73,96,228
S01012631,92,126,80,40,92,127
S01012632,106,116,75,73,94,184
S01012633,77,84,69,46,79,180
S01012634,141,121,69,55,89,126
S01012635,164,158,107,82,139,353
S01012636,91,98,81,54,103,240
S01012637,185,168,55,49,74,75
S01012638,201,195,62,51,86,138
S01012639,187,179,64,99,88,109
S01012640,203,204,47,46,86,86
S01012641,196,208,82,74,96,180
S01012642,209,196,46,43,62,64
S01012643,107,94,35,28,53,44
S01012644,137,132,56,51,74,94
S01012645,145,122,73,61,96,223
S01012646,123,133,89,76,146,220
S01012647,51,89,88,48,67,164
S01012648,107,121,44,41,62,55
S01012649,92,123,52,43,76,101
S01012650,111,115,74,60,94,148
S01012651,162,139,37,49,76,64
S01012652,134,165,98,96,137,262
S01012653,163,178,86,77,100,153
S01012654,131,193,143,72,198,375
S01012655,268,170,73,92,94,195
S01012656,164,153,74,71,78,105
S01012657,116,98,49,41,64,72
S01012658,171,122,79,107,107,181
S01012659,72,125,120,68,119,286
S01012660,158,129,69,65,77,111
S01012661,99,111,83,85,107,199
S01012662,207,145,61,81,87,120
S01012663,106,106,60,67,87,128
S01012664,190,168,86,84,107,153
S01012665,157,166,61,55,75,81
S01012666,188,116,40,48,57,67
S01012667,136,124,60,46,55,68
S01012668,141,163,65,51,68,107
S01012669,88,86,59,56,98,119
S01012670,86,112,69,66,73,172
S01012671,227,191,94,71,70,78
S01012672,202,175,65,61,58,61
S01012673,154,134,54,39,54,38
S01012674,141,127,54,52,64,51
S01012675,221,162,57,51,56,95
S01012676,117,159,68,76,91,103
S01012677,133,90,38,61,64,83
S01012678,78,131,72,74,116,213
S01012679,151,117,72,55,97,128
S01012680,62,59,46,49,74,140
S01012681,107,147,90,81,118,219
S01012682,147,113,55,62,95,143
S01012683,125,139,46,69,92,115
S01012684,58,71,50,39,58,141
S01012685,155,120,82,53,79,110
S01012686,74,111,94,49,106,356
S01012687,48,55,50,28,49,237
S01012688,104,121,61,56,92,266
S01012689,29,40,30,29,48,205
S01012690,34,60,47,40,65,156
S01012691,46,81,71,23,70,280
S01012692,123,94,60,52,63,217
S01012693,37,111,108,47,108,468
S01012694,70,65,47,29,48,102
S01012695,116,116,101,48,97,224
S01012696,75,127,78,53,103,303
S01012697,71,95,82,53,134,410
S01012698,100,136,108,74,107,253
S01012699,135,208,128,95,158,418
S01012700,94,126,81,57,78,224
S01012701,75,112,127,76,125,531
S01012702,91,124,95,63,107,418
S01012703,68,76,68,37,75,134
S01012704,161,163,47,50,76,74
S01012705,143,91,80,50,102,176
S01012706,177,135,46,50,69,113
S01012707,63,105,87,43,94,243
S01012708,149,121,52,41,68,86
S01012709,113,99,50,48,62,126
S01012710,152,117,47,55,91,110
S01012711,231,179,71,73,85,149
S01012712,71,71,84,46,93,289
S01012713,86,81,83,36,89,244
S01012714,52,74,73,49,84,244
S01012715,106,90,53,28,77,192
S01012716,140,99,94,54,83,318
S01012717,247,136,99,74,115,311
S01012718,135,117,77,44,104,304
S01012719,126,127,92,59,132,320
S01012720,37,60,60,29,55,165
S01012721,105,108,68,64,76,117
S01012722,187,130,51,42,81,93
S01012723,153,137,49,38,91,83
S01012724,99,137,56,51,110,176
S01012725,115,112,92,46,120,267
S01012726,122,123,71,50,57,91
S01012727,169,119,49,32,71,71
S01012728,178,158,56,39,104,76
S01012729,123,141,60,65,108,162
S01012730,111,123,41,41,71,56
S01012731,171,141,47,55,93,110
S01012732,136,118,41,44,54,89
S01012733,89,275,249,147,337,779
S01012734,27,64,72,31,80,193
S01012735,88,97,42,52,38,54
S01012736,152,167,104,80,120,171
S01012737,89,160,91,61,90,155
S01012738,118,111,50,38,58,93
S01012739,35,102,95,36,121,266
S01012740,65,119,101,39,112,280
S01012741,48,75,41,44,64,147
S01012742,73,75,68,45,82,202
S01012743,60,80,54,34,76,144
S01012744,57,75,59,72,85,155
S01012745,98,99,94,70,163,354
S01012746,84,134,63,51,91,163
S01012747,132,156,66,49,96,172
S01012748,193,172,64,47,73,88
S01012749,147,189,59,38,103,122
S01012750,175,162,80,51,111,102
S01012751,188,174,65,60,85,109
S01012752,127,164,69,50,86,128
S01012753,124,81,31,24,58,62
S01012754,141,123,51,57,69,78
S01012755,106,81,32,31,43,57
S01012756,117,69,33,51,50,77
S01012757,93,81,27,38,42,50
S01012758,115,104,54,47,56,98
S01012759,187,131,59,58,86,91
S01012760,245,205,79,56,95,122
S01012761,152,134,51,60,74,95
S01012762,131,123,55,57,81,96
S01012763,97,79,37,25,45,42
S01012764,157,141,71,54,73,94
S01012765,145,127,63,58,64,115
S01012766,140,164,81,64,118,130
S01012767,71,89,43,60,59,119
S01012768,101,101,69,56,88,156
S01012769,32,60,41,32,50,110
S01012770,155,144,86,60,126,160
S01012771,127,96,61,48,56,115
S01012772,154,119,50,56,62,71
S01012773,190,158,58,86,102,138
S01012774,157,152,82,65,87,161
S01012775,88,65,40,30,58,65
S01012776,142,138,67,40,74,74
S01012777,133,172,96,51,126,186
S01012778,114,134,69,35,80,111
S01012779,105,107,39,26,59,67
S01012780,168,145,35,32,69,83
S01012781,154,148,70,75,99,141
S01012782,138,95,34,35,53,57
S01012783,154,140,53,38,76,84
S01012784,160,135,62,40,97,90
S01012785,172,144,47,42,73,87
S01012786,135,128,40,30,96,92
S01012787,51,88,43,25,56,121
S01012788,167,115,32,44,74,86
S01012789,127,124,82,53,71,145
S01012790,61,79,62,31,71,224
S01012791,82,94,91,47,75,256
S01012792,297,144,82,72,120,169
S01012793,157,113,48,39,77,119
S01012794,118,99,58,34,97,199
S01012795,276,185,61,58,96,107
S01012796,124,122,61,48,87,156
S01012797,149,118,64,38,67,91
S01012798,97,90,97,35,99,430
S01012799,97,88,95,37,86,354
S01012800,67,88,67,38,101,352
S01012801,76,55,39,25,27,173
S01012802,40,43,58,24,40,266
S01012803,69,80,62,40,54,214
S01012804,121,116,50,49,70,167
S01012805,152,156,75,48,96,151
S01012806,81,107,75,37,96,253
S01012807,43,70,61,26,51,268
S01012808,218,246,195,92,279,709
S01012809,70,80,44,31,74,250
S01012810,196,146,65,51,99,151
S01012811,100,103,58,45,98,254
S01012812,89,89,37,47,70,170
S01012813,86,70,82,39,90,419
S01012814,83,137,87,61,109,196
S01012815,96,123,85,53,122,255
S01012816,77,88,52,47,77,119
S01012817,33,62,82,23,79,159
S01012818,72,130,108,57,110,185
S01012819,187,119,57,57,98,73
S01012820,162,497,343,241,546,1458
S01012821,95,124,73,46,89,181
S01012822,96,89,31,16,45,50
S01012823,79,146,108,55,96,169
S01012824,106,118,57,53,81,114
S01012825,95,79,53,35,69,78
S01012826,145,114,51,10,56,63
S01012827,59,116,67,43,96,176
S01012828,69,115,79,56,126,241
S01012829,190,166,63,52,78,84
S01012830,158,134,69,52,87,101
S01012831,158,106,49,59,87,106
S01012832,111,109,61,34,78,85
S01012833,169,165,61,43,69,77
S01012834,196,101,56,50,65,145
S01012835,176,141,88,64,109,236
S01012836,77,101,59,45,100,187
S01012837,140,118,52,25,63,65
S01012838,161,137,39,41,84,73
S01012839,76,97,59,50,79,144
S01012840,54,106,92,51,108,261
S01012841,78,88,39,48,61,159
S01012842,77,89,34,38,51,116
S01012843,55,76,106,53,85,371
S01012844,30,55,50,24,56,325
S01012845,94,76,79,47,68,299
S01012846,234,161,43,59,97,163
S01012847,130,67,56,59,53,111
S01012848,58,106,61,32,77,217
S01012849,113,119,47,47,95,160
S01012850,178,136,52,64,93,85
S01012851,129,148,66,61,85,197
S01012852,71,79,72,36,90,261
S01012853,128,113,57,73,91,206
S01012854,80,76,73,41,71,297
S01012855,39,62,59,21,52,254
S01012856,219,224,91,98,181,312
S01012857,231,150,55,78,88,128
S01012858,194,151,60,40,79,113
S01012859,202,182,79,49,137,236
S01012860,205,118,66,57,86,246
S01012861,85,67,49,50,71,225
S01012862,116,107,30,31,56,85
S01012863,163,135,48,45,108,138
S01012864,179,108,61,36,101,122
S01012865,210,136,64,57,70,133
S01012866,174,129,66,64,100,120
S01012867,238,134,39,56,67,73
S01012868,148,116,30,35,63,69
S01012869,153,142,36,23,49,46
S01012870,165,136,87,94,101,199
S01012871,107,136,62,78,109,201
S01012872,97,136,66,39,81,180
S01012873,115,130,64,65,82,133
S01012874,141,151,59,56,106,154
S01012875,97,98,46,45,70,100
S01012876,203,206,89,89,141,152
S01012877,198,140,55,61,90,84
S01012878,106,187,140,102,170,411
S01012879,58,77,79,44,84,274
S01012880,73,92,86,42,84,384
S01012881,112,102,77,43,98,321
S01012882,84,99,33,27,67,78
S01012883,113,105,35,23,51,81
S01012884,120,56,16,39,43,112
S01012885,150,133,36,32,52,74
S01012886,68,90,78,56,82,304
S01012887,87,87,62,47,86,272
S01012888,62,69,67,36,75,350
S01012889,98,123,94,59,120,316
S01012890,155,176,66,41,103,126
S01012891,89,101,35,37,55,75
S01012892,307,278,81,78,132,150
S01012893,186,156,47,44,71,78
S01012894,123,289,234,125,299,700
S01012895,63,172,158,75,193,425
S01012896,138,148,72,63,98,148
S01012897,90,124,129,78,125,329
S01012898,34,65,54,29,66,165
S01012899,108,95,37,47,56,71
S01012900,340,422,267,177,462,920
S01012901,86,115,81,53,130,128
S01012902,85,146,62,58,92,131
S01012903,104,171,76,63,103,123
S01012904,115,157,90,69,126,176
S01012905,90,112,64,46,91,76
S01012906,102,122,87,60,107,203
S01012907,125,175,87,77,131,167
S01012908,95,152,66,56,102,131
S01012909,111,72,48,40,58,102
S01012910,152,168,87,66,107,165
S01012911,91,98,69,64,114,193
S01012912,97,107,57,52,94,118
S01012913,112,144,84,68,110,185
S01012914,106,127,72,53,108,208
S01012915,106,143,136,79,167,284
S01012916,88,116,71,52,86,154
S01012917,42,92,78,46,106,202
S01012918,63,93,62,43,74,101
S01012919,55,69,35,32,57,79
S01012920,55,71,63,43,69,192
S01012921,113,126,54,43,91,118
S01012922,124,180,151,88,167,329
S01012923,69,118,86,61,95,134
S01012924,44,76,42,48,66,91
S01012925,30,58,43,33,64,153
S01012926,57,126,72,60,97,137
S01012927,71,150,87,54,117,142
S01012928,101,140,85,67,115,242
S01012929,103,106,72,53,94,181
S01012930,142,102,60,67,93,203
S01012931,148,174,101,85,161,280
S01012932,59,60,46,44,53,158
S01012933,132,122,75,62,94,208
S01012934,157,132,84,50,90,189
S01012935,101,164,83,62,129,184
S01012936,102,116,70,45,105,192
S01012937,79,98,62,47,88,163
S01012938,76,81,71,49,69,262
S01012939,52,64,69,53,69,200
S01012940,43,70,57,50,83,223
S01012941,40,89,82,41,75,282
S01012942,113,129,78,42,117,127
S01012943,75,88,74,50,96,181
S01012944,36,55,41,32,69,151
S01012945,62,90,122,48,117,362
S01012946,62,86,76,45,105,252
S01012947,24,34,61,21,58,151
S01012948,55,84,66,40,70,201
S01012949,57,82,76,54,78,209
S01012950,40,98,95,56,86,300
S01012951,44,107,107,40,106,411
S01012952,62,142,137,48,112,498
S01012953,53,90,79,48,77,173
S01012954,40,57,61,43,58,109
S01012955,55,109,102,55,131,399
S01012956,204,191,83,62,101,187
S01012957,77,109,51,45,82,102
S01012958,45,98,68,38,83,162
S01012959,66,92,61,35,73,116
S01012960,49,88,57,46,71,144
S01012961,46,78,46,49,89,152
S01012962,44,80,68,52,85,165
S01012963,53,78,81,43,86,214
S01012964,39,91,73,35,88,220
S01012965,120,120,77,37,86,147
S01012966,80,248,130,79,183,344
S01012967,75,80,36,37,48,93
S01012968,95,132,44,53,71,80
S01012969,137,155,77,41,100,98
S01012970,97,107,43,47,66,109
S01012971,110,169,74,49,120,112
S01012972,138,159,66,47,90,87
S01012973,119,173,54,46,105,138
S01012974,243,273,103,83,146,164
S01012975,126,111,52,45,75,53
S01012976,97,130,51,40,80,84
S01012977,91,143,49,54,92,102
S01012978,125,137,65,46,103,90
S01012979,107,113,67,43,87,110
S01012980,104,147,50,44,64,95
S01012981,82,137,82,43,110,109
S01012982,112,146,80,52,109,140
S01012983,84,136,74,55,94,176
S01012984,90,110,69,48,88,89
S01012985,90,139,86,61,114,130
S01012986,121,195,76,63,118,175
S01012987,135,115,47,64,94,118
S01012988,128,190,77,85,108,149
S01012989,170,161,104,74,129,167
S01012990,106,104,72,47,61,105
S01012991,108,156,86,59,121,152
S01012992,100,153,79,51,94,153
S01012993,101,143,73,45,103,118
S01012994,150,159,64,56,135,174
S01012995,110,129,70,54,103,142
S01012996,82,119,69,45,75,101
S01012997,66,96,42,26,61,82
S01012998,132,169,107,86,121,216
S01012999,65,75,45,32,71,75
S01013000,91,123,76,47,95,98
S01013001,25,20,25,10,29,143
S01013002,36,55,52,23,44,227
S01013003,23,47,31,16,57,293
S01013004,51,71,65,26,66,273
S01013005,53,73,79,21,77,457
S01013006,14,25,25,13,33,179
S01013007,53,85,76,49,93,491
S01013008,63,84,88,51,67,408
S01013009,57,76,53,45,74,180
S01013010,49,70,75,31,79,273
S01013011,50,61,71,20,80,255
S01013012,54,76,58,48,79,181
S01013013,71,117,94,33,96,392
S01013014,94,117,81,56,88,257
S01013015,50,89,72,35,72,311
S01013016,23,52,44,21,55,259
S01013017,87,106,73,43,71,334
S01013018,57,108,86,44,77,393
S01013019,32,71,83,35,102,419
S01013020,70,74,55,39,43,111
S01013021,69,61,52,36,52,111
S01013022,38,75,55,15,57,133
S01013023,49,72,73,31,81,387
S01013024,42,62,40,30,53,214
S01013025,109,150,97,73,139,331
S01013026,159,183,84,85,136,176
S01013027,234,219,61,48,74,101
S01013028,74,88,40,42,61,111
S01013029,159,158,50,48,54,44
S01013030,145,126,53,48,69,69
S01013031,120,142,60,56,60,62
S01013032,76,153,86,73,101,141
S01013033,115,153,74,72,78,118
S01013034,165,141,55,43,60,72
S01013035,156,182,56,38,48,56
S01013036,164,189,47,44,58,60
S01013037,111,122,63,57,82,176
S01013038,147,187,77,87,81,194
S01013039,29,70,54,33,60,155
S01013040,126,111,47,49,70,123
S01013041,88,108,58,45,66,116
S01013042,95,127,73,56,86,191
S01013043,133,138,63,52,69,98
S01013044,125,146,63,68,83,91
S01013045,103,121,70,49,71,145
S01013046,88,105,38,43,57,78
S01013047,78,130,116,73,115,233
S01013048,78,104,81,51,91,191
S01013049,65,126,100,59,104,252
S01013050,140,139,58,54,75,156
S01013051,136,170,72,77,111,150
S01013052,133,164,75,73,81,158
S01013053,119,122,55,52,84,111
S01013054,75,98,51,37,65,122
S01013055,95,116,54,47,71,158
S01013056,202,221,84,72,135,244
S01013057,166,196,71,48,115,124
S01013058,40,73,64,49,66,224
S01013059,71,107,89,51,102,512
S01013060,52,58,45,14,52,248
S01013061,53,80,99,39,84,399
S01013062,71,84,77,32,66,456
S01013063,56,70,53,16,47,443
S01013064,141,159,74,46,74,160
S01013065,113,145,76,59,87,193
S01013066,86,118,115,43,89,303
S01013067,31,91,284,17,130,367
S01013068,84,104,162,18,101,243
S01013069,45,64,158,23,79,335
S01013070,46,72,143,24,65,197
S01013071,20,138,343,12,116,360
S01013072,221,113,35,28,51,77
S01013073,209,206,113,56,146,409
S01013074,225,192,73,45,108,189
S01013075,235,182,74,51,67,148
S01013076,27,83,193,23,94,222
S01013077,150,155,57,28,86,110
S01013078,113,112,60,23,75,108
S01013079,111,160,119,43,113,365
S01013080,59,78,95,26,59,303
S01013081,38,82,110,46,115,451
S01013082,67,106,97,82,80,284
S01013083,56,202,844,49,303,663
S01013084,36,69,61,38,65,332
S01013085,66,68,52,35,34,262
S01013086,47,101,84,32,77,401
S01013087,42,68,59,24,46,485
S01013088,39,63,62,18,60,476
S01013089,104,111,56,52,99,269
S01013090,58,75,102,23,64,346
S01013091,18,76,178,28,87,374
S01013092,77,101,84,34,94,353
S01013093,30,59,52,20,48,226
S01013094,22,45,55,13,49,279
S01013095,14,41,52,10,43,399
S01013096,59,92,83,24,52,178
S01013097,46,87,86,22,83,435
S01013098,8,46,62,9,57,351
S01013099,109,70,76,25,77,414
S01013100,31,48,45,15,35,369
S01013101,141,127,84,63,88,250
S01013102,43,58,53,33,50,269
S01013103,29,81,94,37,83,410
S01013104,58,84,72,46,88,378
S01013105,60,80,77,27,82,445
S01013106,74,95,71,55,72,260
S01013107,103,113,129,50,129,528
S01013108,65,97,55,29,54,226
S01013109,150,142,122,57,103,505
S01013110,52,62,60,29,62,245
S01013111,30,38,39,16,25,181
S01013112,58,67,66,37,67,171
S01013113,137,122,73,63,73,171
S01013114,87,120,64,40,89,292
S01013115,101,97,55,41,58,178
S01013116,62,86,77,38,68,346
S01013117,49,105,60,34,59,157
S01013118,29,47,44,24,52,231
S01013119,74,89,77,39,74,307
S01013120,111,149,107,65,119,257
S01013121,65,89,38,22,28,77
S01013122,45,30,15,9,22,28
S01013123,174,166,88,78,153,158
S01013124,131,99,69,62,75,89
S01013125,158,129,63,96,89,144
S01013126,143,152,48,46,84,76
S01013127,182,179,74,55,101,91
S01013128,193,124,56,43,119,116
S01013129,221,205,73,112,169,217
S01013130,93,157,54,32,121,106
S01013131,95,126,61,40,95,70
S01013132,128,89,40,55,77,67
S01013133,276,173,63,78,113,173
S01013134,137,139,74,65,83,146
S01013135,189,191,65,53,109,76
S01013136,160,161,71,97,121,94
S01013137,165,148,57,54,81,85
S01013138,168,190,78,65,131,137
S01013139,158,153,46,52,98,74
S01013140,149,134,64,40,62,73
S01013141,158,185,81,56,124,160
S01013142,227,176,69,87,114,110
S01013143,122,121,53,66,112,104
S01013144,176,160,70,83,103,116
S01013145,132,111,67,51,99,107
S01013146,78,94,33,42,66,75
S01013147,137,141,55,75,139,153
S01013148,118,113,70,65,80,148
S01013149,134,128,65,80,104,152
S01013150,146,139,62,76,117,138
S01013151,61,79,42,55,63,95
S01013152,158,127,74,80,111,171
S01013153,150,179,63,65,123,86
S01013154,157,169,57,63,120,117
S01013155,101,172,71,41,117,100
S01013156,140,163,74,42,95,85
S01013157,196,193,66,62,127,115
S01013158,98,85,68,69,111,177
S01013159,87,69,58,51,77,116
S01013160,97,117,72,81,116,188
S01013161,173,148,87,90,150,146
S01013162,176,121,63,77,90,108
S01013163,68,98,50,68,79,121
S01013164,131,150,93,71,118,226
S01013165,152,111,70,98,126,203
S01013166,159,126,45,60,112,103
S01013167,139,143,66,55,107,91
S01013168,174,145,77,72,114,103
S01013169,190,162,67,64,99,116
S01013170,74,76,32,45,67,44
S01013171,55,107,58,50,64,125
S01013172,114,135,57,65,95,120
S01013173,115,106,74,78,85,161
S01013174,53,92,70,72,110,202
S01013175,79,123,99,80,122,212
S01013176,98,96,53,46,81,142
S01013177,61,101,57,55,82,139
S01013178,84,111,63,65,82,166
S01013179,98,105,68,45,97,197
S01013180,35,55,41,29,67,111
S01013181,115,112,70,61,95,124
S01013182,135,125,64,55,81,110
S01013183,149,114,90,71,93,172
S01013184,67,72,27,25,44,37
S01013185,129,125,68,47,82,74
S01013186,107,122,58,42,82,82
S01013187,130,141,61,54,88,84
S01013188,116,157,115,91,167,185
S01013189,68,57,44,41,55,111
S01013190,122,129,86,69,99,168
S01013191,94,154,137,88,161,410
S01013192,98,113,76,81,82,240
S01013193,171,133,118,98,149,316
S01013194,54,54,58,37,86,110
S01013195,229,203,146,111,209,276
S01013196,60,76,48,44,94,169
S01013197,104,62,59,49,81,182
S01013198,213,161,128,84,185,318
S01013199,201,107,81,71,88,272
S01013200,112,93,65,33,93,166
S01013201,178,153,82,31,99,95
S01013202,107,108,43,27,70,96
S01013203,119,127,66,49,111,102
S01013204,79,109,66,57,110,133
S01013205,123,119,43,34,84,62
S01013206,112,113,64,41,69,71
S01013207,176,175,82,71,126,172
S01013208,187,175,78,57,112,103
S01013209,152,127,76,69,115,116
S01013210,90,94,73,59,96,153
S01013211,144,145,74,59,115,136
S01013212,37,88,61,30,65,131
S01013213,54,65,53,55,83,114
S01013214,31,57,40,47,58,90
S01013215,150,219,117,93,208,323
S01013216,98,72,33,32,53,47
S01013217,132,149,51,45,82,70
S01013218,91,107,33,34,56,43
S01013219,101,75,31,28,61,41
S01013220,101,119,54,45,81,57
S01013221,160,195,67,45,113,117
S01013222,154,109,54,31,73,68
S01013223,210,159,89,87,117,184
S01013224,136,145,78,60,100,127
S01013225,156,131,52,49,88,107
S01013226,51,87,47,35,75,100
S01013227,147,121,59,50,81,108
S01013228,157,114,69,53,82,111
S01013229,159,145,57,60,87,93
S01013230,127,107,39,48,64,91
S01013231,125,107,43,48,88,78
S01013232,163,118,51,72,88,99
S01013233,108,100,59,47,72,150
S01013234,34,33,44,14,51,126
S01013235,128,105,68,79,92,141
S01013236,117,114,76,76,119,221
S01013237,111,108,66,65,99,145
S01013238,211,198,78,52,110,82
S01013239,143,182,62,48,95,112
S01013240,135,84,34,28,50,64
S01013241,93,115,82,74,92,242
S01013242,82,71,69,43,60,196
S01013243,135,136,41,51,69,82
S01013244,183,127,57,45,65,84
S01013245,169,194,69,64,116,163
S01013246,68,113,47,50,72,113
S01013247,198,154,48,59,69,95
S01013248,142,156,41,34,64,56
S01013249,82,105,25,28,47,46
S01013250,137,209,105,78,144,352
S01013251,129,155,45,39,84,89
S01013252,93,112,32,32,39,66
S01013253,121,149,63,58,75,110
S01013254,142,131,61,43,44,45
S01013255,305,377,97,116,188,155
S01013256,149,126,80,54,99,173
S01013257,150,111,71,48,90,176
S01013258,78,131,67,52,80,181
S01013259,120,156,86,51,82,131
S01013260,151,216,65,56,95,108
S01013261,170,190,56,40,96,91
S01013262,124,134,45,41,77,65
S01013263,40,53,56,29,43,179
S01013264,34,60,45,23,58,150
S01013265,20,71,69,29,76,241
S01013266,24,69,69,31,52,191
S01013267,107,116,55,31,59,92
S01013268,73,142,71,45,88,124
S01013269,100,245,178,90,228,594
S01013270,46,85,97,29,75,275
S01013271,32,53,43,19,62,272
S01013272,31,76,86,31,87,288
S01013273,53,129,106,44,99,315
S01013274,81,125,83,49,84,196
S01013275,65,147,59,45,68,168
S01013276,53,98,65,44,70,146
S01013277,136,173,70,54,104,170
S01013278,187,223,71,42,109,118
S01013279,113,152,62,23,83,74
S01013280,78,127,56,42,86,106
S01013281,131,167,71,46,91,139
S01013282,122,202,65,31,95,105
S01013283,113,191,77,33,101,189
S01013284,59,111,68,51,72,167
S01013285,56,106,65,41,73,134
S01013286,63,97,69,48,92,141
S01013287,46,100,82,34,97,231
S01013288,88,97,63,39,78,178
S01013289,77,145,99,53,101,509
S01013290,87,136,74,37,88,214
S01013291,67,130,78,46,60,133
S01013292,109,229,164,102,157,436
S01013293,66,116,70,60,62,159
S01013294,55,121,68,43,72,141
S01013295,60,142,74,58,87,142
S01013296,146,143,60,53,68,87
S01013297,105,125,61,56,75,118
S01013298,188,330,235,132,280,998
S01013299,156,172,98,99,135,182
S01013300,111,162,52,49,77,130
S01013301,94,118,40,51,54,69
S01013302,77,117,78,49,103,217
S01013303,135,176,70,49,95,177
S01013304,151,202,73,53,110,117
S01013305,149,173,68,40,81,117
S01013306,166,245,78,35,105,94
S01013307,163,226,72,42,113,123
S01013308,145,238,69,34,109,90
S01013309,63,145,65,31,95,288
S01013310,86,136,51,34,78,86
S01013311,132,196,61,43,91,123
S01013312,166,289,106,65,110,151
S01013313,100,134,65,42,82,89
S01013314,113,158,69,40,69,104
S01013315,34,101,83,18,80,240
S01013316,60,68,65,34,51,211
S01013317,114,127,68,58,79,188
S01013318,46,92,60,39,81,172
S01013319,47,82,56,26,74,152
S01013320,54,107,112,39,118,302
S01013321,79,94,43,17,37,77
S01013322,135,143,59,45,91,150
S01013323,151,210,67,45,119,126
S01013324,120,147,48,32,54,95
S01013325,169,255,79,53,119,126
S01013326,78,135,58,25,63,64
S01013327,116,148,41,42,62,93
S01013328,101,160,49,23,60,66
S01013329,108,138,45,25,50,76
S01013330,78,187,91,47,124,310
S01013331,42,89,71,22,59,209
S01013332,114,151,52,48,86,123
S01013333,80,141,75,55,121,169
S01013334,116,180,72,22,98,94
S01013335,100,208,56,41,88,86
S01013336,143,203,61,32,72,112
S01013337,118,180,85,56,96,207
S01013338,26,74,71,26,51,164
S01013339,44,93,54,33,78,143
S01013340,59,126,67,55,115,216
S01013341,94,138,86,48,90,404
S01013342,116,157,52,44,84,68
S01013343,102,136,48,27,75,105
S01013344,165,193,59,44,71,108
S01013345,150,197,76,38,84,90
S01013346,39,136,113,33,88,231
S01013347,84,121,82,38,74,191
S01013348,51,133,61,44,104,208
S01013349,40,121,63,28,100,261
S01013350,99,156,61,31,56,92
S01013351,79,147,83,41,66,107
S01013352,113,151,66,67,93,119
S01013353,105,197,44,36,84,95
S01013354,98,162,59,66,102,131
S01013355,83,137,52,43,76,106
S01013356,112,145,60,44,67,87
S01013357,161,224,104,84,128,179
S01013358,190,176,55,62,86,117
S01013359,126,127,44,39,57,98
S01013360,145,183,41,51,62,72
S01013361,133,127,24,21,68,56
S01013362,90,107,26,29,55,55
S01013363,143,206,55,32,94,71
S01013364,149,180,81,67,105,185
S01013365,142,155,92,74,142,226
S01013366,108,147,91,72,112,143
S01013367,41,100,47,29,55,100
S01013368,151,173,64,68,85,113
S01013369,192,217,59,43,67,88
S01013370,167,167,40,23,87,94
S01013371,153,152,39,45,59,88
S01013372,242,322,80,61,133,101
S01013373,179,214,69,61,105,87
S01013374,212,207,64,43,110,77
S01013375,94,113,27,30,58,47
S01013376,136,113,50,42,64,59
S01013377,186,180,52,63,99,83
S01013378,114,215,75,79,106,141
S01013379,130,141,59,68,77,112
S01013380,165,506,283,188,452,923
S01013381,96,84,33,30,49,37
S01013382,85,120,58,31,61,84
S01013383,148,171,68,45,70,91
S01013384,146,176,74,78,91,107
S01013385,66,98,35,43,51,75
S01013386,78,147,81,74,95,151
S01013387,107,159,57,38,57,80
S01013388,168,180,57,56,76,90
S01013389,113,155,62,48,81,87
S01013390,74,107,45,38,40,53
S01013391,56,74,42,40,54,71
S01013392,34,118,87,38,117,193
S01013393,130,168,62,44,67,100
S01013394,124,141,42,44,58,74
S01013395,101,152,43,34,49,64
S01013396,41,121,51,41,89,172
S01013397,118,173,75,72,100,131
S01013398,22,91,71,41,69,143
S01013399,132,179,106,65,145,223
S01013400,136,160,74,70,103,164
S01013401,152,463,304,148,412,965
S01013402,52,148,99,47,154,371
S01013403,41,123,96,31,108,308
S01013404,34,74,58,22,53,178
S01013405,91,131,43,41,58,137
S01013406,127,134,39,32,70,77
S01013407,100,107,42,37,61,78
S01013408,123,133,46,30,63,87
S01013409,111,207,95,53,109,208
S01013410,112,152,49,28,64,76
S01013411,77,120,80,35,90,216
S01013412,65,146,66,38,103,166
S01013413,61,102,72,36,90,272
S01013414,173,158,63,47,86,168
S01013415,121,136,53,36,76,89
S01013416,97,108,50,47,66,78
S01013417,115,162,71,43,109,169
S01013418,87,97,57,26,58,149
S01013419,22,79,42,38,61,110
S01013420,75,108,39,41,64,89
S01013421,59,113,91,47,84,184
S01013422,120,137,63,47,98,120
S01013423,132,155,99,72,90,168
S01013424,44,59,48,40,61,132
S01013425,41,48,44,31,40,76
S01013426,134,134,54,49,102,111
S01013427,21,70,57,20,70,189
S01013428,158,182,58,42,95,97
S01013429,121,147,49,45,88,123
S01013430,127,190,60,74,128,123
S01013431,127,145,54,35,78,110
S01013432,100,124,65,47,90,208
S01013433,74,92,61,43,89,247
S01013434,29,44,58,28,65,239
S01013435,12,52,51,10,49,303
S01013436,98,136,76,43,82,206
S01013437,66,94,53,37,72,186
S01013438,70,95,48,28,31,198
S01013439,37,61,69,26,63,435
S01013440,42,75,73,25,61,496
S01013441,29,59,57,23,59,379
S01013442,57,81,55,38,74,256
S01013443,42,54,47,39,67,271
S01013444,123,117,82,53,90,329
S01013445,70,60,66,25,39,280
S01013446,96,157,72,42,71,156
S01013447,14,26,41,13,45,264
S01013448,49,73,63,29,63,343
S01013449,31,81,51,26,59,234
S01013450,17,66,51,22,72,212
S01013451,14,62,80,22,71,354
S01013452,34,61,65,19,67,401
S01013453,134,177,52,53,67,120
S01013454,71,126,73,50,89,239
S01013455,115,222,132,82,173,675
S01013456,100,158,59,58,85,147
S01013457,149,214,60,63,88,119
S01013458,100,164,88,50,148,425
S01013459,161,157,64,56,94,145
S01013460,142,186,66,61,96,104
S01013461,116,238,93,55,144,204
S01013462,75,147,97,52,97,183
S01013463,119,230,93,34,132,120
S01013464,75,132,58,61,76,185
S01013465,91,108,60,52,77,135
S01013466,27,100,71,29,51,115
S01013467,90,135,96,63,109,238
S01013468,113,135,60,55,65,155
S01013469,77,131,65,66,75,191
S01013470,138,150,61,45,78,111
S01013471,138,212,76,57,91,120
S01013472,69,137,76,43,69,209
S01013473,26,92,81,32,76,195
S01013474,48,85,58,43,66,131
S01013475,53,102,64,55,85,128
S01013476,71,111,52,50,63,129
S01013477,108,124,47,30,53,114
S01013478,82,172,64,52,85,188
S01013479,131,170,54,54,63,126
S01013480,147,138,45,57,51,97
S01013481,90,173,57,62,116,278
,,,,,,
,,,,,,
Cells in this table have been randomly adjusted to avoid the release of confidential data.,,,,,,