Intermediate Zone - Data Zone 2011,Owned: Owned outright,Owned: Owned with a mortgage or loan,Owned: Shared ownership (part owned and part rented),Owned: Shared Equity (e.g. LIFT or Help-to-Buy),Social Rented: Council (LA) or Housing Association/ Registered Social Landlord,Private rented,Lives Rent Free
S01006506,169,155,2,7,43,101,11
S01006507,157,110,0,0,78,24,2
S01006508,89,130,2,2,27,39,3
S01006509,88,90,9,6,54,22,1
S01006510,110,75,1,2,72,29,4
S01006511,175,84,0,2,28,13,5
S01006512,163,76,0,1,3,6,2
S01006513,204,191,0,1,6,14,1
S01006514,193,149,0,0,8,24,2
S01006515,125,122,0,0,7,21,2
S01006516,111,61,0,0,3,18,2
S01006517,224,400,0,1,150,48,8
S01006518,150,81,1,2,0,13,4
S01006519,170,101,1,0,0,18,3
S01006520,108,95,0,0,2,19,0
S01006521,155,84,0,0,4,46,4
S01006522,133,116,0,0,1,16,2
S01006523,217,126,0,2,13,55,2
S01006524,193,89,1,0,33,55,14
S01006525,191,106,0,1,28,33,6
S01006526,79,89,4,1,180,80,0
S01006527,87,84,1,1,122,47,2
S01006528,117,98,4,3,155,109,7
S01006529,97,90,6,3,116,193,10
S01006530,79,65,2,3,135,59,8
S01006531,81,80,0,1,172,74,8
S01006532,147,95,0,1,15,45,7
S01006533,163,124,0,0,2,31,5
S01006534,186,142,0,1,5,75,2
S01006535,177,169,0,2,13,219,7
S01006536,153,143,0,0,22,189,6
S01006537,210,117,0,1,1,15,5
S01006538,137,89,0,0,3,7,3
S01006539,197,111,0,0,4,28,4
S01006540,193,159,0,5,2,67,3
S01006541,201,131,0,4,68,29,3
S01006542,289,148,0,3,8,59,10
S01006543,203,133,0,0,2,19,5
S01006544,175,151,2,0,9,173,6
S01006545,266,152,1,0,41,88,14
S01006546,155,80,0,0,1,24,3
S01006547,296,360,1,5,250,84,12
S01006548,178,113,0,0,4,10,7
S01006549,215,120,2,0,7,51,2
S01006550,238,114,2,0,5,20,9
S01006551,86,70,4,0,124,26,9
S01006552,229,135,0,4,14,73,2
S01006553,163,91,0,5,114,22,6
S01006554,119,103,2,1,89,58,8
S01006555,53,50,0,0,100,36,2
S01006556,96,87,0,2,166,33,5
S01006557,74,94,0,2,169,44,5
S01006558,129,92,2,0,1,117,7
S01006559,114,70,0,0,22,56,1
S01006560,189,151,1,1,35,71,8
S01006561,167,125,2,1,1,32,6
S01006562,160,129,0,1,56,71,10
S01006563,149,127,0,0,75,51,6
S01006564,112,77,0,2,141,189,6
S01006565,64,77,3,4,105,194,3
S01006566,112,117,3,3,11,209,6
S01006567,61,72,0,0,142,199,6
S01006568,98,110,3,0,12,372,5
S01006569,63,69,0,2,25,126,4
S01006570,140,118,0,4,7,85,6
S01006571,175,140,3,0,16,186,3
S01006572,206,119,0,0,3,45,4
S01006573,121,113,1,0,1,47,6
S01006574,196,125,2,0,1,98,9
S01006575,158,141,1,1,1,101,6
S01006576,107,125,0,1,4,82,3
S01006577,122,121,2,1,11,171,6
S01006578,122,150,0,1,40,314,9
S01006579,98,127,0,0,5,308,9
S01006580,97,117,0,2,10,178,2
S01006581,201,124,2,0,2,56,6
S01006582,64,86,2,0,53,307,6
S01006583,55,87,0,4,22,228,5
S01006584,79,83,0,0,16,212,5
S01006585,81,65,0,2,154,205,4
S01006586,85,93,0,0,172,477,17
S01006587,32,57,1,0,85,210,4
S01006588,22,72,2,5,65,237,4
S01006589,33,51,1,1,73,199,2
S01006590,53,78,0,4,38,221,4
S01006591,44,84,27,7,33,174,5
S01006592,61,111,0,0,3,176,3
S01006593,90,108,0,7,13,139,7
S01006594,71,59,4,0,67,145,7
S01006595,107,145,6,5,25,218,18
S01006596,104,117,1,0,11,161,6
S01006597,56,84,0,2,12,168,2
S01006598,162,148,0,1,0,70,1
S01006599,119,99,6,3,127,152,15
S01006600,167,145,3,1,114,129,2
S01006601,152,134,0,2,80,133,6
S01006602,210,121,0,0,3,60,10
S01006603,102,70,0,5,112,22,6
S01006604,111,98,0,11,49,17,9
S01006605,70,87,0,0,172,26,1
S01006606,165,122,1,0,70,19,5
S01006607,132,110,0,5,92,29,4
S01006608,247,569,3,38,67,90,9
S01006609,151,123,0,5,131,24,7
S01006610,62,63,1,1,89,19,5
S01006611,118,147,0,8,132,24,4
S01006612,158,133,1,2,42,17,4
S01006613,93,115,0,0,2,24,0
S01006614,77,158,0,4,1,15,1
S01006615,95,155,0,2,0,14,2
S01006616,128,160,0,3,4,34,0
S01006617,162,129,3,6,32,23,4
S01006618,129,73,1,1,7,8,1
S01006619,133,150,2,4,24,17,3
S01006620,171,130,1,3,46,15,7
S01006621,99,101,2,4,15,15,0
S01006622,112,137,9,0,10,30,2
S01006623,110,104,3,5,186,55,3
S01006624,113,86,5,2,163,167,12
S01006625,96,74,0,2,61,27,8
S01006626,47,49,0,1,143,34,8
S01006627,83,91,1,1,166,107,5
S01006628,64,101,0,2,129,232,5
S01006629,64,47,2,2,208,16,10
S01006630,72,71,0,1,126,26,6
S01006631,90,82,0,4,242,49,9
S01006632,42,42,1,0,248,35,4
S01006633,39,42,0,0,187,11,3
S01006634,25,24,1,0,175,17,4
S01006635,76,55,0,2,126,30,10
S01006636,24,31,0,1,317,12,1
S01006637,56,68,4,0,98,123,8
S01006638,72,75,1,0,126,216,10
S01006639,59,53,0,0,293,197,12
S01006640,41,85,1,1,39,296,11
S01006641,70,95,10,6,107,304,8
S01006642,68,70,3,2,73,268,12
S01006643,53,65,0,0,33,218,6
S01006644,60,127,6,12,93,317,20
S01006645,42,22,2,0,221,69,5
S01006646,29,38,10,1,51,180,9
S01006647,60,23,0,1,150,97,5
S01006648,65,86,7,4,158,289,5
S01006649,35,77,0,0,215,250,7
S01006650,62,56,1,0,64,203,7
S01006651,35,33,0,2,134,146,1
S01006652,36,42,0,0,57,191,2
S01006653,76,76,8,1,23,131,2
S01006654,74,66,2,5,190,120,9
S01006655,125,215,2,3,54,121,8
S01006656,55,96,0,2,115,213,8
S01006657,29,38,9,2,84,96,4
S01006658,62,79,1,6,263,319,9
S01006659,80,64,1,4,9,168,1
S01006660,24,25,2,1,69,101,4
S01006661,99,39,0,0,6,96,2
S01006662,38,21,0,1,126,85,3
S01006663,56,33,0,0,20,123,7
S01006664,31,31,1,1,33,128,1
S01006665,46,48,0,1,57,209,7
S01006666,40,92,4,12,400,118,5
S01006667,32,11,8,0,308,69,5
S01006668,53,62,4,0,83,197,7
S01006669,55,32,0,1,192,137,12
S01006670,56,52,18,5,104,147,7
S01006671,55,21,15,4,45,69,6
S01006672,34,28,0,0,168,100,6
S01006673,54,38,2,0,181,97,7
S01006674,69,10,0,1,381,27,11
S01006675,14,20,0,1,286,19,3
S01006676,26,31,1,1,228,36,2
S01006677,57,45,3,3,332,96,5
S01006678,84,107,1,33,414,73,16
S01006679,132,104,0,1,33,30,6
S01006680,42,35,0,0,342,18,3
S01006681,61,134,4,10,184,65,3
S01006682,28,41,0,0,274,29,0
S01006683,42,52,0,2,207,50,4
S01006684,39,47,0,1,225,67,9
S01006685,54,63,1,0,164,51,5
S01006686,74,62,0,3,84,41,2
S01006687,105,96,0,3,125,68,4
S01006688,186,95,3,3,165,38,5
S01006689,157,178,2,0,14,179,6
S01006690,89,71,5,0,45,80,6
S01006691,113,82,2,5,32,96,6
S01006692,146,89,5,0,34,63,3
S01006693,154,128,0,2,127,133,4
S01006694,60,50,1,2,373,35,9
S01006695,100,106,2,0,86,20,7
S01006696,95,71,1,4,156,40,1
S01006697,111,62,2,3,168,46,10
S01006698,62,36,0,0,234,61,6
S01006699,75,54,0,0,24,36,4
S01006700,121,74,1,2,129,58,8
S01006701,60,65,0,2,165,17,6
S01006702,109,113,0,7,85,12,2
S01006703,69,57,0,3,127,19,2
S01006704,46,68,0,5,142,12,2
S01006705,92,120,0,6,168,13,9
S01006706,67,87,0,8,94,12,5
S01006707,52,52,0,3,92,13,8
S01006708,89,107,3,2,157,14,4
S01006709,95,90,8,2,205,27,5
S01006710,124,106,0,5,154,19,4
S01006711,109,106,0,9,190,25,7
S01006712,84,68,0,6,73,8,7
S01006713,100,112,3,3,204,24,4
S01006714,91,88,0,3,117,10,0
S01006715,41,42,1,2,111,11,3
S01006716,71,45,0,0,101,12,4
S01006717,122,108,0,4,177,10,3
S01006718,65,61,0,0,100,13,7
S01006719,99,123,2,4,135,14,2
S01006720,77,68,0,4,97,9,3
S01006721,104,103,0,8,107,13,4
S01006722,82,84,0,1,105,16,0
S01006723,84,98,2,3,78,9,1
S01006724,33,46,0,0,227,6,0
S01006725,72,78,0,4,105,1,5
S01006726,25,27,0,1,182,25,2
S01006727,37,29,0,0,385,18,2
S01006728,70,97,1,5,130,22,3
S01006729,48,40,0,0,317,23,1
S01006730,78,90,0,7,78,11,1
S01006731,75,50,0,2,118,8,7
S01006732,180,299,5,26,98,124,6
S01006733,174,126,1,0,1,20,1
S01006734,133,169,7,1,4,38,5
S01006735,147,58,25,1,7,7,0
S01006736,122,220,6,1,13,39,0
S01006737,204,311,0,10,73,43,0
S01006738,90,235,0,12,158,357,8
S01006739,102,414,20,37,82,150,5
S01006740,109,110,0,6,81,19,4
S01006741,127,76,3,3,104,16,8
S01006742,70,69,0,1,74,8,2
S01006743,121,184,14,6,61,55,6
S01006744,93,100,0,5,50,38,5
S01006745,129,82,0,6,173,67,6
S01006746,116,114,0,0,123,28,4
S01006747,211,221,1,4,26,15,5
S01006748,212,224,12,8,241,84,12
S01006749,141,130,0,2,102,31,4
S01006750,114,91,0,1,55,18,3
S01006751,72,57,0,1,46,15,1
S01006752,130,84,1,4,86,24,2
S01006753,211,126,2,2,60,35,7
S01006754,222,124,0,1,19,24,5
S01006755,108,115,0,0,23,50,0
S01006756,62,147,0,0,4,66,2
S01006757,151,149,1,4,5,29,3
S01006758,148,117,0,2,0,36,3
S01006759,161,68,0,1,3,11,3
S01006760,106,112,1,1,0,31,0
S01006761,198,92,2,3,1,30,6
S01006762,299,293,0,5,85,52,7
S01006763,87,187,9,7,2,43,3
S01006764,134,167,5,3,2,34,0
S01006765,111,126,4,3,0,23,7
S01006766,118,97,2,1,3,13,1
S01006767,145,87,1,4,25,21,5
S01006768,130,75,0,0,0,6,0
S01006769,167,147,0,5,49,23,4
S01006770,160,92,0,3,1,9,2
S01006771,82,59,0,3,1,5,0
S01006772,191,153,0,0,1,29,1
S01006773,163,136,2,3,7,26,1
S01006774,136,72,0,2,5,5,1
S01006775,135,180,1,3,90,51,6
S01006776,82,64,0,1,124,20,5
S01006777,170,75,0,1,1,11,3
S01006778,151,84,0,2,29,20,2
S01006779,84,74,1,2,82,14,4
S01006780,93,68,1,3,47,16,3
S01006781,169,84,0,1,2,9,7
S01006782,163,142,1,1,30,48,4
S01006783,150,53,0,4,29,12,9
S01006784,129,93,1,6,5,44,5
S01006785,116,90,1,1,0,5,1
S01006786,154,136,0,1,12,24,3
S01006787,136,93,0,2,29,18,2
S01006788,150,550,1,33,72,58,10
S01006789,155,62,0,0,22,49,4
S01006790,206,69,0,1,130,38,11
S01006791,127,48,0,0,21,63,30
S01006792,56,27,0,0,5,78,26
S01006793,125,42,0,1,48,41,33
S01006794,127,70,1,0,60,19,7
S01006795,180,84,0,2,34,36,4
S01006796,175,130,1,13,24,28,8
S01006797,104,61,0,0,3,59,21
S01006798,115,67,1,1,8,51,17
S01006799,159,106,11,0,109,31,5
S01006800,187,108,0,0,6,33,8
S01006801,194,245,0,6,50,42,9
S01006802,112,90,0,1,45,61,18
S01006803,100,95,3,2,96,23,0
S01006804,107,132,0,3,34,26,4
S01006805,156,169,5,1,68,54,5
S01006806,185,169,2,6,34,65,12
S01006807,107,103,0,0,3,47,12
S01006808,131,114,0,0,6,20,5
S01006809,145,104,1,0,111,24,4
S01006810,165,113,0,1,80,34,7
S01006811,159,172,0,3,50,46,18
S01006812,134,136,0,0,39,36,9
S01006813,120,158,1,5,57,22,8
S01006814,156,132,0,1,3,11,4
S01006815,75,88,0,7,120,13,4
S01006816,128,84,0,2,49,20,6
S01006817,129,118,1,5,42,29,11
S01006818,160,102,0,3,19,29,13
S01006819,194,165,0,0,39,46,10
S01006820,126,131,0,6,32,17,3
S01006821,188,412,4,22,27,78,7
S01006822,170,180,0,2,7,51,9
S01006823,177,72,0,0,15,41,4
S01006824,86,85,0,0,167,38,7
S01006825,158,106,0,5,30,18,5
S01006826,177,98,0,2,61,15,3
S01006827,136,88,1,4,140,38,3
S01006828,180,90,0,1,108,61,11
S01006829,48,83,0,3,2,6,2
S01006830,141,84,1,3,59,21,3
S01006831,136,69,0,0,1,9,4
S01006832,232,111,0,0,51,39,3
S01006833,118,57,0,0,4,10,2
S01006834,46,86,0,0,16,11,2
S01006835,173,90,1,2,133,83,5
S01006836,72,94,0,2,19,43,7
S01006837,107,78,1,0,30,9,3
S01006838,98,107,0,4,35,9,1
S01006839,173,131,4,7,64,15,5
S01006840,183,175,5,8,4,17,3
S01006841,137,135,11,10,16,12,1
S01006842,183,99,1,7,6,8,1
S01006843,160,124,1,3,4,23,1
S01006844,157,121,0,3,2,36,4
S01006845,178,166,5,3,1,15,8
S01006846,107,96,0,4,24,16,1
S01006847,102,110,5,2,7,15,0
S01006848,215,317,2,17,21,81,10
S01006849,78,423,0,48,65,47,3
S01006850,110,168,0,11,53,22,5
S01006851,111,96,0,7,113,8,3
S01006852,123,87,0,0,8,7,4
S01006853,137,152,0,1,5,70,7
S01006854,176,119,9,0,75,22,3
S01006855,148,129,0,0,9,36,7
S01006856,114,88,0,0,11,61,21
S01006857,154,166,0,8,32,114,14
S01006858,124,94,1,0,4,26,5
S01006859,248,124,0,0,4,32,6
S01006860,69,48,0,6,93,17,4
S01006861,66,122,1,2,2,8,1
S01006862,145,97,0,3,64,28,5
S01006863,121,98,1,3,56,24,3
S01006864,48,121,0,3,94,16,2
S01006865,238,126,0,2,25,81,8
S01006866,145,60,0,0,1,8,4
S01006867,185,75,0,0,16,27,4
S01006868,156,89,0,1,93,16,11
S01006869,75,59,0,1,27,42,4
S01006870,92,68,0,0,13,25,0
S01006871,107,93,0,0,44,17,5
S01006872,158,212,1,0,13,51,7
S01006873,260,103,1,0,8,92,14
S01006874,104,57,0,0,4,59,9
S01006875,121,69,1,1,81,53,11
S01006876,203,130,0,2,39,41,5
S01006877,203,116,0,1,4,52,15
S01006878,138,78,0,1,44,57,13
S01006879,152,72,0,0,8,79,15
S01006880,110,130,2,3,12,22,6
S01006881,122,82,0,0,0,26,5
S01006882,66,32,1,3,42,9,1
S01006883,94,64,0,2,34,22,2
S01006884,188,123,0,2,93,28,6
S01006885,154,201,0,11,52,36,4
S01006886,169,162,0,2,37,52,11
S01006887,102,110,0,6,34,31,4
S01006888,161,153,2,3,21,22,0
S01006889,121,63,1,5,143,7,4
S01006890,142,77,0,2,30,10,4
S01006891,155,167,0,2,92,13,3
S01006892,77,59,1,3,127,12,1
S01006893,83,44,0,0,68,4,2
S01006894,196,109,0,4,121,36,4
S01006895,73,106,0,7,67,55,1
S01006896,176,93,0,3,63,40,6
S01006897,142,108,0,4,19,23,4
S01006898,182,89,0,5,45,33,3
S01006899,117,103,0,1,7,7,2
S01006900,127,75,2,1,3,11,2
S01006901,77,82,0,1,97,22,2
S01006902,89,66,1,1,125,24,0
S01006903,108,85,1,1,155,40,4
S01006904,120,77,10,5,50,43,6
S01006905,188,101,1,0,76,45,4
S01006906,100,86,1,5,216,27,5
S01006907,123,110,1,0,64,103,12
S01006908,150,94,0,1,96,82,10
S01006909,168,212,0,2,52,22,5
S01006910,179,193,1,2,24,26,7
S01006911,34,173,0,0,31,16,0
S01006912,149,167,1,1,13,30,6
S01006913,132,600,0,18,136,45,9
S01006914,143,105,0,0,5,24,1
S01006915,148,142,0,3,19,23,8
S01006916,61,73,1,12,52,11,1
S01006917,72,205,0,3,25,20,0
S01006918,81,76,1,1,19,10,0
S01006919,111,57,0,0,17,8,3
S01006920,73,84,1,0,51,25,7
S01006921,89,167,0,6,1,10,1
S01006922,125,105,1,4,3,25,10
S01006923,203,96,0,1,57,17,4
S01006924,121,71,0,0,6,25,5
S01006925,107,53,0,1,23,6,5
S01006926,103,125,0,1,18,8,0
S01006927,58,221,0,2,34,50,0
S01006928,155,165,2,3,36,82,7
S01006929,177,101,1,0,0,10,0
S01006930,222,114,0,0,2,18,3
S01006931,49,37,0,1,7,51,8
S01006932,85,222,0,9,85,33,1
S01006933,124,84,0,0,2,6,4
S01006934,124,200,2,4,49,63,6
S01006935,179,97,0,1,4,19,6
S01006936,145,90,4,1,15,19,1
S01006937,171,121,0,6,6,36,3
S01006938,88,73,0,1,55,17,3
S01006939,133,95,0,0,1,8,1
S01006940,229,107,2,2,8,38,6
S01006941,111,89,0,7,16,14,4
S01006942,182,152,0,0,18,20,5
S01006943,68,126,0,0,4,12,0
S01006944,81,232,8,14,48,45,6
S01006945,113,69,0,0,2,16,1
S01006946,131,112,4,2,12,18,3
S01006947,77,161,8,4,37,23,1
S01006948,179,128,0,3,56,19,3
S01006949,146,108,0,3,6,9,0
S01006950,51,180,0,13,39,22,3
S01006951,97,67,0,1,30,9,1
S01006952,199,119,2,2,23,36,1
S01006953,130,147,0,1,2,21,2
S01006954,191,133,0,4,22,18,0
S01006955,57,97,1,6,81,16,3
S01006956,118,208,0,6,40,21,1
S01006957,170,176,0,8,8,30,10
S01006958,322,236,0,18,24,69,6
S01006959,113,63,0,4,129,46,5
S01006960,93,175,0,0,41,15,1
S01006961,77,223,0,2,0,17,0
S01006962,229,128,0,6,8,41,6
S01006963,140,108,0,3,7,24,2
S01006964,144,127,0,7,5,58,6
S01006965,122,60,0,0,17,17,2
S01006966,63,91,1,2,78,9,1
S01006967,120,112,2,3,8,16,2
S01006968,70,62,0,2,35,15,4
S01006969,201,118,0,8,46,31,0
S01006970,150,85,0,2,18,14,0
S01006971,80,45,0,3,103,23,3
S01006972,115,115,0,4,16,24,4
S01006973,128,149,0,3,31,15,0
S01006974,200,149,0,5,27,23,4
S01006975,217,169,1,0,11,28,10
S01006976,94,66,0,0,3,14,8
S01006977,114,109,0,1,10,59,13
S01006978,158,149,1,5,53,55,14
S01006979,150,165,0,11,73,29,5
S01006980,189,123,0,0,1,58,4
S01006981,136,117,2,1,35,31,10
S01006982,131,162,6,5,58,19,0
S01006983,132,107,0,0,14,27,8
S01006984,133,175,1,4,20,40,9
S01006985,191,127,3,3,107,22,6
S01006986,83,141,1,3,34,18,2
S01006987,135,82,0,2,61,19,4
S01006988,62,74,0,0,27,17,5
S01006989,238,191,0,3,17,35,9
S01006990,88,150,1,5,16,34,6
S01006991,70,55,1,2,66,23,5
S01006992,118,93,1,0,4,34,3
S01006993,107,69,0,0,2,25,3
S01006994,111,82,0,2,4,31,4
S01006995,146,141,0,2,8,55,6
S01006996,125,157,0,0,71,18,7
S01006997,141,134,0,3,16,18,5
S01006998,251,225,2,8,44,40,9
S01006999,158,113,0,0,9,66,14
S01007000,148,136,1,2,101,30,7
S01007001,183,135,0,4,90,38,9
S01007002,81,89,0,1,47,30,1
S01007003,104,66,0,0,9,29,5
S01007004,167,93,1,0,18,39,8
S01007005,201,122,0,2,9,32,3
S01007006,170,105,1,3,57,51,11
S01007007,175,98,0,3,18,44,11
S01007008,163,102,0,2,155,41,8
S01007009,214,119,2,0,113,61,8
S01007010,194,73,4,2,76,40,9
S01007011,123,75,0,0,193,71,7
S01007012,93,47,1,2,156,14,4
S01007013,109,69,0,0,3,20,0
S01007014,177,187,0,1,4,39,13
S01007015,98,77,0,0,14,62,4
S01007016,116,72,0,0,8,29,7
S01007017,160,123,0,0,149,66,11
S01007018,204,87,0,0,46,36,9
S01007019,141,69,0,0,48,27,1
S01007020,135,94,3,6,85,44,15
S01007021,176,112,0,2,57,28,6
S01007022,92,48,0,0,56,13,0
S01007023,108,54,0,0,19,29,5
S01007024,231,117,1,0,38,48,6
S01007025,159,68,2,3,164,14,8
S01007026,253,87,4,0,79,19,11
S01007027,253,110,0,2,97,41,2
S01007028,221,147,0,8,70,55,15
S01007029,122,69,0,0,12,16,7
S01007030,169,77,0,0,89,27,11
S01007031,112,69,1,0,65,25,9
S01007032,183,97,1,1,171,86,10
S01007033,123,74,0,0,77,10,5
S01007034,112,54,0,1,71,14,1
S01007035,133,76,0,0,175,19,7
S01007036,183,107,0,0,79,25,6
S01007037,164,107,0,0,144,16,3
S01007038,121,81,0,1,75,27,2
S01007039,142,137,0,6,142,18,0
S01007040,105,76,0,1,88,16,4
S01007041,131,95,2,1,83,31,2
S01007042,135,102,0,1,58,32,3
S01007043,196,108,1,2,14,54,14
S01007044,167,90,1,0,30,31,6
S01007045,172,118,0,0,8,24,4
S01007046,147,69,4,0,19,18,3
S01007047,159,70,1,0,12,24,8
S01007048,183,103,0,0,24,29,9
S01007049,168,81,2,3,130,36,4
S01007050,127,98,0,1,43,36,5
S01007051,137,122,0,0,57,25,2
S01007052,164,183,0,12,28,14,2
S01007053,106,78,0,1,7,17,2
S01007054,175,122,0,1,112,51,5
S01007055,113,91,2,0,2,24,6
S01007056,127,105,3,0,8,21,4
S01007057,155,60,0,1,26,8,3
S01007058,116,55,1,0,85,23,2
S01007059,198,137,1,7,112,18,6
S01007060,58,63,1,0,71,8,3
S01007061,170,144,2,0,8,38,9
S01007062,139,111,0,0,8,20,4
S01007063,144,92,0,1,28,23,1
S01007064,145,177,0,6,39,16,5
S01007065,145,88,2,0,28,22,4
S01007066,141,130,0,1,51,39,5
S01007067,146,85,0,0,5,12,2
S01007068,115,88,0,1,65,15,3
S01007069,114,127,2,3,61,35,2
S01007070,86,56,0,1,74,27,2
S01007071,132,128,0,0,72,14,7
S01007072,147,94,1,0,12,13,3
S01007073,199,113,0,2,13,8,5
S01007074,98,58,0,1,84,26,4
S01007075,117,75,0,4,104,30,5
S01007076,117,89,1,2,58,26,0
S01007077,166,88,0,1,75,14,3
S01007078,128,79,0,5,112,32,4
S01007079,126,134,0,0,174,54,8
S01007080,129,92,1,2,111,39,3
S01007081,103,90,0,0,110,37,6
S01007082,90,62,0,1,70,24,7
S01007083,127,86,2,2,257,45,4
S01007084,122,70,1,1,51,28,2
S01007085,130,83,0,3,141,111,6
S01007086,61,39,4,0,380,112,8
S01007087,123,77,0,5,210,105,3
S01007088,64,31,1,1,129,40,6
S01007089,132,68,0,0,4,12,5
S01007090,102,97,0,1,9,31,3
S01007091,69,105,0,0,131,9,3
S01007092,98,68,0,2,115,19,7
S01007093,231,113,0,4,26,29,7
S01007094,215,105,0,3,19,15,4
S01007095,116,81,0,0,5,17,4
S01007096,141,169,0,4,28,18,4
S01007097,235,495,1,29,89,46,9
S01007098,176,204,0,5,5,23,7
S01007099,145,163,0,0,34,13,5
S01007100,146,98,0,1,31,23,6
S01007101,99,70,0,0,152,16,2
S01007102,141,92,2,0,16,34,11
S01007103,186,92,1,0,65,11,7
S01007104,136,91,0,3,7,11,4
S01007105,119,58,0,4,38,26,2
S01007106,164,79,1,1,49,13,2
S01007107,168,106,1,2,6,18,9
S01007108,193,256,0,8,10,40,6
S01007109,126,91,0,0,144,14,3
S01007110,117,104,0,0,91,25,6
S01007111,113,55,0,3,41,13,8
S01007112,138,67,1,0,4,17,1
S01007113,121,75,0,0,17,25,3
S01007114,189,128,0,4,41,16,6
S01007115,136,69,0,0,30,11,5
S01007116,161,145,0,0,5,8,4
S01007117,122,51,0,0,5,3,4
S01007118,73,45,1,2,130,33,3
S01007119,83,71,0,1,141,22,1
S01007120,119,76,0,2,224,65,14
S01007121,65,44,0,5,150,58,0
S01007122,106,69,0,1,86,29,4
S01007123,117,87,0,2,93,40,7
S01007124,153,105,0,0,83,41,6
S01007125,177,61,0,2,118,34,5
S01007126,73,48,0,4,265,40,3
S01007127,76,62,3,4,264,106,8
S01007128,114,48,0,3,200,34,9
S01007129,194,142,0,2,5,29,4
S01007130,149,90,0,1,17,21,3
S01007131,170,116,0,0,40,15,7
S01007132,180,95,0,0,5,17,2
S01007133,120,94,1,0,8,37,3
S01007134,139,86,0,0,36,24,10
S01007135,114,76,0,0,5,7,6
S01007136,101,91,0,0,0,18,4
S01007137,64,167,1,0,1,11,0
S01007138,130,91,0,0,6,22,0
S01007139,138,118,0,0,22,13,6
S01007140,208,164,2,5,29,50,8
S01007141,163,188,0,1,53,25,18
S01007142,79,221,0,20,16,8,0
S01007143,56,138,0,1,1,13,0
S01007144,333,56,0,0,11,52,13
S01007145,273,113,0,2,44,33,7
S01007146,150,115,1,0,32,24,4
S01007147,181,86,0,0,18,21,2
S01007148,120,77,0,0,2,5,4
S01007149,143,67,0,0,3,15,7
S01007150,246,82,1,0,17,21,6
S01007151,232,205,0,1,33,17,5
S01007152,127,71,0,0,15,18,5
S01007153,154,99,0,0,36,11,4
S01007154,187,89,16,7,87,74,5
S01007155,141,96,0,1,38,32,5
S01007156,153,87,0,2,33,38,9
S01007157,78,101,2,0,58,38,6
S01007158,146,156,1,2,31,34,4
S01007159,154,188,2,11,123,104,8
S01007160,129,120,0,1,112,38,0
S01007161,130,104,0,1,63,40,5
S01007162,69,48,0,1,94,59,3
S01007163,200,121,1,3,59,24,4
S01007164,125,85,1,3,37,31,2
S01007165,180,98,0,1,19,33,2
S01007166,156,88,0,0,36,31,6
S01007167,197,106,0,3,9,11,5
S01007168,241,136,0,0,3,8,9
S01007169,159,86,0,0,44,30,1
S01007170,145,92,2,1,4,51,11
S01007171,183,211,3,8,68,57,19
S01007172,273,111,0,0,4,55,15
S01007173,143,145,0,2,14,31,3
S01007174,137,139,1,2,93,17,1
S01007175,141,97,0,2,35,27,6
S01007176,118,66,0,0,54,50,5
S01007177,92,64,0,0,107,18,3
S01007178,99,76,3,10,191,28,3
S01007179,251,98,1,2,15,14,4
S01007180,216,90,0,0,41,17,4
S01007181,172,77,0,0,3,28,8
S01007182,216,124,0,1,73,81,1
S01007183,191,139,2,3,136,91,9
S01007184,164,120,2,3,171,134,7
S01007185,107,67,0,0,172,86,9
S01007186,48,37,0,0,168,68,8
S01007187,71,53,1,0,184,134,4
S01007188,93,59,0,2,75,96,6
S01007189,124,62,0,2,211,70,5
S01007190,190,83,0,1,61,39,2
S01007191,88,49,0,2,58,14,1
S01007192,116,195,0,12,184,26,0
S01007193,94,79,1,0,77,15,4
S01007194,45,36,0,3,124,17,1
S01007195,70,51,0,2,122,21,3
S01007196,58,141,0,6,145,37,4
S01007197,22,31,0,1,208,11,2
S01007198,46,47,0,1,121,20,3
S01007199,58,38,0,0,163,22,3
S01007200,122,107,0,1,135,40,10
S01007201,134,76,0,0,115,17,4
S01007202,133,87,0,0,103,20,4
S01007203,84,67,0,0,38,10,1
S01007204,187,114,0,2,68,58,13
S01007205,132,60,0,0,4,56,16
S01007206,75,47,1,0,34,40,5
S01007207,197,110,1,1,64,49,4
S01007208,120,127,0,2,190,146,6
S01007209,110,104,1,2,54,98,9
S01007210,93,72,0,0,131,57,3
S01007211,111,102,1,1,212,67,5
S01007212,99,51,0,0,19,33,6
S01007213,188,114,0,0,36,50,9
S01007214,116,69,2,0,179,76,3
S01007215,119,55,0,1,95,60,4
S01007216,161,108,0,1,65,19,9
S01007217,142,114,0,2,154,35,4
S01007218,206,108,0,0,11,24,4
S01007219,106,85,0,2,105,41,3
S01007220,102,101,0,1,119,33,7
S01007221,192,132,2,0,49,25,2
S01007222,129,71,3,2,77,16,0
S01007223,120,96,0,0,4,11,2
S01007224,120,86,0,0,48,16,0
S01007225,176,118,1,1,7,53,10
S01007226,183,96,2,2,7,33,21
S01007227,188,146,0,1,64,30,5
S01007228,120,47,0,0,13,66,17
S01007229,169,122,0,0,16,147,30
S01007230,62,54,0,0,205,24,2
S01007231,79,74,0,1,134,67,5
S01007232,60,55,1,1,237,61,5
S01007233,123,73,0,2,78,29,5
S01007234,92,71,0,2,55,28,3
S01007235,139,99,0,1,105,106,7
S01007236,105,95,0,0,49,53,6
S01007237,185,83,0,1,12,21,8
S01007238,159,107,1,4,104,35,5
S01007239,238,119,0,2,14,21,7
S01007240,121,65,1,0,5,79,10
S01007241,148,56,1,0,8,49,8
S01007242,210,138,2,3,52,35,11
S01007243,146,98,0,1,13,14,9
S01007244,172,96,0,0,12,43,9
S01007245,131,85,1,0,50,45,15
S01007246,148,131,1,12,42,35,8
S01007247,116,76,0,0,20,79,22
S01007248,193,90,1,1,5,22,2
S01007249,86,56,0,0,33,31,1
S01007250,142,91,5,0,72,91,13
S01007251,72,49,4,1,93,28,0
S01007252,129,87,0,1,54,45,5
S01007253,301,200,0,2,41,33,7
S01007254,92,65,0,1,150,54,5
S01007255,83,53,0,1,235,23,3
S01007256,135,74,1,3,150,64,2
S01007257,56,41,1,0,108,67,2
S01007258,107,87,0,1,128,38,1
S01007259,118,91,1,1,154,66,9
S01007260,111,73,3,5,187,29,4
S01007261,189,122,1,5,43,13,7
S01007262,122,105,0,4,71,36,0
S01007263,169,80,0,5,86,17,2
S01007264,138,92,0,4,74,21,3
S01007265,134,113,0,0,168,54,4
S01007266,105,89,0,0,68,35,4
S01007267,107,60,0,0,17,57,7
S01007268,126,51,1,0,6,80,9
S01007269,91,45,0,0,23,16,3
S01007270,86,60,0,0,21,70,6
S01007271,212,132,0,2,52,59,3
S01007272,103,68,0,1,227,34,12
S01007273,119,71,1,0,59,33,6
S01007274,126,75,0,3,138,137,4
S01007275,130,62,0,0,34,16,8
S01007276,167,131,1,1,70,39,3
S01007277,202,94,0,0,19,13,4
S01007278,137,69,0,2,12,7,5
S01007279,123,55,0,1,5,55,16
S01007280,96,42,0,4,16,69,20
S01007281,160,112,0,1,10,69,19
S01007282,88,49,0,0,7,54,50
S01007283,236,98,1,1,60,53,16
S01007284,240,75,2,2,54,37,15
S01007285,227,94,0,1,42,56,15
S01007286,188,124,1,0,105,67,12
S01007287,142,62,0,1,43,42,17
S01007288,164,47,0,5,31,35,23
S01007289,192,111,1,0,13,29,5
S01007290,64,101,2,5,216,39,12
S01007291,112,75,4,0,92,43,4
S01007292,148,98,1,0,31,22,5
S01007293,78,71,2,0,121,26,0
S01007294,144,111,0,2,75,37,6
S01007295,25,27,0,1,156,34,1
S01007296,90,57,8,1,132,89,5
S01007297,174,118,1,0,23,114,11
S01007298,96,71,0,1,50,25,3
S01007299,131,87,3,0,71,72,8
S01007300,68,51,4,1,91,19,2
S01007301,190,99,1,0,186,52,11
S01007302,108,67,0,0,85,23,3
S01007303,220,109,1,7,60,36,8
S01007304,175,66,0,2,29,60,16
S01007305,181,75,0,0,50,29,5
S01007306,161,88,0,3,70,41,4
S01007307,221,97,0,0,15,45,15
S01007308,194,88,2,0,38,39,21
S01007309,193,63,0,5,12,48,17
S01007310,249,66,0,1,27,69,17
S01007311,112,75,1,0,96,43,16
S01007312,185,81,0,0,49,40,3
S01007313,293,99,5,2,31,56,14
S01007314,141,80,3,2,46,36,1
S01007315,162,121,5,7,59,20,5
S01007316,150,74,1,0,185,45,6
S01007317,110,83,0,4,156,33,2
S01007318,96,60,7,1,69,10,0
S01007319,157,76,0,1,120,31,6
S01007320,212,70,0,0,25,47,31
S01007321,173,62,2,0,17,45,16
S01007322,140,77,3,0,106,41,8
S01007323,113,56,0,0,44,14,15
S01007324,75,31,0,0,37,21,19
S01007325,216,57,1,0,69,35,20
S01007326,195,62,1,9,113,68,29
S01007327,149,41,1,1,122,26,9
S01007328,134,56,1,0,122,23,11
S01007329,196,70,0,0,37,56,10
S01007330,235,63,0,1,55,29,5
S01007331,242,105,1,0,71,52,11
S01007332,151,37,0,0,21,14,8
S01007333,154,85,1,2,73,17,8
S01007334,62,30,0,0,191,11,10
S01007335,133,84,0,1,169,22,6
S01007336,85,37,1,0,95,75,6
S01007337,115,72,1,0,136,48,13
S01007338,103,82,0,0,78,6,5
S01007339,180,60,0,1,51,20,4
S01007340,129,47,0,0,66,49,3
S01007341,233,64,0,1,11,60,5
S01007342,276,59,1,0,5,17,4
S01007343,137,44,1,1,24,103,13
S01007344,127,38,0,0,33,37,5
S01007345,47,30,4,4,160,21,1
S01007346,67,26,3,11,182,47,2
S01007347,108,45,0,2,163,29,4
S01007348,74,50,3,0,113,18,7
S01007349,65,37,0,2,57,18,6
S01007350,131,45,0,4,72,67,4
S01007351,242,64,0,0,62,29,8
S01007352,172,32,2,0,19,44,14
S01007353,206,65,0,0,22,18,5
S01007354,222,84,0,3,27,57,8
S01007355,317,100,2,5,43,51,10
S01007356,196,61,0,1,39,35,3
S01007357,200,65,1,0,49,49,10
S01007358,178,116,0,2,52,11,6
S01007359,196,82,0,2,85,46,2
S01007360,160,57,0,0,23,18,4
S01007361,270,107,0,0,46,74,7
S01007362,171,74,1,2,46,61,2
S01007363,164,73,0,1,75,27,6
S01007364,103,79,0,0,202,28,4
S01007365,93,53,1,1,47,21,4
S01007366,58,38,0,0,131,51,0
S01007367,106,58,0,1,56,55,6
S01007368,61,38,0,2,120,22,2
S01007369,144,87,0,0,80,54,0
S01007370,134,93,0,2,43,79,7
S01007371,132,97,0,0,29,57,0
S01007372,225,97,0,3,38,39,9
S01007373,150,81,0,0,9,15,5
S01007374,99,61,1,0,21,18,5
S01007375,122,60,0,0,6,13,1
S01007376,134,75,0,1,119,30,7
S01007377,138,104,0,1,3,13,2
S01007378,97,79,0,1,7,18,2
S01007379,74,86,1,1,92,13,2
S01007380,84,82,0,2,57,13,1
S01007381,125,51,0,0,1,34,2
S01007382,136,97,0,1,22,26,1
S01007383,168,101,0,1,37,35,4
S01007384,128,135,0,1,38,48,4
S01007385,216,110,0,1,42,41,2
S01007386,202,116,0,0,1,17,0
S01007387,200,92,1,0,6,10,4
S01007388,157,83,0,1,5,3,0
S01007389,26,43,0,0,49,69,2
S01007390,21,42,0,1,59,62,0
S01007391,132,75,0,0,5,8,3
S01007392,144,52,1,0,1,8,2
S01007393,150,90,0,0,47,23,4
S01007394,208,85,0,1,13,28,5
S01007395,166,101,2,0,90,225,4
S01007396,152,88,1,2,60,118,10
S01007397,204,134,1,0,67,70,5
S01007398,75,55,0,2,129,12,7
S01007399,55,49,0,0,162,22,4
S01007400,166,92,1,1,53,28,8
S01007401,160,119,2,1,18,20,6
S01007402,136,103,0,0,2,15,0
S01007403,87,155,1,4,63,111,1
S01007404,74,96,1,3,23,37,10
S01007405,122,101,1,0,6,22,4
S01007406,157,94,2,0,12,17,4
S01007407,137,100,0,0,20,11,3
S01007408,92,80,0,1,51,21,3
S01007409,135,95,0,1,80,22,4
S01007410,51,51,0,0,180,9,1
S01007411,82,70,0,2,256,29,8
S01007412,82,55,0,0,43,14,6
S01007413,155,169,0,2,31,19,10
S01007414,86,138,0,0,10,6,3
S01007415,94,86,0,1,168,24,4
S01007416,37,31,0,1,127,21,3
S01007417,176,179,0,1,15,34,4
S01007418,87,77,1,0,91,27,1
S01007419,70,83,0,2,172,17,2
S01007420,93,152,0,0,16,10,0
S01007421,91,120,0,1,46,24,3
S01007422,114,86,4,0,45,22,3
S01007423,108,131,0,0,47,44,2
S01007424,208,101,0,0,11,12,4
S01007425,187,113,0,0,71,18,7
S01007426,140,115,0,3,119,57,8
S01007427,120,62,0,0,102,24,3
S01007428,150,110,1,1,117,81,18
S01007429,154,157,0,2,50,50,10
S01007430,85,49,0,1,27,36,5
S01007431,132,63,0,0,8,6,1
S01007432,172,137,0,1,61,31,7
S01007433,185,130,0,8,100,42,5
S01007434,53,49,0,1,111,17,2
S01007435,126,103,1,0,54,46,2
S01007436,52,66,3,0,185,50,4
S01007437,63,44,0,0,88,28,2
S01007438,123,65,0,0,116,33,10
S01007439,142,94,0,1,67,32,0
S01007440,113,82,0,0,89,13,0
S01007441,139,79,0,0,5,4,0
S01007442,134,55,0,0,5,7,1
S01007443,182,106,1,0,67,20,7
S01007444,215,156,3,0,36,50,10
S01007445,133,113,0,0,5,17,4
S01007446,104,69,0,0,2,9,2
S01007447,130,64,0,1,6,14,1
S01007448,221,128,0,4,48,32,8
S01007449,168,97,1,0,149,23,4
S01007450,97,73,0,1,141,16,6
S01007451,127,69,1,1,65,19,6
S01007452,124,245,1,24,105,25,2
S01007453,70,187,0,1,7,9,2
S01007454,66,59,1,2,56,14,2
S01007455,58,57,0,0,225,29,11
S01007456,59,60,0,3,217,45,4
S01007457,103,139,0,1,160,42,5
S01007458,122,68,0,0,21,10,0
S01007459,144,73,1,1,59,12,3
S01007460,129,81,1,0,163,32,6
S01007461,49,54,0,0,194,56,7
S01007462,105,103,1,2,80,70,6
S01007463,59,46,1,0,275,26,8
S01007464,59,31,0,0,215,29,5
S01007465,52,38,0,8,234,42,5
S01007466,94,61,2,0,304,133,7
S01007467,155,130,0,2,148,87,3
S01007468,156,84,2,4,13,37,6
S01007469,101,157,0,8,98,17,0
S01007470,71,62,0,0,147,36,6
S01007471,72,50,0,0,55,14,8
S01007472,61,83,0,1,95,21,4
S01007473,62,54,0,2,87,18,5
S01007474,108,76,1,1,19,12,0
S01007475,141,159,0,4,20,25,4
S01007476,145,127,1,1,50,17,3
S01007477,106,89,1,2,25,15,0
S01007478,153,165,0,6,76,69,4
S01007479,75,114,1,1,35,49,7
S01007480,126,139,1,2,26,32,6
S01007481,281,112,0,2,19,28,5
S01007482,91,37,0,0,72,29,8
S01007483,105,91,0,0,63,23,6
S01007484,93,46,0,0,70,54,5
S01007485,35,13,0,1,128,10,2
S01007486,48,29,0,1,214,21,4
S01007487,118,56,2,0,126,106,7
S01007488,165,123,6,2,79,97,13
S01007489,192,91,0,0,61,45,5
S01007490,165,83,2,0,119,44,6
S01007491,120,120,5,4,185,59,8
S01007492,115,77,0,2,43,28,3
S01007493,137,69,5,3,102,43,5
S01007494,127,54,0,0,22,31,5
S01007495,193,66,2,0,15,37,19
S01007496,241,61,4,0,40,62,10
S01007497,115,56,2,0,50,57,14
S01007498,163,74,0,0,61,60,11
S01007499,186,81,3,0,70,57,13
S01007500,107,22,2,0,44,102,11
S01007501,202,37,0,0,43,43,9
S01007502,93,45,0,0,31,40,7
S01007503,226,77,0,0,64,84,17
S01007504,161,47,1,0,33,57,12
S01007505,79,33,0,1,26,27,12
S01007506,162,41,0,0,5,47,15
S01007507,214,65,1,0,99,61,17
S01007508,186,42,0,1,36,50,13
S01007509,164,52,0,0,18,34,13
S01007510,254,61,0,2,95,54,22
S01007511,164,35,0,1,134,40,13
S01007512,150,21,3,1,35,32,11
S01007513,166,85,0,0,161,55,6
S01007514,107,36,0,0,42,72,0
S01007515,156,81,1,3,20,33,3
S01007516,92,46,0,0,89,35,6
S01007517,142,29,0,0,36,27,2
S01007518,130,70,1,0,114,37,12
S01007519,138,33,0,0,13,20,8
S01007520,249,87,6,0,57,70,17
S01007521,124,20,0,0,8,48,17
S01007522,271,77,0,0,98,39,13
S01007523,123,55,0,1,11,43,14
S01007524,221,77,1,1,21,50,26
S01007525,121,61,2,1,63,22,3
S01007526,177,49,0,0,99,60,6
S01007527,244,80,1,3,75,30,4
S01007528,125,59,0,0,96,66,4
S01007529,215,46,3,1,24,25,8
S01007530,124,37,0,0,4,69,13
S01007531,165,32,0,1,47,41,25
S01007532,117,40,0,1,22,39,26
S01007533,96,34,1,0,15,30,12
S01007534,176,84,0,0,122,51,11
S01007535,180,57,3,0,199,40,7
S01007536,168,92,0,0,73,108,9
S01007537,241,87,2,0,117,90,6
S01007538,176,89,1,2,17,61,21
S01007539,201,68,0,1,3,31,2
S01007540,191,102,0,0,151,32,3
S01007541,212,98,0,0,31,34,8
S01007542,180,75,0,1,122,60,8
S01007543,192,105,2,3,133,59,8
S01007544,376,69,0,1,8,51,12
S01007545,201,68,3,1,18,56,16
S01007546,113,61,0,1,14,22,18
S01007547,143,69,3,1,17,48,13
S01007548,134,77,0,0,42,35,10
S01007549,154,61,4,0,41,44,26
S01007550,217,95,0,3,73,71,7
S01007551,194,65,1,1,15,51,15
S01007552,133,84,0,0,162,53,9
S01007553,114,49,0,0,172,19,3
S01007554,56,25,0,0,132,14,0
S01007555,134,54,0,1,39,28,9
S01007556,77,35,0,0,107,16,3
S01007557,140,96,0,0,201,29,7
S01007558,100,57,0,0,13,26,14
S01007559,158,69,0,0,9,59,27
S01007560,213,79,0,0,132,51,9
S01007561,165,69,0,0,80,42,10
S01007562,169,55,0,3,55,72,17
S01007563,178,68,0,0,37,71,15
S01007564,182,67,0,2,11,47,16
S01007565,201,118,0,1,57,56,10
S01007566,134,53,1,0,22,31,23
S01007567,128,56,0,0,9,39,9
S01007568,138,56,1,1,21,78,10
S01007569,184,54,0,1,22,77,25
S01007570,181,104,0,7,119,28,5
S01007571,116,41,1,2,4,57,19
S01007572,205,141,3,3,83,29,5
S01007573,87,197,0,3,8,47,2
S01007574,141,105,0,0,141,33,5
S01007575,89,62,0,1,220,34,5
S01007576,42,39,1,0,172,17,7
S01007577,68,37,0,10,209,15,3
S01007578,68,55,0,0,215,26,2
S01007579,53,54,0,2,171,22,1
S01007580,74,54,0,0,132,29,8
S01007581,66,40,0,2,92,22,5
S01007582,98,60,0,2,152,20,2
S01007583,74,41,0,1,321,100,8
S01007584,78,56,0,0,102,44,6
S01007585,230,132,0,1,54,38,6
S01007586,135,85,0,0,109,43,3
S01007587,154,79,0,0,37,46,6
S01007588,219,108,4,4,22,17,2
S01007589,171,95,0,0,29,105,7
S01007590,178,87,0,0,3,11,8
S01007591,111,67,0,1,42,54,7
S01007592,67,63,5,0,113,104,4
S01007593,234,125,1,2,55,60,5
S01007594,163,97,0,2,36,31,4
S01007595,223,75,0,0,55,80,13
S01007596,135,33,0,0,0,48,7
S01007597,118,62,0,0,8,61,7
S01007598,140,64,1,0,11,47,7
S01007599,164,108,1,1,82,43,6
S01007600,185,123,7,0,93,62,25
S01007601,102,118,11,1,26,60,4
S01007602,151,87,0,3,0,28,2
S01007603,168,120,0,4,0,20,4
S01007604,251,93,0,0,4,25,8
S01007605,207,112,0,4,1,29,6
S01007606,143,88,0,2,11,71,7
S01007607,156,100,0,2,1,10,1
S01007608,201,122,0,1,7,21,4
S01007609,101,99,0,4,175,81,5
S01007610,57,55,8,5,72,43,5
S01007611,170,82,11,3,208,126,6
S01007612,139,83,0,0,258,263,11
S01007613,157,94,0,0,13,45,6
S01007614,223,132,2,0,13,39,2
S01007615,214,127,1,3,59,89,12
S01007616,100,89,0,1,134,91,5
S01007617,64,49,0,2,72,29,1
S01007618,66,65,4,0,63,25,1
S01007619,103,86,0,2,94,32,4
S01007620,147,91,0,1,15,25,2
S01007621,147,94,0,1,1,31,10
S01007622,102,53,1,3,40,45,8
S01007623,138,70,0,0,9,27,5
S01007624,120,97,0,5,5,28,4
S01007625,125,72,0,1,1,18,6
S01007626,105,121,0,1,6,37,5
S01007627,241,463,9,26,66,37,9
S01007628,162,88,0,2,8,26,7
S01007629,148,80,0,3,20,31,6
S01007630,233,108,0,0,5,37,9
S01007631,165,55,0,3,8,29,6
S01007632,212,99,2,5,103,38,10
S01007633,202,100,1,2,134,25,8
S01007634,130,84,1,0,16,49,14
S01007635,217,77,0,2,8,26,6
S01007636,173,102,2,0,167,64,10
S01007637,139,124,0,1,105,46,6
S01007638,140,95,0,1,110,72,12
S01007639,119,91,0,2,166,39,7
S01007640,109,54,0,5,33,95,11
S01007641,164,105,1,7,71,38,3
S01007642,223,86,1,1,81,65,8
S01007643,204,98,0,0,70,47,3
S01007644,195,76,0,0,101,24,4
S01007645,113,42,0,2,13,49,6
S01007646,116,37,1,0,10,74,25
S01007647,162,86,0,0,54,50,2
S01007648,166,68,0,2,38,93,8
S01007649,174,74,4,0,66,62,9
S01007650,208,85,0,0,31,77,17
S01007651,101,59,1,0,13,54,7
S01007652,112,57,1,2,46,39,10
S01007653,204,99,0,0,42,29,9
S01007654,187,90,0,0,124,105,18
S01007655,141,63,2,2,15,92,10
S01007656,129,40,0,0,5,156,22
S01007657,89,39,0,2,7,47,6
S01007658,114,40,1,0,6,47,7
S01007659,166,81,0,0,74,53,11
S01007660,87,50,0,0,205,68,1
S01007661,134,76,3,2,98,55,0
S01007662,188,109,0,2,115,75,6
S01007663,182,96,1,1,59,40,6
S01007664,95,54,0,4,91,29,2
S01007665,109,100,0,4,47,42,3
S01007666,114,47,0,0,5,7,3
S01007667,143,104,1,2,15,13,1
S01007668,139,112,1,3,146,56,8
S01007669,49,32,0,3,146,32,0
S01007670,77,36,0,2,172,23,1
S01007671,197,103,0,3,50,33,9
S01007672,245,99,0,0,17,25,8
S01007673,161,81,0,1,12,32,3
S01007674,143,83,1,1,97,40,6
S01007675,168,79,1,0,18,13,5
S01007676,160,65,2,0,14,27,8
S01007677,114,79,0,0,96,26,9
S01007678,126,65,0,0,127,44,3
S01007679,171,53,2,0,137,21,5
S01007680,225,94,2,1,6,24,8
S01007681,73,46,0,0,43,25,3
S01007682,225,126,0,0,6,48,0
S01007683,128,92,0,0,8,79,2
S01007684,239,95,1,0,2,25,4
S01007685,161,88,0,0,4,15,4
S01007686,168,87,1,0,3,51,8
S01007687,136,110,1,1,8,140,6
S01007688,97,78,0,2,79,288,9
S01007689,42,51,3,0,52,147,3
S01007690,70,47,2,1,66,211,5
S01007691,79,49,2,1,130,366,8
S01007692,54,53,4,0,61,239,2
S01007693,20,22,5,0,76,298,4
S01007694,36,25,1,0,191,275,4
S01007695,87,61,3,0,175,264,6
S01007696,33,32,4,0,106,261,5
S01007697,97,86,0,4,173,262,7
S01007698,56,67,1,0,92,334,8
S01007699,41,35,4,0,91,264,2
S01007700,188,142,0,2,29,64,6
S01007701,25,15,1,0,141,121,5
S01007702,35,73,0,0,46,119,4
S01007703,120,121,0,0,58,85,4
S01007704,36,39,1,0,254,149,7
S01007705,11,9,0,0,18,255,1
S01007706,22,28,4,2,36,326,1
S01007707,84,126,1,1,27,330,9
S01007708,51,65,2,3,141,111,8
S01007709,41,51,2,1,125,97,1
S01007710,33,28,9,0,161,200,6
S01007711,49,27,1,0,222,211,6
S01007712,68,57,1,0,67,165,4
S01007713,49,36,1,1,76,61,2
S01007714,72,64,3,0,113,122,3
S01007715,34,35,4,12,198,86,3
S01007716,57,48,0,2,258,230,6
S01007717,51,27,5,2,143,166,6
S01007718,53,51,0,1,182,157,11
S01007719,99,79,0,1,195,198,5
S01007720,141,78,1,3,101,84,6
S01007721,90,127,2,7,134,165,6
S01007722,88,121,0,9,256,154,9
S01007723,74,54,1,0,250,139,6
S01007724,34,32,0,0,98,174,4
S01007725,61,58,0,3,139,187,6
S01007726,69,61,3,4,113,234,2
S01007727,42,57,2,1,208,192,0
S01007728,50,57,2,0,138,298,4
S01007729,63,48,1,2,120,280,7
S01007730,65,59,2,2,45,230,2
S01007731,56,77,3,0,127,175,5
S01007732,51,83,2,6,74,124,2
S01007733,162,132,1,1,14,66,3
S01007734,198,104,4,0,23,54,4
S01007735,180,118,4,2,14,35,4
S01007736,111,72,0,2,9,20,5
S01007737,132,128,8,5,90,87,6
S01007738,163,100,1,0,57,52,8
S01007739,74,50,0,0,110,26,2
S01007740,113,73,0,0,23,46,1
S01007741,97,67,0,0,142,48,9
S01007742,134,83,2,2,96,51,3
S01007743,105,114,0,3,136,74,4
S01007744,68,57,1,3,174,47,2
S01007745,70,69,2,1,120,42,7
S01007746,93,93,0,0,126,48,2
S01007747,60,42,0,2,73,31,4
S01007748,51,53,0,2,209,21,3
S01007749,150,106,0,1,4,19,5
S01007750,241,115,1,1,2,17,0
S01007751,223,76,0,2,3,18,7
S01007752,198,68,18,2,59,34,6
S01007753,59,57,0,1,77,24,1
S01007754,100,84,0,3,190,28,2
S01007755,87,52,0,2,168,39,4
S01007756,95,50,0,1,89,26,4
S01007757,238,100,0,0,2,24,2
S01007758,273,95,0,3,13,55,7
S01007759,166,73,1,1,78,240,12
S01007760,156,89,0,0,2,18,4
S01007761,243,127,2,0,4,55,2
S01007762,161,70,0,4,19,183,4
S01007763,67,52,0,0,159,32,6
S01007764,179,107,1,0,3,19,2
S01007765,170,101,0,0,10,15,0
S01007766,233,121,0,1,2,20,0
S01007767,226,127,0,4,2,31,8
S01007768,149,81,0,4,50,83,4
S01007769,183,106,0,1,6,21,2
S01007770,195,88,0,1,7,26,5
S01007771,137,92,0,0,2,7,4
S01007772,147,111,0,2,142,117,7
S01007773,190,107,0,2,6,7,6
S01007774,80,233,0,0,1,12,0
S01007775,157,149,0,3,1,33,2
S01007776,129,106,0,1,6,32,4
S01007777,113,240,1,0,7,16,3
S01007778,81,158,0,1,3,11,0
S01007779,174,138,0,2,11,30,2
S01007780,146,174,0,3,3,21,1
S01007781,111,209,0,3,57,28,1
S01007782,39,78,4,4,71,94,7
S01007783,84,73,0,1,239,24,10
S01007784,69,111,0,4,60,38,2
S01007785,25,20,0,0,206,16,0
S01007786,133,66,1,1,75,37,4
S01007787,84,64,0,0,94,27,2
S01007788,8,12,0,0,244,11,4
S01007789,11,25,5,3,192,6,0
S01007790,17,20,0,0,268,12,0
S01007791,64,166,0,10,6,7,2
S01007792,137,102,1,3,94,28,1
S01007793,72,72,0,1,281,30,5
S01007794,95,78,0,0,39,16,1
S01007795,88,71,0,3,94,27,1
S01007796,65,76,1,4,116,24,4
S01007797,46,60,0,5,145,28,4
S01007798,56,150,0,1,6,12,1
S01007799,52,116,0,1,9,14,0
S01007800,70,70,0,4,191,17,5
S01007801,62,43,1,0,277,32,4
S01007802,64,108,0,3,11,20,0
S01007803,59,62,0,4,309,33,6
S01007804,20,46,0,1,162,19,0
S01007805,39,56,0,1,95,12,2
S01007806,70,86,0,1,98,36,4
S01007807,108,169,0,1,17,16,2
S01007808,74,125,0,1,80,35,3
S01007809,220,146,0,0,8,10,1
S01007810,100,121,0,2,132,31,3
S01007811,100,162,0,9,131,23,4
S01007812,40,46,0,0,249,23,3
S01007813,65,78,0,1,120,28,6
S01007814,97,80,0,1,39,17,1
S01007815,215,109,0,0,8,15,3
S01007816,133,96,0,4,6,15,0
S01007817,98,45,0,3,28,28,2
S01007818,129,129,1,0,22,20,3
S01007819,160,147,0,0,37,29,4
S01007820,169,115,0,2,88,30,5
S01007821,103,84,0,1,25,21,3
S01007822,179,105,0,1,67,14,7
S01007823,134,104,0,4,6,20,3
S01007824,187,121,2,3,19,60,4
S01007825,218,140,1,0,54,42,5
S01007826,39,96,0,2,142,13,3
S01007827,69,96,7,1,42,63,3
S01007828,102,105,0,9,184,170,9
S01007829,87,60,0,3,100,47,2
S01007830,116,70,1,2,192,112,5
S01007831,75,84,6,0,237,110,5
S01007832,96,45,0,1,111,67,8
S01007833,169,67,0,1,180,53,4
S01007834,75,76,1,1,105,136,2
S01007835,112,81,2,0,65,54,8
S01007836,135,75,27,2,36,35,2
S01007837,199,107,0,0,7,18,5
S01007838,235,165,2,8,5,29,2
S01007839,78,55,1,0,106,48,4
S01007840,101,99,0,2,129,109,9
S01007841,75,74,0,0,112,63,3
S01007842,51,48,0,0,165,69,4
S01007843,67,62,0,0,131,83,3
S01007844,95,57,0,0,168,104,3
S01007845,73,60,0,1,206,47,4
S01007846,86,115,0,3,90,51,7
S01007847,75,72,0,3,181,53,3
S01007848,65,45,0,0,252,51,6
S01007849,114,104,1,0,190,63,2
S01007850,118,35,0,0,104,30,2
S01007851,177,121,0,0,142,35,10
S01007852,67,47,0,0,167,31,2
S01007853,50,55,1,0,274,106,7
S01007854,70,75,0,0,260,57,6
S01007855,56,31,0,1,141,58,3
S01007856,166,136,0,0,62,39,12
S01007857,28,36,0,1,152,12,3
S01007858,76,95,12,3,298,32,7
S01007859,12,38,0,2,201,18,1
S01007860,22,99,1,3,129,17,4
S01007861,96,70,0,1,73,16,2
S01007862,123,86,0,0,78,10,1
S01007863,82,80,0,2,235,25,3
S01007864,140,128,0,6,157,31,5
S01007865,84,219,1,1,7,17,1
S01007866,65,127,1,0,3,11,1
S01007867,117,431,0,11,6,37,9
S01007868,240,108,0,3,2,13,2
S01007869,181,130,1,2,3,41,4
S01007870,57,52,0,1,9,16,1
S01007871,47,30,0,0,183,6,4
S01007872,54,19,0,0,234,8,5
S01007873,124,65,0,0,59,25,7
S01007874,98,69,0,1,138,39,15
S01007875,119,100,0,5,84,19,0
S01007876,127,145,0,2,97,17,4
S01007877,120,76,0,0,113,21,8
S01007878,63,36,0,1,74,13,2
S01007879,99,72,1,0,143,19,7
S01007880,120,74,0,0,28,20,7
S01007881,75,55,0,2,100,15,2
S01007882,143,84,4,1,9,37,6
S01007883,189,160,0,0,58,51,8
S01007884,99,69,1,3,67,32,7
S01007885,73,44,0,0,195,18,5
S01007886,156,102,0,1,110,52,10
S01007887,91,84,0,2,18,56,6
S01007888,117,75,0,1,231,32,8
S01007889,79,50,2,0,88,19,2
S01007890,108,79,0,2,92,19,1
S01007891,155,139,0,5,87,39,4
S01007892,179,82,0,0,40,28,10
S01007893,223,145,0,2,30,32,1
S01007894,139,121,0,0,84,39,3
S01007895,112,89,0,1,17,24,3
S01007896,100,70,0,2,131,40,3
S01007897,85,37,2,0,9,13,12
S01007898,102,57,0,1,6,24,6
S01007899,117,94,1,1,5,23,2
S01007900,77,31,0,0,112,17,2
S01007901,88,51,0,0,133,13,7
S01007902,108,53,1,0,179,13,5
S01007903,153,57,1,0,61,21,4
S01007904,160,92,0,1,13,52,13
S01007905,54,41,0,0,187,17,3
S01007906,103,46,0,0,164,35,2
S01007907,91,32,0,0,115,16,2
S01007908,193,120,0,1,60,43,5
S01007909,63,72,1,0,92,20,0
S01007910,98,79,1,0,151,41,1
S01007911,103,87,0,0,59,40,5
S01007912,121,116,0,3,48,20,3
S01007913,72,51,0,0,141,43,8
S01007914,68,42,0,2,115,28,4
S01007915,119,81,0,0,138,23,0
S01007916,140,82,0,1,113,29,6
S01007917,137,92,1,0,98,38,9
S01007918,117,102,0,0,129,37,8
S01007919,187,113,0,0,7,13,6
S01007920,135,126,0,0,3,36,3
S01007921,89,69,0,0,207,28,3
S01007922,92,55,0,2,193,21,4
S01007923,207,146,2,1,55,42,5
S01007924,127,91,0,0,202,35,5
S01007925,100,68,0,0,1,15,5
S01007926,92,64,0,0,1,19,1
S01007927,135,127,0,0,31,17,3
S01007928,209,159,0,4,42,21,2
S01007929,209,431,2,20,67,34,8
S01007930,96,72,1,0,9,12,4
S01007931,188,163,0,0,99,30,0
S01007932,220,120,0,0,12,22,5
S01007933,120,138,0,1,11,41,3
S01007934,86,97,0,0,70,25,4
S01007935,116,101,0,0,76,103,4
S01007936,191,158,0,0,4,33,4
S01007937,219,201,0,6,19,39,5
S01007938,124,111,0,0,72,48,6
S01007939,100,88,0,1,140,28,11
S01007940,183,154,0,1,115,32,8
S01007941,156,88,0,0,9,10,0
S01007942,51,83,0,0,31,44,4
S01007943,157,84,0,1,38,41,4
S01007944,139,103,0,4,95,39,5
S01007945,128,99,1,1,105,38,6
S01007946,101,61,0,0,79,43,3
S01007947,169,98,1,0,23,26,4
S01007948,74,40,0,2,142,15,8
S01007949,151,98,0,1,35,18,6
S01007950,190,139,0,0,20,36,5
S01007951,139,135,0,0,90,38,9
S01007952,91,80,0,5,114,46,1
S01007953,119,122,0,0,108,38,4
S01007954,72,61,0,0,144,17,0
S01007955,61,89,0,0,145,26,3
S01007956,82,85,2,0,102,16,6
S01007957,167,116,1,0,192,61,10
S01007958,76,48,0,0,116,26,2
S01007959,197,82,0,4,39,24,4
S01007960,91,80,1,0,108,12,3
S01007961,156,112,0,1,19,37,10
S01007962,65,78,1,0,72,31,3
S01007963,34,26,1,0,339,30,4
S01007964,95,74,0,0,149,37,1
S01007965,60,53,0,0,98,19,2
S01007966,66,81,0,2,248,36,3
S01007967,39,33,0,0,139,13,3
S01007968,105,124,0,2,113,48,1
S01007969,112,98,0,0,132,31,0
S01007970,115,126,0,2,185,37,4
S01007971,85,127,0,1,174,70,4
S01007972,114,129,0,2,95,30,6
S01007973,207,126,0,0,10,12,4
S01007974,81,75,2,0,144,56,2
S01007975,95,105,0,0,106,54,4
S01007976,109,75,0,0,134,101,10
S01007977,105,98,0,3,21,31,4
S01007978,90,90,0,0,77,148,0
S01007979,161,164,0,3,35,39,2
S01007980,112,107,0,2,38,36,5
S01007981,165,70,0,1,4,6,2
S01007982,125,54,0,0,29,5,3
S01007983,103,74,1,1,220,30,10
S01007984,128,103,0,1,67,31,1
S01007985,107,96,0,2,151,24,0
S01007986,83,89,0,1,50,24,4
S01007987,148,96,0,0,47,32,3
S01007988,112,85,0,1,80,26,0
S01007989,91,89,0,0,105,71,5
S01007990,92,110,0,4,43,39,1
S01007991,145,251,0,5,4,15,4
S01007992,72,131,0,2,0,17,0
S01007993,206,113,0,0,2,6,0
S01007994,85,188,0,1,3,22,0
S01007995,150,153,0,0,0,12,1
S01007996,70,64,0,1,0,8,0
S01007997,207,116,0,3,1,20,2
S01007998,116,69,0,0,18,23,2
S01007999,55,85,0,1,145,19,6
S01008000,48,88,0,0,233,29,4
S01008001,50,56,4,2,304,21,6
S01008002,51,29,0,0,241,32,3
S01008003,65,78,0,0,82,21,5
S01008004,38,147,0,2,29,24,0
S01008005,33,165,3,1,76,15,1
S01008006,24,34,0,0,180,10,0
S01008007,34,26,0,0,106,79,0
S01008008,35,51,0,1,193,18,4
S01008009,51,67,0,0,270,53,2
S01008010,99,168,0,9,151,41,7
S01008011,60,53,1,2,196,58,8
S01008012,110,87,0,0,123,185,4
S01008013,101,80,1,0,86,77,4
S01008014,120,64,0,0,31,43,3
S01008015,118,168,0,2,130,104,10
S01008016,122,127,0,2,102,67,2
S01008017,253,103,0,0,6,14,3
S01008018,183,75,0,1,2,40,8
S01008019,131,84,0,0,4,20,2
S01008020,112,162,1,6,22,69,4
S01008021,151,109,0,0,9,33,4
S01008022,167,144,0,1,3,11,5
S01008023,121,92,0,0,3,5,2
S01008024,82,289,0,8,0,13,2
S01008025,166,88,0,3,6,10,2
S01008026,157,126,0,0,119,54,5
S01008027,73,67,2,0,65,25,5
S01008028,77,115,0,0,35,10,2
S01008029,210,513,2,32,43,44,4
S01008030,243,136,0,0,59,26,13
S01008031,118,95,0,3,124,19,4
S01008032,136,123,0,1,86,29,6
S01008033,139,126,0,0,1,3,0
S01008034,107,130,0,1,2,14,4
S01008035,158,83,0,0,12,22,5
S01008036,145,89,0,0,3,6,0
S01008037,157,114,0,0,125,37,4
S01008038,87,123,0,0,113,21,4
S01008039,128,107,0,1,94,22,3
S01008040,201,114,0,1,30,16,5
S01008041,188,86,1,3,33,36,4
S01008042,169,72,0,0,7,34,0
S01008043,214,159,0,0,11,12,4
S01008044,249,148,0,2,4,27,2
S01008045,275,169,2,0,46,24,4
S01008046,225,93,0,2,160,68,12
S01008047,176,94,1,0,2,11,3
S01008048,148,84,0,0,5,3,2
S01008049,216,127,0,0,3,6,3
S01008050,129,91,0,0,13,9,0
S01008051,164,162,0,0,1,2,2
S01008052,280,304,0,0,28,20,3
S01008053,158,85,0,0,1,11,1
S01008054,188,94,0,0,57,24,8
S01008055,217,183,1,0,1,5,0
S01008056,183,127,0,1,30,10,4
S01008057,195,150,0,1,25,19,2
S01008058,169,124,0,1,2,8,2
S01008059,157,89,0,0,3,5,3
S01008060,154,110,0,0,1,6,4
S01008061,166,220,3,5,15,30,4
S01008062,194,154,0,0,1,11,2
S01008063,186,166,2,2,2,12,3
S01008064,102,77,0,0,88,21,7
S01008065,189,158,0,0,1,11,2
S01008066,172,146,0,0,4,3,2
S01008067,158,118,1,2,1,10,3
S01008068,215,178,0,1,17,3,3
S01008069,172,171,1,0,7,19,4
S01008070,196,144,0,0,22,16,5
S01008071,121,139,0,0,11,9,1
S01008072,200,113,1,1,6,42,0
S01008073,99,70,1,0,4,2,0
S01008074,196,168,1,0,0,9,0
S01008075,149,91,0,0,0,0,2
S01008076,216,70,0,1,3,12,3
S01008077,224,121,0,0,2,9,1
S01008078,184,135,0,0,3,33,5
S01008079,221,113,0,0,1,3,1
S01008080,136,122,0,0,1,11,2
S01008081,138,88,1,0,2,8,0
S01008082,188,111,0,0,11,16,2
S01008083,145,125,0,2,5,18,0
S01008084,185,141,0,4,32,16,6
S01008085,201,114,0,0,10,11,5
S01008086,199,156,1,0,49,30,2
S01008087,196,122,0,0,0,5,3
S01008088,224,144,0,1,3,26,5
S01008089,142,139,0,0,5,9,1
S01008090,161,114,0,0,12,15,5
S01008091,90,54,0,0,0,1,0
S01008092,207,134,0,0,16,5,2
S01008093,162,126,0,0,1,9,5
S01008094,161,145,0,3,12,8,3
S01008095,181,109,0,2,1,35,4
S01008096,208,112,0,3,4,7,3
S01008097,191,76,0,0,0,12,3
S01008098,156,130,0,1,5,11,0
S01008099,104,87,0,0,0,6,2
S01008100,226,127,1,1,33,14,0
S01008101,189,141,0,2,27,33,4
S01008102,121,105,0,0,23,20,4
S01008103,155,111,0,2,112,68,3
S01008104,134,126,0,3,105,46,3
S01008105,129,154,0,2,149,51,5
S01008106,136,116,0,1,124,35,4
S01008107,107,300,1,3,46,24,4
S01008108,139,134,0,4,0,19,0
S01008109,183,125,0,1,6,17,3
S01008110,149,153,0,0,1,15,1
S01008111,219,107,0,0,4,19,5
S01008112,199,104,0,1,4,13,3
S01008113,246,121,1,2,8,25,4
S01008114,145,103,0,0,1,8,0
S01008115,178,158,0,2,4,39,3
S01008116,184,148,1,0,4,9,1
S01008117,194,102,2,0,24,14,1
S01008118,140,155,1,0,41,25,8
S01008119,86,62,0,1,93,16,0
S01008120,140,91,1,0,33,20,2
S01008121,171,90,0,0,0,1,1
S01008122,149,108,0,0,3,3,0
S01008123,210,148,17,2,0,14,3
S01008124,201,123,1,0,1,16,2
S01008125,172,140,0,2,1,35,1
S01008126,178,107,0,0,1,10,3
S01008127,120,156,0,3,5,6,0
S01008128,183,118,0,2,25,15,5
S01008129,124,116,1,3,113,48,5
S01008130,164,126,0,1,99,68,8
S01008131,111,84,2,0,130,79,4
S01008132,263,172,0,1,16,12,5
S01008133,122,79,0,1,78,42,3
S01008134,133,95,0,1,41,66,4
S01008135,181,234,1,4,100,92,13
S01008136,157,114,5,0,58,75,4
S01008137,37,56,0,0,307,18,5
S01008138,66,70,0,0,204,36,4
S01008139,137,127,0,0,228,29,6
S01008140,63,39,0,0,105,31,4
S01008141,191,116,0,0,3,3,3
S01008142,170,113,0,2,2,6,0
S01008143,166,132,0,3,104,44,2
S01008144,323,797,0,31,38,42,6
S01008145,127,143,1,22,128,16,3
S01008146,65,76,1,5,88,9,4
S01008147,130,97,0,2,87,16,0
S01008148,139,101,0,4,69,15,5
S01008149,116,113,0,4,54,24,1
S01008150,159,120,2,2,99,39,4
S01008151,79,100,0,0,77,24,7
S01008152,139,115,0,6,147,39,8
S01008153,161,111,0,0,1,11,0
S01008154,240,129,0,0,44,11,2
S01008155,144,97,0,0,12,17,2
S01008156,145,104,0,1,56,24,3
S01008157,151,152,1,4,62,13,3
S01008158,135,128,0,0,5,11,2
S01008159,111,90,0,0,191,47,4
S01008160,116,112,0,2,135,22,6
S01008161,182,190,0,1,35,21,3
S01008162,152,184,0,3,78,20,6
S01008163,78,82,0,5,143,34,9
S01008164,96,128,0,2,107,29,5
S01008165,149,545,0,31,101,39,5
S01008166,86,64,0,3,63,8,5
S01008167,73,74,0,2,128,24,4
S01008168,81,93,0,0,153,21,1
S01008169,82,134,10,6,111,31,9
S01008170,108,95,0,0,15,18,1
S01008171,96,134,2,1,118,41,5
S01008172,109,76,1,5,54,12,4
S01008173,113,97,1,1,34,13,3
S01008174,97,77,0,2,37,8,4
S01008175,113,115,1,2,63,60,11
S01008176,161,119,1,0,76,39,2
S01008177,127,89,8,4,100,39,4
S01008178,160,71,0,3,24,25,0
S01008179,85,82,0,0,4,1,0
S01008180,101,63,0,0,0,4,1
S01008181,166,90,0,0,7,8,2
S01008182,151,156,0,6,91,140,4
S01008183,112,96,13,4,27,34,2
S01008184,141,141,1,7,110,79,5
S01008185,131,141,4,6,148,99,11
S01008186,115,99,0,6,43,91,11
S01008187,86,81,0,0,137,39,5
S01008188,90,114,1,9,197,73,2
S01008189,98,56,0,0,34,20,2
S01008190,94,88,0,7,142,23,9
S01008191,100,122,0,10,92,32,6
S01008192,113,117,1,1,134,68,6
S01008193,152,110,0,2,54,22,4
S01008194,95,85,0,7,65,19,4
S01008195,69,69,0,7,156,26,3
S01008196,67,95,9,3,169,28,2
S01008197,111,327,0,2,59,49,2
S01008198,94,89,2,1,101,12,1
S01008199,46,68,0,3,177,11,4
S01008200,72,57,0,3,158,15,2
S01008201,76,72,0,6,175,19,6
S01008202,83,79,0,1,77,14,1
S01008203,48,61,10,3,158,32,5
S01008204,170,90,0,3,164,32,7
S01008205,90,73,1,0,112,13,4
S01008206,90,71,0,0,126,12,1
S01008207,38,55,0,2,133,16,4
S01008208,93,172,0,7,46,43,3
S01008209,33,103,0,1,9,21,3
S01008210,155,94,0,2,113,29,0
S01008211,159,127,1,6,105,34,7
S01008212,110,82,0,1,11,6,0
S01008213,158,163,0,1,34,14,2
S01008214,140,85,2,6,82,25,6
S01008215,143,111,3,2,46,16,2
S01008216,109,73,0,1,3,12,2
S01008217,129,86,0,1,7,7,1
S01008218,231,553,0,22,80,49,5
S01008219,152,114,7,9,77,49,9
S01008220,52,47,0,5,114,6,3
S01008221,60,71,1,4,194,20,13
S01008222,64,59,0,2,136,20,4
S01008223,75,58,0,2,116,15,1
S01008224,213,128,0,11,17,35,2
S01008225,108,91,0,1,71,12,4
S01008226,69,76,8,0,226,13,4
S01008227,85,95,3,8,176,13,6
S01008228,139,103,0,1,19,17,4
S01008229,78,50,0,3,149,19,8
S01008230,94,154,0,3,23,21,2
S01008231,60,166,0,4,10,4,1
S01008232,47,155,0,10,81,18,3
S01008233,55,168,0,0,41,9,1
S01008234,80,36,0,0,69,7,1
S01008235,132,113,0,6,168,9,3
S01008236,158,99,0,4,100,21,1
S01008237,138,168,0,4,154,40,4
S01008238,106,71,0,3,169,25,0
S01008239,131,142,0,8,156,30,7
S01008240,211,91,0,0,9,6,1
S01008241,190,81,1,1,7,3,0
S01008242,181,122,2,0,157,76,6
S01008243,148,157,1,0,91,60,22
S01008244,113,73,0,0,42,36,1
S01008245,193,147,0,2,59,25,4
S01008246,210,160,4,0,34,34,6
S01008247,129,98,0,3,46,43,5
S01008248,146,85,1,2,81,30,13
S01008249,193,134,1,1,56,55,14
S01008250,395,526,0,13,105,125,28
S01008251,169,219,0,10,18,18,2
S01008252,195,86,0,1,18,17,2
S01008253,127,83,0,0,127,26,5
S01008254,150,116,0,4,133,36,2
S01008255,114,87,0,1,46,16,3
S01008256,104,78,2,1,187,47,3
S01008257,132,71,0,3,118,51,2
S01008258,208,110,11,3,12,56,5
S01008259,171,104,2,4,96,61,7
S01008260,110,68,1,0,131,28,2
S01008261,92,96,0,4,142,20,2
S01008262,103,67,2,4,33,27,17
S01008263,126,85,1,0,31,36,8
S01008264,106,83,1,5,107,31,4
S01008265,243,129,0,2,21,33,4
S01008266,193,77,2,1,19,15,2
S01008267,175,103,0,5,61,50,7
S01008268,217,87,0,1,6,17,2
S01008269,246,89,4,1,58,26,2
S01008270,249,82,0,0,4,30,9
S01008271,157,53,7,4,82,68,10
S01008272,327,469,0,12,177,77,11
S01008273,189,105,1,2,36,18,2
S01008274,112,71,0,0,108,29,1
S01008275,118,48,0,3,41,28,3
S01008276,127,75,0,0,18,8,2
S01008277,144,91,0,0,8,52,4
S01008278,213,142,2,4,15,37,5
S01008279,134,84,1,1,72,17,7
S01008280,171,120,0,0,81,71,8
S01008281,132,60,1,0,37,81,15
S01008282,125,95,1,0,32,23,8
S01008283,173,181,0,0,44,38,5
S01008284,255,524,4,20,196,62,9
S01008285,119,68,1,3,119,20,8
S01008286,107,72,0,3,115,16,4
S01008287,118,82,0,2,103,15,9
S01008288,169,111,0,2,95,35,8
S01008289,80,73,1,4,69,60,4
S01008290,136,106,6,7,69,70,6
S01008291,259,78,0,0,18,28,12
S01008292,89,77,0,1,132,14,2
S01008293,103,90,0,0,3,4,2
S01008294,136,136,2,0,24,22,3
S01008295,188,146,0,1,16,11,3
S01008296,101,81,0,0,100,16,5
S01008297,115,162,0,0,39,18,0
S01008298,135,219,0,4,12,18,2
S01008299,103,58,1,1,158,30,5
S01008300,134,87,0,1,103,15,5
S01008301,204,116,0,0,3,8,2
S01008302,218,139,2,0,13,11,7
S01008303,83,102,2,2,71,34,0
S01008304,99,61,1,0,4,7,4
S01008305,182,107,0,0,7,6,0
S01008306,134,98,0,0,4,4,0
S01008307,130,168,0,2,10,12,1
S01008308,172,57,2,2,2,4,2
S01008309,86,56,0,1,147,48,3
S01008310,209,114,0,2,132,40,3
S01008311,62,51,0,0,80,12,1
S01008312,62,56,0,4,35,13,0
S01008313,126,84,0,0,148,35,3
S01008314,66,25,0,2,193,27,2
S01008315,100,55,0,0,250,38,7
S01008316,34,42,3,2,173,16,0
S01008317,100,149,0,2,124,36,5
S01008318,191,337,2,12,22,24,3
S01008319,127,125,1,2,98,32,7
S01008320,188,86,0,0,45,7,3
S01008321,96,57,0,0,4,5,0
S01008322,166,151,0,2,110,51,3
S01008323,73,76,0,1,107,19,4
S01008324,96,140,0,3,53,23,2
S01008325,54,104,1,8,92,20,6
S01008326,99,124,0,1,162,35,9
S01008327,152,127,0,4,88,14,2
S01008328,335,607,1,19,106,93,12
S01008329,152,127,1,1,3,10,4
S01008330,131,139,0,0,2,17,0
S01008331,103,102,1,0,2,21,4
S01008332,225,136,0,0,16,30,7
S01008333,245,131,1,1,51,72,3
S01008334,178,113,0,3,6,31,1
S01008335,99,97,0,0,74,15,5
S01008336,128,101,0,0,88,16,4
S01008337,91,153,0,1,71,47,5
S01008338,75,152,0,0,0,7,2
S01008339,98,96,0,0,2,22,1
S01008340,125,143,0,0,3,32,5
S01008341,90,107,0,0,1,0,0
S01008342,126,99,0,0,78,11,3
S01008343,206,124,0,0,0,5,2
S01008344,233,119,0,0,0,11,7
S01008345,238,142,0,4,0,14,0
S01008346,197,151,0,0,2,3,7
S01008347,271,167,0,0,3,43,4
S01008348,154,121,0,0,6,29,1
S01008349,167,133,0,0,3,2,3
S01008350,150,79,0,4,2,8,1
S01008351,190,150,0,1,2,15,3
S01008352,148,95,0,1,0,3,6
S01008353,113,73,0,0,0,7,3
S01008354,213,600,0,2,135,39,16
S01008355,123,106,0,1,65,23,5
S01008356,102,106,0,1,4,29,1
S01008357,157,93,0,1,13,20,4
S01008358,139,98,0,0,66,32,7
S01008359,136,120,1,2,4,18,5
S01008360,175,129,0,1,1,10,4
S01008361,139,167,1,2,8,18,5
S01008362,193,259,0,8,4,56,6
S01008363,124,126,0,7,2,43,4
S01008364,144,107,1,4,0,20,2
S01008365,160,104,0,1,1,10,1
S01008366,149,113,2,2,94,24,4
S01008367,95,114,0,1,114,27,5
S01008368,153,114,1,0,11,27,2
S01008369,114,104,1,4,16,17,1
S01008370,144,103,0,0,18,26,0
S01008371,149,130,0,0,3,9,2
S01008372,157,117,0,0,2,0,2
S01008373,138,119,1,1,0,4,0
S01008374,145,121,0,1,2,10,5
S01008375,133,132,0,1,1,5,0
S01008376,91,94,0,2,0,13,3
S01008377,131,142,0,0,3,15,5
S01008378,227,143,0,1,1,18,3
S01008379,104,92,1,0,0,2,0
S01008380,101,127,1,0,0,1,2
S01008381,89,139,0,0,1,1,0
S01008382,155,148,0,5,0,9,3
S01008383,81,91,0,0,1,6,0
S01008384,196,165,0,0,6,8,4
S01008385,131,109,0,1,1,3,0
S01008386,187,136,0,1,4,20,2
S01008387,111,109,0,1,1,8,3
S01008388,95,132,0,0,1,11,0
S01008389,209,62,0,0,21,10,3
S01008390,143,95,0,1,2,1,1
S01008391,187,105,0,0,40,11,2
S01008392,161,157,0,0,4,6,1
S01008393,233,89,0,0,0,24,4
S01008394,142,132,0,1,1,2,1
S01008395,93,77,1,2,2,10,1
S01008396,234,68,0,0,1,10,5
S01008397,174,130,0,0,0,7,2
S01008398,120,93,0,0,24,11,3
S01008399,161,67,0,0,3,10,1
S01008400,149,96,0,0,0,12,6
S01008401,217,137,0,0,1,21,3
S01008402,284,139,0,1,2,7,5
S01008403,105,103,0,0,0,1,0
S01008404,196,142,0,0,1,1,2
S01008405,156,104,0,0,1,5,1
S01008406,177,116,8,0,123,41,2
S01008407,178,52,0,0,24,37,4
S01008408,137,93,0,1,6,18,0
S01008409,156,128,1,1,63,55,0
S01008410,191,82,1,0,18,24,5
S01008411,110,98,0,0,5,23,1
S01008412,118,113,0,0,33,19,0
S01008413,80,64,1,0,36,17,2
S01008414,96,84,2,0,0,6,0
S01008415,130,147,0,0,37,27,0
S01008416,141,114,0,0,131,34,8
S01008417,171,104,0,1,1,32,5
S01008418,177,79,0,0,5,35,3
S01008419,68,73,0,0,31,19,0
S01008420,110,64,0,0,4,6,2
S01008421,134,142,7,15,62,44,9
S01008422,138,80,0,0,5,4,0
S01008423,221,230,0,0,18,54,8
S01008424,218,109,0,0,2,6,1
S01008425,286,340,2,6,42,44,11
S01008426,90,99,0,1,56,24,0
S01008427,191,184,0,1,3,13,2
S01008428,133,122,0,1,68,25,7
S01008429,194,157,1,1,24,19,4
S01008430,153,179,0,2,40,20,3
S01008431,197,105,0,0,34,11,3
S01008432,169,107,0,0,5,12,0
S01008433,198,121,0,3,1,16,2
S01008434,180,154,0,15,28,31,1
S01008435,186,103,0,0,3,7,1
S01008436,245,142,0,2,9,27,2
S01008437,146,124,0,0,56,39,5
S01008438,87,120,0,6,2,29,4
S01008439,231,163,0,4,3,22,3
S01008440,239,165,0,1,19,13,4
S01008441,86,93,0,0,1,6,1
S01008442,162,118,1,1,1,33,5
S01008443,147,93,0,0,13,10,0
S01008444,92,71,3,1,4,65,3
S01008445,72,43,1,0,155,137,6
S01008446,213,133,0,2,2,11,3
S01008447,163,101,0,1,3,17,4
S01008448,188,105,0,1,3,18,1
S01008449,27,43,0,4,217,43,5
S01008450,22,33,0,0,135,33,0
S01008451,14,13,1,2,212,14,10
S01008452,6,20,1,1,182,21,6
S01008453,14,50,7,20,133,63,0
S01008454,25,35,5,5,274,36,1
S01008455,67,43,1,2,260,108,4
S01008456,47,47,2,2,305,53,7
S01008457,54,49,1,10,170,61,15
S01008458,133,122,2,9,105,43,6
S01008459,52,35,1,2,236,43,2
S01008460,25,34,2,1,272,26,6
S01008461,52,40,2,2,323,49,3
S01008462,32,7,1,0,266,8,4
S01008463,37,34,0,2,183,23,13
S01008464,149,142,1,11,16,79,2
S01008465,118,121,0,12,12,83,0
S01008466,101,99,0,11,10,75,4
S01008467,126,92,0,8,12,71,4
S01008468,72,158,1,18,124,63,4
S01008469,62,94,0,3,36,36,4
S01008470,69,92,2,8,146,49,3
S01008471,30,32,0,2,221,38,7
S01008472,67,69,0,4,74,51,2
S01008473,56,48,8,1,103,38,3
S01008474,64,73,0,10,183,99,8
S01008475,74,74,0,7,79,92,2
S01008476,80,86,1,9,105,114,0
S01008477,89,106,0,8,120,108,5
S01008478,91,98,1,9,195,243,7
S01008479,106,98,0,14,66,106,6
S01008480,44,66,1,0,81,82,3
S01008481,154,149,1,23,122,46,5
S01008482,77,72,6,3,71,49,3
S01008483,85,76,0,3,98,41,3
S01008484,118,114,0,6,31,35,0
S01008485,137,157,1,2,53,110,2
S01008486,169,109,2,4,98,75,7
S01008487,107,166,3,2,80,163,3
S01008488,120,124,1,3,70,118,2
S01008489,94,98,0,1,71,72,4
S01008490,123,144,0,4,64,144,8
S01008491,125,117,0,5,55,183,8
S01008492,81,152,54,8,150,240,8
S01008493,122,95,18,3,153,148,9
S01008494,62,84,21,5,210,236,7
S01008495,69,117,0,7,54,371,1
S01008496,59,142,2,7,37,367,4
S01008497,80,123,1,5,28,325,10
S01008498,70,96,5,6,76,260,8
S01008499,79,122,1,6,54,287,6
S01008500,10,22,5,1,132,61,0
S01008501,23,60,5,0,21,200,2
S01008502,81,98,2,0,5,198,8
S01008503,97,161,1,5,8,154,6
S01008504,167,216,0,2,5,144,4
S01008505,130,129,0,0,4,64,3
S01008506,223,144,0,0,16,105,7
S01008507,130,138,9,1,22,157,5
S01008508,179,109,0,0,3,32,3
S01008509,290,159,3,1,6,74,4
S01008510,221,130,0,0,0,36,5
S01008511,213,122,1,1,1,13,1
S01008512,115,84,0,0,0,5,2
S01008513,135,106,0,0,1,5,2
S01008514,239,130,2,0,16,37,5
S01008515,158,121,1,0,3,48,1
S01008516,177,134,2,9,23,281,8
S01008517,138,99,4,2,11,160,4
S01008518,188,114,0,0,1,73,3
S01008519,179,114,0,0,0,29,7
S01008520,271,137,0,0,2,12,3
S01008521,208,122,0,1,4,6,2
S01008522,139,90,2,1,1,19,2
S01008523,254,149,0,0,4,45,3
S01008524,72,103,10,2,210,60,8
S01008525,68,66,0,0,208,65,2
S01008526,148,126,3,4,69,87,4
S01008527,122,100,0,2,13,84,5
S01008528,97,106,1,3,11,76,6
S01008529,147,116,0,6,64,35,3
S01008530,69,83,1,6,160,55,12
S01008531,89,87,0,11,129,74,3
S01008532,71,53,0,1,67,13,4
S01008533,25,24,0,0,14,96,3
S01008534,118,76,1,2,2,67,1
S01008535,198,75,0,0,0,9,1
S01008536,135,96,0,2,4,23,3
S01008537,177,89,0,0,0,10,4
S01008538,162,75,2,0,0,0,1
S01008539,209,103,0,0,1,25,4
S01008540,208,143,1,2,0,19,2
S01008541,178,138,0,0,0,7,3
S01008542,256,294,1,1,25,25,4
S01008543,124,116,0,0,2,14,0
S01008544,109,96,0,0,1,5,1
S01008545,200,114,0,2,1,10,4
S01008546,228,104,0,0,2,4,2
S01008547,184,212,0,3,17,34,5
S01008548,126,316,0,13,79,43,3
S01008549,329,1127,2,39,247,155,12
S01008550,186,106,5,1,4,39,3
S01008551,252,156,6,0,22,54,5
S01008552,216,120,2,1,14,30,0
S01008553,97,88,0,2,120,21,2
S01008554,62,70,0,0,175,47,9
S01008555,55,89,0,6,263,42,6
S01008556,78,97,0,6,139,38,7
S01008557,83,152,1,17,282,92,24
S01008558,97,99,2,6,112,53,12
S01008559,80,97,0,9,72,27,2
S01008560,76,126,0,12,67,28,4
S01008561,88,98,1,6,62,22,1
S01008562,39,72,13,2,350,24,3
S01008563,97,99,2,10,116,69,4
S01008564,105,94,4,7,53,39,3
S01008565,104,99,1,7,210,45,6
S01008566,115,140,6,5,121,46,5
S01008567,68,88,0,2,91,31,3
S01008568,127,121,1,6,17,80,4
S01008569,28,16,0,1,308,27,3
S01008570,86,57,0,1,215,33,5
S01008571,125,85,1,7,80,39,1
S01008572,128,109,0,2,28,44,7
S01008573,133,113,1,0,10,27,1
S01008574,135,117,1,1,4,27,1
S01008575,177,118,1,0,2,22,5
S01008576,219,119,2,4,2,51,2
S01008577,223,124,0,4,44,30,8
S01008578,174,108,0,0,1,10,3
S01008579,320,236,1,4,26,44,8
S01008580,90,78,0,4,39,44,2
S01008581,125,125,2,5,118,97,7
S01008582,135,143,1,14,115,60,5
S01008583,87,93,0,4,85,75,12
S01008584,118,103,1,5,75,67,4
S01008585,56,74,0,5,52,51,2
S01008586,111,117,0,4,105,71,0
S01008587,180,92,0,0,4,45,7
S01008588,174,117,0,0,2,48,2
S01008589,74,55,1,1,33,9,0
S01008590,198,105,1,3,12,90,7
S01008591,124,108,0,0,12,67,4
S01008592,102,118,2,1,36,100,6
S01008593,169,124,0,0,3,23,4
S01008594,244,145,0,0,4,81,6
S01008595,115,93,2,4,167,130,12
S01008596,108,90,3,9,86,140,10
S01008597,227,129,0,4,23,34,4
S01008598,81,85,2,0,34,121,2
S01008599,155,108,1,0,4,92,6
S01008600,120,111,1,0,4,61,4
S01008601,79,43,1,0,29,165,11
S01008602,76,38,6,2,17,177,5
S01008603,88,73,6,1,46,306,3
S01008604,130,75,2,0,12,194,4
S01008605,98,75,2,1,2,129,6
S01008606,146,121,0,1,15,38,1
S01008607,145,72,1,0,23,13,3
S01008608,193,84,1,0,2,30,2
S01008609,200,126,19,2,14,35,3
S01008610,210,76,2,2,7,68,9
S01008611,130,76,2,0,7,295,4
S01008612,62,50,2,0,38,188,6
S01008613,139,63,2,1,14,118,7
S01008614,65,45,4,0,19,162,2
S01008615,100,51,1,0,10,149,6
S01008616,59,52,1,0,1,139,3
S01008617,86,60,2,0,2,118,4
S01008618,49,50,5,0,2,141,2
S01008619,59,42,3,0,2,89,0
S01008620,55,57,4,1,1,151,3
S01008621,64,59,1,0,1,128,2
S01008622,80,39,0,0,0,74,3
S01008623,151,74,2,0,3,106,5
S01008624,202,75,1,0,26,52,5
S01008625,126,81,0,0,13,15,5
S01008626,176,119,0,0,3,79,5
S01008627,123,105,0,2,1,18,3
S01008628,106,75,0,0,8,72,8
S01008629,122,89,0,0,10,73,5
S01008630,83,67,0,1,8,149,4
S01008631,132,106,1,0,14,206,7
S01008632,110,74,0,0,8,178,5
S01008633,239,101,1,0,14,54,7
S01008634,141,82,2,2,0,58,0
S01008635,172,130,2,0,1,97,2
S01008636,147,81,0,0,2,84,0
S01008637,192,100,0,0,4,87,8
S01008638,73,56,1,0,92,106,4
S01008639,121,129,0,0,9,176,11
S01008640,98,117,1,0,6,176,2
S01008641,85,81,2,0,5,184,6
S01008642,133,105,0,0,3,163,3
S01008643,99,99,0,1,4,115,5
S01008644,90,97,2,0,37,156,5
S01008645,104,109,0,2,3,127,3
S01008646,94,145,0,1,26,221,3
S01008647,80,96,0,2,32,156,3
S01008648,43,74,1,0,16,180,4
S01008649,73,111,3,0,34,308,4
S01008650,74,110,1,1,35,206,6
S01008651,74,101,3,1,141,290,4
S01008652,37,65,0,0,67,145,9
S01008653,34,61,2,0,92,182,7
S01008654,61,104,2,1,101,315,8
S01008655,53,71,10,4,74,237,6
S01008656,34,56,1,0,152,197,2
S01008657,45,63,0,0,85,157,2
S01008658,99,90,4,0,149,500,14
S01008659,47,57,8,1,71,254,6
S01008660,121,68,0,0,19,322,9
S01008661,57,35,0,3,136,201,1
S01008662,31,25,0,0,41,173,7
S01008663,59,69,7,0,65,235,1
S01008664,61,72,0,2,38,210,9
S01008665,97,84,3,3,89,370,6
S01008666,78,47,6,0,22,171,6
S01008667,110,56,2,0,106,224,9
S01008668,64,47,2,0,10,179,6
S01008669,21,7,0,0,7,93,3
S01008670,24,25,1,0,9,190,5
S01008671,45,41,3,0,17,214,1
S01008672,81,37,1,0,12,193,6
S01008673,178,58,3,0,202,633,31
S01008674,51,24,1,0,54,243,5
S01008675,87,26,3,0,84,220,8
S01008676,86,53,2,0,28,177,12
S01008677,77,44,0,0,42,228,4
S01008678,36,35,0,0,86,232,2
S01008679,37,31,4,0,210,229,10
S01008680,20,15,4,0,86,226,0
S01008681,63,42,4,0,141,269,4
S01008682,78,44,6,0,93,188,7
S01008683,48,43,3,1,290,190,12
S01008684,100,48,3,3,234,190,12
S01008685,71,16,5,0,156,216,8
S01008686,62,121,7,6,217,217,4
S01008687,55,99,0,3,20,220,2
S01008688,101,116,7,5,78,189,2
S01008689,72,140,0,1,60,219,4
S01008690,168,258,0,4,31,322,5
S01008691,128,202,9,9,82,276,9
S01008692,135,291,5,13,138,230,0
S01008693,79,61,1,0,7,10,1
S01008694,137,172,0,2,10,192,2
S01008695,85,167,2,0,7,78,4
S01008696,126,119,2,2,1,23,3
S01008697,216,158,0,2,3,53,7
S01008698,115,58,0,1,6,14,2
S01008699,140,133,2,9,87,91,9
S01008700,152,79,0,0,0,25,4
S01008701,22,108,30,19,369,140,2
S01008702,27,71,0,2,38,151,6
S01008703,15,73,10,3,311,59,7
S01008704,86,692,6,92,538,221,6
S01008705,26,52,1,0,137,145,4
S01008706,12,88,0,18,156,40,5
S01008707,24,57,10,6,258,36,2
S01008708,23,73,0,3,383,21,6
S01008709,47,71,2,6,120,26,3
S01008710,20,49,0,5,123,27,5
S01008711,75,71,0,5,175,56,11
S01008712,79,73,1,3,340,31,12
S01008713,37,40,0,0,147,30,0
S01008714,57,71,0,6,84,39,0
S01008715,111,88,1,1,123,24,4
S01008716,88,75,0,7,93,30,5
S01008717,66,94,0,2,5,31,3
S01008718,130,150,0,5,35,40,7
S01008719,138,202,2,9,13,82,5
S01008720,159,426,1,14,82,71,1
S01008721,133,168,0,0,5,19,0
S01008722,245,159,0,4,84,23,6
S01008723,138,116,0,0,29,24,3
S01008724,202,137,0,0,44,40,4
S01008725,132,121,1,0,16,30,0
S01008726,132,89,1,0,1,13,3
S01008727,229,137,2,0,18,68,6
S01008728,99,92,2,0,49,35,2
S01008729,118,118,2,1,10,27,2
S01008730,103,136,1,3,21,117,0
S01008731,116,80,0,3,31,26,0
S01008732,90,91,0,6,49,99,2
S01008733,215,322,5,12,103,175,7
S01008734,154,90,15,3,24,20,2
S01008735,212,158,4,0,3,13,2
S01008736,156,116,2,0,19,14,1
S01008737,167,108,0,0,2,4,4
S01008738,174,123,1,1,1,4,2
S01008739,133,103,0,4,25,24,0
S01008740,106,72,0,0,3,10,2
S01008741,222,164,0,0,4,19,3
S01008742,126,69,0,1,35,45,3
S01008743,113,136,0,12,93,93,4
S01008744,169,175,0,4,65,82,7
S01008745,120,66,0,3,7,37,0
S01008746,90,148,2,10,150,127,6
S01008747,110,74,0,1,2,18,1
S01008748,182,86,0,1,1,10,5
S01008749,252,148,0,0,12,23,2
S01008750,192,88,1,0,2,12,5
S01008751,99,80,3,6,55,30,4
S01008752,54,87,1,22,115,60,5
S01008753,58,59,2,10,93,71,4
S01008754,43,76,0,11,103,82,3
S01008755,90,142,2,17,202,160,5
S01008756,76,92,1,13,136,51,6
S01008757,51,56,3,10,155,40,6
S01008758,79,106,0,7,131,51,6
S01008759,63,63,2,7,135,33,0
S01008760,55,72,8,9,260,55,7
S01008761,55,74,1,2,17,95,7
S01008762,139,114,3,1,2,44,0
S01008763,151,197,0,2,8,64,4
S01008764,101,138,1,0,30,31,3
S01008765,121,193,0,1,6,83,3
S01008766,205,167,0,0,16,26,2
S01008767,88,95,1,0,26,34,1
S01008768,126,353,16,17,395,244,6
S01008769,103,151,1,3,95,214,6
S01008770,106,174,0,5,13,163,2
S01008771,98,136,1,3,111,226,4
S01008772,131,150,0,0,34,73,1
S01008773,118,154,14,14,129,157,2
S01008774,87,150,1,3,168,148,3
S01008775,66,111,0,0,35,48,3
S01008776,53,108,8,6,115,105,3
S01008777,75,103,5,7,267,131,5
S01008778,119,162,13,6,126,230,5
S01008779,96,167,3,0,17,171,7
S01008780,27,83,1,1,7,116,0
S01008781,45,164,21,3,231,182,1
S01008782,64,124,6,2,60,147,2
S01008783,57,62,5,3,22,105,4
S01008784,25,55,4,1,59,94,2
S01008785,55,79,2,3,153,103,8
S01008786,81,179,2,3,69,222,4
S01008787,2,4,0,1,140,12,1
S01008788,79,115,6,4,48,155,4
S01008789,78,132,5,8,185,88,9
S01008790,52,75,1,0,91,117,1
S01008791,70,170,1,7,25,195,1
S01008792,108,170,1,4,65,118,0
S01008793,30,46,1,4,103,100,2
S01008794,98,117,11,10,173,117,7
S01008795,88,174,11,9,33,216,2
S01008796,60,119,4,9,153,241,5
S01008797,81,119,10,2,64,201,7
S01008798,98,146,2,4,70,213,4
S01008799,29,126,0,4,44,127,1
S01008800,72,192,1,6,68,303,1
S01008801,81,158,1,5,30,251,3
S01008802,87,131,0,3,73,299,6
S01008803,58,106,0,0,113,225,5
S01008804,38,53,1,6,76,138,2
S01008805,49,64,1,0,18,177,1
S01008806,153,178,3,3,107,267,8
S01008807,109,130,2,3,33,187,3
S01008808,83,100,0,1,86,129,7
S01008809,109,68,2,2,20,139,7
S01008810,112,130,1,0,6,145,0
S01008811,90,82,2,0,6,149,7
S01008812,52,53,0,0,7,88,4
S01008813,112,133,1,0,176,141,4
S01008814,112,108,4,2,20,150,2
S01008815,87,104,8,7,94,244,4
S01008816,86,119,0,2,44,84,15
S01008817,64,241,0,10,151,163,0
S01008818,134,222,0,5,33,123,5
S01008819,121,132,0,2,22,94,1
S01008820,87,154,0,0,202,148,3
S01008821,88,140,1,2,9,34,0
S01008822,134,120,0,0,5,27,0
S01008823,149,86,2,0,1,30,5
S01008824,210,195,0,4,12,78,3
S01008825,162,128,0,0,9,47,0
S01008826,91,88,2,1,42,92,3
S01008827,146,105,0,0,2,15,2
S01008828,169,158,0,1,20,79,7
S01008829,126,103,0,1,25,35,5
S01008830,196,134,0,1,14,52,3
S01008831,214,84,0,1,16,40,0
S01008832,194,81,0,3,5,57,6
S01008833,215,150,1,0,42,91,4
S01008834,258,165,2,1,4,64,4
S01008835,196,136,0,0,13,48,9
S01008836,68,138,0,1,78,168,2
S01008837,150,228,6,2,65,295,11
S01008838,194,185,0,2,23,266,6
S01008839,166,163,1,0,40,205,9
S01008840,184,162,0,0,10,144,4
S01008841,98,133,1,2,19,136,2
S01008842,65,170,9,3,6,150,2
S01008843,125,136,4,1,112,267,7
S01008844,68,100,0,0,22,172,3
S01008845,151,99,2,1,18,239,10
S01008846,97,69,4,1,27,134,3
S01008847,85,52,0,0,6,128,2
S01008848,151,78,0,0,15,111,4
S01008849,129,64,1,0,1,148,4
S01008850,159,82,3,0,14,91,9
S01008851,172,65,0,4,134,194,6
S01008852,231,92,2,1,4,107,16
S01008853,105,70,1,0,5,123,13
S01008854,191,95,2,1,1,191,8
S01008855,183,156,1,1,10,282,14
S01008856,73,83,1,1,5,146,5
S01008857,165,95,0,2,7,155,8
S01008858,138,66,3,1,1,110,2
S01008859,158,107,2,0,79,306,15
S01008860,166,128,1,0,25,184,4
S01008861,171,89,0,0,2,81,4
S01008862,134,104,2,0,34,226,12
S01008863,106,105,2,0,13,148,7
S01008864,177,108,0,1,5,134,4
S01008865,157,127,2,0,4,145,7
S01008866,139,120,1,0,2,178,3
S01008867,198,119,0,0,2,89,5
S01008868,136,98,2,1,10,238,8
S01008869,235,154,1,0,50,159,12
S01008870,180,117,1,0,2,113,4
S01008871,173,136,1,0,3,126,5
S01008872,140,115,1,2,10,149,7
S01008873,223,124,0,0,2,97,8
S01008874,198,120,4,0,51,168,12
S01008875,146,117,4,12,26,201,3
S01008876,187,83,1,3,3,15,4
S01008877,112,82,0,1,6,31,0
S01008878,184,141,3,1,64,53,7
S01008879,159,137,0,0,25,60,5
S01008880,133,95,0,5,20,32,5
S01008881,232,89,0,1,1,46,1
S01008882,202,182,0,1,2,41,4
S01008883,225,134,0,0,4,19,4
S01008884,190,91,0,0,1,20,4
S01008885,189,141,0,1,1,9,1
S01008886,236,148,1,0,4,101,6
S01008887,169,119,0,0,3,38,0
S01008888,117,112,1,0,0,123,4
S01008889,193,141,0,4,2,91,7
S01008890,149,117,0,1,15,14,2
S01008891,181,145,1,0,2,7,3
S01008892,240,134,0,0,51,97,6
S01008893,185,152,2,0,4,19,1
S01008894,201,120,0,2,22,15,6
S01008895,160,119,0,2,1,18,5
S01008896,118,110,0,2,2,13,0
S01008897,153,120,1,2,0,25,5
S01008898,198,120,0,1,0,11,1
S01008899,91,92,0,8,138,37,2
S01008900,137,131,0,6,75,51,4
S01008901,116,111,0,3,95,33,7
S01008902,91,138,2,4,146,96,8
S01008903,167,121,0,1,122,35,9
S01008904,73,98,1,7,113,125,3
S01008905,52,70,2,7,219,123,4
S01008906,32,51,7,11,177,78,7
S01008907,17,53,12,6,255,57,7
S01008908,110,245,3,22,171,172,9
S01008909,113,133,0,16,10,70,0
S01008910,53,95,0,7,6,47,2
S01008911,102,263,0,18,96,221,12
S01008912,136,139,0,1,12,31,7
S01008913,66,151,0,9,6,52,1
S01008914,142,158,0,0,52,25,5
S01008915,115,82,0,0,12,18,0
S01008916,113,78,0,9,268,73,9
S01008917,30,41,4,4,229,31,8
S01008918,9,10,1,2,177,25,1
S01008919,12,25,0,2,182,24,1
S01008920,133,317,3,9,284,284,8
S01008921,52,64,0,5,302,57,8
S01008922,76,98,0,5,108,79,6
S01008923,84,76,0,2,220,101,6
S01008924,28,31,1,4,240,34,2
S01008925,69,84,0,7,50,66,4
S01008926,63,94,3,4,48,31,1
S01008927,27,141,11,32,118,142,3
S01008928,32,87,15,5,145,122,6
S01008929,35,81,1,14,384,36,4
S01008930,17,43,0,5,265,44,4
S01008931,53,95,0,17,499,59,7
S01008932,68,122,0,14,91,118,6
S01008933,25,47,0,2,183,23,3
S01008934,77,84,3,1,100,66,5
S01008935,176,139,2,5,7,31,6
S01008936,87,70,0,1,0,0,1
S01008937,201,151,1,2,10,56,4
S01008938,134,128,0,0,2,19,0
S01008939,156,140,1,0,3,14,0
S01008940,162,81,0,0,1,4,3
S01008941,187,147,0,1,15,35,6
S01008942,141,139,0,1,3,48,2
S01008943,200,128,0,0,2,13,1
S01008944,244,160,0,0,2,25,1
S01008945,160,140,0,1,0,12,2
S01008946,302,139,0,0,2,19,5
S01008947,277,159,0,0,8,17,2
S01008948,152,112,0,0,20,16,2
S01008949,131,170,0,4,61,23,10
S01008950,155,181,0,1,49,29,7
S01008951,101,122,4,12,125,66,10
S01008952,77,121,0,16,120,78,9
S01008953,126,135,0,11,87,48,10
S01008954,123,132,0,4,159,58,11
S01008955,103,103,0,3,17,25,1
S01008956,165,179,1,10,68,45,3
S01008957,151,119,0,3,94,60,4
S01008958,100,114,1,8,154,67,3
S01008959,135,140,2,3,56,28,1
S01008960,160,196,2,0,38,53,0
S01008961,156,121,0,7,2,28,3
S01008962,159,101,0,2,2,11,0
S01008963,199,117,0,5,5,22,0
S01008964,128,73,0,0,2,9,3
S01008965,190,128,0,2,15,9,0
S01008966,143,96,0,5,16,12,2
S01008967,251,156,0,3,3,9,5
S01008968,263,306,12,9,64,50,5
S01008969,194,180,0,4,19,27,6
S01008970,232,154,1,1,8,42,3
S01008971,146,116,0,1,0,11,0
S01008972,159,127,0,0,3,12,4
S01008973,191,130,4,2,3,60,7
S01008974,174,129,2,2,11,53,3
S01008975,155,83,0,1,103,79,10
S01008976,116,82,0,0,0,12,0
S01008977,174,65,1,0,8,14,3
S01008978,93,103,0,0,6,47,1
S01008979,85,136,0,2,3,85,2
S01008980,95,129,2,0,6,100,0
S01008981,185,121,1,0,2,16,2
S01008982,110,142,1,12,2,88,2
S01008983,70,104,2,18,15,108,4
S01008984,74,91,0,3,3,57,2
S01008985,139,235,2,15,29,99,3
S01008986,179,141,0,1,0,13,2
S01008987,198,105,0,3,3,13,4
S01008988,177,134,0,1,26,140,4
S01008989,89,134,0,11,8,109,2
S01008990,128,237,0,15,41,121,5
S01008991,163,164,0,0,2,56,4
S01008992,101,66,7,3,31,46,7
S01008993,189,205,0,4,10,75,5
S01008994,110,96,0,4,75,26,2
S01008995,155,125,4,0,12,31,3
S01008996,118,179,0,4,64,32,4
S01008997,136,232,0,2,43,46,0
S01008998,48,141,0,9,108,29,0
S01008999,146,134,0,4,70,43,5
S01009000,248,342,0,4,59,39,6
S01009001,156,99,1,1,33,9,2
S01009002,224,624,0,24,151,126,26
S01009003,159,166,0,0,33,47,7
S01009004,121,110,0,2,14,22,0
S01009005,137,162,2,33,36,51,4
S01009006,138,124,0,6,36,29,4
S01009007,116,104,0,3,38,18,5
S01009008,199,134,1,0,44,54,5
S01009009,45,83,0,7,90,30,3
S01009010,154,170,0,4,22,55,0
S01009011,145,160,1,2,4,10,3
S01009012,135,128,0,0,4,17,2
S01009013,176,140,0,2,9,20,2
S01009014,151,58,0,0,37,24,13
S01009015,188,57,0,0,44,20,5
S01009016,170,32,0,0,37,14,4
S01009017,118,39,1,0,61,32,7
S01009018,214,69,0,0,46,27,8
S01009019,125,50,0,1,28,7,3
S01009020,145,101,0,1,78,31,8
S01009021,216,63,1,0,49,22,8
S01009022,275,59,0,0,61,36,12
S01009023,271,68,1,3,49,12,19
S01009024,261,78,1,0,115,20,13
S01009025,293,69,0,1,44,22,27
S01009026,262,105,1,0,54,30,10
S01009027,238,67,1,0,31,16,17
S01009028,139,55,0,5,25,10,9
S01009029,158,60,0,0,36,10,6
S01009030,178,48,0,0,47,7,12
S01009031,216,70,0,0,49,19,11
S01009032,200,53,0,0,29,14,16
S01009033,235,62,1,0,21,20,5
S01009034,180,78,0,0,20,13,4
S01009035,224,130,0,0,31,12,13
S01009036,188,150,0,2,73,28,9
S01009037,158,104,0,1,89,16,9
S01009038,202,108,2,3,83,20,9
S01009039,107,43,0,0,101,16,7
S01009040,96,74,3,12,142,25,6
S01009041,175,107,1,5,168,68,13
S01009042,112,60,0,0,73,29,12
S01009043,140,53,0,0,70,18,13
S01009044,163,80,0,0,86,26,9
S01009045,112,74,1,10,111,19,11
S01009046,197,124,1,32,103,19,6
S01009047,178,104,1,1,35,14,10
S01009048,197,98,0,3,27,4,12
S01009049,158,52,1,1,22,6,10
S01009050,158,151,0,1,65,29,8
S01009051,84,112,0,0,70,12,3
S01009052,133,74,0,0,63,24,8
S01009053,40,39,1,0,216,35,11
S01009054,78,69,0,1,86,10,0
S01009055,211,209,1,12,57,45,5
S01009056,52,61,1,1,88,12,3
S01009057,38,46,0,1,138,35,5
S01009058,82,104,3,1,174,31,10
S01009059,87,149,0,0,52,34,4
S01009060,130,367,0,16,8,24,4
S01009061,119,110,0,2,70,25,2
S01009062,98,55,0,0,135,13,2
S01009063,146,111,0,4,25,12,3
S01009064,95,67,0,1,74,23,0
S01009065,71,70,0,0,118,36,4
S01009066,94,71,1,1,104,57,6
S01009067,105,188,0,0,12,15,4
S01009068,143,121,0,0,80,28,8
S01009069,136,102,0,0,4,7,0
S01009070,124,89,0,2,6,27,5
S01009071,88,53,0,0,55,14,4
S01009072,89,77,1,0,23,6,2
S01009073,83,90,0,4,102,13,6
S01009074,72,60,0,0,137,11,10
S01009075,101,46,0,1,82,3,6
S01009076,153,161,2,1,50,32,4
S01009077,109,79,0,1,50,11,3
S01009078,81,172,0,0,6,10,0
S01009079,103,81,1,0,175,19,4
S01009080,164,92,0,2,179,17,4
S01009081,113,88,1,6,47,18,6
S01009082,107,160,0,4,197,34,4
S01009083,107,103,1,0,94,25,8
S01009084,74,175,1,7,33,11,7
S01009085,66,204,0,0,4,17,0
S01009086,100,86,1,1,97,13,2
S01009087,73,55,0,0,108,12,2
S01009088,194,158,1,0,32,17,3
S01009089,117,170,0,1,0,15,0
S01009090,155,493,0,10,97,139,11
S01009091,77,152,0,0,10,16,6
S01009092,190,207,0,5,101,43,8
S01009093,79,100,0,2,112,44,9
S01009094,183,94,0,0,4,8,0
S01009095,179,145,0,0,72,48,4
S01009096,104,181,0,0,67,35,3
S01009097,172,139,0,0,8,21,4
S01009098,113,64,0,0,1,6,4
S01009099,105,91,3,3,106,46,6
S01009100,75,84,1,1,200,46,10
S01009101,106,87,0,0,170,9,2
S01009102,50,66,1,1,193,10,2
S01009103,159,64,0,0,9,11,0
S01009104,120,85,0,3,114,28,4
S01009105,123,123,0,0,69,19,4
S01009106,84,90,0,1,60,32,6
S01009107,155,114,0,0,43,21,0
S01009108,171,109,0,0,8,23,6
S01009109,165,91,0,0,3,6,2
S01009110,105,94,0,2,54,16,0
S01009111,156,148,0,1,33,35,5
S01009112,144,78,0,0,2,7,5
S01009113,202,125,1,1,3,43,4
S01009114,111,130,0,0,71,20,3
S01009115,90,82,1,2,48,38,5
S01009116,112,71,0,0,0,7,0
S01009117,104,126,0,3,90,21,10
S01009118,78,119,0,2,11,6,1
S01009119,94,67,0,0,120,17,0
S01009120,60,78,0,3,71,18,5
S01009121,128,100,1,4,87,32,5
S01009122,242,687,0,29,92,51,13
S01009123,74,109,0,0,24,13,6
S01009124,61,94,0,0,40,14,3
S01009125,116,70,0,0,78,13,10
S01009126,22,29,1,0,221,22,0
S01009127,37,32,10,3,197,12,0
S01009128,50,37,1,1,286,57,7
S01009129,38,34,0,0,120,9,5
S01009130,60,94,0,3,49,16,3
S01009131,90,51,0,0,107,38,2
S01009132,125,142,11,0,19,36,4
S01009133,64,73,0,0,160,36,4
S01009134,163,133,0,1,69,26,10
S01009135,79,107,1,0,10,76,0
S01009136,82,128,0,1,15,51,0
S01009137,65,202,0,6,6,9,0
S01009138,147,148,0,4,14,75,9
S01009139,28,35,5,1,121,71,0
S01009140,73,74,0,0,153,53,4
S01009141,76,77,9,2,205,98,3
S01009142,139,75,0,1,77,166,10
S01009143,53,49,0,1,163,36,6
S01009144,81,235,1,4,28,81,3
S01009145,165,139,0,2,135,30,9
S01009146,123,85,1,2,108,85,5
S01009147,79,55,0,0,132,21,7
S01009148,80,73,0,4,79,12,4
S01009149,140,119,0,2,37,69,10
S01009150,75,5,0,0,483,12,14
S01009151,137,120,0,0,149,55,6
S01009152,67,64,0,2,175,141,10
S01009153,90,63,0,0,10,96,4
S01009154,220,143,0,0,10,70,11
S01009155,115,75,0,0,10,27,1
S01009156,153,86,0,1,7,18,2
S01009157,150,124,0,3,84,34,3
S01009158,74,75,0,1,54,28,6
S01009159,24,36,0,0,125,21,5
S01009160,72,48,0,2,159,45,5
S01009161,60,52,0,1,171,48,4
S01009162,97,54,0,2,177,114,3
S01009163,90,64,0,1,63,34,8
S01009164,113,101,0,4,97,27,3
S01009165,69,82,0,1,136,25,6
S01009166,67,64,0,0,181,20,12
S01009167,44,49,0,0,97,7,5
S01009168,171,83,0,1,26,27,1
S01009169,113,65,0,0,234,17,11
S01009170,84,84,1,0,114,23,0
S01009171,80,88,0,1,94,35,6
S01009172,155,97,0,1,2,26,2
S01009173,160,112,0,1,17,13,4
S01009174,49,106,0,0,4,1,0
S01009175,124,165,0,0,6,13,0
S01009176,248,138,1,0,0,30,8
S01009177,98,94,0,2,137,25,4
S01009178,83,74,3,0,144,26,5
S01009179,77,75,1,1,75,23,2
S01009180,151,119,2,1,153,35,11
S01009181,105,75,0,1,129,10,12
S01009182,166,176,0,2,62,11,4
S01009183,126,115,1,3,4,10,0
S01009184,122,79,0,0,160,15,7
S01009185,106,83,0,0,157,23,4
S01009186,105,111,1,0,75,10,2
S01009187,129,80,0,0,18,6,4
S01009188,128,112,0,0,117,12,5
S01009189,83,69,0,3,160,15,6
S01009190,133,340,0,8,28,10,4
S01009191,72,159,0,0,1,6,0
S01009192,133,95,0,0,15,12,3
S01009193,109,558,0,19,44,17,5
S01009194,195,108,0,1,1,9,4
S01009195,122,159,12,1,8,38,7
S01009196,117,81,0,1,57,24,6
S01009197,175,196,2,4,32,29,0
S01009198,152,89,2,2,40,12,0
S01009199,97,94,0,0,37,11,0
S01009200,207,407,0,12,37,15,1
S01009201,70,78,1,2,83,21,4
S01009202,81,90,0,0,6,6,2
S01009203,67,50,0,1,165,16,1
S01009204,98,122,0,2,112,18,1
S01009205,155,161,0,3,3,45,3
S01009206,153,138,1,3,3,37,0
S01009207,232,80,0,2,3,54,5
S01009208,162,75,0,0,40,25,4
S01009209,177,97,0,1,24,42,6
S01009210,101,67,0,0,17,13,2
S01009211,90,73,0,0,38,19,3
S01009212,137,73,1,1,124,13,8
S01009213,99,98,2,1,104,13,0
S01009214,194,155,0,2,44,15,2
S01009215,111,104,0,2,148,32,9
S01009216,150,151,1,1,125,17,3
S01009217,55,58,0,1,155,14,7
S01009218,152,121,0,2,78,14,5
S01009219,99,80,0,3,93,20,1
S01009220,108,42,0,0,83,26,3
S01009221,91,63,1,1,66,14,0
S01009222,48,66,1,1,80,12,4
S01009223,84,78,0,1,98,14,5
S01009224,73,89,0,0,107,27,1
S01009225,75,70,3,8,95,7,3
S01009226,118,112,1,4,215,41,8
S01009227,95,77,0,0,110,43,4
S01009228,85,60,0,1,96,35,5
S01009229,99,71,0,0,50,36,4
S01009230,93,65,0,1,28,49,1
S01009231,203,173,0,2,54,35,5
S01009232,42,43,0,1,183,19,3
S01009233,100,70,0,0,58,22,2
S01009234,73,70,0,0,244,57,8
S01009235,126,81,0,2,199,36,4
S01009236,129,63,0,2,26,8,4
S01009237,203,147,0,1,4,14,6
S01009238,134,93,0,2,72,21,4
S01009239,105,81,1,2,188,47,4
S01009240,46,47,0,0,207,17,2
S01009241,86,66,0,1,253,20,4
S01009242,169,98,0,0,54,7,5
S01009243,150,135,0,3,68,30,4
S01009244,225,110,0,1,4,19,4
S01009245,183,116,0,0,45,13,2
S01009246,123,105,1,0,112,33,18
S01009247,127,138,2,0,135,25,7
S01009248,137,100,0,0,44,9,13
S01009249,96,80,1,0,199,29,5
S01009250,102,70,0,1,84,13,4
S01009251,120,41,0,2,55,8,4
S01009252,78,78,0,0,2,5,1
S01009253,73,56,0,0,87,19,2
S01009254,66,86,0,0,194,21,8
S01009255,60,82,1,3,131,98,4
S01009256,98,74,1,1,27,12,3
S01009257,115,88,1,0,78,71,4
S01009258,194,200,0,4,18,25,6
S01009259,174,149,2,0,42,8,0
S01009260,148,158,0,2,95,52,6
S01009261,78,60,0,0,186,25,5
S01009262,44,38,0,2,165,18,5
S01009263,146,251,0,3,18,52,2
S01009264,129,80,0,0,4,12,0
S01009265,170,118,0,1,146,35,7
S01009266,161,113,0,1,90,25,3
S01009267,175,98,0,2,31,63,2
S01009268,159,162,1,2,155,30,11
S01009269,67,76,0,1,204,14,5
S01009270,84,69,0,1,117,49,2
S01009271,185,137,0,3,6,15,5
S01009272,72,75,0,0,108,20,5
S01009273,125,65,0,0,9,14,3
S01009274,129,85,0,1,18,10,5
S01009275,156,139,0,9,65,28,7
S01009276,199,121,1,1,39,18,3
S01009277,206,231,1,16,9,32,3
S01009278,108,116,0,1,21,21,1
S01009279,139,143,0,2,53,27,6
S01009280,101,72,0,0,208,22,4
S01009281,103,70,1,2,164,22,4
S01009282,137,108,0,1,56,44,7
S01009283,68,83,0,2,98,19,1
S01009284,178,109,0,0,7,17,4
S01009285,156,139,4,3,13,35,6
S01009286,215,102,1,0,5,33,1
S01009287,205,101,0,1,8,20,1
S01009288,197,103,0,1,34,86,12
S01009289,209,123,0,0,14,27,11
S01009290,184,87,1,1,1,10,0
S01009291,241,149,0,3,2,14,3
S01009292,70,81,1,0,58,29,4
S01009293,113,109,1,1,43,32,2
S01009294,114,128,0,8,29,12,1
S01009295,155,87,0,0,4,15,2
S01009296,86,80,0,0,12,6,0
S01009297,162,151,1,1,5,17,0
S01009298,109,96,0,2,211,110,8
S01009299,160,159,0,1,149,98,3
S01009300,74,77,3,0,105,65,4
S01009301,91,153,8,6,244,145,2
S01009302,72,59,0,1,218,79,2
S01009303,177,111,9,3,32,32,3
S01009304,164,146,0,1,80,40,6
S01009305,114,121,10,6,92,52,12
S01009306,144,208,3,8,105,139,6
S01009307,169,184,0,7,69,198,7
S01009308,105,65,0,1,49,101,5
S01009309,134,106,0,0,42,143,1
S01009310,222,109,7,0,8,41,4
S01009311,77,73,1,0,113,18,0
S01009312,83,125,1,2,54,126,5
S01009313,61,67,0,1,113,38,4
S01009314,126,83,0,0,8,15,1
S01009315,89,64,2,0,93,30,0
S01009316,164,104,1,0,15,33,0
S01009317,199,115,0,0,2,12,0
S01009318,141,83,1,0,5,5,1
S01009319,227,141,15,0,15,17,0
S01009320,148,108,0,0,91,24,3
S01009321,205,67,0,2,3,11,4
S01009322,177,104,0,0,30,22,5
S01009323,133,94,0,0,55,35,8
S01009324,83,80,0,1,56,30,5
S01009325,105,136,4,3,13,26,2
S01009326,52,80,10,2,55,11,0
S01009327,162,90,0,2,46,10,6
S01009328,68,203,1,0,5,39,0
S01009329,93,427,0,25,44,83,3
S01009330,39,70,0,0,72,19,0
S01009331,116,450,0,20,165,30,2
S01009332,178,220,0,3,26,8,0
S01009333,105,174,1,1,107,61,4
S01009334,68,63,0,6,136,39,5
S01009335,92,92,2,0,166,28,10
S01009336,47,57,1,2,173,39,2
S01009337,64,78,0,2,130,38,6
S01009338,87,146,1,4,213,48,8
S01009339,55,92,0,2,255,25,7
S01009340,69,69,0,4,130,30,1
S01009341,77,77,0,7,70,41,3
S01009342,100,108,0,1,85,32,2
S01009343,90,89,0,2,30,31,2
S01009344,74,87,0,5,108,30,5
S01009345,129,145,0,0,49,46,4
S01009346,61,152,0,2,8,6,0
S01009347,78,137,0,0,0,7,0
S01009348,50,108,2,0,0,6,0
S01009349,75,180,1,0,1,28,2
S01009350,37,97,26,5,47,23,2
S01009351,32,115,2,1,3,58,1
S01009352,71,180,0,4,5,24,1
S01009353,73,341,1,14,29,33,1
S01009354,148,503,0,12,59,50,3
S01009355,202,123,0,2,2,25,0
S01009356,254,130,0,0,6,23,1
S01009357,55,95,0,0,3,30,0
S01009358,147,105,0,0,0,4,1
S01009359,89,145,9,1,11,28,0
S01009360,184,125,0,2,20,45,1
S01009361,169,115,0,1,23,23,5
S01009362,250,128,0,5,4,29,3
S01009363,137,109,1,2,71,46,6
S01009364,135,154,0,3,28,29,2
S01009365,100,95,0,0,42,36,4
S01009366,101,102,0,2,55,49,3
S01009367,91,86,0,1,87,36,6
S01009368,65,55,0,0,68,14,6
S01009369,93,94,0,0,60,31,1
S01009370,173,90,0,2,78,38,3
S01009371,76,93,0,1,40,26,6
S01009372,81,62,0,1,56,18,2
S01009373,111,135,2,1,154,78,8
S01009374,133,96,0,1,194,31,8
S01009375,92,106,0,4,101,23,5
S01009376,84,53,0,0,102,24,8
S01009377,77,144,0,2,49,96,0
S01009378,86,103,0,1,139,47,4
S01009379,61,182,0,0,66,31,1
S01009380,85,81,0,1,3,43,2
S01009381,110,107,0,0,18,43,3
S01009382,91,109,0,0,121,48,6
S01009383,118,130,0,1,90,73,4
S01009384,142,72,0,0,12,19,3
S01009385,109,78,0,0,16,19,0
S01009386,103,84,0,0,52,16,1
S01009387,77,142,3,9,94,20,2
S01009388,57,69,2,2,179,43,0
S01009389,177,132,1,0,76,95,1
S01009390,101,118,0,0,3,11,0
S01009391,100,156,0,2,3,15,1
S01009392,64,116,0,2,2,9,1
S01009393,133,115,0,0,4,16,0
S01009394,205,161,0,6,2,113,5
S01009395,216,72,1,0,1,9,3
S01009396,196,85,2,0,2,7,1
S01009397,179,110,0,3,3,50,0
S01009398,126,122,0,2,6,45,1
S01009399,168,96,0,3,5,29,4
S01009400,98,79,0,0,22,20,5
S01009401,182,81,0,0,10,9,1
S01009402,217,135,0,0,7,24,2
S01009403,98,75,0,0,17,14,2
S01009404,67,46,0,0,133,37,4
S01009405,124,55,0,0,5,18,3
S01009406,162,167,1,9,75,47,6
S01009407,104,75,0,1,34,23,2
S01009408,161,179,0,9,21,23,4
S01009409,110,211,0,12,78,27,7
S01009410,88,92,0,2,152,17,2
S01009411,87,95,0,0,115,18,6
S01009412,95,101,0,1,172,30,6
S01009413,181,171,0,4,97,34,9
S01009414,123,98,0,0,54,10,5
S01009415,93,82,0,3,79,62,8
S01009416,96,78,0,0,6,6,5
S01009417,81,259,3,12,85,15,6
S01009418,139,117,2,1,166,68,6
S01009419,77,78,0,0,94,6,2
S01009420,51,51,0,1,143,10,8
S01009421,90,63,1,0,145,13,4
S01009422,156,104,0,0,90,24,4
S01009423,118,290,0,9,51,23,3
S01009424,120,79,1,0,53,13,1
S01009425,164,98,1,1,77,25,6
S01009426,85,78,0,0,181,49,5
S01009427,82,55,0,0,141,32,10
S01009428,89,61,0,0,103,19,6
S01009429,87,54,0,2,145,24,15
S01009430,96,79,2,4,111,25,4
S01009431,103,66,0,1,95,34,4
S01009432,66,69,0,0,164,27,9
S01009433,86,79,2,0,135,19,8
S01009434,63,62,0,1,103,17,1
S01009435,48,48,0,4,205,20,3
S01009436,69,79,0,2,123,21,0
S01009437,106,93,0,0,91,19,2
S01009438,106,94,0,3,190,15,5
S01009439,96,75,1,0,155,20,4
S01009440,82,67,0,0,140,25,2
S01009441,59,57,0,1,205,19,3
S01009442,81,105,0,2,6,21,3
S01009443,183,280,0,11,205,43,8
S01009444,145,114,0,4,12,4,0
S01009445,102,113,1,4,115,21,5
S01009446,95,120,0,0,201,49,11
S01009447,100,61,1,0,91,14,2
S01009448,186,221,0,2,69,23,3
S01009449,82,58,0,0,45,20,4
S01009450,47,55,0,0,140,42,5
S01009451,117,80,1,0,202,45,8
S01009452,72,61,0,1,137,27,8
S01009453,140,116,1,2,105,43,10
S01009454,189,128,1,0,25,50,10
S01009455,229,174,0,7,34,55,6
S01009456,138,184,0,5,107,33,14
S01009457,134,74,0,2,16,34,4
S01009458,140,90,0,1,50,32,5
S01009459,150,97,0,0,132,64,9
S01009460,76,67,0,1,194,46,14
S01009461,80,188,0,0,4,5,2
S01009462,131,100,1,0,53,22,7
S01009463,144,79,0,0,70,14,5
S01009464,187,124,1,1,48,37,4
S01009465,103,85,0,1,48,25,3
S01009466,151,76,0,3,4,6,6
S01009467,179,102,0,0,8,22,6
S01009468,142,92,0,0,114,49,9
S01009469,205,113,0,4,48,39,4
S01009470,123,51,0,0,29,14,4
S01009471,64,30,2,1,237,37,8
S01009472,117,84,0,0,169,46,7
S01009473,86,54,0,0,173,147,10
S01009474,108,74,0,2,181,28,0
S01009475,118,79,0,2,6,19,1
S01009476,91,172,1,6,11,24,4
S01009477,157,121,0,2,38,67,5
S01009478,152,98,1,1,115,125,4
S01009479,165,119,5,3,90,110,4
S01009480,223,109,0,0,44,39,6
S01009481,162,135,0,0,38,119,12
S01009482,104,78,0,1,17,126,2
S01009483,136,134,0,2,6,152,1
S01009484,193,88,0,5,107,77,12
S01009485,111,86,0,3,117,44,6
S01009486,143,70,5,0,37,36,4
S01009487,138,117,0,1,109,50,5
S01009488,96,103,0,0,54,18,0
S01009489,107,81,0,1,146,51,6
S01009490,70,80,0,0,188,26,4
S01009491,133,96,0,2,136,35,9
S01009492,61,87,0,0,72,14,4
S01009493,259,102,0,1,5,10,4
S01009494,187,138,0,1,4,56,4
S01009495,201,145,0,1,4,33,2
S01009496,114,104,0,1,106,40,6
S01009497,181,145,0,0,91,38,5
S01009498,181,86,0,0,3,7,4
S01009499,157,110,0,2,57,19,4
S01009500,74,81,0,3,137,23,10
S01009501,90,77,2,2,208,39,0
S01009502,93,83,1,1,154,30,9
S01009503,76,107,1,0,113,29,3
S01009504,70,66,0,3,133,19,1
S01009505,54,56,0,3,190,34,5
S01009506,67,62,0,2,179,29,4
S01009507,115,104,4,4,99,24,2
S01009508,80,64,1,2,216,22,7
S01009509,102,71,0,5,188,32,9
S01009510,187,100,0,3,3,8,6
S01009511,158,82,0,5,1,8,1
S01009512,166,123,0,6,6,8,1
S01009513,151,75,0,4,2,12,1
S01009514,152,109,0,1,1,18,5
S01009515,127,75,1,3,133,20,6
S01009516,129,99,0,1,99,38,4
S01009517,82,217,0,2,6,33,4
S01009518,55,226,0,4,8,26,0
S01009519,117,185,0,5,43,10,3
S01009520,135,122,0,2,52,23,3
S01009521,150,72,0,2,124,37,2
S01009522,97,104,2,2,129,50,3
S01009523,48,51,1,0,111,36,4
S01009524,62,71,5,1,154,56,13
S01009525,68,64,0,1,69,55,7
S01009526,102,85,0,4,15,134,8
S01009527,112,73,2,3,87,115,3
S01009528,101,38,0,2,130,70,2
S01009529,128,88,0,0,23,14,3
S01009530,158,89,0,1,0,7,1
S01009531,133,157,2,8,255,52,11
S01009532,123,73,1,1,198,46,12
S01009533,92,102,0,4,249,71,9
S01009534,66,56,1,0,269,70,9
S01009535,28,43,0,0,274,40,3
S01009536,71,59,0,0,90,14,4
S01009537,98,59,0,0,73,37,4
S01009538,94,84,0,1,203,88,6
S01009539,161,133,0,4,91,29,5
S01009540,101,91,0,1,190,64,8
S01009541,230,214,0,2,26,64,15
S01009542,62,77,0,0,215,28,3
S01009543,118,81,0,0,70,23,4
S01009544,145,100,0,0,134,75,9
S01009545,97,85,0,0,86,31,3
S01009546,139,207,0,6,118,15,5
S01009547,117,71,1,1,158,42,5
S01009548,82,61,1,1,80,33,4
S01009549,136,115,0,3,44,33,7
S01009550,94,86,0,1,23,13,2
S01009551,81,81,0,0,31,36,2
S01009552,163,126,2,0,90,25,7
S01009553,115,67,0,3,175,46,11
S01009554,113,51,1,0,91,42,4
S01009555,126,114,1,3,74,51,9
S01009556,72,77,1,3,120,50,5
S01009557,87,61,0,0,93,33,3
S01009558,70,65,2,1,113,42,1
S01009559,92,93,2,0,101,54,4
S01009560,92,76,0,0,148,63,3
S01009561,57,53,0,3,135,48,8
S01009562,128,91,0,3,86,37,2
S01009563,145,94,0,2,49,65,8
S01009564,135,80,1,0,64,35,3
S01009565,97,54,0,2,53,38,2
S01009566,133,163,0,1,66,45,10
S01009567,160,104,0,5,77,63,6
S01009568,98,103,0,4,70,42,4
S01009569,135,105,0,3,54,41,6
S01009570,71,71,2,2,60,28,4
S01009571,72,53,0,1,110,55,6
S01009572,108,77,0,0,161,76,9
S01009573,75,59,1,0,126,48,6
S01009574,128,115,2,3,106,76,6
S01009575,77,52,0,0,60,21,4
S01009576,146,50,0,0,7,9,0
S01009577,136,62,0,1,19,2,5
S01009578,109,98,0,1,58,32,2
S01009579,133,90,0,0,171,20,3
S01009580,170,180,0,1,3,21,1
S01009581,100,70,0,0,31,34,1
S01009582,77,86,2,2,35,26,5
S01009583,96,121,2,1,91,49,4
S01009584,91,91,0,0,8,15,2
S01009585,136,117,0,0,85,55,4
S01009586,118,67,0,0,88,19,4
S01009587,144,95,1,1,96,39,7
S01009588,168,136,0,1,84,28,6
S01009589,114,142,1,3,63,25,2
S01009590,139,117,1,0,3,3,2
S01009591,156,112,0,2,2,21,4
S01009592,156,74,1,0,10,5,4
S01009593,137,115,0,0,2,7,2
S01009594,148,107,0,1,1,10,2
S01009595,72,75,0,1,2,6,0
S01009596,92,93,0,1,115,36,4
S01009597,46,72,0,0,193,46,2
S01009598,21,28,0,0,234,9,3
S01009599,132,102,0,0,109,29,3
S01009600,43,45,0,0,172,52,2
S01009601,85,86,0,0,88,49,2
S01009602,143,126,2,2,4,6,0
S01009603,85,51,0,0,29,6,2
S01009604,104,145,0,3,95,16,5
S01009605,45,44,5,1,177,9,2
S01009606,142,162,1,0,13,7,3
S01009607,151,139,2,2,11,5,1
S01009608,98,85,2,1,47,45,3
S01009609,166,122,0,0,18,30,6
S01009610,212,138,0,0,76,61,5
S01009611,123,88,0,2,4,26,8
S01009612,114,73,0,0,60,28,8
S01009613,102,72,0,1,1,8,3
S01009614,119,58,0,0,23,29,11
S01009615,89,56,0,0,21,6,1
S01009616,142,79,0,0,57,50,7
S01009617,165,104,1,0,9,27,4
S01009618,118,83,0,0,83,56,8
S01009619,91,47,0,2,109,60,4
S01009620,105,71,0,1,171,45,4
S01009621,131,66,0,1,111,69,8
S01009622,80,63,0,1,209,49,6
S01009623,73,50,0,0,97,20,4
S01009624,133,86,0,1,140,32,5
S01009625,92,99,1,1,130,48,6
S01009626,70,40,0,0,106,19,5
S01009627,108,104,0,1,104,24,4
S01009628,79,32,0,1,126,17,5
S01009629,152,116,1,0,125,40,4
S01009630,78,81,0,2,161,20,1
S01009631,57,50,0,0,212,59,7
S01009632,60,40,1,0,157,41,2
S01009633,77,49,0,0,145,43,4
S01009634,71,51,0,2,97,25,5
S01009635,166,96,1,4,102,87,5
S01009636,100,53,0,0,137,113,9
S01009637,107,70,0,1,93,39,5
S01009638,72,51,1,0,267,34,5
S01009639,212,95,1,1,7,16,6
S01009640,100,53,0,1,129,76,10
S01009641,159,78,0,1,159,123,8
S01009642,157,122,2,3,82,137,14
S01009643,116,253,0,11,61,15,3
S01009644,129,110,1,1,101,26,4
S01009645,104,84,0,0,76,26,6
S01009646,83,86,0,2,78,20,3
S01009647,98,48,3,0,111,66,6
S01009648,131,129,0,1,109,24,6
S01009649,152,113,0,3,142,40,5
S01009650,241,87,0,0,7,5,3
S01009651,268,170,1,2,69,50,15
S01009652,268,101,0,2,7,30,2
S01009653,154,55,0,0,5,11,1
S01009654,137,67,0,0,41,32,1
S01009655,117,89,0,1,134,14,6
S01009656,109,55,4,0,161,42,5
S01009657,159,93,0,2,89,16,7
S01009658,105,71,1,0,97,13,0
S01009659,96,51,0,0,93,18,3
S01009660,152,135,3,3,134,19,5
S01009661,179,121,0,0,22,35,12
S01009662,144,90,1,0,29,15,5
S01009663,131,87,0,5,36,29,1
S01009664,205,102,1,0,24,60,8
S01009665,124,91,1,1,82,24,0
S01009666,146,86,0,3,54,43,1
S01009667,130,70,0,0,13,10,7
S01009668,113,104,1,0,12,18,3
S01009669,132,63,0,0,15,24,2
S01009670,156,92,0,0,50,33,10
S01009671,114,84,0,0,22,37,7
S01009672,121,88,6,2,129,15,6
S01009673,150,120,1,3,47,23,2
S01009674,184,117,0,5,33,43,1
S01009675,196,108,2,1,34,32,5
S01009676,155,115,2,1,52,33,17
S01009677,133,67,0,0,15,32,3
S01009678,126,77,4,0,34,22,6
S01009679,162,107,0,4,135,71,6
S01009680,159,87,0,3,58,42,5
S01009681,122,103,0,0,46,15,4
S01009682,128,94,0,0,14,36,2
S01009683,195,103,0,1,39,25,8
S01009684,214,145,1,0,71,49,6
S01009685,88,66,0,0,76,30,5
S01009686,119,113,0,3,153,117,1
S01009687,109,91,1,0,49,39,3
S01009688,57,67,0,0,232,51,5
S01009689,90,83,1,1,107,102,3
S01009690,105,88,0,2,74,47,6
S01009691,158,60,11,2,5,25,4
S01009692,277,134,1,2,38,41,4
S01009693,134,99,0,0,4,13,3
S01009694,298,95,5,6,13,26,7
S01009695,129,67,0,1,17,26,3
S01009696,239,107,0,0,27,45,10
S01009697,166,103,2,1,38,35,4
S01009698,151,64,1,1,0,56,11
S01009699,137,26,0,2,27,23,7
S01009700,123,74,0,0,45,63,5
S01009701,144,31,0,0,59,25,5
S01009702,111,61,0,1,42,43,9
S01009703,120,63,0,0,72,34,5
S01009704,249,75,3,1,50,36,12
S01009705,133,69,2,4,119,45,7
S01009706,134,73,0,0,34,51,6
S01009707,106,51,5,0,11,45,3
S01009708,213,110,1,3,112,35,4
S01009709,221,97,1,1,65,46,5
S01009710,73,66,0,0,28,17,2
S01009711,109,70,0,2,98,58,10
S01009712,127,84,0,2,54,35,4
S01009713,225,72,3,0,64,54,16
S01009714,254,93,4,1,78,40,7
S01009715,167,52,2,0,27,100,10
S01009716,173,57,1,0,19,56,3
S01009717,74,22,0,0,108,83,5
S01009718,85,42,4,2,96,106,6
S01009719,90,55,1,2,87,72,7
S01009720,95,39,5,1,112,113,2
S01009721,14,7,1,0,6,162,1
S01009722,182,38,22,4,83,218,11
S01009723,49,16,4,0,50,160,6
S01009724,72,31,2,2,138,206,12
S01009725,55,16,2,0,15,104,0
S01009726,55,13,0,0,13,144,7
S01009727,113,55,4,0,36,48,6
S01009728,191,104,0,0,4,35,3
S01009729,187,56,1,1,3,26,2
S01009730,101,39,7,4,24,50,1
S01009731,166,55,2,1,2,25,4
S01009732,124,32,2,2,25,150,4
S01009733,113,46,1,1,6,23,2
S01009734,195,112,1,0,20,48,8
S01009735,215,64,0,0,2,23,3
S01009736,128,26,1,0,29,134,5
S01009737,79,51,1,0,122,106,0
S01009738,76,60,0,2,25,93,0
S01009739,50,75,1,0,35,162,5
S01009740,72,54,0,0,77,38,1
S01009741,18,11,0,0,32,103,2
S01009742,111,33,0,0,9,52,11
S01009743,222,119,9,0,23,49,3
S01009744,190,82,1,0,5,25,2
S01009745,247,223,2,2,52,37,10
S01009746,118,52,1,2,3,64,11
S01009747,141,83,3,1,47,78,9
S01009748,159,110,0,0,79,22,1
S01009749,207,117,0,1,60,47,5
S01009750,123,100,1,3,69,34,0
S01009751,119,84,0,0,107,48,0
S01009752,154,89,0,2,4,20,2
S01009753,155,76,3,0,39,25,3
S01009754,183,129,4,3,65,46,5
S01009755,128,94,0,2,12,21,0
S01009756,153,100,1,0,25,19,1
S01009757,146,129,0,4,29,14,2
S01009758,107,118,0,0,9,28,2
S01009759,17,21,0,0,388,26,9
S01009760,75,58,2,0,278,30,5
S01009761,150,119,1,2,24,34,6
S01009762,25,34,1,1,350,15,10
S01009763,99,122,0,0,12,18,2
S01009764,43,82,0,1,141,23,3
S01009765,84,149,1,1,104,30,4
S01009766,79,82,1,1,5,12,1
S01009767,96,492,6,24,141,34,5
S01009768,35,131,0,4,152,18,2
S01009769,87,246,2,3,5,40,5
S01009770,115,96,6,0,7,32,4
S01009771,107,139,5,1,0,24,2
S01009772,98,127,0,2,1,21,1
S01009773,24,142,0,1,5,6,0
S01009774,30,115,0,0,3,4,2
S01009775,105,407,1,34,205,35,11
S01009776,30,14,0,1,253,7,3
S01009777,31,31,1,0,86,64,2
S01009778,55,59,0,3,268,10,10
S01009779,39,19,0,1,225,6,4
S01009780,23,44,0,0,155,11,1
S01009781,34,34,0,0,159,10,2
S01009782,44,128,0,7,101,19,0
S01009783,42,59,0,0,170,13,0
S01009784,23,46,0,16,312,21,5
S01009785,52,66,2,18,223,14,1
S01009786,64,70,0,2,273,21,9
S01009787,83,52,0,0,240,19,4
S01009788,158,123,0,1,83,18,6
S01009789,137,90,0,2,117,24,6
S01009790,92,78,0,2,63,14,5
S01009791,65,62,0,0,186,19,6
S01009792,94,202,0,1,8,19,2
S01009793,204,376,0,1,41,28,7
S01009794,81,114,0,1,13,12,6
S01009795,125,149,0,1,2,8,0
S01009796,184,114,0,0,2,6,8
S01009797,142,145,0,0,14,28,5
S01009798,122,125,0,0,2,8,0
S01009799,57,58,0,0,236,28,4
S01009800,95,129,0,1,177,27,2
S01009801,90,94,0,1,154,19,2
S01009802,76,133,0,2,176,18,7
S01009803,71,67,0,1,173,18,3
S01009804,31,108,1,0,22,24,1
S01009805,92,105,0,3,130,24,4
S01009806,132,83,0,1,147,48,4
S01009807,116,114,2,0,69,47,8
S01009808,82,54,0,0,91,30,5
S01009809,97,78,0,0,71,65,9
S01009810,64,50,1,0,199,21,8
S01009811,148,122,1,3,182,30,12
S01009812,111,106,1,2,102,34,6
S01009813,25,19,2,1,281,20,16
S01009814,132,117,0,0,79,25,5
S01009815,102,99,2,4,66,50,4
S01009816,131,116,0,4,14,42,3
S01009817,107,94,1,0,115,27,2
S01009818,264,117,0,2,48,21,5
S01009819,115,70,0,0,30,28,2
S01009820,166,138,0,0,93,33,9
S01009821,125,95,0,1,25,33,5
S01009822,38,97,0,3,36,15,3
S01009823,93,81,0,2,84,37,4
S01009824,91,146,0,3,98,23,10
S01009825,110,110,0,3,190,18,4
S01009826,60,57,0,0,87,21,3
S01009827,101,102,0,1,132,30,4
S01009828,65,47,0,1,169,21,5
S01009829,100,125,0,1,182,97,14
S01009830,103,109,0,1,38,59,7
S01009831,123,86,0,1,9,49,4
S01009832,180,139,0,4,62,77,9
S01009833,91,81,0,0,26,41,3
S01009834,55,109,0,0,182,36,3
S01009835,31,38,0,0,158,26,8
S01009836,155,128,0,1,100,36,0
S01009837,69,76,1,0,182,35,6
S01009838,85,68,0,0,260,75,7
S01009839,36,39,0,0,370,79,6
S01009840,121,102,23,7,167,28,5
S01009841,23,8,2,2,333,47,11
S01009842,26,30,0,0,243,21,9
S01009843,25,52,0,7,323,42,7
S01009844,11,36,0,5,393,27,27
S01009845,7,14,2,0,328,58,18
S01009846,73,94,4,8,357,61,7
S01009847,11,28,2,7,300,42,7
S01009848,128,87,1,0,182,23,9
S01009849,109,101,1,4,135,93,7
S01009850,135,148,0,0,124,71,6
S01009851,132,118,0,2,177,63,13
S01009852,91,90,1,0,44,12,8
S01009853,133,136,0,1,95,30,2
S01009854,68,123,0,1,175,33,8
S01009855,97,97,0,0,44,9,5
S01009856,125,99,0,0,53,21,3
S01009857,126,144,0,0,74,24,7
S01009858,121,117,1,0,68,19,8
S01009859,74,52,4,6,418,83,13
S01009860,65,61,14,6,354,60,9
S01009861,46,53,0,3,322,63,29
S01009862,74,85,0,0,289,206,11
S01009863,78,73,0,3,163,187,17
S01009864,64,73,1,3,183,138,8
S01009865,72,72,0,0,134,172,2
S01009866,131,113,0,0,77,139,10
S01009867,115,182,0,2,161,194,12
S01009868,52,80,0,1,16,147,5
S01009869,53,69,1,2,81,140,8
S01009870,63,61,0,0,85,90,8
S01009871,130,99,3,2,261,83,15
S01009872,91,124,0,0,23,160,10
S01009873,110,85,0,0,114,77,5
S01009874,148,112,0,0,194,25,8
S01009875,23,77,3,9,119,106,6
S01009876,8,14,0,7,59,7,2
S01009877,184,130,0,0,9,42,4
S01009878,60,78,0,0,59,66,9
S01009879,168,127,0,2,13,22,0
S01009880,111,96,0,2,6,47,7
S01009881,27,53,0,2,145,88,0
S01009882,67,236,1,7,71,251,9
S01009883,59,112,0,1,12,73,9
S01009884,75,172,1,0,41,84,3
S01009885,89,104,0,0,8,34,2
S01009886,85,88,1,0,63,28,4
S01009887,43,46,0,0,289,112,0
S01009888,42,43,0,0,69,81,4
S01009889,61,101,2,0,87,107,10
S01009890,12,11,0,0,160,41,11
S01009891,55,79,0,0,87,124,0
S01009892,32,52,0,0,298,91,2
S01009893,69,82,2,0,108,133,12
S01009894,50,47,0,0,275,74,11
S01009895,44,46,0,2,308,78,6
S01009896,39,71,0,0,285,73,3
S01009897,116,155,2,2,109,116,4
S01009898,52,48,0,0,112,51,1
S01009899,72,204,1,1,43,136,2
S01009900,84,208,0,0,6,99,9
S01009901,90,236,1,2,13,135,8
S01009902,150,127,1,1,143,74,7
S01009903,103,149,0,1,7,74,4
S01009904,83,179,0,4,86,131,3
S01009905,68,109,6,0,61,133,3
S01009906,59,89,0,2,25,85,0
S01009907,71,127,2,1,120,288,2
S01009908,141,193,1,4,65,114,5
S01009909,96,214,3,0,23,179,8
S01009910,57,74,2,1,9,90,3
S01009911,160,152,0,3,5,57,5
S01009912,171,122,0,0,30,20,10
S01009913,156,127,0,0,7,17,4
S01009914,254,137,0,0,5,26,6
S01009915,169,168,0,0,4,32,7
S01009916,167,110,0,0,4,17,3
S01009917,138,122,0,0,5,55,5
S01009918,145,114,0,0,13,13,3
S01009919,141,177,1,0,73,237,4
S01009920,94,225,4,0,14,189,6
S01009921,78,172,0,3,9,184,5
S01009922,153,219,2,2,15,205,5
S01009923,155,191,2,1,17,190,6
S01009924,110,190,2,0,59,208,11
S01009925,68,164,0,0,4,207,3
S01009926,73,139,0,2,27,90,6
S01009927,77,93,0,1,68,63,1
S01009928,236,215,1,0,5,71,8
S01009929,112,113,0,3,1,37,2
S01009930,93,189,1,0,30,136,5
S01009931,110,171,0,1,4,127,6
S01009932,75,151,0,4,48,135,7
S01009933,34,79,3,8,253,102,12
S01009934,119,189,2,4,48,93,2
S01009935,81,153,0,11,326,63,6
S01009936,38,62,0,2,184,64,3
S01009937,11,32,0,2,140,32,1
S01009938,95,99,12,4,228,64,10
S01009939,10,5,1,0,264,12,8
S01009940,74,42,0,0,273,29,8
S01009941,99,155,11,1,18,35,3
S01009942,90,78,0,0,278,33,5
S01009943,66,45,1,2,283,32,8
S01009944,79,83,1,0,51,45,2
S01009945,82,141,4,3,164,88,13
S01009946,124,100,0,0,72,54,3
S01009947,114,56,1,1,77,33,6
S01009948,64,76,1,1,254,24,7
S01009949,124,118,0,1,88,44,9
S01009950,149,97,0,0,6,4,0
S01009951,133,106,0,2,7,7,3
S01009952,167,113,0,1,9,16,0
S01009953,182,123,0,0,21,26,5
S01009954,106,111,2,0,14,12,4
S01009955,168,188,2,2,99,81,8
S01009956,94,124,2,0,37,60,4
S01009957,146,126,0,1,2,13,4
S01009958,155,186,0,0,4,20,2
S01009959,160,107,0,0,3,14,3
S01009960,213,108,0,0,6,14,4
S01009961,124,102,1,1,36,25,1
S01009962,190,186,0,1,78,138,7
S01009963,160,113,0,2,12,16,3
S01009964,169,197,1,5,12,38,3
S01009965,160,151,0,0,24,15,0
S01009966,145,107,0,1,4,8,2
S01009967,206,144,0,0,13,29,0
S01009968,110,94,0,0,4,16,3
S01009969,170,118,0,4,21,25,5
S01009970,43,34,0,0,327,25,9
S01009971,59,90,0,0,304,18,6
S01009972,127,151,0,1,79,15,4
S01009973,56,92,0,0,119,7,2
S01009974,5,15,2,0,255,12,3
S01009975,23,35,0,2,350,18,7
S01009976,30,28,0,0,151,25,3
S01009977,31,18,0,2,394,10,5
S01009978,44,64,0,0,347,17,0
S01009979,30,90,1,7,218,1,1
S01009980,31,36,0,1,283,13,3
S01009981,20,31,2,0,257,10,6
S01009982,42,122,0,0,237,15,5
S01009983,8,7,1,0,251,3,0
S01009984,53,88,1,4,130,22,5
S01009985,5,7,0,0,213,12,0
S01009986,15,15,0,0,180,14,3
S01009987,58,65,3,0,340,22,7
S01009988,36,19,0,1,214,23,4
S01009989,127,109,0,1,67,61,7
S01009990,105,120,1,0,36,49,5
S01009991,102,105,0,2,13,66,14
S01009992,50,37,1,0,243,23,3
S01009993,132,110,0,4,3,77,5
S01009994,103,147,0,4,9,47,7
S01009995,82,98,0,4,5,44,1
S01009996,75,89,2,1,24,60,11
S01009997,86,118,0,0,3,54,9
S01009998,126,81,0,1,5,17,3
S01009999,132,107,1,0,6,21,1
S01010000,83,93,1,1,3,49,4
S01010001,88,121,1,2,31,64,3
S01010002,135,112,1,1,9,57,8
S01010003,137,109,0,0,3,15,5
S01010004,127,107,1,1,2,5,2
S01010005,116,275,2,8,98,169,6
S01010006,149,231,1,2,167,218,6
S01010007,171,172,2,2,5,65,2
S01010008,83,149,0,1,90,124,6
S01010009,48,109,3,2,94,173,8
S01010010,182,189,2,12,33,41,5
S01010011,71,124,1,2,180,118,6
S01010012,168,143,0,1,8,30,5
S01010013,88,166,0,2,50,180,6
S01010014,139,201,0,1,86,81,9
S01010015,81,171,0,0,24,97,2
S01010016,114,90,0,0,111,32,0
S01010017,47,46,0,0,157,31,9
S01010018,111,166,0,1,287,81,13
S01010019,30,45,0,4,330,16,6
S01010020,101,88,0,3,125,21,2
S01010021,29,131,0,11,72,7,6
S01010022,118,571,0,60,268,185,19
S01010023,41,19,1,0,263,18,7
S01010024,33,44,10,10,280,74,6
S01010025,25,22,1,0,218,40,6
S01010026,45,102,0,2,311,40,2
S01010027,64,121,1,2,191,90,5
S01010028,25,55,2,0,238,48,4
S01010029,62,56,0,0,191,30,2
S01010030,87,137,0,0,81,100,2
S01010031,63,118,4,2,16,204,11
S01010032,34,84,1,0,16,157,6
S01010033,50,94,0,0,497,210,17
S01010034,110,136,1,14,454,112,7
S01010035,22,40,1,1,39,48,0
S01010036,26,34,0,0,37,319,1
S01010037,48,33,6,1,264,33,8
S01010038,89,71,5,2,271,117,9
S01010039,64,102,8,4,77,306,8
S01010040,85,113,4,3,134,140,5
S01010041,60,78,9,2,167,169,5
S01010042,39,151,5,3,149,204,6
S01010043,62,82,5,0,191,120,10
S01010044,83,96,3,3,225,198,12
S01010045,26,21,0,0,194,18,3
S01010046,93,140,4,29,324,62,4
S01010047,35,26,9,4,344,18,19
S01010048,89,236,5,14,559,59,9
S01010049,18,11,1,2,330,28,4
S01010050,35,68,0,6,573,30,9
S01010051,44,28,5,2,405,50,14
S01010052,45,154,10,11,270,139,13
S01010053,32,51,3,4,187,106,6
S01010054,17,11,3,5,277,15,1
S01010055,59,58,35,7,283,73,7
S01010056,16,6,3,0,232,21,4
S01010057,36,33,0,2,146,56,6
S01010058,39,61,10,3,183,46,4
S01010059,61,73,2,0,113,114,7
S01010060,73,47,2,0,300,47,8
S01010061,64,86,0,2,44,39,11
S01010062,73,72,1,0,219,45,5
S01010063,40,48,1,1,370,81,16
S01010064,60,51,1,2,89,23,10
S01010065,76,63,1,0,193,32,6
S01010066,51,50,0,1,211,25,0
S01010067,6,20,6,5,232,22,10
S01010068,46,271,1,23,263,158,6
S01010069,142,143,0,5,23,20,7
S01010070,128,88,0,1,4,8,3
S01010071,118,111,1,1,84,28,4
S01010072,140,114,1,0,66,27,5
S01010073,178,119,0,1,24,11,1
S01010074,168,96,0,2,13,19,2
S01010075,105,91,0,2,67,16,6
S01010076,95,83,2,1,68,15,0
S01010077,65,78,0,2,120,13,3
S01010078,122,84,0,0,12,7,0
S01010079,194,116,0,0,27,15,4
S01010080,188,92,0,0,3,8,2
S01010081,176,87,1,2,6,14,3
S01010082,161,156,0,4,10,54,11
S01010083,85,91,0,0,89,26,4
S01010084,130,119,0,3,118,32,4
S01010085,165,108,0,1,8,9,5
S01010086,113,93,0,0,149,26,4
S01010087,160,67,0,2,4,7,2
S01010088,142,1029,1,64,28,53,4
S01010089,77,74,0,0,71,65,10
S01010090,152,151,0,5,30,27,12
S01010091,77,192,0,1,86,18,3
S01010092,122,96,1,2,136,27,5
S01010093,139,131,0,2,33,41,5
S01010094,135,88,0,2,36,12,3
S01010095,157,92,0,2,2,10,3
S01010096,135,124,0,1,3,12,1
S01010097,157,105,0,1,7,21,3
S01010098,149,114,0,1,3,1,1
S01010099,153,108,0,3,4,8,1
S01010100,179,136,0,0,18,13,4
S01010101,177,95,0,0,16,12,7
S01010102,117,117,0,2,8,14,0
S01010103,165,235,0,2,9,17,1
S01010104,125,193,0,0,10,24,3
S01010105,24,6,3,2,120,26,5
S01010106,44,28,0,0,19,5,3
S01010107,50,58,2,2,137,66,17
S01010108,91,96,0,0,117,33,5
S01010109,83,180,0,3,102,73,8
S01010110,47,29,1,1,321,19,19
S01010111,16,13,8,1,306,14,5
S01010112,16,22,4,4,441,8,0
S01010113,41,21,0,0,212,24,3
S01010114,26,14,1,0,301,13,8
S01010115,71,62,0,6,5,16,0
S01010116,102,335,1,19,49,52,6
S01010117,102,323,0,14,139,36,3
S01010118,14,15,0,1,260,9,6
S01010119,6,25,2,0,170,4,2
S01010120,27,33,0,1,411,8,10
S01010121,11,9,0,0,226,8,3
S01010122,12,7,0,0,191,9,1
S01010123,24,31,0,0,244,27,9
S01010124,78,96,0,2,52,51,3
S01010125,21,50,0,1,90,8,5
S01010126,79,107,9,4,102,13,3
S01010127,57,49,0,2,162,7,3
S01010128,4,6,2,0,200,6,7
S01010129,23,17,0,0,290,40,8
S01010130,30,149,0,27,154,13,2
S01010131,192,98,4,0,7,16,2
S01010132,88,69,5,2,250,37,10
S01010133,59,57,0,4,211,35,7
S01010134,139,103,2,1,233,81,12
S01010135,89,80,0,1,149,19,11
S01010136,127,114,0,4,79,47,3
S01010137,120,135,0,0,184,93,11
S01010138,80,28,0,1,421,18,18
S01010139,130,85,0,1,221,56,12
S01010140,86,121,0,4,43,146,13
S01010141,25,32,1,0,384,46,16
S01010142,64,51,5,0,215,28,9
S01010143,114,93,0,0,137,29,7
S01010144,54,49,0,0,152,85,7
S01010145,92,89,4,1,130,67,10
S01010146,49,38,2,0,237,41,4
S01010147,28,28,7,1,363,53,8
S01010148,52,214,1,26,209,34,9
S01010149,35,211,0,21,155,47,7
S01010150,73,32,0,1,249,33,12
S01010151,86,48,0,1,225,9,4
S01010152,140,97,0,0,76,55,5
S01010153,121,95,0,1,203,48,6
S01010154,141,73,0,2,195,37,9
S01010155,147,78,0,1,166,35,5
S01010156,65,40,0,1,125,16,2
S01010157,46,18,2,0,186,14,4
S01010158,122,106,1,0,133,51,7
S01010159,120,57,0,2,137,20,7
S01010160,5,6,0,0,241,4,12
S01010161,37,79,0,2,142,9,0
S01010162,17,19,1,0,281,13,3
S01010163,42,43,4,11,196,23,8
S01010164,68,80,0,3,129,11,1
S01010165,56,14,0,0,247,8,5
S01010166,81,201,1,18,150,19,6
S01010167,98,56,0,4,234,27,12
S01010168,36,63,0,0,103,28,1
S01010169,45,74,0,2,168,23,8
S01010170,37,46,0,0,139,16,3
S01010171,32,87,0,7,340,13,7
S01010172,99,101,0,1,216,67,10
S01010173,115,99,0,0,74,19,6
S01010174,82,75,0,1,60,18,6
S01010175,52,75,0,3,80,28,6
S01010176,121,90,0,1,113,37,2
S01010177,24,48,0,0,211,14,1
S01010178,19,20,1,2,314,9,3
S01010179,55,58,0,0,238,24,9
S01010180,38,128,0,8,87,34,2
S01010181,49,40,0,0,137,9,3
S01010182,145,99,0,2,17,25,8
S01010183,59,40,0,0,109,12,3
S01010184,67,41,0,1,146,20,9
S01010185,58,47,0,2,212,18,0
S01010186,110,109,0,0,4,12,5
S01010187,122,132,0,1,1,29,1
S01010188,183,482,1,8,11,36,8
S01010189,111,208,1,1,5,11,3
S01010190,70,183,0,0,3,8,6
S01010191,89,151,0,0,4,12,1
S01010192,97,166,0,0,4,21,1
S01010193,106,173,1,1,3,15,2
S01010194,96,87,0,2,71,6,0
S01010195,72,77,0,0,47,17,1
S01010196,77,29,1,3,151,8,6
S01010197,57,30,5,13,136,16,5
S01010198,125,77,0,2,131,23,9
S01010199,43,35,0,1,173,4,1
S01010200,85,88,0,1,106,8,7
S01010201,94,107,1,3,37,1,3
S01010202,11,8,0,0,348,4,9
S01010203,81,136,3,0,27,31,3
S01010204,49,36,0,0,230,23,3
S01010205,49,49,1,2,143,38,5
S01010206,0,0,0,0,0,0,0
S01010207,15,9,0,0,84,5,4
S01010208,78,101,10,3,183,153,14
S01010209,73,101,0,3,266,50,15
S01010210,141,133,0,1,99,32,3
S01010211,63,51,0,0,222,27,9
S01010212,75,56,4,2,460,69,18
S01010213,116,93,0,3,183,59,2
S01010214,190,135,2,0,28,31,6
S01010215,33,24,0,0,414,28,9
S01010216,19,19,0,0,236,33,11
S01010217,20,24,0,1,164,45,13
S01010218,85,75,0,4,272,100,17
S01010219,7,5,0,0,52,8,4
S01010220,36,98,1,5,25,103,5
S01010221,24,37,0,1,280,30,3
S01010222,41,32,0,0,233,73,4
S01010223,52,35,3,3,163,49,8
S01010224,32,29,1,0,420,28,7
S01010225,61,61,10,3,237,57,11
S01010226,0,0,0,0,0,0,0
S01010227,0,0,0,0,0,0,0
S01010228,60,100,0,5,349,39,11
S01010229,73,99,0,8,367,32,7
S01010230,28,13,0,2,563,30,15
S01010231,15,7,0,0,448,18,4
S01010232,41,29,0,0,204,46,6
S01010233,31,10,0,0,295,19,4
S01010234,120,150,4,2,87,205,6
S01010235,49,111,1,5,7,213,14
S01010236,99,112,0,0,20,135,10
S01010237,78,115,0,1,38,111,5
S01010238,80,108,1,0,60,147,5
S01010239,68,61,0,3,192,96,2
S01010240,68,93,2,2,125,100,6
S01010241,117,137,1,1,163,193,9
S01010242,25,51,0,1,193,115,8
S01010243,39,46,0,1,270,213,14
S01010244,43,31,3,3,198,64,5
S01010245,14,9,1,0,340,26,13
S01010246,16,21,2,1,304,71,8
S01010247,138,89,0,2,150,20,9
S01010248,95,184,3,4,13,150,3
S01010249,72,130,3,2,37,153,4
S01010250,79,136,0,1,6,157,4
S01010251,38,95,3,1,9,165,0
S01010252,62,102,0,2,30,91,2
S01010253,34,49,2,0,195,66,10
S01010254,48,65,26,6,287,91,7
S01010255,18,30,1,2,342,67,4
S01010256,25,34,2,1,403,73,3
S01010257,38,58,0,0,136,288,5
S01010258,85,60,4,0,24,235,6
S01010259,63,21,3,1,309,92,12
S01010260,131,97,1,0,227,288,17
S01010261,64,22,4,0,230,175,12
S01010262,58,23,3,1,299,129,6
S01010263,48,66,2,0,43,266,8
S01010264,67,84,2,0,160,270,10
S01010265,85,84,2,0,28,292,11
S01010266,56,62,1,3,33,125,8
S01010267,24,16,2,0,14,218,10
S01010268,78,72,4,0,78,181,15
S01010269,36,42,5,0,60,140,10
S01010270,98,59,3,0,454,190,31
S01010271,43,55,2,2,57,195,11
S01010272,47,39,3,0,435,188,17
S01010273,40,73,0,0,34,282,8
S01010274,79,79,0,1,16,192,13
S01010275,53,60,0,2,19,247,1
S01010276,112,170,2,0,40,253,8
S01010277,12,28,2,10,307,47,2
S01010278,22,17,0,1,254,66,4
S01010279,34,33,2,4,144,91,3
S01010280,61,93,2,0,83,242,4
S01010281,60,70,3,1,65,278,3
S01010282,63,79,3,0,235,204,10
S01010283,65,122,2,7,166,173,3
S01010284,81,141,2,0,103,352,10
S01010285,57,85,2,0,131,156,8
S01010286,79,101,5,2,47,216,9
S01010287,53,63,2,0,32,167,0
S01010288,98,124,2,0,44,162,4
S01010289,134,156,2,0,17,148,10
S01010290,74,92,0,1,75,137,11
S01010291,82,75,3,1,103,241,9
S01010292,75,113,6,0,10,185,6
S01010293,39,62,5,0,74,168,3
S01010294,55,65,2,0,17,125,2
S01010295,79,86,6,0,22,230,7
S01010296,35,49,4,0,98,85,6
S01010297,83,70,0,0,306,160,10
S01010298,51,67,2,0,233,137,10
S01010299,24,36,3,1,189,62,9
S01010300,53,62,2,0,204,164,9
S01010301,26,38,5,3,37,111,6
S01010302,30,20,1,0,285,35,7
S01010303,7,19,0,0,208,34,2
S01010304,35,43,6,4,255,73,5
S01010305,94,78,0,0,250,115,7
S01010306,72,78,3,3,71,149,11
S01010307,110,144,1,1,32,138,10
S01010308,138,114,7,1,62,182,19
S01010309,32,22,0,0,62,18,9
S01010310,32,31,3,0,186,56,16
S01010311,50,30,2,0,173,58,12
S01010312,6,4,0,0,388,27,1
S01010313,21,5,0,0,254,19,8
S01010314,53,78,7,19,426,101,7
S01010315,71,105,2,1,124,80,6
S01010316,17,25,2,2,220,51,7
S01010317,101,142,2,7,98,217,10
S01010318,38,53,0,10,328,125,4
S01010319,69,108,0,0,67,147,8
S01010320,50,118,2,7,199,133,8
S01010321,62,82,1,0,145,155,6
S01010322,144,161,1,0,21,151,0
S01010323,4,9,1,0,288,10,6
S01010324,96,38,0,0,220,26,5
S01010325,147,70,2,3,237,34,6
S01010326,51,85,0,9,367,61,5
S01010327,39,114,5,0,166,41,1
S01010328,150,115,3,0,180,38,10
S01010329,89,54,0,1,126,52,10
S01010330,43,32,1,0,169,20,4
S01010331,107,88,0,0,243,50,10
S01010332,60,66,0,0,164,16,9
S01010333,106,103,0,3,261,50,10
S01010334,100,141,0,7,179,64,6
S01010335,77,72,0,3,178,37,6
S01010336,27,11,0,0,262,8,12
S01010337,67,64,0,0,183,22,5
S01010338,42,39,0,0,144,18,2
S01010339,91,65,0,1,58,19,5
S01010340,55,41,1,1,225,25,10
S01010341,87,102,0,4,51,19,1
S01010342,134,101,0,2,9,31,4
S01010343,151,175,0,3,4,17,1
S01010344,43,25,2,0,304,14,11
S01010345,72,176,0,0,10,16,3
S01010346,184,146,1,2,56,38,5
S01010347,107,82,1,3,235,54,6
S01010348,127,105,0,2,123,47,8
S01010349,110,79,0,0,167,33,10
S01010350,96,56,0,0,286,37,8
S01010351,81,127,0,1,126,50,2
S01010352,66,55,2,2,123,31,7
S01010353,15,23,1,0,449,30,31
S01010354,70,64,2,0,181,47,3
S01010355,59,63,1,3,245,46,8
S01010356,57,128,8,6,118,74,6
S01010357,33,25,0,0,170,30,5
S01010358,83,42,1,1,328,62,9
S01010359,47,21,0,1,389,42,10
S01010360,40,55,0,5,217,37,4
S01010361,12,19,0,0,368,22,6
S01010362,55,32,4,2,317,65,15
S01010363,129,152,1,1,34,88,6
S01010364,189,161,0,0,5,15,2
S01010365,230,129,0,1,3,75,6
S01010366,187,186,3,2,13,123,4
S01010367,245,164,1,0,22,102,6
S01010368,181,107,0,0,11,87,7
S01010369,86,96,2,0,89,104,4
S01010370,113,125,2,0,7,87,5
S01010371,173,169,0,0,11,184,13
S01010372,87,110,0,1,12,59,3
S01010373,120,134,2,2,36,129,8
S01010374,147,125,3,0,16,150,4
S01010375,53,59,0,0,4,131,5
S01010376,61,60,2,0,27,206,3
S01010377,61,60,2,0,43,211,8
S01010378,59,54,3,0,11,161,8
S01010379,107,88,6,0,73,221,9
S01010380,151,125,4,0,86,162,11
S01010381,50,44,2,1,18,204,11
S01010382,90,95,5,0,88,187,5
S01010383,32,26,1,0,198,119,5
S01010384,116,100,5,0,48,219,7
S01010385,61,79,2,0,153,200,10
S01010386,46,69,4,0,261,136,10
S01010387,83,93,1,1,157,234,6
S01010388,82,82,3,1,246,155,6
S01010389,121,193,0,3,31,337,13
S01010390,106,160,1,5,126,363,9
S01010391,74,135,1,4,105,199,6
S01010392,101,106,2,1,8,202,3
S01010393,124,160,2,0,72,284,10
S01010394,62,44,2,0,355,75,8
S01010395,91,151,2,3,127,242,9
S01010396,92,93,8,4,212,192,3
S01010397,124,90,2,0,40,118,1
S01010398,188,175,0,0,9,199,3
S01010399,173,195,5,0,3,260,7
S01010400,207,169,0,0,27,101,7
S01010401,116,90,3,0,66,139,5
S01010402,178,182,1,0,28,116,11
S01010403,243,176,3,0,8,105,3
S01010404,201,165,0,0,36,93,6
S01010405,172,160,3,0,9,143,5
S01010406,148,133,4,0,16,163,5
S01010407,104,101,5,0,6,220,13
S01010408,86,89,0,0,68,34,5
S01010409,98,85,0,0,4,3,4
S01010410,139,148,0,0,3,25,2
S01010411,206,162,1,0,6,10,7
S01010412,148,123,0,0,1,113,4
S01010413,251,111,0,3,3,31,3
S01010414,175,183,0,0,57,44,7
S01010415,133,126,0,0,264,93,8
S01010416,152,119,1,0,6,40,2
S01010417,116,103,1,1,3,50,7
S01010418,175,225,0,2,18,128,7
S01010419,234,177,3,0,9,74,4
S01010420,174,91,0,1,8,15,8
S01010421,157,140,1,0,20,22,0
S01010422,204,164,0,0,79,26,7
S01010423,42,61,0,0,316,65,0
S01010424,75,74,0,2,217,105,4
S01010425,62,71,0,1,367,101,7
S01010426,69,64,0,1,165,77,3
S01010427,75,63,0,1,259,30,8
S01010428,132,108,0,0,48,24,3
S01010429,172,196,0,0,22,21,5
S01010430,60,69,0,4,267,62,8
S01010431,128,113,0,0,2,8,0
S01010432,55,63,1,2,247,78,6
S01010433,7,11,3,0,198,10,3
S01010434,31,36,0,0,211,56,5
S01010435,80,85,1,0,97,25,0
S01010436,54,69,0,1,258,74,11
S01010437,58,68,0,2,106,27,5
S01010438,46,72,0,0,229,14,0
S01010439,54,88,0,0,253,82,13
S01010440,82,67,1,0,178,31,7
S01010441,63,150,1,3,171,158,3
S01010442,47,53,1,0,193,81,6
S01010443,95,75,0,1,52,18,1
S01010444,92,73,0,1,60,21,1
S01010445,88,102,0,1,108,26,4
S01010446,146,114,0,0,49,14,2
S01010447,87,99,0,1,279,33,3
S01010448,115,116,0,0,57,25,4
S01010449,120,100,2,0,95,41,5
S01010450,125,116,0,1,110,38,8
S01010451,84,78,1,0,253,23,6
S01010452,128,116,0,1,95,45,5
S01010453,50,53,0,0,212,13,10
S01010454,109,131,0,3,93,37,2
S01010455,41,47,0,0,381,36,10
S01010456,84,107,0,1,81,21,5
S01010457,84,72,0,0,47,7,1
S01010458,112,68,0,3,163,23,4
S01010459,87,77,0,0,45,18,5
S01010460,140,112,0,0,26,56,11
S01010461,88,89,0,1,151,22,0
S01010462,7,20,1,0,315,6,17
S01010463,138,130,0,0,71,26,4
S01010464,77,99,1,0,40,18,5
S01010465,161,189,4,4,14,68,4
S01010466,158,152,1,0,11,127,3
S01010467,224,114,0,4,18,98,5
S01010468,201,137,0,2,4,83,4
S01010469,80,92,2,0,105,131,3
S01010470,122,113,1,0,75,41,6
S01010471,87,101,1,0,100,39,6
S01010472,60,120,0,1,114,99,8
S01010473,151,112,1,1,61,136,5
S01010474,59,97,2,2,74,128,6
S01010475,122,160,2,9,32,108,2
S01010476,190,195,9,7,101,111,7
S01010477,131,126,0,4,62,32,10
S01010478,85,95,1,0,261,53,10
S01010479,138,141,0,0,181,44,13
S01010480,106,93,2,0,62,15,4
S01010481,44,55,1,0,141,19,5
S01010482,113,113,1,0,93,25,4
S01010483,158,171,2,2,159,53,3
S01010484,80,53,0,0,89,16,3
S01010485,147,145,1,0,70,19,6
S01010486,220,135,0,3,8,14,3
S01010487,159,175,0,0,85,20,2
S01010488,47,36,3,1,195,29,10
S01010489,84,124,0,4,201,27,10
S01010490,26,16,0,0,203,16,7
S01010491,31,21,0,0,318,17,6
S01010492,10,22,0,0,207,12,3
S01010493,2,2,0,1,277,7,1
S01010494,35,56,0,2,115,14,4
S01010495,14,21,5,1,356,13,6
S01010496,18,17,8,2,373,15,12
S01010497,11,33,4,1,171,7,0
S01010498,31,40,3,2,335,14,2
S01010499,8,7,2,0,375,20,6
S01010500,34,63,1,0,265,13,3
S01010501,62,143,5,7,241,31,4
S01010502,41,103,7,0,151,14,1
S01010503,29,27,0,0,226,14,2
S01010504,162,38,1,3,39,53,9
S01010505,140,39,1,1,32,30,12
S01010506,223,95,1,3,66,42,20
S01010507,116,78,3,1,82,52,14
S01010508,240,88,2,2,96,47,26
S01010509,202,122,4,0,46,50,11
S01010510,183,101,0,7,144,31,5
S01010511,81,68,10,4,181,14,7
S01010512,90,72,0,2,100,17,5
S01010513,158,113,0,0,22,21,5
S01010514,96,83,0,4,74,15,8
S01010515,118,96,1,0,112,17,8
S01010516,110,81,2,2,88,35,4
S01010517,122,74,7,3,118,42,3
S01010518,82,97,2,0,45,44,4
S01010519,81,78,1,2,126,14,6
S01010520,149,121,14,3,81,38,6
S01010521,114,89,0,4,160,36,4
S01010522,49,44,15,1,158,38,4
S01010523,57,39,0,1,217,20,4
S01010524,130,71,2,1,13,19,6
S01010525,147,72,0,2,37,19,11
S01010526,134,95,3,2,75,43,10
S01010527,163,99,0,7,174,46,8
S01010528,145,72,0,1,41,25,41
S01010529,174,99,1,0,50,13,7
S01010530,150,60,0,1,30,28,18
S01010531,265,126,1,3,66,60,9
S01010532,98,39,0,0,19,27,19
S01010533,127,70,0,1,44,27,8
S01010534,155,97,1,5,89,35,2
S01010535,152,52,0,1,28,48,16
S01010536,104,85,10,4,139,33,2
S01010537,129,73,0,0,63,41,5
S01010538,118,93,2,24,122,63,4
S01010539,185,102,5,2,75,74,14
S01010540,139,54,6,0,20,42,4
S01010541,217,100,1,2,56,40,13
S01010542,215,73,0,5,52,30,17
S01010543,116,67,0,1,12,34,4
S01010544,138,110,0,1,79,35,6
S01010545,170,90,0,3,49,54,3
S01010546,163,69,0,3,64,49,7
S01010547,176,82,0,1,17,45,27
S01010548,194,59,2,2,5,57,10
S01010549,297,295,0,14,71,54,6
S01010550,90,72,2,3,39,20,10
S01010551,162,92,0,4,26,47,3
S01010552,142,78,0,0,19,68,19
S01010553,119,59,0,3,7,73,16
S01010554,166,56,5,0,24,88,9
S01010555,147,108,0,3,61,108,5
S01010556,95,75,0,2,188,26,9
S01010557,109,59,2,4,70,25,6
S01010558,197,85,0,3,73,45,6
S01010559,196,69,0,0,65,33,0
S01010560,168,79,0,2,9,20,4
S01010561,185,75,0,5,10,18,2
S01010562,181,84,1,2,9,26,8
S01010563,62,59,0,5,68,10,1
S01010564,61,32,0,2,135,13,3
S01010565,119,70,0,3,75,12,9
S01010566,211,138,0,2,22,87,38
S01010567,220,142,0,1,17,54,5
S01010568,237,304,0,17,72,76,8
S01010569,136,139,0,11,58,83,13
S01010570,156,104,0,0,135,17,10
S01010571,157,126,0,6,22,68,2
S01010572,88,104,0,16,54,52,1
S01010573,61,86,0,10,49,11,0
S01010574,120,92,0,5,3,12,1
S01010575,198,75,1,0,14,10,4
S01010576,203,118,0,5,1,12,5
S01010577,77,78,0,10,145,17,3
S01010578,62,66,0,5,55,19,1
S01010579,167,118,0,6,2,25,3
S01010580,75,80,0,15,68,121,11
S01010581,65,82,0,9,10,61,5
S01010582,151,211,0,24,71,45,4
S01010583,225,149,3,5,5,45,4
S01010584,113,147,0,26,79,32,3
S01010585,63,182,0,11,29,36,2
S01010586,174,113,0,3,9,15,3
S01010587,169,90,0,1,12,17,3
S01010588,90,78,1,4,30,20,3
S01010589,53,66,12,8,90,33,2
S01010590,139,140,0,0,5,6,5
S01010591,78,309,4,51,69,72,3
S01010592,98,60,4,2,11,89,2
S01010593,214,340,3,43,119,87,12
S01010594,73,101,0,7,29,71,0
S01010595,67,132,2,8,32,59,1
S01010596,176,396,0,26,47,106,6
S01010597,60,153,0,12,70,65,1
S01010598,91,192,1,2,29,73,4
S01010599,173,397,0,27,107,74,6
S01010600,245,153,0,10,60,50,9
S01010601,169,89,4,5,11,17,6
S01010602,97,94,0,7,5,43,2
S01010603,195,112,2,5,6,47,1
S01010604,102,72,1,0,3,10,3
S01010605,245,143,0,16,47,19,6
S01010606,137,117,0,4,86,32,5
S01010607,163,112,2,3,19,21,2
S01010608,65,53,0,1,162,36,3
S01010609,78,68,2,6,84,20,0
S01010610,191,78,2,1,22,39,8
S01010611,138,120,1,21,113,89,4
S01010612,137,91,0,7,41,25,1
S01010613,112,52,1,2,123,35,3
S01010614,48,65,1,8,156,28,5
S01010615,104,127,0,5,41,96,7
S01010616,174,128,0,4,1,34,6
S01010617,192,125,1,3,6,30,4
S01010618,164,114,0,5,1,24,2
S01010619,72,53,3,11,127,88,3
S01010620,62,61,6,9,131,173,11
S01010621,151,114,5,0,42,107,7
S01010622,96,48,0,6,130,52,4
S01010623,48,36,1,2,70,125,2
S01010624,105,69,1,1,108,76,2
S01010625,193,86,0,3,3,27,4
S01010626,253,96,1,0,24,42,3
S01010627,141,77,0,6,45,115,5
S01010628,171,134,4,8,21,113,10
S01010629,228,105,0,2,82,57,7
S01010630,80,57,0,2,83,28,3
S01010631,120,47,0,3,57,88,8
S01010632,144,119,0,15,138,53,5
S01010633,125,92,3,18,252,29,9
S01010634,83,58,0,6,57,22,6
S01010635,86,75,0,8,136,26,6
S01010636,139,131,0,2,45,51,3
S01010637,56,52,1,4,147,92,7
S01010638,135,97,1,8,129,59,12
S01010639,134,87,4,14,308,123,6
S01010640,103,77,1,4,39,140,4
S01010641,38,42,1,15,361,50,8
S01010642,91,72,4,8,401,44,12
S01010643,28,33,0,1,228,10,4
S01010644,33,22,0,1,320,16,4
S01010645,102,71,3,3,5,55,3
S01010646,193,89,0,3,2,29,3
S01010647,149,92,1,8,1,47,2
S01010648,114,103,0,6,44,36,1
S01010649,162,68,0,2,9,34,4
S01010650,145,215,11,21,224,74,8
S01010651,82,76,4,8,76,16,2
S01010652,132,136,2,21,40,40,1
S01010653,151,69,0,5,10,36,4
S01010654,100,116,0,11,75,33,4
S01010655,219,111,2,5,16,67,10
S01010656,88,73,0,15,91,28,4
S01010657,171,75,0,3,6,14,5
S01010658,182,106,1,2,6,25,8
S01010659,161,79,0,0,1,60,8
S01010660,136,64,0,4,65,29,5
S01010661,134,86,0,4,77,54,12
S01010662,161,148,0,10,33,18,3
S01010663,216,116,0,7,12,33,7
S01010664,187,106,0,0,4,20,9
S01010665,259,122,0,1,26,61,23
S01010666,191,136,2,6,101,70,8
S01010667,153,79,2,1,12,37,9
S01010668,260,123,0,5,83,60,29
S01010669,153,57,1,0,24,31,13
S01010670,162,90,2,2,91,32,16
S01010671,185,68,4,4,49,31,7
S01010672,121,61,0,3,140,18,6
S01010673,224,108,0,2,98,29,16
S01010674,241,90,0,9,134,34,9
S01010675,232,66,1,1,28,30,3
S01010676,281,83,0,5,47,41,11
S01010677,173,64,0,0,16,15,5
S01010678,187,69,0,3,59,19,6
S01010679,124,47,4,1,82,39,1
S01010680,95,62,0,2,170,44,10
S01010681,103,85,9,44,188,25,10
S01010682,250,127,0,1,25,45,8
S01010683,258,111,2,1,46,30,18
S01010684,252,92,0,0,25,21,18
S01010685,207,64,0,0,35,13,10
S01010686,180,55,1,1,48,26,17
S01010687,238,79,1,4,72,27,17
S01010688,212,63,0,0,51,45,18
S01010689,228,70,2,2,45,40,13
S01010690,134,60,2,0,61,30,10
S01010691,230,70,2,0,11,44,17
S01010692,126,75,2,2,118,31,8
S01010693,152,40,0,0,18,18,13
S01010694,188,49,1,1,38,15,6
S01010695,169,75,0,0,5,42,10
S01010696,182,105,1,3,82,39,11
S01010697,246,118,0,1,29,62,11
S01010698,164,63,1,3,42,48,27
S01010699,110,77,0,2,11,43,8
S01010700,120,77,1,1,13,24,7
S01010701,190,114,0,8,85,42,7
S01010702,254,109,2,6,5,26,12
S01010703,198,91,2,6,6,55,3
S01010704,94,77,0,3,95,20,2
S01010705,223,220,0,22,107,44,12
S01010706,98,98,0,17,98,26,8
S01010707,212,151,4,25,74,53,11
S01010708,113,79,2,1,43,16,7
S01010709,155,94,1,2,37,18,3
S01010710,93,58,0,6,139,13,6
S01010711,199,99,0,0,37,11,4
S01010712,91,65,2,4,100,23,6
S01010713,100,87,0,2,67,27,3
S01010714,86,35,1,1,150,47,10
S01010715,118,110,0,12,94,31,8
S01010716,141,89,3,6,126,118,4
S01010717,166,83,0,4,25,16,5
S01010718,189,111,3,7,112,44,13
S01010719,139,75,2,0,37,29,9
S01010720,244,122,0,10,69,23,9
S01010721,168,74,2,3,18,33,8
S01010722,165,101,0,2,81,32,8
S01010723,192,94,2,3,42,50,3
S01010724,191,105,1,6,57,44,5
S01010725,203,173,0,10,36,52,15
S01010726,245,100,1,4,52,20,4
S01010727,156,85,0,5,10,21,8
S01010728,113,78,0,6,15,18,1
S01010729,189,61,0,1,8,21,3
S01010730,265,100,0,1,17,32,10
S01010731,171,100,0,0,86,52,9
S01010732,96,56,0,4,156,12,11
S01010733,54,44,0,3,130,11,3
S01010734,80,78,0,3,184,18,5
S01010735,29,33,0,2,218,7,2
S01010736,113,85,0,9,13,17,0
S01010737,181,131,0,19,249,67,17
S01010738,93,52,0,4,75,19,5
S01010739,119,105,3,14,125,35,8
S01010740,33,21,0,0,188,12,3
S01010741,147,140,0,15,58,28,5
S01010742,102,76,0,6,126,34,8
S01010743,64,50,2,0,142,11,2
S01010744,230,103,0,3,72,41,5
S01010745,121,49,0,0,109,46,13
S01010746,202,131,0,2,48,70,9
S01010747,125,77,0,3,139,23,5
S01010748,172,68,0,0,22,33,7
S01010749,157,63,1,0,9,42,5
S01010750,143,64,0,2,14,48,11
S01010751,121,44,0,4,163,29,6
S01010752,96,94,2,4,107,50,5
S01010753,155,107,1,5,205,25,6
S01010754,105,57,2,1,98,41,7
S01010755,85,64,1,2,65,34,5
S01010756,162,83,0,5,24,25,9
S01010757,213,58,1,2,36,31,23
S01010758,203,71,2,2,34,33,9
S01010759,106,56,2,1,90,36,11
S01010760,185,68,1,5,60,26,9
S01010761,124,47,1,2,4,35,10
S01010762,141,63,0,0,31,27,10
S01010763,159,59,2,1,80,24,5
S01010764,181,59,2,0,25,26,9
S01010765,267,83,1,4,87,42,21
S01010766,191,87,1,2,71,25,9
S01010767,169,59,0,0,104,13,10
S01010768,126,48,0,0,72,22,7
S01010769,166,44,0,0,7,27,9
S01010770,168,70,2,0,81,39,13
S01010771,212,71,1,0,90,42,21
S01010772,232,63,0,0,43,48,20
S01010773,220,83,1,1,31,17,7
S01010774,182,55,0,1,70,22,7
S01010775,174,134,2,1,15,17,13
S01010776,87,74,0,0,67,26,7
S01010777,75,37,0,0,102,31,6
S01010778,49,40,0,0,154,18,1
S01010779,107,61,1,0,152,22,5
S01010780,105,68,0,0,60,19,6
S01010781,154,95,1,0,50,40,6
S01010782,122,58,0,0,89,27,3
S01010783,91,52,1,0,98,22,7
S01010784,88,77,1,0,137,16,4
S01010785,160,79,0,2,42,7,9
S01010786,150,104,1,1,23,12,5
S01010787,213,92,0,0,59,24,8
S01010788,146,65,0,0,39,37,3
S01010789,139,87,0,0,56,14,5
S01010790,193,72,1,0,21,22,11
S01010791,266,101,0,2,18,25,10
S01010792,99,56,0,1,113,16,7
S01010793,159,77,0,0,17,17,7
S01010794,119,96,1,0,29,28,5
S01010795,215,133,0,0,66,46,20
S01010796,196,92,0,1,14,53,7
S01010797,185,100,1,0,17,23,8
S01010798,163,66,1,0,25,34,8
S01010799,157,62,0,2,126,60,13
S01010800,117,87,1,4,130,36,8
S01010801,125,78,1,3,106,17,8
S01010802,108,70,0,0,48,6,3
S01010803,84,53,0,0,105,32,3
S01010804,154,69,0,1,58,23,6
S01010805,180,109,1,0,70,53,1
S01010806,140,66,1,0,211,30,3
S01010807,82,55,1,2,72,21,2
S01010808,82,70,0,0,49,11,2
S01010809,171,86,0,0,25,17,3
S01010810,145,48,0,0,46,18,6
S01010811,260,58,0,0,51,31,25
S01010812,141,32,0,0,36,19,10
S01010813,105,43,1,0,63,17,11
S01010814,180,51,2,1,32,32,13
S01010815,90,31,1,0,38,19,16
S01010816,157,96,0,0,24,33,4
S01010817,212,132,1,1,5,23,3
S01010818,258,151,0,0,11,66,2
S01010819,171,117,2,0,30,53,10
S01010820,146,87,0,1,5,30,5
S01010821,151,68,0,0,3,15,4
S01010822,115,101,1,0,19,44,1
S01010823,28,56,17,0,22,3,0
S01010824,81,154,0,0,0,6,0
S01010825,78,225,0,2,2,15,2
S01010826,187,86,0,2,3,33,2
S01010827,127,80,0,0,0,10,0
S01010828,214,185,0,0,9,18,3
S01010829,266,135,1,1,14,47,6
S01010830,140,108,0,2,12,35,0
S01010831,63,130,0,0,4,4,1
S01010832,121,102,0,1,9,14,1
S01010833,207,124,0,0,4,13,2
S01010834,340,131,0,0,4,20,2
S01010835,142,75,0,1,5,6,2
S01010836,206,125,0,0,5,47,8
S01010837,137,141,1,2,25,14,2
S01010838,135,118,0,0,33,22,5
S01010839,152,120,0,0,35,27,2
S01010840,139,67,0,0,8,66,6
S01010841,182,118,0,2,13,82,2
S01010842,149,80,0,0,161,141,4
S01010843,130,92,6,0,94,118,1
S01010844,155,103,0,2,2,16,3
S01010845,117,79,0,0,18,12,2
S01010846,100,94,1,0,56,28,3
S01010847,119,116,0,0,3,13,0
S01010848,71,54,1,0,156,22,0
S01010849,105,91,0,0,148,21,4
S01010850,81,54,0,0,151,27,2
S01010851,109,84,0,0,177,35,1
S01010852,123,99,0,0,82,13,2
S01010853,152,126,0,4,84,28,4
S01010854,101,74,4,0,175,22,2
S01010855,66,51,0,2,66,27,1
S01010856,123,112,0,0,123,41,5
S01010857,105,112,10,1,82,18,4
S01010858,88,54,2,0,104,24,3
S01010859,106,76,14,0,145,17,2
S01010860,116,60,0,0,58,18,1
S01010861,79,64,2,2,122,50,2
S01010862,23,26,2,0,228,20,0
S01010863,139,121,1,1,20,14,4
S01010864,178,75,0,0,4,9,2
S01010865,285,101,2,1,2,28,4
S01010866,168,79,2,0,14,34,0
S01010867,158,81,0,0,26,24,5
S01010868,159,84,0,1,18,16,13
S01010869,155,113,0,1,2,6,2
S01010870,190,72,1,0,33,67,9
S01010871,165,142,1,0,8,64,6
S01010872,139,106,10,4,60,104,3
S01010873,50,37,0,1,178,72,1
S01010874,127,115,3,2,22,32,5
S01010875,84,82,0,0,45,64,2
S01010876,97,71,0,0,185,94,7
S01010877,135,88,0,0,124,72,2
S01010878,189,128,0,2,107,77,8
S01010879,180,126,6,3,51,25,2
S01010880,61,75,2,0,55,11,0
S01010881,134,91,1,0,26,12,4
S01010882,100,56,0,0,7,0,0
S01010883,140,92,0,0,35,10,4
S01010884,111,61,0,1,192,31,9
S01010885,122,83,1,1,234,107,7
S01010886,49,29,0,0,53,35,1
S01010887,96,68,1,0,243,39,0
S01010888,111,69,5,0,193,99,3
S01010889,46,28,1,0,139,40,4
S01010890,92,62,0,1,227,106,11
S01010891,42,18,0,0,149,101,2
S01010892,144,83,0,1,215,67,7
S01010893,51,41,0,0,167,42,2
S01010894,81,84,0,3,60,73,0
S01010895,54,34,0,0,71,18,2
S01010896,132,66,1,0,163,32,0
S01010897,62,47,0,0,237,17,4
S01010898,51,54,0,0,117,11,0
S01010899,87,81,0,0,22,14,3
S01010900,84,64,0,1,136,56,1
S01010901,38,27,0,2,175,6,3
S01010902,143,95,2,0,138,26,5
S01010903,74,57,6,1,277,34,6
S01010904,43,51,0,6,191,16,2
S01010905,95,154,8,7,236,46,5
S01010906,89,136,0,4,148,33,0
S01010907,69,179,0,2,7,8,1
S01010908,87,78,0,1,93,48,0
S01010909,144,103,0,0,4,22,3
S01010910,47,27,0,8,110,53,5
S01010911,89,51,0,0,159,67,6
S01010912,70,45,0,0,199,39,8
S01010913,127,112,0,0,34,51,5
S01010914,113,85,0,1,12,14,0
S01010915,122,95,0,1,18,20,3
S01010916,49,37,0,0,65,28,1
S01010917,120,86,0,1,37,17,1
S01010918,107,89,0,0,85,30,2
S01010919,119,81,0,4,93,15,2
S01010920,51,81,1,8,168,18,1
S01010921,81,71,0,0,91,10,3
S01010922,104,46,0,1,210,24,5
S01010923,126,105,0,4,118,33,1
S01010924,95,69,0,0,66,6,3
S01010925,106,79,0,0,107,20,2
S01010926,126,73,0,1,146,25,0
S01010927,89,69,0,0,73,19,3
S01010928,80,87,0,0,81,35,4
S01010929,62,74,0,0,90,23,1
S01010930,150,139,0,3,10,55,9
S01010931,96,207,0,12,25,87,8
S01010932,87,99,0,4,131,14,3
S01010933,134,272,3,1,49,31,2
S01010934,197,151,0,2,11,60,2
S01010935,153,83,0,4,54,24,4
S01010936,110,93,11,4,115,53,6
S01010937,147,103,0,4,60,16,3
S01010938,80,67,1,4,191,35,2
S01010939,95,62,0,2,27,14,2
S01010940,165,85,0,1,4,7,1
S01010941,187,113,0,3,10,7,1
S01010942,164,88,1,0,0,5,0
S01010943,63,78,4,1,81,28,1
S01010944,66,70,1,4,113,28,6
S01010945,67,58,0,8,88,18,1
S01010946,89,96,0,2,162,27,7
S01010947,73,66,0,1,72,20,0
S01010948,96,73,0,2,95,13,6
S01010949,196,128,1,5,4,7,2
S01010950,144,114,0,4,76,14,3
S01010951,94,124,0,6,43,15,1
S01010952,83,75,0,3,25,8,1
S01010953,86,75,0,4,41,14,1
S01010954,124,79,0,0,4,21,0
S01010955,166,381,1,12,43,138,2
S01010956,199,407,0,19,97,75,13
S01010957,132,80,0,1,10,7,0
S01010958,119,58,0,0,39,8,2
S01010959,92,102,0,5,54,49,6
S01010960,142,185,0,1,127,26,14
S01010961,77,83,1,3,88,11,4
S01010962,267,20,9,0,16,17,0
S01010963,150,139,2,0,54,28,4
S01010964,131,103,0,4,47,6,4
S01010965,52,43,0,6,94,20,1
S01010966,119,102,0,0,61,34,0
S01010967,70,98,0,8,103,24,2
S01010968,154,89,1,2,28,24,3
S01010969,152,88,0,3,79,16,7
S01010970,163,131,1,1,130,37,0
S01010971,162,161,0,6,43,30,1
S01010972,78,76,0,0,154,17,2
S01010973,93,63,0,4,29,9,3
S01010974,92,81,1,3,132,11,3
S01010975,40,44,0,1,93,10,2
S01010976,62,58,3,4,70,8,2
S01010977,99,104,2,0,64,24,5
S01010978,75,79,0,1,138,47,6
S01010979,87,103,0,4,111,35,5
S01010980,97,94,1,6,116,27,4
S01010981,125,81,0,3,93,41,3
S01010982,231,165,0,0,27,22,6
S01010983,156,105,0,3,66,34,10
S01010984,167,98,0,0,27,7,2
S01010985,75,86,0,2,51,30,1
S01010986,69,105,0,0,3,3,0
S01010987,112,97,2,0,2,5,1
S01010988,83,115,0,0,2,4,0
S01010989,79,266,2,10,4,41,1
S01010990,107,125,0,0,53,22,6
S01010991,252,884,0,37,105,43,11
S01010992,56,123,0,0,6,3,3
S01010993,115,88,0,2,27,16,2
S01010994,216,298,0,10,25,41,3
S01010995,191,81,0,0,4,9,1
S01010996,129,81,0,2,8,11,1
S01010997,184,88,1,0,1,9,0
S01010998,153,142,0,4,2,12,1
S01010999,204,140,2,2,50,62,9
S01011000,239,638,2,14,134,91,8
S01011001,91,80,0,0,86,14,3
S01011002,95,86,0,5,101,13,5
S01011003,84,92,0,1,77,18,2
S01011004,119,108,0,2,29,13,2
S01011005,92,90,1,4,113,49,4
S01011006,160,380,0,11,220,64,5
S01011007,59,82,0,3,118,10,4
S01011008,123,86,0,3,128,17,3
S01011009,51,48,0,2,93,4,4
S01011010,77,65,3,4,112,75,7
S01011011,57,70,0,3,234,60,7
S01011012,53,32,0,6,191,30,7
S01011013,119,94,1,5,126,28,3
S01011014,161,99,0,3,68,27,2
S01011015,66,47,0,1,65,11,1
S01011016,106,408,2,17,70,53,8
S01011017,193,190,1,6,138,62,12
S01011018,115,104,0,1,114,24,3
S01011019,137,240,1,9,65,70,15
S01011020,131,300,0,15,38,30,4
S01011021,105,113,0,2,108,22,4
S01011022,61,62,0,6,101,12,3
S01011023,122,100,1,1,106,25,8
S01011024,52,76,0,8,145,19,1
S01011025,50,64,0,6,141,12,2
S01011026,33,58,0,3,124,10,2
S01011027,62,68,1,6,254,34,6
S01011028,89,81,2,4,220,15,5
S01011029,85,74,0,4,84,14,5
S01011030,150,135,1,6,47,22,0
S01011031,89,117,0,11,167,29,2
S01011032,118,83,0,2,97,41,0
S01011033,105,89,0,2,59,19,3
S01011034,84,85,0,1,129,27,2
S01011035,65,55,1,2,107,21,1
S01011036,115,83,1,0,61,28,2
S01011037,94,194,0,21,209,44,6
S01011038,57,58,0,6,223,27,6
S01011039,108,243,0,11,162,69,6
S01011040,76,73,0,7,114,19,1
S01011041,45,62,1,1,108,10,2
S01011042,107,146,1,2,38,29,5
S01011043,88,98,1,8,124,13,0
S01011044,76,79,0,6,119,32,1
S01011045,124,60,0,3,42,46,30
S01011046,158,86,0,0,22,70,32
S01011047,220,99,0,0,33,42,18
S01011048,191,91,0,3,111,39,5
S01011049,160,67,0,0,70,16,6
S01011050,122,71,2,0,14,33,11
S01011051,229,100,0,1,84,51,16
S01011052,178,79,0,0,55,40,13
S01011053,109,63,0,1,87,21,6
S01011054,111,66,0,0,41,18,8
S01011055,93,58,0,1,17,49,10
S01011056,173,85,1,0,18,20,11
S01011057,126,79,0,2,19,12,7
S01011058,148,87,0,3,7,21,7
S01011059,141,67,0,0,16,32,11
S01011060,178,81,1,0,79,41,1
S01011061,145,84,0,2,157,40,7
S01011062,207,103,0,1,61,65,7
S01011063,164,95,0,2,190,35,13
S01011064,209,123,0,0,78,49,14
S01011065,176,57,0,0,40,31,8
S01011066,104,38,0,0,45,11,1
S01011067,111,51,0,0,61,9,4
S01011068,113,47,0,2,50,11,4
S01011069,110,50,0,1,47,9,8
S01011070,119,57,0,0,38,9,7
S01011071,184,81,0,2,33,14,15
S01011072,238,133,2,0,163,26,10
S01011073,139,98,0,1,25,24,6
S01011074,127,82,0,2,46,22,5
S01011075,93,59,0,1,122,11,8
S01011076,124,81,0,1,134,25,3
S01011077,83,41,0,0,225,13,3
S01011078,287,308,0,7,74,42,9
S01011079,206,164,2,3,32,78,11
S01011080,213,125,2,0,94,28,11
S01011081,129,109,0,2,82,22,3
S01011082,74,50,1,1,120,14,8
S01011083,172,91,0,1,71,16,8
S01011084,182,103,1,0,8,31,4
S01011085,227,96,0,1,31,25,11
S01011086,149,85,0,1,88,30,3
S01011087,104,81,0,1,55,16,2
S01011088,208,122,2,0,71,56,11
S01011089,113,43,0,1,133,18,8
S01011090,193,119,2,0,44,40,6
S01011091,138,82,2,0,5,47,8
S01011092,29,31,0,8,198,12,3
S01011093,277,659,4,27,148,128,9
S01011094,181,196,0,6,10,44,5
S01011095,176,125,0,0,6,37,10
S01011096,104,191,0,3,68,77,6
S01011097,156,95,0,3,17,35,5
S01011098,127,126,0,0,54,40,1
S01011099,106,50,0,4,197,9,3
S01011100,89,58,0,2,43,10,4
S01011101,56,52,0,0,99,25,2
S01011102,49,47,0,0,135,36,2
S01011103,59,42,0,1,90,38,8
S01011104,114,69,1,1,63,33,5
S01011105,165,79,0,5,112,104,8
S01011106,36,54,0,3,150,118,6
S01011107,39,146,0,0,173,72,1
S01011108,82,64,0,3,67,16,4
S01011109,168,76,0,0,41,51,0
S01011110,92,70,0,1,124,25,2
S01011111,108,87,0,2,158,29,1
S01011112,98,130,0,4,11,22,2
S01011113,177,109,1,0,89,39,8
S01011114,164,91,0,2,22,14,1
S01011115,102,110,0,2,118,33,4
S01011116,138,74,0,1,38,39,4
S01011117,167,91,2,0,12,87,7
S01011118,199,120,1,0,39,74,9
S01011119,221,105,1,0,36,48,11
S01011120,195,77,2,1,7,9,2
S01011121,67,52,0,1,112,125,7
S01011122,117,75,0,1,57,43,3
S01011123,197,154,0,2,103,68,4
S01011124,93,104,2,1,50,27,2
S01011125,39,31,4,0,116,23,0
S01011126,46,32,0,0,53,45,4
S01011127,4,5,0,0,5,119,5
S01011128,119,71,2,2,104,67,9
S01011129,161,74,1,0,13,84,4
S01011130,96,66,1,0,87,40,2
S01011131,123,109,1,0,16,53,6
S01011132,173,131,0,2,15,31,3
S01011133,86,46,0,0,36,15,4
S01011134,141,93,0,0,73,84,9
S01011135,140,66,0,0,89,37,8
S01011136,123,75,1,0,42,30,3
S01011137,74,39,2,0,47,19,0
S01011138,38,60,0,0,110,39,3
S01011139,78,103,0,0,7,132,5
S01011140,50,70,0,2,88,18,2
S01011141,60,50,1,3,100,15,2
S01011142,175,108,2,2,4,33,14
S01011143,286,107,0,0,27,29,10
S01011144,101,89,0,0,31,27,5
S01011145,185,84,0,0,4,27,6
S01011146,151,87,0,4,85,15,6
S01011147,199,136,2,0,48,53,4
S01011148,159,68,1,1,25,65,12
S01011149,155,43,1,2,16,92,4
S01011150,54,192,0,6,28,73,4
S01011151,52,39,0,0,26,89,5
S01011152,172,51,2,1,27,36,4
S01011153,204,87,3,2,82,74,6
S01011154,105,47,0,0,85,68,6
S01011155,137,59,1,0,95,53,3
S01011156,136,71,0,1,4,22,3
S01011157,203,57,0,2,1,14,3
S01011158,185,76,0,0,1,8,2
S01011159,120,47,0,0,154,27,14
S01011160,133,107,0,0,82,50,3
S01011161,92,64,0,1,67,38,5
S01011162,66,50,0,0,59,21,0
S01011163,104,65,0,3,131,23,10
S01011164,132,64,0,2,110,25,5
S01011165,96,62,0,0,167,37,4
S01011166,119,50,0,0,17,13,0
S01011167,191,72,2,2,8,19,6
S01011168,175,192,0,6,17,145,29
S01011169,145,236,1,5,86,69,6
S01011170,268,115,1,0,29,57,10
S01011171,276,71,0,0,37,48,18
S01011172,205,75,0,0,31,50,14
S01011173,162,53,0,0,19,16,8
S01011174,118,32,2,0,41,13,4
S01011175,106,57,1,1,112,23,3
S01011176,178,49,1,1,18,31,5
S01011177,183,79,2,5,66,30,13
S01011178,83,64,0,1,10,46,6
S01011179,88,56,1,1,98,20,2
S01011180,59,62,0,5,151,20,7
S01011181,167,167,0,6,7,24,5
S01011182,131,117,0,5,39,5,7
S01011183,114,77,0,0,20,10,2
S01011184,162,192,1,6,81,4,4
S01011185,178,86,0,3,8,17,0
S01011186,175,122,0,1,120,36,9
S01011187,181,74,2,0,19,14,4
S01011188,135,138,0,1,116,41,7
S01011189,121,129,0,1,51,47,3
S01011190,77,64,0,0,109,27,1
S01011191,80,57,0,1,76,10,3
S01011192,97,76,0,0,70,34,5
S01011193,60,74,0,2,116,36,10
S01011194,68,58,0,0,107,44,4
S01011195,96,81,4,2,88,41,3
S01011196,80,67,0,0,183,57,6
S01011197,75,81,0,0,149,42,5
S01011198,67,62,0,0,114,27,4
S01011199,84,195,0,17,144,43,4
S01011200,136,99,0,1,64,59,0
S01011201,109,102,0,0,51,23,3
S01011202,106,119,0,0,119,40,7
S01011203,120,121,0,0,85,31,3
S01011204,147,64,2,0,11,11,2
S01011205,40,140,0,1,49,5,0
S01011206,113,105,0,0,25,15,4
S01011207,84,98,0,1,126,18,1
S01011208,126,169,0,2,24,22,4
S01011209,53,73,0,2,117,17,2
S01011210,104,70,2,0,63,9,1
S01011211,100,102,8,1,34,5,0
S01011212,72,44,1,0,66,27,0
S01011213,182,104,1,0,116,74,5
S01011214,90,67,0,0,94,58,3
S01011215,28,20,0,0,132,37,0
S01011216,49,48,0,0,110,42,5
S01011217,101,68,0,1,144,64,7
S01011218,43,62,2,6,278,43,8
S01011219,80,67,1,1,124,44,0
S01011220,103,90,0,2,142,73,2
S01011221,128,108,1,2,108,78,11
S01011222,96,73,0,2,160,25,7
S01011223,126,100,0,2,88,33,8
S01011224,102,70,0,0,132,33,6
S01011225,73,58,0,1,153,49,7
S01011226,245,112,0,2,90,30,4
S01011227,126,80,0,2,94,87,4
S01011228,134,86,0,0,151,94,12
S01011229,71,43,0,0,144,47,9
S01011230,52,40,1,0,170,30,2
S01011231,56,48,1,0,152,31,2
S01011232,123,65,0,1,211,59,7
S01011233,112,235,0,16,72,37,4
S01011234,118,110,0,1,216,32,0
S01011235,31,20,0,2,79,6,1
S01011236,98,58,0,1,67,33,4
S01011237,67,76,1,0,156,30,4
S01011238,52,37,0,0,150,49,3
S01011239,83,44,0,0,169,61,3
S01011240,112,67,0,0,129,128,5
S01011241,177,114,0,0,84,98,13
S01011242,161,95,0,0,106,35,5
S01011243,88,56,0,1,306,95,7
S01011244,68,42,0,0,193,67,7
S01011245,106,71,0,0,200,28,8
S01011246,193,109,2,1,140,73,9
S01011247,228,100,0,0,11,17,7
S01011248,151,112,0,1,36,23,4
S01011249,184,97,0,0,7,18,1
S01011250,88,95,0,7,199,39,11
S01011251,100,97,1,0,184,32,4
S01011252,72,75,0,0,157,27,0
S01011253,81,59,0,0,222,30,9
S01011254,207,135,0,1,4,8,1
S01011255,113,141,0,1,4,8,3
S01011256,57,99,0,0,4,8,1
S01011257,132,36,0,1,0,1,0
S01011258,111,56,0,0,20,5,1
S01011259,142,76,2,0,77,51,5
S01011260,201,78,0,0,22,27,4
S01011261,117,84,0,1,136,25,4
S01011262,69,41,0,1,52,14,2
S01011263,87,237,1,3,108,55,2
S01011264,52,71,0,0,110,28,1
S01011265,83,82,2,0,248,49,4
S01011266,132,118,0,2,86,29,5
S01011267,120,66,2,0,38,21,1
S01011268,91,27,0,0,12,14,3
S01011269,79,58,0,2,134,42,4
S01011270,84,47,0,1,146,45,5
S01011271,128,77,0,2,91,28,3
S01011272,108,66,0,0,157,49,5
S01011273,95,72,0,2,134,26,1
S01011274,84,109,0,0,137,59,5
S01011275,50,42,0,1,153,20,5
S01011276,145,92,0,1,132,29,1
S01011277,146,99,0,2,5,27,1
S01011278,91,88,1,0,0,28,2
S01011279,149,104,0,4,21,37,4
S01011280,155,71,0,0,0,4,3
S01011281,116,95,0,0,3,23,2
S01011282,107,180,0,0,45,18,1
S01011283,84,166,0,1,2,4,3
S01011284,60,124,0,0,3,8,0
S01011285,73,57,0,0,139,33,4
S01011286,68,53,0,2,119,21,2
S01011287,93,69,0,0,190,38,3
S01011288,97,91,0,0,114,41,4
S01011289,133,91,0,0,154,40,4
S01011290,152,110,0,0,253,40,1
S01011291,106,81,0,0,142,42,10
S01011292,54,46,0,0,203,15,3
S01011293,72,61,1,0,150,20,7
S01011294,110,72,0,0,220,84,18
S01011295,211,172,0,1,75,57,3
S01011296,100,73,0,1,85,9,4
S01011297,82,72,0,0,142,19,6
S01011298,52,57,0,0,109,15,3
S01011299,115,63,1,0,4,17,5
S01011300,115,83,0,0,187,22,2
S01011301,180,108,0,0,25,24,8
S01011302,114,72,1,1,216,62,8
S01011303,207,160,0,0,22,51,12
S01011304,74,53,0,0,121,22,3
S01011305,76,112,0,0,107,31,0
S01011306,110,46,0,1,88,27,4
S01011307,270,273,7,10,94,36,11
S01011308,109,71,2,1,2,26,9
S01011309,227,95,1,0,1,9,4
S01011310,152,108,0,0,63,35,6
S01011311,176,104,0,0,1,17,4
S01011312,313,130,0,0,4,28,5
S01011313,180,96,0,1,42,49,7
S01011314,230,157,1,0,56,40,7
S01011315,52,58,0,1,48,10,3
S01011316,96,87,0,0,127,24,3
S01011317,269,101,0,0,0,23,7
S01011318,325,87,1,0,14,76,14
S01011319,271,85,0,3,5,21,3
S01011320,147,66,1,1,65,61,12
S01011321,111,106,0,2,52,27,3
S01011322,99,82,2,2,41,25,0
S01011323,128,95,1,0,83,30,1
S01011324,87,57,0,0,117,31,3
S01011325,151,69,0,4,84,139,7
S01011326,192,62,3,0,61,151,8
S01011327,203,61,1,0,50,63,8
S01011328,196,61,0,1,62,41,6
S01011329,283,124,1,1,46,55,3
S01011330,208,112,0,4,11,16,0
S01011331,237,112,1,4,0,9,3
S01011332,206,97,0,1,1,20,5
S01011333,284,73,0,0,8,37,5
S01011334,115,65,0,0,7,13,3
S01011335,298,115,2,0,7,49,9
S01011336,88,101,0,0,63,28,0
S01011337,212,102,1,0,5,21,4
S01011338,112,83,0,0,73,6,3
S01011339,63,60,0,0,80,30,3
S01011340,77,49,0,0,144,14,5
S01011341,96,77,1,1,128,27,5
S01011342,138,112,0,1,58,46,4
S01011343,119,76,1,0,183,52,5
S01011344,101,61,2,2,194,15,7
S01011345,64,46,0,0,211,27,0
S01011346,110,82,0,0,104,20,3
S01011347,215,123,0,1,150,54,4
S01011348,107,82,1,1,177,32,7
S01011349,165,163,0,0,3,33,2
S01011350,158,83,0,0,7,7,3
S01011351,82,62,0,0,161,25,4
S01011352,108,89,3,0,85,56,7
S01011353,113,69,1,0,75,8,4
S01011354,138,109,0,0,38,8,1
S01011355,143,138,0,0,117,29,8
S01011356,222,189,1,0,37,33,7
S01011357,146,96,0,1,84,10,6
S01011358,70,87,0,0,4,7,0
S01011359,160,77,0,2,108,31,7
S01011360,16,22,0,0,172,12,4
S01011361,6,2,0,0,51,2,0
S01011362,56,121,0,2,87,20,7
S01011363,151,84,0,0,118,31,15
S01011364,104,107,0,1,31,19,3
S01011365,71,126,0,0,8,3,0
S01011366,82,63,1,2,54,30,1
S01011367,107,106,0,1,140,28,7
S01011368,55,213,0,2,7,36,2
S01011369,121,82,1,0,144,9,3
S01011370,60,144,0,0,26,13,2
S01011371,39,53,1,1,348,9,7
S01011372,30,28,0,4,314,13,6
S01011373,32,42,2,0,253,11,2
S01011374,64,127,12,1,54,33,2
S01011375,71,67,0,0,134,8,2
S01011376,9,8,0,0,285,1,4
S01011377,170,218,0,0,29,19,4
S01011378,158,115,0,0,59,29,3
S01011379,189,274,0,6,21,13,1
S01011380,101,84,1,1,102,57,4
S01011381,115,104,1,3,64,33,3
S01011382,56,150,0,8,147,77,5
S01011383,42,37,0,1,256,17,10
S01011384,25,17,0,2,259,12,2
S01011385,94,73,0,0,228,39,11
S01011386,28,22,0,0,137,15,3
S01011387,55,73,1,2,165,45,4
S01011388,105,190,4,1,79,63,7
S01011389,70,89,2,1,197,65,7
S01011390,70,58,0,1,155,21,6
S01011391,74,46,0,0,113,22,5
S01011392,61,57,0,1,148,17,2
S01011393,143,85,2,1,125,34,2
S01011394,51,110,0,0,5,8,0
S01011395,89,85,1,0,213,46,4
S01011396,88,77,5,0,167,67,9
S01011397,87,81,0,0,186,29,5
S01011398,68,58,1,0,155,22,3
S01011399,49,51,0,0,123,28,4
S01011400,95,106,0,0,69,71,7
S01011401,112,86,5,0,82,19,0
S01011402,240,111,1,1,91,56,6
S01011403,73,65,0,2,54,12,3
S01011404,104,78,0,0,181,52,8
S01011405,123,60,0,1,75,16,9
S01011406,103,137,0,2,79,27,3
S01011407,197,201,0,0,87,43,10
S01011408,117,85,0,1,120,43,4
S01011409,63,60,0,0,229,16,4
S01011410,96,75,0,0,89,21,5
S01011411,98,80,0,0,77,24,7
S01011412,204,137,0,0,5,4,3
S01011413,95,103,0,0,3,21,1
S01011414,104,88,2,0,139,28,6
S01011415,147,143,0,4,110,30,6
S01011416,161,72,1,3,3,8,4
S01011417,177,120,0,3,77,60,11
S01011418,88,47,0,2,107,26,2
S01011419,68,53,0,0,99,22,3
S01011420,41,31,0,1,171,32,4
S01011421,45,145,0,0,17,37,2
S01011422,84,64,0,0,99,15,3
S01011423,54,41,0,0,105,9,7
S01011424,82,74,0,0,59,12,0
S01011425,108,61,0,0,140,19,6
S01011426,134,315,0,2,8,10,4
S01011427,89,57,0,0,78,15,2
S01011428,102,66,0,2,99,18,9
S01011429,126,101,0,0,8,15,4
S01011430,141,154,0,4,35,53,8
S01011431,149,105,2,2,216,44,6
S01011432,164,125,0,0,141,26,10
S01011433,42,60,1,0,236,28,2
S01011434,100,84,0,1,55,15,5
S01011435,178,197,0,6,18,50,6
S01011436,63,76,0,0,180,23,11
S01011437,75,70,0,0,169,28,3
S01011438,30,31,0,1,146,13,5
S01011439,140,130,0,4,136,28,4
S01011440,78,56,0,2,118,11,2
S01011441,91,66,0,0,146,26,5
S01011442,91,75,1,2,136,46,6
S01011443,96,64,0,1,104,15,6
S01011444,80,74,0,0,139,14,4
S01011445,82,65,0,0,69,19,0
S01011446,154,469,0,19,63,28,10
S01011447,90,103,0,0,149,17,5
S01011448,148,93,2,0,51,29,6
S01011449,69,38,0,0,123,31,1
S01011450,97,104,0,0,34,12,3
S01011451,153,844,0,62,98,42,4
S01011452,170,134,1,2,50,50,3
S01011453,123,83,0,0,71,21,4
S01011454,90,84,1,0,144,27,3
S01011455,100,63,0,2,129,13,7
S01011456,105,78,2,3,144,8,9
S01011457,68,93,0,0,165,19,8
S01011458,138,245,0,6,61,18,2
S01011459,94,210,0,3,109,50,3
S01011460,47,78,0,1,59,10,3
S01011461,53,82,3,1,151,48,4
S01011462,144,133,0,0,113,41,3
S01011463,133,296,0,12,99,39,0
S01011464,37,137,0,0,20,18,0
S01011465,57,45,0,0,168,17,2
S01011466,73,109,2,8,151,23,1
S01011467,58,79,0,1,69,27,4
S01011468,53,212,0,0,9,33,0
S01011469,46,71,0,1,151,27,3
S01011470,144,131,0,2,155,52,2
S01011471,150,107,0,2,128,65,9
S01011472,57,52,0,0,114,37,3
S01011473,60,42,1,0,297,42,12
S01011474,33,51,0,0,292,75,6
S01011475,31,28,0,1,310,43,8
S01011476,109,56,0,0,4,8,0
S01011477,205,125,1,0,2,10,4
S01011478,216,242,0,3,17,46,8
S01011479,248,191,0,12,68,40,7
S01011480,229,176,0,1,4,45,5
S01011481,93,173,0,0,70,49,5
S01011482,114,95,0,0,161,59,6
S01011483,108,79,0,0,7,21,2
S01011484,91,75,1,2,180,23,15
S01011485,82,85,0,2,162,29,4
S01011486,42,27,0,4,147,8,3
S01011487,69,117,1,2,171,24,5
S01011488,72,67,0,0,164,21,4
S01011489,49,134,3,1,61,14,3
S01011490,122,109,0,0,191,46,3
S01011491,46,41,0,0,135,13,5
S01011492,28,35,2,0,140,134,13
S01011493,72,88,0,0,4,4,2
S01011494,91,87,0,1,123,19,5
S01011495,76,67,0,0,175,33,5
S01011496,27,26,5,0,225,13,1
S01011497,94,137,0,3,9,44,4
S01011498,91,116,0,1,8,12,0
S01011499,129,115,0,0,86,48,7
S01011500,88,56,0,0,58,14,3
S01011501,64,40,0,0,197,27,8
S01011502,108,67,0,1,96,31,1
S01011503,94,52,0,0,75,27,5
S01011504,97,197,0,9,57,18,3
S01011505,62,98,0,3,134,38,5
S01011506,95,64,0,1,45,9,3
S01011507,75,89,0,2,96,26,4
S01011508,117,133,2,0,115,61,3
S01011509,112,71,0,0,47,6,1
S01011510,104,110,0,4,171,27,6
S01011511,53,46,0,0,137,15,3
S01011512,54,57,4,0,318,21,4
S01011513,66,59,0,0,186,30,5
S01011514,72,67,0,1,178,20,3
S01011515,93,88,0,0,15,69,4
S01011516,157,155,0,0,34,32,4
S01011517,92,65,0,0,52,14,1
S01011518,69,68,0,0,143,14,5
S01011519,85,67,1,0,126,29,3
S01011520,38,47,0,1,190,19,2
S01011521,94,81,2,2,202,58,10
S01011522,84,92,3,1,211,55,9
S01011523,60,92,0,0,114,71,4
S01011524,153,113,0,1,66,24,6
S01011525,129,121,1,0,57,23,4
S01011526,139,129,0,2,94,46,3
S01011527,154,81,0,0,33,15,3
S01011528,118,99,0,5,203,55,10
S01011529,46,35,0,1,169,33,12
S01011530,115,103,2,0,205,43,8
S01011531,140,170,0,0,80,63,9
S01011532,86,113,0,0,4,16,1
S01011533,79,70,0,0,149,32,7
S01011534,82,94,0,0,126,36,5
S01011535,54,112,1,1,309,23,6
S01011536,142,89,0,0,3,27,3
S01011537,79,112,0,0,11,39,3
S01011538,146,136,1,0,8,11,4
S01011539,94,75,0,2,109,17,8
S01011540,123,147,0,1,132,39,4
S01011541,63,123,1,14,245,24,5
S01011542,115,117,0,2,155,27,1
S01011543,43,71,1,4,195,12,5
S01011544,68,63,2,1,143,14,1
S01011545,105,120,2,10,83,15,1
S01011546,89,124,0,0,3,13,2
S01011547,67,121,1,2,5,12,0
S01011548,117,123,3,0,62,34,1
S01011549,168,96,0,1,11,15,2
S01011550,180,82,0,0,0,4,0
S01011551,77,79,0,0,38,19,1
S01011552,140,90,0,1,9,9,0
S01011553,85,167,0,0,4,6,0
S01011554,159,150,0,3,84,23,7
S01011555,56,51,0,0,103,21,1
S01011556,58,67,0,2,93,18,1
S01011557,81,77,0,2,96,20,6
S01011558,50,68,0,1,105,11,0
S01011559,48,46,0,0,89,19,3
S01011560,71,92,3,1,132,13,4
S01011561,74,87,0,0,116,8,3
S01011562,40,65,0,0,222,16,6
S01011563,43,65,1,0,154,11,3
S01011564,130,146,0,0,95,26,1
S01011565,81,109,3,2,131,27,2
S01011566,70,71,0,0,169,22,7
S01011567,151,88,0,1,161,26,4
S01011568,92,129,0,0,54,13,0
S01011569,122,119,0,1,73,21,3
S01011570,97,69,0,4,101,41,2
S01011571,54,41,0,0,224,58,5
S01011572,83,74,2,0,111,49,8
S01011573,132,182,0,2,125,52,9
S01011574,90,128,0,0,54,14,0
S01011575,35,76,0,0,68,25,5
S01011576,49,33,0,0,250,11,5
S01011577,115,77,0,0,81,52,1
S01011578,81,58,0,0,132,29,5
S01011579,202,161,0,1,9,14,8
S01011580,57,139,0,0,72,30,1
S01011581,78,53,1,0,214,36,17
S01011582,222,183,0,4,17,69,5
S01011583,91,102,0,0,104,56,3
S01011584,96,72,0,1,96,41,3
S01011585,82,91,0,0,89,34,2
S01011586,73,72,0,0,116,28,3
S01011587,47,62,0,0,104,22,3
S01011588,84,65,0,0,121,19,4
S01011589,131,104,0,0,65,19,9
S01011590,83,65,3,0,105,20,0
S01011591,59,60,0,0,130,6,0
S01011592,42,40,0,0,195,33,7
S01011593,83,101,0,0,80,22,6
S01011594,56,55,0,0,55,43,1
S01011595,113,94,0,0,11,65,3
S01011596,168,127,4,0,231,117,7
S01011597,96,81,0,0,29,50,4
S01011598,0,0,0,0,0,0,0
S01011599,112,112,0,0,111,44,1
S01011600,114,84,0,3,94,73,6
S01011601,140,140,0,0,7,24,4
S01011602,106,296,0,19,68,36,6
S01011603,95,96,0,0,223,35,9
S01011604,57,53,0,0,49,11,3
S01011605,140,127,0,0,85,28,5
S01011606,102,230,2,0,6,18,0
S01011607,112,106,0,0,3,24,3
S01011608,130,182,0,0,3,35,3
S01011609,49,39,0,5,297,31,6
S01011610,47,81,0,0,199,36,0
S01011611,126,239,0,9,25,13,3
S01011612,40,154,0,1,2,9,0
S01011613,220,105,0,0,7,12,3
S01011614,72,61,0,0,38,9,2
S01011615,88,74,0,0,114,20,7
S01011616,51,59,0,0,73,27,4
S01011617,133,114,0,1,139,21,6
S01011618,90,79,0,0,71,23,7
S01011619,150,205,0,0,19,25,1
S01011620,78,245,1,2,9,27,3
S01011621,102,107,0,0,29,35,3
S01011622,53,138,0,0,28,11,0
S01011623,104,90,0,0,96,37,5
S01011624,87,133,0,2,54,28,3
S01011625,79,56,2,1,80,19,0
S01011626,117,152,0,2,5,17,2
S01011627,80,148,0,1,1,26,4
S01011628,198,196,0,6,19,21,1
S01011629,81,66,0,0,64,15,2
S01011630,98,87,0,4,78,19,6
S01011631,31,39,0,1,158,16,0
S01011632,59,74,1,0,158,22,3
S01011633,64,48,1,0,161,38,2
S01011634,28,51,2,0,102,24,4
S01011635,42,49,7,2,143,30,3
S01011636,67,50,0,1,115,32,1
S01011637,110,63,0,0,94,21,0
S01011638,67,44,0,0,74,41,3
S01011639,81,48,0,0,86,30,3
S01011640,86,59,1,1,105,26,0
S01011641,121,61,1,0,5,4,1
S01011642,158,83,1,1,68,19,4
S01011643,92,142,0,0,68,44,4
S01011644,124,103,0,0,61,40,4
S01011645,108,49,0,0,46,28,0
S01011646,173,75,0,1,1,4,0
S01011647,130,155,0,1,11,24,0
S01011648,65,208,0,0,89,32,2
S01011649,37,90,0,0,96,23,7
S01011650,128,107,0,1,73,16,6
S01011651,148,114,0,2,59,71,4
S01011652,145,97,0,2,15,30,0
S01011653,103,100,0,0,99,23,4
S01011654,122,111,0,0,158,80,17
S01011655,78,70,0,1,215,75,10
S01011656,33,32,0,0,134,23,6
S01011657,47,35,0,0,142,16,5
S01011658,96,88,0,0,124,28,7
S01011659,104,77,0,0,141,20,5
S01011660,179,105,1,2,47,33,6
S01011661,95,57,0,0,65,21,4
S01011662,97,113,0,0,4,14,3
S01011663,46,75,0,4,103,27,4
S01011664,100,110,0,0,162,31,3
S01011665,61,58,0,0,216,48,3
S01011666,69,58,2,1,233,45,7
S01011667,84,80,0,2,125,50,5
S01011668,64,73,0,0,219,31,9
S01011669,124,93,0,1,56,40,2
S01011670,52,48,0,0,83,37,0
S01011671,136,98,1,1,73,37,6
S01011672,97,52,0,0,85,27,5
S01011673,80,64,0,2,92,36,9
S01011674,130,249,1,5,86,26,5
S01011675,129,116,0,0,124,27,8
S01011676,85,57,0,4,131,18,5
S01011677,41,129,0,1,47,75,1
S01011678,50,43,0,2,106,20,4
S01011679,53,128,0,1,12,36,0
S01011680,128,73,0,0,217,32,2
S01011681,104,106,0,0,95,20,8
S01011682,107,81,0,2,6,11,3
S01011683,177,401,0,25,81,41,17
S01011684,98,80,0,1,37,17,2
S01011685,100,158,0,2,6,13,1
S01011686,190,148,0,0,11,25,5
S01011687,137,116,1,0,119,27,3
S01011688,136,308,1,8,47,16,7
S01011689,117,213,0,2,4,10,2
S01011690,100,209,2,1,57,14,3
S01011691,72,154,0,5,20,12,2
S01011692,126,114,0,0,173,21,8
S01011693,116,155,1,2,40,34,4
S01011694,37,129,0,0,14,13,1
S01011695,186,945,0,42,80,22,1
S01011696,115,212,0,0,7,8,7
S01011697,112,212,0,0,56,37,2
S01011698,169,164,0,0,47,22,1
S01011699,201,232,0,12,22,43,5
S01011700,152,101,0,0,59,17,5
S01011701,213,140,0,0,34,41,6
S01011702,147,100,0,0,47,9,7
S01011703,165,368,0,9,63,24,3
S01011704,110,125,0,1,18,5,1
S01011705,83,116,0,0,98,21,5
S01011706,189,127,1,2,108,25,7
S01011707,173,156,0,6,13,8,3
S01011708,158,135,1,2,105,24,12
S01011709,172,183,1,4,109,10,3
S01011710,38,48,0,0,117,10,3
S01011711,58,60,0,0,176,20,2
S01011712,76,109,0,0,103,35,4
S01011713,172,100,0,0,58,22,2
S01011714,42,99,0,4,6,12,0
S01011715,76,64,0,0,114,19,3
S01011716,123,174,2,0,14,18,3
S01011717,188,90,0,2,0,10,0
S01011718,69,177,1,0,8,14,0
S01011719,103,127,0,1,2,5,2
S01011720,114,66,0,1,6,5,0
S01011721,143,130,0,0,45,19,4
S01011722,128,99,0,2,107,24,3
S01011723,149,167,0,5,96,24,5
S01011724,54,128,0,0,89,13,6
S01011725,73,129,0,0,5,10,4
S01011726,85,121,0,2,4,6,0
S01011727,79,158,1,0,8,16,0
S01011728,131,147,2,0,68,49,0
S01011729,87,71,1,0,102,17,3
S01011730,235,108,1,3,30,32,6
S01011731,151,121,0,2,45,21,3
S01011732,203,76,2,2,5,4,1
S01011733,150,93,0,0,45,30,5
S01011734,137,98,0,2,58,28,5
S01011735,166,96,0,1,6,6,2
S01011736,89,114,0,0,30,63,3
S01011737,85,88,0,2,62,59,4
S01011738,140,111,0,0,111,120,4
S01011739,89,73,2,0,96,31,2
S01011740,78,65,0,3,163,35,6
S01011741,97,64,2,1,91,55,3
S01011742,127,103,1,0,81,20,4
S01011743,134,116,0,0,61,50,0
S01011744,70,93,0,9,249,60,5
S01011745,110,105,2,3,173,51,2
S01011746,69,62,0,0,51,31,3
S01011747,97,76,0,1,148,64,3
S01011748,89,70,0,0,77,55,7
S01011749,53,40,0,0,95,70,2
S01011750,146,113,0,1,113,47,3
S01011751,62,80,0,0,109,71,3
S01011752,121,148,0,3,86,83,7
S01011753,168,122,0,1,58,66,1
S01011754,134,110,2,10,82,25,4
S01011755,134,114,0,1,78,104,5
S01011756,143,114,1,1,89,89,1
S01011757,109,90,0,0,105,42,2
S01011758,75,84,0,0,45,20,3
S01011759,141,108,0,1,57,23,3
S01011760,131,121,0,1,84,78,3
S01011761,61,105,0,1,61,49,0
S01011762,75,86,1,2,70,62,0
S01011763,140,116,0,1,59,26,3
S01011764,70,45,0,0,10,6,0
S01011765,183,149,0,2,6,27,2
S01011766,97,104,0,1,11,9,1
S01011767,129,105,0,0,103,62,4
S01011768,79,113,2,2,143,51,6
S01011769,86,82,1,12,115,26,4
S01011770,96,98,6,20,155,29,8
S01011771,96,124,0,4,4,4,3
S01011772,210,157,0,0,7,7,3
S01011773,70,113,0,0,3,6,2
S01011774,88,141,0,0,98,18,2
S01011775,74,154,0,2,3,8,1
S01011776,95,210,0,2,5,12,0
S01011777,85,123,1,0,23,25,1
S01011778,58,109,0,0,35,64,0
S01011779,171,116,0,2,4,22,3
S01011780,186,135,0,0,8,3,2
S01011781,115,82,0,0,3,5,0
S01011782,156,78,0,1,6,8,0
S01011783,117,73,0,0,0,12,1
S01011784,97,87,0,1,154,39,3
S01011785,128,120,0,3,70,30,3
S01011786,17,101,0,0,2,6,0
S01011787,141,90,0,2,189,39,7
S01011788,100,111,0,1,5,6,2
S01011789,188,607,0,39,90,40,9
S01011790,156,215,1,6,137,33,6
S01011791,67,86,2,1,117,44,4
S01011792,176,118,0,5,205,86,10
S01011793,190,207,0,6,44,48,7
S01011794,136,88,1,2,135,37,1
S01011795,79,52,0,0,117,46,5
S01011796,50,65,0,0,228,57,5
S01011797,225,138,0,0,3,18,3
S01011798,75,53,0,0,63,49,1
S01011799,163,125,1,0,53,12,6
S01011800,86,69,0,1,63,26,3
S01011801,69,58,0,2,91,12,2
S01011802,89,70,0,0,117,40,5
S01011803,85,80,0,0,135,15,0
S01011804,129,54,5,6,136,35,8
S01011805,129,58,0,0,50,35,9
S01011806,189,80,2,0,79,40,12
S01011807,288,114,3,0,31,38,12
S01011808,139,72,7,4,86,21,17
S01011809,209,84,0,1,36,22,9
S01011810,221,105,1,3,67,24,16
S01011811,261,101,0,2,4,34,34
S01011812,175,76,1,0,9,14,10
S01011813,170,107,3,3,45,23,7
S01011814,190,91,4,2,28,16,20
S01011815,174,138,14,4,45,33,19
S01011816,178,87,0,1,35,20,9
S01011817,222,154,10,18,115,40,8
S01011818,207,113,15,4,82,40,16
S01011819,165,95,0,2,86,60,12
S01011820,126,83,29,4,116,37,11
S01011821,32,36,4,2,82,32,1
S01011822,83,52,2,0,139,117,12
S01011823,119,73,0,2,69,27,11
S01011824,90,74,0,0,105,27,10
S01011825,103,65,0,2,38,43,11
S01011826,120,61,4,1,78,51,4
S01011827,183,17,0,0,41,32,11
S01011828,241,87,1,2,72,36,21
S01011829,111,63,3,2,15,20,4
S01011830,177,39,0,0,34,22,17
S01011831,284,68,2,1,30,37,23
S01011832,234,57,1,2,43,33,17
S01011833,188,155,0,2,7,28,9
S01011834,146,198,4,10,55,24,2
S01011835,185,138,1,2,14,20,2
S01011836,199,123,0,2,8,14,3
S01011837,137,101,0,0,3,18,7
S01011838,247,151,0,8,6,16,5
S01011839,249,110,0,7,12,50,7
S01011840,249,162,2,7,49,38,6
S01011841,162,129,1,4,78,48,2
S01011842,168,129,0,1,141,56,4
S01011843,276,185,1,3,19,33,10
S01011844,186,137,0,1,14,33,5
S01011845,166,110,3,0,83,36,2
S01011846,219,138,2,0,44,21,14
S01011847,104,70,0,1,2,11,0
S01011848,149,91,0,3,27,30,11
S01011849,146,143,2,6,85,43,8
S01011850,215,222,0,7,6,84,17
S01011851,146,101,1,2,37,63,6
S01011852,162,118,1,4,124,76,11
S01011853,156,108,1,5,35,62,4
S01011854,200,84,0,3,34,64,12
S01011855,100,104,0,7,121,38,6
S01011856,207,85,1,3,4,9,4
S01011857,126,49,2,0,32,71,16
S01011858,278,79,0,0,24,28,21
S01011859,199,79,0,0,119,31,9
S01011860,77,39,0,0,2,70,17
S01011861,167,75,0,1,3,71,13
S01011862,290,110,0,1,16,20,3
S01011863,146,75,0,1,50,50,6
S01011864,207,100,0,1,4,31,6
S01011865,123,86,0,0,35,33,6
S01011866,158,90,1,4,81,14,3
S01011867,107,125,12,4,157,48,4
S01011868,173,87,7,1,83,80,6
S01011869,148,84,7,6,41,127,10
S01011870,125,57,0,3,121,37,4
S01011871,285,327,3,14,106,89,20
S01011872,184,121,1,2,3,59,14
S01011873,157,90,0,2,5,84,12
S01011874,127,82,16,4,29,26,2
S01011875,134,93,0,8,62,26,4
S01011876,180,96,1,1,34,97,18
S01011877,129,64,0,0,29,41,8
S01011878,231,335,0,20,49,91,30
S01011879,129,104,0,1,0,7,1
S01011880,126,77,2,4,24,18,10
S01011881,156,92,12,16,81,64,5
S01011882,202,104,0,4,132,21,4
S01011883,255,208,0,9,46,42,9
S01011884,109,54,1,1,2,20,12
S01011885,123,118,0,3,24,24,4
S01011886,174,108,1,4,40,19,10
S01011887,71,89,1,3,43,11,5
S01011888,102,91,0,4,140,33,3
S01011889,198,124,0,3,48,33,8
S01011890,127,93,0,3,25,32,4
S01011891,83,65,10,8,148,64,3
S01011892,137,159,0,12,5,150,8
S01011893,179,133,8,6,122,116,6
S01011894,105,88,1,5,41,60,5
S01011895,163,72,0,1,3,21,2
S01011896,185,130,1,5,29,62,10
S01011897,230,165,0,4,29,30,7
S01011898,152,119,0,2,4,25,3
S01011899,205,110,3,2,8,15,9
S01011900,189,95,0,1,3,9,4
S01011901,185,141,0,7,5,63,6
S01011902,300,117,0,1,20,15,9
S01011903,212,110,0,4,21,27,4
S01011904,187,95,6,2,2,19,2
S01011905,162,93,1,2,9,13,1
S01011906,124,52,0,6,1,14,5
S01011907,163,116,0,8,18,26,4
S01011908,83,146,0,3,63,30,2
S01011909,86,249,36,12,8,33,1
S01011910,73,61,0,10,211,47,0
S01011911,98,78,0,6,92,15,1
S01011912,65,88,2,10,119,27,4
S01011913,69,44,0,7,179,22,3
S01011914,60,70,0,5,182,56,5
S01011915,89,94,0,13,120,22,1
S01011916,69,41,0,1,79,20,4
S01011917,85,66,0,10,68,16,4
S01011918,41,36,4,4,254,32,2
S01011919,86,65,24,5,140,64,3
S01011920,67,57,0,10,117,21,8
S01011921,67,45,1,7,133,32,8
S01011922,78,59,0,10,147,29,5
S01011923,74,65,9,9,217,31,3
S01011924,57,42,0,5,72,20,2
S01011925,62,168,0,15,14,21,2
S01011926,81,82,0,7,107,27,3
S01011927,74,75,1,6,100,23,6
S01011928,117,80,3,11,96,34,1
S01011929,86,70,0,5,109,29,3
S01011930,69,75,1,9,118,20,2
S01011931,63,122,9,29,288,75,9
S01011932,39,88,2,12,70,83,6
S01011933,78,64,3,8,87,88,14
S01011934,157,96,3,11,38,95,5
S01011935,101,62,1,3,112,183,17
S01011936,121,63,0,0,86,134,7
S01011937,58,57,10,4,121,130,12
S01011938,110,74,0,3,64,120,2
S01011939,74,59,3,5,136,148,3
S01011940,30,24,0,2,138,145,3
S01011941,66,58,3,1,63,266,10
S01011942,145,52,0,6,133,242,10
S01011943,119,56,9,4,319,294,11
S01011944,104,58,0,5,3,22,3
S01011945,219,87,0,1,5,13,0
S01011946,132,68,0,2,110,49,5
S01011947,24,12,0,0,44,134,1
S01011948,238,109,0,1,125,98,4
S01011949,271,94,0,0,3,12,7
S01011950,175,66,2,5,104,25,6
S01011951,145,104,1,5,26,35,1
S01011952,124,68,0,1,1,7,3
S01011953,210,121,2,4,26,53,7
S01011954,70,51,0,0,96,18,4
S01011955,155,117,3,5,145,63,7
S01011956,173,152,2,2,22,27,8
S01011957,124,97,2,0,25,69,16
S01011958,264,141,0,3,31,126,18
S01011959,204,81,2,3,42,62,10
S01011960,120,186,1,10,12,35,4
S01011961,116,159,0,0,45,32,4
S01011962,118,120,4,0,3,33,3
S01011963,82,111,0,7,54,10,5
S01011964,195,166,6,0,36,71,10
S01011965,185,111,1,1,53,24,6
S01011966,192,122,0,0,15,23,4
S01011967,227,154,1,2,27,71,4
S01011968,180,161,0,4,34,94,5
S01011969,203,105,4,4,105,54,21
S01011970,122,70,0,0,158,72,9
S01011971,135,88,0,0,39,13,2
S01011972,221,95,1,5,15,114,25
S01011973,139,85,1,0,33,36,11
S01011974,187,110,5,4,18,32,9
S01011975,94,49,0,1,17,33,7
S01011976,184,83,0,3,38,45,2
S01011977,228,105,5,3,124,71,8
S01011978,148,64,0,0,112,50,6
S01011979,266,149,3,3,69,55,7
S01011980,127,75,1,4,44,50,12
S01011981,160,64,5,2,20,122,39
S01011982,195,76,1,4,7,112,38
S01011983,148,65,2,5,36,91,25
S01011984,51,44,0,1,202,26,2
S01011985,132,87,0,8,20,34,5
S01011986,57,49,2,0,155,35,1
S01011987,193,145,3,8,105,29,4
S01011988,170,63,0,1,11,13,3
S01011989,203,85,22,11,27,17,4
S01011990,243,147,0,10,13,23,10
S01011991,122,90,1,7,46,24,9
S01011992,278,119,3,7,45,88,8
S01011993,88,65,1,6,136,113,4
S01011994,265,57,0,5,0,9,2
S01011995,195,157,1,7,21,70,11
S01011996,77,53,3,12,63,21,0
S01011997,163,93,0,7,83,65,0
S01011998,126,83,1,0,1,17,7
S01011999,92,73,0,0,18,95,13
S01012000,105,58,0,3,9,23,1
S01012001,116,89,0,5,57,28,5
S01012002,118,61,0,2,38,16,3
S01012003,87,78,0,4,32,41,5
S01012004,211,115,0,5,52,29,8
S01012005,152,121,0,5,39,21,1
S01012006,169,219,0,16,122,77,45
S01012007,168,90,1,3,62,53,4
S01012008,151,94,5,0,69,76,24
S01012009,99,66,1,4,41,64,14
S01012010,328,103,1,4,64,67,17
S01012011,211,93,1,6,127,61,8
S01012012,154,66,11,3,70,51,8
S01012013,168,70,0,0,32,80,24
S01012014,122,76,5,1,114,69,6
S01012015,213,105,0,2,75,26,10
S01012016,154,57,1,2,38,48,17
S01012017,127,36,0,1,9,35,33
S01012018,201,85,3,0,27,50,20
S01012019,245,155,1,5,29,43,3
S01012020,123,80,3,0,110,26,3
S01012021,99,74,0,0,34,9,3
S01012022,126,92,0,5,46,25,0
S01012023,104,61,3,0,4,13,3
S01012024,150,168,0,0,21,19,2
S01012025,128,159,0,0,39,10,1
S01012026,92,255,0,8,5,4,1
S01012027,122,163,0,0,6,18,5
S01012028,212,152,0,0,5,6,2
S01012029,253,464,0,25,130,114,15
S01012030,312,1575,0,57,57,88,10
S01012031,139,176,0,3,3,4,1
S01012032,94,50,0,1,3,15,3
S01012033,183,111,0,0,60,15,3
S01012034,158,111,0,0,61,49,4
S01012035,212,131,0,1,55,37,10
S01012036,235,113,0,0,5,27,2
S01012037,124,197,0,10,149,33,2
S01012038,64,39,0,1,228,21,5
S01012039,156,124,0,3,140,28,6
S01012040,105,107,0,2,30,8,2
S01012041,147,114,1,3,78,34,7
S01012042,141,235,1,11,85,29,6
S01012043,87,97,1,0,151,30,7
S01012044,107,92,0,1,211,47,5
S01012045,119,125,5,1,247,149,8
S01012046,93,70,0,0,180,52,4
S01012047,93,81,0,0,190,62,6
S01012048,86,69,0,0,208,52,8
S01012049,141,88,0,1,58,47,1
S01012050,139,181,0,1,76,18,2
S01012051,107,57,4,2,77,31,7
S01012052,159,125,0,0,103,56,6
S01012053,107,101,0,1,154,26,0
S01012054,46,68,0,1,150,42,1
S01012055,136,113,0,1,153,47,4
S01012056,142,103,0,2,75,22,5
S01012057,182,127,0,1,5,10,0
S01012058,162,106,0,1,18,26,4
S01012059,117,137,1,2,109,30,1
S01012060,121,131,0,0,139,32,4
S01012061,204,139,0,0,28,41,7
S01012062,176,355,2,23,3,18,3
S01012063,68,129,0,0,17,20,1
S01012064,27,44,0,0,178,25,2
S01012065,13,25,0,0,217,10,3
S01012066,84,118,0,5,148,43,6
S01012067,22,20,2,0,199,8,4
S01012068,16,7,2,0,186,12,0
S01012069,40,43,0,0,117,29,4
S01012070,52,52,1,0,207,71,4
S01012071,112,88,0,3,289,251,4
S01012072,123,104,1,0,289,184,8
S01012073,113,194,0,7,57,69,9
S01012074,112,145,1,0,3,68,4
S01012075,123,129,0,0,4,8,0
S01012076,124,139,0,1,119,72,3
S01012077,107,101,1,1,127,51,2
S01012078,102,161,0,3,69,26,4
S01012079,111,94,0,0,158,40,5
S01012080,50,61,0,0,199,25,0
S01012081,57,82,0,0,226,20,11
S01012082,71,69,0,5,138,20,5
S01012083,83,66,0,0,201,17,3
S01012084,125,90,0,0,16,8,1
S01012085,124,107,0,1,43,17,2
S01012086,132,94,0,0,156,32,7
S01012087,131,123,0,3,129,35,4
S01012088,103,126,0,1,45,7,3
S01012089,182,136,0,0,9,35,0
S01012090,221,127,0,0,3,2,1
S01012091,137,86,0,0,0,14,2
S01012092,123,78,0,0,1,17,2
S01012093,116,70,0,0,6,31,2
S01012094,167,144,0,0,3,11,2
S01012095,145,140,0,2,90,17,3
S01012096,140,150,0,1,77,32,6
S01012097,101,119,0,0,67,15,3
S01012098,84,100,1,0,51,24,0
S01012099,93,85,0,0,125,39,3
S01012100,154,157,0,12,215,44,7
S01012101,177,111,0,0,8,4,3
S01012102,80,69,0,0,135,32,5
S01012103,165,162,0,0,33,68,4
S01012104,123,157,0,1,22,43,2
S01012105,257,172,2,0,27,38,4
S01012106,207,190,7,2,19,83,11
S01012107,199,109,1,0,5,16,7
S01012108,124,75,1,0,295,65,9
S01012109,84,96,1,0,235,180,16
S01012110,145,89,2,2,151,120,12
S01012111,65,66,0,8,177,69,5
S01012112,161,95,0,1,97,57,9
S01012113,205,144,2,0,100,51,4
S01012114,187,126,0,0,7,46,3
S01012115,92,89,0,3,49,28,5
S01012116,100,148,0,1,51,12,0
S01012117,144,346,0,14,15,15,4
S01012118,105,111,0,1,3,3,1
S01012119,216,119,1,0,3,5,2
S01012120,116,217,0,7,78,28,2
S01012121,127,106,1,1,186,23,8
S01012122,110,117,0,1,71,19,5
S01012123,96,82,0,3,33,40,3
S01012124,106,83,0,1,17,40,4
S01012125,67,75,0,0,240,98,9
S01012126,113,162,0,3,19,92,3
S01012127,160,130,0,18,151,281,17
S01012128,29,88,1,3,59,129,7
S01012129,86,111,2,0,118,110,10
S01012130,174,129,0,0,265,114,9
S01012131,130,124,2,3,173,206,3
S01012132,121,83,2,0,75,197,7
S01012133,76,123,1,3,47,85,4
S01012134,249,175,0,0,99,101,5
S01012135,67,75,0,0,352,119,12
S01012136,42,70,0,3,196,172,2
S01012137,141,133,0,3,176,118,7
S01012138,161,171,0,0,53,65,8
S01012139,163,178,0,1,68,41,7
S01012140,143,85,0,0,7,4,1
S01012141,218,160,0,0,9,7,4
S01012142,256,116,0,0,5,14,5
S01012143,268,100,0,1,0,6,2
S01012144,223,163,0,0,17,28,4
S01012145,203,162,1,2,3,12,6
S01012146,120,91,1,0,207,93,9
S01012147,88,83,0,0,172,54,6
S01012148,84,64,0,0,116,46,6
S01012149,93,118,0,0,95,42,1
S01012150,86,101,0,0,169,34,7
S01012151,72,86,0,0,73,29,2
S01012152,50,42,0,1,219,24,3
S01012153,56,61,0,8,242,109,4
S01012154,58,50,0,4,213,129,1
S01012155,63,54,0,0,220,83,7
S01012156,64,196,1,25,273,62,12
S01012157,118,161,0,2,122,103,2
S01012158,140,232,0,4,46,123,2
S01012159,136,89,0,2,1,3,1
S01012160,171,103,2,1,0,8,2
S01012161,39,35,1,0,81,36,6
S01012162,73,158,8,4,136,76,4
S01012163,66,141,0,6,111,80,4
S01012164,111,250,2,0,8,31,3
S01012165,89,82,0,3,187,57,5
S01012166,76,71,2,0,77,52,4
S01012167,131,112,1,1,89,51,5
S01012168,165,123,0,1,9,19,4
S01012169,156,133,1,0,68,45,3
S01012170,209,152,2,2,125,58,7
S01012171,181,156,0,1,88,58,1
S01012172,101,88,1,3,63,44,4
S01012173,178,91,0,1,0,10,2
S01012174,151,150,0,1,8,17,0
S01012175,193,110,1,0,5,33,6
S01012176,193,124,0,0,6,22,4
S01012177,143,82,0,0,2,10,0
S01012178,152,73,2,0,2,10,1
S01012179,129,72,0,4,47,21,5
S01012180,135,105,0,0,34,17,2
S01012181,142,100,1,1,64,44,3
S01012182,215,617,0,25,95,129,5
S01012183,143,210,0,5,213,99,8
S01012184,117,335,0,22,11,107,12
S01012185,74,89,0,0,176,202,7
S01012186,111,105,0,1,82,45,3
S01012187,90,104,0,1,98,53,4
S01012188,144,77,1,0,18,15,2
S01012189,96,103,0,0,31,5,4
S01012190,78,110,0,0,2,9,2
S01012191,172,105,8,4,6,4,0
S01012192,117,137,0,6,1,7,1
S01012193,83,90,0,0,1,3,2
S01012194,78,93,1,0,2,6,0
S01012195,183,178,6,0,23,19,3
S01012196,81,94,1,0,8,15,1
S01012197,113,102,4,1,68,21,1
S01012198,133,134,0,0,108,22,4
S01012199,111,126,0,0,35,22,0
S01012200,108,97,0,0,40,17,5
S01012201,102,125,0,2,59,24,2
S01012202,97,104,0,0,27,10,0
S01012203,214,82,0,0,2,10,5
S01012204,162,90,2,2,3,4,4
S01012205,161,111,0,0,3,12,2
S01012206,152,126,0,4,21,24,0
S01012207,123,165,0,3,67,38,1
S01012208,154,160,0,0,88,41,8
S01012209,98,99,0,0,81,43,2
S01012210,124,102,0,0,120,43,2
S01012211,153,150,0,0,64,31,9
S01012212,198,99,0,1,3,5,3
S01012213,223,104,0,0,4,7,0
S01012214,180,102,0,2,4,7,4
S01012215,198,114,0,1,2,6,3
S01012216,164,106,0,2,3,8,2
S01012217,51,48,3,0,129,32,1
S01012218,45,36,0,2,124,27,7
S01012219,125,85,0,0,169,22,2
S01012220,56,50,0,0,225,32,2
S01012221,71,74,5,5,119,29,2
S01012222,144,99,1,1,132,41,9
S01012223,78,72,0,0,163,30,7
S01012224,105,129,2,4,82,42,5
S01012225,117,127,1,3,156,48,6
S01012226,132,121,1,0,17,17,0
S01012227,129,90,0,0,23,21,0
S01012228,112,100,0,0,24,16,2
S01012229,163,110,2,1,2,41,2
S01012230,216,157,0,0,3,24,4
S01012231,161,119,0,0,0,4,1
S01012232,167,134,0,0,1,7,1
S01012233,198,125,0,0,2,6,1
S01012234,184,158,1,1,20,19,1
S01012235,142,71,0,0,2,4,3
S01012236,127,143,0,3,24,34,4
S01012237,165,128,0,0,5,17,1
S01012238,86,99,1,0,64,54,9
S01012239,72,75,0,0,81,37,5
S01012240,147,127,0,4,53,47,4
S01012241,136,78,2,0,2,6,2
S01012242,164,157,0,0,4,7,3
S01012243,118,121,0,2,5,4,0
S01012244,157,127,4,0,4,39,10
S01012245,151,107,1,0,58,23,1
S01012246,188,152,9,4,40,24,0
S01012247,140,113,0,0,17,34,15
S01012248,136,99,3,2,23,58,16
S01012249,182,82,0,2,47,52,18
S01012250,181,149,1,0,33,89,22
S01012251,156,116,1,0,163,62,8
S01012252,115,85,5,1,116,30,2
S01012253,169,87,0,2,140,107,7
S01012254,169,126,2,1,52,53,6
S01012255,239,94,6,1,67,88,8
S01012256,156,90,0,3,15,6,3
S01012257,186,105,2,4,96,28,7
S01012258,173,108,0,0,6,19,2
S01012259,178,87,0,0,7,11,1
S01012260,141,126,0,0,104,26,6
S01012261,130,146,0,1,44,10,2
S01012262,185,177,0,0,40,95,24
S01012263,144,102,0,3,84,45,4
S01012264,96,60,0,0,42,28,2
S01012265,109,103,0,3,121,13,8
S01012266,225,130,0,2,135,61,8
S01012267,179,133,1,0,22,40,6
S01012268,99,42,2,0,38,97,18
S01012269,216,119,0,5,81,47,4
S01012270,137,96,0,0,97,31,2
S01012271,255,319,3,23,132,107,35
S01012272,146,104,0,0,38,23,4
S01012273,189,105,0,0,31,38,16
S01012274,180,113,0,2,76,77,11
S01012275,123,69,0,5,91,181,7
S01012276,174,122,1,0,104,96,9
S01012277,154,129,0,2,131,104,4
S01012278,107,69,0,0,88,168,4
S01012279,95,61,0,4,115,125,5
S01012280,131,105,0,3,138,35,6
S01012281,115,98,2,1,44,100,5
S01012282,215,93,1,1,99,61,13
S01012283,156,96,3,0,94,34,6
S01012284,123,66,0,0,153,97,5
S01012285,142,69,0,0,57,15,2
S01012286,153,103,0,4,178,34,4
S01012287,73,44,2,0,265,29,11
S01012288,103,40,0,0,185,23,6
S01012289,271,96,0,1,33,47,2
S01012290,115,69,0,0,73,40,6
S01012291,181,185,0,4,81,67,2
S01012292,195,66,0,0,32,51,8
S01012293,111,46,1,1,42,14,2
S01012294,145,111,4,3,82,23,8
S01012295,83,97,8,1,67,32,1
S01012296,117,168,0,1,57,31,5
S01012297,125,84,0,0,8,47,19
S01012298,167,114,6,0,77,37,10
S01012299,124,86,1,0,7,44,22
S01012300,123,67,0,2,65,36,5
S01012301,182,77,1,0,52,82,26
S01012302,85,46,0,0,17,72,29
S01012303,177,118,1,1,18,75,26
S01012304,212,115,0,0,40,62,15
S01012305,155,59,2,3,190,51,6
S01012306,88,40,0,1,163,32,3
S01012307,104,47,0,1,133,35,7
S01012308,148,100,0,1,96,22,4
S01012309,130,63,0,0,84,17,4
S01012310,254,111,1,2,78,70,16
S01012311,147,55,0,0,34,15,4
S01012312,235,103,1,0,54,69,14
S01012313,147,90,2,0,48,39,9
S01012314,117,86,2,4,157,8,8
S01012315,169,58,2,0,126,31,4
S01012316,89,54,0,3,129,22,2
S01012317,90,72,0,4,78,10,2
S01012318,104,73,0,6,125,11,5
S01012319,128,50,2,0,10,120,22
S01012320,106,51,0,0,96,17,0
S01012321,159,122,0,0,86,38,8
S01012322,228,116,0,0,16,84,22
S01012323,237,94,3,3,22,72,10
S01012324,214,70,4,3,10,169,26
S01012325,166,46,4,0,62,20,5
S01012326,95,50,0,2,108,40,4
S01012327,156,64,3,2,114,38,6
S01012328,158,46,0,0,65,21,5
S01012329,144,57,3,0,24,137,32
S01012330,151,56,3,3,40,28,3
S01012331,125,111,0,1,12,16,2
S01012332,169,88,0,0,23,142,34
S01012333,205,87,0,3,8,151,25
S01012334,165,85,0,0,137,21,7
S01012335,159,141,0,0,59,42,4
S01012336,134,71,0,0,50,21,8
S01012337,115,53,0,2,223,39,13
S01012338,136,65,2,3,111,79,4
S01012339,130,27,2,1,130,97,8
S01012340,296,83,1,6,152,30,3
S01012341,170,73,1,1,39,104,14
S01012342,191,101,2,1,48,73,14
S01012343,180,72,0,0,30,159,19
S01012344,121,67,0,4,96,33,4
S01012345,149,84,0,1,137,27,5
S01012346,127,57,0,0,16,124,29
S01012347,161,88,0,0,93,24,7
S01012348,160,71,4,0,46,21,4
S01012349,130,97,0,4,136,28,7
S01012350,174,83,0,2,102,20,7
S01012351,115,102,1,0,107,36,12
S01012352,143,72,0,2,76,49,9
S01012353,129,56,1,2,170,85,2
S01012354,200,64,0,2,66,48,13
S01012355,222,70,2,0,11,92,34
S01012356,167,77,0,0,47,40,10
S01012357,226,83,1,0,5,57,10
S01012358,201,71,2,1,20,71,20
S01012359,86,51,0,0,182,41,9
S01012360,62,44,0,0,171,30,3
S01012361,46,39,0,0,167,7,8
S01012362,31,24,0,1,214,14,5
S01012363,150,77,1,0,243,109,13
S01012364,109,74,0,0,50,108,5
S01012365,234,144,1,1,7,48,6
S01012366,198,96,0,0,63,111,22
S01012367,188,107,1,0,62,26,18
S01012368,162,87,0,0,30,9,5
S01012369,169,108,0,1,48,42,11
S01012370,136,87,0,0,194,61,12
S01012371,176,100,0,2,133,78,11
S01012372,134,55,0,1,121,69,4
S01012373,200,117,0,3,91,28,17
S01012374,166,116,0,0,92,18,14
S01012375,139,95,0,0,158,20,8
S01012376,213,109,1,1,25,75,13
S01012377,169,55,2,0,20,43,7
S01012378,130,49,0,0,5,66,29
S01012379,106,49,0,0,20,52,20
S01012380,142,98,0,3,151,29,5
S01012381,133,84,0,0,154,75,10
S01012382,242,119,0,2,42,24,7
S01012383,183,88,2,1,87,49,3
S01012384,111,61,0,5,47,48,4
S01012385,149,87,0,1,40,47,6
S01012386,94,65,1,1,246,15,5
S01012387,176,108,2,0,60,46,6
S01012388,200,97,0,0,15,27,7
S01012389,173,126,2,0,78,18,6
S01012390,166,109,0,0,37,26,8
S01012391,217,155,7,5,93,23,14
S01012392,142,61,7,2,107,7,9
S01012393,151,93,2,0,66,19,9
S01012394,72,43,0,0,151,14,1
S01012395,94,48,11,1,75,17,2
S01012396,105,78,0,0,82,55,6
S01012397,180,87,3,2,104,45,8
S01012398,133,97,1,0,130,57,7
S01012399,108,75,0,1,104,31,5
S01012400,81,56,0,0,140,29,3
S01012401,115,64,10,2,181,23,9
S01012402,113,95,3,8,119,16,3
S01012403,225,140,0,1,36,27,7
S01012404,151,91,1,0,119,29,12
S01012405,169,115,0,1,13,22,7
S01012406,146,97,0,1,31,13,7
S01012407,168,104,0,0,68,15,4
S01012408,142,70,0,0,20,20,10
S01012409,142,80,0,0,38,20,7
S01012410,177,112,1,1,119,32,9
S01012411,162,104,2,0,141,21,14
S01012412,151,59,0,0,71,18,8
S01012413,261,56,2,2,67,36,13
S01012414,184,49,0,0,84,26,11
S01012415,135,45,2,0,37,6,5
S01012416,137,38,0,0,25,9,12
S01012417,128,40,0,0,55,29,21
S01012418,186,65,0,0,27,61,20
S01012419,176,62,4,0,19,32,14
S01012420,141,54,0,0,112,37,8
S01012421,138,60,0,0,64,52,8
S01012422,179,91,1,0,47,77,9
S01012423,185,85,1,0,34,44,4
S01012424,156,112,1,0,119,37,2
S01012425,69,46,0,0,134,21,7
S01012426,73,46,0,1,107,23,3
S01012427,82,40,0,1,113,28,12
S01012428,137,47,1,0,64,30,4
S01012429,149,61,0,0,32,26,3
S01012430,152,51,0,0,38,33,8
S01012431,232,89,2,0,46,52,12
S01012432,171,68,0,2,102,11,3
S01012433,125,46,1,1,61,39,9
S01012434,97,61,0,0,89,46,3
S01012435,78,86,0,0,102,46,4
S01012436,108,61,1,3,71,43,4
S01012437,99,79,0,0,64,18,6
S01012438,122,97,0,0,83,21,5
S01012439,128,72,0,0,96,32,3
S01012440,139,75,0,1,9,13,1
S01012441,191,97,0,2,50,28,6
S01012442,267,288,2,11,117,53,14
S01012443,144,96,0,0,37,37,13
S01012444,168,150,1,2,36,25,3
S01012445,75,75,0,1,19,8,1
S01012446,72,79,0,0,72,34,3
S01012447,188,133,1,0,9,19,5
S01012448,161,143,1,2,34,26,7
S01012449,80,113,0,1,28,26,2
S01012450,201,132,0,0,49,37,4
S01012451,322,110,2,1,6,15,2
S01012452,187,97,1,12,0,14,5
S01012453,189,104,0,2,2,5,2
S01012454,195,88,0,0,1,13,2
S01012455,176,67,0,0,2,11,3
S01012456,184,109,0,1,2,11,0
S01012457,284,93,1,3,2,6,1
S01012458,234,94,1,0,3,16,7
S01012459,91,86,0,0,5,7,3
S01012460,162,68,0,0,4,11,3
S01012461,102,91,0,1,63,45,6
S01012462,103,91,1,0,120,50,6
S01012463,80,62,0,0,82,40,2
S01012464,65,63,0,0,89,29,3
S01012465,88,105,0,0,80,24,2
S01012466,161,89,1,0,63,34,3
S01012467,125,109,0,0,38,60,6
S01012468,126,118,1,0,29,37,1
S01012469,225,90,2,0,5,15,3
S01012470,172,150,1,4,91,65,5
S01012471,228,105,0,0,3,12,3
S01012472,206,93,0,0,1,15,5
S01012473,132,65,0,0,3,12,6
S01012474,174,84,1,2,97,15,4
S01012475,168,82,0,0,12,29,5
S01012476,144,142,1,5,66,57,8
S01012477,153,96,0,0,0,11,2
S01012478,146,145,1,1,79,40,1
S01012479,141,104,0,0,1,14,0
S01012480,98,48,0,0,79,74,12
S01012481,161,128,0,0,28,200,1
S01012482,254,99,0,1,9,77,9
S01012483,139,62,0,0,112,134,11
S01012484,182,115,0,1,33,40,4
S01012485,228,95,1,2,4,55,6
S01012486,177,42,0,0,2,13,5
S01012487,86,76,0,0,47,46,5
S01012488,216,108,2,1,129,75,9
S01012489,60,52,1,1,274,126,7
S01012490,111,89,0,0,256,200,16
S01012491,29,33,0,0,142,47,1
S01012492,72,31,0,0,247,122,9
S01012493,84,52,0,0,27,24,4
S01012494,113,141,0,2,66,52,4
S01012495,117,120,1,2,136,61,11
S01012496,89,70,0,2,121,20,1
S01012497,56,49,0,1,85,17,2
S01012498,46,56,0,1,228,22,4
S01012499,56,51,0,0,124,29,3
S01012500,46,43,0,0,144,22,2
S01012501,30,22,0,0,163,22,8
S01012502,54,38,1,0,216,21,6
S01012503,55,56,0,0,141,24,7
S01012504,76,56,0,2,150,42,6
S01012505,132,110,0,0,221,42,8
S01012506,122,67,0,2,68,39,6
S01012507,177,115,0,2,76,64,6
S01012508,137,144,0,2,85,55,7
S01012509,135,74,0,0,11,33,0
S01012510,169,180,0,2,30,44,5
S01012511,124,73,1,0,29,15,2
S01012512,101,53,1,0,31,8,3
S01012513,102,98,0,1,3,15,0
S01012514,136,203,4,0,21,45,3
S01012515,72,69,6,2,154,33,7
S01012516,146,88,5,0,83,26,3
S01012517,146,144,0,0,120,79,4
S01012518,142,70,0,2,22,30,8
S01012519,125,75,0,1,19,52,1
S01012520,232,86,0,0,0,10,2
S01012521,119,71,2,0,12,40,4
S01012522,253,119,0,0,5,21,1
S01012523,192,116,0,0,19,18,6
S01012524,243,120,1,1,45,40,7
S01012525,190,105,2,1,2,24,6
S01012526,216,102,0,1,1,16,4
S01012527,184,73,0,1,27,21,5
S01012528,104,127,0,0,68,22,6
S01012529,106,67,0,1,58,38,5
S01012530,229,136,0,3,11,17,3
S01012531,182,185,0,0,33,34,6
S01012532,180,174,0,0,33,41,14
S01012533,114,66,0,0,24,51,1
S01012534,100,87,0,1,69,29,3
S01012535,130,134,0,0,65,29,5
S01012536,128,95,2,0,91,31,5
S01012537,119,80,2,1,78,26,15
S01012538,161,164,0,0,132,37,6
S01012539,131,70,0,0,55,18,2
S01012540,93,71,0,0,114,16,6
S01012541,168,128,0,0,114,64,16
S01012542,224,234,0,1,68,30,7
S01012543,157,97,0,0,15,13,12
S01012544,149,100,0,1,69,32,10
S01012545,58,58,0,0,90,7,1
S01012546,151,117,0,0,48,21,13
S01012547,158,76,0,0,42,9,4
S01012548,299,397,0,6,80,35,5
S01012549,46,63,0,0,82,28,3
S01012550,134,111,0,1,71,23,4
S01012551,174,114,0,0,3,23,1
S01012552,225,112,1,2,23,26,1
S01012553,155,182,4,2,2,37,3
S01012554,106,60,0,1,3,19,2
S01012555,118,84,0,0,0,7,0
S01012556,143,63,0,1,1,2,2
S01012557,176,77,0,2,12,11,0
S01012558,102,87,0,1,69,22,3
S01012559,166,53,0,1,141,57,2
S01012560,100,76,1,0,58,28,3
S01012561,127,98,4,1,96,34,3
S01012562,129,81,0,0,90,115,7
S01012563,220,91,0,0,1,7,2
S01012564,180,80,0,1,11,19,1
S01012565,173,89,2,0,55,37,4
S01012566,171,96,0,1,44,139,11
S01012567,216,100,0,0,90,109,7
S01012568,153,72,0,0,13,11,1
S01012569,271,107,2,0,1,15,2
S01012570,98,61,0,0,21,21,8
S01012571,165,78,0,0,39,61,14
S01012572,77,54,0,0,36,20,19
S01012573,185,106,0,3,16,48,15
S01012574,185,127,2,1,30,28,6
S01012575,147,82,0,0,27,39,12
S01012576,178,78,3,1,20,63,9
S01012577,223,189,0,8,71,53,9
S01012578,185,95,0,0,98,59,6
S01012579,137,102,0,0,64,28,8
S01012580,168,113,0,1,24,44,6
S01012581,98,62,1,0,111,16,7
S01012582,169,161,0,0,45,39,4
S01012583,109,93,0,0,105,27,7
S01012584,161,105,0,4,54,27,5
S01012585,134,85,0,0,138,35,9
S01012586,140,147,0,0,12,20,3
S01012587,184,119,0,1,12,15,12
S01012588,150,98,2,0,8,11,2
S01012589,78,72,0,0,112,14,6
S01012590,106,90,0,0,145,33,2
S01012591,109,64,0,2,149,15,7
S01012592,74,187,1,5,7,4,3
S01012593,174,137,0,1,26,11,9
S01012594,91,87,0,0,23,14,0
S01012595,128,86,0,0,48,16,7
S01012596,104,93,0,0,85,19,4
S01012597,40,104,2,0,19,18,4
S01012598,156,92,0,0,21,19,10
S01012599,139,91,0,0,33,47,6
S01012600,172,103,0,1,2,24,1
S01012601,186,153,1,1,12,28,2
S01012602,73,71,1,0,160,41,5
S01012603,102,77,2,0,102,32,6
S01012604,100,81,1,0,73,22,2
S01012605,99,65,0,0,64,13,1
S01012606,61,204,0,0,6,7,0
S01012607,134,121,1,2,53,19,3
S01012608,134,101,0,1,116,13,4
S01012609,85,88,1,2,171,25,4
S01012610,110,82,0,0,239,33,4
S01012611,181,207,1,9,53,37,3
S01012612,136,69,1,0,70,19,6
S01012613,117,71,2,0,64,22,2
S01012614,201,123,0,2,127,47,4
S01012615,160,112,0,1,46,33,3
S01012616,177,148,1,4,61,19,6
S01012617,101,208,0,7,21,10,5
S01012618,97,73,0,0,32,14,0
S01012619,96,59,0,0,94,48,3
S01012620,209,98,0,1,10,17,7
S01012621,147,91,0,0,22,18,3
S01012622,135,105,2,0,76,21,1
S01012623,113,74,0,0,102,29,5
S01012624,121,100,0,0,75,43,7
S01012625,66,88,0,0,85,13,0
S01012626,133,62,0,0,10,15,3
S01012627,92,50,1,0,88,41,3
S01012628,163,222,0,1,33,42,6
S01012629,102,77,0,0,7,24,2
S01012630,205,83,2,1,148,85,8
S01012631,97,87,0,0,113,21,4
S01012632,176,105,0,3,9,25,8
S01012633,136,82,0,0,32,23,3
S01012634,138,86,1,3,91,19,2
S01012635,229,160,1,1,92,28,11
S01012636,134,127,0,0,19,17,8
S01012637,93,59,2,0,138,23,5
S01012638,137,108,0,1,112,42,11
S01012639,130,97,0,0,121,25,5
S01012640,108,58,0,0,195,39,10
S01012641,171,97,9,3,115,78,11
S01012642,84,60,0,0,203,24,5
S01012643,69,48,0,0,64,14,3
S01012644,78,100,0,0,91,38,2
S01012645,119,119,0,0,82,51,6
S01012646,185,154,0,3,33,29,3
S01012647,56,157,0,3,2,24,0
S01012648,61,61,0,0,90,18,1
S01012649,109,80,1,3,48,10,2
S01012650,144,116,0,2,37,17,2
S01012651,76,57,0,2,162,31,5
S01012652,245,157,0,2,11,27,9
S01012653,122,118,0,0,105,30,8
S01012654,177,302,0,24,23,50,11
S01012655,149,145,0,2,110,31,3
S01012656,130,92,0,0,119,40,0
S01012657,91,78,0,0,55,40,3
S01012658,247,122,0,1,6,30,6
S01012659,142,190,0,2,4,23,1
S01012660,100,102,1,1,105,20,12
S01012661,142,157,0,3,18,42,3
S01012662,157,95,0,0,103,60,0
S01012663,169,99,0,0,7,20,1
S01012664,162,131,0,0,69,100,5
S01012665,77,71,0,0,171,30,2
S01012666,95,64,0,0,123,28,7
S01012667,91,56,0,2,113,21,4
S01012668,100,103,0,0,77,36,3
S01012669,144,94,0,2,12,11,4
S01012670,177,99,0,2,5,14,1
S01012671,128,108,0,0,115,40,3
S01012672,66,51,2,3,236,25,5
S01012673,58,48,0,1,114,23,8
S01012674,46,57,0,0,118,23,3
S01012675,114,97,0,0,149,24,6
S01012676,93,114,1,0,59,33,4
S01012677,88,82,0,0,82,20,1
S01012678,124,180,0,0,5,21,2
S01012679,141,92,0,1,96,28,7
S01012680,87,117,0,2,9,8,1
S01012681,156,180,0,3,16,51,4
S01012682,149,89,0,0,39,30,4
S01012683,121,99,0,0,69,35,2
S01012684,102,83,0,0,9,25,8
S01012685,94,108,0,0,86,28,5
S01012686,192,150,0,0,13,61,1
S01012687,166,69,0,0,1,2,3
S01012688,189,119,1,0,32,98,11
S01012689,100,74,0,0,11,8,3
S01012690,111,77,0,0,6,6,1
S01012691,154,115,0,0,6,7,1
S01012692,118,118,1,1,72,21,5
S01012693,175,209,0,0,7,10,2
S01012694,73,69,0,0,34,13,0
S01012695,154,121,1,0,19,16,6
S01012696,148,164,0,0,7,25,4
S01012697,136,219,0,2,10,23,9
S01012698,209,127,0,0,15,23,10
S01012699,233,260,2,8,37,29,5
S01012700,169,115,2,0,19,12,4
S01012701,175,313,0,6,2,21,1
S01012702,131,243,0,10,39,61,6
S01012703,74,98,0,0,26,3,2
S01012704,82,111,0,5,96,25,6
S01012705,121,117,0,0,1,10,0
S01012706,94,95,0,0,87,31,8
S01012707,174,107,0,1,6,4,1
S01012708,81,61,4,1,93,44,7
S01012709,115,60,0,0,95,22,5
S01012710,108,75,2,0,120,36,9
S01012711,127,58,0,0,204,56,6
S01012712,178,114,0,0,6,14,2
S01012713,172,114,0,0,13,27,4
S01012714,173,83,1,1,3,20,3
S01012715,91,89,0,0,97,80,4
S01012716,220,91,0,0,24,37,8
S01012717,237,111,1,0,126,173,11
S01012718,203,120,0,1,28,97,9
S01012719,174,145,0,3,56,160,11
S01012720,67,64,0,0,28,108,10
S01012721,127,104,0,0,23,23,3
S01012722,96,84,0,2,151,49,5
S01012723,78,80,0,0,150,49,5
S01012724,129,104,2,0,71,86,3
S01012725,156,118,0,1,54,131,7
S01012726,109,90,1,0,40,20,3
S01012727,58,77,0,0,111,11,3
S01012728,46,49,1,0,202,15,6
S01012729,125,134,1,0,43,29,4
S01012730,73,66,0,1,92,27,4
S01012731,94,117,0,0,89,26,1
S01012732,79,96,0,1,64,36,1
S01012733,91,699,0,17,43,20,0
S01012734,41,141,0,1,2,7,0
S01012735,75,63,0,1,51,19,2
S01012736,122,148,0,1,85,22,6
S01012737,110,161,0,0,18,25,0
S01012738,99,81,0,0,56,8,6
S01012739,66,209,0,0,3,12,4
S01012740,42,227,1,3,43,12,1
S01012741,127,104,0,1,0,28,4
S01012742,154,116,0,0,0,4,0
S01012743,149,80,0,0,0,1,1
S01012744,129,130,0,0,3,8,0
S01012745,186,225,0,2,9,12,0
S01012746,110,148,0,1,16,20,3
S01012747,136,117,0,3,64,10,4
S01012748,57,70,0,0,197,31,2
S01012749,66,70,1,0,181,59,1
S01012750,85,80,0,4,147,64,5
S01012751,123,123,0,2,118,41,7
S01012752,87,100,0,1,109,24,10
S01012753,49,49,0,0,101,19,2
S01012754,102,73,0,1,76,13,5
S01012755,52,44,0,5,120,32,4
S01012756,95,60,3,2,81,17,3
S01012757,68,57,1,1,60,19,1
S01012758,89,81,0,4,64,36,3
S01012759,82,88,0,1,150,31,5
S01012760,104,95,0,2,165,58,3
S01012761,122,98,1,0,99,29,5
S01012762,148,82,0,4,29,32,5
S01012763,54,51,0,1,63,18,2
S01012764,96,110,1,0,108,12,7
S01012765,109,89,1,0,83,6,6
S01012766,106,119,1,0,119,13,6
S01012767,128,82,0,2,3,6,0
S01012768,178,97,0,0,1,8,4
S01012769,71,66,0,2,5,6,0
S01012770,124,145,0,0,83,56,5
S01012771,129,88,0,0,40,34,3
S01012772,83,88,0,0,91,21,4
S01012773,162,133,0,0,82,31,5
S01012774,131,137,0,3,106,46,1
S01012775,67,54,0,4,54,27,2
S01012776,93,85,0,0,101,20,7
S01012777,86,207,0,0,51,38,4
S01012778,53,92,2,0,110,21,2
S01012779,42,60,0,1,91,31,1
S01012780,56,62,2,0,159,32,11
S01012781,133,105,0,0,152,23,3
S01012782,43,49,0,0,120,40,1
S01012783,64,86,1,1,128,45,2
S01012784,81,115,0,0,108,38,3
S01012785,106,68,0,1,149,43,6
S01012786,39,48,1,0,195,73,8
S01012787,46,100,1,0,27,41,2
S01012788,69,62,0,4,109,25,3
S01012789,143,88,0,0,76,23,4
S01012790,85,124,0,1,34,70,5
S01012791,185,116,1,0,10,22,1
S01012792,137,145,1,1,94,101,11
S01012793,83,75,0,2,144,51,9
S01012794,142,93,0,0,34,117,5
S01012795,89,104,0,3,224,24,4
S01012796,63,141,0,0,87,30,4
S01012797,58,92,0,0,114,19,3
S01012798,202,173,0,0,27,46,5
S01012799,220,125,0,0,23,52,2
S01012800,183,145,1,2,4,44,5
S01012801,163,47,0,2,4,29,7
S01012802,129,73,0,0,0,5,0
S01012803,148,99,0,2,3,4,1
S01012804,109,73,0,0,101,41,4
S01012805,114,127,0,0,76,42,8
S01012806,103,134,2,2,62,29,3
S01012807,120,92,0,1,4,14,1
S01012808,291,389,0,8,124,81,15
S01012809,119,91,1,1,18,110,3
S01012810,96,66,0,0,215,49,7
S01012811,159,136,1,5,37,40,15
S01012812,138,78,3,1,24,40,2
S01012813,234,148,2,0,3,18,2
S01012814,126,188,0,1,4,15,1
S01012815,77,215,0,0,2,38,1
S01012816,66,127,0,0,14,22,1
S01012817,51,123,0,0,0,0,0
S01012818,114,144,0,0,5,13,1
S01012819,94,82,0,4,142,30,4
S01012820,182,1251,0,50,22,45,4
S01012821,39,178,1,2,14,31,4
S01012822,29,33,0,0,114,52,4
S01012823,85,179,0,1,3,10,1
S01012824,74,141,0,0,19,26,4
S01012825,67,46,0,2,101,30,2
S01012826,10,48,4,0,153,10,2
S01012827,34,177,0,0,9,16,3
S01012828,67,247,0,4,8,35,4
S01012829,80,97,0,1,137,18,8
S01012830,100,92,0,1,104,18,4
S01012831,114,91,0,0,104,22,8
S01012832,75,55,0,0,111,9,3
S01012833,78,67,4,6,141,20,4
S01012834,105,78,1,0,89,29,4
S01012835,149,140,0,1,76,57,3
S01012836,61,157,0,1,5,10,2
S01012837,21,22,0,0,244,2,3
S01012838,15,8,0,0,322,17,8
S01012839,154,107,0,0,4,23,1
S01012840,97,175,0,0,7,30,0
S01012841,132,94,0,0,14,8,2
S01012842,111,83,1,0,6,10,2
S01012843,180,152,0,1,6,11,0
S01012844,112,130,0,0,5,4,3
S01012845,128,134,0,0,57,18,3
S01012846,119,78,0,0,226,86,2
S01012847,91,86,0,0,74,24,0
S01012848,87,132,0,0,15,15,4
S01012849,96,122,1,0,58,75,4
S01012850,131,100,0,0,72,20,3
S01012851,176,143,0,1,51,7,2
S01012852,167,119,0,0,4,7,0
S01012853,217,103,0,2,3,11,10
S01012854,171,161,0,4,5,31,1
S01012855,81,140,0,0,10,32,2
S01012856,112,302,2,13,225,50,8
S01012857,147,91,0,0,150,57,5
S01012858,72,82,0,1,230,57,4
S01012859,139,178,1,0,73,148,3
S01012860,228,103,0,0,18,32,6
S01012861,141,136,0,0,6,32,1
S01012862,47,35,0,2,145,66,3
S01012863,52,52,0,2,249,120,1
S01012864,66,71,5,0,201,92,3
S01012865,154,117,1,2,100,36,5
S01012866,118,122,0,1,101,46,6
S01012867,117,81,1,4,164,31,8
S01012868,91,68,0,1,92,50,1
S01012869,28,20,0,0,180,18,5
S01012870,226,133,0,1,56,27,4
S01012871,209,119,0,3,3,46,3
S01012872,115,108,3,2,5,92,6
S01012873,133,118,0,3,13,60,0
S01012874,114,100,0,3,138,30,2
S01012875,66,76,0,1,88,32,2
S01012876,115,174,0,9,146,32,2
S01012877,126,113,1,1,70,14,5
S01012878,223,296,1,8,2,27,3
S01012879,161,125,0,0,8,34,4
S01012880,219,134,0,2,6,17,4
S01012881,216,141,0,2,27,25,10
S01012882,45,49,0,1,112,14,0
S01012883,50,40,0,0,175,25,3
S01012884,43,58,1,0,138,28,1
S01012885,71,42,0,1,165,52,1
S01012886,179,136,0,0,18,17,0
S01012887,220,114,0,0,7,9,7
S01012888,171,134,3,0,15,6,4
S01012889,104,218,0,6,45,13,2
S01012890,84,81,0,2,158,18,2
S01012891,65,74,0,0,50,13,3
S01012892,137,128,1,5,319,38,8
S01012893,95,64,2,4,149,32,4
S01012894,140,558,0,18,87,23,4
S01012895,104,347,0,11,25,14,5
S01012896,113,72,0,1,236,30,6
S01012897,112,280,0,15,10,27,4
S01012898,33,134,0,0,2,6,1
S01012899,50,42,3,0,178,24,3
S01012900,180,724,4,48,222,39,3
S01012901,134,122,0,0,40,57,4
S01012902,100,125,0,2,63,51,2
S01012903,117,113,0,0,85,67,0
S01012904,118,146,0,2,74,82,5
S01012905,54,64,0,1,112,36,1
S01012906,162,170,0,2,56,57,3
S01012907,127,133,0,1,132,64,6
S01012908,131,110,0,0,60,50,5
S01012909,95,71,0,0,73,32,4
S01012910,98,99,0,3,223,46,8
S01012911,146,130,0,0,47,39,3
S01012912,118,102,0,1,69,43,6
S01012913,166,126,0,0,72,39,7
S01012914,108,156,0,1,57,55,5
S01012915,108,183,2,1,137,71,5
S01012916,118,97,0,1,71,50,5
S01012917,135,108,0,2,6,11,0
S01012918,96,78,0,1,29,57,2
S01012919,106,41,0,1,21,31,5
S01012920,145,90,0,0,0,11,3
S01012921,121,102,1,0,43,52,4
S01012922,163,278,2,1,51,49,3
S01012923,120,110,1,2,17,51,1
S01012924,63,77,0,0,28,50,4
S01012925,106,65,0,0,4,25,2
S01012926,115,115,0,0,23,54,4
S01012927,126,112,0,2,35,60,0
S01012928,199,154,1,3,23,36,7
S01012929,151,116,1,1,21,35,4
S01012930,135,89,0,1,115,72,6
S01012931,231,147,0,0,71,110,8
S01012932,91,83,0,0,17,16,3
S01012933,140,121,0,1,84,28,7
S01012934,137,106,0,0,63,77,4
S01012935,134,142,1,1,50,31,3
S01012936,141,90,0,2,79,73,5
S01012937,106,103,0,3,40,44,4
S01012938,155,96,1,3,38,13,2
S01012939,127,88,0,0,1,1,3
S01012940,144,107,0,0,3,11,3
S01012941,135,115,0,1,5,10,1
S01012942,96,108,3,2,84,52,7
S01012943,130,113,0,1,11,23,1
S01012944,111,74,1,1,0,1,7
S01012945,159,177,0,3,11,9,1
S01012946,134,145,0,4,4,37,3
S01012947,84,60,0,1,2,3,1
S01012948,133,105,0,1,1,4,2
S01012949,162,112,0,1,3,16,4
S01012950,129,149,0,1,5,9,0
S01012951,106,233,0,0,2,11,1
S01012952,235,213,0,0,5,13,3
S01012953,135,111,1,3,3,30,3
S01012954,77,86,0,2,2,6,3
S01012955,157,208,0,4,6,53,0
S01012956,155,138,0,0,105,43,4
S01012957,98,91,0,0,55,27,0
S01012958,74,130,0,0,26,5,0
S01012959,93,102,2,0,13,17,0
S01012960,88,73,0,0,60,4,1
S01012961,111,105,0,0,2,13,0
S01012962,142,84,0,0,0,7,0
S01012963,107,132,0,1,4,7,1
S01012964,55,152,0,0,4,8,0
S01012965,75,93,0,0,78,13,0
S01012966,112,300,0,9,35,43,0
S01012967,70,63,0,0,25,18,0
S01012968,82,82,0,3,51,32,0
S01012969,79,80,0,1,126,40,4
S01012970,87,73,0,4,63,10,4
S01012971,68,99,0,2,103,29,0
S01012972,83,86,0,6,114,32,3
S01012973,111,118,0,1,79,31,1
S01012974,143,132,1,0,209,54,5
S01012975,55,72,0,0,113,23,9
S01012976,90,65,1,0,56,37,0
S01012977,87,87,0,2,62,40,0
S01012978,91,91,0,4,91,28,3
S01012979,94,95,0,1,36,15,1
S01012980,100,96,0,1,67,42,3
S01012981,99,116,0,1,64,47,3
S01012982,140,124,2,2,43,59,4
S01012983,181,103,0,0,6,32,2
S01012984,98,105,0,1,40,28,6
S01012985,139,120,0,1,29,29,1
S01012986,136,181,2,2,65,54,4
S01012987,130,103,1,0,71,37,3
S01012988,159,123,0,2,93,54,11
S01012989,160,144,0,4,83,49,4
S01012990,85,83,0,0,92,23,5
S01012991,115,128,0,2,83,47,1
S01012992,126,109,0,2,60,63,6
S01012993,119,100,0,0,65,65,5
S01012994,159,87,0,3,162,90,9
S01012995,140,125,0,2,41,25,2
S01012996,88,94,0,0,51,7,1
S01012997,76,70,0,2,46,9,4
S01012998,137,155,0,1,62,44,5
S01012999,69,67,0,2,50,24,4
S01013000,116,91,0,2,62,46,2
S01013001,55,49,0,0,14,16,5
S01013002,110,69,0,0,9,25,12
S01013003,133,84,0,1,0,8,3
S01013004,154,81,0,0,32,21,2
S01013005,204,116,0,0,33,39,9
S01013006,63,62,0,0,7,6,2
S01013007,245,151,0,0,9,44,3
S01013008,178,136,0,0,53,34,5
S01013009,108,86,0,0,49,18,7
S01013010,154,91,0,0,11,35,0
S01013011,105,96,1,0,45,25,0
S01013012,90,74,0,2,86,34,3
S01013013,171,159,0,0,33,28,7
S01013014,153,75,0,3,72,58,6
S01013015,173,110,0,0,8,21,8
S01013016,123,71,0,0,5,24,6
S01013017,158,103,0,2,105,17,4
S01013018,195,113,3,0,39,35,6
S01013019,149,165,3,1,7,49,8
S01013020,74,77,0,0,58,18,2
S01013021,63,71,0,2,42,11,4
S01013022,47,64,0,2,77,17,0
S01013023,213,106,1,0,5,14,4
S01013024,119,84,0,0,9,16,1
S01013025,161,196,1,7,66,24,8
S01013026,111,158,2,2,96,26,4
S01013027,94,80,1,1,199,20,11
S01013028,88,70,0,0,27,13,8
S01013029,74,62,1,1,129,15,7
S01013030,62,60,0,0,104,17,3
S01013031,69,68,0,1,123,13,5
S01013032,78,169,1,2,30,14,6
S01013033,65,135,0,0,98,22,2
S01013034,95,80,0,2,93,17,4
S01013035,76,66,0,2,140,12,10
S01013036,62,61,0,2,144,13,2
S01013037,132,120,0,2,14,12,3
S01013038,132,127,2,4,141,43,3
S01013039,96,72,0,0,3,7,1
S01013040,104,93,1,0,93,34,9
S01013041,89,79,0,0,53,42,2
S01013042,95,127,0,5,66,27,8
S01013043,73,54,0,3,128,24,5
S01013044,85,78,0,4,106,19,5
S01013045,90,107,0,0,64,21,6
S01013046,76,56,0,1,71,9,3
S01013047,142,171,0,2,4,30,4
S01013048,149,120,0,0,18,72,2
S01013049,192,142,1,1,9,37,8
S01013050,107,95,1,3,133,38,2
S01013051,135,112,0,7,113,48,8
S01013052,128,103,4,3,114,52,9
S01013053,101,38,0,1,142,75,8
S01013054,108,84,5,2,31,17,3
S01013055,88,99,0,1,83,55,5
S01013056,119,178,0,17,182,54,11
S01013057,74,54,2,1,265,27,2
S01013058,67,125,0,0,40,21,0
S01013059,291,166,0,7,12,67,7
S01013060,119,66,0,0,12,30,3
S01013061,243,128,0,0,5,17,4
S01013062,231,122,0,2,4,47,5
S01013063,177,101,2,0,37,43,3
S01013064,138,110,0,0,100,31,6
S01013065,118,79,1,1,100,102,8
S01013066,133,76,0,1,95,61,6
S01013067,30,35,5,0,46,280,4
S01013068,51,35,4,2,153,174,16
S01013069,52,45,1,0,81,206,4
S01013070,30,21,3,0,75,118,3
S01013071,30,34,5,0,22,284,4
S01013072,34,20,0,1,205,26,5
S01013073,68,193,1,23,214,95,10
S01013074,49,71,0,6,266,72,7
S01013075,64,46,2,0,280,76,11
S01013076,76,57,2,0,22,35,6
S01013077,81,52,0,0,173,30,3
S01013078,38,32,1,1,163,24,3
S01013079,116,193,0,1,43,36,1
S01013080,132,102,0,0,28,68,4
S01013081,188,190,0,3,8,37,4
S01013082,239,120,1,0,5,30,2
S01013083,113,62,0,0,27,27,3
S01013084,193,101,0,1,2,12,5
S01013085,84,66,0,1,41,16,4
S01013086,162,110,0,0,53,114,7
S01013087,174,107,0,0,4,50,5
S01013088,256,87,2,0,4,27,3
S01013089,168,85,0,0,95,87,6
S01013090,115,82,1,0,34,123,7
S01013091,62,35,0,0,50,189,2
S01013092,144,89,1,0,64,126,8
S01013093,119,65,0,1,6,20,5
S01013094,135,81,0,2,2,2,0
S01013095,131,110,0,0,0,4,2
S01013096,67,78,0,2,35,34,3
S01013097,145,162,0,6,33,33,6
S01013098,83,125,0,0,2,6,0
S01013099,208,113,0,0,28,80,5
S01013100,165,94,1,0,7,12,1
S01013101,158,129,0,2,129,40,7
S01013102,160,77,1,12,12,11,5
S01013103,163,163,0,3,2,12,0
S01013104,225,129,0,1,4,14,0
S01013105,221,118,0,2,19,44,5
S01013106,154,105,0,3,63,35,7
S01013107,200,183,0,1,46,59,16
S01013108,113,73,1,4,69,18,3
S01013109,233,186,2,2,30,61,17
S01013110,121,72,0,0,22,32,9
S01013111,101,45,0,0,17,11,6
S01013112,87,80,0,4,53,27,6
S01013113,135,98,0,0,115,14,5
S01013114,159,90,0,3,75,37,12
S01013115,125,62,2,2,85,46,4
S01013116,221,101,2,1,24,19,5
S01013117,79,83,0,1,64,31,7
S01013118,135,62,0,0,17,14,7
S01013119,161,91,0,0,59,24,16
S01013120,201,81,0,1,116,48,13
S01013121,57,21,0,0,53,25,7
S01013122,29,24,0,0,25,3,2
S01013123,106,80,11,1,285,62,9
S01013124,96,87,1,1,87,24,6
S01013125,160,107,0,0,102,26,11
S01013126,60,52,0,0,209,14,12
S01013127,75,59,0,0,223,24,3
S01013128,53,73,3,1,254,101,3
S01013129,159,164,0,6,196,65,5
S01013130,44,50,5,1,219,41,2
S01013131,47,60,0,1,189,13,1
S01013132,34,31,3,1,227,21,5
S01013133,52,92,0,8,328,25,8
S01013134,133,100,3,1,107,21,2
S01013135,53,60,1,3,287,28,4
S01013136,149,97,2,2,107,18,1
S01013137,130,64,3,0,92,8,3
S01013138,90,122,0,3,245,26,6
S01013139,58,39,1,1,218,27,3
S01013140,98,50,0,0,121,11,2
S01013141,85,135,0,7,214,35,0
S01013142,35,36,7,3,429,11,7
S01013143,108,90,3,0,119,30,2
S01013144,157,107,0,0,111,24,5
S01013145,103,109,0,0,88,26,5
S01013146,58,73,0,0,59,13,1
S01013147,144,113,0,0,106,13,3
S01013148,146,120,0,0,47,36,5
S01013149,141,138,1,0,64,51,1
S01013150,170,114,0,1,81,19,5
S01013151,85,77,0,0,25,27,6
S01013152,133,124,0,1,95,13,8
S01013153,69,77,0,2,236,10,3
S01013154,101,86,0,1,200,20,2
S01013155,41,36,0,0,255,39,6
S01013156,46,48,0,0,221,17,0
S01013157,52,77,1,4,275,22,0
S01013158,152,101,0,4,3,4,7
S01013159,139,78,0,0,19,11,4
S01013160,161,131,0,0,3,8,0
S01013161,143,162,1,1,130,37,4
S01013162,133,85,0,1,138,32,9
S01013163,125,84,0,0,19,3,0
S01013164,153,116,0,0,154,16,5
S01013165,173,118,0,1,96,14,5
S01013166,43,18,0,0,353,25,3
S01013167,34,35,0,1,342,25,1
S01013168,90,109,0,0,157,29,3
S01013169,139,109,2,0,151,33,5
S01013170,42,53,4,0,86,14,2
S01013171,90,100,0,2,25,7,2
S01013172,114,92,0,1,81,19,4
S01013173,155,117,0,0,52,27,4
S01013174,142,117,1,1,4,12,1
S01013175,137,159,2,0,51,24,3
S01013176,115,92,5,2,53,57,6
S01013177,127,88,0,0,16,42,4
S01013178,162,110,0,1,39,33,3
S01013179,163,90,0,1,63,20,12
S01013180,74,87,0,0,3,2,2
S01013181,149,109,0,0,34,14,5
S01013182,101,109,1,1,92,32,6
S01013183,149,112,0,0,41,11,3
S01013184,38,38,0,0,61,24,3
S01013185,71,83,0,0,136,15,5
S01013186,57,71,0,0,123,15,1
S01013187,78,84,0,5,128,22,3
S01013188,139,138,0,1,106,46,8
S01013189,103,62,0,0,19,6,2
S01013190,122,123,0,1,100,26,4
S01013191,190,282,0,3,8,9,0
S01013192,181,117,0,1,36,47,2
S01013193,181,214,7,8,34,121,5
S01013194,67,99,0,0,16,79,5
S01013195,136,149,1,3,312,219,12
S01013196,94,132,0,3,19,96,5
S01013197,122,88,5,0,59,25,5
S01013198,142,245,0,7,146,37,7
S01013199,163,125,1,4,187,27,6
S01013200,94,87,0,0,130,16,2
S01013201,49,69,0,0,246,12,5
S01013202,68,47,0,0,130,15,1
S01013203,82,82,0,0,161,25,3
S01013204,104,135,0,0,34,17,0
S01013205,55,60,0,0,138,20,0
S01013206,68,74,1,0,119,20,0
S01013207,102,96,0,1,237,51,15
S01013208,80,97,7,0,220,20,1
S01013209,118,119,4,0,102,71,6
S01013210,138,110,0,1,17,38,4
S01013211,142,114,0,0,117,33,4
S01013212,93,88,0,0,1,6,4
S01013213,97,92,0,1,7,8,1
S01013214,55,89,0,0,1,6,0
S01013215,153,308,0,9,85,50,2
S01013216,54,54,0,0,64,15,5
S01013217,97,84,4,2,84,16,0
S01013218,46,40,0,0,106,21,1
S01013219,55,47,0,0,81,11,4
S01013220,69,76,0,0,86,21,0
S01013221,107,96,2,1,139,20,3
S01013222,46,54,0,0,178,24,0
S01013223,122,126,0,2,219,89,2
S01013224,130,110,0,1,98,34,1
S01013225,76,80,0,0,129,18,3
S01013226,59,90,1,1,27,23,1
S01013227,76,64,4,0,150,27,2
S01013228,122,88,4,0,110,84,3
S01013229,102,84,4,1,138,35,5
S01013230,117,73,0,0,67,27,4
S01013231,100,77,0,0,108,29,1
S01013232,130,73,0,1,97,34,4
S01013233,138,73,0,0,38,27,7
S01013234,70,60,0,1,3,4,1
S01013235,152,108,0,1,48,44,8
S01013236,239,91,0,0,57,21,0
S01013237,119,115,1,0,64,36,5
S01013238,77,57,0,0,313,24,4
S01013239,74,94,3,0,192,10,7
S01013240,35,32,0,0,163,6,5
S01013241,218,100,0,1,15,15,1
S01013242,146,65,0,0,15,24,7
S01013243,113,61,0,0,93,22,5
S01013244,99,72,0,0,131,26,8
S01013245,158,135,0,5,75,22,7
S01013246,59,94,0,5,55,21,0
S01013247,71,81,0,3,146,32,4
S01013248,67,57,0,4,135,22,8
S01013249,65,65,0,0,35,12,5
S01013250,148,200,0,4,114,32,9
S01013251,38,68,0,2,186,18,5
S01013252,64,61,0,2,61,8,2
S01013253,99,101,0,0,70,43,5
S01013254,54,51,1,1,162,18,3
S01013255,144,85,0,1,104,20,4
S01013256,88,92,0,2,97,76,5
S01013257,111,86,1,5,153,54,8
S01013258,172,83,1,2,23,22,7
S01013259,114,85,1,1,83,44,7
S01013260,80,82,5,1,180,25,12
S01013261,96,83,0,5,142,21,10
S01013262,83,84,0,5,80,11,6
S01013263,91,81,1,1,3,16,3
S01013264,67,87,0,0,2,6,1
S01013265,87,109,0,0,2,6,0
S01013266,71,100,0,2,2,11,0
S01013267,57,56,0,2,104,18,1
S01013268,102,123,0,3,36,21,4
S01013269,178,378,2,8,96,66,8
S01013270,131,133,0,2,1,7,4
S01013271,152,90,0,0,1,0,4
S01013272,111,138,0,0,2,8,0
S01013273,105,194,1,0,11,16,0
S01013274,167,131,0,2,5,40,1
S01013275,126,97,0,3,3,20,1
S01013276,116,97,0,2,2,23,0
S01013277,102,121,1,3,93,42,3
S01013278,76,89,0,3,168,32,4
S01013279,52,48,2,2,133,30,0
S01013280,97,113,0,2,24,20,2
S01013281,101,108,0,10,116,29,1
S01013282,53,82,0,2,164,43,2
S01013283,71,136,1,3,110,112,3
S01013284,133,97,0,8,3,65,1
S01013285,118,97,1,2,4,43,4
S01013286,141,111,0,8,3,22,3
S01013287,153,119,0,0,3,6,1
S01013288,116,108,0,5,59,38,4
S01013289,197,239,0,1,4,29,6
S01013290,128,157,1,0,35,18,3
S01013291,75,129,1,5,7,28,1
S01013292,187,339,0,11,37,20,1
S01013293,145,106,0,5,3,14,2
S01013294,112,99,0,2,33,22,4
S01013295,150,113,0,8,13,38,3
S01013296,91,65,0,1,116,18,1
S01013297,122,88,0,3,56,34,3
S01013298,224,683,1,24,83,56,12
S01013299,144,150,0,6,99,36,8
S01013300,93,63,0,4,165,22,6
S01013301,74,70,0,0,71,24,1
S01013302,108,166,0,4,35,17,5
S01013303,151,125,1,4,71,20,6
S01013304,89,72,0,3,216,51,4
S01013305,95,92,0,5,104,48,6
S01013306,35,37,0,5,367,43,9
S01013307,72,71,0,7,228,55,7
S01013308,48,47,0,2,274,15,5
S01013309,75,175,0,8,26,44,2
S01013310,63,75,0,7,75,25,0
S01013311,85,105,0,3,94,36,4
S01013312,122,118,0,2,188,83,5
S01013313,74,82,0,3,72,40,0
S01013314,76,91,0,4,120,43,3
S01013315,66,159,0,3,10,14,3
S01013316,148,80,1,1,9,7,3
S01013317,149,117,1,6,34,31,0
S01013318,96,111,0,5,5,32,2
S01013319,61,88,1,0,51,10,0
S01013320,94,196,0,6,6,51,1
S01013321,56,62,0,4,75,27,4
S01013322,107,95,0,3,39,22,1
S01013323,86,113,0,2,180,33,5
S01013324,51,64,2,0,146,17,4
S01013325,36,39,0,4,352,15,3
S01013326,44,48,2,0,80,30,4
S01013327,50,60,0,1,125,25,4
S01013328,42,55,0,1,109,27,0
S01013329,61,76,1,5,66,17,1
S01013330,95,201,0,8,45,98,3
S01013331,53,114,0,5,6,72,0
S01013332,80,104,1,3,66,32,2
S01013333,105,155,1,2,34,31,8
S01013334,71,99,0,7,107,33,2
S01013335,43,66,0,0,155,28,2
S01013336,45,84,0,4,176,31,2
S01013337,173,123,1,6,42,22,4
S01013338,46,111,0,0,1,5,2
S01013339,118,87,0,4,2,24,1
S01013340,191,116,0,2,4,18,4
S01013341,197,163,2,6,18,72,2
S01013342,48,48,0,4,180,34,1
S01013343,69,95,0,8,79,20,2
S01013344,62,66,0,0,190,31,3
S01013345,86,103,0,6,103,35,3
S01013346,108,129,0,4,19,23,1
S01013347,123,134,0,1,6,76,2
S01013348,45,164,0,4,88,13,2
S01013349,43,105,0,4,39,178,3
S01013350,55,70,0,5,119,31,7
S01013351,107,87,0,5,46,31,8
S01013352,122,109,1,4,63,29,5
S01013353,75,83,0,5,106,39,0
S01013354,151,102,0,0,46,26,0
S01013355,90,94,0,2,55,28,5
S01013356,58,55,0,1,166,19,1
S01013357,168,130,1,8,150,16,7
S01013358,121,98,0,2,110,38,4
S01013359,72,63,0,2,141,12,5
S01013360,87,78,0,2,108,21,8
S01013361,54,48,0,3,129,21,3
S01013362,67,65,0,0,61,11,1
S01013363,88,50,0,1,205,32,4
S01013364,123,154,0,5,102,26,1
S01013365,208,126,0,2,58,50,4
S01013366,121,144,0,4,47,19,6
S01013367,67,80,1,1,19,1,1
S01013368,133,102,1,1,44,28,0
S01013369,96,67,3,5,198,48,7
S01013370,67,45,0,1,214,23,5
S01013371,114,62,0,6,113,26,8
S01013372,62,86,0,4,379,42,8
S01013373,117,112,4,6,187,25,3
S01013374,80,61,0,1,237,62,6
S01013375,66,70,0,4,46,22,2
S01013376,68,68,1,0,79,39,9
S01013377,121,101,0,1,133,31,8
S01013378,123,108,0,5,148,29,3
S01013379,135,85,0,3,88,17,1
S01013380,148,893,0,71,130,20,3
S01013381,70,48,0,1,54,11,5
S01013382,87,93,0,2,29,10,1
S01013383,69,76,1,3,196,34,2
S01013384,94,99,2,4,135,37,2
S01013385,86,55,4,5,44,11,2
S01013386,144,133,0,2,11,5,9
S01013387,66,67,0,2,103,19,0
S01013388,110,88,0,3,131,60,9
S01013389,111,98,1,2,82,32,3
S01013390,66,62,0,4,56,17,0
S01013391,60,57,0,1,31,12,4
S01013392,55,201,0,4,9,20,2
S01013393,81,90,1,4,127,35,3
S01013394,83,56,2,3,127,11,3
S01013395,32,31,0,2,223,13,3
S01013396,33,188,0,9,6,25,2
S01013397,94,133,0,5,110,29,3
S01013398,50,115,0,4,2,11,1
S01013399,95,226,0,8,44,23,1
S01013400,100,104,0,2,146,76,6
S01013401,122,805,0,45,204,98,9
S01013402,66,284,1,13,11,82,0
S01013403,50,223,0,5,37,65,2
S01013404,31,108,0,0,42,38,2
S01013405,126,79,0,4,50,24,8
S01013406,54,62,0,8,139,18,3
S01013407,66,63,1,2,106,21,1
S01013408,60,60,0,5,138,24,4
S01013409,142,116,0,11,119,26,4
S01013410,32,46,0,3,206,9,2
S01013411,99,101,0,1,59,69,7
S01013412,91,102,0,2,94,39,4
S01013413,105,132,0,0,64,36,5
S01013414,98,64,11,7,160,113,10
S01013415,56,60,2,1,192,66,0
S01013416,64,55,0,1,114,34,1
S01013417,95,93,0,3,140,102,2
S01013418,74,90,0,3,63,23,2
S01013419,95,79,0,0,2,8,5
S01013420,100,73,0,2,46,33,0
S01013421,86,143,0,4,28,9,1
S01013422,103,79,0,7,100,18,4
S01013423,138,128,0,2,90,18,8
S01013424,91,62,0,0,9,10,2
S01013425,67,58,0,0,8,10,2
S01013426,94,89,0,4,117,26,4
S01013427,55,110,0,0,9,17,1
S01013428,85,71,0,7,143,42,8
S01013429,71,128,2,4,75,21,5
S01013430,139,162,0,4,33,21,1
S01013431,92,74,0,1,120,19,2
S01013432,119,110,0,0,73,18,4
S01013433,142,110,1,1,39,14,4
S01013434,114,74,1,0,6,36,7
S01013435,126,84,0,0,4,9,0
S01013436,116,100,0,2,95,15,4
S01013437,89,95,1,0,58,54,0
S01013438,72,76,4,1,70,59,0
S01013439,239,109,0,0,1,9,2
S01013440,255,112,0,0,4,8,3
S01013441,169,105,0,2,7,37,2
S01013442,158,106,0,1,31,35,2
S01013443,129,106,0,0,9,48,9
S01013444,192,101,3,2,142,109,9
S01013445,122,72,0,0,36,10,4
S01013446,145,93,1,3,51,35,4
S01013447,67,93,0,0,13,8,2
S01013448,216,95,0,0,5,41,6
S01013449,160,75,0,0,4,20,3
S01013450,104,97,0,2,6,34,3
S01013451,153,127,0,1,3,14,1
S01013452,149,144,0,0,2,28,6
S01013453,76,63,0,1,203,21,2
S01013454,146,123,0,2,31,32,12
S01013455,143,400,0,17,133,81,4
S01013456,93,121,1,6,104,38,4
S01013457,115,110,0,5,134,18,2
S01013458,150,279,0,14,41,43,1
S01013459,108,97,1,2,135,69,2
S01013460,111,112,0,3,115,13,8
S01013461,88,162,1,12,122,49,4
S01013462,118,152,4,5,38,38,1
S01013463,33,83,0,6,267,24,1
S01013464,171,97,2,2,20,27,5
S01013465,145,104,0,5,34,24,2
S01013466,63,42,0,1,4,11,7
S01013467,131,188,1,2,15,24,4
S01013468,99,81,0,0,106,44,7
S01013469,172,102,0,3,23,21,5
S01013470,77,63,0,1,150,39,4
S01013471,125,102,3,2,124,24,6
S01013472,84,153,0,0,1,9,1
S01013473,60,141,0,0,2,8,0
S01013474,67,118,0,2,6,16,2
S01013475,134,94,0,1,5,22,1
S01013476,134,69,0,0,35,19,2
S01013477,82,72,0,3,90,46,7
S01013478,97,127,0,6,84,41,0
S01013479,97,81,0,8,174,45,3
S01013480,116,84,1,8,63,26,6
S01013481,114,217,0,8,38,13,6
,,,,,,,
,,,,,,,
Cells in this table have been randomly adjusted to avoid the release of confidential data.,,,,,,,