Data Zone 2011,All occupied households
S01006506,491
S01006507,366
S01006508,292
S01006509,270
S01006510,297
S01006511,310
S01006512,255
S01006513,417
S01006514,376
S01006515,279
S01006516,196
S01006517,831
S01006518,250
S01006519,292
S01006520,231
S01006521,288
S01006522,268
S01006523,410
S01006524,385
S01006525,367
S01006526,435
S01006527,340
S01006528,487
S01006529,516
S01006530,348
S01006531,416
S01006532,310
S01006533,324
S01006534,412
S01006535,588
S01006536,514
S01006537,349
S01006538,242
S01006539,343
S01006540,429
S01006541,428
S01006542,517
S01006543,360
S01006544,516
S01006545,567
S01006546,264
S01006547,1008
S01006548,310
S01006549,399
S01006550,386
S01006551,320
S01006552,458
S01006553,398
S01006554,380
S01006555,234
S01006556,391
S01006557,389
S01006558,349
S01006559,255
S01006560,458
S01006561,333
S01006562,423
S01006563,413
S01006564,528
S01006565,451
S01006566,461
S01006567,481
S01006568,603
S01006569,289
S01006570,361
S01006571,521
S01006572,377
S01006573,292
S01006574,431
S01006575,408
S01006576,322
S01006577,429
S01006578,636
S01006579,550
S01006580,405
S01006581,390
S01006582,519
S01006583,405
S01006584,398
S01006585,507
S01006586,844
S01006587,390
S01006588,405
S01006589,360
S01006590,399
S01006591,374
S01006592,354
S01006593,364
S01006594,353
S01006595,526
S01006596,400
S01006597,321
S01006598,379
S01006599,521
S01006600,561
S01006601,507
S01006602,408
S01006603,318
S01006604,293
S01006605,357
S01006606,385
S01006607,366
S01006608,1022
S01006609,436
S01006610,240
S01006611,433
S01006612,358
S01006613,234
S01006614,261
S01006615,264
S01006616,325
S01006617,359
S01006618,225
S01006619,335
S01006620,369
S01006621,231
S01006622,304
S01006623,460
S01006624,548
S01006625,268
S01006626,283
S01006627,454
S01006628,529
S01006629,348
S01006630,303
S01006631,477
S01006632,372
S01006633,280
S01006634,246
S01006635,298
S01006636,388
S01006637,358
S01006638,503
S01006639,614
S01006640,477
S01006641,602
S01006642,495
S01006643,372
S01006644,634
S01006645,361
S01006646,319
S01006647,333
S01006648,608
S01006649,586
S01006650,393
S01006651,348
S01006652,327
S01006653,313
S01006654,467
S01006655,524
S01006656,490
S01006657,256
S01006658,744
S01006659,328
S01006660,226
S01006661,242
S01006662,270
S01006663,239
S01006664,229
S01006665,368
S01006666,671
S01006667,434
S01006668,409
S01006669,429
S01006670,387
S01006671,212
S01006672,340
S01006673,387
S01006674,499
S01006675,341
S01006676,321
S01006677,544
S01006678,727
S01006679,307
S01006680,439
S01006681,458
S01006682,376
S01006683,364
S01006684,390
S01006685,341
S01006686,263
S01006687,402
S01006688,495
S01006689,535
S01006690,299
S01006691,338
S01006692,339
S01006693,548
S01006694,530
S01006695,321
S01006696,365
S01006697,399
S01006698,396
S01006699,196
S01006700,393
S01006701,316
S01006702,328
S01006703,280
S01006704,275
S01006705,404
S01006706,273
S01006707,220
S01006708,374
S01006709,435
S01006710,413
S01006711,445
S01006712,248
S01006713,448
S01006714,309
S01006715,212
S01006716,234
S01006717,426
S01006718,246
S01006719,374
S01006720,258
S01006721,338
S01006722,293
S01006723,275
S01006724,314
S01006725,267
S01006726,262
S01006727,469
S01006728,331
S01006729,436
S01006730,266
S01006731,261
S01006732,738
S01006733,323
S01006734,355
S01006735,243
S01006736,397
S01006737,643
S01006738,863
S01006739,812
S01006740,329
S01006741,336
S01006742,227
S01006743,440
S01006744,291
S01006745,463
S01006746,387
S01006747,483
S01006748,791
S01006749,411
S01006750,284
S01006751,195
S01006752,330
S01006753,446
S01006754,396
S01006755,300
S01006756,280
S01006757,342
S01006758,308
S01006759,247
S01006760,251
S01006761,333
S01006762,745
S01006763,342
S01006764,347
S01006765,277
S01006766,237
S01006767,285
S01006768,213
S01006769,393
S01006770,269
S01006771,150
S01006772,371
S01006773,338
S01006774,221
S01006775,466
S01006776,296
S01006777,261
S01006778,287
S01006779,258
S01006780,226
S01006781,272
S01006782,392
S01006783,255
S01006784,283
S01006785,217
S01006786,330
S01006787,280
S01006788,874
S01006789,291
S01006790,456
S01006791,289
S01006792,188
S01006793,289
S01006794,283
S01006795,337
S01006796,379
S01006797,246
S01006798,260
S01006799,421
S01006800,342
S01006801,543
S01006802,330
S01006803,315
S01006804,308
S01006805,458
S01006806,472
S01006807,271
S01006808,271
S01006809,390
S01006810,399
S01006811,444
S01006812,352
S01006813,369
S01006814,306
S01006815,305
S01006816,291
S01006817,335
S01006818,325
S01006819,455
S01006820,314
S01006821,739
S01006822,418
S01006823,310
S01006824,382
S01006825,325
S01006826,358
S01006827,408
S01006828,457
S01006829,141
S01006830,311
S01006831,219
S01006832,436
S01006833,191
S01006834,164
S01006835,485
S01006836,234
S01006837,229
S01006838,251
S01006839,397
S01006840,397
S01006841,319
S01006842,305
S01006843,316
S01006844,325
S01006845,371
S01006846,242
S01006847,245
S01006848,658
S01006849,664
S01006850,370
S01006851,337
S01006852,230
S01006853,372
S01006854,402
S01006855,330
S01006856,295
S01006857,488
S01006858,251
S01006859,414
S01006860,234
S01006861,199
S01006862,345
S01006863,306
S01006864,284
S01006865,480
S01006866,218
S01006867,308
S01006868,363
S01006869,207
S01006870,203
S01006871,266
S01006872,442
S01006873,478
S01006874,235
S01006875,335
S01006876,421
S01006877,390
S01006878,330
S01006879,325
S01006880,286
S01006881,237
S01006882,156
S01006883,219
S01006884,440
S01006885,457
S01006886,435
S01006887,290
S01006888,363
S01006889,347
S01006890,260
S01006891,434
S01006892,280
S01006893,198
S01006894,470
S01006895,306
S01006896,383
S01006897,298
S01006898,357
S01006899,240
S01006900,221
S01006901,277
S01006902,297
S01006903,396
S01006904,311
S01006905,415
S01006906,437
S01006907,417
S01006908,435
S01006909,461
S01006910,425
S01006911,254
S01006912,367
S01006913,940
S01006914,281
S01006915,341
S01006916,204
S01006917,324
S01006918,188
S01006919,200
S01006920,241
S01006921,274
S01006922,269
S01006923,377
S01006924,227
S01006925,200
S01006926,261
S01006927,369
S01006928,451
S01006929,289
S01006930,361
S01006931,148
S01006932,439
S01006933,220
S01006934,452
S01006935,307
S01006936,273
S01006937,341
S01006938,232
S01006939,238
S01006940,392
S01006941,241
S01006942,375
S01006943,210
S01006944,438
S01006945,201
S01006946,280
S01006947,311
S01006948,390
S01006949,274
S01006950,306
S01006951,203
S01006952,383
S01006953,305
S01006954,370
S01006955,261
S01006956,394
S01006957,402
S01006958,679
S01006959,363
S01006960,326
S01006961,324
S01006962,420
S01006963,285
S01006964,346
S01006965,216
S01006966,245
S01006967,262
S01006968,189
S01006969,402
S01006970,269
S01006971,264
S01006972,278
S01006973,329
S01006974,411
S01006975,436
S01006976,185
S01006977,307
S01006978,440
S01006979,433
S01006980,373
S01006981,329
S01006982,381
S01006983,285
S01006984,377
S01006985,460
S01006986,282
S01006987,313
S01006988,187
S01006989,496
S01006990,295
S01006991,221
S01006992,255
S01006993,210
S01006994,236
S01006995,357
S01006996,373
S01006997,313
S01006998,578
S01006999,358
S01007000,422
S01007001,460
S01007002,249
S01007003,214
S01007004,330
S01007005,369
S01007006,398
S01007007,352
S01007008,469
S01007009,517
S01007010,398
S01007011,469
S01007012,319
S01007013,205
S01007014,415
S01007015,258
S01007016,228
S01007017,513
S01007018,382
S01007019,287
S01007020,380
S01007021,381
S01007022,210
S01007023,216
S01007024,440
S01007025,417
S01007026,451
S01007027,512
S01007028,514
S01007029,228
S01007030,373
S01007031,281
S01007032,552
S01007033,289
S01007034,254
S01007035,410
S01007036,401
S01007037,435
S01007038,307
S01007039,446
S01007040,291
S01007041,339
S01007042,332
S01007043,389
S01007044,321
S01007045,336
S01007046,256
S01007047,274
S01007048,344
S01007049,419
S01007050,314
S01007051,344
S01007052,405
S01007053,211
S01007054,469
S01007055,237
S01007056,271
S01007057,253
S01007058,283
S01007059,482
S01007060,204
S01007061,367
S01007062,282
S01007063,293
S01007064,386
S01007065,285
S01007066,367
S01007067,250
S01007068,288
S01007069,346
S01007070,244
S01007071,353
S01007072,269
S01007073,346
S01007074,271
S01007075,335
S01007076,292
S01007077,347
S01007078,360
S01007079,493
S01007080,383
S01007081,346
S01007082,254
S01007083,522
S01007084,270
S01007085,475
S01007086,604
S01007087,517
S01007088,272
S01007089,220
S01007090,243
S01007091,315
S01007092,304
S01007093,410
S01007094,360
S01007095,227
S01007096,363
S01007097,908
S01007098,420
S01007099,360
S01007100,305
S01007101,342
S01007102,295
S01007103,366
S01007104,253
S01007105,243
S01007106,307
S01007107,310
S01007108,511
S01007109,375
S01007110,343
S01007111,225
S01007112,227
S01007113,241
S01007114,385
S01007115,251
S01007116,321
S01007117,180
S01007118,284
S01007119,322
S01007120,500
S01007121,320
S01007122,295
S01007123,345
S01007124,385
S01007125,394
S01007126,437
S01007127,523
S01007128,405
S01007129,372
S01007130,279
S01007131,344
S01007132,299
S01007133,263
S01007134,293
S01007135,209
S01007136,217
S01007137,248
S01007138,249
S01007139,299
S01007140,462
S01007141,448
S01007142,344
S01007143,209
S01007144,465
S01007145,469
S01007146,327
S01007147,308
S01007148,206
S01007149,236
S01007150,376
S01007151,492
S01007152,232
S01007153,302
S01007154,460
S01007155,315
S01007156,322
S01007157,283
S01007158,378
S01007159,587
S01007160,402
S01007161,344
S01007162,274
S01007163,412
S01007164,287
S01007165,336
S01007166,318
S01007167,332
S01007168,395
S01007169,321
S01007170,302
S01007171,549
S01007172,452
S01007173,334
S01007174,391
S01007175,307
S01007176,289
S01007177,286
S01007178,406
S01007179,381
S01007180,374
S01007181,291
S01007182,500
S01007183,573
S01007184,597
S01007185,441
S01007186,333
S01007187,448
S01007188,336
S01007189,474
S01007190,372
S01007191,211
S01007192,534
S01007193,270
S01007194,226
S01007195,266
S01007196,387
S01007197,274
S01007198,232
S01007199,287
S01007200,417
S01007201,346
S01007202,347
S01007203,197
S01007204,440
S01007205,268
S01007206,205
S01007207,424
S01007208,593
S01007209,378
S01007210,356
S01007211,501
S01007212,204
S01007213,401
S01007214,443
S01007215,336
S01007216,362
S01007217,451
S01007218,353
S01007219,341
S01007220,363
S01007221,405
S01007222,299
S01007223,227
S01007224,271
S01007225,365
S01007226,345
S01007227,434
S01007228,263
S01007229,482
S01007230,344
S01007231,360
S01007232,420
S01007233,309
S01007234,254
S01007235,458
S01007236,304
S01007237,311
S01007238,413
S01007239,406
S01007240,281
S01007241,268
S01007242,448
S01007243,280
S01007244,337
S01007245,324
S01007246,377
S01007247,310
S01007248,314
S01007249,209
S01007250,411
S01007251,252
S01007252,323
S01007253,586
S01007254,367
S01007255,398
S01007256,429
S01007257,277
S01007258,363
S01007259,439
S01007260,415
S01007261,382
S01007262,339
S01007263,353
S01007264,333
S01007265,476
S01007266,300
S01007267,250
S01007268,277
S01007269,180
S01007270,243
S01007271,463
S01007272,445
S01007273,290
S01007274,481
S01007275,250
S01007276,416
S01007277,332
S01007278,232
S01007279,257
S01007280,247
S01007281,371
S01007282,245
S01007283,468
S01007284,423
S01007285,435
S01007286,496
S01007287,307
S01007288,303
S01007289,352
S01007290,436
S01007291,330
S01007292,305
S01007293,300
S01007294,375
S01007295,248
S01007296,382
S01007297,442
S01007298,251
S01007299,375
S01007300,234
S01007301,544
S01007302,286
S01007303,441
S01007304,345
S01007305,342
S01007306,366
S01007307,396
S01007308,380
S01007309,344
S01007310,424
S01007311,343
S01007312,358
S01007313,503
S01007314,310
S01007315,375
S01007316,461
S01007317,389
S01007318,245
S01007319,388
S01007320,384
S01007321,313
S01007322,375
S01007323,241
S01007324,183
S01007325,398
S01007326,475
S01007327,349
S01007328,347
S01007329,372
S01007330,385
S01007331,481
S01007332,231
S01007333,338
S01007334,308
S01007335,418
S01007336,296
S01007337,378
S01007338,272
S01007339,316
S01007340,288
S01007341,374
S01007342,362
S01007343,323
S01007344,236
S01007345,264
S01007346,341
S01007347,353
S01007348,264
S01007349,186
S01007350,323
S01007351,405
S01007352,279
S01007353,318
S01007354,405
S01007355,528
S01007356,335
S01007357,372
S01007358,364
S01007359,412
S01007360,262
S01007361,502
S01007362,353
S01007363,346
S01007364,417
S01007365,220
S01007366,278
S01007367,282
S01007368,244
S01007369,367
S01007370,358
S01007371,311
S01007372,407
S01007373,257
S01007374,206
S01007375,202
S01007376,366
S01007377,262
S01007378,209
S01007379,269
S01007380,235
S01007381,217
S01007382,282
S01007383,346
S01007384,354
S01007385,409
S01007386,336
S01007387,312
S01007388,250
S01007389,189
S01007390,189
S01007391,222
S01007392,209
S01007393,311
S01007394,348
S01007395,588
S01007396,429
S01007397,487
S01007398,279
S01007399,294
S01007400,347
S01007401,326
S01007402,260
S01007403,425
S01007404,243
S01007405,258
S01007406,288
S01007407,272
S01007408,248
S01007409,336
S01007410,290
S01007411,444
S01007412,199
S01007413,388
S01007414,246
S01007415,384
S01007416,219
S01007417,405
S01007418,287
S01007419,345
S01007420,281
S01007421,285
S01007422,278
S01007423,332
S01007424,340
S01007425,393
S01007426,445
S01007427,317
S01007428,477
S01007429,422
S01007430,203
S01007431,209
S01007432,409
S01007433,469
S01007434,233
S01007435,332
S01007436,361
S01007437,225
S01007438,343
S01007439,338
S01007440,299
S01007441,229
S01007442,202
S01007443,383
S01007444,476
S01007445,268
S01007446,185
S01007447,219
S01007448,439
S01007449,444
S01007450,335
S01007451,292
S01007452,531
S01007453,276
S01007454,204
S01007455,377
S01007456,384
S01007457,450
S01007458,223
S01007459,293
S01007460,411
S01007461,361
S01007462,367
S01007463,415
S01007464,339
S01007465,376
S01007466,601
S01007467,521
S01007468,297
S01007469,384
S01007470,324
S01007471,201
S01007472,269
S01007473,224
S01007474,216
S01007475,356
S01007476,348
S01007477,239
S01007478,475
S01007479,284
S01007480,331
S01007481,447
S01007482,239
S01007483,290
S01007484,263
S01007485,193
S01007486,313
S01007487,414
S01007488,484
S01007489,394
S01007490,420
S01007491,496
S01007492,264
S01007493,365
S01007494,242
S01007495,331
S01007496,418
S01007497,293
S01007498,368
S01007499,414
S01007500,288
S01007501,334
S01007502,207
S01007503,468
S01007504,315
S01007505,177
S01007506,270
S01007507,461
S01007508,331
S01007509,285
S01007510,484
S01007511,389
S01007512,254
S01007513,473
S01007514,257
S01007515,295
S01007516,269
S01007517,235
S01007518,364
S01007519,212
S01007520,485
S01007521,219
S01007522,499
S01007523,247
S01007524,399
S01007525,274
S01007526,394
S01007527,436
S01007528,348
S01007529,319
S01007530,247
S01007531,308
S01007532,245
S01007533,188
S01007534,444
S01007535,484
S01007536,450
S01007537,543
S01007538,363
S01007539,306
S01007540,484
S01007541,380
S01007542,445
S01007543,499
S01007544,520
S01007545,367
S01007546,227
S01007547,297
S01007548,295
S01007549,330
S01007550,466
S01007551,345
S01007552,439
S01007553,359
S01007554,231
S01007555,265
S01007556,241
S01007557,471
S01007558,203
S01007559,319
S01007560,488
S01007561,366
S01007562,364
S01007563,370
S01007564,325
S01007565,444
S01007566,264
S01007567,238
S01007568,305
S01007569,363
S01007570,448
S01007571,238
S01007572,473
S01007573,343
S01007574,425
S01007575,407
S01007576,281
S01007577,345
S01007578,368
S01007579,301
S01007580,300
S01007581,226
S01007582,334
S01007583,545
S01007584,290
S01007585,461
S01007586,376
S01007587,322
S01007588,372
S01007589,407
S01007590,287
S01007591,279
S01007592,359
S01007593,488
S01007594,327
S01007595,448
S01007596,227
S01007597,257
S01007598,268
S01007599,407
S01007600,498
S01007601,322
S01007602,272
S01007603,315
S01007604,385
S01007605,362
S01007606,322
S01007607,276
S01007608,356
S01007609,462
S01007610,248
S01007611,599
S01007612,754
S01007613,319
S01007614,409
S01007615,505
S01007616,418
S01007617,221
S01007618,229
S01007619,321
S01007620,281
S01007621,284
S01007622,246
S01007623,247
S01007624,261
S01007625,221
S01007626,270
S01007627,849
S01007628,292
S01007629,287
S01007630,392
S01007631,271
S01007632,468
S01007633,472
S01007634,294
S01007635,339
S01007636,517
S01007637,423
S01007638,426
S01007639,424
S01007640,306
S01007641,392
S01007642,461
S01007643,422
S01007644,404
S01007645,230
S01007646,263
S01007647,351
S01007648,373
S01007649,387
S01007650,418
S01007651,235
S01007652,266
S01007653,383
S01007654,526
S01007655,324
S01007656,346
S01007657,189
S01007658,213
S01007659,386
S01007660,413
S01007661,368
S01007662,496
S01007663,386
S01007664,277
S01007665,305
S01007666,174
S01007667,276
S01007668,461
S01007669,258
S01007670,314
S01007671,391
S01007672,394
S01007673,291
S01007674,367
S01007675,287
S01007676,277
S01007677,322
S01007678,366
S01007679,389
S01007680,361
S01007681,188
S01007682,399
S01007683,314
S01007684,366
S01007685,271
S01007686,315
S01007687,399
S01007688,551
S01007689,295
S01007690,397
S01007691,635
S01007692,412
S01007693,425
S01007694,533
S01007695,595
S01007696,439
S01007697,628
S01007698,556
S01007699,437
S01007700,435
S01007701,315
S01007702,281
S01007703,390
S01007704,488
S01007705,295
S01007706,422
S01007707,578
S01007708,380
S01007709,316
S01007710,436
S01007711,513
S01007712,362
S01007713,228
S01007714,377
S01007715,373
S01007716,596
S01007717,400
S01007718,455
S01007719,573
S01007720,411
S01007721,528
S01007722,637
S01007723,524
S01007724,342
S01007725,454
S01007726,485
S01007727,504
S01007728,543
S01007729,517
S01007730,402
S01007731,443
S01007732,341
S01007733,382
S01007734,387
S01007735,356
S01007736,219
S01007737,450
S01007738,379
S01007739,263
S01007740,256
S01007741,365
S01007742,371
S01007743,436
S01007744,356
S01007745,307
S01007746,366
S01007747,211
S01007748,337
S01007749,284
S01007750,377
S01007751,327
S01007752,385
S01007753,220
S01007754,411
S01007755,352
S01007756,263
S01007757,365
S01007758,445
S01007759,568
S01007760,267
S01007761,432
S01007762,442
S01007763,316
S01007764,313
S01007765,293
S01007766,381
S01007767,396
S01007768,369
S01007769,322
S01007770,318
S01007771,239
S01007772,526
S01007773,316
S01007774,319
S01007775,345
S01007776,280
S01007777,380
S01007778,256
S01007779,357
S01007780,349
S01007781,407
S01007782,294
S01007783,431
S01007784,285
S01007785,268
S01007786,321
S01007787,276
S01007788,276
S01007789,241
S01007790,310
S01007791,252
S01007792,367
S01007793,459
S01007794,223
S01007795,284
S01007796,292
S01007797,287
S01007798,229
S01007799,198
S01007800,353
S01007801,417
S01007802,200
S01007803,474
S01007804,246
S01007805,205
S01007806,294
S01007807,314
S01007808,317
S01007809,389
S01007810,388
S01007811,426
S01007812,361
S01007813,298
S01007814,235
S01007815,351
S01007816,252
S01007817,205
S01007818,305
S01007819,378
S01007820,415
S01007821,237
S01007822,375
S01007823,274
S01007824,401
S01007825,463
S01007826,293
S01007827,281
S01007828,579
S01007829,299
S01007830,500
S01007831,516
S01007832,324
S01007833,479
S01007834,395
S01007835,320
S01007836,315
S01007837,334
S01007838,443
S01007839,296
S01007840,444
S01007841,324
S01007842,341
S01007843,347
S01007844,427
S01007845,387
S01007846,347
S01007847,387
S01007848,419
S01007849,473
S01007850,289
S01007851,483
S01007852,314
S01007853,493
S01007854,468
S01007855,286
S01007856,411
S01007857,232
S01007858,520
S01007859,272
S01007860,271
S01007861,258
S01007862,301
S01007863,431
S01007864,466
S01007865,330
S01007866,210
S01007867,612
S01007868,364
S01007869,362
S01007870,136
S01007871,272
S01007872,318
S01007873,283
S01007874,360
S01007875,329
S01007876,392
S01007877,338
S01007878,192
S01007879,341
S01007880,245
S01007881,250
S01007882,288
S01007883,466
S01007884,276
S01007885,338
S01007886,432
S01007887,253
S01007888,464
S01007889,234
S01007890,301
S01007891,431
S01007892,342
S01007893,432
S01007894,384
S01007895,250
S01007896,345
S01007897,157
S01007898,192
S01007899,243
S01007900,243
S01007901,291
S01007902,361
S01007903,292
S01007904,330
S01007905,302
S01007906,343
S01007907,252
S01007908,422
S01007909,250
S01007910,376
S01007911,290
S01007912,311
S01007913,311
S01007914,257
S01007915,362
S01007916,371
S01007917,378
S01007918,393
S01007919,326
S01007920,303
S01007921,398
S01007922,368
S01007923,453
S01007924,460
S01007925,186
S01007926,175
S01007927,315
S01007928,437
S01007929,770
S01007930,196
S01007931,481
S01007932,379
S01007933,319
S01007934,280
S01007935,401
S01007936,390
S01007937,490
S01007938,364
S01007939,362
S01007940,495
S01007941,266
S01007942,213
S01007943,321
S01007944,375
S01007945,379
S01007946,288
S01007947,318
S01007948,281
S01007949,309
S01007950,390
S01007951,407
S01007952,339
S01007953,392
S01007954,296
S01007955,324
S01007956,297
S01007957,547
S01007958,268
S01007959,351
S01007960,295
S01007961,339
S01007962,252
S01007963,435
S01007964,356
S01007965,236
S01007966,435
S01007967,232
S01007968,393
S01007969,370
S01007970,469
S01007971,461
S01007972,377
S01007973,357
S01007974,360
S01007975,367
S01007976,432
S01007977,259
S01007978,405
S01007979,405
S01007980,300
S01007981,248
S01007982,213
S01007983,439
S01007984,326
S01007985,381
S01007986,247
S01007987,324
S01007988,301
S01007989,362
S01007990,290
S01007991,426
S01007992,224
S01007993,328
S01007994,297
S01007995,314
S01007996,143
S01007997,351
S01007998,229
S01007999,310
S01008000,398
S01008001,441
S01008002,356
S01008003,252
S01008004,240
S01008005,300
S01008006,252
S01008007,247
S01008008,298
S01008009,444
S01008010,475
S01008011,381
S01008012,514
S01008013,349
S01008014,260
S01008015,532
S01008016,425
S01008017,379
S01008018,311
S01008019,242
S01008020,375
S01008021,304
S01008022,331
S01008023,227
S01008024,395
S01008025,275
S01008026,461
S01008027,239
S01008028,243
S01008029,851
S01008030,478
S01008031,363
S01008032,381
S01008033,264
S01008034,259
S01008035,280
S01008036,246
S01008037,437
S01008038,349
S01008039,357
S01008040,367
S01008041,351
S01008042,285
S01008043,406
S01008044,430
S01008045,518
S01008046,564
S01008047,288
S01008048,242
S01008049,355
S01008050,242
S01008051,331
S01008052,633
S01008053,257
S01008054,365
S01008055,410
S01008056,355
S01008057,392
S01008058,307
S01008059,257
S01008060,275
S01008061,443
S01008062,367
S01008063,376
S01008064,295
S01008065,353
S01008066,326
S01008067,301
S01008068,418
S01008069,374
S01008070,383
S01008071,290
S01008072,364
S01008073,174
S01008074,375
S01008075,244
S01008076,305
S01008077,353
S01008078,360
S01008079,339
S01008080,276
S01008081,238
S01008082,330
S01008083,289
S01008084,386
S01008085,341
S01008086,439
S01008087,329
S01008088,399
S01008089,294
S01008090,303
S01008091,144
S01008092,368
S01008093,301
S01008094,332
S01008095,328
S01008096,335
S01008097,286
S01008098,302
S01008099,201
S01008100,404
S01008101,396
S01008102,277
S01008103,451
S01008104,422
S01008105,490
S01008106,414
S01008107,483
S01008108,293
S01008109,333
S01008110,320
S01008111,352
S01008112,328
S01008113,409
S01008114,259
S01008115,383
S01008116,348
S01008117,336
S01008118,369
S01008119,254
S01008120,289
S01008121,263
S01008122,266
S01008123,394
S01008124,344
S01008125,351
S01008126,301
S01008127,290
S01008128,345
S01008129,406
S01008130,466
S01008131,412
S01008132,470
S01008133,324
S01008134,337
S01008135,625
S01008136,413
S01008137,426
S01008138,380
S01008139,523
S01008140,242
S01008141,312
S01008142,293
S01008143,451
S01008144,1234
S01008145,434
S01008146,248
S01008147,332
S01008148,333
S01008149,312
S01008150,417
S01008151,287
S01008152,453
S01008153,284
S01008154,423
S01008155,277
S01008156,335
S01008157,387
S01008158,286
S01008159,443
S01008160,386
S01008161,433
S01008162,437
S01008163,352
S01008164,366
S01008165,871
S01008166,231
S01008167,304
S01008168,349
S01008169,378
S01008170,237
S01008171,399
S01008172,259
S01008173,262
S01008174,226
S01008175,369
S01008176,400
S01008177,371
S01008178,278
S01008179,172
S01008180,169
S01008181,273
S01008182,550
S01008183,289
S01008184,486
S01008185,537
S01008186,370
S01008187,348
S01008188,486
S01008189,210
S01008190,363
S01008191,362
S01008192,436
S01008193,344
S01008194,275
S01008195,334
S01008196,376
S01008197,551
S01008198,302
S01008199,305
S01008200,303
S01008201,354
S01008202,254
S01008203,314
S01008204,468
S01008205,293
S01008206,302
S01008207,248
S01008208,362
S01008209,170
S01008210,393
S01008211,441
S01008212,212
S01008213,372
S01008214,349
S01008215,321
S01008216,201
S01008217,231
S01008218,937
S01008219,415
S01008220,230
S01008221,362
S01008222,284
S01008223,270
S01008224,402
S01008225,285
S01008226,392
S01008227,393
S01008228,283
S01008229,303
S01008230,298
S01008231,242
S01008232,311
S01008233,278
S01008234,195
S01008235,432
S01008236,385
S01008237,506
S01008238,370
S01008239,474
S01008240,318
S01008241,284
S01008242,547
S01008243,479
S01008244,265
S01008245,430
S01008246,448
S01008247,325
S01008248,357
S01008249,455
S01008250,1192
S01008251,438
S01008252,317
S01008253,364
S01008254,440
S01008255,272
S01008256,423
S01008257,381
S01008258,405
S01008259,445
S01008260,340
S01008261,355
S01008262,250
S01008263,289
S01008264,333
S01008265,434
S01008266,312
S01008267,400
S01008268,325
S01008269,419
S01008270,374
S01008271,381
S01008272,1075
S01008273,352
S01008274,321
S01008275,241
S01008276,231
S01008277,301
S01008278,420
S01008279,318
S01008280,446
S01008281,327
S01008282,286
S01008283,445
S01008284,1072
S01008285,339
S01008286,317
S01008287,329
S01008288,427
S01008289,291
S01008290,397
S01008291,395
S01008292,311
S01008293,203
S01008294,320
S01008295,365
S01008296,299
S01008297,331
S01008298,393
S01008299,353
S01008300,351
S01008301,335
S01008302,390
S01008303,293
S01008304,175
S01008305,297
S01008306,236
S01008307,320
S01008308,241
S01008309,342
S01008310,499
S01008311,204
S01008312,171
S01008313,392
S01008314,315
S01008315,450
S01008316,271
S01008317,415
S01008318,588
S01008319,392
S01008320,326
S01008321,161
S01008322,481
S01008323,280
S01008324,317
S01008325,289
S01008326,433
S01008327,387
S01008328,1173
S01008329,297
S01008330,286
S01008331,233
S01008332,411
S01008333,505
S01008334,333
S01008335,290
S01008336,336
S01008337,370
S01008338,240
S01008339,219
S01008340,308
S01008341,200
S01008342,321
S01008343,332
S01008344,369
S01008345,401
S01008346,357
S01008347,489
S01008348,310
S01008349,308
S01008350,240
S01008351,361
S01008352,252
S01008353,200
S01008354,1005
S01008355,315
S01008356,244
S01008357,288
S01008358,345
S01008359,286
S01008360,320
S01008361,339
S01008362,526
S01008363,301
S01008364,279
S01008365,277
S01008366,390
S01008367,359
S01008368,308
S01008369,252
S01008370,298
S01008371,293
S01008372,280
S01008373,263
S01008374,281
S01008375,274
S01008376,206
S01008377,292
S01008378,395
S01008379,199
S01008380,235
S01008381,230
S01008382,320
S01008383,174
S01008384,379
S01008385,244
S01008386,346
S01008387,233
S01008388,239
S01008389,308
S01008390,243
S01008391,346
S01008392,329
S01008393,350
S01008394,280
S01008395,184
S01008396,318
S01008397,313
S01008398,250
S01008399,240
S01008400,263
S01008401,377
S01008402,438
S01008403,210
S01008404,342
S01008405,267
S01008406,467
S01008407,295
S01008408,252
S01008409,404
S01008410,323
S01008411,237
S01008412,284
S01008413,199
S01008414,191
S01008415,342
S01008416,425
S01008417,315
S01008418,299
S01008419,186
S01008420,186
S01008421,408
S01008422,229
S01008423,533
S01008424,337
S01008425,728
S01008426,267
S01008427,394
S01008428,353
S01008429,400
S01008430,395
S01008431,351
S01008432,297
S01008433,343
S01008434,409
S01008435,300
S01008436,426
S01008437,369
S01008438,247
S01008439,425
S01008440,439
S01008441,188
S01008442,321
S01008443,263
S01008444,235
S01008445,414
S01008446,362
S01008447,288
S01008448,321
S01008449,338
S01008450,224
S01008451,271
S01008452,237
S01008453,289
S01008454,382
S01008455,485
S01008456,462
S01008457,357
S01008458,418
S01008459,368
S01008460,365
S01008461,468
S01008462,315
S01008463,288
S01008464,400
S01008465,346
S01008466,300
S01008467,310
S01008468,441
S01008469,233
S01008470,370
S01008471,330
S01008472,266
S01008473,255
S01008474,436
S01008475,322
S01008476,398
S01008477,440
S01008478,638
S01008479,396
S01008480,274
S01008481,499
S01008482,283
S01008483,306
S01008484,303
S01008485,463
S01008486,460
S01008487,530
S01008488,443
S01008489,340
S01008490,486
S01008491,494
S01008492,693
S01008493,553
S01008494,625
S01008495,615
S01008496,618
S01008497,570
S01008498,523
S01008499,554
S01008500,228
S01008501,312
S01008502,393
S01008503,430
S01008504,538
S01008505,329
S01008506,495
S01008507,459
S01008508,326
S01008509,533
S01008510,391
S01008511,354
S01008512,205
S01008513,249
S01008514,429
S01008515,334
S01008516,631
S01008517,414
S01008518,381
S01008519,330
S01008520,425
S01008521,343
S01008522,254
S01008523,455
S01008524,466
S01008525,407
S01008526,445
S01008527,330
S01008528,302
S01008529,371
S01008530,386
S01008531,393
S01008532,210
S01008533,162
S01008534,267
S01008535,283
S01008536,262
S01008537,280
S01008538,239
S01008539,346
S01008540,374
S01008541,327
S01008542,606
S01008543,256
S01008544,212
S01008545,333
S01008546,338
S01008547,455
S01008548,580
S01008549,1913
S01008550,342
S01008551,504
S01008552,381
S01008553,329
S01008554,364
S01008555,451
S01008556,365
S01008557,646
S01008558,381
S01008559,286
S01008560,316
S01008561,275
S01008562,498
S01008563,399
S01008564,307
S01008565,473
S01008566,439
S01008567,286
S01008568,357
S01008569,383
S01008570,396
S01008571,334
S01008572,319
S01008573,286
S01008574,289
S01008575,325
S01008576,395
S01008577,429
S01008578,292
S01008579,635
S01008580,258
S01008581,481
S01008582,473
S01008583,352
S01008584,373
S01008585,238
S01008586,410
S01008587,328
S01008588,343
S01008589,173
S01008590,415
S01008591,312
S01008592,363
S01008593,319
S01008594,481
S01008595,523
S01008596,447
S01008597,420
S01008598,321
S01008599,369
S01008600,301
S01008601,326
S01008602,318
S01008603,524
S01008604,420
S01008605,311
S01008606,323
S01008607,261
S01008608,310
S01008609,398
S01008610,374
S01008611,513
S01008612,346
S01008613,340
S01008614,294
S01008615,319
S01008616,255
S01008617,270
S01008618,246
S01008619,194
S01008620,276
S01008621,256
S01008622,196
S01008623,341
S01008624,356
S01008625,241
S01008626,382
S01008627,252
S01008628,271
S01008629,295
S01008630,314
S01008631,465
S01008632,375
S01008633,413
S01008634,286
S01008635,405
S01008636,315
S01008637,392
S01008638,330
S01008639,445
S01008640,394
S01008641,364
S01008642,407
S01008643,322
S01008644,389
S01008645,348
S01008646,493
S01008647,370
S01008648,318
S01008649,538
S01008650,436
S01008651,614
S01008652,324
S01008653,380
S01008654,592
S01008655,459
S01008656,441
S01008657,351
S01008658,856
S01008659,444
S01008660,538
S01008661,433
S01008662,277
S01008663,436
S01008664,392
S01008665,652
S01008666,330
S01008667,512
S01008668,309
S01008669,131
S01008670,256
S01008671,323
S01008672,334
S01008673,1100
S01008674,378
S01008675,432
S01008676,360
S01008677,393
S01008678,391
S01008679,521
S01008680,350
S01008681,520
S01008682,415
S01008683,591
S01008684,589
S01008685,471
S01008686,634
S01008687,399
S01008688,506
S01008689,498
S01008690,786
S01008691,715
S01008692,818
S01008693,159
S01008694,518
S01008695,342
S01008696,276
S01008697,439
S01008698,196
S01008699,473
S01008700,261
S01008701,691
S01008702,300
S01008703,478
S01008704,1641
S01008705,367
S01008706,317
S01008707,392
S01008708,510
S01008709,272
S01008710,228
S01008711,393
S01008712,538
S01008713,253
S01008714,253
S01008715,352
S01008716,298
S01008717,204
S01008718,367
S01008719,451
S01008720,758
S01008721,327
S01008722,518
S01008723,309
S01008724,427
S01008725,300
S01008726,238
S01008727,455
S01008728,279
S01008729,277
S01008730,381
S01008731,253
S01008732,335
S01008733,839
S01008734,312
S01008735,389
S01008736,306
S01008737,285
S01008738,307
S01008739,292
S01008740,193
S01008741,410
S01008742,280
S01008743,451
S01008744,501
S01008745,237
S01008746,532
S01008747,207
S01008748,283
S01008749,437
S01008750,301
S01008751,274
S01008752,344
S01008753,298
S01008754,319
S01008755,619
S01008756,375
S01008757,322
S01008758,379
S01008759,302
S01008760,460
S01008761,248
S01008762,304
S01008763,429
S01008764,301
S01008765,403
S01008766,414
S01008767,249
S01008768,1157
S01008769,573
S01008770,463
S01008771,579
S01008772,387
S01008773,587
S01008774,562
S01008775,267
S01008776,402
S01008777,597
S01008778,660
S01008779,458
S01008780,237
S01008781,650
S01008782,405
S01008783,254
S01008784,244
S01008785,402
S01008786,561
S01008787,162
S01008788,412
S01008789,503
S01008790,340
S01008791,469
S01008792,474
S01008793,285
S01008794,529
S01008795,533
S01008796,591
S01008797,484
S01008798,536
S01008799,327
S01008800,654
S01008801,529
S01008802,605
S01008803,508
S01008804,314
S01008805,314
S01008806,721
S01008807,466
S01008808,406
S01008809,346
S01008810,394
S01008811,336
S01008812,206
S01008813,563
S01008814,399
S01008815,546
S01008816,345
S01008817,624
S01008818,524
S01008819,373
S01008820,591
S01008821,274
S01008822,281
S01008823,269
S01008824,502
S01008825,343
S01008826,321
S01008827,273
S01008828,434
S01008829,291
S01008830,401
S01008831,357
S01008832,347
S01008833,506
S01008834,494
S01008835,400
S01008836,455
S01008837,756
S01008838,674
S01008839,587
S01008840,505
S01008841,387
S01008842,406
S01008843,652
S01008844,365
S01008845,519
S01008846,334
S01008847,273
S01008848,358
S01008849,348
S01008850,358
S01008851,575
S01008852,451
S01008853,317
S01008854,485
S01008855,645
S01008856,312
S01008857,432
S01008858,326
S01008859,667
S01008860,508
S01008861,347
S01008862,514
S01008863,382
S01008864,429
S01008865,441
S01008866,443
S01008867,412
S01008868,494
S01008869,611
S01008870,418
S01008871,444
S01008872,425
S01008873,455
S01008874,554
S01008875,509
S01008876,295
S01008877,232
S01008878,453
S01008879,387
S01008880,284
S01008881,370
S01008882,430
S01008883,382
S01008884,306
S01008885,339
S01008886,497
S01008887,331
S01008888,352
S01008889,445
S01008890,295
S01008891,342
S01008892,529
S01008893,355
S01008894,366
S01008895,305
S01008896,247
S01008897,305
S01008898,333
S01008899,368
S01008900,403
S01008901,363
S01008902,483
S01008903,455
S01008904,416
S01008905,479
S01008906,360
S01008907,409
S01008908,734
S01008909,342
S01008910,207
S01008911,712
S01008912,325
S01008913,285
S01008914,380
S01008915,230
S01008916,547
S01008917,347
S01008918,231
S01008919,247
S01008920,1038
S01008921,488
S01008922,377
S01008923,493
S01008924,340
S01008925,279
S01008926,243
S01008927,474
S01008928,408
S01008929,551
S01008930,374
S01008931,727
S01008932,419
S01008933,283
S01008934,335
S01008935,362
S01008936,159
S01008937,426
S01008938,283
S01008939,314
S01008940,251
S01008941,387
S01008942,331
S01008943,344
S01008944,428
S01008945,319
S01008946,473
S01008947,464
S01008948,299
S01008949,397
S01008950,421
S01008951,436
S01008952,421
S01008953,414
S01008954,486
S01008955,249
S01008956,471
S01008957,429
S01008958,448
S01008959,365
S01008960,449
S01008961,313
S01008962,279
S01008963,348
S01008964,215
S01008965,348
S01008966,271
S01008967,430
S01008968,708
S01008969,429
S01008970,442
S01008971,271
S01008972,305
S01008973,400
S01008974,373
S01008975,436
S01008976,210
S01008977,264
S01008978,252
S01008979,310
S01008980,334
S01008981,331
S01008982,357
S01008983,320
S01008984,230
S01008985,519
S01008986,336
S01008987,325
S01008988,487
S01008989,350
S01008990,546
S01008991,387
S01008992,261
S01008993,492
S01008994,313
S01008995,331
S01008996,404
S01008997,463
S01008998,335
S01008999,405
S01009000,703
S01009001,301
S01009002,1173
S01009003,413
S01009004,271
S01009005,423
S01009006,335
S01009007,285
S01009008,439
S01009009,255
S01009010,405
S01009011,322
S01009012,292
S01009013,348
S01009014,288
S01009015,316
S01009016,256
S01009017,262
S01009018,359
S01009019,215
S01009020,361
S01009021,367
S01009022,444
S01009023,419
S01009024,487
S01009025,452
S01009026,461
S01009027,366
S01009028,241
S01009029,270
S01009030,292
S01009031,366
S01009032,313
S01009033,344
S01009034,296
S01009035,413
S01009036,450
S01009037,377
S01009038,428
S01009039,272
S01009040,358
S01009041,538
S01009042,293
S01009043,291
S01009044,364
S01009045,338
S01009046,487
S01009047,336
S01009048,341
S01009049,249
S01009050,412
S01009051,287
S01009052,303
S01009053,340
S01009054,239
S01009055,540
S01009056,216
S01009057,262
S01009058,405
S01009059,323
S01009060,546
S01009061,328
S01009062,307
S01009063,301
S01009064,260
S01009065,299
S01009066,329
S01009067,327
S01009068,380
S01009069,250
S01009070,253
S01009071,214
S01009072,198
S01009073,297
S01009074,290
S01009075,239
S01009076,403
S01009077,256
S01009078,269
S01009079,385
S01009080,458
S01009081,281
S01009082,506
S01009083,341
S01009084,312
S01009085,291
S01009086,300
S01009087,248
S01009088,405
S01009089,302
S01009090,905
S01009091,262
S01009092,558
S01009093,342
S01009094,290
S01009095,446
S01009096,390
S01009097,344
S01009098,191
S01009099,360
S01009100,420
S01009101,374
S01009102,323
S01009103,243
S01009104,357
S01009105,340
S01009106,266
S01009107,335
S01009108,315
S01009109,267
S01009110,273
S01009111,378
S01009112,239
S01009113,375
S01009114,339
S01009115,261
S01009116,190
S01009117,353
S01009118,219
S01009119,299
S01009120,237
S01009121,364
S01009122,1117
S01009123,223
S01009124,212
S01009125,287
S01009126,292
S01009127,291
S01009128,439
S01009129,209
S01009130,225
S01009131,288
S01009132,334
S01009133,337
S01009134,399
S01009135,271
S01009136,277
S01009137,289
S01009138,397
S01009139,262
S01009140,357
S01009141,473
S01009142,468
S01009143,308
S01009144,432
S01009145,478
S01009146,409
S01009147,291
S01009148,250
S01009149,376
S01009150,589
S01009151,468
S01009152,459
S01009153,267
S01009154,454
S01009155,231
S01009156,267
S01009157,402
S01009158,238
S01009159,215
S01009160,331
S01009161,337
S01009162,445
S01009163,256
S01009164,345
S01009165,316
S01009166,341
S01009167,204
S01009168,310
S01009169,440
S01009170,306
S01009171,302
S01009172,284
S01009173,310
S01009174,161
S01009175,308
S01009176,427
S01009177,361
S01009178,336
S01009179,255
S01009180,469
S01009181,332
S01009182,420
S01009183,257
S01009184,381
S01009185,365
S01009186,307
S01009187,237
S01009188,376
S01009189,334
S01009190,521
S01009191,239
S01009192,261
S01009193,754
S01009194,319
S01009195,346
S01009196,289
S01009197,438
S01009198,298
S01009199,243
S01009200,681
S01009201,258
S01009202,187
S01009203,298
S01009204,352
S01009205,371
S01009206,340
S01009207,369
S01009208,303
S01009209,343
S01009210,197
S01009211,218
S01009212,359
S01009213,318
S01009214,412
S01009215,406
S01009216,449
S01009217,288
S01009218,374
S01009219,296
S01009220,262
S01009221,237
S01009222,211
S01009223,281
S01009224,299
S01009225,261
S01009226,497
S01009227,328
S01009228,283
S01009229,260
S01009230,241
S01009231,468
S01009232,292
S01009233,254
S01009234,448
S01009235,449
S01009236,235
S01009237,378
S01009238,333
S01009239,428
S01009240,321
S01009241,430
S01009242,330
S01009243,393
S01009244,363
S01009245,352
S01009246,387
S01009247,433
S01009248,300
S01009249,411
S01009250,274
S01009251,226
S01009252,162
S01009253,237
S01009254,375
S01009255,378
S01009256,217
S01009257,355
S01009258,447
S01009259,374
S01009260,464
S01009261,354
S01009262,276
S01009263,472
S01009264,226
S01009265,478
S01009266,393
S01009267,375
S01009268,516
S01009269,367
S01009270,324
S01009271,351
S01009272,283
S01009273,218
S01009274,248
S01009275,403
S01009276,382
S01009277,497
S01009278,263
S01009279,368
S01009280,405
S01009281,369
S01009282,353
S01009283,271
S01009284,315
S01009285,353
S01009286,361
S01009287,337
S01009288,436
S01009289,377
S01009290,281
S01009291,410
S01009292,241
S01009293,303
S01009294,295
S01009295,263
S01009296,187
S01009297,336
S01009298,542
S01009299,566
S01009300,326
S01009301,646
S01009302,431
S01009303,367
S01009304,435
S01009305,407
S01009306,613
S01009307,630
S01009308,326
S01009309,426
S01009310,392
S01009311,278
S01009312,402
S01009313,284
S01009314,233
S01009315,284
S01009316,319
S01009317,326
S01009318,236
S01009319,413
S01009320,377
S01009321,292
S01009322,334
S01009323,330
S01009324,255
S01009325,288
S01009326,211
S01009327,315
S01009328,320
S01009329,674
S01009330,201
S01009331,791
S01009332,429
S01009333,450
S01009334,318
S01009335,395
S01009336,319
S01009337,316
S01009338,507
S01009339,432
S01009340,300
S01009341,273
S01009342,330
S01009343,247
S01009344,309
S01009345,373
S01009346,229
S01009347,222
S01009348,169
S01009349,287
S01009350,240
S01009351,211
S01009352,285
S01009353,491
S01009354,774
S01009355,356
S01009356,414
S01009357,183
S01009358,257
S01009359,281
S01009360,372
S01009361,340
S01009362,417
S01009363,371
S01009364,348
S01009365,277
S01009366,308
S01009367,310
S01009368,210
S01009369,280
S01009370,384
S01009371,238
S01009372,217
S01009373,493
S01009374,464
S01009375,331
S01009376,268
S01009377,368
S01009378,383
S01009379,342
S01009380,214
S01009381,279
S01009382,377
S01009383,416
S01009384,250
S01009385,222
S01009386,254
S01009387,347
S01009388,352
S01009389,484
S01009390,233
S01009391,275
S01009392,193
S01009393,271
S01009394,494
S01009395,302
S01009396,292
S01009397,347
S01009398,302
S01009399,303
S01009400,222
S01009401,283
S01009402,387
S01009403,204
S01009404,287
S01009405,204
S01009406,471
S01009407,239
S01009408,397
S01009409,446
S01009410,353
S01009411,321
S01009412,408
S01009413,494
S01009414,290
S01009415,325
S01009416,200
S01009417,452
S01009418,499
S01009419,257
S01009420,267
S01009421,313
S01009422,377
S01009423,492
S01009424,270
S01009425,373
S01009426,400
S01009427,320
S01009428,278
S01009429,324
S01009430,324
S01009431,310
S01009432,332
S01009433,326
S01009434,247
S01009435,330
S01009436,291
S01009437,313
S01009438,414
S01009439,354
S01009440,314
S01009441,344
S01009442,219
S01009443,730
S01009444,273
S01009445,364
S01009446,476
S01009447,268
S01009448,504
S01009449,209
S01009450,289
S01009451,453
S01009452,302
S01009453,416
S01009454,405
S01009455,501
S01009456,488
S01009457,268
S01009458,317
S01009459,451
S01009460,399
S01009461,283
S01009462,311
S01009463,312
S01009464,402
S01009465,265
S01009466,245
S01009467,313
S01009468,406
S01009469,407
S01009470,221
S01009471,379
S01009472,423
S01009473,468
S01009474,392
S01009475,225
S01009476,309
S01009477,389
S01009478,501
S01009479,496
S01009480,428
S01009481,473
S01009482,326
S01009483,431
S01009484,481
S01009485,365
S01009486,299
S01009487,421
S01009488,271
S01009489,388
S01009490,368
S01009491,411
S01009492,236
S01009493,373
S01009494,390
S01009495,380
S01009496,371
S01009497,460
S01009498,278
S01009499,348
S01009500,330
S01009501,417
S01009502,367
S01009503,331
S01009504,289
S01009505,343
S01009506,342
S01009507,345
S01009508,392
S01009509,401
S01009510,302
S01009511,258
S01009512,314
S01009513,245
S01009514,284
S01009515,360
S01009516,370
S01009517,348
S01009518,317
S01009519,361
S01009520,336
S01009521,386
S01009522,384
S01009523,253
S01009524,362
S01009525,264
S01009526,348
S01009527,394
S01009528,340
S01009529,258
S01009530,255
S01009531,616
S01009532,456
S01009533,529
S01009534,471
S01009535,389
S01009536,240
S01009537,269
S01009538,476
S01009539,424
S01009540,455
S01009541,545
S01009542,387
S01009543,296
S01009544,463
S01009545,302
S01009546,482
S01009547,395
S01009548,268
S01009549,341
S01009550,213
S01009551,230
S01009552,412
S01009553,415
S01009554,306
S01009555,378
S01009556,328
S01009557,277
S01009558,296
S01009559,349
S01009560,382
S01009561,300
S01009562,341
S01009563,362
S01009564,312
S01009565,246
S01009566,415
S01009567,415
S01009568,319
S01009569,345
S01009570,235
S01009571,298
S01009572,435
S01009573,317
S01009574,435
S01009575,216
S01009576,212
S01009577,229
S01009578,302
S01009579,420
S01009580,373
S01009581,237
S01009582,234
S01009583,364
S01009584,210
S01009585,397
S01009586,301
S01009587,383
S01009588,425
S01009589,348
S01009590,265
S01009591,294
S01009592,244
S01009593,261
S01009594,273
S01009595,156
S01009596,341
S01009597,359
S01009598,288
S01009599,375
S01009600,316
S01009601,310
S01009602,285
S01009603,174
S01009604,367
S01009605,286
S01009606,328
S01009607,314
S01009608,281
S01009609,341
S01009610,495
S01009611,251
S01009612,284
S01009613,189
S01009614,236
S01009615,173
S01009616,336
S01009617,310
S01009618,348
S01009619,313
S01009620,396
S01009621,386
S01009622,408
S01009623,241
S01009624,397
S01009625,380
S01009626,236
S01009627,343
S01009628,267
S01009629,442
S01009630,345
S01009631,380
S01009632,308
S01009633,321
S01009634,248
S01009635,459
S01009636,411
S01009637,311
S01009638,435
S01009639,339
S01009640,369
S01009641,532
S01009642,515
S01009643,464
S01009644,371
S01009645,295
S01009646,269
S01009647,334
S01009648,400
S01009649,455
S01009650,350
S01009651,579
S01009652,413
S01009653,227
S01009654,279
S01009655,362
S01009656,378
S01009657,365
S01009658,291
S01009659,263
S01009660,452
S01009661,369
S01009662,287
S01009663,285
S01009664,399
S01009665,325
S01009666,333
S01009667,231
S01009668,247
S01009669,237
S01009670,339
S01009671,260
S01009672,358
S01009673,344
S01009674,381
S01009675,376
S01009676,375
S01009677,250
S01009678,267
S01009679,485
S01009680,351
S01009681,291
S01009682,272
S01009683,367
S01009684,486
S01009685,264
S01009686,505
S01009687,289
S01009688,414
S01009689,382
S01009690,323
S01009691,266
S01009692,497
S01009693,253
S01009694,453
S01009695,240
S01009696,425
S01009697,347
S01009698,285
S01009699,222
S01009700,302
S01009701,271
S01009702,270
S01009703,296
S01009704,423
S01009705,377
S01009706,297
S01009707,217
S01009708,481
S01009709,438
S01009710,186
S01009711,350
S01009712,302
S01009713,433
S01009714,477
S01009715,360
S01009716,306
S01009717,292
S01009718,340
S01009719,317
S01009720,368
S01009721,193
S01009722,558
S01009723,281
S01009724,460
S01009725,188
S01009726,232
S01009727,265
S01009728,335
S01009729,277
S01009730,225
S01009731,253
S01009732,339
S01009733,194
S01009734,382
S01009735,309
S01009736,325
S01009737,361
S01009738,256
S01009739,324
S01009740,244
S01009741,165
S01009742,215
S01009743,428
S01009744,313
S01009745,575
S01009746,251
S01009747,362
S01009748,371
S01009749,438
S01009750,330
S01009751,360
S01009752,274
S01009753,300
S01009754,433
S01009755,256
S01009756,299
S01009757,326
S01009758,263
S01009759,463
S01009760,451
S01009761,333
S01009762,435
S01009763,252
S01009764,285
S01009765,369
S01009766,181
S01009767,798
S01009768,341
S01009769,389
S01009770,258
S01009771,274
S01009772,253
S01009773,178
S01009774,153
S01009775,798
S01009776,308
S01009777,210
S01009778,404
S01009779,291
S01009780,237
S01009781,240
S01009782,300
S01009783,281
S01009784,418
S01009785,380
S01009786,436
S01009787,398
S01009788,395
S01009789,373
S01009790,254
S01009791,339
S01009792,327
S01009793,657
S01009794,226
S01009795,285
S01009796,319
S01009797,332
S01009798,256
S01009799,383
S01009800,435
S01009801,356
S01009802,406
S01009803,330
S01009804,190
S01009805,361
S01009806,412
S01009807,354
S01009808,266
S01009809,320
S01009810,343
S01009811,498
S01009812,362
S01009813,362
S01009814,357
S01009815,325
S01009816,303
S01009817,345
S01009818,457
S01009819,246
S01009820,439
S01009821,287
S01009822,195
S01009823,299
S01009824,365
S01009825,434
S01009826,231
S01009827,375
S01009828,311
S01009829,519
S01009830,316
S01009831,266
S01009832,469
S01009833,244
S01009834,389
S01009835,263
S01009836,418
S01009837,365
S01009838,495
S01009839,528
S01009840,448
S01009841,426
S01009842,329
S01009843,456
S01009844,500
S01009845,427
S01009846,606
S01009847,398
S01009848,430
S01009849,450
S01009850,475
S01009851,501
S01009852,248
S01009853,395
S01009854,410
S01009855,250
S01009856,301
S01009857,371
S01009858,336
S01009859,650
S01009860,568
S01009861,513
S01009862,663
S01009863,517
S01009864,471
S01009865,448
S01009866,468
S01009867,668
S01009868,301
S01009869,353
S01009870,307
S01009871,591
S01009872,408
S01009873,384
S01009874,483
S01009875,345
S01009876,96
S01009877,374
S01009878,272
S01009879,332
S01009880,258
S01009881,317
S01009882,644
S01009883,271
S01009884,377
S01009885,241
S01009886,271
S01009887,494
S01009888,244
S01009889,366
S01009890,238
S01009891,351
S01009892,474
S01009893,402
S01009894,457
S01009895,487
S01009896,472
S01009897,504
S01009898,265
S01009899,462
S01009900,411
S01009901,483
S01009902,506
S01009903,339
S01009904,486
S01009905,382
S01009906,260
S01009907,611
S01009908,523
S01009909,520
S01009910,231
S01009911,381
S01009912,355
S01009913,311
S01009914,429
S01009915,379
S01009916,305
S01009917,326
S01009918,290
S01009919,636
S01009920,532
S01009921,450
S01009922,602
S01009923,564
S01009924,579
S01009925,444
S01009926,336
S01009927,303
S01009928,535
S01009929,268
S01009930,452
S01009931,417
S01009932,418
S01009933,487
S01009934,455
S01009935,641
S01009936,354
S01009937,217
S01009938,510
S01009939,301
S01009940,428
S01009941,315
S01009942,484
S01009943,437
S01009944,267
S01009945,497
S01009946,344
S01009947,285
S01009948,425
S01009949,384
S01009950,256
S01009951,254
S01009952,306
S01009953,357
S01009954,251
S01009955,546
S01009956,323
S01009957,291
S01009958,364
S01009959,287
S01009960,345
S01009961,295
S01009962,601
S01009963,311
S01009964,422
S01009965,351
S01009966,267
S01009967,392
S01009968,228
S01009969,341
S01009970,439
S01009971,476
S01009972,376
S01009973,276
S01009974,289
S01009975,435
S01009976,239
S01009977,463
S01009978,474
S01009979,348
S01009980,367
S01009981,325
S01009982,423
S01009983,270
S01009984,301
S01009985,241
S01009986,228
S01009987,495
S01009988,297
S01009989,374
S01009990,315
S01009991,302
S01009992,357
S01009993,329
S01009994,316
S01009995,236
S01009996,258
S01009997,269
S01009998,233
S01009999,268
S01010000,234
S01010001,309
S01010002,325
S01010003,273
S01010004,245
S01010005,676
S01010006,777
S01010007,417
S01010008,449
S01010009,433
S01010010,466
S01010011,505
S01010012,356
S01010013,485
S01010014,519
S01010015,378
S01010016,349
S01010017,291
S01010018,654
S01010019,427
S01010020,341
S01010021,256
S01010022,1216
S01010023,345
S01010024,455
S01010025,308
S01010026,504
S01010027,474
S01010028,370
S01010029,343
S01010030,407
S01010031,416
S01010032,300
S01010033,867
S01010034,833
S01010035,151
S01010036,423
S01010037,393
S01010038,574
S01010039,572
S01010040,476
S01010041,489
S01010042,561
S01010043,463
S01010044,623
S01010045,271
S01010046,650
S01010047,453
S01010048,971
S01010049,394
S01010050,718
S01010051,548
S01010052,643
S01010053,391
S01010054,330
S01010055,524
S01010056,282
S01010057,277
S01010058,344
S01010059,369
S01010060,480
S01010061,241
S01010062,412
S01010063,557
S01010064,235
S01010065,372
S01010066,343
S01010067,303
S01010068,768
S01010069,340
S01010070,232
S01010071,351
S01010072,353
S01010073,340
S01010074,300
S01010075,291
S01010076,265
S01010077,281
S01010078,225
S01010079,356
S01010080,292
S01010081,287
S01010082,389
S01010083,295
S01010084,407
S01010085,295
S01010086,387
S01010087,241
S01010088,1318
S01010089,300
S01010090,375
S01010091,377
S01010092,388
S01010093,349
S01010094,276
S01010095,265
S01010096,278
S01010097,296
S01010098,273
S01010099,276
S01010100,352
S01010101,308
S01010102,258
S01010103,429
S01010104,357
S01010105,184
S01010106,101
S01010107,330
S01010108,340
S01010109,449
S01010110,438
S01010111,363
S01010112,496
S01010113,304
S01010114,365
S01010115,155
S01010116,564
S01010117,616
S01010118,304
S01010119,208
S01010120,491
S01010121,254
S01010122,224
S01010123,335
S01010124,282
S01010125,180
S01010126,318
S01010127,285
S01010128,225
S01010129,378
S01010130,378
S01010131,320
S01010132,461
S01010133,373
S01010134,571
S01010135,350
S01010136,374
S01010137,545
S01010138,569
S01010139,506
S01010140,413
S01010141,498
S01010142,375
S01010143,380
S01010144,346
S01010145,391
S01010146,370
S01010147,488
S01010148,542
S01010149,476
S01010150,395
S01010151,370
S01010152,378
S01010153,484
S01010154,456
S01010155,428
S01010156,252
S01010157,270
S01010158,421
S01010159,343
S01010160,269
S01010161,268
S01010162,331
S01010163,327
S01010164,291
S01010165,333
S01010166,476
S01010167,424
S01010168,224
S01010169,319
S01010170,238
S01010171,489
S01010172,494
S01010173,313
S01010174,242
S01010175,244
S01010176,363
S01010177,302
S01010178,369
S01010179,381
S01010180,301
S01010181,238
S01010182,298
S01010183,226
S01010184,287
S01010185,337
S01010186,241
S01010187,286
S01010188,731
S01010189,340
S01010190,273
S01010191,264
S01010192,291
S01010193,303
S01010194,264
S01010195,217
S01010196,275
S01010197,265
S01010198,367
S01010199,258
S01010200,295
S01010201,246
S01010202,384
S01010203,283
S01010204,342
S01010205,286
S01010206,0
S01010207,112
S01010208,542
S01010209,512
S01010210,409
S01010211,364
S01010212,684
S01010213,453
S01010214,393
S01010215,508
S01010216,324
S01010217,267
S01010218,553
S01010219,74
S01010220,270
S01010221,375
S01010222,382
S01010223,315
S01010224,517
S01010225,440
S01010226,0
S01010227,0
S01010228,562
S01010229,588
S01010230,648
S01010231,492
S01010232,323
S01010233,361
S01010234,570
S01010235,399
S01010236,380
S01010237,345
S01010238,401
S01010239,419
S01010240,400
S01010241,621
S01010242,394
S01010243,583
S01010244,344
S01010245,407
S01010246,423
S01010247,409
S01010248,455
S01010249,401
S01010250,389
S01010251,316
S01010252,289
S01010253,359
S01010254,528
S01010255,465
S01010256,541
S01010257,524
S01010258,410
S01010259,494
S01010260,759
S01010261,507
S01010262,520
S01010263,433
S01010264,585
S01010265,505
S01010266,286
S01010267,287
S01010268,431
S01010269,290
S01010270,836
S01010271,362
S01010272,732
S01010273,438
S01010274,380
S01010275,380
S01010276,587
S01010277,407
S01010278,364
S01010279,311
S01010280,485
S01010281,476
S01010282,597
S01010283,540
S01010284,689
S01010285,439
S01010286,463
S01010287,319
S01010288,438
S01010289,467
S01010290,382
S01010291,514
S01010292,395
S01010293,353
S01010294,266
S01010295,433
S01010296,282
S01010297,630
S01010298,505
S01010299,324
S01010300,494
S01010301,226
S01010302,380
S01010303,265
S01010304,421
S01010305,545
S01010306,388
S01010307,437
S01010308,516
S01010309,141
S01010310,324
S01010311,321
S01010312,430
S01010313,307
S01010314,691
S01010315,387
S01010316,326
S01010317,574
S01010318,558
S01010319,407
S01010320,513
S01010321,455
S01010322,477
S01010323,318
S01010324,389
S01010325,500
S01010326,577
S01010327,364
S01010328,497
S01010329,332
S01010330,269
S01010331,498
S01010332,313
S01010333,533
S01010334,497
S01010335,371
S01010336,320
S01010337,346
S01010338,245
S01010339,241
S01010340,359
S01010341,264
S01010342,280
S01010343,353
S01010344,398
S01010345,277
S01010346,431
S01010347,489
S01010348,416
S01010349,397
S01010350,479
S01010351,387
S01010352,285
S01010353,553
S01010354,365
S01010355,425
S01010356,395
S01010357,265
S01010358,526
S01010359,510
S01010360,359
S01010361,428
S01010362,490
S01010363,411
S01010364,368
S01010365,444
S01010366,516
S01010367,536
S01010368,393
S01010369,379
S01010370,337
S01010371,550
S01010372,272
S01010373,431
S01010374,446
S01010375,255
S01010376,359
S01010377,384
S01010378,297
S01010379,497
S01010380,537
S01010381,333
S01010382,466
S01010383,382
S01010384,494
S01010385,514
S01010386,530
S01010387,578
S01010388,570
S01010389,699
S01010390,770
S01010391,520
S01010392,425
S01010393,651
S01010394,546
S01010395,631
S01010396,596
S01010397,376
S01010398,576
S01010399,641
S01010400,513
S01010401,424
S01010402,514
S01010403,533
S01010404,501
S01010405,495
S01010406,468
S01010407,449
S01010408,284
S01010409,195
S01010410,321
S01010411,392
S01010412,390
S01010413,400
S01010414,473
S01010415,621
S01010416,317
S01010417,281
S01010418,556
S01010419,501
S01010420,302
S01010421,343
S01010422,478
S01010423,485
S01010424,480
S01010425,608
S01010426,380
S01010427,436
S01010428,313
S01010429,414
S01010430,472
S01010431,252
S01010432,452
S01010433,231
S01010434,332
S01010435,288
S01010436,468
S01010437,266
S01010438,361
S01010439,486
S01010440,366
S01010441,551
S01010442,381
S01010443,242
S01010444,248
S01010445,328
S01010446,327
S01010447,503
S01010448,317
S01010449,363
S01010450,399
S01010451,445
S01010452,392
S01010453,338
S01010454,381
S01010455,512
S01010456,297
S01010457,211
S01010458,375
S01010459,237
S01010460,343
S01010461,351
S01010462,367
S01010463,368
S01010464,242
S01010465,442
S01010466,452
S01010467,463
S01010468,431
S01010469,412
S01010470,357
S01010471,331
S01010472,396
S01010473,465
S01010474,370
S01010475,431
S01010476,620
S01010477,368
S01010478,508
S01010479,524
S01010480,281
S01010481,265
S01010482,345
S01010483,548
S01010484,239
S01010485,388
S01010486,386
S01010487,431
S01010488,321
S01010489,454
S01010490,272
S01010491,394
S01010492,253
S01010493,290
S01010494,225
S01010495,416
S01010496,450
S01010497,231
S01010498,430
S01010499,421
S01010500,372
S01010501,493
S01010502,321
S01010503,302
S01010504,303
S01010505,258
S01010506,451
S01010507,338
S01010508,503
S01010509,438
S01010510,471
S01010511,364
S01010512,280
S01010513,318
S01010514,280
S01010515,352
S01010516,323
S01010517,375
S01010518,276
S01010519,314
S01010520,407
S01010521,409
S01010522,313
S01010523,337
S01010524,240
S01010525,288
S01010526,364
S01010527,497
S01010528,325
S01010529,344
S01010530,291
S01010531,530
S01010532,198
S01010533,277
S01010534,379
S01010535,301
S01010536,376
S01010537,310
S01010538,426
S01010539,457
S01010540,267
S01010541,432
S01010542,393
S01010543,234
S01010544,372
S01010545,369
S01010546,355
S01010547,344
S01010548,334
S01010549,743
S01010550,235
S01010551,332
S01010552,326
S01010553,276
S01010554,353
S01010555,425
S01010556,393
S01010557,272
S01010558,409
S01010559,368
S01010560,278
S01010561,296
S01010562,315
S01010563,206
S01010564,251
S01010565,287
S01010566,497
S01010567,439
S01010568,713
S01010569,436
S01010570,428
S01010571,379
S01010572,318
S01010573,215
S01010574,233
S01010575,302
S01010576,341
S01010577,330
S01010578,211
S01010579,322
S01010580,367
S01010581,232
S01010582,507
S01010583,437
S01010584,403
S01010585,323
S01010586,316
S01010587,292
S01010588,225
S01010589,261
S01010590,291
S01010591,588
S01010592,264
S01010593,818
S01010594,284
S01010595,300
S01010596,754
S01010597,362
S01010598,389
S01010599,784
S01010600,525
S01010601,299
S01010602,248
S01010603,365
S01010604,195
S01010605,473
S01010606,383
S01010607,317
S01010608,322
S01010609,255
S01010610,336
S01010611,489
S01010612,304
S01010613,333
S01010614,311
S01010615,382
S01010616,349
S01010617,358
S01010618,311
S01010619,358
S01010620,453
S01010621,433
S01010622,332
S01010623,285
S01010624,363
S01010625,319
S01010626,422
S01010627,390
S01010628,460
S01010629,483
S01010630,256
S01010631,323
S01010632,473
S01010633,524
S01010634,232
S01010635,337
S01010636,371
S01010637,363
S01010638,441
S01010639,677
S01010640,366
S01010641,518
S01010642,629
S01010643,308
S01010644,393
S01010645,246
S01010646,320
S01010647,297
S01010648,309
S01010649,285
S01010650,697
S01010651,263
S01010652,372
S01010653,272
S01010654,343
S01010655,429
S01010656,300
S01010657,274
S01010658,331
S01010659,309
S01010660,303
S01010661,357
S01010662,378
S01010663,392
S01010664,322
S01010665,492
S01010666,517
S01010667,293
S01010668,558
S01010669,282
S01010670,398
S01010671,339
S01010672,349
S01010673,480
S01010674,517
S01010675,357
S01010676,467
S01010677,273
S01010678,354
S01010679,297
S01010680,382
S01010681,465
S01010682,456
S01010683,465
S01010684,412
S01010685,331
S01010686,331
S01010687,434
S01010688,391
S01010689,404
S01010690,298
S01010691,362
S01010692,360
S01010693,241
S01010694,300
S01010695,303
S01010696,426
S01010697,469
S01010698,348
S01010699,248
S01010700,246
S01010701,446
S01010702,415
S01010703,358
S01010704,291
S01010705,627
S01010706,348
S01010707,524
S01010708,264
S01010709,308
S01010710,318
S01010711,350
S01010712,291
S01010713,287
S01010714,330
S01010715,373
S01010716,486
S01010717,293
S01010718,477
S01010719,292
S01010720,478
S01010721,302
S01010722,389
S01010723,386
S01010724,407
S01010725,490
S01010726,424
S01010727,282
S01010728,226
S01010729,283
S01010730,425
S01010731,418
S01010732,332
S01010733,245
S01010734,369
S01010735,291
S01010736,234
S01010737,664
S01010738,248
S01010739,411
S01010740,258
S01010741,387
S01010742,347
S01010743,270
S01010744,453
S01010745,338
S01010746,464
S01010747,373
S01010748,298
S01010749,277
S01010750,282
S01010751,368
S01010752,360
S01010753,500
S01010754,314
S01010755,258
S01010756,308
S01010757,360
S01010758,352
S01010759,300
S01010760,351
S01010761,219
S01010762,271
S01010763,330
S01010764,302
S01010765,507
S01010766,388
S01010767,357
S01010768,278
S01010769,253
S01010770,371
S01010771,444
S01010772,406
S01010773,360
S01010774,340
S01010775,355
S01010776,261
S01010777,251
S01010778,260
S01010779,352
S01010780,262
S01010781,351
S01010782,299
S01010783,264
S01010784,323
S01010785,294
S01010786,300
S01010787,395
S01010788,293
S01010789,301
S01010790,317
S01010791,417
S01010792,288
S01010793,275
S01010794,275
S01010795,480
S01010796,363
S01010797,334
S01010798,297
S01010799,420
S01010800,382
S01010801,341
S01010802,234
S01010803,277
S01010804,303
S01010805,414
S01010806,454
S01010807,239
S01010808,216
S01010809,302
S01010810,263
S01010811,426
S01010812,234
S01010813,235
S01010814,314
S01010815,197
S01010816,314
S01010817,377
S01010818,489
S01010819,380
S01010820,274
S01010821,240
S01010822,281
S01010823,126
S01010824,241
S01010825,332
S01010826,310
S01010827,215
S01010828,429
S01010829,467
S01010830,291
S01010831,200
S01010832,248
S01010833,348
S01010834,498
S01010835,229
S01010836,393
S01010837,318
S01010838,317
S01010839,337
S01010840,285
S01010841,407
S01010842,534
S01010843,444
S01010844,281
S01010845,231
S01010846,281
S01010847,251
S01010848,305
S01010849,366
S01010850,315
S01010851,407
S01010852,319
S01010853,400
S01010854,376
S01010855,216
S01010856,404
S01010857,329
S01010858,275
S01010859,363
S01010860,253
S01010861,320
S01010862,299
S01010863,301
S01010864,268
S01010865,429
S01010866,300
S01010867,292
S01010868,288
S01010869,279
S01010870,372
S01010871,383
S01010872,420
S01010873,339
S01010874,307
S01010875,277
S01010876,458
S01010877,421
S01010878,507
S01010879,399
S01010880,204
S01010881,266
S01010882,165
S01010883,281
S01010884,407
S01010885,556
S01010886,166
S01010887,443
S01010888,481
S01010889,254
S01010890,499
S01010891,312
S01010892,514
S01010893,305
S01010894,308
S01010895,183
S01010896,390
S01010897,367
S01010898,233
S01010899,207
S01010900,346
S01010901,252
S01010902,414
S01010903,455
S01010904,311
S01010905,545
S01010906,412
S01010907,266
S01010908,307
S01010909,272
S01010910,240
S01010911,373
S01010912,359
S01010913,327
S01010914,228
S01010915,259
S01010916,182
S01010917,262
S01010918,315
S01010919,317
S01010920,326
S01010921,257
S01010922,389
S01010923,385
S01010924,242
S01010925,314
S01010926,373
S01010927,253
S01010928,285
S01010929,254
S01010930,364
S01010931,433
S01010932,333
S01010933,493
S01010934,423
S01010935,325
S01010936,390
S01010937,333
S01010938,379
S01010939,197
S01010940,265
S01010941,320
S01010942,265
S01010943,250
S01010944,285
S01010945,239
S01010946,385
S01010947,230
S01010948,279
S01010949,341
S01010950,355
S01010951,284
S01010952,196
S01010953,225
S01010954,226
S01010955,745
S01010956,814
S01010957,230
S01010958,226
S01010959,307
S01010960,498
S01010961,262
S01010962,330
S01010963,376
S01010964,295
S01010965,214
S01010966,319
S01010967,305
S01010968,302
S01010969,345
S01010970,469
S01010971,409
S01010972,329
S01010973,200
S01010974,323
S01010975,186
S01010976,206
S01010977,300
S01010978,347
S01010979,348
S01010980,345
S01010981,346
S01010982,451
S01010983,375
S01010984,301
S01010985,242
S01010986,182
S01010987,218
S01010988,208
S01010989,396
S01010990,316
S01010991,1333
S01010992,188
S01010993,250
S01010994,595
S01010995,290
S01010996,231
S01010997,285
S01010998,313
S01010999,470
S01011000,1127
S01011001,274
S01011002,305
S01011003,278
S01011004,276
S01011005,352
S01011006,840
S01011007,278
S01011008,365
S01011009,207
S01011010,339
S01011011,427
S01011012,319
S01011013,384
S01011014,364
S01011015,192
S01011016,661
S01011017,605
S01011018,365
S01011019,537
S01011020,519
S01011021,347
S01011022,245
S01011023,367
S01011024,301
S01011025,274
S01011026,234
S01011027,428
S01011028,414
S01011029,269
S01011030,361
S01011031,413
S01011032,344
S01011033,276
S01011034,329
S01011035,251
S01011036,288
S01011037,567
S01011038,373
S01011039,598
S01011040,290
S01011041,230
S01011042,328
S01011043,335
S01011044,309
S01011045,304
S01011046,372
S01011047,412
S01011048,439
S01011049,319
S01011050,254
S01011051,482
S01011052,365
S01011053,287
S01011054,244
S01011055,224
S01011056,311
S01011057,248
S01011058,269
S01011059,268
S01011060,381
S01011061,435
S01011062,441
S01011063,497
S01011064,474
S01011065,310
S01011066,201
S01011067,238
S01011068,226
S01011069,227
S01011070,231
S01011071,325
S01011072,573
S01011073,296
S01011074,284
S01011075,293
S01011076,373
S01011077,365
S01011078,725
S01011079,493
S01011080,473
S01011081,344
S01011082,272
S01011083,359
S01011084,327
S01011085,387
S01011086,356
S01011087,263
S01011088,466
S01011089,316
S01011090,408
S01011091,275
S01011092,276
S01011093,1251
S01011094,439
S01011095,355
S01011096,446
S01011097,311
S01011098,350
S01011099,365
S01011100,205
S01011101,231
S01011102,265
S01011103,238
S01011104,288
S01011105,473
S01011106,367
S01011107,437
S01011108,238
S01011109,339
S01011110,312
S01011111,388
S01011112,265
S01011113,423
S01011114,294
S01011115,371
S01011116,296
S01011117,366
S01011118,438
S01011119,426
S01011120,291
S01011121,364
S01011122,297
S01011123,528
S01011124,280
S01011125,218
S01011126,179
S01011127,134
S01011128,374
S01011129,335
S01011130,295
S01011131,308
S01011132,354
S01011133,187
S01011134,404
S01011135,341
S01011136,274
S01011137,180
S01011138,249
S01011139,324
S01011140,230
S01011141,228
S01011142,341
S01011143,460
S01011144,254
S01011145,306
S01011146,346
S01011147,437
S01011148,335
S01011149,310
S01011150,352
S01011151,212
S01011152,292
S01011153,456
S01011154,307
S01011155,348
S01011156,243
S01011157,280
S01011158,273
S01011159,350
S01011160,377
S01011161,266
S01011162,196
S01011163,336
S01011164,340
S01011165,364
S01011166,195
S01011167,300
S01011168,564
S01011169,548
S01011170,480
S01011171,450
S01011172,376
S01011173,257
S01011174,211
S01011175,308
S01011176,282
S01011177,376
S01011178,203
S01011179,266
S01011180,302
S01011181,375
S01011182,303
S01011183,223
S01011184,456
S01011185,294
S01011186,462
S01011187,294
S01011188,435
S01011189,351
S01011190,279
S01011191,231
S01011192,282
S01011193,297
S01011194,281
S01011195,312
S01011196,393
S01011197,348
S01011198,274
S01011199,483
S01011200,359
S01011201,288
S01011202,392
S01011203,362
S01011204,235
S01011205,233
S01011206,262
S01011207,329
S01011208,343
S01011209,266
S01011210,248
S01011211,253
S01011212,212
S01011213,480
S01011214,316
S01011215,217
S01011216,253
S01011217,384
S01011218,445
S01011219,323
S01011220,412
S01011221,436
S01011222,360
S01011223,357
S01011224,343
S01011225,340
S01011226,485
S01011227,393
S01011228,475
S01011229,312
S01011230,292
S01011231,290
S01011232,468
S01011233,479
S01011234,483
S01011235,142
S01011236,264
S01011237,335
S01011238,290
S01011239,361
S01011240,441
S01011241,486
S01011242,402
S01011243,550
S01011244,377
S01011245,412
S01011246,530
S01011247,366
S01011248,320
S01011249,307
S01011250,439
S01011251,422
S01011252,335
S01011253,397
S01011254,355
S01011255,270
S01011256,165
S01011257,179
S01011258,194
S01011259,347
S01011260,336
S01011261,367
S01011262,184
S01011263,494
S01011264,258
S01011265,463
S01011266,369
S01011267,252
S01011268,150
S01011269,316
S01011270,337
S01011271,329
S01011272,383
S01011273,332
S01011274,393
S01011275,271
S01011276,407
S01011277,284
S01011278,211
S01011279,317
S01011280,230
S01011281,238
S01011282,351
S01011283,261
S01011284,196
S01011285,301
S01011286,267
S01011287,393
S01011288,346
S01011289,422
S01011290,554
S01011291,382
S01011292,317
S01011293,309
S01011294,504
S01011295,520
S01011296,272
S01011297,320
S01011298,235
S01011299,209
S01011300,409
S01011301,351
S01011302,477
S01011303,452
S01011304,273
S01011305,326
S01011306,276
S01011307,700
S01011308,221
S01011309,337
S01011310,360
S01011311,304
S01011312,480
S01011313,372
S01011314,491
S01011315,168
S01011316,333
S01011317,397
S01011318,517
S01011319,385
S01011320,353
S01011321,301
S01011322,253
S01011323,338
S01011324,295
S01011325,455
S01011326,478
S01011327,385
S01011328,364
S01011329,513
S01011330,349
S01011331,368
S01011332,331
S01011333,405
S01011334,204
S01011335,477
S01011336,281
S01011337,345
S01011338,278
S01011339,236
S01011340,289
S01011341,333
S01011342,358
S01011343,434
S01011344,378
S01011345,348
S01011346,321
S01011347,546
S01011348,407
S01011349,369
S01011350,261
S01011351,342
S01011352,345
S01011353,269
S01011354,298
S01011355,433
S01011356,490
S01011357,343
S01011358,167
S01011359,385
S01011360,227
S01011361,61
S01011362,292
S01011363,399
S01011364,265
S01011365,208
S01011366,239
S01011367,393
S01011368,320
S01011369,356
S01011370,246
S01011371,462
S01011372,388
S01011373,341
S01011374,294
S01011375,283
S01011376,307
S01011377,436
S01011378,363
S01011379,508
S01011380,352
S01011381,325
S01011382,438
S01011383,364
S01011384,316
S01011385,449
S01011386,209
S01011387,348
S01011388,449
S01011389,433
S01011390,313
S01011391,257
S01011392,286
S01011393,388
S01011394,174
S01011395,439
S01011396,411
S01011397,388
S01011398,313
S01011399,256
S01011400,349
S01011401,303
S01011402,506
S01011403,208
S01011404,424
S01011405,284
S01011406,350
S01011407,539
S01011408,370
S01011409,367
S01011410,289
S01011411,286
S01011412,351
S01011413,223
S01011414,367
S01011415,440
S01011416,254
S01011417,445
S01011418,272
S01011419,247
S01011420,277
S01011421,246
S01011422,264
S01011423,215
S01011424,230
S01011425,331
S01011426,473
S01011427,243
S01011428,296
S01011429,255
S01011430,393
S01011431,525
S01011432,466
S01011433,371
S01011434,258
S01011435,453
S01011436,350
S01011437,350
S01011438,228
S01011439,442
S01011440,271
S01011441,334
S01011442,355
S01011443,286
S01011444,311
S01011445,233
S01011446,741
S01011447,364
S01011448,327
S01011449,262
S01011450,250
S01011451,1208
S01011452,409
S01011453,304
S01011454,349
S01011455,317
S01011456,348
S01011457,353
S01011458,472
S01011459,469
S01011460,192
S01011461,338
S01011462,434
S01011463,582
S01011464,215
S01011465,292
S01011466,369
S01011467,235
S01011468,310
S01011469,303
S01011470,488
S01011471,461
S01011472,267
S01011473,453
S01011474,455
S01011475,416
S01011476,177
S01011477,347
S01011478,532
S01011479,567
S01011480,460
S01011481,388
S01011482,430
S01011483,217
S01011484,384
S01011485,361
S01011486,233
S01011487,383
S01011488,328
S01011489,264
S01011490,474
S01011491,240
S01011492,352
S01011493,170
S01011494,326
S01011495,356
S01011496,298
S01011497,291
S01011498,228
S01011499,385
S01011500,219
S01011501,339
S01011502,300
S01011503,250
S01011504,381
S01011505,341
S01011506,221
S01011507,291
S01011508,431
S01011509,240
S01011510,418
S01011511,254
S01011512,453
S01011513,349
S01011514,341
S01011515,266
S01011516,385
S01011517,224
S01011518,299
S01011519,306
S01011520,297
S01011521,448
S01011522,457
S01011523,342
S01011524,364
S01011525,337
S01011526,416
S01011527,289
S01011528,488
S01011529,295
S01011530,478
S01011531,462
S01011532,221
S01011533,340
S01011534,344
S01011535,511
S01011536,264
S01011537,241
S01011538,308
S01011539,304
S01011540,450
S01011541,475
S01011542,420
S01011543,329
S01011544,291
S01011545,332
S01011546,233
S01011547,209
S01011548,337
S01011549,290
S01011550,266
S01011551,215
S01011552,253
S01011553,263
S01011554,426
S01011555,231
S01011556,236
S01011557,281
S01011558,236
S01011559,203
S01011560,323
S01011561,293
S01011562,350
S01011563,280
S01011564,395
S01011565,355
S01011566,339
S01011567,435
S01011568,285
S01011569,340
S01011570,314
S01011571,382
S01011572,326
S01011573,508
S01011574,288
S01011575,209
S01011576,351
S01011577,325
S01011578,305
S01011579,387
S01011580,299
S01011581,399
S01011582,498
S01011583,355
S01011584,307
S01011585,297
S01011586,289
S01011587,238
S01011588,293
S01011589,329
S01011590,278
S01011591,256
S01011592,317
S01011593,289
S01011594,210
S01011595,290
S01011596,652
S01011597,258
S01011598,0
S01011599,381
S01011600,371
S01011601,314
S01011602,531
S01011603,458
S01011604,172
S01011605,385
S01011606,358
S01011607,246
S01011608,355
S01011609,425
S01011610,362
S01011611,419
S01011612,206
S01011613,347
S01011614,186
S01011615,303
S01011616,215
S01011617,414
S01011618,267
S01011619,400
S01011620,367
S01011621,279
S01011622,233
S01011623,332
S01011624,300
S01011625,236
S01011626,295
S01011627,257
S01011628,441
S01011629,228
S01011630,290
S01011631,250
S01011632,317
S01011633,313
S01011634,204
S01011635,275
S01011636,263
S01011637,289
S01011638,228
S01011639,244
S01011640,278
S01011641,191
S01011642,334
S01011643,351
S01011644,331
S01011645,237
S01011646,256
S01011647,321
S01011648,403
S01011649,245
S01011650,331
S01011651,402
S01011652,290
S01011653,329
S01011654,485
S01011655,457
S01011656,226
S01011657,243
S01011658,339
S01011659,347
S01011660,374
S01011661,238
S01011662,234
S01011663,264
S01011664,407
S01011665,390
S01011666,416
S01011667,346
S01011668,400
S01011669,319
S01011670,217
S01011671,349
S01011672,264
S01011673,281
S01011674,499
S01011675,397
S01011676,299
S01011677,297
S01011678,223
S01011679,229
S01011680,452
S01011681,336
S01011682,209
S01011683,741
S01011684,231
S01011685,277
S01011686,375
S01011687,402
S01011688,527
S01011689,351
S01011690,387
S01011691,267
S01011692,445
S01011693,352
S01011694,201
S01011695,1276
S01011696,350
S01011697,421
S01011698,405
S01011699,515
S01011700,337
S01011701,434
S01011702,301
S01011703,632
S01011704,257
S01011705,323
S01011706,462
S01011707,362
S01011708,437
S01011709,482
S01011710,216
S01011711,318
S01011712,330
S01011713,354
S01011714,164
S01011715,269
S01011716,333
S01011717,292
S01011718,269
S01011719,240
S01011720,194
S01011721,341
S01011722,363
S01011723,444
S01011724,291
S01011725,217
S01011726,218
S01011727,264
S01011728,400
S01011729,278
S01011730,415
S01011731,346
S01011732,298
S01011733,322
S01011734,327
S01011735,280
S01011736,299
S01011737,301
S01011738,486
S01011739,292
S01011740,349
S01011741,313
S01011742,337
S01011743,367
S01011744,484
S01011745,448
S01011746,217
S01011747,386
S01011748,296
S01011749,264
S01011750,424
S01011751,324
S01011752,448
S01011753,415
S01011754,366
S01011755,438
S01011756,442
S01011757,350
S01011758,225
S01011759,333
S01011760,422
S01011761,271
S01011762,296
S01011763,345
S01011764,131
S01011765,366
S01011766,223
S01011767,397
S01011768,396
S01011769,326
S01011770,410
S01011771,235
S01011772,382
S01011773,194
S01011774,345
S01011775,244
S01011776,323
S01011777,260
S01011778,266
S01011779,317
S01011780,334
S01011781,203
S01011782,249
S01011783,200
S01011784,381
S01011785,350
S01011786,126
S01011787,466
S01011788,225
S01011789,977
S01011790,554
S01011791,324
S01011792,598
S01011793,503
S01011794,401
S01011795,299
S01011796,407
S01011797,388
S01011798,240
S01011799,358
S01011800,250
S01011801,230
S01011802,319
S01011803,316
S01011804,369
S01011805,283
S01011806,404
S01011807,489
S01011808,345
S01011809,360
S01011810,440
S01011811,436
S01011812,285
S01011813,361
S01011814,351
S01011815,427
S01011816,330
S01011817,570
S01011818,480
S01011819,420
S01011820,410
S01011821,191
S01011822,406
S01011823,297
S01011824,307
S01011825,265
S01011826,323
S01011827,284
S01011828,460
S01011829,218
S01011830,289
S01011831,445
S01011832,384
S01011833,386
S01011834,441
S01011835,362
S01011836,347
S01011837,262
S01011838,433
S01011839,432
S01011840,512
S01011841,420
S01011842,503
S01011843,529
S01011844,375
S01011845,399
S01011846,441
S01011847,189
S01011848,312
S01011849,433
S01011850,554
S01011851,358
S01011852,496
S01011853,376
S01011854,392
S01011855,379
S01011856,311
S01011857,292
S01011858,435
S01011859,441
S01011860,200
S01011861,330
S01011862,440
S01011863,332
S01011864,349
S01011865,280
S01011866,350
S01011867,455
S01011868,437
S01011869,423
S01011870,346
S01011871,845
S01011872,383
S01011873,350
S01011874,283
S01011875,327
S01011876,428
S01011877,267
S01011878,757
S01011879,241
S01011880,257
S01011881,422
S01011882,462
S01011883,578
S01011884,196
S01011885,293
S01011886,348
S01011887,226
S01011888,376
S01011889,414
S01011890,284
S01011891,382
S01011892,471
S01011893,573
S01011894,305
S01011895,261
S01011896,422
S01011897,463
S01011898,305
S01011899,355
S01011900,301
S01011901,407
S01011902,462
S01011903,382
S01011904,315
S01011905,280
S01011906,200
S01011907,335
S01011908,326
S01011909,424
S01011910,399
S01011911,291
S01011912,314
S01011913,323
S01011914,379
S01011915,340
S01011916,213
S01011917,251
S01011918,373
S01011919,390
S01011920,281
S01011921,289
S01011922,329
S01011923,410
S01011924,194
S01011925,284
S01011926,309
S01011927,281
S01011928,342
S01011929,301
S01011930,294
S01011931,593
S01011932,299
S01011933,343
S01011934,407
S01011935,479
S01011936,413
S01011937,392
S01011938,373
S01011939,425
S01011940,343
S01011941,464
S01011942,585
S01011943,810
S01011944,200
S01011945,328
S01011946,368
S01011947,215
S01011948,574
S01011949,389
S01011950,382
S01011951,317
S01011952,204
S01011953,420
S01011954,245
S01011955,498
S01011956,387
S01011957,333
S01011958,583
S01011959,406
S01011960,368
S01011961,359
S01011962,281
S01011963,265
S01011964,489
S01011965,381
S01011966,356
S01011967,485
S01011968,478
S01011969,497
S01011970,430
S01011971,280
S01011972,477
S01011973,305
S01011974,361
S01011975,201
S01011976,352
S01011977,548
S01011978,383
S01011979,555
S01011980,311
S01011981,412
S01011982,431
S01011983,369
S01011984,326
S01011985,288
S01011986,295
S01011987,493
S01011988,258
S01011989,370
S01011990,452
S01011991,299
S01011992,549
S01011993,416
S01011994,337
S01011995,461
S01011996,228
S01011997,412
S01011998,238
S01011999,296
S01012000,199
S01012001,296
S01012002,238
S01012003,246
S01012004,418
S01012005,342
S01012006,648
S01012007,381
S01012008,418
S01012009,287
S01012010,584
S01012011,507
S01012012,364
S01012013,371
S01012014,388
S01012015,431
S01012016,310
S01012017,241
S01012018,385
S01012019,479
S01012020,345
S01012021,218
S01012022,288
S01012023,191
S01012024,361
S01012025,337
S01012026,367
S01012027,312
S01012028,380
S01012029,996
S01012030,2100
S01012031,327
S01012032,165
S01012033,372
S01012034,382
S01012035,446
S01012036,385
S01012037,514
S01012038,357
S01012039,453
S01012040,253
S01012041,384
S01012042,508
S01012043,373
S01012044,461
S01012045,653
S01012046,400
S01012047,436
S01012048,423
S01012049,337
S01012050,414
S01012051,287
S01012052,449
S01012053,388
S01012054,311
S01012055,453
S01012056,349
S01012057,324
S01012058,318
S01012059,396
S01012060,423
S01012061,419
S01012062,583
S01012063,233
S01012064,283
S01012065,268
S01012066,404
S01012067,252
S01012068,224
S01012069,227
S01012070,387
S01012071,745
S01012072,709
S01012073,448
S01012074,337
S01012075,263
S01012076,458
S01012077,394
S01012078,365
S01012079,408
S01012080,336
S01012081,400
S01012082,309
S01012083,374
S01012084,244
S01012085,295
S01012086,422
S01012087,425
S01012088,286
S01012089,360
S01012090,355
S01012091,243
S01012092,219
S01012093,225
S01012094,326
S01012095,396
S01012096,398
S01012097,302
S01012098,263
S01012099,346
S01012100,581
S01012101,305
S01012102,324
S01012103,431
S01012104,347
S01012105,500
S01012106,521
S01012107,338
S01012108,565
S01012109,609
S01012110,524
S01012111,394
S01012112,418
S01012113,503
S01012114,368
S01012115,259
S01012116,310
S01012117,534
S01012118,227
S01012119,345
S01012120,445
S01012121,453
S01012122,319
S01012123,255
S01012124,249
S01012125,489
S01012126,396
S01012127,755
S01012128,317
S01012129,437
S01012130,691
S01012131,643
S01012132,479
S01012133,335
S01012134,622
S01012135,625
S01012136,484
S01012137,574
S01012138,458
S01012139,453
S01012140,240
S01012141,398
S01012142,396
S01012143,379
S01012144,440
S01012145,390
S01012146,521
S01012147,407
S01012148,319
S01012149,349
S01012150,393
S01012151,260
S01012152,339
S01012153,482
S01012154,456
S01012155,432
S01012156,633
S01012157,511
S01012158,548
S01012159,232
S01012160,286
S01012161,203
S01012162,459
S01012163,412
S01012164,404
S01012165,418
S01012166,283
S01012167,386
S01012168,319
S01012169,410
S01012170,551
S01012171,490
S01012172,300
S01012173,282
S01012174,328
S01012175,349
S01012176,349
S01012177,239
S01012178,241
S01012179,280
S01012180,294
S01012181,358
S01012182,1082
S01012183,679
S01012184,602
S01012185,550
S01012186,339
S01012187,350
S01012188,258
S01012189,235
S01012190,204
S01012191,299
S01012192,271
S01012193,177
S01012194,180
S01012195,414
S01012196,200
S01012197,311
S01012198,401
S01012199,295
S01012200,265
S01012201,311
S01012202,238
S01012203,317
S01012204,266
S01012205,291
S01012206,325
S01012207,397
S01012208,451
S01012209,318
S01012210,394
S01012211,407
S01012212,308
S01012213,336
S01012214,297
S01012215,326
S01012216,289
S01012217,263
S01012218,245
S01012219,406
S01012220,367
S01012221,299
S01012222,427
S01012223,354
S01012224,370
S01012225,456
S01012226,293
S01012227,263
S01012228,254
S01012229,322
S01012230,404
S01012231,282
S01012232,314
S01012233,333
S01012234,384
S01012235,217
S01012236,335
S01012237,312
S01012238,313
S01012239,267
S01012240,385
S01012241,226
S01012242,336
S01012243,249
S01012244,339
S01012245,342
S01012246,413
S01012247,320
S01012248,338
S01012249,387
S01012250,479
S01012251,506
S01012252,352
S01012253,512
S01012254,411
S01012255,500
S01012256,276
S01012257,427
S01012258,308
S01012259,284
S01012260,398
S01012261,339
S01012262,525
S01012263,382
S01012264,224
S01012265,356
S01012266,566
S01012267,381
S01012268,302
S01012269,471
S01012270,363
S01012271,873
S01012272,315
S01012273,378
S01012274,458
S01012275,480
S01012276,508
S01012277,524
S01012278,440
S01012279,408
S01012280,417
S01012281,364
S01012282,483
S01012283,389
S01012284,445
S01012285,287
S01012286,477
S01012287,422
S01012288,359
S01012289,452
S01012290,303
S01012291,518
S01012292,352
S01012293,217
S01012294,379
S01012295,290
S01012296,380
S01012297,284
S01012298,409
S01012299,284
S01012300,297
S01012301,420
S01012302,250
S01012303,416
S01012304,444
S01012305,466
S01012306,330
S01012307,327
S01012308,371
S01012309,298
S01012310,534
S01012311,258
S01012312,480
S01012313,339
S01012314,381
S01012315,393
S01012316,299
S01012317,256
S01012318,324
S01012319,339
S01012320,273
S01012321,411
S01012322,468
S01012323,440
S01012324,494
S01012325,301
S01012326,302
S01012327,381
S01012328,299
S01012329,391
S01012330,286
S01012331,269
S01012332,457
S01012333,476
S01012334,416
S01012335,408
S01012336,286
S01012337,442
S01012338,400
S01012339,394
S01012340,569
S01012341,406
S01012342,432
S01012343,459
S01012344,324
S01012345,400
S01012346,353
S01012347,373
S01012348,308
S01012349,399
S01012350,389
S01012351,370
S01012352,349
S01012353,449
S01012354,393
S01012355,427
S01012356,340
S01012357,383
S01012358,386
S01012359,369
S01012360,310
S01012361,269
S01012362,292
S01012363,593
S01012364,351
S01012365,445
S01012366,490
S01012367,401
S01012368,302
S01012369,379
S01012370,488
S01012371,498
S01012372,385
S01012373,458
S01012374,400
S01012375,423
S01012376,433
S01012377,293
S01012378,284
S01012379,250
S01012380,426
S01012381,452
S01012382,436
S01012383,414
S01012384,278
S01012385,337
S01012386,425
S01012387,399
S01012388,346
S01012389,403
S01012390,346
S01012391,510
S01012392,334
S01012393,340
S01012394,282
S01012395,245
S01012396,322
S01012397,432
S01012398,423
S01012399,324
S01012400,313
S01012401,394
S01012402,357
S01012403,436
S01012404,403
S01012405,323
S01012406,289
S01012407,365
S01012408,260
S01012409,291
S01012410,452
S01012411,444
S01012412,306
S01012413,436
S01012414,344
S01012415,229
S01012416,223
S01012417,276
S01012418,356
S01012419,309
S01012420,357
S01012421,322
S01012422,407
S01012423,357
S01012424,425
S01012425,276
S01012426,249
S01012427,274
S01012428,284
S01012429,269
S01012430,282
S01012431,435
S01012432,357
S01012433,283
S01012434,291
S01012435,317
S01012436,292
S01012437,266
S01012438,326
S01012439,331
S01012440,239
S01012441,374
S01012442,754
S01012443,328
S01012444,389
S01012445,186
S01012446,260
S01012447,355
S01012448,374
S01012449,250
S01012450,427
S01012451,460
S01012452,322
S01012453,304
S01012454,296
S01012455,259
S01012456,307
S01012457,386
S01012458,355
S01012459,192
S01012460,245
S01012461,309
S01012462,373
S01012463,265
S01012464,248
S01012465,296
S01012466,351
S01012467,334
S01012468,312
S01012469,333
S01012470,485
S01012471,351
S01012472,320
S01012473,219
S01012474,374
S01012475,295
S01012476,420
S01012477,262
S01012478,415
S01012479,263
S01012480,312
S01012481,519
S01012482,449
S01012483,459
S01012484,376
S01012485,391
S01012486,242
S01012487,260
S01012488,539
S01012489,521
S01012490,675
S01012491,253
S01012492,481
S01012493,188
S01012494,378
S01012495,454
S01012496,303
S01012497,210
S01012498,359
S01012499,263
S01012500,255
S01012501,245
S01012502,337
S01012503,285
S01012504,331
S01012505,513
S01012506,307
S01012507,437
S01012508,433
S01012509,251
S01012510,422
S01012511,246
S01012512,194
S01012513,221
S01012514,413
S01012515,342
S01012516,348
S01012517,501
S01012518,271
S01012519,272
S01012520,332
S01012521,247
S01012522,400
S01012523,352
S01012524,458
S01012525,334
S01012526,341
S01012527,314
S01012528,336
S01012529,267
S01012530,398
S01012531,440
S01012532,442
S01012533,253
S01012534,289
S01012535,361
S01012536,355
S01012537,318
S01012538,504
S01012539,276
S01012540,302
S01012541,487
S01012542,565
S01012543,294
S01012544,358
S01012545,213
S01012546,352
S01012547,293
S01012548,821
S01012549,223
S01012550,346
S01012551,317
S01012552,390
S01012553,384
S01012554,191
S01012555,214
S01012556,213
S01012557,278
S01012558,284
S01012559,426
S01012560,264
S01012561,364
S01012562,424
S01012563,321
S01012564,292
S01012565,360
S01012566,459
S01012567,520
S01012568,248
S01012569,397
S01012570,209
S01012571,354
S01012572,206
S01012573,372
S01012574,382
S01012575,303
S01012576,352
S01012577,554
S01012578,449
S01012579,338
S01012580,356
S01012581,301
S01012582,418
S01012583,338
S01012584,356
S01012585,401
S01012586,319
S01012587,341
S01012588,270
S01012589,282
S01012590,375
S01012591,348
S01012592,281
S01012593,359
S01012594,217
S01012595,284
S01012596,305
S01012597,185
S01012598,301
S01012599,318
S01012600,309
S01012601,382
S01012602,351
S01012603,321
S01012604,279
S01012605,243
S01012606,278
S01012607,332
S01012608,369
S01012609,375
S01012610,469
S01012611,492
S01012612,297
S01012613,277
S01012614,506
S01012615,351
S01012616,413
S01012617,352
S01012618,216
S01012619,298
S01012620,344
S01012621,275
S01012622,342
S01012623,323
S01012624,345
S01012625,259
S01012626,223
S01012627,268
S01012628,465
S01012629,212
S01012630,538
S01012631,319
S01012632,326
S01012633,276
S01012634,336
S01012635,520
S01012636,308
S01012637,319
S01012638,413
S01012639,380
S01012640,407
S01012641,484
S01012642,375
S01012643,197
S01012644,305
S01012645,376
S01012646,408
S01012647,248
S01012648,227
S01012649,253
S01012650,320
S01012651,333
S01012652,451
S01012653,383
S01012654,584
S01012655,440
S01012656,384
S01012657,267
S01012658,412
S01012659,359
S01012660,341
S01012661,365
S01012662,413
S01012663,299
S01012664,473
S01012665,348
S01012666,317
S01012667,285
S01012668,322
S01012669,264
S01012670,298
S01012671,394
S01012672,386
S01012673,252
S01012674,245
S01012675,390
S01012676,302
S01012677,273
S01012678,338
S01012679,361
S01012680,222
S01012681,405
S01012682,303
S01012683,330
S01012684,229
S01012685,321
S01012686,426
S01012687,241
S01012688,450
S01012689,195
S01012690,197
S01012691,283
S01012692,336
S01012693,402
S01012694,190
S01012695,321
S01012696,347
S01012697,393
S01012698,385
S01012699,570
S01012700,316
S01012701,523
S01012702,487
S01012703,202
S01012704,325
S01012705,249
S01012706,310
S01012707,293
S01012708,291
S01012709,295
S01012710,354
S01012711,456
S01012712,314
S01012713,334
S01012714,279
S01012715,361
S01012716,380
S01012717,659
S01012718,458
S01012719,547
S01012720,277
S01012721,283
S01012722,387
S01012723,364
S01012724,395
S01012725,467
S01012726,265
S01012727,256
S01012728,326
S01012729,340
S01012730,261
S01012731,324
S01012732,277
S01012733,872
S01012734,192
S01012735,215
S01012736,387
S01012737,315
S01012738,251
S01012739,292
S01012740,329
S01012741,262
S01012742,274
S01012743,231
S01012744,268
S01012745,438
S01012746,301
S01012747,338
S01012748,358
S01012749,383
S01012750,389
S01012751,414
S01012752,331
S01012753,215
S01012754,268
S01012755,251
S01012756,261
S01012757,204
S01012758,272
S01012759,357
S01012760,426
S01012761,354
S01012762,298
S01012763,189
S01012764,335
S01012765,290
S01012766,364
S01012767,221
S01012768,292
S01012769,145
S01012770,413
S01012771,295
S01012772,286
S01012773,416
S01012774,418
S01012775,208
S01012776,309
S01012777,390
S01012778,282
S01012779,228
S01012780,318
S01012781,414
S01012782,257
S01012783,326
S01012784,345
S01012785,370
S01012786,365
S01012787,218
S01012788,272
S01012789,331
S01012790,315
S01012791,336
S01012792,486
S01012793,364
S01012794,395
S01012795,450
S01012796,326
S01012797,286
S01012798,457
S01012799,424
S01012800,387
S01012801,249
S01012802,208
S01012803,258
S01012804,330
S01012805,365
S01012806,333
S01012807,229
S01012808,905
S01012809,341
S01012810,433
S01012811,387
S01012812,284
S01012813,406
S01012814,335
S01012815,338
S01012816,231
S01012817,175
S01012818,275
S01012819,356
S01012820,1554
S01012821,264
S01012822,233
S01012823,283
S01012824,267
S01012825,252
S01012826,226
S01012827,238
S01012828,361
S01012829,341
S01012830,320
S01012831,340
S01012832,253
S01012833,318
S01012834,309
S01012835,428
S01012836,236
S01012837,292
S01012838,368
S01012839,289
S01012840,309
S01012841,251
S01012842,213
S01012843,350
S01012844,253
S01012845,340
S01012846,513
S01012847,271
S01012848,254
S01012849,356
S01012850,329
S01012851,380
S01012852,299
S01012853,342
S01012854,371
S01012855,265
S01012856,712
S01012857,456
S01012858,446
S01012859,542
S01012860,391
S01012861,319
S01012862,299
S01012863,473
S01012864,435
S01012865,414
S01012866,393
S01012867,404
S01012868,303
S01012869,251
S01012870,448
S01012871,385
S01012872,329
S01012873,325
S01012874,390
S01012875,271
S01012876,478
S01012877,330
S01012878,560
S01012879,332
S01012880,380
S01012881,421
S01012882,225
S01012883,293
S01012884,269
S01012885,332
S01012886,346
S01012887,358
S01012888,333
S01012889,387
S01012890,345
S01012891,205
S01012892,636
S01012893,347
S01012894,829
S01012895,506
S01012896,460
S01012897,445
S01012898,178
S01012899,302
S01012900,1221
S01012901,356
S01012902,343
S01012903,382
S01012904,430
S01012905,268
S01012906,451
S01012907,463
S01012908,354
S01012909,275
S01012910,477
S01012911,363
S01012912,343
S01012913,414
S01012914,385
S01012915,507
S01012916,342
S01012917,263
S01012918,263
S01012919,201
S01012920,250
S01012921,323
S01012922,547
S01012923,303
S01012924,223
S01012925,199
S01012926,312
S01012927,336
S01012928,426
S01012929,334
S01012930,414
S01012931,572
S01012932,210
S01012933,381
S01012934,388
S01012935,362
S01012936,391
S01012937,300
S01012938,310
S01012939,222
S01012940,269
S01012941,271
S01012942,355
S01012943,282
S01012944,194
S01012945,360
S01012946,325
S01012947,151
S01012948,247
S01012949,296
S01012950,293
S01012951,354
S01012952,469
S01012953,285
S01012954,173
S01012955,427
S01012956,448
S01012957,275
S01012958,235
S01012959,227
S01012960,229
S01012961,235
S01012962,235
S01012963,252
S01012964,218
S01012965,256
S01012966,501
S01012967,177
S01012968,250
S01012969,330
S01012970,241
S01012971,301
S01012972,326
S01012973,344
S01012974,545
S01012975,269
S01012976,253
S01012977,278
S01012978,306
S01012979,242
S01012980,311
S01012981,328
S01012982,369
S01012983,324
S01012984,274
S01012985,320
S01012986,444
S01012987,343
S01012988,439
S01012989,448
S01012990,288
S01012991,378
S01012992,366
S01012993,355
S01012994,509
S01012995,334
S01012996,241
S01012997,202
S01012998,404
S01012999,212
S01013000,321
S01013001,135
S01013002,225
S01013003,230
S01013004,288
S01013005,401
S01013006,138
S01013007,452
S01013008,399
S01013009,271
S01013010,289
S01013011,269
S01013012,289
S01013013,398
S01013014,370
S01013015,322
S01013016,231
S01013017,391
S01013018,390
S01013019,378
S01013020,230
S01013021,193
S01013022,207
S01013023,343
S01013024,229
S01013025,463
S01013026,399
S01013027,406
S01013028,206
S01013029,288
S01013030,245
S01013031,282
S01013032,301
S01013033,323
S01013034,294
S01013035,306
S01013036,284
S01013037,285
S01013038,449
S01013039,179
S01013040,334
S01013041,265
S01013042,326
S01013043,286
S01013044,297
S01013045,291
S01013046,220
S01013047,352
S01013048,360
S01013049,392
S01013050,378
S01013051,429
S01013052,412
S01013053,368
S01013054,249
S01013055,336
S01013056,559
S01013057,425
S01013058,253
S01013059,548
S01013060,230
S01013061,395
S01013062,411
S01013063,362
S01013064,385
S01013065,410
S01013066,372
S01013067,400
S01013068,428
S01013069,389
S01013070,249
S01013071,380
S01013072,288
S01013073,607
S01013074,471
S01013075,481
S01013076,197
S01013077,339
S01013078,258
S01013079,390
S01013080,334
S01013081,429
S01013082,397
S01013083,236
S01013084,312
S01013085,208
S01013086,446
S01013087,340
S01013088,377
S01013089,441
S01013090,366
S01013091,338
S01013092,440
S01013093,215
S01013094,226
S01013095,250
S01013096,217
S01013097,390
S01013098,216
S01013099,435
S01013100,280
S01013101,466
S01013102,280
S01013103,346
S01013104,373
S01013105,404
S01013106,368
S01013107,506
S01013108,284
S01013109,528
S01013110,256
S01013111,180
S01013112,255
S01013113,370
S01013114,380
S01013115,328
S01013116,372
S01013117,262
S01013118,235
S01013119,351
S01013120,460
S01013121,163
S01013122,83
S01013123,554
S01013124,298
S01013125,405
S01013126,347
S01013127,383
S01013128,488
S01013129,596
S01013130,361
S01013131,310
S01013132,322
S01013133,513
S01013134,367
S01013135,436
S01013136,375
S01013137,300
S01013138,491
S01013139,345
S01013140,287
S01013141,482
S01013142,534
S01013143,346
S01013144,409
S01013145,331
S01013146,204
S01013147,377
S01013148,354
S01013149,396
S01013150,394
S01013151,221
S01013152,368
S01013153,397
S01013154,414
S01013155,374
S01013156,331
S01013157,437
S01013158,265
S01013159,247
S01013160,301
S01013161,479
S01013162,398
S01013163,234
S01013164,444
S01013165,410
S01013166,446
S01013167,440
S01013168,386
S01013169,438
S01013170,205
S01013171,225
S01013172,309
S01013173,355
S01013174,279
S01013175,372
S01013176,328
S01013177,275
S01013178,348
S01013179,346
S01013180,168
S01013181,312
S01013182,342
S01013183,317
S01013184,164
S01013185,314
S01013186,269
S01013187,318
S01013188,444
S01013189,189
S01013190,376
S01013191,492
S01013192,387
S01013193,569
S01013194,268
S01013195,832
S01013196,348
S01013197,305
S01013198,582
S01013199,518
S01013200,329
S01013201,383
S01013202,262
S01013203,353
S01013204,290
S01013205,275
S01013206,282
S01013207,502
S01013208,427
S01013209,419
S01013210,308
S01013211,404
S01013212,190
S01013213,206
S01013214,152
S01013215,606
S01013216,190
S01013217,287
S01013218,217
S01013219,199
S01013220,247
S01013221,369
S01013222,303
S01013223,563
S01013224,376
S01013225,306
S01013226,202
S01013227,323
S01013228,411
S01013229,368
S01013230,286
S01013231,312
S01013232,339
S01013233,284
S01013234,139
S01013235,359
S01013236,409
S01013237,341
S01013238,472
S01013239,378
S01013240,245
S01013241,350
S01013242,257
S01013243,295
S01013244,333
S01013245,401
S01013246,238
S01013247,337
S01013248,293
S01013249,186
S01013250,507
S01013251,318
S01013252,197
S01013253,319
S01013254,288
S01013255,356
S01013256,361
S01013257,415
S01013258,306
S01013259,335
S01013260,381
S01013261,351
S01013262,272
S01013263,196
S01013264,164
S01013265,206
S01013266,188
S01013267,238
S01013268,289
S01013269,739
S01013270,276
S01013271,243
S01013272,258
S01013273,330
S01013274,348
S01013275,252
S01013276,235
S01013277,365
S01013278,369
S01013279,266
S01013280,254
S01013281,360
S01013282,346
S01013283,438
S01013284,304
S01013285,268
S01013286,290
S01013287,282
S01013288,325
S01013289,474
S01013290,342
S01013291,249
S01013292,595
S01013293,273
S01013294,273
S01013295,325
S01013296,292
S01013297,310
S01013298,1082
S01013299,447
S01013300,349
S01013301,243
S01013302,332
S01013303,376
S01013304,435
S01013305,349
S01013306,494
S01013307,441
S01013308,389
S01013309,332
S01013310,245
S01013311,327
S01013312,519
S01013313,274
S01013314,335
S01013315,254
S01013316,254
S01013317,338
S01013318,245
S01013319,209
S01013320,356
S01013321,228
S01013322,268
S01013323,419
S01013324,279
S01013325,446
S01013326,210
S01013327,266
S01013328,236
S01013329,231
S01013330,450
S01013331,245
S01013332,285
S01013333,329
S01013334,316
S01013335,294
S01013336,342
S01013337,369
S01013338,167
S01013339,239
S01013340,332
S01013341,457
S01013342,319
S01013343,275
S01013344,352
S01013345,336
S01013346,287
S01013347,342
S01013348,317
S01013349,375
S01013350,286
S01013351,283
S01013352,330
S01013353,306
S01013354,331
S01013355,271
S01013356,308
S01013357,479
S01013358,374
S01013359,295
S01013360,300
S01013361,259
S01013362,205
S01013363,379
S01013364,405
S01013365,449
S01013366,341
S01013367,170
S01013368,304
S01013369,424
S01013370,355
S01013371,327
S01013372,581
S01013373,452
S01013374,447
S01013375,214
S01013376,265
S01013377,396
S01013378,412
S01013379,325
S01013380,1266
S01013381,191
S01013382,223
S01013383,382
S01013384,376
S01013385,208
S01013386,302
S01013387,259
S01013388,401
S01013389,329
S01013390,206
S01013391,166
S01013392,287
S01013393,337
S01013394,284
S01013395,301
S01013396,263
S01013397,370
S01013398,184
S01013399,395
S01013400,435
S01013401,1283
S01013402,457
S01013403,379
S01013404,220
S01013405,291
S01013406,284
S01013407,261
S01013408,289
S01013409,414
S01013410,298
S01013411,334
S01013412,333
S01013413,338
S01013414,462
S01013415,377
S01013416,273
S01013417,438
S01013418,255
S01013419,188
S01013420,256
S01013421,271
S01013422,311
S01013423,381
S01013424,179
S01013425,148
S01013426,337
S01013427,193
S01013428,354
S01013429,307
S01013430,362
S01013431,303
S01013432,321
S01013433,307
S01013434,238
S01013435,223
S01013436,336
S01013437,302
S01013438,283
S01013439,357
S01013440,382
S01013441,324
S01013442,330
S01013443,302
S01013444,553
S01013445,244
S01013446,332
S01013447,185
S01013448,364
S01013449,266
S01013450,248
S01013451,294
S01013452,329
S01013453,366
S01013454,344
S01013455,774
S01013456,371
S01013457,380
S01013458,528
S01013459,414
S01013460,361
S01013461,441
S01013462,356
S01013463,416
S01013464,324
S01013465,311
S01013466,134
S01013467,367
S01013468,334
S01013469,321
S01013470,332
S01013471,385
S01013472,250
S01013473,212
S01013474,212
S01013475,259
S01013476,256
S01013477,301
S01013478,355
S01013479,410
S01013480,303
S01013481,393
,
,
Cells in this table have been randomly adjusted to avoid the release of confidential data.,