Data Zone 2011,All occupied households,Whole house or bungalow: Total,Whole house or bungalow: Detached,Whole house or bungalow: Semi-detached,Whole house or bungalow: Terraced (including end-terrace),"Flat, maisonette or apartment: Total","Flat, maisonette or apartment: Purpose-built block of flats or tenement","Flat, maisonette or apartment: Part of a converted or shared house (including bed-sits)","Flat, maisonette or apartment: In a commercial building",Caravan or other mobile or temporary structure
S01006506,491,236,133,68,37,256,213,32,7,1
S01006507,366,293,84,66,143,72,72,0,0,1
S01006508,292,81,33,25,26,211,204,10,0,0
S01006509,270,185,36,73,70,88,88,0,0,0
S01006510,297,182,47,112,26,115,114,5,0,0
S01006511,310,292,92,179,21,18,14,3,1,0
S01006512,255,213,168,29,16,4,1,1,0,38
S01006513,417,340,145,160,36,75,75,0,0,0
S01006514,376,357,276,75,3,19,16,3,0,0
S01006515,279,267,194,65,5,9,8,1,0,1
S01006516,196,188,117,50,21,8,7,1,0,0
S01006517,831,713,374,195,143,118,110,6,2,0
S01006518,250,240,212,26,2,10,5,3,1,0
S01006519,292,287,259,18,10,5,4,1,0,0
S01006520,231,221,208,7,3,10,10,0,0,0
S01006521,288,260,163,57,40,28,22,5,0,0
S01006522,268,258,126,119,15,8,3,8,0,0
S01006523,410,243,84,134,27,170,152,17,2,0
S01006524,385,231,161,58,16,154,147,5,1,0
S01006525,367,289,182,57,53,75,69,5,1,0
S01006526,435,223,15,77,134,212,210,2,0,0
S01006527,340,295,40,149,106,43,43,1,0,0
S01006528,487,315,18,145,152,172,166,7,0,0
S01006529,516,130,9,86,35,385,368,16,1,0
S01006530,348,171,3,117,48,181,175,6,0,0
S01006531,416,174,15,73,82,246,236,10,0,0
S01006532,310,224,43,138,43,86,76,13,0,0
S01006533,324,247,52,100,95,77,56,20,1,0
S01006534,412,251,43,116,92,161,128,33,0,0
S01006535,588,168,28,72,65,420,380,41,5,0
S01006536,514,105,14,31,59,411,352,55,3,0
S01006537,349,317,76,214,27,32,29,2,0,0
S01006538,242,238,56,166,17,3,3,0,0,0
S01006539,343,278,19,214,43,69,55,10,0,0
S01006540,429,320,40,266,18,109,107,3,0,0
S01006541,428,350,46,257,47,78,71,6,2,0
S01006542,517,362,109,240,13,156,155,0,0,0
S01006543,360,356,17,327,12,4,4,0,0,0
S01006544,516,261,98,109,54,253,228,17,7,0
S01006545,567,307,74,159,67,263,256,6,1,0
S01006546,264,244,52,187,1,23,23,0,0,0
S01006547,1008,718,419,164,135,289,279,7,1,1
S01006548,310,303,24,277,2,9,6,2,0,0
S01006549,399,317,168,142,7,78,72,6,1,0
S01006550,386,378,147,220,11,8,7,3,0,0
S01006551,320,169,33,42,94,151,143,8,0,0
S01006552,458,338,101,167,70,124,124,0,0,0
S01006553,398,327,150,87,90,71,70,1,0,0
S01006554,380,202,67,81,54,178,179,1,2,0
S01006555,234,105,11,56,41,132,132,0,0,0
S01006556,391,237,15,94,128,153,149,2,2,0
S01006557,389,189,17,48,124,204,199,0,2,0
S01006558,349,97,9,11,77,248,211,41,0,0
S01006559,255,121,16,61,44,138,101,35,1,0
S01006560,458,232,29,113,90,225,173,52,0,2
S01006561,333,249,44,121,81,84,64,20,0,0
S01006562,423,290,124,107,59,133,126,5,0,0
S01006563,413,218,26,107,85,197,172,22,1,0
S01006564,528,25,7,11,14,499,490,8,1,0
S01006565,451,23,1,9,11,425,409,13,2,0
S01006566,461,106,6,39,60,356,313,42,1,0
S01006567,481,24,7,7,10,457,423,29,5,0
S01006568,603,34,3,22,8,569,541,25,6,0
S01006569,289,73,2,18,51,216,189,26,2,0
S01006570,361,155,32,92,31,206,166,39,1,0
S01006571,521,217,13,54,150,304,220,70,10,0
S01006572,377,286,215,54,15,91,56,33,4,0
S01006573,292,185,20,94,75,107,75,35,1,0
S01006574,431,235,83,92,60,196,133,62,1,0
S01006575,408,234,23,119,92,174,138,34,3,1
S01006576,322,181,14,131,36,143,119,25,2,0
S01006577,429,115,10,41,64,314,281,30,2,0
S01006578,636,64,2,12,49,572,548,24,0,0
S01006579,550,27,6,12,9,520,498,16,4,0
S01006580,405,82,5,16,61,321,290,32,1,0
S01006581,390,265,67,143,55,125,101,24,0,0
S01006582,519,40,3,9,28,479,432,36,11,0
S01006583,405,6,0,1,0,398,397,3,1,0
S01006584,398,32,4,8,20,366,329,30,7,0
S01006585,507,27,2,8,15,480,453,17,10,0
S01006586,844,28,4,13,11,816,734,31,47,0
S01006587,390,20,4,6,6,374,339,24,11,0
S01006588,405,16,7,2,7,389,349,11,28,0
S01006589,360,14,3,10,1,346,338,4,6,0
S01006590,399,34,10,10,14,365,316,42,7,0
S01006591,374,48,3,7,38,326,304,21,0,0
S01006592,354,72,7,32,33,282,259,23,0,0
S01006593,364,54,6,8,38,310,274,35,1,0
S01006594,353,61,8,41,12,292,289,0,2,0
S01006595,526,61,6,15,40,465,447,17,2,0
S01006596,400,108,9,47,51,288,246,42,4,0
S01006597,321,13,1,7,5,308,300,12,1,0
S01006598,379,262,34,163,67,117,89,28,0,0
S01006599,521,85,19,47,19,436,421,15,0,0
S01006600,561,206,15,92,95,355,330,22,0,0
S01006601,507,212,9,156,45,294,269,25,0,1
S01006602,408,201,63,77,65,210,173,32,2,0
S01006603,318,208,21,61,122,113,107,3,4,0
S01006604,293,247,6,68,173,44,42,1,0,0
S01006605,357,127,10,62,53,230,227,3,0,0
S01006606,385,245,43,187,15,139,135,3,1,1
S01006607,366,200,11,87,102,166,164,1,0,0
S01006608,1022,829,356,188,285,190,178,8,7,1
S01006609,436,339,11,103,225,102,101,2,0,0
S01006610,240,145,6,46,93,95,95,2,0,0
S01006611,433,282,11,93,178,150,148,1,1,2
S01006612,358,337,96,64,177,24,25,2,0,0
S01006613,234,177,108,62,7,57,56,1,0,0
S01006614,261,257,65,140,52,4,3,1,0,0
S01006615,264,265,198,61,6,2,2,0,0,0
S01006616,325,248,79,121,43,80,78,2,0,0
S01006617,359,331,106,90,134,28,23,4,1,0
S01006618,225,198,84,105,10,27,25,0,2,0
S01006619,335,294,68,57,165,41,38,3,0,0
S01006620,369,348,31,118,199,20,18,1,1,0
S01006621,231,200,6,54,139,32,30,2,0,0
S01006622,304,220,19,113,88,84,81,3,1,0
S01006623,460,120,18,66,39,338,333,1,0,0
S01006624,548,107,4,60,43,441,428,12,1,0
S01006625,268,115,10,83,25,153,144,9,0,0
S01006626,283,45,5,38,2,238,231,3,0,0
S01006627,454,30,3,17,10,424,400,27,0,0
S01006628,529,24,4,9,12,505,476,22,9,2
S01006629,348,97,10,75,12,251,243,8,0,0
S01006630,303,160,11,100,49,143,138,4,0,0
S01006631,477,148,19,73,56,328,307,20,0,0
S01006632,372,25,9,12,7,347,343,1,0,0
S01006633,280,148,14,60,75,131,120,11,0,0
S01006634,246,85,11,32,39,160,152,7,1,1
S01006635,298,98,12,28,58,200,188,11,1,0
S01006636,388,63,8,18,39,325,318,7,0,0
S01006637,358,86,11,12,62,273,262,8,0,0
S01006638,503,19,1,10,8,484,461,23,0,0
S01006639,614,52,6,16,26,566,542,11,10,0
S01006640,477,19,5,4,12,457,455,3,0,0
S01006641,602,34,3,5,25,568,551,18,1,0
S01006642,495,23,5,10,9,476,453,16,3,0
S01006643,372,16,8,1,7,360,352,7,0,0
S01006644,634,12,4,4,4,622,619,3,0,0
S01006645,361,10,2,4,4,351,346,4,5,0
S01006646,319,4,3,1,0,314,296,6,14,0
S01006647,333,22,7,6,9,311,305,2,4,0
S01006648,608,16,1,12,6,592,558,17,17,0
S01006649,586,21,4,8,9,565,552,11,2,0
S01006650,393,55,9,23,23,338,304,33,0,0
S01006651,348,17,3,7,7,331,312,14,5,0
S01006652,327,20,0,7,12,307,295,9,5,0
S01006653,313,97,12,54,29,218,198,20,0,0
S01006654,467,46,13,14,22,424,412,8,0,1
S01006655,524,141,9,15,117,384,364,19,1,0
S01006656,490,42,13,10,19,448,404,42,2,0
S01006657,256,20,4,5,11,236,218,17,1,0
S01006658,744,35,7,14,14,709,676,32,0,0
S01006659,328,95,7,65,25,233,163,74,0,0
S01006660,226,10,0,3,5,215,200,15,0,2
S01006661,242,117,5,48,64,125,100,25,0,0
S01006662,270,40,3,13,24,230,221,9,0,0
S01006663,239,82,14,20,48,157,128,28,1,0
S01006664,229,53,12,20,21,175,156,16,3,1
S01006665,368,66,14,37,17,302,271,29,2,0
S01006666,671,25,6,14,9,639,631,7,1,0
S01006667,434,12,4,6,2,422,416,3,3,0
S01006668,409,9,3,1,5,397,387,8,2,0
S01006669,429,85,27,35,25,344,319,23,2,0
S01006670,387,11,0,6,5,373,363,9,3,0
S01006671,212,56,22,16,18,159,150,4,1,0
S01006672,340,58,7,31,17,282,267,15,0,0
S01006673,387,54,29,17,8,336,321,7,5,0
S01006674,499,19,7,7,3,480,476,5,0,0
S01006675,341,33,3,17,16,308,304,4,0,0
S01006676,321,85,1,36,46,236,235,0,0,0
S01006677,544,107,6,35,66,434,425,5,4,0
S01006678,727,253,24,78,155,474,464,8,4,0
S01006679,307,234,33,135,66,73,67,6,0,0
S01006680,439,56,4,16,36,384,380,4,0,0
S01006681,458,106,17,38,52,352,352,3,0,0
S01006682,376,43,6,18,15,333,327,6,0,0
S01006683,364,58,11,33,14,306,289,16,2,0
S01006684,390,63,17,30,16,327,299,20,7,0
S01006685,341,18,5,7,5,321,320,0,1,0
S01006686,263,17,2,7,6,246,242,6,0,0
S01006687,402,15,3,7,5,390,386,0,0,0
S01006688,495,241,26,160,55,254,251,4,1,0
S01006689,535,191,45,63,83,343,327,16,0,1
S01006690,299,52,4,19,29,247,234,12,2,0
S01006691,338,105,35,55,15,233,212,21,0,0
S01006692,339,187,25,119,43,152,127,25,0,0
S01006693,548,109,39,38,32,439,385,54,0,0
S01006694,530,104,12,16,76,426,421,3,2,0
S01006695,321,237,18,87,137,81,80,1,0,0
S01006696,365,167,5,27,135,197,193,4,0,0
S01006697,399,187,28,61,98,212,212,0,0,0
S01006698,396,72,3,20,49,324,321,3,1,0
S01006699,196,105,4,79,22,87,86,0,0,0
S01006700,393,176,62,39,75,217,217,0,0,0
S01006701,316,172,7,47,119,140,137,2,0,0
S01006702,328,316,6,105,202,12,12,0,0,0
S01006703,280,177,7,57,113,103,101,2,0,0
S01006704,275,129,5,26,98,146,145,2,0,0
S01006705,404,285,5,68,212,119,119,0,0,0
S01006706,273,215,3,60,146,61,57,3,1,0
S01006707,220,165,8,38,120,55,55,0,0,0
S01006708,374,314,7,105,201,60,54,5,1,0
S01006709,435,296,11,130,155,138,136,0,0,1
S01006710,413,372,16,115,245,41,36,4,0,1
S01006711,445,336,12,97,227,109,107,4,0,0
S01006712,248,236,11,75,150,15,9,3,0,0
S01006713,448,346,15,107,224,102,100,2,0,0
S01006714,309,232,19,123,90,77,77,0,0,0
S01006715,212,158,5,72,85,54,51,3,0,0
S01006716,234,208,11,119,80,26,28,1,1,0
S01006717,426,372,8,104,260,54,51,1,3,0
S01006718,246,225,10,183,37,16,16,2,0,0
S01006719,374,353,11,155,184,21,19,2,0,0
S01006720,258,246,6,92,145,12,10,3,4,0
S01006721,338,308,14,122,173,29,26,3,0,0
S01006722,293,263,7,87,167,32,32,0,0,0
S01006723,275,265,9,107,149,10,4,5,0,0
S01006724,314,141,6,74,60,173,169,4,0,0
S01006725,267,236,6,93,141,29,28,2,0,0
S01006726,262,74,6,50,14,192,188,3,1,0
S01006727,469,155,14,81,64,314,307,4,0,0
S01006728,331,226,8,104,116,107,104,1,1,0
S01006729,436,145,8,113,24,291,286,5,0,0
S01006730,266,223,9,51,158,43,42,2,0,0
S01006731,261,174,5,37,132,87,86,2,0,0
S01006732,738,544,312,111,121,193,189,2,2,1
S01006733,323,319,252,63,4,4,4,0,0,0
S01006734,355,338,201,128,9,17,17,0,0,0
S01006735,243,236,178,36,22,7,6,1,0,0
S01006736,397,389,206,167,16,8,7,1,0,0
S01006737,643,603,247,198,158,42,35,2,0,0
S01006738,863,214,41,66,107,635,610,24,1,14
S01006739,812,480,97,131,252,321,313,12,0,7
S01006740,329,289,12,134,146,41,41,0,0,0
S01006741,336,317,12,62,243,19,17,1,0,0
S01006742,227,218,9,30,178,9,5,5,0,0
S01006743,440,309,85,150,74,134,127,6,1,0
S01006744,291,126,19,53,54,165,128,37,0,0
S01006745,463,187,34,77,80,276,260,15,1,0
S01006746,387,332,16,226,90,55,51,4,0,0
S01006747,483,454,84,309,58,29,23,3,2,0
S01006748,791,429,170,136,119,365,352,6,6,2
S01006749,411,284,40,122,122,127,125,2,0,0
S01006750,284,224,24,123,80,60,58,0,0,0
S01006751,195,154,25,83,39,42,40,2,0,0
S01006752,330,247,10,143,90,89,85,1,0,0
S01006753,446,338,126,169,47,105,96,8,1,0
S01006754,396,329,120,179,31,69,66,2,0,0
S01006755,300,241,123,98,20,58,58,0,0,1
S01006756,280,133,70,21,42,143,143,4,0,0
S01006757,342,289,68,184,33,53,51,0,0,0
S01006758,308,240,98,128,13,67,66,0,0,0
S01006759,247,229,113,107,6,17,16,1,0,2
S01006760,251,202,32,74,93,52,48,3,1,0
S01006761,333,274,100,147,27,59,56,4,0,0
S01006762,745,662,225,313,121,85,81,4,0,2
S01006763,342,326,53,165,108,13,10,2,0,0
S01006764,347,308,38,185,78,43,40,3,0,0
S01006765,277,205,46,123,36,72,68,1,0,0
S01006766,237,224,152,47,25,9,9,0,0,0
S01006767,285,277,85,89,102,7,6,0,0,0
S01006768,213,212,187,23,0,0,0,0,0,0
S01006769,393,384,75,187,122,9,9,0,0,0
S01006770,269,268,65,201,4,1,1,0,0,0
S01006771,150,150,78,69,3,0,0,0,0,0
S01006772,371,314,73,230,9,57,54,5,0,0
S01006773,338,318,84,200,34,20,19,0,0,0
S01006774,221,221,100,115,6,0,0,0,0,0
S01006775,466,285,51,128,106,183,168,12,0,1
S01006776,296,145,3,108,34,151,145,3,0,0
S01006777,261,257,76,170,9,4,3,0,1,0
S01006778,287,252,35,172,45,29,29,0,0,1
S01006779,258,204,12,92,100,54,54,0,0,0
S01006780,226,183,33,71,79,43,37,8,0,0
S01006781,272,266,21,200,45,6,6,0,0,0
S01006782,392,284,118,125,41,108,103,5,0,0
S01006783,255,222,20,164,32,35,33,3,0,0
S01006784,283,197,40,136,21,86,80,5,1,0
S01006785,217,200,103,94,3,15,16,1,0,0
S01006786,330,285,126,138,21,45,45,0,0,0
S01006787,280,274,86,111,78,6,7,1,0,0
S01006788,874,702,254,262,186,165,151,12,2,7
S01006789,291,251,140,90,19,40,24,5,8,0
S01006790,456,412,186,166,56,43,29,11,3,1
S01006791,289,274,229,38,6,14,12,2,0,1
S01006792,188,189,148,35,6,2,1,0,0,1
S01006793,289,265,162,89,14,23,12,5,6,1
S01006794,283,278,133,108,37,5,4,0,0,0
S01006795,337,282,216,57,11,55,44,9,2,0
S01006796,379,370,292,73,5,8,5,3,0,1
S01006797,246,237,198,29,10,5,2,2,2,3
S01006798,260,251,221,25,4,7,3,2,1,2
S01006799,421,367,148,195,24,54,37,14,5,0
S01006800,342,331,289,36,6,3,0,3,0,5
S01006801,543,519,391,111,17,24,24,3,0,0
S01006802,330,308,190,89,29,21,20,0,0,1
S01006803,315,284,79,159,48,35,31,3,1,0
S01006804,308,281,181,67,35,25,23,0,0,0
S01006805,458,407,232,97,81,51,35,8,6,0
S01006806,472,469,303,108,51,6,2,4,1,0
S01006807,271,271,110,86,72,0,0,0,0,0
S01006808,271,267,212,46,5,3,0,3,0,1
S01006809,390,382,162,157,63,6,3,2,3,2
S01006810,399,363,186,118,60,37,33,1,3,0
S01006811,444,432,259,117,55,11,7,5,2,1
S01006812,352,344,202,121,23,8,2,6,0,0
S01006813,369,323,119,145,58,42,29,16,1,0
S01006814,306,298,246,46,6,8,6,2,0,0
S01006815,305,208,72,76,56,97,95,2,0,0
S01006816,291,248,133,54,61,46,31,6,5,0
S01006817,335,306,187,93,25,26,26,0,0,0
S01006818,325,321,227,80,11,3,1,1,1,1
S01006819,455,430,273,93,63,19,16,3,0,3
S01006820,314,300,117,108,80,10,10,0,0,0
S01006821,739,685,446,127,109,54,51,2,1,5
S01006822,418,413,344,45,21,6,2,3,0,2
S01006823,310,235,144,49,36,74,71,4,0,0
S01006824,382,213,15,79,119,165,167,2,0,0
S01006825,325,316,53,167,96,9,4,1,0,0
S01006826,358,336,187,81,68,22,20,1,2,0
S01006827,408,304,41,136,124,104,85,16,3,0
S01006828,457,237,48,105,82,224,195,23,2,0
S01006829,141,139,111,22,6,0,0,0,0,0
S01006830,311,287,96,154,33,25,24,1,2,0
S01006831,219,218,88,94,36,1,1,0,0,0
S01006832,436,313,153,126,41,119,97,14,8,0
S01006833,191,173,101,52,19,18,11,7,0,0
S01006834,164,162,119,31,12,3,1,1,0,0
S01006835,485,198,39,65,94,289,243,29,16,0
S01006836,234,127,107,18,5,104,95,6,1,0
S01006837,229,211,100,87,21,19,15,1,1,0
S01006838,251,245,124,115,6,6,8,1,0,0
S01006839,397,380,58,197,127,13,10,2,1,0
S01006840,397,391,297,84,10,4,4,0,0,0
S01006841,319,315,180,118,17,1,0,3,0,0
S01006842,305,298,106,176,14,6,5,0,1,2
S01006843,316,308,147,147,14,8,6,0,0,0
S01006844,325,251,96,141,14,74,74,0,0,0
S01006845,371,342,171,157,14,29,28,1,0,0
S01006846,242,221,33,153,33,23,21,2,0,0
S01006847,245,234,107,120,8,10,10,0,0,0
S01006848,658,601,462,114,25,12,7,4,1,46
S01006849,664,617,399,165,53,46,45,1,0,2
S01006850,370,363,40,116,207,5,4,0,0,1
S01006851,337,303,69,135,99,34,34,0,0,0
S01006852,230,229,140,76,9,0,0,0,0,0
S01006853,372,367,305,53,8,2,3,1,0,1
S01006854,402,399,238,138,23,3,3,0,0,0
S01006855,330,325,263,43,19,4,1,2,1,2
S01006856,295,288,210,65,13,7,3,5,0,0
S01006857,488,471,356,83,28,14,5,4,2,0
S01006858,251,250,217,25,8,0,0,0,0,1
S01006859,414,370,319,46,4,44,42,2,0,0
S01006860,234,194,33,53,111,37,35,2,0,0
S01006861,199,197,154,42,1,1,1,0,0,0
S01006862,345,295,122,143,29,48,41,7,2,0
S01006863,306,290,106,103,76,16,16,0,0,0
S01006864,284,229,113,98,18,55,55,0,0,0
S01006865,480,318,221,77,20,165,126,18,17,1
S01006866,218,211,179,32,3,5,4,1,0,0
S01006867,308,279,209,55,8,35,29,6,0,0
S01006868,363,348,128,151,67,11,6,7,1,2
S01006869,207,200,130,49,21,7,2,7,0,0
S01006870,203,190,120,59,8,13,12,0,1,0
S01006871,266,253,177,64,12,13,9,4,0,0
S01006872,442,439,393,28,16,5,3,2,0,0
S01006873,478,432,318,69,45,46,40,4,2,0
S01006874,235,232,204,25,2,3,0,4,1,0
S01006875,335,314,161,131,22,23,17,4,2,0
S01006876,421,407,294,89,27,14,8,6,0,0
S01006877,390,389,353,26,7,2,1,0,1,2
S01006878,330,311,205,74,35,17,16,1,0,2
S01006879,325,320,278,37,2,4,1,4,0,1
S01006880,286,284,243,34,9,1,1,0,0,0
S01006881,237,234,204,24,4,2,0,1,0,1
S01006882,156,152,45,100,7,5,5,0,0,0
S01006883,219,163,117,34,16,56,47,4,2,0
S01006884,440,388,226,132,34,48,39,4,5,0
S01006885,457,446,298,86,58,10,10,0,0,0
S01006886,435,420,306,55,62,13,8,3,1,1
S01006887,290,258,189,41,27,32,32,0,0,0
S01006888,363,352,268,64,19,10,5,4,1,1
S01006889,347,338,60,158,121,6,4,0,1,0
S01006890,260,231,144,66,21,32,29,2,1,0
S01006891,434,359,173,114,76,75,56,17,2,0
S01006892,280,274,44,188,38,4,4,2,0,0
S01006893,198,197,55,65,69,2,2,0,0,0
S01006894,470,382,102,264,16,88,89,1,0,0
S01006895,306,139,16,74,49,170,165,2,0,0
S01006896,383,261,97,125,38,126,116,7,1,0
S01006897,298,258,83,104,71,41,31,9,0,0
S01006898,357,297,117,165,12,60,60,0,0,0
S01006899,240,233,115,117,1,7,6,1,0,0
S01006900,221,221,104,90,20,3,1,1,0,0
S01006901,277,213,36,135,44,67,62,0,1,0
S01006902,297,217,68,140,9,83,81,2,0,0
S01006903,396,283,58,146,75,113,107,6,0,0
S01006904,311,165,61,52,52,146,137,5,2,0
S01006905,415,337,147,161,29,78,65,8,5,0
S01006906,437,288,27,118,143,149,143,2,4,0
S01006907,417,156,75,38,44,261,232,13,16,0
S01006908,435,209,74,77,58,226,203,15,8,0
S01006909,461,424,330,78,16,36,37,1,0,0
S01006910,425,392,277,91,26,22,18,2,0,17
S01006911,254,246,212,25,13,4,4,0,0,0
S01006912,367,350,267,68,15,16,10,6,0,1
S01006913,940,863,548,210,105,75,73,1,0,2
S01006914,281,277,213,51,13,2,2,0,0,2
S01006915,341,339,262,63,7,5,4,1,0,0
S01006916,204,168,102,66,3,31,31,0,0,2
S01006917,324,320,285,30,4,3,3,0,0,1
S01006918,188,177,117,53,7,11,7,1,2,0
S01006919,200,180,96,48,36,20,17,2,1,0
S01006920,241,149,86,49,17,92,82,6,4,0
S01006921,274,273,215,57,1,1,1,0,0,0
S01006922,269,256,209,37,12,2,2,0,0,11
S01006923,377,318,223,55,37,54,49,5,0,9
S01006924,227,223,176,38,7,0,0,0,0,2
S01006925,200,174,96,74,4,23,21,0,0,0
S01006926,261,261,188,69,2,0,0,0,0,0
S01006927,369,347,286,54,8,22,21,1,0,0
S01006928,451,423,229,144,50,27,19,8,0,1
S01006929,289,289,274,13,0,0,0,0,0,0
S01006930,361,349,268,74,3,12,12,0,0,0
S01006931,148,148,114,20,10,3,2,1,0,1
S01006932,439,387,278,75,26,48,47,1,0,0
S01006933,220,218,61,156,0,2,2,0,0,0
S01006934,452,434,240,125,65,18,13,3,2,0
S01006935,307,273,81,176,14,34,33,0,2,0
S01006936,273,232,22,191,21,37,38,4,0,0
S01006937,341,272,120,89,63,69,66,3,0,0
S01006938,232,172,22,130,20,60,56,1,0,0
S01006939,238,235,132,98,5,3,2,1,0,0
S01006940,392,331,230,87,14,60,59,1,1,0
S01006941,241,231,57,84,90,1,1,0,0,9
S01006942,375,355,179,167,8,21,21,0,0,0
S01006943,210,208,195,14,3,2,2,0,0,0
S01006944,438,333,252,78,2,103,101,2,2,0
S01006945,201,174,131,42,4,27,27,0,0,0
S01006946,280,240,154,78,8,40,38,2,0,0
S01006947,311,292,155,130,6,19,16,3,0,0
S01006948,390,368,192,127,45,24,20,3,2,1
S01006949,274,270,214,45,11,0,0,0,0,4
S01006950,306,266,151,104,14,40,36,4,0,0
S01006951,203,201,56,138,4,4,3,2,0,1
S01006952,383,377,335,38,4,0,0,0,0,4
S01006953,305,291,229,32,30,14,14,0,0,0
S01006954,370,355,181,151,23,15,14,1,0,0
S01006955,261,194,14,136,44,67,66,2,0,0
S01006956,394,389,194,145,47,3,4,0,0,0
S01006957,402,387,310,61,14,14,7,7,0,1
S01006958,679,561,308,176,77,117,105,8,4,0
S01006959,363,192,66,111,16,171,138,23,5,0
S01006960,326,311,270,33,8,15,14,0,1,0
S01006961,324,316,265,40,10,9,9,0,0,0
S01006962,420,363,123,238,2,56,56,0,0,1
S01006963,285,248,151,89,5,40,34,2,0,0
S01006964,346,196,85,84,27,151,147,3,0,0
S01006965,216,172,105,60,7,44,43,1,0,0
S01006966,245,244,27,168,46,1,1,0,0,0
S01006967,262,251,57,187,7,8,10,1,0,0
S01006968,189,187,26,159,2,2,2,0,0,0
S01006969,402,330,67,253,10,72,61,11,0,0
S01006970,269,241,215,23,5,26,26,1,0,0
S01006971,264,184,49,105,33,76,69,6,0,0
S01006972,278,273,199,58,16,8,8,0,0,0
S01006973,329,324,206,94,25,4,3,2,0,0
S01006974,411,366,248,77,41,38,36,4,2,0
S01006975,436,427,346,53,26,11,7,4,0,0
S01006976,185,181,156,19,3,4,1,3,0,0
S01006977,307,304,231,60,13,3,2,1,0,0
S01006978,440,416,284,117,15,16,16,3,0,1
S01006979,433,416,233,119,67,17,14,3,0,0
S01006980,373,372,293,70,9,1,1,0,0,0
S01006981,329,318,200,74,48,11,8,0,2,0
S01006982,381,355,172,152,32,22,19,3,0,0
S01006983,285,283,131,147,1,2,1,1,0,0
S01006984,377,371,254,88,32,7,5,0,0,0
S01006985,460,422,197,190,35,38,38,0,0,0
S01006986,282,269,196,57,16,17,9,3,0,0
S01006987,313,281,170,89,22,28,21,3,3,0
S01006988,187,188,139,42,3,2,2,0,0,0
S01006989,496,496,367,102,23,4,5,1,0,0
S01006990,295,292,248,41,3,4,4,0,0,0
S01006991,221,194,83,71,39,27,22,1,6,0
S01006992,255,250,202,45,2,4,2,0,1,2
S01006993,210,206,185,23,1,2,2,0,0,1
S01006994,236,234,206,29,2,4,0,4,0,0
S01006995,357,350,281,41,27,7,5,1,1,4
S01006996,373,360,196,139,27,12,8,3,1,1
S01006997,313,310,252,42,16,5,3,1,0,0
S01006998,578,549,390,85,74,25,27,1,0,1
S01006999,358,347,279,59,11,4,4,0,0,7
S01007000,422,389,228,133,21,36,32,2,2,0
S01007001,460,409,214,120,75,51,43,6,3,0
S01007002,249,226,171,44,8,23,23,0,0,0
S01007003,214,210,178,26,8,2,0,2,0,2
S01007004,330,324,244,67,12,6,3,0,0,0
S01007005,369,365,317,40,8,4,4,0,0,0
S01007006,398,370,229,95,46,24,21,4,1,4
S01007007,352,348,271,69,8,2,1,0,0,4
S01007008,469,398,111,204,86,70,63,8,2,1
S01007009,517,370,167,150,55,146,125,12,9,0
S01007010,398,301,180,75,46,97,82,5,10,0
S01007011,469,272,64,125,80,197,173,22,6,0
S01007012,319,303,15,96,192,18,18,0,0,0
S01007013,205,203,176,28,0,1,1,0,0,2
S01007014,415,414,323,86,5,6,4,1,0,0
S01007015,258,255,213,38,4,2,1,1,0,1
S01007016,228,226,197,27,2,0,0,0,0,2
S01007017,513,372,55,173,145,141,117,11,13,0
S01007018,382,360,201,113,45,22,18,3,2,0
S01007019,287,272,108,74,89,15,11,4,0,0
S01007020,380,247,119,85,44,131,105,11,15,0
S01007021,381,355,107,188,60,26,23,3,0,0
S01007022,210,202,96,100,6,11,6,3,0,0
S01007023,216,212,126,76,10,3,2,1,0,1
S01007024,440,432,320,94,20,6,4,1,2,2
S01007025,417,367,78,254,39,50,45,5,0,0
S01007026,451,378,237,111,30,73,48,21,1,0
S01007027,512,472,222,191,59,36,34,2,0,0
S01007028,514,483,305,154,21,29,28,2,0,0
S01007029,228,220,196,19,7,1,1,0,0,4
S01007030,373,358,173,76,109,14,8,3,4,1
S01007031,281,264,152,77,37,18,12,3,2,1
S01007032,552,355,97,147,111,197,159,16,18,0
S01007033,289,269,70,104,95,20,16,3,1,0
S01007034,254,197,72,78,47,58,49,7,0,0
S01007035,410,351,39,237,75,61,56,3,0,0
S01007036,401,338,211,76,51,63,51,11,1,0
S01007037,435,388,97,188,106,45,40,4,0,0
S01007038,307,237,81,92,64,70,61,7,2,0
S01007039,446,400,129,191,79,47,42,0,1,0
S01007040,291,262,92,93,77,28,25,3,0,2
S01007041,339,283,117,99,68,61,40,11,8,0
S01007042,332,322,194,104,24,8,10,0,1,2
S01007043,389,380,314,57,10,4,0,4,0,4
S01007044,321,295,129,115,51,26,19,4,3,0
S01007045,336,324,283,34,7,3,3,0,0,5
S01007046,256,251,151,89,14,4,3,1,0,1
S01007047,274,267,213,42,12,1,1,0,0,6
S01007048,344,341,276,55,10,3,2,0,1,0
S01007049,419,395,101,210,84,24,18,4,4,0
S01007050,314,290,137,100,53,24,17,6,1,0
S01007051,344,303,137,131,37,40,26,10,2,0
S01007052,405,399,274,112,12,5,5,0,0,3
S01007053,211,202,191,10,3,5,1,3,0,4
S01007054,469,442,119,202,121,28,18,11,2,0
S01007055,237,227,200,29,2,2,2,0,0,4
S01007056,271,268,244,22,1,0,0,0,0,3
S01007057,253,249,150,86,13,4,3,2,0,0
S01007058,283,249,84,131,34,34,34,0,0,0
S01007059,482,458,192,243,25,27,25,0,0,0
S01007060,204,198,25,153,22,4,4,0,0,0
S01007061,367,360,315,42,3,3,2,1,0,4
S01007062,282,276,239,33,4,5,2,3,0,1
S01007063,293,280,139,104,32,16,16,0,0,0
S01007064,386,375,277,72,26,8,8,0,0,3
S01007065,285,271,171,59,48,11,6,4,1,0
S01007066,367,343,239,85,19,23,19,3,1,1
S01007067,250,213,69,126,16,37,37,0,0,0
S01007068,288,282,126,85,67,7,2,5,0,0
S01007069,346,324,109,121,94,21,18,4,1,1
S01007070,244,227,64,107,55,23,17,4,0,0
S01007071,353,333,148,160,21,20,16,3,2,0
S01007072,269,264,97,124,41,4,4,0,0,1
S01007073,346,341,104,174,63,5,3,4,0,0
S01007074,271,211,16,61,133,61,56,1,0,0
S01007075,335,299,28,83,188,36,36,0,0,0
S01007076,292,286,30,81,178,6,4,2,0,0
S01007077,347,331,54,175,102,19,19,0,0,0
S01007078,360,256,66,129,61,104,97,6,0,0
S01007079,493,253,89,126,38,240,219,20,2,0
S01007080,383,240,60,167,15,142,126,12,1,1
S01007081,346,249,26,135,88,97,89,8,0,0
S01007082,254,169,37,102,28,81,79,3,0,0
S01007083,522,284,41,159,90,235,227,11,0,0
S01007084,270,178,48,113,17,92,81,9,1,0
S01007085,475,176,31,99,46,299,243,46,10,0
S01007086,604,149,24,68,57,459,419,21,15,0
S01007087,517,220,50,98,72,301,258,36,7,0
S01007088,272,84,9,52,23,188,168,20,0,0
S01007089,220,219,141,77,3,1,0,1,0,0
S01007090,243,215,47,151,21,24,20,4,1,0
S01007091,315,287,95,178,14,28,27,2,1,0
S01007092,304,259,33,146,84,48,40,4,1,0
S01007093,410,377,165,190,18,33,27,5,1,0
S01007094,360,353,160,170,23,6,5,1,0,2
S01007095,227,227,193,24,10,0,0,0,0,0
S01007096,363,342,265,67,10,21,18,3,0,0
S01007097,908,854,498,307,49,51,47,2,0,0
S01007098,420,416,351,59,6,4,3,2,0,0
S01007099,360,347,240,80,27,12,11,1,0,1
S01007100,305,291,208,62,23,10,4,4,1,1
S01007101,342,321,84,161,80,18,14,4,0,0
S01007102,295,289,249,31,8,2,2,0,0,4
S01007103,366,356,248,63,46,2,2,0,0,0
S01007104,253,251,205,38,5,0,0,0,0,1
S01007105,243,236,169,41,22,11,10,1,0,0
S01007106,307,303,168,95,37,7,7,0,0,0
S01007107,310,308,263,42,3,0,0,0,0,4
S01007108,511,506,389,111,6,6,1,3,0,1
S01007109,375,336,98,189,49,38,28,10,4,0
S01007110,343,299,129,104,62,48,43,3,0,0
S01007111,225,205,65,107,39,17,14,3,0,0
S01007112,227,217,171,36,7,10,10,0,0,0
S01007113,241,159,55,66,34,82,48,32,3,0
S01007114,385,379,109,144,126,2,2,0,0,0
S01007115,251,232,151,78,3,19,17,1,0,0
S01007116,321,319,266,45,5,5,3,2,0,0
S01007117,180,180,159,15,3,0,0,0,0,0
S01007118,284,265,24,73,168,15,18,1,0,0
S01007119,322,314,17,185,112,8,6,2,0,0
S01007120,500,398,67,149,182,105,94,11,0,0
S01007121,320,105,15,41,50,213,184,23,7,1
S01007122,295,154,49,84,21,141,121,19,0,0
S01007123,345,281,21,162,95,68,60,3,1,0
S01007124,385,372,33,215,125,13,11,4,0,0
S01007125,394,338,63,217,58,56,43,8,2,0
S01007126,437,261,30,111,120,176,168,5,2,0
S01007127,523,231,31,67,133,285,254,24,7,7
S01007128,405,287,28,148,114,115,113,0,0,0
S01007129,372,369,263,66,40,7,3,4,0,0
S01007130,279,225,97,86,42,54,48,3,1,0
S01007131,344,309,193,104,14,39,39,0,0,0
S01007132,299,277,147,110,20,22,22,2,0,0
S01007133,263,247,149,61,37,19,11,3,2,0
S01007134,293,271,174,82,12,22,20,4,0,0
S01007135,209,196,156,36,4,13,7,6,0,0
S01007136,217,209,187,19,2,6,2,4,0,0
S01007137,248,235,215,10,11,17,5,8,0,0
S01007138,249,232,157,47,28,16,12,4,0,1
S01007139,299,295,162,88,45,5,3,3,0,0
S01007140,462,456,339,99,18,5,3,2,0,0
S01007141,448,436,269,151,16,9,7,4,0,3
S01007142,344,340,263,69,8,4,2,0,2,0
S01007143,209,208,168,35,2,1,1,0,0,0
S01007144,465,312,204,83,21,11,4,3,1,145
S01007145,469,377,181,132,61,92,85,5,2,0
S01007146,327,289,62,187,37,38,31,6,2,0
S01007147,308,284,202,48,34,24,24,0,0,0
S01007148,206,205,140,40,22,2,0,2,0,0
S01007149,236,231,141,91,1,4,3,0,1,0
S01007150,376,264,153,100,8,113,101,10,0,0
S01007151,492,446,312,104,30,46,39,7,0,0
S01007152,232,187,93,79,15,45,37,4,0,0
S01007153,302,287,97,85,105,15,15,0,0,1
S01007154,460,158,61,87,9,298,283,14,4,1
S01007155,315,258,51,147,60,53,50,6,1,0
S01007156,322,315,137,94,85,7,8,0,0,0
S01007157,283,267,28,117,122,16,15,2,0,0
S01007158,378,359,135,150,74,19,18,0,1,0
S01007159,587,360,60,209,90,231,221,6,4,0
S01007160,402,355,56,176,123,47,41,4,2,0
S01007161,344,288,70,126,92,56,51,3,0,0
S01007162,274,103,20,54,29,171,162,7,2,0
S01007163,412,391,119,216,55,21,19,2,0,0
S01007164,287,235,67,108,61,49,34,10,4,0
S01007165,336,262,110,111,39,75,44,19,10,0
S01007166,318,274,72,151,50,40,28,12,0,0
S01007167,332,323,197,113,16,12,5,4,0,0
S01007168,395,390,218,163,0,5,4,1,0,0
S01007169,321,277,185,74,16,45,42,4,0,1
S01007170,302,294,243,50,1,6,6,0,0,2
S01007171,549,485,305,110,67,49,43,6,0,15
S01007172,452,360,291,43,23,12,6,3,0,85
S01007173,334,319,178,90,51,15,15,0,0,0
S01007174,391,375,165,121,89,16,14,2,0,0
S01007175,307,304,93,153,55,3,3,0,0,0
S01007176,289,229,64,102,63,60,59,0,0,0
S01007177,286,180,15,49,116,106,105,1,0,0
S01007178,406,278,25,87,165,127,117,11,4,0
S01007179,381,372,245,123,4,9,9,0,0,0
S01007180,374,312,217,80,15,59,59,3,0,0
S01007181,291,245,130,84,32,44,23,19,2,1
S01007182,500,277,74,133,67,227,196,26,2,0
S01007183,573,338,88,71,179,235,219,15,2,0
S01007184,597,231,25,51,157,365,324,32,10,0
S01007185,441,141,25,31,85,297,268,17,13,0
S01007186,333,104,16,27,58,227,207,14,8,0
S01007187,448,109,12,41,58,339,290,19,30,0
S01007188,336,108,12,22,74,224,203,18,3,0
S01007189,474,212,65,76,71,261,241,19,1,0
S01007190,372,352,106,198,46,19,17,2,0,0
S01007191,211,197,19,80,96,16,12,4,0,0
S01007192,534,411,123,142,145,123,121,1,1,0
S01007193,270,255,16,97,142,12,12,0,0,0
S01007194,226,140,9,60,69,88,84,3,1,0
S01007195,266,198,29,99,70,68,67,1,0,0
S01007196,387,272,74,118,80,115,115,0,0,0
S01007197,274,137,18,83,41,141,140,0,2,0
S01007198,232,104,12,67,22,128,123,2,0,0
S01007199,287,144,17,63,64,143,141,0,0,0
S01007200,417,317,11,48,254,101,96,2,0,0
S01007201,346,267,56,123,87,79,76,2,1,0
S01007202,347,272,43,75,157,74,66,8,0,1
S01007203,197,192,9,65,122,4,3,1,0,0
S01007204,440,415,213,108,91,24,15,8,2,0
S01007205,268,264,183,67,14,4,2,4,0,0
S01007206,205,131,22,38,71,74,55,19,0,0
S01007207,424,346,92,190,64,77,73,3,1,1
S01007208,593,128,22,52,59,465,410,47,8,0
S01007209,378,129,24,46,59,249,187,39,23,0
S01007210,356,116,19,35,58,239,207,30,2,0
S01007211,501,221,27,73,124,280,248,28,4,0
S01007212,204,131,50,41,36,73,71,0,0,0
S01007213,401,254,80,112,62,144,111,27,0,0
S01007214,443,96,12,41,41,346,300,23,23,1
S01007215,336,152,56,52,44,184,156,20,8,0
S01007216,362,305,148,119,40,57,44,10,3,0
S01007217,451,357,41,118,201,92,89,2,1,0
S01007218,353,344,227,44,73,7,5,1,3,0
S01007219,341,269,60,45,164,72,72,0,0,0
S01007220,363,277,25,58,194,86,85,0,1,0
S01007221,405,349,227,93,25,6,5,0,0,50
S01007222,299,279,94,105,81,20,17,4,1,0
S01007223,227,225,184,34,7,0,0,0,0,0
S01007224,271,245,122,65,58,26,23,2,1,0
S01007225,365,360,246,67,47,5,0,3,0,0
S01007226,345,335,246,61,28,4,4,1,1,4
S01007227,434,399,149,155,96,35,25,8,2,0
S01007228,263,259,185,67,9,4,4,1,0,1
S01007229,482,468,348,106,18,11,3,11,0,0
S01007230,344,156,23,89,44,187,181,5,2,1
S01007231,360,168,16,88,64,192,179,13,0,0
S01007232,420,192,42,62,85,228,208,14,7,0
S01007233,309,218,72,51,95,90,80,9,1,1
S01007234,254,216,29,144,43,36,21,12,1,0
S01007235,458,200,70,61,69,258,195,48,15,0
S01007236,304,204,37,114,53,100,71,23,8,0
S01007237,311,274,130,138,6,39,31,7,1,0
S01007238,413,340,83,122,132,73,68,5,0,0
S01007239,406,382,275,92,11,24,10,14,0,0
S01007240,281,278,210,56,12,3,1,0,0,0
S01007241,268,265,210,41,14,4,0,1,2,1
S01007242,448,417,281,84,54,31,29,0,0,0
S01007243,280,271,201,53,19,5,3,1,1,0
S01007244,337,333,265,50,20,3,2,0,2,1
S01007245,324,305,171,84,51,18,17,2,0,0
S01007246,377,362,206,117,39,11,18,1,0,0
S01007247,310,298,156,84,58,16,8,3,1,0
S01007248,314,305,236,63,9,9,10,1,0,0
S01007249,209,144,84,43,12,69,58,6,5,0
S01007250,411,246,65,100,74,169,158,9,1,0
S01007251,252,180,39,79,58,72,73,4,2,0
S01007252,323,255,94,113,48,64,59,4,1,0
S01007253,586,550,363,143,44,36,28,6,0,0
S01007254,367,216,55,105,56,150,141,10,2,1
S01007255,398,178,10,56,116,216,208,6,2,0
S01007256,429,203,50,72,81,226,189,13,24,0
S01007257,277,96,19,36,41,181,156,9,16,0
S01007258,363,219,82,63,74,143,127,14,4,1
S01007259,439,309,44,115,150,130,113,10,7,0
S01007260,415,315,14,100,201,100,100,0,0,0
S01007261,382,359,208,90,61,23,21,3,0,0
S01007262,339,277,24,117,132,59,61,1,0,0
S01007263,353,325,50,94,181,28,27,2,0,0
S01007264,333,286,85,113,88,47,45,0,2,0
S01007265,476,280,61,76,143,196,177,13,7,0
S01007266,300,255,74,97,81,45,39,5,2,1
S01007267,250,243,183,52,11,1,1,0,0,1
S01007268,277,269,188,58,23,4,1,0,1,4
S01007269,180,179,120,46,17,1,1,0,0,0
S01007270,243,238,157,61,20,4,4,0,0,0
S01007271,463,379,129,130,117,83,76,7,1,0
S01007272,445,209,42,98,69,236,232,4,0,0
S01007273,290,224,100,105,19,62,62,4,0,0
S01007274,481,264,89,88,90,217,177,14,26,0
S01007275,250,221,108,65,48,29,24,2,0,0
S01007276,416,343,183,100,63,70,66,2,2,0
S01007277,332,329,235,80,11,8,5,1,0,0
S01007278,232,227,162,56,5,5,5,0,0,0
S01007279,257,254,225,24,6,2,2,0,0,0
S01007280,247,240,178,52,10,5,3,4,0,0
S01007281,371,363,252,100,8,7,2,5,0,1
S01007282,245,241,191,46,6,2,2,0,0,0
S01007283,468,443,248,112,83,25,18,4,3,0
S01007284,423,407,306,91,10,11,6,4,1,5
S01007285,435,413,280,110,22,18,6,8,5,8
S01007286,496,342,196,92,54,154,131,8,11,0
S01007287,307,277,206,63,12,27,19,3,5,3
S01007288,303,280,212,46,18,18,16,2,2,5
S01007289,352,314,207,75,32,40,32,4,0,1
S01007290,436,303,60,192,51,133,125,8,0,0
S01007291,330,195,67,96,33,139,127,6,2,0
S01007292,305,269,83,172,13,36,35,0,2,0
S01007293,300,120,21,30,69,180,178,1,1,0
S01007294,375,158,95,56,4,220,219,1,0,0
S01007295,248,53,12,32,7,195,187,8,0,0
S01007296,382,44,25,12,7,338,323,8,7,0
S01007297,442,222,125,75,25,220,167,27,26,0
S01007298,251,164,71,45,48,85,82,1,0,0
S01007299,375,186,66,71,48,189,173,11,7,0
S01007300,234,117,16,38,63,117,112,4,1,0
S01007301,544,452,276,107,69,86,83,4,1,4
S01007302,286,268,18,162,87,17,15,0,2,1
S01007303,441,405,293,104,10,32,28,4,0,4
S01007304,345,337,232,74,27,8,3,3,2,5
S01007305,342,327,219,74,35,14,13,1,0,1
S01007306,366,333,186,120,27,30,20,9,1,4
S01007307,396,377,308,56,7,10,10,3,0,9
S01007308,380,367,206,120,41,7,3,3,2,6
S01007309,344,328,237,66,25,10,5,2,3,6
S01007310,424,416,233,88,93,4,4,0,2,0
S01007311,343,267,97,110,60,76,59,12,5,0
S01007312,358,335,186,107,42,21,16,2,1,2
S01007313,503,465,332,95,36,21,6,7,4,17
S01007314,310,297,132,121,43,12,9,2,1,1
S01007315,375,326,134,117,75,53,44,1,5,0
S01007316,461,285,79,102,104,176,153,13,10,0
S01007317,389,315,69,100,146,72,68,3,1,4
S01007318,245,227,50,126,47,21,9,14,1,0
S01007319,388,227,100,74,53,161,140,14,6,1
S01007320,384,367,279,81,7,15,9,4,2,2
S01007321,313,296,218,61,14,18,7,11,0,3
S01007322,375,205,103,84,18,169,139,27,3,2
S01007323,241,144,62,44,38,97,71,20,2,0
S01007324,183,176,102,65,8,6,6,0,0,2
S01007325,398,377,170,133,74,15,9,4,2,6
S01007326,475,436,211,156,69,33,28,5,2,3
S01007327,349,297,70,123,102,50,45,2,0,0
S01007328,347,296,56,78,162,52,41,8,2,0
S01007329,372,358,234,95,29,10,6,0,3,1
S01007330,385,380,236,101,40,8,4,1,2,0
S01007331,481,470,188,163,119,8,8,1,0,0
S01007332,231,220,157,58,11,10,2,6,0,0
S01007333,338,206,149,25,32,132,110,22,0,0
S01007334,308,148,18,63,65,160,152,9,0,0
S01007335,418,259,18,159,82,157,158,2,0,0
S01007336,296,50,17,13,20,246,222,11,13,0
S01007337,378,171,39,55,77,207,200,9,0,0
S01007338,272,255,10,174,77,13,13,0,0,0
S01007339,316,228,144,63,19,88,74,13,0,0
S01007340,288,101,34,36,31,187,160,25,0,1
S01007341,374,157,82,70,8,217,155,59,2,0
S01007342,362,246,150,86,7,116,62,54,0,0
S01007343,323,276,173,84,11,47,33,11,1,2
S01007344,236,47,14,17,16,189,152,35,2,0
S01007345,264,74,16,43,18,189,181,12,0,2
S01007346,341,66,12,17,37,276,253,8,13,0
S01007347,353,179,13,66,96,174,162,7,1,0
S01007348,264,177,16,97,65,87,81,4,2,0
S01007349,186,103,28,53,22,87,64,19,0,0
S01007350,323,60,12,23,28,263,237,21,5,0
S01007351,405,325,216,79,26,77,49,23,5,3
S01007352,279,266,201,55,10,9,3,5,1,4
S01007353,318,287,197,63,27,31,7,24,0,0
S01007354,405,224,140,63,16,180,80,96,2,0
S01007355,528,483,320,118,41,41,29,11,1,4
S01007356,335,282,165,76,37,53,27,24,1,0
S01007357,372,351,226,99,26,23,10,11,1,1
S01007358,364,326,152,106,71,37,30,6,1,2
S01007359,412,318,105,125,88,86,51,34,2,6
S01007360,262,195,157,33,9,67,45,24,0,0
S01007361,502,281,177,80,24,209,160,46,3,12
S01007362,353,159,92,53,11,197,165,30,0,0
S01007363,346,246,146,67,33,96,67,29,0,0
S01007364,417,285,41,142,102,132,117,15,0,0
S01007365,220,150,91,44,19,70,58,12,0,0
S01007366,278,166,53,54,56,112,89,23,0,0
S01007367,282,148,73,39,36,136,96,38,0,2
S01007368,244,208,52,64,92,36,18,16,2,0
S01007369,367,208,94,80,31,160,114,41,1,0
S01007370,358,139,59,60,16,219,156,49,14,0
S01007371,311,167,113,38,19,143,94,48,1,1
S01007372,407,295,177,101,18,111,69,41,1,1
S01007373,257,217,188,15,14,33,21,5,6,7
S01007374,206,158,81,51,23,47,22,24,0,1
S01007375,202,152,106,30,13,37,16,20,2,16
S01007376,366,302,51,51,198,66,61,7,0,0
S01007377,262,241,187,27,29,20,9,10,1,2
S01007378,209,177,130,22,20,31,11,18,2,1
S01007379,269,230,28,80,121,41,36,2,1,0
S01007380,235,201,50,44,107,37,24,10,3,0
S01007381,217,195,173,18,1,22,8,14,1,0
S01007382,282,216,133,65,18,70,26,43,1,0
S01007383,346,223,125,49,49,123,106,17,0,0
S01007384,354,253,109,78,67,102,91,8,0,0
S01007385,409,282,157,63,58,127,119,10,0,0
S01007386,336,272,245,23,4,63,43,20,0,0
S01007387,312,264,240,20,7,48,16,26,0,0
S01007388,250,249,208,35,5,1,1,0,0,0
S01007389,189,182,32,18,132,4,7,2,0,0
S01007390,189,175,17,26,132,10,6,4,0,0
S01007391,222,212,176,27,7,10,4,7,0,0
S01007392,209,145,99,44,3,65,35,28,0,0
S01007393,311,187,118,24,45,123,79,44,0,2
S01007394,348,153,80,56,21,195,142,53,7,0
S01007395,588,45,19,13,11,547,494,35,12,0
S01007396,429,40,18,19,7,389,355,32,2,0
S01007397,487,200,154,36,10,287,220,66,1,0
S01007398,279,157,12,83,60,122,120,2,0,0
S01007399,294,102,25,38,38,188,184,2,0,0
S01007400,347,165,68,69,27,182,145,36,1,0
S01007401,326,215,55,126,34,111,96,15,0,0
S01007402,260,259,73,142,40,5,5,0,0,0
S01007403,425,370,130,217,25,53,43,10,0,0
S01007404,243,222,142,50,32,19,6,11,2,0
S01007405,258,188,138,34,13,66,55,13,1,0
S01007406,288,250,164,78,10,38,26,11,2,0
S01007407,272,236,163,42,31,36,34,2,0,0
S01007408,248,152,40,75,34,99,94,3,3,0
S01007409,336,232,50,151,27,108,108,0,0,0
S01007410,290,267,18,92,155,23,23,0,0,0
S01007411,444,264,27,111,126,180,171,6,2,0
S01007412,199,178,31,88,59,21,21,0,0,0
S01007413,388,285,129,147,9,95,89,8,2,1
S01007414,246,243,205,30,8,3,3,0,0,0
S01007415,384,334,28,169,137,52,52,0,0,0
S01007416,219,213,9,104,97,6,6,0,0,0
S01007417,405,369,301,45,20,36,35,1,0,0
S01007418,287,248,17,125,105,40,40,0,0,0
S01007419,345,206,38,92,77,139,137,0,2,0
S01007420,281,268,155,78,35,9,9,0,0,6
S01007421,285,218,133,47,42,67,67,0,0,0
S01007422,278,181,86,45,50,93,89,3,1,0
S01007423,332,287,100,70,113,45,41,2,1,0
S01007424,340,338,132,124,82,4,4,0,0,0
S01007425,393,325,121,158,46,68,65,2,0,0
S01007426,445,277,84,104,89,168,153,9,6,0
S01007427,317,232,20,99,113,82,79,4,4,0
S01007428,477,264,65,99,100,212,187,14,11,1
S01007429,422,268,131,85,53,154,142,12,0,0
S01007430,203,160,60,69,30,43,34,8,2,0
S01007431,209,208,134,69,1,1,0,1,0,0
S01007432,409,348,131,74,143,57,55,2,2,1
S01007433,469,444,163,218,63,22,24,2,0,0
S01007434,233,130,13,47,67,103,96,7,0,0
S01007435,332,215,66,93,56,118,110,4,3,0
S01007436,361,128,23,40,68,233,215,15,3,0
S01007437,225,112,44,36,32,113,96,15,4,0
S01007438,343,230,35,91,104,113,110,2,1,0
S01007439,338,224,59,98,70,114,100,11,3,0
S01007440,299,257,52,87,122,42,39,3,0,0
S01007441,229,227,134,77,16,1,1,1,0,0
S01007442,202,199,147,45,6,2,2,0,2,0
S01007443,383,353,189,133,31,30,22,4,2,0
S01007444,476,379,183,135,61,96,67,20,9,0
S01007445,268,266,189,71,6,2,0,0,0,0
S01007446,185,171,134,21,19,14,5,8,0,0
S01007447,219,221,159,48,10,2,1,0,1,0
S01007448,439,407,231,136,42,32,31,0,1,0
S01007449,444,326,113,119,94,117,109,4,5,0
S01007450,335,295,42,152,101,42,25,8,7,0
S01007451,292,265,67,58,143,29,29,0,0,0
S01007452,531,427,178,195,54,101,98,0,2,0
S01007453,276,268,202,41,22,8,10,0,0,0
S01007454,204,197,27,116,51,10,10,0,0,0
S01007455,377,323,45,162,119,52,50,3,0,1
S01007456,384,112,20,38,54,275,272,0,1,0
S01007457,450,312,122,135,54,139,136,3,1,0
S01007458,223,212,62,136,14,9,5,1,0,0
S01007459,293,285,102,102,81,8,6,1,0,0
S01007460,411,268,61,129,78,141,132,4,0,2
S01007461,361,135,13,45,81,226,216,7,0,0
S01007462,367,196,30,102,64,171,157,13,0,0
S01007463,415,374,43,186,144,42,40,2,0,0
S01007464,339,293,21,77,195,43,43,3,0,0
S01007465,376,292,37,102,153,87,78,4,1,0
S01007466,601,170,22,43,105,431,347,18,66,0
S01007467,521,275,64,131,80,246,233,10,2,0
S01007468,297,245,74,156,19,52,51,0,0,0
S01007469,384,336,74,96,168,41,42,3,0,0
S01007470,324,112,29,68,15,211,206,1,4,0
S01007471,201,182,43,85,54,19,19,0,0,0
S01007472,269,249,6,110,133,20,19,0,0,0
S01007473,224,159,28,32,99,68,66,2,0,0
S01007474,216,200,125,51,27,16,16,0,0,0
S01007475,356,318,194,78,42,38,38,0,0,0
S01007476,348,328,121,138,67,20,17,3,0,0
S01007477,239,168,57,93,17,71,55,16,0,0
S01007478,475,231,77,87,67,244,206,39,3,0
S01007479,284,141,54,70,15,143,135,8,0,0
S01007480,331,241,117,84,40,89,88,2,0,0
S01007481,447,429,333,80,14,18,16,0,0,0
S01007482,239,158,90,34,34,81,79,1,1,0
S01007483,290,268,34,168,66,22,22,3,0,0
S01007484,263,147,52,46,45,119,111,5,0,0
S01007485,193,79,22,30,30,114,116,0,1,0
S01007486,313,201,28,116,54,115,110,5,1,0
S01007487,414,202,40,38,124,211,151,27,33,0
S01007488,484,371,41,93,239,113,85,8,19,0
S01007489,394,349,114,93,142,45,38,7,0,0
S01007490,420,387,61,179,146,33,32,0,0,0
S01007491,496,416,107,204,105,80,81,1,2,0
S01007492,264,256,72,151,30,8,6,2,0,0
S01007493,365,349,93,222,34,17,14,1,2,0
S01007494,242,235,123,66,44,7,3,3,1,0
S01007495,331,326,249,71,6,4,1,0,1,1
S01007496,418,373,220,94,63,44,35,8,4,1
S01007497,293,278,151,96,34,12,5,6,1,0
S01007498,368,359,92,228,42,4,2,2,0,2
S01007499,414,397,170,153,75,9,9,0,0,4
S01007500,288,269,135,92,45,15,9,1,0,0
S01007501,334,305,168,86,53,25,25,0,2,0
S01007502,207,209,101,65,44,4,2,1,1,1
S01007503,468,404,216,135,54,59,41,17,1,3
S01007504,315,311,185,88,41,4,2,0,0,0
S01007505,177,170,113,52,6,7,3,3,1,0
S01007506,270,262,191,45,24,8,1,3,4,1
S01007507,461,394,117,151,127,68,54,7,4,0
S01007508,331,310,165,92,53,21,17,1,3,0
S01007509,285,281,183,63,40,3,1,0,1,0
S01007510,484,454,227,144,85,29,26,3,0,1
S01007511,389,358,100,130,128,29,22,7,3,0
S01007512,254,240,145,51,44,14,15,0,2,0
S01007513,473,396,107,212,77,77,70,5,1,0
S01007514,257,181,52,66,61,78,53,8,17,0
S01007515,295,274,195,56,23,21,16,4,1,0
S01007516,269,236,36,132,68,33,27,8,1,0
S01007517,235,203,119,47,37,32,33,4,0,0
S01007518,364,342,100,168,74,22,21,1,0,0
S01007519,212,205,142,52,8,9,1,1,2,0
S01007520,485,462,188,126,148,20,7,10,3,3
S01007521,219,212,169,33,7,5,2,1,2,0
S01007522,499,464,162,124,178,34,26,5,5,1
S01007523,247,243,164,51,26,4,2,1,0,0
S01007524,399,381,238,103,32,18,16,4,1,0
S01007525,274,269,65,153,51,4,4,1,0,0
S01007526,394,266,42,96,128,128,97,18,14,0
S01007527,436,405,199,111,95,27,24,2,1,0
S01007528,348,247,43,110,93,102,78,12,10,1
S01007529,319,296,232,46,16,23,21,2,0,0
S01007530,247,243,180,53,12,3,1,1,0,1
S01007531,308,297,175,93,27,13,5,5,3,0
S01007532,245,234,129,68,41,10,6,2,2,1
S01007533,188,184,114,43,28,5,2,4,0,0
S01007534,444,370,91,188,91,76,63,10,0,1
S01007535,484,355,176,132,47,129,124,4,0,0
S01007536,450,369,58,183,128,85,62,10,12,0
S01007537,543,381,180,105,96,165,137,8,19,0
S01007538,363,352,246,87,19,9,8,2,0,0
S01007539,306,291,185,50,56,15,11,4,2,0
S01007540,484,400,112,120,168,84,72,9,4,0
S01007541,380,368,156,152,60,12,6,2,4,0
S01007542,445,312,59,124,129,133,125,10,1,0
S01007543,499,476,81,204,191,23,21,0,0,0
S01007544,520,503,438,48,17,12,8,5,2,4
S01007545,367,351,232,99,20,5,4,0,1,9
S01007546,227,224,167,49,10,0,0,0,0,1
S01007547,297,290,177,78,35,6,1,4,1,0
S01007548,295,291,127,116,55,4,1,2,0,0
S01007549,330,323,188,97,34,7,3,1,3,0
S01007550,466,441,189,124,127,25,11,7,7,0
S01007551,345,331,247,68,16,8,5,1,3,3
S01007552,439,374,69,116,189,63,53,1,6,0
S01007553,359,335,50,182,103,22,13,1,9,0
S01007554,231,222,18,166,38,9,7,2,0,0
S01007555,265,260,124,98,33,5,1,1,1,0
S01007556,241,164,28,67,68,77,66,5,6,0
S01007557,471,394,31,273,96,80,72,4,0,0
S01007558,203,204,101,54,49,4,4,0,0,0
S01007559,319,314,189,80,45,5,2,1,2,0
S01007560,488,444,124,185,134,44,31,6,8,0
S01007561,366,359,86,155,118,7,9,0,1,0
S01007562,364,358,180,126,51,6,4,1,0,0
S01007563,370,361,172,117,72,6,3,2,4,0
S01007564,325,324,224,70,26,3,0,1,0,4
S01007565,444,435,227,146,62,9,4,5,0,0
S01007566,264,262,139,101,18,0,2,0,1,0
S01007567,238,229,178,51,3,6,2,1,1,0
S01007568,305,296,185,81,35,8,2,4,1,1
S01007569,363,334,211,91,41,1,1,0,2,24
S01007570,448,434,212,195,27,13,9,1,0,0
S01007571,238,233,181,45,10,2,1,1,0,0
S01007572,473,415,271,106,38,57,58,1,0,1
S01007573,343,336,223,104,10,6,4,2,0,0
S01007574,425,415,25,100,295,6,6,0,0,0
S01007575,407,271,15,65,191,137,135,0,1,0
S01007576,281,171,12,78,81,110,109,2,0,0
S01007577,345,200,16,83,101,147,144,0,1,0
S01007578,368,237,16,96,127,131,128,2,0,0
S01007579,301,220,16,88,117,84,75,1,2,0
S01007580,300,206,13,106,87,94,92,0,2,0
S01007581,226,157,13,84,60,73,73,0,0,0
S01007582,334,245,27,111,109,85,87,2,0,0
S01007583,545,131,19,66,46,414,400,6,8,0
S01007584,290,197,21,90,80,93,89,4,0,0
S01007585,461,437,200,204,33,24,25,1,0,0
S01007586,376,293,41,119,129,87,85,2,0,0
S01007587,322,237,79,88,73,85,66,18,2,0
S01007588,372,360,161,152,51,12,5,5,0,0
S01007589,407,217,87,73,55,190,181,9,0,0
S01007590,287,273,89,166,18,11,5,9,0,0
S01007591,279,190,61,75,56,89,85,4,0,0
S01007592,359,142,21,92,32,216,209,5,1,0
S01007593,488,441,206,168,70,47,45,2,1,0
S01007594,327,326,132,147,48,1,1,0,0,0
S01007595,448,438,260,128,54,10,6,1,2,0
S01007596,227,216,145,40,31,9,2,7,2,2
S01007597,257,255,188,58,7,2,2,0,0,0
S01007598,268,262,166,53,40,9,3,3,0,0
S01007599,407,384,132,123,129,20,19,0,0,1
S01007600,498,283,156,92,37,215,199,11,5,0
S01007601,322,271,75,97,99,48,44,4,0,0
S01007602,272,260,111,134,15,15,13,1,0,0
S01007603,315,315,211,80,24,0,0,0,0,0
S01007604,385,379,266,105,7,6,6,0,2,0
S01007605,362,359,182,166,11,3,3,0,0,0
S01007606,322,252,78,166,11,71,59,8,0,0
S01007607,276,272,87,181,4,1,1,0,0,0
S01007608,356,343,119,217,5,10,10,0,0,0
S01007609,462,207,36,86,85,256,246,4,1,0
S01007610,248,140,25,72,40,108,95,8,5,0
S01007611,599,167,25,71,75,429,408,19,0,0
S01007612,754,188,25,49,114,570,447,64,55,0
S01007613,319,245,95,78,71,77,52,24,0,0
S01007614,409,370,212,116,42,35,32,10,0,0
S01007615,505,340,125,158,54,165,142,23,0,0
S01007616,418,134,24,71,37,288,259,19,5,0
S01007617,221,196,32,50,114,25,25,0,0,0
S01007618,229,226,11,69,146,3,3,0,0,0
S01007619,321,293,28,89,176,28,27,2,1,0
S01007620,281,264,65,184,19,17,12,5,0,0
S01007621,284,284,37,192,55,0,0,0,0,0
S01007622,246,244,73,114,57,2,2,0,0,0
S01007623,247,246,152,61,30,4,4,0,0,0
S01007624,261,259,76,108,75,2,0,2,0,0
S01007625,221,221,125,92,4,0,0,0,0,0
S01007626,270,268,99,164,5,2,2,0,0,0
S01007627,849,772,504,160,108,77,75,1,2,0
S01007628,292,287,179,86,23,7,3,4,0,0
S01007629,287,279,165,98,16,6,3,4,1,3
S01007630,392,376,266,96,14,4,4,0,0,12
S01007631,271,269,209,45,15,1,1,0,0,1
S01007632,468,429,156,112,155,40,23,10,5,2
S01007633,472,435,144,116,175,37,32,5,0,0
S01007634,294,290,199,62,29,4,4,0,0,0
S01007635,339,336,262,51,23,3,2,1,0,0
S01007636,517,368,115,143,109,154,136,6,12,0
S01007637,423,381,56,101,225,40,41,0,1,2
S01007638,426,276,72,86,118,154,135,18,0,0
S01007639,424,398,133,86,179,24,26,0,1,1
S01007640,306,300,185,100,15,5,5,0,0,1
S01007641,392,387,168,154,65,5,2,2,0,0
S01007642,461,335,148,90,97,124,81,27,16,2
S01007643,422,344,124,107,117,77,45,22,5,1
S01007644,404,360,179,123,58,44,31,12,1,0
S01007645,230,223,166,43,15,1,1,0,0,2
S01007646,263,249,171,58,20,14,11,3,0,0
S01007647,351,251,87,63,100,100,75,16,7,0
S01007648,373,278,43,50,185,95,68,16,11,0
S01007649,387,350,92,91,167,38,31,7,0,0
S01007650,418,410,214,94,102,7,5,4,2,0
S01007651,235,237,153,63,16,0,0,0,0,2
S01007652,266,235,138,73,24,22,18,2,2,13
S01007653,383,373,218,118,37,9,7,2,2,1
S01007654,526,452,176,141,135,60,44,11,1,10
S01007655,324,319,237,68,17,5,1,3,0,0
S01007656,346,338,247,76,15,4,2,1,0,0
S01007657,189,185,106,64,14,5,1,1,1,0
S01007658,213,211,114,61,37,2,1,1,0,0
S01007659,386,376,182,117,73,10,10,2,1,0
S01007660,413,339,24,139,176,74,71,3,0,0
S01007661,368,245,57,96,88,121,106,10,7,0
S01007662,496,383,70,120,193,114,107,5,1,0
S01007663,386,380,105,125,150,7,7,0,0,0
S01007664,277,220,11,103,103,57,56,1,0,0
S01007665,305,295,63,107,125,13,8,1,1,0
S01007666,174,174,131,43,4,0,0,0,0,0
S01007667,276,273,138,120,18,3,4,1,0,0
S01007668,461,426,24,203,201,33,36,2,0,0
S01007669,258,195,16,71,113,63,63,0,0,0
S01007670,314,289,46,160,83,25,24,0,0,0
S01007671,391,389,259,100,30,2,4,1,0,0
S01007672,394,386,285,64,38,8,3,2,1,0
S01007673,291,279,56,96,127,12,10,2,0,0
S01007674,367,343,54,121,168,24,26,0,0,0
S01007675,287,287,186,77,27,0,0,0,0,0
S01007676,277,271,198,60,17,4,4,0,0,2
S01007677,322,309,132,105,72,13,12,4,0,0
S01007678,366,333,64,125,144,32,24,0,7,1
S01007679,389,327,136,77,114,24,20,2,2,38
S01007680,361,358,105,240,9,3,2,0,1,0
S01007681,188,190,40,52,98,2,2,0,0,0
S01007682,399,313,174,119,20,86,26,60,0,0
S01007683,314,235,109,99,27,75,62,12,0,0
S01007684,366,308,189,107,14,57,31,27,0,0
S01007685,271,198,84,67,47,73,29,44,0,0
S01007686,315,220,99,96,25,95,63,30,0,0
S01007687,399,167,53,46,68,231,173,58,0,0
S01007688,551,103,26,42,37,446,417,24,1,0
S01007689,295,48,12,11,25,247,214,37,0,0
S01007690,397,86,22,27,34,311,272,37,1,0
S01007691,635,58,8,21,31,577,519,43,15,0
S01007692,412,75,17,40,22,337,323,10,4,0
S01007693,425,28,5,13,10,397,384,10,4,0
S01007694,533,142,17,67,58,390,374,14,4,0
S01007695,595,44,13,26,7,551,541,10,2,0
S01007696,439,65,7,37,21,372,356,12,1,2
S01007697,628,68,7,28,30,560,549,12,0,0
S01007698,556,90,12,27,51,466,441,25,0,0
S01007699,437,65,8,28,22,373,367,5,1,0
S01007700,435,268,100,140,25,167,95,75,0,0
S01007701,315,18,3,7,7,299,285,12,1,0
S01007702,281,50,6,42,4,229,188,37,4,0
S01007703,390,112,25,63,24,278,239,35,0,0
S01007704,488,31,9,11,11,453,437,3,8,0
S01007705,295,14,5,7,2,281,228,13,40,0
S01007706,422,14,1,6,7,408,342,11,55,0
S01007707,578,104,10,23,73,475,468,3,2,0
S01007708,380,80,8,21,54,300,295,8,1,0
S01007709,316,63,4,17,45,250,233,9,8,0
S01007710,436,14,1,7,6,422,383,14,25,0
S01007711,513,89,6,34,46,426,393,13,25,1
S01007712,362,45,8,13,27,317,298,19,0,0
S01007713,228,70,12,27,30,158,142,13,3,0
S01007714,377,138,1,67,70,238,233,5,0,2
S01007715,373,141,12,81,48,233,223,8,1,0
S01007716,596,96,7,39,46,499,482,19,2,0
S01007717,400,82,15,46,24,321,304,10,7,0
S01007718,455,34,8,21,7,424,411,5,2,0
S01007719,573,20,1,7,12,556,548,4,3,0
S01007720,411,95,34,24,37,316,316,0,0,0
S01007721,528,124,37,51,36,403,402,2,0,0
S01007722,637,102,29,40,36,535,530,2,1,0
S01007723,524,14,7,4,4,512,506,2,0,0
S01007724,342,46,4,21,21,296,295,1,0,0
S01007725,454,8,1,2,5,446,446,0,0,0
S01007726,485,80,13,31,41,405,395,6,4,0
S01007727,504,92,14,42,36,412,407,7,0,0
S01007728,543,42,8,19,14,502,487,11,4,0
S01007729,517,55,10,26,19,462,456,4,2,0
S01007730,402,17,2,7,5,387,385,1,1,0
S01007731,443,51,3,20,25,392,384,4,1,0
S01007732,341,63,5,14,40,281,274,4,3,0
S01007733,382,255,52,129,74,127,97,28,1,0
S01007734,387,293,121,158,14,93,78,15,0,0
S01007735,356,313,103,195,15,43,28,14,0,0
S01007736,219,144,57,79,9,75,59,16,0,0
S01007737,450,159,76,38,45,291,278,13,0,0
S01007738,379,264,47,169,51,110,107,2,0,0
S01007739,263,139,45,49,48,124,125,2,0,0
S01007740,256,155,50,63,46,101,97,3,0,0
S01007741,365,201,53,43,105,163,157,5,0,0
S01007742,371,171,37,107,27,202,194,8,0,0
S01007743,436,206,20,105,85,230,229,0,1,0
S01007744,356,171,7,105,59,185,184,1,0,0
S01007745,307,135,6,71,57,172,171,1,0,0
S01007746,366,242,4,128,110,121,121,0,0,0
S01007747,211,156,2,81,75,52,52,0,0,0
S01007748,337,141,8,73,60,196,194,2,0,0
S01007749,284,272,95,171,6,12,8,6,0,0
S01007750,377,341,198,135,10,38,20,16,0,0
S01007751,327,257,175,75,1,70,46,23,1,0
S01007752,385,202,102,89,11,183,144,38,1,0
S01007753,220,166,7,77,82,54,54,0,0,0
S01007754,411,318,8,165,143,90,90,0,0,0
S01007755,352,255,16,129,111,98,95,5,0,0
S01007756,263,221,5,100,116,42,41,1,0,0
S01007757,365,361,150,207,4,4,2,0,0,0
S01007758,445,272,150,77,44,173,128,42,3,0
S01007759,568,137,36,44,57,431,389,33,9,0
S01007760,267,193,102,74,15,74,51,23,0,0
S01007761,432,269,96,116,57,163,99,63,1,0
S01007762,442,118,40,38,37,327,285,33,8,0
S01007763,316,98,18,50,30,219,212,5,1,0
S01007764,313,293,106,179,9,18,8,5,0,0
S01007765,293,273,105,155,13,20,18,3,0,0
S01007766,381,371,144,220,7,10,10,0,0,0
S01007767,396,368,150,196,21,27,27,3,0,0
S01007768,369,159,50,53,56,209,178,31,0,1
S01007769,322,275,156,102,15,50,32,15,0,0
S01007770,318,265,164,85,16,53,42,11,0,0
S01007771,239,228,122,100,6,12,9,2,0,0
S01007772,526,308,45,107,160,214,211,3,0,0
S01007773,316,310,151,155,4,6,6,0,0,0
S01007774,319,321,263,49,9,2,2,0,0,0
S01007775,345,321,170,129,24,24,23,1,0,0
S01007776,280,218,178,37,4,58,57,1,0,0
S01007777,380,369,289,43,33,11,11,0,0,0
S01007778,256,236,194,16,26,18,18,0,0,0
S01007779,357,323,76,203,40,34,31,4,0,0
S01007780,349,317,97,212,8,30,29,1,0,0
S01007781,407,379,72,269,37,28,26,2,0,0
S01007782,294,153,10,92,53,141,141,0,0,0
S01007783,431,363,24,199,140,64,67,1,0,0
S01007784,285,233,22,150,61,52,50,2,0,0
S01007785,268,130,14,79,37,138,135,5,0,0
S01007786,321,304,8,176,120,19,12,3,0,0
S01007787,276,231,6,137,88,41,41,0,0,0
S01007788,276,160,13,97,52,114,114,0,0,0
S01007789,241,217,9,134,74,24,24,0,0,0
S01007790,310,110,9,84,17,204,201,2,1,0
S01007791,252,249,76,155,18,3,3,0,0,0
S01007792,367,357,11,177,167,12,12,0,0,0
S01007793,459,182,14,105,60,277,269,8,0,0
S01007794,223,152,10,79,63,74,70,1,1,1
S01007795,284,126,3,88,35,159,161,0,0,0
S01007796,292,216,37,97,82,72,75,2,0,0
S01007797,287,261,23,133,105,26,25,1,0,0
S01007798,229,219,97,58,60,10,6,3,0,0
S01007799,198,181,135,37,9,16,16,0,0,0
S01007800,353,297,12,242,43,52,55,2,0,0
S01007801,417,245,12,213,20,172,164,8,0,0
S01007802,200,189,6,147,34,10,8,2,0,0
S01007803,474,302,30,162,107,172,154,8,10,0
S01007804,246,214,16,156,42,32,31,1,0,0
S01007805,205,199,21,136,45,6,5,1,0,0
S01007806,294,230,7,130,93,64,62,2,0,0
S01007807,314,281,105,128,45,33,26,6,1,0
S01007808,317,299,43,166,90,19,18,1,0,0
S01007809,389,379,43,288,48,10,8,2,0,0
S01007810,388,347,52,185,106,42,44,2,0,0
S01007811,426,419,59,217,143,10,7,3,0,0
S01007812,361,341,21,235,85,20,16,4,0,0
S01007813,298,258,20,173,65,40,36,3,1,0
S01007814,235,205,12,120,73,30,27,3,0,0
S01007815,351,348,133,195,18,3,2,1,0,0
S01007816,252,246,57,116,73,5,5,0,0,1
S01007817,205,201,4,123,69,6,5,1,0,0
S01007818,305,265,59,109,93,43,34,6,0,0
S01007819,378,349,60,210,82,29,23,5,1,0
S01007820,415,334,41,258,41,73,61,15,2,0
S01007821,237,159,30,107,26,77,71,6,0,0
S01007822,375,316,51,206,56,61,60,0,0,0
S01007823,274,226,35,161,30,44,38,6,0,0
S01007824,401,300,99,108,93,101,87,11,3,0
S01007825,463,273,75,162,31,194,180,12,2,0
S01007826,293,203,24,153,26,90,78,12,0,0
S01007827,281,119,18,62,39,162,144,14,2,0
S01007828,579,98,15,28,56,477,465,12,0,0
S01007829,299,55,24,19,16,244,244,4,0,0
S01007830,500,116,14,42,60,381,376,5,0,0
S01007831,516,140,22,65,56,376,371,5,1,0
S01007832,324,73,12,43,19,251,251,0,1,0
S01007833,479,151,49,75,28,328,323,4,1,0
S01007834,395,51,4,32,15,343,340,3,0,1
S01007835,320,154,41,77,34,166,162,3,0,0
S01007836,315,186,51,109,28,125,118,7,0,0
S01007837,334,321,78,238,5,13,10,2,0,0
S01007838,443,419,119,279,19,25,24,1,0,0
S01007839,296,177,37,50,90,119,110,9,0,0
S01007840,444,121,7,45,71,327,327,0,0,0
S01007841,324,147,6,66,75,180,178,2,0,0
S01007842,341,112,11,53,48,229,225,2,1,0
S01007843,347,103,14,32,57,244,236,4,1,0
S01007844,427,128,7,57,64,299,296,3,0,0
S01007845,387,197,4,127,64,187,187,2,1,0
S01007846,347,290,6,179,102,57,57,0,0,0
S01007847,387,232,5,118,109,155,154,1,0,0
S01007848,419,157,3,77,77,262,260,2,0,0
S01007849,473,247,15,141,91,226,223,2,2,0
S01007850,289,275,5,185,85,14,14,0,0,0
S01007851,483,343,57,218,65,141,138,2,1,0
S01007852,314,112,6,61,47,202,198,2,1,0
S01007853,493,62,15,29,19,425,408,8,10,5
S01007854,468,148,16,83,52,319,301,13,4,1
S01007855,286,72,23,37,12,210,200,10,4,0
S01007856,411,355,41,144,170,56,53,0,3,0
S01007857,232,182,14,93,73,50,50,0,0,0
S01007858,520,423,62,263,96,97,96,1,0,0
S01007859,272,218,27,167,28,54,53,1,0,0
S01007860,271,248,92,133,23,23,23,0,0,0
S01007861,258,252,9,161,82,6,5,2,0,0
S01007862,301,281,6,237,37,20,20,0,0,0
S01007863,431,195,6,122,70,233,231,2,0,0
S01007864,466,340,16,134,186,126,124,2,0,0
S01007865,330,323,265,53,5,7,5,4,0,0
S01007866,210,211,110,98,4,1,1,0,0,0
S01007867,612,505,312,129,64,105,97,10,0,0
S01007868,364,354,143,207,4,10,8,2,1,0
S01007869,362,333,226,100,5,29,25,5,2,0
S01007870,136,132,57,47,28,3,3,0,0,0
S01007871,272,249,12,110,131,23,22,2,0,0
S01007872,318,215,8,80,127,102,105,1,0,0
S01007873,283,189,55,99,35,95,79,10,5,0
S01007874,360,181,50,53,74,181,173,1,5,0
S01007875,329,323,52,135,136,6,5,0,2,0
S01007876,392,366,117,136,113,26,25,0,0,0
S01007877,338,299,61,171,67,43,37,1,1,0
S01007878,192,161,26,64,71,31,30,1,0,0
S01007879,341,327,28,179,120,13,12,2,0,0
S01007880,245,217,144,41,32,28,28,0,0,0
S01007881,250,170,64,76,34,78,76,2,0,3
S01007882,288,279,211,46,22,9,6,4,0,0
S01007883,466,370,149,124,97,96,89,7,0,0
S01007884,276,256,33,90,133,20,20,0,0,0
S01007885,338,189,24,93,72,148,143,5,1,0
S01007886,432,283,96,69,121,147,135,7,6,0
S01007887,253,242,167,42,33,11,9,2,0,0
S01007888,464,440,25,163,258,20,20,0,0,0
S01007889,234,228,11,78,139,7,6,0,1,0
S01007890,301,284,85,133,67,16,15,0,1,0
S01007891,431,365,124,160,81,66,66,0,0,0
S01007892,342,272,188,40,44,70,66,1,2,0
S01007893,432,418,251,116,51,10,12,3,0,0
S01007894,384,354,33,154,167,30,24,6,0,0
S01007895,250,222,124,46,52,28,25,2,1,0
S01007896,345,186,13,98,74,155,153,6,0,0
S01007897,157,153,114,33,9,5,5,0,0,1
S01007898,192,193,143,37,8,1,1,0,0,4
S01007899,243,220,181,32,6,23,21,0,0,0
S01007900,243,240,21,167,48,9,9,0,0,0
S01007901,291,284,31,114,139,9,7,2,0,0
S01007902,361,351,25,214,112,10,9,1,0,0
S01007903,292,234,91,76,71,59,56,0,4,0
S01007904,330,303,209,57,37,31,23,7,1,0
S01007905,302,279,13,155,111,23,22,1,0,0
S01007906,343,209,28,131,55,132,130,2,1,0
S01007907,252,240,17,173,50,12,12,0,0,0
S01007908,422,324,166,114,44,97,95,1,1,0
S01007909,250,232,11,75,146,18,18,0,0,0
S01007910,376,237,36,104,97,139,138,0,0,0
S01007911,290,192,99,64,29,98,95,1,4,0
S01007912,311,274,54,175,45,39,39,0,0,0
S01007913,311,145,8,91,43,163,163,3,0,0
S01007914,257,222,18,55,149,35,35,0,0,0
S01007915,362,326,18,105,203,36,35,1,0,0
S01007916,371,287,70,166,51,84,83,0,1,0
S01007917,378,305,23,102,180,73,73,0,0,0
S01007918,393,253,66,142,45,140,120,15,5,0
S01007919,326,318,283,26,9,7,4,2,0,0
S01007920,303,294,196,86,12,8,8,0,0,1
S01007921,398,365,25,139,201,33,20,11,2,0
S01007922,368,256,16,143,97,112,110,2,0,0
S01007923,453,406,116,174,115,47,38,7,2,0
S01007924,460,341,91,126,122,115,117,2,0,0
S01007925,186,181,152,21,8,4,0,4,0,0
S01007926,175,171,124,34,17,4,2,0,1,0
S01007927,315,295,201,64,26,22,15,8,1,1
S01007928,437,412,243,89,80,25,21,5,0,0
S01007929,770,734,476,154,104,36,17,19,0,0
S01007930,196,194,131,38,25,3,3,0,0,0
S01007931,481,421,191,103,128,60,50,13,0,0
S01007932,379,321,194,107,20,58,51,5,0,0
S01007933,319,299,83,63,153,20,17,1,1,0
S01007934,280,258,99,73,89,21,22,0,1,0
S01007935,401,148,46,33,69,253,216,20,20,0
S01007936,390,345,222,71,51,46,43,2,0,0
S01007937,490,456,245,156,55,34,34,0,0,0
S01007938,364,220,57,51,112,143,141,2,0,0
S01007939,362,337,28,132,177,25,25,0,0,0
S01007940,495,383,104,182,99,106,105,5,1,0
S01007941,266,251,110,111,27,9,8,3,0,0
S01007942,213,156,25,83,48,57,50,4,3,0
S01007943,321,260,91,51,118,65,57,5,4,0
S01007944,375,288,93,121,73,92,89,3,1,0
S01007945,379,254,63,93,100,128,96,29,2,0
S01007946,288,188,58,47,83,100,88,8,4,0
S01007947,318,286,93,114,79,32,30,2,0,0
S01007948,281,184,19,102,63,97,95,2,0,0
S01007949,309,245,43,169,30,64,64,2,0,0
S01007950,390,346,192,102,52,44,36,8,0,0
S01007951,407,299,101,124,71,108,100,8,3,0
S01007952,339,176,34,73,67,163,144,4,12,0
S01007953,392,286,21,134,131,106,103,1,2,0
S01007954,296,187,7,84,95,109,109,0,0,0
S01007955,324,313,8,115,184,14,14,0,0,0
S01007956,297,288,11,118,155,8,7,1,0,0
S01007957,547,365,58,145,162,182,167,6,8,0
S01007958,268,111,46,37,27,157,156,1,0,0
S01007959,351,307,65,167,72,44,31,10,4,0
S01007960,295,255,33,114,110,40,40,0,0,0
S01007961,339,319,205,63,51,19,14,3,2,1
S01007962,252,216,11,159,46,36,36,0,0,0
S01007963,435,235,21,169,45,196,194,6,0,0
S01007964,356,270,15,194,61,86,86,0,0,0
S01007965,236,147,10,112,23,86,86,3,0,0
S01007966,435,389,50,234,101,46,43,2,0,0
S01007967,232,201,12,153,36,27,22,2,0,0
S01007968,393,333,3,154,176,60,59,1,0,0
S01007969,370,273,16,169,88,97,97,0,0,0
S01007970,469,372,12,177,181,97,97,0,0,0
S01007971,461,295,12,172,111,166,166,0,0,0
S01007972,377,337,7,198,136,38,38,0,0,0
S01007973,357,346,81,254,16,9,9,0,0,0
S01007974,360,121,11,98,8,239,232,5,2,0
S01007975,367,263,15,131,118,104,99,1,4,0
S01007976,432,129,10,68,51,303,296,3,4,0
S01007977,259,184,19,95,66,75,75,0,0,0
S01007978,405,63,11,20,32,342,339,3,0,0
S01007979,405,269,75,163,30,136,103,33,0,0
S01007980,300,190,36,147,6,110,100,8,0,0
S01007981,248,241,35,201,1,7,5,0,1,0
S01007982,213,212,80,57,74,2,2,0,0,0
S01007983,439,296,18,71,207,143,141,1,1,0
S01007984,326,283,18,88,172,43,42,0,1,0
S01007985,381,332,7,53,268,49,49,0,0,0
S01007986,247,239,45,43,151,11,11,0,0,0
S01007987,324,305,97,85,123,19,18,1,0,0
S01007988,301,298,19,57,222,6,6,0,0,0
S01007989,362,349,16,104,229,13,12,0,2,0
S01007990,290,276,53,90,133,18,16,2,0,0
S01007991,426,418,332,77,7,5,4,1,0,0
S01007992,224,221,149,65,8,1,1,0,0,0
S01007993,328,326,120,209,1,2,2,0,0,0
S01007994,297,297,250,46,1,0,0,0,0,0
S01007995,314,314,208,101,7,0,0,0,0,0
S01007996,143,133,103,22,11,7,7,0,0,0
S01007997,351,339,208,111,23,12,7,1,0,0
S01007998,229,174,95,65,11,58,54,3,2,0
S01007999,310,275,8,118,149,33,34,1,0,0
S01008000,398,358,26,149,183,41,40,1,0,0
S01008001,441,339,23,157,159,101,90,8,1,1
S01008002,356,280,13,186,81,76,74,2,0,0
S01008003,252,203,51,79,71,49,46,3,0,0
S01008004,240,231,78,103,50,11,11,0,0,0
S01008005,300,285,62,168,54,15,15,0,0,0
S01008006,252,195,21,95,80,57,57,0,0,0
S01008007,247,115,9,54,52,132,128,4,0,0
S01008008,298,227,19,159,53,74,73,1,0,0
S01008009,444,261,35,153,73,180,175,8,0,0
S01008010,475,358,101,193,64,117,116,0,0,0
S01008011,381,88,21,22,42,290,280,9,1,0
S01008012,514,103,10,60,32,411,392,10,8,0
S01008013,349,144,21,82,41,205,191,10,4,0
S01008014,260,154,38,110,8,105,104,0,0,1
S01008015,532,207,49,92,66,325,320,4,2,0
S01008016,425,131,18,91,20,293,291,2,1,1
S01008017,379,356,150,187,18,23,20,6,0,0
S01008018,311,202,123,73,6,107,107,0,0,0
S01008019,242,186,46,110,30,56,44,13,0,0
S01008020,375,204,60,127,16,171,159,10,3,0
S01008021,304,237,93,135,7,69,55,9,1,0
S01008022,331,319,182,135,2,12,11,1,0,0
S01008023,227,222,190,32,4,5,1,2,0,1
S01008024,395,369,261,84,23,26,19,7,0,0
S01008025,275,268,65,198,5,7,7,0,0,0
S01008026,461,329,60,144,125,132,126,0,6,0
S01008027,239,147,21,53,77,92,90,2,0,0
S01008028,243,212,64,97,52,31,31,0,0,0
S01008029,851,796,527,221,48,50,44,7,0,4
S01008030,478,427,192,182,53,51,48,2,1,0
S01008031,363,277,67,103,107,86,80,5,1,0
S01008032,381,368,72,174,120,14,16,1,0,0
S01008033,264,266,218,32,16,2,2,0,0,1
S01008034,259,217,156,27,35,42,42,0,0,0
S01008035,280,252,113,69,69,26,26,0,0,0
S01008036,246,245,95,129,21,1,0,1,0,0
S01008037,437,289,17,151,123,147,146,1,0,1
S01008038,349,314,8,126,180,32,33,3,0,0
S01008039,357,261,10,176,78,97,95,2,0,0
S01008040,367,357,124,144,90,9,2,6,1,0
S01008041,351,178,23,99,54,171,167,3,0,0
S01008042,285,176,114,54,12,109,96,10,3,0
S01008043,406,378,181,194,7,24,22,2,0,0
S01008044,430,309,114,151,43,122,120,2,0,0
S01008045,518,367,247,72,45,151,145,6,0,0
S01008046,564,177,34,108,38,384,365,12,8,0
S01008047,288,275,143,105,27,13,13,0,0,0
S01008048,242,237,162,68,7,5,5,0,0,0
S01008049,355,336,147,176,8,23,23,0,0,0
S01008050,242,200,167,26,7,42,42,0,0,0
S01008051,331,326,48,277,2,5,4,1,0,0
S01008052,633,535,323,175,37,95,95,0,0,0
S01008053,257,211,98,113,0,47,44,1,0,0
S01008054,365,205,129,49,28,160,142,11,7,0
S01008055,410,395,323,66,9,12,7,5,0,0
S01008056,355,255,164,81,10,101,82,18,0,0
S01008057,392,299,218,47,38,89,88,0,5,0
S01008058,307,264,249,9,4,42,42,0,0,0
S01008059,257,253,114,118,21,4,4,0,0,0
S01008060,275,269,162,82,21,6,5,1,0,0
S01008061,443,346,185,102,61,97,94,1,0,0
S01008062,367,358,22,193,148,7,7,0,0,0
S01008063,376,333,148,161,24,43,39,1,3,0
S01008064,295,179,44,83,52,116,112,3,0,0
S01008065,353,352,205,135,12,5,5,0,0,0
S01008066,326,315,167,143,5,11,5,6,0,0
S01008067,301,240,129,69,46,59,48,11,0,0
S01008068,418,402,162,186,54,16,16,0,0,0
S01008069,374,362,22,204,137,12,9,0,1,0
S01008070,383,356,13,183,160,30,26,0,1,0
S01008071,290,274,18,178,78,13,13,0,0,0
S01008072,364,122,67,18,37,242,231,8,3,0
S01008073,174,145,137,5,3,29,24,5,0,0
S01008074,375,370,235,107,27,5,4,1,0,0
S01008075,244,244,216,17,9,2,2,0,0,0
S01008076,305,163,128,16,18,142,136,3,0,0
S01008077,353,265,168,78,20,88,80,6,2,0
S01008078,360,285,169,114,4,73,73,1,0,0
S01008079,339,333,257,76,1,7,7,0,0,0
S01008080,276,255,160,82,17,18,16,2,0,0
S01008081,238,212,194,15,3,26,26,0,0,0
S01008082,330,311,134,164,13,19,15,3,2,0
S01008083,289,286,165,119,4,3,3,0,0,0
S01008084,386,349,208,71,68,36,35,1,0,0
S01008085,341,329,267,53,4,12,10,3,0,0
S01008086,439,366,210,126,30,72,70,0,0,1
S01008087,329,327,70,241,12,3,4,1,0,0
S01008088,399,326,137,159,31,69,68,4,0,0
S01008089,294,283,91,182,10,11,10,1,0,0
S01008090,303,252,45,198,9,48,48,0,0,0
S01008091,144,144,57,75,10,1,1,0,0,0
S01008092,368,361,154,200,5,7,5,2,0,0
S01008093,301,299,51,242,4,3,3,0,0,0
S01008094,332,330,185,115,22,2,2,0,0,0
S01008095,328,264,27,185,55,69,70,2,0,0
S01008096,335,296,110,153,36,41,37,2,1,0
S01008097,286,212,78,100,34,70,70,0,0,0
S01008098,302,297,33,259,6,5,4,0,2,0
S01008099,201,200,18,91,91,1,1,0,0,0
S01008100,404,296,188,90,11,108,100,5,3,0
S01008101,396,253,95,83,75,145,145,0,0,1
S01008102,277,238,31,144,63,39,39,0,0,0
S01008103,451,149,45,51,53,302,295,7,0,0
S01008104,422,269,30,96,143,153,150,3,0,0
S01008105,490,344,28,116,197,146,142,3,1,0
S01008106,414,287,29,198,60,112,111,0,0,15
S01008107,483,403,339,42,18,83,81,1,1,0
S01008108,293,277,133,131,13,16,16,0,0,0
S01008109,333,327,90,219,18,6,6,0,0,0
S01008110,320,312,45,240,27,8,5,0,2,0
S01008111,352,300,124,174,2,56,49,5,0,0
S01008112,328,324,89,234,1,4,4,0,0,0
S01008113,409,337,188,134,15,72,71,0,1,0
S01008114,259,255,81,171,3,6,6,0,0,0
S01008115,383,341,93,177,64,42,40,2,0,0
S01008116,348,344,145,185,14,3,1,2,0,0
S01008117,336,312,172,104,37,24,23,1,0,0
S01008118,369,351,88,139,124,18,13,5,0,0
S01008119,254,218,13,148,58,35,35,0,0,0
S01008120,289,197,85,89,24,92,84,7,1,0
S01008121,263,256,162,93,0,7,1,6,0,0
S01008122,266,210,145,61,3,60,19,41,0,0
S01008123,394,332,225,78,25,62,43,19,0,0
S01008124,344,339,141,193,7,7,7,0,0,0
S01008125,351,285,117,133,35,66,57,9,0,0
S01008126,301,299,128,168,3,0,0,0,0,0
S01008127,290,288,147,117,24,0,0,0,0,0
S01008128,345,317,134,166,16,28,28,0,0,0
S01008129,406,257,20,201,35,149,147,2,0,0
S01008130,466,216,40,124,52,253,243,5,1,1
S01008131,412,137,10,96,31,270,267,1,6,2
S01008132,470,416,184,221,13,54,49,6,1,0
S01008133,324,147,72,46,27,179,157,14,11,0
S01008134,337,119,45,44,27,218,207,8,3,0
S01008135,625,378,216,70,95,247,241,4,2,0
S01008136,413,230,17,135,78,183,180,2,1,0
S01008137,426,157,23,69,66,268,268,0,0,0
S01008138,380,252,15,148,91,126,124,2,0,0
S01008139,523,404,26,205,175,119,118,0,0,0
S01008140,242,138,40,47,51,104,100,4,0,0
S01008141,312,309,76,227,6,5,5,0,0,0
S01008142,293,289,61,207,21,4,3,0,0,0
S01008143,451,347,81,133,133,105,100,3,0,0
S01008144,1234,1022,737,225,63,212,211,1,0,0
S01008145,434,375,55,185,135,59,57,1,1,0
S01008146,248,182,64,90,32,63,63,3,0,0
S01008147,332,327,16,90,224,11,11,0,0,0
S01008148,333,273,51,147,75,60,60,0,0,0
S01008149,312,261,33,57,171,51,51,0,0,0
S01008150,417,306,11,39,256,111,110,1,0,0
S01008151,287,215,16,34,165,74,74,0,0,1
S01008152,453,380,41,88,251,76,72,2,0,0
S01008153,284,245,171,70,2,43,42,0,1,0
S01008154,423,381,160,186,34,43,43,0,0,0
S01008155,277,255,112,108,35,22,22,0,0,0
S01008156,335,265,121,56,84,65,61,2,4,0
S01008157,387,329,144,117,64,58,56,3,0,0
S01008158,286,262,135,76,51,20,18,1,0,0
S01008159,443,262,59,105,98,181,174,1,3,0
S01008160,386,301,50,131,119,85,80,3,3,0
S01008161,433,400,198,118,83,35,35,0,0,0
S01008162,437,358,114,107,137,78,72,5,1,1
S01008163,352,275,42,103,133,74,74,0,0,0
S01008164,366,202,59,75,68,164,160,2,2,0
S01008165,871,811,319,245,247,57,56,2,1,0
S01008166,231,211,12,123,76,18,15,1,3,0
S01008167,304,211,15,57,137,95,97,4,0,0
S01008168,349,252,28,110,114,97,93,2,2,0
S01008169,378,341,35,119,187,37,35,2,0,0
S01008170,237,216,65,105,46,21,20,0,1,0
S01008171,399,198,8,99,91,201,198,3,0,0
S01008172,259,251,7,175,68,9,7,0,0,0
S01008173,262,255,30,125,100,7,6,1,0,0
S01008174,226,184,18,87,72,46,44,3,0,0
S01008175,369,159,10,74,75,209,209,2,0,2
S01008176,400,209,108,48,55,187,164,24,1,0
S01008177,371,136,21,67,48,232,229,6,0,0
S01008178,278,245,56,119,73,30,30,0,0,0
S01008179,172,165,65,77,23,7,5,0,2,0
S01008180,169,163,110,51,4,7,7,0,0,0
S01008181,273,243,62,87,94,30,28,4,0,0
S01008182,550,90,7,27,54,460,445,10,5,0
S01008183,289,131,6,15,110,158,151,7,0,0
S01008184,486,96,15,36,46,388,358,20,10,0
S01008185,537,77,8,41,28,460,449,10,3,0
S01008186,370,96,27,25,50,274,255,14,7,0
S01008187,348,121,15,64,46,227,217,9,1,0
S01008188,486,99,19,37,39,389,377,9,3,0
S01008189,210,139,21,69,48,71,69,0,0,0
S01008190,363,295,21,131,140,68,67,2,0,0
S01008191,362,304,53,125,126,58,55,0,1,0
S01008192,436,183,20,82,81,253,240,9,4,0
S01008193,344,231,44,49,137,112,96,12,0,0
S01008194,275,190,43,86,62,85,79,5,1,0
S01008195,334,159,10,56,91,175,174,0,1,0
S01008196,376,237,17,117,103,139,138,0,1,0
S01008197,551,425,192,85,150,122,122,3,0,0
S01008198,302,271,27,103,141,34,30,0,0,0
S01008199,305,290,17,112,161,15,18,1,0,0
S01008200,303,257,13,109,133,46,46,0,0,0
S01008201,354,243,21,87,138,111,101,7,1,0
S01008202,254,197,37,111,45,58,57,1,0,0
S01008203,314,75,11,42,22,239,229,2,5,0
S01008204,468,387,40,227,120,81,76,3,3,0
S01008205,293,287,7,180,98,8,8,0,0,0
S01008206,302,249,12,167,70,53,50,2,1,0
S01008207,248,243,15,86,138,11,11,0,0,0
S01008208,362,238,111,88,39,124,123,1,0,0
S01008209,170,146,57,39,52,22,21,1,0,0
S01008210,393,240,48,39,153,153,147,2,1,0
S01008211,441,274,38,86,146,167,157,8,2,0
S01008212,212,210,90,65,55,2,2,0,0,0
S01008213,372,363,156,85,122,10,10,0,0,0
S01008214,349,271,80,52,139,74,70,5,4,0
S01008215,321,279,40,82,157,44,43,1,0,0
S01008216,201,197,49,110,38,4,3,1,0,0
S01008217,231,225,116,64,42,4,4,0,0,2
S01008218,937,852,440,188,224,84,77,7,0,1
S01008219,415,243,128,55,60,172,153,10,9,0
S01008220,230,195,29,92,72,34,30,2,0,0
S01008221,362,164,47,80,34,198,184,7,7,0
S01008222,284,212,20,157,35,72,72,1,1,0
S01008223,270,210,14,109,87,64,58,1,0,0
S01008224,402,385,101,126,162,16,16,0,0,0
S01008225,285,259,17,74,168,29,29,0,0,0
S01008226,392,271,17,108,146,121,121,0,0,0
S01008227,393,289,16,90,183,100,98,1,0,0
S01008228,283,221,164,37,20,66,56,5,2,0
S01008229,303,269,15,71,183,31,30,0,0,0
S01008230,298,280,89,96,90,20,18,1,0,0
S01008231,242,224,177,29,17,20,20,0,0,0
S01008232,311,227,138,61,22,88,86,0,2,0
S01008233,278,266,145,62,55,12,12,0,0,0
S01008234,195,191,31,133,27,4,4,0,0,0
S01008235,432,408,68,256,84,23,23,0,0,0
S01008236,385,327,87,161,77,58,41,15,3,0
S01008237,506,458,134,179,145,48,44,7,0,0
S01008238,370,346,40,154,152,28,25,3,0,0
S01008239,474,445,117,178,150,28,20,8,0,1
S01008240,318,316,207,93,16,2,2,0,0,0
S01008241,284,279,207,42,30,5,2,0,1,0
S01008242,547,500,151,256,93,46,43,1,2,1
S01008243,479,454,199,138,117,25,19,5,1,0
S01008244,265,237,91,86,62,28,17,10,1,0
S01008245,430,411,174,171,63,19,11,8,2,0
S01008246,448,435,325,88,23,7,4,6,1,1
S01008247,325,314,155,120,39,14,10,1,0,0
S01008248,357,338,158,114,59,22,22,0,0,0
S01008249,455,434,181,166,87,20,16,3,1,1
S01008250,1192,1051,662,239,157,108,103,8,0,30
S01008251,438,431,254,120,58,7,5,0,0,0
S01008252,317,274,181,91,8,43,43,0,0,0
S01008253,364,318,22,203,93,46,37,9,0,0
S01008254,440,374,38,209,127,69,66,1,0,0
S01008255,272,261,48,123,90,11,5,6,0,0
S01008256,423,225,31,89,105,197,163,29,5,2
S01008257,381,168,27,67,76,213,183,16,12,0
S01008258,405,333,86,169,79,72,70,2,0,0
S01008259,445,273,67,112,94,172,133,26,13,0
S01008260,340,251,33,92,126,89,77,11,1,0
S01008261,355,338,19,104,213,17,13,3,1,0
S01008262,250,246,105,102,39,6,4,2,0,1
S01008263,289,194,94,84,16,94,79,10,2,1
S01008264,333,291,58,135,94,45,43,2,2,0
S01008265,434,354,202,84,65,80,67,13,0,0
S01008266,312,280,164,87,29,32,20,9,0,0
S01008267,400,386,183,157,46,14,8,2,1,0
S01008268,325,193,138,45,10,134,38,95,1,0
S01008269,419,303,233,35,35,116,93,19,0,0
S01008270,374,211,126,57,28,163,122,42,2,0
S01008271,381,110,34,33,45,268,232,24,9,0
S01008272,1075,952,601,208,143,124,120,3,0,0
S01008273,352,294,179,54,61,58,32,26,0,0
S01008274,321,249,25,104,119,68,65,1,0,0
S01008275,241,136,48,59,33,105,75,27,0,0
S01008276,231,166,131,17,21,65,60,2,0,0
S01008277,301,290,151,75,64,7,5,4,0,0
S01008278,420,412,261,66,81,8,2,6,0,0
S01008279,318,276,98,107,72,42,35,7,0,0
S01008280,446,378,157,118,98,75,37,33,5,0
S01008281,327,317,144,107,66,11,6,4,0,0
S01008282,286,278,121,101,55,4,2,3,0,3
S01008283,445,440,282,74,84,5,4,1,0,0
S01008284,1072,999,482,334,187,73,66,6,2,0
S01008285,339,171,36,110,25,167,163,5,0,0
S01008286,317,278,51,128,100,38,38,0,0,1
S01008287,329,255,99,85,71,74,67,7,0,0
S01008288,427,236,74,119,43,188,157,22,5,0
S01008289,291,118,10,37,70,174,146,24,4,0
S01008290,397,198,55,60,86,197,156,34,7,1
S01008291,395,278,192,78,9,117,113,2,2,0
S01008292,311,247,67,168,8,64,58,5,2,0
S01008293,203,200,180,18,2,2,2,0,0,0
S01008294,320,309,194,109,6,11,8,5,0,0
S01008295,365,344,80,170,99,21,22,0,0,0
S01008296,299,252,59,104,88,47,50,1,0,0
S01008297,331,292,174,78,37,42,42,0,0,0
S01008298,393,353,117,116,120,38,34,3,1,0
S01008299,353,173,46,96,30,180,174,3,3,0
S01008300,351,234,69,129,36,115,115,0,0,0
S01008301,335,315,123,136,58,15,10,0,0,0
S01008302,390,362,213,115,34,8,8,0,0,20
S01008303,293,118,59,31,28,175,173,2,0,0
S01008304,175,136,79,51,3,39,38,1,0,0
S01008305,297,283,62,181,40,18,18,0,0,0
S01008306,236,224,26,185,13,12,8,5,0,0
S01008307,320,288,148,84,56,32,32,0,0,0
S01008308,241,237,153,86,2,1,0,1,0,0
S01008309,342,113,39,48,22,225,217,11,3,0
S01008310,499,272,69,149,57,223,217,0,6,1
S01008311,204,122,16,55,46,82,82,0,0,0
S01008312,171,102,37,51,13,69,72,1,0,0
S01008313,392,221,42,72,102,173,167,6,0,0
S01008314,315,60,6,20,33,256,255,0,1,0
S01008315,450,80,10,34,36,370,362,5,3,0
S01008316,271,174,17,116,42,99,94,5,0,0
S01008317,415,265,84,147,34,148,139,6,4,4
S01008318,588,546,358,143,45,45,44,1,0,1
S01008319,392,180,58,90,32,212,209,3,0,0
S01008320,326,274,112,140,22,48,47,5,0,0
S01008321,161,159,77,75,6,2,2,0,0,0
S01008322,481,289,60,147,83,192,191,1,0,0
S01008323,280,194,9,84,98,89,85,0,0,0
S01008324,317,271,50,158,63,46,44,2,0,0
S01008325,289,238,12,145,81,51,50,0,0,0
S01008326,433,304,29,146,129,129,129,0,0,0
S01008327,387,344,27,184,133,44,42,1,0,0
S01008328,1173,869,586,188,91,307,303,1,3,0
S01008329,297,291,182,106,3,8,4,1,0,0
S01008330,286,281,131,145,5,5,5,0,0,0
S01008331,233,196,80,51,65,37,37,0,0,0
S01008332,411,294,241,24,29,117,116,0,0,0
S01008333,505,315,187,102,24,190,188,2,0,0
S01008334,333,181,63,99,19,152,152,0,0,0
S01008335,290,194,83,80,30,97,90,7,0,0
S01008336,336,210,73,65,68,130,130,0,0,0
S01008337,370,305,129,56,120,67,67,0,0,0
S01008338,240,242,163,70,3,1,1,0,0,0
S01008339,219,214,101,91,22,4,4,0,0,0
S01008340,308,277,143,84,50,31,31,0,0,0
S01008341,200,200,193,5,1,0,0,0,0,0
S01008342,321,259,80,135,44,65,60,3,0,0
S01008343,332,313,239,72,2,23,21,3,0,0
S01008344,369,238,205,31,1,128,128,0,0,0
S01008345,401,335,304,14,13,68,68,0,0,0
S01008346,357,349,277,65,4,8,6,1,1,0
S01008347,489,245,182,57,6,248,236,4,7,0
S01008348,310,201,147,54,2,110,110,0,0,0
S01008349,308,221,210,7,4,87,86,1,0,0
S01008350,240,215,195,15,1,29,26,2,1,0
S01008351,361,309,229,46,34,52,52,0,0,0
S01008352,252,250,224,27,3,0,0,0,0,0
S01008353,200,147,126,17,1,52,51,1,0,0
S01008354,1005,865,609,167,88,139,133,2,1,1
S01008355,315,257,48,122,84,62,53,9,0,0
S01008356,244,225,23,47,152,22,13,9,0,0
S01008357,288,213,103,49,59,79,70,0,5,0
S01008358,345,284,63,124,97,61,56,2,0,0
S01008359,286,237,87,133,17,53,45,4,0,0
S01008360,320,294,175,61,58,26,25,1,0,0
S01008361,339,311,152,123,32,32,26,0,0,0
S01008362,526,457,200,207,50,69,67,0,1,0
S01008363,301,295,144,52,99,5,5,0,0,0
S01008364,279,226,124,68,27,53,53,0,0,0
S01008365,277,244,199,43,2,31,31,0,0,0
S01008366,390,260,28,118,114,130,130,0,0,0
S01008367,359,197,32,84,81,160,150,8,1,0
S01008368,308,191,51,88,50,120,120,0,0,0
S01008369,252,214,49,69,100,45,34,8,0,0
S01008370,298,164,62,36,63,134,128,5,2,0
S01008371,293,290,147,53,86,3,3,0,0,0
S01008372,280,280,45,125,107,0,0,0,0,0
S01008373,263,259,75,172,9,4,4,1,0,0
S01008374,281,245,79,151,13,36,32,0,4,0
S01008375,274,272,140,119,13,2,1,0,0,0
S01008376,206,143,43,74,27,59,56,3,0,0
S01008377,292,233,27,121,85,59,56,5,0,0
S01008378,395,299,88,163,52,92,90,2,0,0
S01008379,199,198,162,34,2,1,1,0,0,0
S01008380,235,231,63,166,2,2,1,0,0,0
S01008381,230,224,7,208,10,5,5,0,0,0
S01008382,320,284,23,195,69,33,32,1,0,0
S01008383,174,166,41,84,41,8,7,0,2,0
S01008384,379,369,106,77,186,10,10,0,0,0
S01008385,244,245,166,65,10,1,1,0,0,0
S01008386,346,314,17,120,177,37,37,0,0,0
S01008387,233,229,6,76,147,5,3,0,1,0
S01008388,239,237,6,50,181,2,2,0,0,0
S01008389,308,191,68,44,79,117,111,6,0,0
S01008390,243,239,115,113,9,4,4,0,0,0
S01008391,346,187,66,35,86,159,157,2,0,0
S01008392,329,297,18,75,204,32,25,6,0,0
S01008393,350,190,8,33,148,160,160,1,0,0
S01008394,280,275,75,32,168,5,5,0,0,0
S01008395,184,173,26,90,57,11,10,1,0,0
S01008396,318,184,45,130,5,138,138,0,0,0
S01008397,313,308,127,138,46,5,3,2,0,0
S01008398,250,208,41,120,47,42,42,0,0,0
S01008399,240,144,42,51,51,99,96,0,3,0
S01008400,263,241,31,206,2,24,24,0,0,0
S01008401,377,304,37,234,36,73,71,0,2,0
S01008402,438,320,202,113,5,118,116,0,0,0
S01008403,210,209,154,58,0,0,0,0,0,0
S01008404,342,288,129,91,71,54,54,0,0,0
S01008405,267,236,79,128,29,31,30,3,0,0
S01008406,467,249,42,156,49,221,211,8,2,0
S01008407,295,146,42,90,14,149,138,11,0,0
S01008408,252,229,6,178,44,22,21,2,0,0
S01008409,404,262,17,175,72,144,130,10,1,1
S01008410,323,198,25,105,64,121,119,2,0,0
S01008411,237,168,13,133,21,69,55,9,0,0
S01008412,284,211,76,84,51,70,66,4,0,0
S01008413,199,140,39,55,47,58,56,2,0,0
S01008414,191,185,50,132,2,4,4,0,0,0
S01008415,342,234,9,200,25,108,108,0,0,0
S01008416,425,207,13,146,52,214,210,6,0,0
S01008417,315,250,151,84,11,69,67,4,0,0
S01008418,299,189,99,88,3,110,103,3,0,0
S01008419,186,136,92,37,8,50,48,2,0,0
S01008420,186,156,64,75,17,30,30,0,0,0
S01008421,408,290,36,85,168,117,111,5,5,0
S01008422,229,213,151,39,23,20,20,0,0,0
S01008423,533,494,393,60,38,41,35,3,0,1
S01008424,337,333,307,13,10,4,5,1,0,0
S01008425,728,604,238,264,105,124,123,4,0,0
S01008426,267,255,7,110,138,15,11,1,0,0
S01008427,394,386,98,220,68,8,7,1,0,0
S01008428,353,242,51,113,74,115,114,0,2,0
S01008429,400,358,132,179,49,39,36,3,4,0
S01008430,395,308,131,115,62,89,83,2,2,0
S01008431,351,305,126,175,4,46,46,0,0,0
S01008432,297,260,135,115,9,37,34,2,0,0
S01008433,343,324,55,218,55,21,21,0,0,0
S01008434,409,333,80,212,41,73,74,0,1,0
S01008435,300,298,104,176,15,2,2,0,0,0
S01008436,426,269,107,109,49,157,149,8,0,0
S01008437,369,196,83,51,62,173,152,18,2,0
S01008438,247,188,111,41,36,59,57,5,0,0
S01008439,425,389,253,63,77,36,34,2,0,0
S01008440,439,381,275,72,38,54,36,18,0,0
S01008441,188,184,92,62,30,4,4,0,0,0
S01008442,321,182,74,55,48,142,121,14,2,0
S01008443,263,230,169,41,16,33,28,7,0,0
S01008444,235,183,81,75,29,56,53,3,0,0
S01008445,414,218,57,143,22,193,171,25,0,0
S01008446,362,336,178,144,17,27,24,3,0,0
S01008447,288,242,137,90,16,45,41,4,0,0
S01008448,321,272,209,62,1,49,52,0,0,0
S01008449,338,101,11,50,40,237,231,5,2,0
S01008450,224,29,7,19,3,195,194,3,0,0
S01008451,271,53,3,24,26,218,219,2,0,0
S01008452,237,33,8,9,17,204,203,0,0,0
S01008453,289,46,3,7,36,242,239,3,0,1
S01008454,382,185,11,81,93,194,193,4,0,0
S01008455,485,32,10,16,7,452,445,6,0,0
S01008456,462,13,4,8,4,450,441,7,1,0
S01008457,357,19,4,10,8,338,332,3,1,0
S01008458,418,196,13,97,86,225,217,4,1,0
S01008459,368,46,7,14,25,321,311,6,1,0
S01008460,365,47,5,18,24,317,315,2,0,2
S01008461,468,53,5,14,34,418,418,0,0,0
S01008462,315,62,7,23,32,255,255,0,0,0
S01008463,288,21,4,10,7,266,264,0,2,1
S01008464,400,71,10,31,30,329,326,4,0,0
S01008465,346,62,2,27,33,284,276,8,0,0
S01008466,300,65,7,21,33,238,231,7,0,0
S01008467,310,68,6,27,36,244,239,5,0,0
S01008468,441,179,6,39,134,262,258,2,0,0
S01008469,233,180,23,78,79,53,52,0,0,0
S01008470,370,183,27,65,91,188,180,7,0,0
S01008471,330,59,7,25,26,272,263,2,0,0
S01008472,266,144,16,75,53,122,122,0,0,0
S01008473,255,113,5,66,42,142,142,0,0,0
S01008474,436,82,4,46,31,351,353,0,0,0
S01008475,322,45,3,14,28,277,271,4,2,0
S01008476,398,19,0,4,13,378,373,5,0,1
S01008477,440,21,7,8,8,419,416,3,0,0
S01008478,638,37,6,21,11,599,569,12,14,1
S01008479,396,47,7,18,22,347,338,8,5,1
S01008480,274,78,8,50,20,196,192,4,0,0
S01008481,499,322,13,117,188,177,173,3,1,0
S01008482,283,159,7,55,93,124,122,1,1,0
S01008483,306,109,16,33,58,197,197,0,0,0
S01008484,303,165,33,98,31,140,133,2,0,0
S01008485,463,250,12,150,88,213,207,2,1,0
S01008486,460,199,13,87,97,261,258,0,1,0
S01008487,530,96,14,26,56,434,432,1,1,0
S01008488,443,16,0,6,10,427,420,4,4,0
S01008489,340,101,21,34,42,243,238,4,0,0
S01008490,486,41,5,6,30,448,435,12,1,0
S01008491,494,21,4,3,14,473,462,9,2,0
S01008492,693,26,4,11,11,667,656,8,3,0
S01008493,553,76,8,52,16,477,462,10,5,0
S01008494,625,18,5,4,9,605,603,2,1,1
S01008495,615,15,3,0,10,602,593,2,6,0
S01008496,618,6,2,1,3,612,607,2,3,0
S01008497,570,29,1,2,26,541,540,0,0,0
S01008498,523,23,4,3,16,500,492,6,0,0
S01008499,554,12,3,5,5,542,536,6,0,0
S01008500,228,3,2,1,1,225,225,0,0,0
S01008501,312,4,0,1,2,308,307,2,0,0
S01008502,393,15,0,1,13,376,375,2,0,1
S01008503,430,45,2,4,38,386,382,2,4,0
S01008504,538,122,9,7,96,418,407,7,6,0
S01008505,329,101,0,2,99,228,222,5,1,0
S01008506,495,62,16,23,23,430,373,57,0,0
S01008507,459,77,7,13,60,382,368,14,0,0
S01008508,326,224,59,56,113,102,85,12,2,0
S01008509,533,204,33,58,110,329,308,24,0,0
S01008510,391,298,163,74,61,93,87,5,1,0
S01008511,354,304,231,58,15,50,40,9,0,0
S01008512,205,186,119,61,9,19,20,1,1,0
S01008513,249,239,185,45,9,10,6,0,0,0
S01008514,429,204,50,31,124,221,211,10,0,0
S01008515,334,181,5,67,109,151,142,11,0,0
S01008516,631,24,2,12,13,607,602,3,2,0
S01008517,414,40,5,18,17,374,367,8,0,0
S01008518,381,175,10,17,148,204,203,1,0,0
S01008519,330,189,29,12,145,141,129,12,0,0
S01008520,425,346,210,51,82,82,63,23,0,0
S01008521,343,327,247,70,10,16,14,1,0,0
S01008522,254,146,88,16,45,107,97,10,0,0
S01008523,455,180,61,26,93,275,271,4,2,0
S01008524,466,98,9,48,41,368,365,3,0,0
S01008525,407,161,8,63,90,245,239,5,0,0
S01008526,445,102,6,33,63,343,341,2,0,0
S01008527,330,55,5,35,17,274,269,4,0,0
S01008528,302,55,4,29,22,247,241,5,1,0
S01008529,371,217,11,77,129,154,154,0,0,0
S01008530,386,43,4,15,21,343,340,3,0,0
S01008531,393,98,12,49,37,295,295,0,0,0
S01008532,210,143,4,34,103,65,63,0,4,1
S01008533,162,145,22,87,38,17,16,2,0,0
S01008534,267,239,100,95,47,25,25,0,0,0
S01008535,283,280,199,77,4,3,3,0,0,0
S01008536,262,211,118,77,16,51,51,0,0,0
S01008537,280,273,197,73,0,7,6,1,0,0
S01008538,239,238,219,17,4,1,1,0,0,0
S01008539,346,263,178,62,23,83,75,3,1,0
S01008540,374,353,201,127,28,21,20,1,0,0
S01008541,327,315,119,137,62,12,13,2,0,0
S01008542,606,502,294,114,99,102,101,0,1,0
S01008543,256,247,87,118,42,7,8,0,1,0
S01008544,212,205,127,43,35,7,7,0,0,0
S01008545,333,292,247,22,23,36,34,4,0,0
S01008546,338,333,254,74,5,5,4,1,0,0
S01008547,455,436,172,184,80,23,23,0,0,0
S01008548,580,478,225,146,111,102,99,0,1,0
S01008549,1913,1509,762,319,430,401,392,9,0,0
S01008550,342,289,124,99,66,53,35,14,0,0
S01008551,504,328,59,115,154,172,169,3,0,0
S01008552,381,334,174,73,87,47,46,1,0,0
S01008553,329,242,80,130,36,87,87,0,0,0
S01008554,364,279,41,188,50,79,74,5,0,2
S01008555,451,143,21,64,58,310,304,3,0,2
S01008556,365,190,17,63,106,179,174,0,0,0
S01008557,646,335,44,128,160,313,310,2,2,0
S01008558,381,202,14,63,129,179,173,5,1,0
S01008559,286,228,5,119,104,58,55,3,1,0
S01008560,316,240,20,141,79,75,71,2,0,0
S01008561,275,241,12,85,145,35,31,4,0,0
S01008562,498,232,17,141,73,266,258,7,1,0
S01008563,399,136,34,54,45,261,241,14,6,0
S01008564,307,223,17,41,165,82,70,10,4,0
S01008565,473,304,43,83,180,170,164,4,1,0
S01008566,439,370,29,189,152,73,65,6,0,0
S01008567,286,251,19,184,51,35,29,1,5,0
S01008568,357,319,30,165,126,36,31,4,1,0
S01008569,383,21,7,8,6,361,356,4,1,2
S01008570,396,234,43,127,64,166,163,2,1,0
S01008571,334,262,51,128,83,76,74,2,1,0
S01008572,319,237,46,76,113,86,80,2,0,0
S01008573,286,240,149,86,5,46,46,0,0,0
S01008574,289,244,100,76,64,48,45,4,0,0
S01008575,325,247,158,51,34,81,76,2,0,0
S01008576,395,256,74,73,106,143,138,5,0,0
S01008577,429,276,100,162,14,153,140,12,1,0
S01008578,292,260,71,162,27,32,22,5,4,0
S01008579,635,435,226,130,79,200,187,10,3,0
S01008580,258,202,55,46,101,59,56,2,1,0
S01008581,481,248,12,69,167,236,227,5,0,1
S01008582,473,274,29,80,163,199,184,11,3,1
S01008583,352,175,8,44,123,174,175,2,0,0
S01008584,373,170,12,48,107,203,195,8,0,0
S01008585,238,137,9,61,67,101,96,1,4,0
S01008586,410,283,12,111,160,127,120,7,0,0
S01008587,328,222,153,45,25,105,88,17,0,0
S01008588,343,140,26,37,77,201,201,2,0,0
S01008589,173,95,9,31,55,81,66,12,0,0
S01008590,415,92,8,33,54,323,315,7,0,0
S01008591,312,149,13,63,72,163,152,10,1,0
S01008592,363,182,12,73,97,181,174,7,0,0
S01008593,319,201,26,100,79,118,23,95,0,0
S01008594,481,182,38,98,46,299,190,108,0,0
S01008595,523,151,23,95,33,372,358,14,0,0
S01008596,447,72,16,19,37,375,371,6,0,0
S01008597,420,344,166,95,83,75,72,4,1,1
S01008598,321,72,17,23,28,253,232,20,2,0
S01008599,369,143,18,79,44,226,174,50,4,0
S01008600,301,145,31,82,34,156,72,83,1,0
S01008601,326,55,10,27,21,267,247,17,3,0
S01008602,318,14,2,3,9,305,300,5,0,0
S01008603,524,20,8,4,8,504,490,12,2,0
S01008604,420,89,16,32,47,328,270,48,6,0
S01008605,311,39,15,16,8,271,251,13,5,0
S01008606,323,131,13,38,80,192,115,73,0,0
S01008607,261,142,54,68,20,119,57,62,0,0
S01008608,310,81,19,29,33,229,182,46,2,0
S01008609,398,172,69,56,47,226,183,42,1,0
S01008610,374,97,59,29,6,281,211,70,0,0
S01008611,513,64,18,34,16,451,417,28,4,0
S01008612,346,11,4,4,3,338,333,1,2,0
S01008613,340,79,18,44,16,261,238,23,0,0
S01008614,294,19,3,8,11,275,271,3,2,0
S01008615,319,38,4,12,20,281,255,26,0,0
S01008616,255,8,1,1,4,247,240,6,1,0
S01008617,270,21,5,4,13,249,242,6,1,0
S01008618,246,4,0,1,3,242,236,5,2,0
S01008619,194,6,2,3,2,188,186,4,0,0
S01008620,276,7,1,1,5,265,261,5,0,0
S01008621,256,5,2,1,3,251,250,1,0,0
S01008622,196,8,1,4,3,188,184,6,0,0
S01008623,341,31,12,5,14,310,248,65,0,0
S01008624,356,130,60,27,43,226,148,78,0,0
S01008625,241,185,30,102,52,60,32,28,0,0
S01008626,382,158,35,40,79,228,192,36,0,0
S01008627,252,139,18,76,45,113,54,59,0,0
S01008628,271,46,26,11,12,225,217,8,0,0
S01008629,295,21,1,5,15,278,254,16,0,0
S01008630,314,19,5,8,7,295,291,3,2,0
S01008631,465,50,5,12,33,415,396,19,0,0
S01008632,375,29,5,9,15,346,322,24,0,0
S01008633,413,136,60,31,45,280,193,90,0,0
S01008634,286,75,36,35,5,209,130,80,0,0
S01008635,405,87,30,24,33,318,231,85,2,0
S01008636,315,60,24,21,13,256,205,51,0,0
S01008637,392,96,37,32,29,296,252,43,1,0
S01008638,330,42,4,8,30,288,268,16,4,0
S01008639,445,59,8,16,35,385,347,35,2,1
S01008640,394,21,4,5,12,374,346,30,2,0
S01008641,364,6,2,2,5,358,354,4,0,0
S01008642,407,60,20,16,27,347,316,30,2,0
S01008643,322,51,3,9,39,271,238,36,1,0
S01008644,389,32,6,5,21,357,321,34,1,0
S01008645,348,12,1,1,10,335,335,0,0,0
S01008646,493,45,3,7,32,451,443,4,2,0
S01008647,370,33,0,11,25,337,334,4,0,0
S01008648,318,7,3,1,4,312,306,8,1,0
S01008649,538,11,0,7,4,524,524,0,0,0
S01008650,436,6,1,1,4,430,425,3,2,0
S01008651,614,16,1,4,11,598,587,10,1,0
S01008652,324,8,2,1,3,317,315,1,1,0
S01008653,380,19,4,2,12,364,350,8,3,0
S01008654,592,9,2,3,4,583,569,9,7,0
S01008655,459,13,2,4,10,443,422,12,5,0
S01008656,441,7,1,2,4,434,429,4,1,0
S01008657,351,45,1,5,41,306,300,4,4,0
S01008658,856,13,1,2,11,842,822,14,6,1
S01008659,444,7,5,2,3,436,408,7,17,1
S01008660,538,31,6,4,21,507,457,36,14,0
S01008661,433,10,2,5,4,423,411,1,8,0
S01008662,277,3,1,0,2,274,264,6,4,0
S01008663,436,7,2,2,4,429,414,5,7,0
S01008664,392,14,0,4,12,378,369,6,4,0
S01008665,652,29,5,7,15,621,610,9,2,4
S01008666,330,7,0,2,2,323,318,5,0,0
S01008667,512,17,6,6,5,492,479,12,0,0
S01008668,309,2,0,0,2,308,292,14,2,0
S01008669,131,9,1,3,3,123,115,3,4,0
S01008670,256,7,3,0,4,249,243,4,0,0
S01008671,323,7,1,4,1,316,309,2,5,0
S01008672,334,18,0,6,10,316,303,6,7,0
S01008673,1100,23,7,8,8,1077,1049,17,11,0
S01008674,378,5,0,0,5,375,347,6,22,0
S01008675,432,12,0,9,6,420,411,6,3,0
S01008676,360,43,4,11,30,316,265,45,6,0
S01008677,393,4,1,1,2,392,361,7,22,0
S01008678,391,6,2,1,3,385,376,4,5,0
S01008679,521,12,4,5,5,509,481,14,13,0
S01008680,350,3,3,0,0,347,330,4,11,0
S01008681,520,7,0,3,4,513,497,6,10,0
S01008682,415,26,6,6,16,389,369,16,4,0
S01008683,591,48,2,11,34,543,530,4,8,0
S01008684,589,25,5,5,14,563,557,4,2,1
S01008685,471,28,3,7,18,443,390,41,15,0
S01008686,634,24,4,9,14,610,604,6,0,0
S01008687,399,12,1,4,7,387,386,0,1,0
S01008688,506,34,4,8,22,468,464,4,0,0
S01008689,498,32,3,5,21,467,462,3,3,0
S01008690,786,145,3,14,131,641,634,8,0,0
S01008691,715,34,4,11,16,682,676,8,1,0
S01008692,818,98,2,77,19,720,715,2,2,0
S01008693,159,110,1,98,9,49,47,2,0,0
S01008694,518,80,4,11,62,441,436,5,0,0
S01008695,342,89,7,26,56,253,245,6,4,0
S01008696,276,177,6,19,152,99,95,5,0,0
S01008697,439,292,105,135,53,146,142,4,0,1
S01008698,196,169,47,94,25,27,27,0,0,0
S01008699,473,125,43,34,45,348,345,2,0,0
S01008700,261,195,104,31,54,68,60,8,0,0
S01008701,691,233,26,62,138,463,453,8,3,1
S01008702,300,12,3,7,3,286,282,1,3,2
S01008703,478,151,22,48,81,326,318,5,2,7
S01008704,1641,888,202,282,408,745,739,5,1,4
S01008705,367,84,10,30,46,279,274,0,3,4
S01008706,317,157,17,56,84,160,158,2,0,0
S01008707,392,168,16,85,70,224,220,3,1,0
S01008708,510,169,21,75,73,338,338,1,0,1
S01008709,272,222,17,117,85,47,46,4,0,0
S01008710,228,151,16,97,38,77,77,0,0,0
S01008711,393,124,6,43,75,269,269,0,0,0
S01008712,538,323,33,92,196,217,201,15,0,0
S01008713,253,44,6,13,28,209,209,1,1,0
S01008714,253,73,20,38,13,178,175,6,0,0
S01008715,352,213,11,55,147,139,136,3,0,0
S01008716,298,154,13,44,97,144,144,0,0,0
S01008717,204,181,35,69,73,23,23,0,0,0
S01008718,367,285,68,134,86,82,81,1,0,0
S01008719,451,349,61,163,125,102,97,7,1,0
S01008720,758,600,210,159,234,158,158,1,3,0
S01008721,327,316,124,112,80,9,10,1,0,0
S01008722,518,366,176,57,132,153,134,18,1,0
S01008723,309,211,75,68,70,98,96,4,0,0
S01008724,427,267,113,49,105,160,152,8,0,0
S01008725,300,179,40,28,111,121,92,29,0,0
S01008726,238,119,16,52,51,119,69,50,0,0
S01008727,455,166,32,43,88,288,211,70,4,0
S01008728,279,39,7,9,23,240,215,16,9,0
S01008729,277,142,33,55,54,135,97,32,6,0
S01008730,381,66,6,21,39,315,285,25,2,0
S01008731,253,140,8,31,101,113,108,1,4,0
S01008732,335,70,4,17,53,265,247,12,6,0
S01008733,839,153,4,21,128,686,684,2,0,0
S01008734,312,124,59,38,31,184,156,26,4,0
S01008735,389,343,207,107,33,43,25,14,1,0
S01008736,306,279,182,87,7,27,26,1,0,0
S01008737,285,277,190,58,26,8,5,3,0,0
S01008738,307,304,249,50,10,4,4,0,0,0
S01008739,292,178,7,34,137,114,111,3,0,0
S01008740,193,178,7,113,59,11,13,2,0,0
S01008741,410,363,48,131,186,47,44,2,2,0
S01008742,280,131,18,44,72,149,145,2,2,0
S01008743,451,84,23,15,46,367,363,4,0,0
S01008744,501,157,5,87,65,343,342,1,0,0
S01008745,237,83,23,12,49,154,156,2,0,0
S01008746,532,41,6,28,8,491,484,5,0,0
S01008747,207,136,38,39,59,71,57,10,1,0
S01008748,283,254,134,85,35,32,28,0,1,0
S01008749,437,372,229,98,41,67,57,8,0,0
S01008750,301,284,95,125,61,17,16,1,0,0
S01008751,274,133,17,73,43,141,138,1,0,0
S01008752,344,27,6,7,12,320,318,2,0,0
S01008753,298,17,1,4,12,281,277,3,1,0
S01008754,319,8,2,4,2,311,310,1,0,0
S01008755,619,57,11,19,27,561,557,4,0,1
S01008756,375,22,1,6,15,350,350,2,1,0
S01008757,322,14,1,5,5,308,307,0,1,0
S01008758,379,95,6,54,35,284,280,4,0,0
S01008759,302,51,3,29,20,251,252,1,0,0
S01008760,460,71,6,35,30,389,383,6,0,0
S01008761,248,83,17,44,22,168,161,3,1,0
S01008762,304,194,6,67,120,107,105,1,0,0
S01008763,429,185,3,25,157,244,232,12,0,0
S01008764,301,135,11,48,79,163,152,11,0,0
S01008765,403,127,7,7,111,276,259,16,1,0
S01008766,414,223,12,84,128,190,171,19,0,0
S01008767,249,123,3,32,83,123,116,10,0,1
S01008768,1157,167,27,26,111,993,982,7,4,0
S01008769,573,9,4,5,2,561,548,10,3,0
S01008770,463,10,3,2,6,453,452,1,0,0
S01008771,579,30,4,4,22,547,548,1,0,0
S01008772,387,99,6,26,66,288,257,31,0,0
S01008773,587,78,6,27,46,509,491,16,0,0
S01008774,562,111,4,35,70,451,445,4,2,0
S01008775,267,58,6,3,50,207,193,14,0,0
S01008776,402,23,4,7,10,379,372,5,2,0
S01008777,597,35,3,13,20,557,549,8,0,0
S01008778,660,12,2,4,4,650,638,1,7,0
S01008779,458,16,5,0,11,442,428,8,2,0
S01008780,237,8,0,0,6,226,221,5,3,1
S01008781,650,11,4,5,8,631,631,2,2,0
S01008782,405,21,10,3,5,386,354,30,2,2
S01008783,254,7,3,0,4,247,219,26,0,0
S01008784,244,8,1,1,4,238,227,10,2,0
S01008785,402,12,5,0,7,390,383,6,0,0
S01008786,561,7,2,1,2,551,530,18,5,0
S01008787,162,4,2,0,3,156,153,1,0,0
S01008788,412,6,0,4,4,406,396,10,4,0
S01008789,503,99,4,28,71,404,395,6,3,0
S01008790,340,5,1,1,3,335,317,15,3,0
S01008791,469,107,3,11,88,359,352,4,7,0
S01008792,474,50,5,7,35,424,391,33,4,0
S01008793,285,7,2,2,5,278,265,11,2,0
S01008794,529,26,8,6,13,502,494,8,0,0
S01008795,533,9,2,3,4,524,522,1,1,0
S01008796,591,10,1,4,5,581,569,10,2,0
S01008797,484,6,2,0,5,478,473,3,3,0
S01008798,536,6,2,4,1,529,528,1,0,0
S01008799,327,8,1,3,6,322,318,5,0,0
S01008800,654,2,0,0,2,648,648,2,3,0
S01008801,529,3,0,0,3,526,516,10,0,0
S01008802,605,7,0,2,5,598,598,0,0,0
S01008803,508,37,4,11,22,470,468,2,1,0
S01008804,314,9,2,3,3,304,303,1,0,1
S01008805,314,13,2,3,5,304,301,0,3,0
S01008806,721,16,0,3,13,703,693,9,1,0
S01008807,466,27,2,2,23,439,431,6,2,0
S01008808,406,11,2,3,7,395,392,3,0,0
S01008809,346,63,2,3,57,283,219,67,1,0
S01008810,394,3,1,2,0,391,388,5,0,0
S01008811,336,26,0,5,21,310,294,14,1,0
S01008812,206,6,0,2,5,198,198,0,0,0
S01008813,563,110,1,20,91,457,435,14,4,0
S01008814,399,114,3,4,104,285,260,22,3,0
S01008815,546,19,2,1,13,527,527,1,3,0
S01008816,345,48,0,20,27,297,287,9,2,0
S01008817,624,42,0,7,34,582,574,8,0,0
S01008818,524,113,10,26,77,409,401,8,1,0
S01008819,373,38,7,7,19,331,314,16,1,0
S01008820,591,41,5,8,28,554,531,18,2,0
S01008821,274,136,6,31,102,138,112,25,1,0
S01008822,281,166,11,33,119,118,85,33,0,0
S01008823,269,143,14,41,88,131,115,17,1,0
S01008824,502,127,13,51,61,375,364,11,0,0
S01008825,343,105,23,50,32,238,209,25,1,0
S01008826,321,29,4,9,20,290,274,12,0,0
S01008827,273,193,26,64,99,84,38,46,0,0
S01008828,434,210,51,81,78,224,209,14,4,0
S01008829,291,156,33,99,24,131,116,22,1,0
S01008830,401,166,9,29,126,235,224,9,0,0
S01008831,357,203,36,46,121,154,118,36,0,0
S01008832,347,84,33,25,26,260,233,27,0,0
S01008833,506,103,18,39,46,403,358,41,0,0
S01008834,494,194,17,61,116,304,223,81,0,0
S01008835,400,148,35,58,55,251,248,5,2,0
S01008836,455,18,2,5,11,437,424,10,3,0
S01008837,756,28,0,6,21,730,720,6,2,0
S01008838,674,104,4,10,90,567,549,15,3,0
S01008839,587,116,2,17,95,469,424,46,1,0
S01008840,505,157,4,28,124,347,338,9,0,0
S01008841,387,61,3,17,42,326,318,8,0,0
S01008842,406,66,16,16,34,340,334,7,3,0
S01008843,652,36,5,2,28,616,614,0,2,0
S01008844,365,22,2,6,14,342,340,0,2,2
S01008845,519,31,4,8,19,487,470,17,1,0
S01008846,334,50,8,3,38,284,267,16,2,0
S01008847,273,35,2,5,28,238,196,37,2,0
S01008848,358,36,2,12,22,321,299,21,1,1
S01008849,348,20,2,9,12,327,257,64,6,0
S01008850,358,47,3,3,39,310,238,72,0,1
S01008851,575,38,2,4,35,537,490,42,5,0
S01008852,451,73,5,11,57,378,244,134,3,0
S01008853,317,10,1,4,8,307,288,20,0,0
S01008854,485,31,4,14,16,454,399,54,1,0
S01008855,645,43,3,9,31,601,575,23,5,1
S01008856,312,10,2,0,8,301,297,3,2,0
S01008857,432,82,3,7,74,350,340,10,0,0
S01008858,326,99,4,2,92,227,204,23,0,0
S01008859,667,14,2,5,8,653,626,25,0,0
S01008860,508,46,3,9,34,462,441,21,0,0
S01008861,347,99,4,2,93,252,130,117,1,0
S01008862,514,73,3,4,66,441,404,35,2,0
S01008863,382,70,2,10,58,309,302,8,2,0
S01008864,429,59,7,11,44,370,365,4,1,0
S01008865,441,20,5,3,12,421,415,5,0,0
S01008866,443,24,4,2,20,419,395,24,0,0
S01008867,412,43,4,10,29,371,240,130,1,0
S01008868,494,70,12,12,49,423,352,57,14,1
S01008869,611,64,6,12,48,547,378,167,2,0
S01008870,418,96,18,12,68,320,255,58,0,0
S01008871,444,31,3,2,26,413,241,169,0,0
S01008872,425,42,0,9,29,382,266,114,4,0
S01008873,455,159,48,52,59,293,230,66,0,0
S01008874,554,181,4,28,145,373,361,11,1,0
S01008875,509,42,5,7,30,467,461,4,2,0
S01008876,295,183,41,50,92,112,100,12,0,0
S01008877,232,114,19,35,60,118,117,0,0,0
S01008878,453,193,66,50,77,262,259,0,1,0
S01008879,387,128,4,64,60,259,249,7,0,0
S01008880,284,157,14,17,121,127,126,1,0,0
S01008881,370,172,74,64,37,192,165,28,2,0
S01008882,430,279,35,49,197,151,82,69,0,0
S01008883,382,210,108,68,38,169,110,62,0,0
S01008884,306,224,165,23,36,82,80,2,0,0
S01008885,339,328,222,101,5,14,12,0,0,0
S01008886,497,142,33,42,67,355,351,3,1,0
S01008887,331,212,50,133,27,119,113,6,0,0
S01008888,352,61,11,14,36,291,290,0,0,0
S01008889,445,134,52,41,39,311,310,1,0,0
S01008890,295,270,106,133,31,25,25,0,0,0
S01008891,342,306,60,151,95,32,34,5,0,0
S01008892,529,176,60,79,37,353,343,7,3,0
S01008893,355,304,69,155,77,51,44,6,1,0
S01008894,366,322,170,125,27,44,34,6,4,0
S01008895,305,282,231,44,7,23,21,0,0,0
S01008896,247,188,114,19,55,59,59,1,0,0
S01008897,305,219,146,37,42,87,87,0,0,0
S01008898,333,318,231,73,11,15,12,1,3,0
S01008899,368,125,3,61,61,243,240,3,0,0
S01008900,403,208,15,108,85,196,191,2,0,0
S01008901,363,178,33,65,80,185,185,0,0,0
S01008902,483,133,26,50,57,350,343,2,2,0
S01008903,455,224,14,132,79,231,225,4,1,0
S01008904,416,44,5,14,23,372,368,4,0,0
S01008905,479,46,10,13,22,431,426,5,0,1
S01008906,360,60,6,19,32,299,290,7,2,1
S01008907,409,119,8,53,60,289,286,3,0,1
S01008908,734,47,2,26,19,687,685,2,0,0
S01008909,342,75,9,43,29,264,257,5,1,0
S01008910,207,36,3,24,9,169,165,6,0,0
S01008911,712,22,4,8,12,690,686,4,0,0
S01008912,325,185,14,86,85,140,140,0,0,0
S01008913,285,128,6,33,89,157,153,1,0,0
S01008914,380,202,20,132,47,178,170,5,5,0
S01008915,230,140,11,75,54,87,84,4,0,0
S01008916,547,47,10,24,13,498,493,4,1,3
S01008917,347,25,5,10,12,325,319,3,0,0
S01008918,231,12,3,2,6,217,214,6,0,0
S01008919,247,7,5,2,0,239,237,2,0,0
S01008920,1038,105,11,13,79,933,930,3,0,0
S01008921,488,39,8,12,19,449,442,5,2,0
S01008922,377,72,8,44,22,305,297,5,0,1
S01008923,493,56,6,34,22,435,425,3,5,0
S01008924,340,232,19,129,84,108,110,1,0,0
S01008925,279,133,3,104,26,146,144,0,0,0
S01008926,243,172,6,136,29,67,69,3,0,0
S01008927,474,16,4,7,5,460,455,3,0,0
S01008928,408,147,21,76,50,261,258,3,0,1
S01008929,551,107,8,36,63,444,445,0,1,0
S01008930,374,146,18,58,77,226,220,6,0,0
S01008931,727,266,18,95,153,461,455,5,0,0
S01008932,419,108,7,42,59,311,311,1,0,0
S01008933,283,118,3,63,50,165,163,1,1,0
S01008934,335,175,43,74,52,166,166,0,0,1
S01008935,362,274,47,221,4,88,86,4,0,0
S01008936,159,134,78,45,9,27,27,0,0,0
S01008937,426,188,59,60,69,235,215,17,6,0
S01008938,283,240,86,148,7,42,38,0,2,0
S01008939,314,264,45,179,40,50,50,0,0,0
S01008940,251,209,102,72,36,45,41,2,0,0
S01008941,387,270,163,37,75,117,118,3,0,0
S01008942,331,206,104,28,75,126,122,4,0,0
S01008943,344,285,205,24,55,59,59,0,0,0
S01008944,428,300,207,24,69,128,123,4,0,0
S01008945,319,305,184,51,70,10,10,0,0,0
S01008946,473,266,217,29,20,211,194,13,0,0
S01008947,464,347,245,92,10,113,111,2,0,0
S01008948,299,214,97,83,31,85,82,5,0,0
S01008949,397,352,8,175,167,47,47,1,1,0
S01008950,421,372,24,194,160,49,46,3,0,0
S01008951,436,131,13,55,63,305,305,0,2,0
S01008952,421,44,19,17,14,374,373,1,0,0
S01008953,414,262,31,108,123,149,148,4,0,0
S01008954,486,248,16,117,119,238,238,0,0,0
S01008955,249,199,57,85,58,49,47,2,0,0
S01008956,471,364,60,78,226,107,107,0,0,0
S01008957,429,283,52,76,155,150,145,1,0,0
S01008958,448,194,21,35,135,254,244,8,2,0
S01008959,365,261,7,66,188,100,103,0,0,0
S01008960,449,233,166,21,43,216,211,5,0,0
S01008961,313,245,69,70,106,68,67,2,0,0
S01008962,279,232,75,152,5,44,43,1,0,0
S01008963,348,308,159,135,14,40,40,0,0,0
S01008964,215,199,137,55,4,16,15,0,2,0
S01008965,348,318,250,56,12,30,30,0,0,0
S01008966,271,247,106,126,15,24,24,0,0,0
S01008967,430,402,214,138,50,27,26,1,0,1
S01008968,708,508,248,200,62,198,198,0,0,0
S01008969,429,331,93,171,67,102,100,2,0,0
S01008970,442,306,145,133,27,136,121,14,5,0
S01008971,271,230,104,109,21,41,36,4,1,0
S01008972,305,234,76,127,31,71,56,15,0,0
S01008973,400,188,18,73,98,208,190,17,2,0
S01008974,373,176,82,74,21,197,183,6,8,0
S01008975,436,122,27,37,58,313,302,11,0,1
S01008976,210,164,56,57,48,46,41,4,0,0
S01008977,264,205,99,66,40,59,57,2,0,0
S01008978,252,93,2,28,63,157,151,1,0,0
S01008979,310,46,4,25,17,264,254,6,1,0
S01008980,334,63,7,30,26,271,270,4,0,0
S01008981,331,276,42,117,114,52,46,4,2,0
S01008982,357,53,3,27,27,304,298,2,1,0
S01008983,320,26,1,6,19,294,293,0,1,0
S01008984,230,45,1,23,21,185,180,4,0,0
S01008985,519,248,28,76,144,274,270,2,0,0
S01008986,336,321,5,296,19,13,13,0,0,0
S01008987,325,319,5,301,11,6,4,0,2,0
S01008988,487,253,56,64,135,230,228,1,2,0
S01008989,350,219,8,51,160,135,128,6,1,0
S01008990,546,289,32,55,202,257,247,12,0,0
S01008991,387,324,82,148,93,64,62,1,0,0
S01008992,261,116,25,74,21,141,139,2,0,0
S01008993,492,323,164,106,52,165,161,4,0,0
S01008994,313,265,37,136,93,47,50,2,0,0
S01008995,331,283,118,147,18,45,35,10,0,3
S01008996,404,369,144,71,154,34,32,2,0,1
S01008997,463,429,209,93,124,37,34,2,0,0
S01008998,335,299,64,140,95,36,33,3,0,0
S01008999,405,299,94,109,96,106,96,8,2,0
S01009000,703,640,291,275,74,63,61,2,0,0
S01009001,301,267,176,87,2,36,35,1,0,0
S01009002,1173,906,504,195,203,267,259,7,1,0
S01009003,413,322,171,61,90,90,68,20,3,0
S01009004,271,240,22,40,180,29,28,1,0,0
S01009005,423,274,29,45,197,145,143,0,0,0
S01009006,335,254,40,72,142,81,79,2,0,0
S01009007,285,252,8,59,188,37,32,1,0,0
S01009008,439,251,146,70,32,188,163,17,8,0
S01009009,255,47,7,20,19,208,198,10,0,0
S01009010,405,313,66,150,101,88,87,1,0,0
S01009011,322,308,135,120,55,10,10,0,0,0
S01009012,292,279,76,140,63,17,12,0,0,0
S01009013,348,328,99,93,137,20,20,3,0,0
S01009014,288,281,179,81,22,4,2,0,3,3
S01009015,316,313,262,48,2,1,1,0,0,4
S01009016,256,255,207,38,10,4,3,1,0,0
S01009017,262,241,159,58,24,21,18,2,0,0
S01009018,359,356,294,54,11,3,2,0,2,0
S01009019,215,210,158,29,23,4,4,1,0,0
S01009020,361,353,163,81,109,7,7,0,0,1
S01009021,367,357,305,43,15,5,3,1,1,6
S01009022,444,435,328,88,13,10,6,1,1,2
S01009023,419,415,338,59,16,3,3,0,0,1
S01009024,487,464,307,91,66,23,18,1,6,1
S01009025,452,453,377,71,5,2,2,0,0,0
S01009026,461,454,373,77,4,5,5,0,0,4
S01009027,366,361,313,47,4,2,0,2,0,4
S01009028,241,239,203,33,3,2,2,0,0,1
S01009029,270,270,221,42,7,0,0,0,0,0
S01009030,292,288,223,59,3,5,4,0,2,0
S01009031,366,361,286,76,3,3,3,0,0,0
S01009032,313,313,265,47,0,2,2,0,0,0
S01009033,344,342,314,32,0,2,2,0,0,0
S01009034,296,294,259,31,4,3,1,1,0,0
S01009035,413,411,355,57,1,1,1,0,2,0
S01009036,450,446,328,101,16,6,6,0,0,0
S01009037,377,375,278,92,5,2,2,0,0,0
S01009038,428,405,274,110,21,23,21,1,1,0
S01009039,272,242,82,77,83,30,28,1,1,0
S01009040,358,232,33,82,115,125,117,2,6,2
S01009041,538,301,121,106,71,242,220,11,7,0
S01009042,293,224,90,129,5,69,66,3,0,0
S01009043,291,252,95,67,90,39,37,1,0,0
S01009044,364,306,70,131,105,57,57,0,0,0
S01009045,338,316,122,114,82,20,20,0,0,0
S01009046,487,482,289,167,26,5,4,1,0,0
S01009047,336,335,260,71,7,1,0,1,0,0
S01009048,341,341,302,35,4,0,0,0,0,0
S01009049,249,248,210,26,12,1,0,0,1,0
S01009050,412,321,134,127,59,91,89,2,0,0
S01009051,287,258,73,77,106,29,29,0,0,0
S01009052,303,247,97,82,70,56,48,8,1,0
S01009053,340,106,13,61,32,234,232,2,0,0
S01009054,239,231,14,91,123,12,12,0,0,0
S01009055,540,468,240,99,129,71,63,8,1,0
S01009056,216,166,25,85,60,50,48,2,0,0
S01009057,262,62,19,20,23,199,192,5,2,0
S01009058,405,246,41,60,145,158,146,9,4,1
S01009059,323,267,140,60,64,55,52,3,0,0
S01009060,546,499,324,79,96,8,7,1,0,39
S01009061,328,310,9,55,250,14,14,0,0,0
S01009062,307,244,11,95,137,63,61,0,2,0
S01009063,301,295,106,71,120,2,2,0,0,0
S01009064,260,213,3,40,167,47,46,0,0,0
S01009065,299,138,18,76,44,161,156,0,0,0
S01009066,329,265,31,76,158,65,62,2,0,0
S01009067,327,319,216,92,11,10,4,2,2,0
S01009068,380,341,44,170,127,40,40,0,0,0
S01009069,250,241,130,102,12,9,9,0,0,0
S01009070,253,210,75,85,50,43,42,1,0,0
S01009071,214,194,56,62,76,19,19,0,0,0
S01009072,198,182,118,32,36,16,16,0,0,0
S01009073,297,276,39,123,114,21,21,0,0,0
S01009074,290,269,12,108,152,21,22,2,0,0
S01009075,239,216,81,45,90,23,21,0,0,0
S01009076,403,300,47,200,54,103,102,1,0,0
S01009077,256,209,68,120,21,44,44,0,0,0
S01009078,269,260,187,70,6,9,6,0,1,0
S01009079,385,288,34,104,150,97,91,3,3,0
S01009080,458,416,40,153,222,41,41,0,0,0
S01009081,281,271,63,103,105,8,9,1,0,0
S01009082,506,387,68,154,162,121,120,0,1,0
S01009083,341,244,86,97,61,96,94,2,1,1
S01009084,312,276,205,45,22,36,35,0,0,0
S01009085,291,287,155,122,10,4,4,0,0,0
S01009086,300,209,78,112,15,91,91,0,0,0
S01009087,248,204,56,75,70,44,43,1,0,0
S01009088,405,383,215,123,38,22,22,0,0,0
S01009089,302,300,254,43,3,1,1,0,0,0
S01009090,905,583,327,67,189,322,322,0,0,0
S01009091,262,248,220,9,17,17,17,0,0,0
S01009092,558,434,115,195,123,118,115,1,1,0
S01009093,342,248,22,105,124,94,93,1,0,0
S01009094,290,287,149,136,2,3,3,0,0,0
S01009095,446,271,129,111,30,178,161,13,5,0
S01009096,390,287,209,47,31,102,98,1,1,1
S01009097,344,318,184,118,13,29,26,1,2,0
S01009098,191,185,117,51,9,6,4,6,0,0
S01009099,360,225,19,147,59,135,124,6,5,0
S01009100,420,232,14,103,115,184,170,8,8,0
S01009101,374,342,20,144,178,32,30,1,1,0
S01009102,323,287,24,196,67,36,35,1,0,0
S01009103,243,229,122,91,15,15,15,0,0,0
S01009104,357,247,76,75,96,106,103,3,0,2
S01009105,340,277,53,138,82,60,56,3,1,0
S01009106,266,227,5,43,175,42,41,0,2,0
S01009107,335,320,117,99,107,15,11,4,0,0
S01009108,315,251,95,152,8,63,62,1,0,0
S01009109,267,265,137,100,25,5,5,0,0,0
S01009110,273,255,15,115,125,17,17,0,0,0
S01009111,378,336,93,145,100,42,40,2,0,0
S01009112,239,238,81,145,12,2,2,0,0,0
S01009113,375,327,192,125,10,48,46,1,0,0
S01009114,339,285,80,137,76,50,48,2,0,0
S01009115,261,156,81,47,28,105,104,1,0,0
S01009116,190,160,70,89,1,30,29,1,0,0
S01009117,353,236,30,120,84,117,112,2,3,0
S01009118,219,213,91,86,32,6,6,0,0,0
S01009119,299,285,12,178,96,13,13,0,0,0
S01009120,237,187,13,71,103,50,50,0,0,0
S01009121,364,166,28,68,70,194,190,4,0,0
S01009122,1117,981,612,168,201,132,129,2,1,1
S01009123,223,215,117,44,55,7,7,0,0,0
S01009124,212,210,81,75,55,2,2,0,0,0
S01009125,287,234,101,91,42,53,52,1,0,0
S01009126,292,134,8,38,85,158,158,0,0,0
S01009127,291,190,14,61,115,100,100,0,0,5
S01009128,439,73,4,50,15,366,360,4,1,0
S01009129,209,91,5,65,21,122,122,0,0,0
S01009130,225,139,58,49,32,86,85,1,0,0
S01009131,288,91,6,70,12,195,192,1,1,1
S01009132,334,255,136,74,42,77,77,0,0,0
S01009133,337,91,16,61,14,246,245,1,0,0
S01009134,399,256,21,229,6,143,140,0,0,0
S01009135,271,149,58,65,26,122,117,1,1,0
S01009136,277,188,155,16,17,89,89,0,0,0
S01009137,289,283,249,28,5,6,6,0,0,0
S01009138,397,287,35,156,96,110,88,19,3,0
S01009139,262,40,19,15,8,221,221,0,0,0
S01009140,357,124,5,64,55,233,220,7,6,0
S01009141,473,160,11,102,47,313,290,9,10,0
S01009142,468,125,18,53,59,340,329,10,1,0
S01009143,308,72,3,47,22,236,230,6,0,0
S01009144,432,280,114,67,95,152,152,0,0,0
S01009145,478,276,35,84,157,203,200,4,0,0
S01009146,409,171,9,139,23,240,241,1,1,1
S01009147,291,149,9,87,53,144,144,0,0,1
S01009148,250,214,2,117,99,28,28,0,0,0
S01009149,376,202,101,91,10,174,166,2,3,0
S01009150,589,8,2,0,4,581,579,1,1,0
S01009151,468,194,27,116,45,274,260,15,2,0
S01009152,459,57,23,10,24,402,390,8,5,0
S01009153,267,67,9,45,13,199,168,12,20,0
S01009154,454,263,131,117,12,195,163,29,2,0
S01009155,231,147,48,82,13,84,75,7,2,0
S01009156,267,228,160,45,23,38,30,7,1,0
S01009157,402,344,20,143,181,54,52,2,1,0
S01009158,238,188,9,63,117,49,49,0,0,0
S01009159,215,88,4,42,42,123,122,1,0,0
S01009160,331,107,7,80,18,224,216,8,3,0
S01009161,337,95,22,24,49,242,238,1,2,0
S01009162,445,84,11,59,14,361,357,4,4,0
S01009163,256,112,27,65,20,148,141,7,0,0
S01009164,345,332,3,112,216,13,13,0,0,0
S01009165,316,203,14,59,126,115,115,0,0,0
S01009166,341,161,5,89,65,179,179,0,0,0
S01009167,204,178,9,84,84,25,25,0,0,0
S01009168,310,268,121,94,49,46,45,1,0,0
S01009169,440,193,31,66,96,247,246,0,1,0
S01009170,306,265,7,45,213,41,39,2,0,0
S01009171,302,190,30,34,129,112,110,2,0,0
S01009172,284,233,107,122,4,51,46,3,2,0
S01009173,310,294,158,92,44,16,16,0,0,0
S01009174,161,158,139,18,1,3,3,0,0,0
S01009175,308,302,224,71,7,6,5,1,0,0
S01009176,427,424,314,104,6,3,2,0,2,0
S01009177,361,282,10,81,191,79,79,0,0,0
S01009178,336,247,7,69,171,93,93,0,0,0
S01009179,255,226,5,24,197,29,29,0,0,0
S01009180,469,318,14,81,227,147,147,0,0,0
S01009181,332,288,38,180,70,44,40,4,1,0
S01009182,420,388,160,149,80,32,31,1,0,0
S01009183,257,250,198,41,7,7,7,0,0,0
S01009184,381,301,113,87,97,81,75,1,4,2
S01009185,365,327,94,133,100,37,37,0,0,0
S01009186,307,266,111,84,71,41,40,1,0,0
S01009187,237,220,156,34,30,9,4,5,0,9
S01009188,376,336,126,124,81,39,35,0,2,1
S01009189,334,235,26,149,60,99,95,4,0,0
S01009190,521,507,330,119,60,14,13,1,0,0
S01009191,239,239,203,22,14,0,0,0,0,0
S01009192,261,240,70,104,69,17,16,1,0,5
S01009193,754,732,450,178,105,22,21,1,0,0
S01009194,319,314,233,73,1,8,4,1,0,0
S01009195,346,295,107,108,80,51,48,3,0,0
S01009196,289,238,37,156,48,48,46,3,3,0
S01009197,438,399,250,95,58,39,36,2,1,0
S01009198,298,250,126,102,19,51,47,4,0,0
S01009199,243,233,117,83,34,9,9,0,0,0
S01009200,681,634,436,128,70,47,47,0,0,0
S01009201,258,209,34,54,121,49,48,0,0,0
S01009202,187,183,142,34,7,5,5,0,0,0
S01009203,298,228,18,105,105,75,75,0,0,0
S01009204,352,337,105,151,81,15,13,2,0,0
S01009205,371,277,64,174,33,95,91,4,0,0
S01009206,340,258,115,123,21,81,78,1,0,0
S01009207,369,316,170,119,24,56,55,1,0,0
S01009208,303,242,114,93,35,64,63,0,1,0
S01009209,343,253,111,86,56,90,81,8,1,0
S01009210,197,166,119,45,3,31,30,1,0,0
S01009211,218,171,30,103,41,47,45,2,0,0
S01009212,359,312,26,109,177,47,45,1,2,0
S01009213,318,260,40,141,79,58,53,3,0,0
S01009214,412,405,126,187,92,7,6,0,1,0
S01009215,406,226,58,95,71,183,172,3,7,0
S01009216,449,332,33,186,113,117,112,5,0,0
S01009217,288,178,17,113,50,110,103,3,0,0
S01009218,374,293,60,170,63,81,79,2,0,0
S01009219,296,235,5,54,176,65,65,0,0,0
S01009220,262,112,49,54,10,150,150,0,0,0
S01009221,237,184,6,65,113,53,51,2,1,0
S01009222,211,141,5,43,93,70,70,0,0,0
S01009223,281,215,5,68,142,66,65,0,1,0
S01009224,299,121,16,35,70,178,176,2,0,0
S01009225,261,172,5,57,110,88,87,2,0,0
S01009226,497,89,14,47,28,408,404,4,0,0
S01009227,328,97,6,51,43,235,228,6,1,0
S01009228,283,122,16,18,89,162,162,0,0,1
S01009229,260,116,36,55,26,143,128,2,13,0
S01009230,241,69,23,12,34,172,169,3,0,0
S01009231,468,196,22,124,50,272,268,3,1,0
S01009232,292,97,4,27,66,195,194,0,1,0
S01009233,254,243,16,64,163,11,8,2,0,0
S01009234,448,206,14,42,152,241,235,1,5,1
S01009235,449,218,25,114,79,231,225,1,5,0
S01009236,235,112,47,56,9,120,112,5,0,0
S01009237,378,246,77,148,21,132,125,7,0,0
S01009238,333,279,15,27,239,51,49,2,0,0
S01009239,428,169,5,52,116,259,254,2,1,0
S01009240,321,111,15,42,54,209,209,0,0,1
S01009241,430,268,17,55,197,161,161,0,0,1
S01009242,330,268,112,130,26,62,59,1,0,0
S01009243,393,361,21,89,251,25,26,0,2,0
S01009244,363,344,202,135,7,19,17,1,2,0
S01009245,352,319,151,89,79,37,37,0,0,0
S01009246,387,318,12,267,35,69,59,9,1,0
S01009247,433,413,22,181,210,20,18,2,0,0
S01009248,300,281,106,80,95,19,19,0,0,0
S01009249,411,177,20,85,72,233,229,3,1,0
S01009250,274,258,12,110,136,16,14,1,0,0
S01009251,226,221,89,58,74,5,5,0,0,0
S01009252,162,161,113,30,22,2,2,0,0,0
S01009253,237,210,11,70,129,27,26,1,0,0
S01009254,375,196,40,93,63,179,177,0,2,0
S01009255,378,75,10,26,36,303,273,11,21,0
S01009256,217,155,35,85,31,62,59,3,0,0
S01009257,355,149,82,40,28,206,187,13,6,0
S01009258,447,407,237,117,53,39,36,3,0,1
S01009259,374,357,153,141,63,17,17,0,0,0
S01009260,464,278,93,100,87,186,175,10,1,0
S01009261,354,194,44,71,79,164,152,8,0,0
S01009262,276,167,10,28,130,112,111,0,1,0
S01009263,472,432,167,124,134,40,37,0,0,0
S01009264,226,218,78,108,34,4,4,0,0,0
S01009265,478,394,73,184,135,88,74,8,2,0
S01009266,393,345,107,108,130,48,44,7,0,0
S01009267,375,264,69,83,116,104,80,21,3,0
S01009268,516,383,113,168,105,125,127,0,3,2
S01009269,367,324,24,136,167,43,43,0,0,0
S01009270,324,181,20,78,83,143,141,0,2,0
S01009271,351,345,188,146,7,6,6,0,0,0
S01009272,283,273,9,163,100,10,9,0,1,0
S01009273,218,210,136,49,25,4,4,0,0,0
S01009274,248,243,127,55,67,5,4,0,2,0
S01009275,403,317,196,78,43,85,84,0,2,1
S01009276,382,377,261,63,52,9,9,0,0,0
S01009277,497,485,367,74,44,12,8,3,2,0
S01009278,263,227,99,44,80,37,25,12,0,0
S01009279,368,287,144,103,40,81,61,19,2,0
S01009280,405,359,31,151,178,41,43,0,1,0
S01009281,369,285,45,173,67,83,82,1,0,1
S01009282,353,246,124,76,47,105,86,19,0,2
S01009283,271,255,61,84,110,15,12,3,0,1
S01009284,315,303,173,95,35,13,11,2,0,0
S01009285,353,293,116,147,30,62,61,0,0,0
S01009286,361,315,190,86,39,49,42,1,2,0
S01009287,337,295,207,46,41,43,37,6,0,0
S01009288,436,384,177,79,128,52,42,9,2,0
S01009289,377,356,250,43,55,29,20,5,5,0
S01009290,281,278,171,97,12,4,4,0,0,0
S01009291,410,403,159,215,28,7,3,3,1,0
S01009292,241,190,12,64,114,51,48,2,2,0
S01009293,303,204,114,49,41,99,98,4,0,0
S01009294,295,259,170,43,48,36,26,6,1,0
S01009295,263,259,93,111,60,3,1,1,0,0
S01009296,187,169,106,38,25,17,17,0,0,0
S01009297,336,289,215,53,23,49,36,10,1,0
S01009298,542,247,42,78,124,292,277,13,2,0
S01009299,566,195,45,67,83,371,333,32,6,0
S01009300,326,101,23,29,49,225,200,21,4,0
S01009301,646,170,42,43,81,479,452,26,1,0
S01009302,431,69,13,48,8,362,351,10,0,0
S01009303,367,225,114,84,27,138,131,11,0,0
S01009304,435,319,99,135,85,116,109,9,0,0
S01009305,407,168,42,99,25,241,224,14,1,0
S01009306,613,189,28,123,41,425,386,39,0,1
S01009307,630,168,79,41,47,460,378,48,32,0
S01009308,326,59,21,11,20,267,221,35,11,0
S01009309,426,149,31,49,70,276,243,25,6,0
S01009310,392,292,220,57,15,100,87,13,0,0
S01009311,278,254,16,48,191,20,16,1,0,0
S01009312,402,135,24,34,77,267,233,34,0,0
S01009313,284,140,16,84,40,144,137,5,2,0
S01009314,233,188,132,42,15,41,37,3,1,0
S01009315,284,203,20,161,19,81,75,4,1,0
S01009316,319,235,112,93,36,82,70,13,1,0
S01009317,326,319,190,118,8,8,9,2,0,0
S01009318,236,229,120,105,2,4,4,0,0,0
S01009319,413,385,224,151,10,28,28,0,0,1
S01009320,377,344,70,166,105,33,33,0,0,0
S01009321,292,287,253,23,15,5,5,0,0,0
S01009322,334,296,167,66,64,38,36,2,0,0
S01009323,330,235,100,77,57,92,89,3,0,0
S01009324,255,152,33,40,79,103,101,2,0,0
S01009325,288,283,75,146,62,5,4,0,2,0
S01009326,211,182,90,61,31,29,28,1,0,0
S01009327,315,296,174,110,13,19,17,1,1,0
S01009328,320,255,245,4,4,65,65,0,0,0
S01009329,674,506,282,86,134,168,168,0,0,0
S01009330,201,149,73,25,51,51,50,1,0,0
S01009331,791,692,521,129,42,95,93,1,1,0
S01009332,429,405,294,100,11,24,19,4,2,0
S01009333,450,255,38,119,98,195,187,8,0,0
S01009334,318,210,10,49,152,108,108,0,0,0
S01009335,395,339,17,192,133,56,55,0,1,0
S01009336,319,127,18,23,86,192,191,2,0,0
S01009337,316,180,7,93,77,136,132,3,0,0
S01009338,507,380,26,146,208,126,125,1,1,1
S01009339,432,314,23,131,160,118,111,1,6,0
S01009340,300,265,8,116,140,36,36,0,0,0
S01009341,273,259,7,151,102,14,13,1,0,0
S01009342,330,296,17,133,145,34,28,4,0,0
S01009343,247,240,7,25,208,4,4,0,0,0
S01009344,309,282,14,103,165,27,23,4,0,0
S01009345,373,367,16,62,289,6,5,0,1,0
S01009346,229,225,204,18,3,4,4,0,0,0
S01009347,222,219,207,2,10,3,2,1,0,0
S01009348,169,165,129,32,1,3,2,0,1,0
S01009349,287,232,225,4,4,56,51,0,1,0
S01009350,240,176,95,32,49,64,63,1,0,0
S01009351,211,144,99,17,25,67,66,1,0,0
S01009352,285,263,196,22,49,22,22,0,0,0
S01009353,491,430,294,74,62,60,58,4,0,1
S01009354,774,689,489,83,116,86,85,3,4,0
S01009355,356,343,177,160,10,9,9,0,0,0
S01009356,414,403,174,227,5,11,11,0,0,0
S01009357,183,158,119,23,15,25,21,2,0,0
S01009358,257,254,241,10,3,5,5,0,0,0
S01009359,281,254,192,42,20,29,29,0,0,0
S01009360,372,312,138,104,68,60,47,11,4,0
S01009361,340,305,90,150,61,34,34,1,0,0
S01009362,417,410,142,238,30,7,6,1,0,0
S01009363,371,287,28,60,199,84,81,2,1,0
S01009364,348,325,61,41,220,29,25,0,1,0
S01009365,277,171,8,38,123,105,104,1,0,0
S01009366,308,239,11,119,109,69,65,2,0,0
S01009367,310,260,6,54,200,50,48,0,2,0
S01009368,210,206,21,130,53,4,6,0,0,0
S01009369,280,242,6,97,138,37,31,1,5,0
S01009370,384,274,77,105,89,110,107,3,0,0
S01009371,238,235,18,42,178,9,6,1,0,0
S01009372,217,207,13,53,142,13,10,4,1,0
S01009373,493,333,21,66,246,160,158,0,0,0
S01009374,464,369,75,115,179,93,93,0,0,2
S01009375,331,293,8,49,236,37,37,0,0,2
S01009376,268,192,6,21,165,76,75,1,0,0
S01009377,368,282,23,63,196,86,86,0,0,0
S01009378,383,327,107,53,170,56,56,0,0,0
S01009379,342,309,180,42,87,33,33,0,0,0
S01009380,214,177,22,123,32,39,39,0,0,0
S01009381,279,224,67,73,83,58,56,1,1,0
S01009382,377,296,48,59,189,81,73,3,5,0
S01009383,416,216,32,30,150,200,186,4,8,0
S01009384,250,221,155,45,18,32,27,6,1,0
S01009385,222,165,70,54,41,57,56,2,0,0
S01009386,254,252,17,38,197,5,5,0,0,0
S01009387,347,315,70,77,166,34,30,3,0,0
S01009388,352,156,19,60,77,196,190,3,0,0
S01009389,484,271,97,143,31,213,182,18,13,0
S01009390,233,220,204,11,5,13,13,0,0,0
S01009391,275,270,135,130,5,5,5,0,0,0
S01009392,193,189,123,44,18,2,2,0,0,0
S01009393,271,265,159,88,20,4,1,1,0,0
S01009394,494,231,123,39,68,263,262,2,0,0
S01009395,302,297,241,26,34,4,4,0,0,0
S01009396,292,274,230,16,28,19,17,2,0,0
S01009397,347,300,188,104,8,47,46,1,0,0
S01009398,302,278,70,173,31,24,22,3,0,0
S01009399,303,300,156,124,24,3,2,1,0,0
S01009400,222,218,23,59,136,1,3,1,0,0
S01009401,283,282,176,73,37,1,1,0,0,0
S01009402,387,383,232,117,34,6,3,0,0,0
S01009403,204,198,58,93,48,5,5,0,0,0
S01009404,287,140,38,80,22,147,146,0,1,0
S01009405,204,157,105,35,17,6,4,0,1,41
S01009406,471,350,95,180,72,121,113,6,2,0
S01009407,239,200,80,67,51,39,30,5,3,0
S01009408,397,346,234,81,31,51,44,1,2,0
S01009409,446,398,70,130,197,51,50,2,0,0
S01009410,353,295,33,135,123,58,57,0,1,0
S01009411,321,297,15,222,60,24,20,4,0,0
S01009412,408,302,16,198,88,106,103,3,0,0
S01009413,494,437,63,232,142,57,54,0,1,0
S01009414,290,285,55,88,141,5,4,0,2,0
S01009415,325,184,55,78,51,141,125,10,10,0
S01009416,200,194,94,81,19,2,2,1,0,0
S01009417,452,437,238,133,64,17,16,0,1,3
S01009418,499,320,71,129,126,175,159,10,4,0
S01009419,257,221,17,82,126,36,36,0,0,0
S01009420,267,182,11,70,99,86,86,0,0,0
S01009421,313,161,50,68,47,148,146,2,0,0
S01009422,377,307,61,86,160,70,69,1,0,0
S01009423,492,480,289,121,70,12,11,1,0,0
S01009424,270,217,142,56,19,53,50,0,2,0
S01009425,373,245,131,72,42,128,125,5,0,0
S01009426,400,151,39,63,50,252,245,5,0,0
S01009427,320,133,49,48,36,187,186,0,0,0
S01009428,278,246,28,149,67,28,30,1,1,0
S01009429,324,245,21,129,95,78,73,4,0,1
S01009430,324,271,54,156,61,53,51,2,0,0
S01009431,310,220,54,127,36,90,88,1,1,0
S01009432,332,299,36,111,152,33,31,0,0,0
S01009433,326,313,31,97,185,13,10,0,2,0
S01009434,247,236,21,75,137,14,14,0,0,0
S01009435,330,305,26,93,186,25,23,1,1,0
S01009436,291,166,27,97,45,125,125,0,0,0
S01009437,313,234,47,76,112,81,69,2,4,0
S01009438,414,319,66,125,127,92,89,5,1,0
S01009439,354,325,16,135,175,25,24,2,0,0
S01009440,314,257,26,100,125,59,51,5,3,0
S01009441,344,288,8,136,144,56,57,1,0,0
S01009442,219,212,149,46,13,7,5,1,0,0
S01009443,730,650,299,215,136,79,77,2,0,2
S01009444,273,272,180,73,19,3,3,0,0,0
S01009445,364,340,26,236,75,23,23,0,0,1
S01009446,476,241,31,107,100,238,224,3,8,0
S01009447,268,179,28,101,50,89,79,3,7,0
S01009448,504,468,203,221,44,33,39,1,0,0
S01009449,209,182,12,106,64,29,29,0,0,0
S01009450,289,168,9,91,68,121,121,0,0,0
S01009451,453,234,23,186,25,219,216,2,0,0
S01009452,302,168,17,75,76,134,127,0,5,0
S01009453,416,292,64,160,70,124,118,3,4,0
S01009454,405,295,112,109,72,108,89,18,1,0
S01009455,501,407,250,80,76,93,62,24,7,1
S01009456,488,379,173,84,122,108,107,3,1,0
S01009457,268,254,172,49,29,17,16,1,0,1
S01009458,317,162,54,82,26,155,136,19,0,0
S01009459,451,193,62,74,57,258,227,18,15,0
S01009460,399,111,23,42,46,288,274,8,6,0
S01009461,283,279,269,3,6,4,3,0,1,0
S01009462,311,263,54,119,95,47,43,2,2,1
S01009463,312,240,66,104,74,76,71,5,0,0
S01009464,402,284,99,116,69,118,108,8,2,0
S01009465,265,206,27,74,103,59,59,4,0,0
S01009466,245,198,79,90,28,49,28,19,0,0
S01009467,313,260,121,106,31,53,41,10,0,0
S01009468,406,151,48,77,27,255,245,6,4,0
S01009469,407,284,133,73,78,123,113,8,4,0
S01009470,221,153,83,55,14,65,66,1,1,0
S01009471,379,47,8,22,17,332,329,4,0,0
S01009472,423,162,40,93,29,261,246,14,1,0
S01009473,468,118,19,69,30,349,334,11,4,1
S01009474,392,190,107,56,27,202,201,4,0,0
S01009475,225,199,183,8,6,30,30,0,0,0
S01009476,309,288,215,40,31,19,14,7,0,1
S01009477,389,152,38,62,52,237,182,51,5,0
S01009478,501,156,29,37,90,342,301,29,16,0
S01009479,496,129,27,70,28,367,300,37,30,0
S01009480,428,199,41,113,48,229,220,9,0,0
S01009481,473,197,26,133,40,273,266,6,1,4
S01009482,326,72,24,34,16,254,241,12,2,0
S01009483,431,130,13,75,42,301,291,12,1,0
S01009484,481,159,66,76,20,322,318,3,1,0
S01009485,365,215,76,108,28,150,150,1,0,0
S01009486,299,202,116,72,14,97,96,1,0,0
S01009487,421,272,40,148,83,148,148,0,0,1
S01009488,271,259,49,152,62,11,11,3,0,1
S01009489,388,213,47,87,79,175,164,6,9,0
S01009490,368,157,25,80,55,208,202,3,0,0
S01009491,411,351,48,204,96,60,51,9,0,0
S01009492,236,215,8,108,97,21,19,1,1,0
S01009493,373,364,317,39,7,9,6,0,1,0
S01009494,390,359,179,166,11,30,27,3,0,2
S01009495,380,350,175,131,42,30,30,0,0,0
S01009496,371,314,10,37,266,57,56,2,0,0
S01009497,460,417,48,127,242,46,42,2,0,0
S01009498,278,277,181,90,6,1,1,0,0,0
S01009499,348,306,81,155,69,42,42,0,1,0
S01009500,330,267,9,99,159,63,62,0,0,0
S01009501,417,310,21,125,168,109,103,1,5,0
S01009502,367,325,10,71,244,42,42,0,0,0
S01009503,331,312,11,55,246,19,19,0,0,0
S01009504,289,211,11,91,108,82,77,0,0,0
S01009505,343,200,17,62,121,146,146,1,0,0
S01009506,342,221,10,90,121,121,116,5,0,0
S01009507,345,308,101,96,111,39,39,0,0,0
S01009508,392,265,18,99,148,127,124,4,0,0
S01009509,401,269,13,97,159,135,135,0,0,0
S01009510,302,300,143,152,5,3,0,2,0,0
S01009511,258,256,161,93,2,1,1,0,0,1
S01009512,314,311,108,191,13,2,2,0,0,0
S01009513,245,241,96,141,4,4,4,0,0,0
S01009514,284,280,82,185,13,4,1,2,0,0
S01009515,360,295,10,60,225,65,64,1,0,0
S01009516,370,354,47,59,248,16,16,0,0,0
S01009517,348,309,234,46,27,41,39,2,0,0
S01009518,317,294,246,12,39,23,23,0,0,0
S01009519,361,333,235,54,38,28,27,1,0,0
S01009520,336,282,96,58,128,54,53,0,0,0
S01009521,386,271,49,156,66,68,68,0,0,47
S01009522,384,307,67,166,77,76,74,2,1,0
S01009523,253,101,12,57,32,151,146,4,0,0
S01009524,362,141,17,76,46,221,215,5,0,0
S01009525,264,102,13,68,21,162,158,4,0,0
S01009526,348,64,37,13,14,283,259,19,5,0
S01009527,394,109,19,32,59,285,250,9,24,0
S01009528,340,41,8,14,15,303,299,1,1,0
S01009529,258,199,37,107,55,58,46,11,2,0
S01009530,255,243,83,151,7,15,12,3,0,0
S01009531,616,365,64,109,190,252,246,6,0,0
S01009532,456,282,20,71,190,172,171,2,0,2
S01009533,529,201,21,104,76,328,326,1,2,0
S01009534,471,179,17,78,90,292,272,6,11,0
S01009535,389,104,10,42,52,285,281,4,0,0
S01009536,240,113,40,52,21,124,122,4,0,0
S01009537,269,114,57,30,27,155,152,3,1,0
S01009538,476,134,38,53,42,342,320,21,4,0
S01009539,424,379,43,147,189,41,37,3,2,0
S01009540,455,141,32,51,60,314,305,9,0,0
S01009541,545,491,222,184,85,50,44,4,4,0
S01009542,387,154,16,71,67,235,232,2,1,0
S01009543,296,231,59,98,75,63,49,13,1,1
S01009544,463,389,97,77,215,73,61,10,2,1
S01009545,302,245,51,112,86,54,51,1,1,0
S01009546,482,387,120,188,79,95,95,0,0,0
S01009547,395,235,69,127,43,156,150,5,2,6
S01009548,268,181,30,84,63,87,81,3,3,0
S01009549,341,259,62,76,121,81,77,3,2,0
S01009550,213,210,66,55,89,3,2,1,0,0
S01009551,230,224,28,24,172,8,5,1,0,0
S01009552,412,378,153,146,80,29,29,2,0,1
S01009553,415,250,34,154,62,161,163,1,0,0
S01009554,306,204,68,76,60,102,88,12,2,0
S01009555,378,246,90,87,69,132,96,24,12,0
S01009556,328,265,10,41,214,63,62,1,0,0
S01009557,277,262,16,52,196,15,14,1,0,0
S01009558,296,283,20,52,211,13,12,0,0,0
S01009559,349,317,15,71,229,29,24,4,1,0
S01009560,382,322,26,83,207,60,56,3,1,0
S01009561,300,238,7,61,170,62,58,3,1,0
S01009562,341,299,8,79,213,43,37,6,0,0
S01009563,362,295,10,61,223,67,67,0,0,0
S01009564,312,280,18,154,109,32,25,4,2,0
S01009565,246,221,7,36,178,25,24,0,1,0
S01009566,415,401,72,36,296,14,14,0,0,0
S01009567,415,373,41,70,262,42,41,0,1,0
S01009568,319,312,17,46,252,7,7,0,0,0
S01009569,345,335,9,49,277,8,7,2,0,0
S01009570,235,224,11,48,166,8,12,1,0,0
S01009571,298,190,12,41,137,109,106,2,0,0
S01009572,435,302,10,108,178,131,131,0,0,0
S01009573,317,238,14,98,122,77,70,2,2,0
S01009574,435,337,18,93,230,98,89,6,3,0
S01009575,216,207,7,42,158,7,7,0,2,0
S01009576,212,199,187,8,4,13,6,2,5,0
S01009577,229,228,170,52,5,1,1,0,0,0
S01009578,302,286,33,59,191,17,14,3,0,0
S01009579,420,301,183,104,13,119,118,0,0,0
S01009580,373,316,146,129,45,55,54,1,0,5
S01009581,237,221,37,22,159,16,14,2,0,0
S01009582,234,230,11,30,189,4,2,1,1,0
S01009583,364,334,15,32,287,31,31,0,0,0
S01009584,210,196,113,40,44,14,13,1,0,0
S01009585,397,390,15,46,329,8,8,0,0,0
S01009586,301,272,79,30,162,30,25,1,2,0
S01009587,383,307,13,132,160,76,74,1,1,0
S01009588,425,396,14,113,266,32,29,0,2,0
S01009589,348,342,12,111,222,6,6,0,0,0
S01009590,265,264,187,67,10,1,1,0,0,0
S01009591,294,251,139,110,4,41,40,0,0,0
S01009592,244,246,201,32,11,3,2,0,0,0
S01009593,261,257,229,25,3,4,3,2,0,0
S01009594,273,259,169,94,1,9,9,0,0,0
S01009595,156,153,144,6,2,3,0,3,0,0
S01009596,341,312,11,86,215,29,26,3,0,0
S01009597,359,342,17,78,243,19,15,2,1,0
S01009598,288,229,28,86,115,63,63,0,0,0
S01009599,375,358,23,58,277,17,15,2,0,0
S01009600,316,226,14,42,170,87,82,8,0,0
S01009601,310,260,11,58,193,52,48,4,0,0
S01009602,285,277,177,93,10,5,5,0,0,0
S01009603,174,161,125,17,18,14,14,0,0,0
S01009604,367,352,71,133,148,15,15,0,0,0
S01009605,286,236,45,91,99,48,47,0,0,0
S01009606,328,324,283,25,16,4,3,1,0,0
S01009607,314,301,179,75,41,9,9,0,0,0
S01009608,281,163,48,75,40,118,101,16,1,0
S01009609,341,278,140,96,42,65,44,15,6,0
S01009610,495,330,146,112,72,163,163,2,0,0
S01009611,251,248,182,56,10,3,3,0,0,0
S01009612,284,213,50,70,93,71,70,1,0,0
S01009613,189,181,110,39,32,6,4,2,0,0
S01009614,236,206,112,52,46,29,24,0,0,0
S01009615,173,151,80,43,25,22,21,1,0,0
S01009616,336,248,113,113,22,91,83,5,0,0
S01009617,310,258,178,58,26,56,46,5,1,0
S01009618,348,194,28,104,61,155,146,2,2,1
S01009619,313,215,19,116,83,98,90,7,1,0
S01009620,396,213,21,164,28,183,182,2,0,0
S01009621,386,251,38,127,86,135,114,19,2,0
S01009622,408,139,33,64,42,268,261,7,0,1
S01009623,241,145,12,77,56,96,96,0,0,0
S01009624,397,353,20,117,216,44,44,0,0,0
S01009625,380,362,28,162,172,18,18,0,0,0
S01009626,236,194,18,140,36,42,37,5,0,0
S01009627,343,255,14,171,70,88,85,3,0,0
S01009628,267,241,67,93,81,24,22,0,0,0
S01009629,442,374,29,213,134,68,65,1,2,0
S01009630,345,276,15,156,105,69,68,1,0,0
S01009631,380,160,15,54,91,223,209,7,4,0
S01009632,308,105,24,64,17,200,192,5,3,0
S01009633,321,89,20,46,21,228,223,1,4,4
S01009634,248,174,18,78,78,74,73,0,2,0
S01009635,459,306,28,97,181,156,143,9,6,0
S01009636,411,118,21,59,38,293,290,1,0,0
S01009637,311,166,18,96,49,145,133,6,6,0
S01009638,435,251,33,183,36,184,180,4,0,0
S01009639,339,267,78,158,34,72,51,19,3,0
S01009640,369,159,22,114,23,210,201,6,3,0
S01009641,532,222,36,92,94,307,270,28,9,0
S01009642,515,194,60,77,54,321,266,23,32,0
S01009643,464,417,233,134,50,40,40,0,0,0
S01009644,371,322,89,84,145,46,44,0,3,0
S01009645,295,189,27,121,43,107,105,2,0,0
S01009646,269,231,20,133,78,38,36,2,0,0
S01009647,334,135,42,73,23,200,193,7,0,0
S01009648,400,355,27,198,129,45,38,7,0,0
S01009649,455,325,128,128,69,130,128,1,4,0
S01009650,350,339,227,106,6,8,5,2,2,0
S01009651,579,532,333,122,74,43,29,12,2,0
S01009652,413,325,133,121,72,88,49,36,3,0
S01009653,227,210,144,53,14,13,10,2,0,0
S01009654,279,225,73,102,50,55,41,13,0,0
S01009655,362,353,14,251,88,5,5,0,0,0
S01009656,378,272,34,179,56,110,109,1,0,0
S01009657,365,299,112,153,34,66,56,3,7,0
S01009658,291,276,33,85,155,15,13,0,2,0
S01009659,263,181,62,83,36,81,76,3,2,0
S01009660,452,446,169,118,155,10,9,2,0,0
S01009661,369,353,262,68,25,14,8,3,2,2
S01009662,287,267,122,94,47,18,17,3,2,4
S01009663,285,256,129,88,39,29,25,5,2,0
S01009664,399,334,143,112,83,23,22,0,1,42
S01009665,325,267,97,121,49,55,55,1,0,0
S01009666,333,224,106,80,37,107,92,7,8,2
S01009667,231,219,139,63,17,9,8,2,0,3
S01009668,247,186,98,62,36,59,54,7,0,0
S01009669,237,231,89,87,55,6,5,1,0,0
S01009670,339,298,130,108,57,44,37,5,0,0
S01009671,260,236,90,96,50,23,12,2,4,0
S01009672,358,328,88,135,105,32,31,1,0,0
S01009673,344,261,111,82,74,81,60,15,6,0
S01009674,381,341,192,97,52,39,36,4,0,1
S01009675,376,353,155,149,49,23,20,2,1,0
S01009676,375,324,150,130,46,51,28,16,3,0
S01009677,250,239,136,66,37,11,5,4,4,0
S01009678,267,234,65,97,69,32,27,0,3,2
S01009679,485,317,118,85,114,168,128,30,7,0
S01009680,351,261,91,90,80,90,67,15,3,0
S01009681,291,276,98,90,88,11,11,0,0,0
S01009682,272,234,130,91,19,35,33,1,0,0
S01009683,367,310,144,111,55,57,46,10,0,0
S01009684,486,452,290,114,48,28,24,4,0,6
S01009685,264,250,75,113,62,13,9,2,1,1
S01009686,505,305,84,93,128,200,145,42,17,0
S01009687,289,274,70,162,38,15,13,4,0,0
S01009688,414,162,12,87,63,252,233,18,1,0
S01009689,382,154,28,63,61,228,178,25,23,0
S01009690,323,259,48,102,105,65,46,15,3,0
S01009691,266,192,110,56,30,74,69,4,1,0
S01009692,497,437,212,213,13,60,46,9,5,0
S01009693,253,250,131,114,5,4,4,0,0,0
S01009694,453,424,285,124,18,22,19,3,0,1
S01009695,240,225,126,51,49,14,10,3,1,0
S01009696,425,416,206,136,71,12,4,8,0,0
S01009697,347,346,179,97,70,1,0,0,1,0
S01009698,285,281,201,49,27,4,2,1,1,0
S01009699,222,199,77,89,36,23,14,10,2,0
S01009700,302,262,98,86,78,39,28,11,0,1
S01009701,271,210,65,76,68,58,40,17,1,0
S01009702,270,260,149,77,36,11,9,0,0,0
S01009703,296,226,56,114,52,70,56,14,0,0
S01009704,423,358,134,122,99,68,53,12,1,0
S01009705,377,248,38,114,96,129,115,12,3,0
S01009706,297,247,74,105,76,50,36,14,0,0
S01009707,217,165,35,28,102,54,19,32,5,0
S01009708,481,366,134,151,81,117,99,14,0,0
S01009709,438,331,81,142,108,107,87,16,4,0
S01009710,186,167,73,64,31,21,21,0,0,0
S01009711,350,215,55,99,61,135,103,21,11,0
S01009712,302,278,116,93,69,21,21,3,0,0
S01009713,433,344,139,97,108,86,60,25,5,0
S01009714,477,394,159,106,127,83,56,23,4,0
S01009715,360,347,141,121,83,17,5,6,0,0
S01009716,306,292,142,129,21,13,8,1,0,0
S01009717,292,147,19,101,29,145,121,24,0,0
S01009718,340,245,9,113,123,95,76,19,0,0
S01009719,317,273,5,113,155,41,39,2,0,0
S01009720,368,327,15,135,175,41,38,3,0,0
S01009721,193,36,7,14,17,157,102,23,32,0
S01009722,558,159,27,48,84,399,337,52,10,0
S01009723,281,87,9,27,51,194,134,38,19,0
S01009724,460,114,13,74,27,349,297,53,2,0
S01009725,188,114,42,31,36,75,57,16,3,0
S01009726,232,74,7,19,48,158,90,50,15,0
S01009727,265,244,99,72,73,21,24,2,0,0
S01009728,335,328,205,105,16,7,4,4,1,0
S01009729,277,275,196,65,14,2,2,0,0,0
S01009730,225,175,53,107,15,50,50,0,0,0
S01009731,253,246,181,58,7,10,4,3,0,0
S01009732,339,179,62,82,35,160,120,37,3,0
S01009733,194,156,77,45,34,5,4,1,2,36
S01009734,382,364,209,104,55,18,9,13,1,0
S01009735,309,282,216,57,5,27,18,6,0,0
S01009736,325,131,47,49,31,192,127,61,4,0
S01009737,361,307,41,158,108,40,31,7,2,14
S01009738,256,131,39,70,18,125,119,7,1,0
S01009739,324,319,77,145,93,9,8,1,0,0
S01009740,244,204,26,82,96,38,33,2,3,2
S01009741,165,141,27,104,13,24,24,0,0,0
S01009742,215,210,158,39,13,5,5,0,0,0
S01009743,428,412,263,106,43,16,16,4,0,0
S01009744,313,303,206,78,19,5,2,3,0,0
S01009745,575,563,337,158,68,8,5,2,0,4
S01009746,251,244,153,59,32,7,3,3,1,0
S01009747,362,179,81,51,47,181,163,10,9,0
S01009748,371,318,137,94,86,53,45,8,0,0
S01009749,438,351,121,156,74,87,56,27,4,0
S01009750,330,213,57,132,24,117,111,6,0,0
S01009751,360,208,43,126,44,152,139,11,2,0
S01009752,274,206,123,60,24,63,27,36,0,0
S01009753,300,153,42,49,62,147,93,55,3,0
S01009754,433,258,87,125,46,175,111,59,2,0
S01009755,256,172,64,74,34,84,37,45,1,0
S01009756,299,277,113,108,56,22,16,6,0,0
S01009757,326,297,109,145,40,29,16,13,0,0
S01009758,263,161,58,93,13,101,99,4,0,1
S01009759,463,34,10,16,11,427,424,2,0,0
S01009760,451,147,3,74,66,306,305,0,0,0
S01009761,333,254,39,137,78,78,73,2,0,2
S01009762,435,76,10,40,26,362,358,1,0,0
S01009763,252,219,161,45,9,36,33,2,0,1
S01009764,285,172,16,123,31,113,113,0,0,0
S01009765,369,304,21,233,50,67,62,1,3,0
S01009766,181,163,16,106,42,22,22,0,0,0
S01009767,798,728,321,253,151,73,70,3,0,0
S01009768,341,162,44,113,11,179,176,2,0,0
S01009769,389,326,118,145,63,63,63,0,0,0
S01009770,258,243,81,114,47,15,12,3,0,0
S01009771,274,267,135,112,19,11,9,0,0,0
S01009772,253,215,35,130,50,35,35,0,0,0
S01009773,178,171,160,10,1,7,7,2,0,0
S01009774,153,149,144,6,2,5,5,0,0,0
S01009775,798,496,128,185,181,301,298,3,0,0
S01009776,308,124,22,74,26,186,186,0,0,0
S01009777,210,52,7,14,31,155,156,3,0,0
S01009778,404,300,7,100,191,104,104,0,0,0
S01009779,291,90,10,58,21,201,199,1,1,0
S01009780,237,199,27,153,17,38,37,0,1,0
S01009781,240,137,7,91,37,103,101,1,0,0
S01009782,300,264,22,198,44,36,36,0,0,0
S01009783,281,240,11,165,64,43,42,1,0,0
S01009784,418,328,17,188,123,93,89,2,0,0
S01009785,380,276,11,177,84,108,101,7,0,0
S01009786,436,124,9,44,71,311,306,4,1,0
S01009787,398,156,11,101,41,242,242,0,0,0
S01009788,395,201,6,98,97,189,189,0,0,1
S01009789,373,200,4,86,110,175,174,0,1,0
S01009790,254,174,4,47,117,80,80,0,0,0
S01009791,339,165,7,34,124,174,168,3,4,0
S01009792,327,282,180,59,45,47,38,7,0,0
S01009793,657,561,337,201,23,96,94,4,0,0
S01009794,226,215,39,165,11,11,11,0,0,0
S01009795,285,279,180,80,19,6,5,4,0,0
S01009796,319,293,128,100,62,22,24,2,0,0
S01009797,332,271,132,99,37,67,61,3,0,0
S01009798,256,251,107,122,21,5,3,1,2,0
S01009799,383,187,10,102,77,196,189,8,1,0
S01009800,435,255,13,106,133,180,180,0,0,0
S01009801,356,234,4,107,124,121,120,0,0,1
S01009802,406,212,3,119,90,190,187,3,0,0
S01009803,330,145,6,106,30,185,180,5,0,0
S01009804,190,59,6,11,42,130,122,8,0,0
S01009805,361,274,19,157,96,87,82,4,3,0
S01009806,412,46,13,11,19,369,362,7,0,0
S01009807,354,28,2,13,15,326,323,3,0,0
S01009808,266,57,8,37,15,209,205,4,0,0
S01009809,320,30,2,12,16,290,287,4,0,0
S01009810,343,95,8,41,46,248,244,2,2,0
S01009811,498,199,4,96,99,299,297,2,0,0
S01009812,362,124,7,57,56,241,236,0,0,0
S01009813,362,23,4,10,9,342,337,5,0,0
S01009814,357,189,48,58,82,168,164,4,0,0
S01009815,325,36,4,13,19,289,286,3,0,0
S01009816,303,100,9,32,59,203,203,0,0,0
S01009817,345,189,6,128,55,156,156,0,0,0
S01009818,457,364,45,250,72,93,85,7,0,0
S01009819,246,120,12,16,92,126,123,3,1,0
S01009820,439,182,13,85,84,257,249,7,2,0
S01009821,287,164,36,87,40,124,122,2,0,0
S01009822,195,161,34,36,96,30,30,0,0,0
S01009823,299,149,5,27,117,152,148,1,0,2
S01009824,365,207,41,46,120,158,157,0,0,0
S01009825,434,227,8,50,168,210,202,2,0,0
S01009826,231,97,4,24,70,134,131,0,0,0
S01009827,375,211,11,29,171,164,163,1,0,0
S01009828,311,86,9,22,55,228,228,0,0,0
S01009829,519,49,3,16,32,465,464,5,0,1
S01009830,316,77,6,41,32,239,238,2,0,0
S01009831,266,26,2,7,17,244,243,0,1,0
S01009832,469,99,11,72,16,370,369,1,0,0
S01009833,244,121,6,56,58,123,117,6,0,0
S01009834,389,188,6,133,53,201,199,1,1,0
S01009835,263,62,3,31,28,201,199,0,2,0
S01009836,418,286,35,102,149,126,121,2,0,7
S01009837,365,146,5,47,93,218,217,2,0,1
S01009838,495,96,8,29,59,399,397,0,0,0
S01009839,528,14,2,2,11,514,506,6,2,0
S01009840,448,227,15,99,116,220,210,10,0,4
S01009841,426,21,1,3,13,405,398,4,0,0
S01009842,329,62,2,12,48,266,264,4,0,1
S01009843,456,146,14,28,104,313,309,1,0,0
S01009844,500,27,4,13,10,464,458,3,3,6
S01009845,427,11,5,3,4,416,406,7,3,0
S01009846,606,239,22,90,125,369,365,2,0,1
S01009847,398,43,7,8,28,354,349,6,0,1
S01009848,430,277,14,145,118,152,147,5,0,1
S01009849,450,31,7,18,9,419,419,0,0,0
S01009850,475,107,6,73,26,369,367,0,0,0
S01009851,501,135,9,81,45,368,367,1,0,0
S01009852,248,183,5,145,39,65,65,0,0,0
S01009853,395,172,13,114,48,223,223,0,0,0
S01009854,410,265,41,113,114,142,139,3,0,0
S01009855,250,198,4,143,51,52,52,0,0,0
S01009856,301,113,5,46,66,190,187,0,1,0
S01009857,371,280,2,244,34,91,90,1,0,0
S01009858,336,214,0,140,76,122,122,0,0,0
S01009859,650,116,7,35,75,533,524,4,4,0
S01009860,568,69,7,19,43,498,491,4,0,1
S01009861,513,71,7,26,35,442,435,7,0,0
S01009862,663,42,0,11,28,621,613,7,0,0
S01009863,517,28,9,2,14,491,491,0,0,1
S01009864,471,40,3,8,29,431,431,0,0,1
S01009865,448,39,4,0,35,409,402,3,4,0
S01009866,468,166,4,62,100,305,293,2,4,0
S01009867,668,87,1,34,53,580,573,2,3,0
S01009868,301,48,2,8,39,252,250,3,0,1
S01009869,353,19,0,10,9,330,333,2,0,0
S01009870,307,11,2,3,6,296,291,4,0,0
S01009871,591,135,53,32,55,455,411,43,2,0
S01009872,408,11,1,3,5,397,396,0,1,0
S01009873,384,98,48,32,14,290,275,15,0,0
S01009874,483,222,81,104,37,261,235,25,0,0
S01009875,345,18,5,9,4,326,320,6,2,1
S01009876,96,8,4,2,1,87,85,3,0,0
S01009877,374,129,62,54,13,242,118,124,0,0
S01009878,272,14,4,4,7,258,238,16,0,0
S01009879,332,154,85,64,5,176,66,114,0,0
S01009880,258,143,38,99,4,117,89,28,0,0
S01009881,317,81,10,20,54,234,232,0,1,2
S01009882,644,17,2,8,7,627,622,4,2,0
S01009883,271,10,2,5,3,261,257,4,0,0
S01009884,377,10,1,6,3,367,364,2,3,0
S01009885,241,13,5,4,4,230,225,2,0,0
S01009886,271,14,0,7,10,257,242,9,4,0
S01009887,494,14,3,2,9,478,473,5,0,2
S01009888,244,9,2,5,2,234,227,5,0,1
S01009889,366,23,5,13,8,338,332,5,2,2
S01009890,238,6,4,2,0,229,222,7,0,0
S01009891,351,1,0,1,0,350,348,1,2,0
S01009892,474,10,5,2,3,463,455,8,0,1
S01009893,402,9,1,4,5,394,389,2,3,1
S01009894,457,17,6,5,6,440,437,1,1,0
S01009895,487,82,6,20,56,405,404,1,0,0
S01009896,472,113,8,36,67,358,356,5,0,0
S01009897,504,124,4,80,36,384,382,4,0,0
S01009898,265,37,9,19,12,225,223,0,0,0
S01009899,462,8,0,2,6,450,451,1,0,1
S01009900,411,4,0,1,3,407,407,0,0,0
S01009901,483,37,0,4,33,446,437,6,3,0
S01009902,506,90,12,31,47,416,395,17,2,0
S01009903,339,87,28,40,19,250,188,61,0,2
S01009904,486,44,2,10,31,442,416,22,3,0
S01009905,382,19,5,5,7,362,358,5,0,1
S01009906,260,4,2,1,3,254,248,1,4,0
S01009907,611,11,2,4,6,599,596,6,0,1
S01009908,523,93,3,9,75,432,346,85,1,0
S01009909,520,14,6,5,12,505,490,15,0,1
S01009910,231,6,2,3,1,228,228,0,0,0
S01009911,381,177,4,18,155,205,122,83,0,0
S01009912,355,96,41,41,14,259,200,59,0,0
S01009913,311,147,117,27,3,167,149,18,0,0
S01009914,429,221,93,84,45,206,174,31,0,0
S01009915,379,58,28,16,12,321,311,9,0,0
S01009916,305,274,173,54,47,31,28,4,0,0
S01009917,326,129,5,40,84,197,195,4,0,0
S01009918,290,222,10,120,92,64,59,5,0,0
S01009919,636,17,5,3,9,619,613,6,0,0
S01009920,532,11,1,2,8,521,521,0,0,0
S01009921,450,29,2,6,21,423,423,0,0,0
S01009922,602,34,3,7,20,567,551,15,1,2
S01009923,564,26,2,3,24,538,526,15,0,0
S01009924,579,19,1,2,14,559,556,5,3,0
S01009925,444,22,0,0,20,422,420,1,1,1
S01009926,336,16,1,2,13,320,318,2,0,0
S01009927,303,75,7,14,56,230,220,6,2,0
S01009928,535,61,7,8,46,474,448,23,0,0
S01009929,268,69,8,16,41,199,172,27,0,0
S01009930,452,15,6,4,6,437,430,7,0,0
S01009931,417,16,1,3,11,401,393,7,1,0
S01009932,418,26,3,6,17,392,390,2,0,0
S01009933,487,18,4,6,8,469,469,0,0,0
S01009934,455,152,2,14,136,302,295,4,4,1
S01009935,641,80,5,20,53,562,560,2,0,1
S01009936,354,20,7,8,5,334,322,10,1,0
S01009937,217,33,3,4,26,185,185,0,0,0
S01009938,510,53,7,17,29,458,455,3,0,0
S01009939,301,21,5,6,12,279,273,5,2,0
S01009940,428,46,6,20,22,380,374,3,2,0
S01009941,315,297,118,115,64,22,22,1,0,0
S01009942,484,72,5,28,39,411,409,2,0,1
S01009943,437,56,4,30,28,381,379,0,0,0
S01009944,267,70,15,20,35,197,196,0,1,0
S01009945,497,62,10,18,34,431,425,0,6,0
S01009946,344,159,12,56,87,185,186,3,0,0
S01009947,285,135,12,66,61,152,144,4,0,0
S01009948,425,96,10,18,73,331,327,4,0,0
S01009949,384,91,2,30,59,293,288,1,4,0
S01009950,256,233,82,111,37,23,20,4,0,0
S01009951,254,234,24,181,27,22,11,11,0,0
S01009952,306,200,9,20,172,106,102,4,0,0
S01009953,357,279,33,49,197,78,81,1,0,0
S01009954,251,192,83,73,36,59,50,9,0,0
S01009955,546,264,25,126,110,282,274,8,0,0
S01009956,323,67,16,34,17,256,249,7,0,0
S01009957,291,208,35,132,41,83,60,21,1,0
S01009958,364,284,8,45,231,80,55,25,0,0
S01009959,287,179,56,79,44,108,98,10,0,0
S01009960,345,236,54,58,125,109,107,2,0,0
S01009961,295,199,11,83,107,96,91,0,1,0
S01009962,601,145,5,54,90,458,452,3,3,0
S01009963,311,253,3,240,10,58,57,1,0,0
S01009964,422,243,19,110,114,182,163,17,2,0
S01009965,351,300,32,248,21,50,49,2,2,0
S01009966,267,255,5,217,33,10,10,0,0,1
S01009967,392,216,20,117,82,176,170,3,0,0
S01009968,228,204,3,120,80,22,20,0,4,1
S01009969,341,300,187,44,71,41,35,5,5,0
S01009970,439,27,3,12,16,412,410,2,0,0
S01009971,476,232,59,86,84,248,247,2,0,0
S01009972,376,229,126,64,35,147,144,3,0,0
S01009973,276,233,27,86,120,41,41,0,0,0
S01009974,289,54,2,15,36,235,235,0,0,0
S01009975,435,199,25,71,107,234,231,4,0,0
S01009976,239,28,2,14,12,208,208,0,0,1
S01009977,463,50,1,22,27,413,410,2,2,0
S01009978,474,226,18,110,99,247,241,3,0,3
S01009979,348,147,12,71,64,200,200,0,0,1
S01009980,367,160,10,71,76,206,205,1,0,1
S01009981,325,128,4,32,95,197,193,4,0,0
S01009982,423,196,59,84,54,222,219,2,1,3
S01009983,270,53,7,22,23,216,213,5,0,1
S01009984,301,166,10,74,81,135,133,4,0,0
S01009985,241,54,4,10,39,184,177,7,0,0
S01009986,228,35,3,14,18,193,193,0,0,0
S01009987,495,108,2,48,57,387,381,4,1,0
S01009988,297,73,9,36,28,224,224,0,0,0
S01009989,374,115,6,65,45,256,253,3,0,0
S01009990,315,18,2,13,4,297,296,1,0,0
S01009991,302,33,3,20,10,269,265,2,0,0
S01009992,357,105,3,27,75,252,251,1,0,0
S01009993,329,53,26,20,6,276,266,10,0,0
S01009994,316,29,4,15,10,287,284,4,0,0
S01009995,236,21,3,12,6,215,211,6,0,0
S01009996,258,26,3,19,6,231,229,0,0,0
S01009997,269,28,4,20,4,241,239,2,0,0
S01009998,233,197,153,35,6,36,31,5,0,0
S01009999,268,179,4,132,47,87,86,1,0,2
S01010000,234,27,2,17,8,207,204,5,0,0
S01010001,309,107,4,69,37,203,192,1,0,0
S01010002,325,63,8,28,27,262,257,5,0,0
S01010003,273,170,6,101,63,103,102,0,0,0
S01010004,245,237,6,93,139,8,8,0,0,0
S01010005,676,96,35,26,35,580,569,8,1,0
S01010006,777,24,1,5,18,751,749,1,0,2
S01010007,417,215,6,52,157,197,195,8,0,0
S01010008,449,10,2,1,7,439,435,2,3,0
S01010009,433,12,5,1,4,421,410,4,4,0
S01010010,466,281,28,128,125,183,176,8,1,1
S01010011,505,19,1,1,12,489,473,10,7,2
S01010012,356,213,4,58,149,146,141,3,0,0
S01010013,485,88,4,56,28,400,391,6,4,0
S01010014,519,62,1,11,50,460,447,8,2,0
S01010015,378,36,1,2,33,342,331,11,0,0
S01010016,349,174,0,79,95,175,173,0,4,0
S01010017,291,15,1,7,10,276,274,2,0,0
S01010018,654,172,5,56,111,481,479,2,0,1
S01010019,427,81,4,42,35,347,343,2,0,1
S01010020,341,129,3,56,70,209,211,0,0,0
S01010021,256,184,14,70,100,72,72,0,0,0
S01010022,1216,240,24,50,166,977,969,4,1,0
S01010023,345,8,0,1,7,339,334,1,1,1
S01010024,455,45,0,10,32,411,407,1,5,1
S01010025,308,24,2,4,14,284,286,0,1,0
S01010026,504,33,2,3,28,468,468,0,0,3
S01010027,474,52,1,6,47,424,418,5,0,2
S01010028,370,19,0,5,10,356,347,6,2,0
S01010029,343,33,2,2,31,310,309,1,0,0
S01010030,407,56,6,6,45,350,349,1,0,0
S01010031,416,16,0,10,4,399,369,8,22,1
S01010032,300,14,1,5,7,287,267,15,5,0
S01010033,867,26,3,6,17,841,830,10,3,0
S01010034,833,118,2,22,94,715,705,7,3,0
S01010035,151,22,2,4,13,133,130,0,2,0
S01010036,423,5,0,1,4,411,389,18,8,3
S01010037,393,147,17,25,103,246,243,1,0,0
S01010038,574,132,5,35,90,439,427,6,5,0
S01010039,572,7,3,3,0,565,547,11,7,0
S01010040,476,51,4,8,36,426,410,11,5,2
S01010041,489,38,7,4,27,451,437,6,8,0
S01010042,561,53,2,13,36,510,494,19,2,0
S01010043,463,53,1,10,41,410,405,6,0,0
S01010044,623,131,9,27,95,490,490,0,0,2
S01010045,271,44,2,12,34,219,212,6,1,0
S01010046,650,189,15,31,141,411,408,1,0,52
S01010047,453,65,7,14,42,385,380,4,1,3
S01010048,971,466,25,137,308,493,488,5,0,16
S01010049,394,37,5,10,25,346,334,4,8,8
S01010050,718,232,17,93,119,484,477,5,2,4
S01010051,548,62,6,13,44,485,483,1,0,0
S01010052,643,50,4,8,39,589,576,5,5,2
S01010053,391,119,8,27,86,271,268,0,2,1
S01010054,330,201,14,77,110,118,116,2,0,11
S01010055,524,134,12,29,93,385,372,10,5,3
S01010056,282,77,17,36,21,196,193,3,0,9
S01010057,277,63,5,47,11,214,208,5,0,1
S01010058,344,194,12,86,94,148,146,2,0,1
S01010059,369,38,8,13,17,326,326,1,1,4
S01010060,480,97,11,42,44,378,372,4,2,5
S01010061,241,112,6,76,30,128,126,2,0,2
S01010062,412,132,10,91,31,279,275,4,0,0
S01010063,557,59,7,24,28,497,481,5,9,2
S01010064,235,90,4,45,42,144,143,0,0,1
S01010065,372,101,6,58,39,268,266,2,0,2
S01010066,343,160,7,89,64,182,179,3,0,1
S01010067,303,44,2,21,22,259,256,2,2,0
S01010068,768,332,42,142,150,436,431,3,3,0
S01010069,340,263,37,176,50,77,77,2,0,0
S01010070,232,226,68,156,7,6,5,2,0,0
S01010071,351,226,24,157,45,122,119,2,1,0
S01010072,353,209,9,162,38,144,144,0,0,0
S01010073,340,259,1,244,18,81,77,2,0,0
S01010074,300,264,46,136,82,36,34,2,0,0
S01010075,291,284,1,68,214,7,9,1,0,0
S01010076,265,250,4,62,180,19,18,1,0,0
S01010077,281,144,8,52,84,137,136,1,0,0
S01010078,225,220,105,74,38,5,5,0,0,0
S01010079,356,314,210,83,21,42,34,8,0,0
S01010080,292,283,61,196,29,9,7,4,0,0
S01010081,287,259,102,133,24,28,21,6,1,0
S01010082,389,228,123,100,13,161,151,10,0,0
S01010083,295,231,6,47,178,64,62,2,0,0
S01010084,407,307,4,88,218,100,96,4,0,0
S01010085,295,291,22,217,52,4,3,1,0,0
S01010086,387,297,8,95,194,87,87,0,0,0
S01010087,241,236,19,211,3,5,4,1,0,0
S01010088,1318,1221,891,222,106,96,95,2,0,0
S01010089,300,97,30,49,17,202,193,3,6,1
S01010090,375,295,142,106,49,75,75,3,2,1
S01010091,377,293,186,74,33,84,82,2,0,0
S01010092,388,211,24,64,123,177,174,1,0,0
S01010093,349,182,16,108,57,163,163,0,0,0
S01010094,276,259,22,172,68,17,17,0,0,0
S01010095,265,260,23,177,59,6,3,2,0,0
S01010096,278,252,50,82,120,26,25,0,0,0
S01010097,296,279,40,223,16,17,16,1,0,0
S01010098,273,265,4,222,40,3,3,0,0,0
S01010099,276,268,41,208,18,7,7,0,0,1
S01010100,352,323,101,213,9,28,27,1,0,2
S01010101,308,277,106,127,44,34,34,0,0,0
S01010102,258,248,109,102,37,10,9,0,1,0
S01010103,429,404,99,209,99,25,22,2,1,0
S01010104,357,293,87,104,102,63,60,0,2,1
S01010105,184,72,10,45,19,110,108,2,0,0
S01010106,101,95,2,69,24,6,5,1,0,0
S01010107,330,81,9,42,30,253,253,2,0,0
S01010108,340,242,6,63,173,98,98,0,0,0
S01010109,449,237,105,82,53,212,203,9,0,0
S01010110,438,131,2,107,22,307,303,4,0,0
S01010111,363,156,11,99,46,207,206,1,0,0
S01010112,496,226,8,176,42,269,266,3,0,1
S01010113,304,91,12,33,46,212,210,1,1,1
S01010114,365,95,10,49,36,270,270,0,0,0
S01010115,155,145,4,123,18,12,12,0,0,0
S01010116,564,457,71,220,164,109,106,3,0,0
S01010117,616,494,284,124,90,122,113,12,0,0
S01010118,304,140,17,63,62,164,162,4,0,0
S01010119,208,155,13,78,64,53,53,0,0,0
S01010120,491,204,18,112,74,282,280,2,0,1
S01010121,254,86,8,33,45,168,166,2,0,0
S01010122,224,109,7,79,23,116,116,0,0,0
S01010123,335,115,6,60,49,220,219,1,0,0
S01010124,282,14,2,1,10,272,262,5,1,0
S01010125,180,80,3,52,25,102,98,2,0,0
S01010126,318,246,27,86,137,72,71,0,0,0
S01010127,285,204,6,86,112,81,81,0,0,0
S01010128,225,15,2,3,9,209,209,0,0,2
S01010129,378,47,3,25,19,329,325,1,3,0
S01010130,378,212,45,119,48,166,162,2,2,0
S01010131,320,275,99,157,21,35,35,0,0,12
S01010132,461,152,10,46,96,287,285,3,0,16
S01010133,373,164,3,43,115,204,204,0,0,5
S01010134,571,191,10,73,106,375,373,3,1,3
S01010135,350,205,6,103,95,142,143,2,0,0
S01010136,374,272,19,111,142,102,97,5,0,0
S01010137,545,51,5,22,24,496,489,4,2,1
S01010138,569,100,11,50,36,466,465,1,0,0
S01010139,506,107,7,71,29,399,395,4,0,0
S01010140,413,136,12,74,50,279,268,7,0,1
S01010141,498,35,2,12,21,468,463,0,2,0
S01010142,375,109,15,53,45,266,260,3,4,0
S01010143,380,195,4,49,143,184,182,1,0,0
S01010144,346,56,10,31,18,287,284,5,0,3
S01010145,391,139,20,61,58,251,246,4,1,1
S01010146,370,82,3,47,30,294,287,1,4,0
S01010147,488,42,8,15,15,427,424,2,2,18
S01010148,542,252,119,72,65,278,277,2,0,12
S01010149,476,316,62,114,139,144,144,0,0,16
S01010150,395,145,9,97,39,229,227,3,0,25
S01010151,370,123,3,99,19,242,237,5,0,5
S01010152,378,120,5,111,3,258,257,1,0,0
S01010153,484,142,16,115,15,339,339,0,0,0
S01010154,456,147,7,102,38,311,308,0,0,0
S01010155,428,190,3,158,28,237,236,0,2,1
S01010156,252,94,7,69,18,155,149,4,2,0
S01010157,270,182,11,89,82,88,87,2,0,0
S01010158,421,161,6,113,42,260,256,4,0,0
S01010159,343,237,3,211,23,104,103,1,0,2
S01010160,269,14,4,11,3,251,250,0,1,0
S01010161,268,164,15,124,26,102,103,0,1,0
S01010162,331,35,1,16,18,299,298,0,1,0
S01010163,327,206,7,163,36,119,117,1,0,2
S01010164,291,218,2,202,10,76,76,0,0,0
S01010165,333,92,7,56,26,240,237,2,1,1
S01010166,476,400,56,96,254,73,73,0,0,0
S01010167,424,215,6,17,189,213,213,0,0,0
S01010168,224,93,15,53,25,131,130,1,0,0
S01010169,319,123,2,51,73,192,191,0,0,1
S01010170,238,131,3,12,116,107,106,2,0,0
S01010171,489,202,24,84,91,289,289,0,0,1
S01010172,494,25,2,12,11,469,465,4,0,0
S01010173,313,280,4,231,43,30,27,3,0,5
S01010174,242,150,24,86,42,89,82,7,0,2
S01010175,244,81,8,66,7,163,161,1,1,0
S01010176,363,116,1,101,12,251,246,1,0,0
S01010177,302,123,4,51,68,179,179,0,0,0
S01010178,369,193,20,53,122,172,171,0,0,2
S01010179,381,125,12,71,42,254,253,1,0,2
S01010180,301,228,54,151,27,72,72,0,0,0
S01010181,238,124,9,76,39,110,110,0,0,0
S01010182,298,199,53,121,25,99,99,0,0,0
S01010183,226,99,14,81,6,127,127,0,0,0
S01010184,287,153,15,118,21,135,135,0,0,0
S01010185,337,109,6,46,56,228,228,0,0,0
S01010186,241,230,92,109,33,10,10,0,0,1
S01010187,286,195,33,148,14,91,91,0,0,0
S01010188,731,669,421,176,73,53,50,2,1,9
S01010189,340,334,178,148,3,6,6,0,0,0
S01010190,273,262,215,44,3,11,10,0,0,0
S01010191,264,252,114,137,1,6,6,0,0,0
S01010192,291,281,163,83,35,10,10,0,0,0
S01010193,303,290,95,140,51,16,16,0,0,0
S01010194,264,223,4,98,125,37,36,1,0,0
S01010195,217,176,13,91,72,41,39,2,2,0
S01010196,275,126,7,49,70,149,149,0,0,0
S01010197,265,151,8,54,88,114,114,0,0,0
S01010198,367,128,9,56,64,239,237,2,0,0
S01010199,258,211,13,101,101,47,45,2,0,0
S01010200,295,214,9,126,80,81,79,1,0,0
S01010201,246,205,20,157,32,41,39,1,0,2
S01010202,384,79,8,41,32,303,302,1,0,2
S01010203,283,219,23,147,49,64,61,5,0,0
S01010204,342,61,4,42,16,281,281,0,0,0
S01010205,286,70,1,15,54,214,214,0,0,1
S01010206,0,0,0,0,0,0,0,0,0,0
S01010207,112,21,0,11,8,93,93,0,0,0
S01010208,542,32,3,10,17,509,505,1,4,0
S01010209,512,156,2,55,102,354,352,2,0,2
S01010210,409,193,5,89,99,216,208,9,0,0
S01010211,364,38,2,20,16,330,326,3,2,0
S01010212,684,97,6,25,67,585,578,6,0,2
S01010213,453,91,1,74,20,365,361,0,1,0
S01010214,393,373,61,222,87,22,22,0,0,1
S01010215,508,75,11,27,34,433,433,0,0,0
S01010216,324,33,4,11,13,291,289,1,1,0
S01010217,267,63,5,14,45,203,199,1,0,1
S01010218,553,16,4,5,5,537,531,3,3,0
S01010219,74,12,1,6,1,64,63,0,2,1
S01010220,270,4,1,1,3,266,254,10,4,0
S01010221,375,107,10,40,57,263,265,2,0,1
S01010222,382,50,11,11,26,332,330,2,0,0
S01010223,315,57,8,16,33,257,256,0,0,1
S01010224,517,188,22,95,74,325,318,4,4,3
S01010225,440,63,7,17,36,375,370,4,1,3
S01010226,0,0,0,0,0,0,0,0,0,0
S01010227,0,0,0,0,0,0,0,0,0,0
S01010228,562,153,13,93,47,409,403,6,0,0
S01010229,588,159,11,104,44,429,426,3,0,0
S01010230,648,45,11,10,26,600,592,3,4,4
S01010231,492,98,10,46,45,392,390,4,0,0
S01010232,323,119,8,79,32,204,204,0,0,0
S01010233,361,91,8,58,25,270,270,2,2,0
S01010234,570,3,0,0,2,564,561,2,0,1
S01010235,399,8,2,3,2,391,389,0,0,0
S01010236,380,53,6,11,36,327,304,23,0,0
S01010237,345,3,0,1,2,342,342,0,0,0
S01010238,401,7,2,3,2,394,393,1,0,0
S01010239,419,14,0,4,10,405,399,3,3,0
S01010240,400,9,2,3,3,392,391,0,0,0
S01010241,621,25,4,5,16,596,586,10,0,0
S01010242,394,21,0,14,7,367,366,1,0,6
S01010243,583,10,0,4,5,572,570,2,0,2
S01010244,344,21,3,9,9,309,305,0,4,11
S01010245,407,133,18,57,58,269,269,0,0,5
S01010246,423,79,6,52,21,343,343,0,0,1
S01010247,409,277,5,144,130,129,129,0,0,3
S01010248,455,4,0,0,1,453,453,0,0,0
S01010249,401,5,0,2,3,392,389,3,0,0
S01010250,389,6,0,3,1,380,375,2,4,0
S01010251,316,20,0,11,12,292,293,2,0,0
S01010252,289,46,6,6,34,243,223,19,2,0
S01010253,359,14,2,6,7,345,341,4,0,0
S01010254,528,41,1,8,34,487,482,4,1,0
S01010255,465,70,13,22,32,394,388,5,1,1
S01010256,541,8,0,0,6,535,532,0,0,0
S01010257,524,8,1,4,1,517,501,1,13,0
S01010258,410,14,0,1,12,396,392,1,1,0
S01010259,494,11,4,1,6,483,476,1,2,0
S01010260,759,8,0,5,3,751,705,10,38,0
S01010261,507,14,4,2,8,491,486,1,1,0
S01010262,520,9,2,5,4,511,501,6,4,0
S01010263,433,4,2,0,1,429,398,9,22,0
S01010264,585,5,1,0,4,584,562,0,16,0
S01010265,505,3,0,1,2,502,430,15,64,0
S01010266,286,11,4,2,3,275,271,4,2,0
S01010267,287,4,0,0,4,282,264,7,12,0
S01010268,431,13,6,4,4,418,390,25,1,0
S01010269,290,2,1,1,1,287,282,3,4,0
S01010270,836,9,2,3,3,827,811,7,9,0
S01010271,362,12,6,2,4,353,321,8,18,1
S01010272,732,19,5,4,10,710,684,4,18,0
S01010273,438,7,1,2,3,433,416,6,11,0
S01010274,380,12,2,4,5,371,354,8,11,0
S01010275,380,1,0,1,0,379,331,9,40,0
S01010276,587,7,0,3,3,580,569,7,4,0
S01010277,407,6,0,1,5,400,399,0,0,1
S01010278,364,12,0,0,12,352,351,1,0,0
S01010279,311,4,1,1,5,303,300,2,1,1
S01010280,485,18,4,2,11,467,426,29,11,0
S01010281,476,10,2,3,2,472,465,5,2,0
S01010282,597,2,0,0,2,592,585,6,1,1
S01010283,540,9,3,5,2,530,531,1,0,0
S01010284,689,14,0,2,8,675,656,15,4,0
S01010285,439,12,3,3,10,423,416,2,5,0
S01010286,463,7,1,4,2,452,444,4,4,0
S01010287,319,4,2,0,2,315,308,7,0,0
S01010288,438,33,6,7,20,405,356,45,4,0
S01010289,467,65,5,19,41,402,275,126,1,0
S01010290,382,20,2,3,15,366,336,31,2,0
S01010291,514,8,3,2,3,506,499,4,4,0
S01010292,395,4,1,0,2,391,389,0,3,0
S01010293,353,7,3,3,3,341,343,1,0,0
S01010294,266,5,2,2,2,261,261,0,0,0
S01010295,433,7,1,2,4,425,414,10,1,1
S01010296,282,15,0,3,8,270,267,3,0,0
S01010297,630,31,6,6,17,598,586,11,2,1
S01010298,505,28,3,3,22,474,460,11,4,0
S01010299,324,18,5,4,9,308,301,7,0,0
S01010300,494,28,3,8,17,466,454,9,3,0
S01010301,226,3,2,0,1,227,222,1,0,0
S01010302,380,33,6,8,19,347,329,15,5,0
S01010303,265,8,4,5,2,253,246,4,3,0
S01010304,421,38,3,8,27,383,376,7,0,0
S01010305,545,79,6,5,65,466,461,5,0,0
S01010306,388,37,2,2,30,351,347,1,0,0
S01010307,437,16,0,4,11,421,385,36,0,0
S01010308,516,53,4,6,47,463,395,65,5,0
S01010309,141,20,3,11,8,117,117,0,0,0
S01010310,324,84,7,36,41,239,235,4,0,1
S01010311,321,72,15,22,35,251,248,0,3,0
S01010312,430,173,21,97,55,250,245,1,1,7
S01010313,307,25,3,5,18,281,281,0,0,2
S01010314,691,90,8,26,56,598,591,4,0,3
S01010315,387,147,5,105,37,240,240,0,0,3
S01010316,326,47,6,20,26,279,277,3,0,0
S01010317,574,41,5,7,31,533,532,1,0,0
S01010318,558,53,6,22,25,504,502,0,4,1
S01010319,407,60,1,12,47,343,340,0,2,0
S01010320,513,10,1,3,6,503,493,13,1,0
S01010321,455,18,1,8,7,437,435,1,2,0
S01010322,477,21,6,2,12,463,447,15,0,0
S01010323,318,60,9,25,22,257,254,2,1,1
S01010324,389,205,14,117,74,180,178,1,1,0
S01010325,500,151,14,120,17,349,347,4,0,0
S01010326,577,258,26,117,111,318,314,0,0,1
S01010327,364,255,14,153,85,109,103,5,1,0
S01010328,497,228,61,98,69,272,257,8,3,1
S01010329,332,68,12,47,19,262,261,1,0,0
S01010330,269,188,9,60,116,85,85,0,0,0
S01010331,498,100,20,42,42,399,391,5,0,0
S01010332,313,193,13,77,103,120,116,4,2,0
S01010333,533,143,10,70,66,385,377,7,2,0
S01010334,497,369,11,165,193,128,128,0,0,0
S01010335,371,205,7,75,127,166,162,3,1,0
S01010336,320,88,4,15,73,228,227,0,2,0
S01010337,346,303,15,105,181,40,37,3,0,1
S01010338,245,142,6,36,98,103,98,5,0,0
S01010339,241,157,5,83,69,85,85,0,0,0
S01010340,359,112,9,55,50,246,243,3,0,0
S01010341,264,167,15,81,71,95,95,0,0,0
S01010342,280,161,19,125,18,119,114,5,0,0
S01010343,353,313,48,208,57,40,39,1,0,0
S01010344,398,116,4,67,49,281,276,4,2,2
S01010345,277,258,218,36,4,18,18,0,0,2
S01010346,431,248,64,114,70,183,171,13,1,0
S01010347,489,57,8,14,34,431,430,1,0,1
S01010348,416,70,26,22,26,346,343,4,2,0
S01010349,397,122,11,40,71,278,277,1,0,0
S01010350,479,109,3,32,78,369,368,1,0,1
S01010351,387,132,5,68,59,254,250,4,0,0
S01010352,285,32,1,13,18,253,251,0,0,0
S01010353,553,32,0,7,24,517,514,2,2,0
S01010354,365,104,3,46,55,259,258,2,0,0
S01010355,425,77,8,23,47,348,338,7,2,0
S01010356,395,193,14,76,106,202,189,8,4,0
S01010357,265,60,0,19,41,206,206,0,0,0
S01010358,526,31,2,6,22,494,487,6,1,1
S01010359,510,16,4,3,9,492,488,2,2,3
S01010360,359,81,3,23,55,277,276,1,0,1
S01010361,428,18,4,1,13,410,409,1,0,0
S01010362,490,40,4,17,19,449,445,6,2,1
S01010363,411,99,7,55,37,312,311,1,0,0
S01010364,368,355,6,179,170,14,9,5,0,0
S01010365,444,178,28,120,30,266,149,117,0,0
S01010366,516,226,3,203,17,289,281,8,0,1
S01010367,536,153,13,108,32,383,279,104,0,0
S01010368,393,97,9,26,60,296,187,107,2,0
S01010369,379,35,4,19,8,344,325,18,1,0
S01010370,337,49,6,14,29,288,231,57,0,0
S01010371,550,78,9,7,62,472,334,136,2,0
S01010372,272,14,4,5,6,261,237,21,0,0
S01010373,431,17,7,5,5,414,400,14,0,0
S01010374,446,49,0,8,37,400,311,88,1,0
S01010375,255,10,1,2,7,247,232,9,3,1
S01010376,359,32,3,5,20,331,307,20,4,0
S01010377,384,21,3,5,13,363,324,37,4,0
S01010378,297,7,2,2,4,292,268,20,2,0
S01010379,497,30,4,4,21,467,433,29,3,2
S01010380,537,11,0,2,10,526,506,20,0,0
S01010381,333,5,0,0,4,328,322,3,5,0
S01010382,466,5,0,2,0,461,461,0,0,0
S01010383,382,16,3,3,6,369,364,0,5,1
S01010384,494,14,2,1,8,480,454,27,0,2
S01010385,514,7,1,2,3,507,498,7,2,0
S01010386,530,48,6,6,34,474,471,4,4,0
S01010387,578,33,4,3,26,545,542,2,2,0
S01010388,570,58,4,10,44,512,500,8,5,0
S01010389,699,12,2,3,5,687,682,3,2,0
S01010390,770,8,5,2,0,762,763,2,0,0
S01010391,520,10,1,4,2,513,510,1,4,0
S01010392,425,5,0,2,2,420,416,3,0,0
S01010393,651,63,8,10,47,587,566,17,4,0
S01010394,546,32,9,6,17,513,506,6,1,1
S01010395,631,15,2,3,10,613,608,5,0,0
S01010396,596,8,4,4,0,588,576,10,3,0
S01010397,376,16,2,3,11,360,317,46,0,0
S01010398,576,85,1,5,81,492,485,6,1,0
S01010399,641,43,3,10,30,598,593,5,0,0
S01010400,513,92,18,31,45,418,367,47,3,0
S01010401,424,31,3,5,18,393,298,93,0,0
S01010402,514,30,1,5,24,484,483,1,0,0
S01010403,533,21,6,6,12,509,432,74,3,0
S01010404,501,64,9,20,35,436,242,194,0,1
S01010405,495,63,11,8,44,431,233,197,1,2
S01010406,468,23,4,5,19,442,281,160,0,0
S01010407,449,19,4,6,7,429,370,51,6,1
S01010408,284,105,7,37,61,179,175,2,1,0
S01010409,195,178,57,77,43,13,13,2,0,0
S01010410,321,178,24,93,61,142,139,3,0,0
S01010411,392,317,12,67,238,76,68,7,1,0
S01010412,390,81,19,35,27,309,262,47,0,0
S01010413,400,149,29,105,15,251,226,25,0,0
S01010414,473,225,7,44,177,245,239,4,0,0
S01010415,621,44,0,17,24,577,565,10,1,0
S01010416,317,154,6,53,95,163,162,3,0,0
S01010417,281,103,6,13,84,178,173,6,0,0
S01010418,556,81,6,16,59,475,452,16,7,0
S01010419,501,177,3,28,143,326,318,8,0,0
S01010420,302,214,10,55,148,88,85,5,0,0
S01010421,343,234,4,119,112,109,105,3,1,0
S01010422,478,306,8,30,268,171,162,8,2,2
S01010423,485,25,0,7,16,454,439,14,1,5
S01010424,480,71,4,8,61,404,405,1,0,1
S01010425,608,46,6,10,30,560,557,1,2,2
S01010426,380,106,5,12,91,269,263,6,0,3
S01010427,436,133,3,27,98,301,289,4,8,2
S01010428,313,169,40,6,124,144,140,2,0,0
S01010429,414,315,2,26,288,99,90,6,0,0
S01010430,472,42,5,10,30,429,422,6,1,1
S01010431,252,216,2,24,191,36,35,1,0,0
S01010432,452,48,1,12,35,406,398,2,2,5
S01010433,231,23,3,9,11,207,204,1,3,1
S01010434,332,17,4,4,9,313,311,1,0,2
S01010435,288,138,4,81,48,149,147,2,0,1
S01010436,468,56,6,10,40,402,403,2,1,6
S01010437,266,84,0,50,30,182,184,0,0,0
S01010438,361,150,8,64,78,212,211,1,0,0
S01010439,486,57,10,10,37,433,431,1,0,0
S01010440,366,116,3,64,49,254,249,0,1,0
S01010441,551,57,2,7,48,494,493,1,0,0
S01010442,381,39,1,15,23,345,338,3,1,0
S01010443,242,236,7,29,202,5,5,0,0,1
S01010444,248,222,8,52,164,26,25,1,0,0
S01010445,328,214,11,62,139,116,115,1,0,0
S01010446,327,312,32,93,184,13,10,1,0,0
S01010447,503,208,23,135,47,299,294,2,0,0
S01010448,317,179,34,86,59,141,141,0,0,0
S01010449,363,72,5,37,27,294,294,0,0,0
S01010450,399,147,1,90,52,256,254,2,0,0
S01010451,445,174,16,89,69,271,267,2,4,0
S01010452,392,138,1,110,27,254,253,1,0,0
S01010453,338,58,2,37,22,277,271,5,2,0
S01010454,381,195,11,113,70,186,184,2,0,0
S01010455,512,37,1,17,25,471,469,1,2,0
S01010456,297,106,0,89,16,191,187,3,2,0
S01010457,211,121,6,67,48,90,90,0,0,0
S01010458,375,106,3,89,14,268,262,6,0,1
S01010459,237,127,5,51,71,110,110,0,0,0
S01010460,343,121,78,32,10,224,224,0,0,1
S01010461,351,138,2,105,31,213,210,0,1,0
S01010462,367,23,5,12,6,342,342,2,2,2
S01010463,368,231,7,184,42,138,132,6,0,0
S01010464,242,125,3,89,33,117,116,1,0,0
S01010465,442,347,44,89,214,95,92,2,2,0
S01010466,452,207,8,74,125,245,242,1,2,0
S01010467,463,54,21,28,4,409,408,0,1,0
S01010468,431,120,103,10,7,311,304,6,1,0
S01010469,412,38,19,6,6,378,368,4,3,0
S01010470,357,201,4,134,59,152,154,0,0,1
S01010471,331,154,5,106,43,180,172,3,2,1
S01010472,396,126,5,32,83,275,273,4,0,0
S01010473,465,134,3,24,107,331,325,6,0,0
S01010474,370,24,3,17,4,343,343,0,0,0
S01010475,431,94,2,26,66,341,334,11,0,0
S01010476,620,143,5,27,111,480,468,4,2,0
S01010477,368,166,11,96,58,202,202,0,0,0
S01010478,508,121,3,108,10,388,385,1,0,0
S01010479,524,134,5,104,27,387,382,2,0,1
S01010480,281,186,4,113,70,95,94,1,0,0
S01010481,265,64,4,42,13,203,197,2,0,0
S01010482,345,263,0,158,104,81,80,1,0,1
S01010483,548,269,5,134,132,279,276,3,0,0
S01010484,239,141,5,91,45,99,99,0,0,0
S01010485,388,343,60,88,195,40,37,3,0,3
S01010486,386,355,97,204,50,32,26,0,2,0
S01010487,431,422,4,84,331,9,9,0,0,0
S01010488,321,46,3,23,20,275,275,0,0,0
S01010489,454,130,13,55,62,323,317,6,0,1
S01010490,272,52,6,11,37,219,218,1,0,1
S01010491,394,63,3,40,23,331,328,2,1,0
S01010492,253,163,18,100,48,89,88,1,0,2
S01010493,290,96,5,48,42,195,193,1,0,0
S01010494,225,98,2,85,10,128,126,0,2,0
S01010495,416,133,7,43,83,283,280,3,2,0
S01010496,450,180,16,121,43,266,264,1,1,1
S01010497,231,141,9,68,64,90,88,2,0,0
S01010498,430,232,14,153,62,198,195,0,2,0
S01010499,421,166,16,122,32,256,251,1,4,0
S01010500,372,209,67,84,61,164,164,0,0,0
S01010501,493,265,30,121,114,228,227,0,0,0
S01010502,321,217,10,148,55,102,102,0,0,0
S01010503,302,29,2,11,20,273,273,0,0,0
S01010504,303,283,229,35,13,11,2,2,8,9
S01010505,258,248,194,49,5,0,2,1,0,6
S01010506,451,429,279,108,43,18,8,5,5,4
S01010507,338,277,81,126,72,61,53,2,4,0
S01010508,503,471,291,147,33,29,20,8,5,5
S01010509,438,409,280,102,26,20,13,0,3,4
S01010510,471,420,182,151,87,49,45,3,1,3
S01010511,364,337,18,116,203,27,26,1,0,0
S01010512,280,254,46,113,95,26,22,3,0,0
S01010513,318,306,182,117,4,11,9,0,0,2
S01010514,280,267,11,84,174,13,10,0,3,0
S01010515,352,334,20,84,232,19,16,1,0,0
S01010516,323,190,110,55,26,133,116,9,8,0
S01010517,375,218,105,75,38,157,148,8,1,0
S01010518,276,126,77,41,9,149,148,2,0,0
S01010519,314,278,79,65,131,40,33,6,1,0
S01010520,407,352,28,165,162,56,46,2,9,0
S01010521,409,228,61,93,75,177,172,2,3,2
S01010522,313,130,38,55,35,180,163,7,10,0
S01010523,337,262,21,103,143,75,68,3,0,0
S01010524,240,227,186,26,18,8,2,1,2,2
S01010525,288,283,203,59,21,4,4,0,0,3
S01010526,364,329,116,123,90,34,31,3,0,1
S01010527,497,386,60,212,114,111,104,5,3,0
S01010528,325,311,204,61,46,7,4,0,2,8
S01010529,344,335,209,102,22,5,4,1,0,4
S01010530,291,277,188,65,24,15,5,1,4,2
S01010531,530,492,304,120,71,38,25,6,7,0
S01010532,198,192,142,34,15,6,2,1,4,2
S01010533,277,220,130,54,32,61,47,6,8,0
S01010534,379,326,150,132,44,53,46,4,3,0
S01010535,301,279,205,63,11,15,6,7,3,2
S01010536,376,299,41,125,132,78,72,3,0,0
S01010537,310,267,74,128,65,43,39,2,2,0
S01010538,426,294,156,109,26,132,128,3,4,0
S01010539,457,380,165,189,22,77,72,5,0,0
S01010540,267,257,185,49,23,9,5,4,0,1
S01010541,432,413,259,106,48,13,8,1,4,6
S01010542,393,379,256,91,32,14,4,5,4,0
S01010543,234,227,177,42,10,3,1,0,0,5
S01010544,372,363,141,158,64,9,6,3,0,0
S01010545,369,293,150,74,63,77,51,13,9,4
S01010546,355,240,148,56,36,115,95,8,10,0
S01010547,344,340,251,79,10,1,1,1,1,6
S01010548,334,297,227,50,19,27,25,2,0,7
S01010549,743,699,497,187,17,39,37,3,0,0
S01010550,235,215,83,102,30,20,19,1,0,0
S01010551,332,332,250,81,5,0,0,0,0,0
S01010552,326,312,238,76,2,7,1,8,0,2
S01010553,276,274,232,34,8,2,2,0,0,4
S01010554,353,273,82,97,96,80,74,5,1,0
S01010555,425,267,115,93,59,157,117,21,19,2
S01010556,393,332,63,132,137,56,56,0,0,0
S01010557,272,256,103,97,56,16,14,2,0,0
S01010558,409,312,151,116,46,97,89,5,2,0
S01010559,368,283,150,106,31,87,73,6,3,0
S01010560,278,254,154,90,11,23,18,5,0,0
S01010561,296,274,211,50,13,18,11,10,2,0
S01010562,315,303,134,165,5,9,5,4,0,0
S01010563,206,199,28,124,46,7,3,3,0,0
S01010564,251,194,26,150,21,53,54,1,0,0
S01010565,287,268,75,165,25,18,14,3,0,0
S01010566,497,487,376,78,33,4,4,2,0,6
S01010567,439,423,354,57,12,13,6,6,1,3
S01010568,713,666,391,173,103,40,45,0,2,3
S01010569,436,401,254,109,37,34,29,5,0,0
S01010570,428,409,132,129,148,18,9,4,1,1
S01010571,379,248,59,165,27,129,127,2,0,0
S01010572,318,233,19,80,134,83,78,1,1,0
S01010573,215,201,10,30,161,14,13,1,0,0
S01010574,233,231,194,30,7,1,1,0,0,0
S01010575,302,302,249,44,11,0,0,0,0,0
S01010576,341,336,276,59,1,6,3,0,1,1
S01010577,330,299,16,92,191,31,29,2,0,0
S01010578,211,202,23,153,25,10,7,2,0,0
S01010579,322,312,156,145,11,10,9,2,0,0
S01010580,367,173,53,77,45,194,189,4,1,0
S01010581,232,165,55,69,41,67,61,6,0,0
S01010582,507,396,204,146,46,110,110,0,0,1
S01010583,437,378,219,152,7,59,59,0,0,0
S01010584,403,350,205,79,66,52,52,0,0,1
S01010585,323,263,183,60,20,60,59,1,0,0
S01010586,316,308,261,45,2,8,6,2,2,0
S01010587,292,273,179,91,3,19,19,0,0,0
S01010588,225,196,113,73,10,29,29,0,0,0
S01010589,261,186,26,76,84,75,75,0,0,0
S01010590,291,291,274,11,2,4,4,0,0,0
S01010591,588,457,184,188,85,131,128,4,1,0
S01010592,264,146,57,84,5,118,117,2,0,0
S01010593,818,636,312,242,82,182,174,7,2,0
S01010594,284,196,89,63,44,84,81,4,1,0
S01010595,300,255,100,140,11,42,42,0,0,0
S01010596,754,634,407,196,31,120,114,0,2,4
S01010597,362,273,120,114,39,89,86,3,0,0
S01010598,389,304,154,144,7,85,87,2,0,0
S01010599,784,667,391,213,63,116,113,3,0,1
S01010600,525,421,262,92,64,104,101,2,1,0
S01010601,299,272,129,141,5,27,29,1,1,0
S01010602,248,202,55,132,15,46,44,2,0,0
S01010603,365,312,186,120,3,56,53,3,0,0
S01010604,195,179,98,79,1,13,10,1,0,0
S01010605,473,429,300,114,15,44,42,2,0,0
S01010606,383,326,48,143,135,53,46,5,2,0
S01010607,317,292,160,127,5,22,20,4,0,0
S01010608,322,141,23,38,80,181,172,12,0,0
S01010609,255,205,10,31,162,53,52,1,0,0
S01010610,336,260,165,73,21,77,67,13,0,0
S01010611,489,351,20,62,266,138,137,1,0,0
S01010612,304,294,28,49,215,8,8,0,0,2
S01010613,333,286,81,123,82,47,47,0,0,0
S01010614,311,269,12,87,172,41,36,0,6,0
S01010615,382,253,80,129,46,128,126,2,0,1
S01010616,349,341,120,218,6,8,3,5,0,2
S01010617,358,352,108,241,3,6,6,0,0,1
S01010618,311,304,76,225,3,8,6,0,1,0
S01010619,358,101,15,37,49,253,230,21,0,1
S01010620,453,48,9,15,20,408,338,28,42,0
S01010621,433,258,122,88,50,175,158,13,0,0
S01010622,332,191,19,63,109,141,139,4,0,0
S01010623,285,272,50,78,140,13,12,1,0,0
S01010624,363,240,23,84,133,122,116,2,4,2
S01010625,319,285,212,59,14,34,25,8,1,0
S01010626,422,332,194,119,19,92,66,24,1,0
S01010627,390,221,67,95,59,169,148,11,3,0
S01010628,460,279,71,118,91,181,146,31,4,0
S01010629,483,274,104,133,39,205,187,17,1,0
S01010630,256,133,58,50,22,123,116,7,0,0
S01010631,323,95,39,35,21,228,225,2,0,0
S01010632,473,311,59,211,41,162,153,7,2,0
S01010633,524,431,24,182,222,93,90,3,0,0
S01010634,232,209,6,103,100,23,25,0,1,0
S01010635,337,263,13,146,101,72,67,3,1,1
S01010636,371,294,76,184,31,77,55,20,2,0
S01010637,363,120,20,45,55,243,214,28,1,0
S01010638,441,283,45,116,122,155,137,16,1,3
S01010639,677,274,47,115,112,403,369,33,1,0
S01010640,366,169,40,75,50,197,166,27,2,0
S01010641,518,161,28,75,58,358,341,15,1,0
S01010642,629,328,24,100,204,301,292,6,0,0
S01010643,308,214,20,71,120,90,81,6,1,0
S01010644,393,162,17,85,62,234,223,10,1,0
S01010645,246,173,41,124,3,72,67,2,0,0
S01010646,320,296,160,131,2,24,24,0,0,0
S01010647,297,232,51,173,8,67,62,3,0,0
S01010648,309,231,58,119,54,75,76,3,0,0
S01010649,285,191,76,86,30,93,87,6,0,0
S01010650,697,524,222,215,90,171,163,10,0,1
S01010651,263,231,16,111,104,32,30,1,0,0
S01010652,372,314,122,123,69,58,56,1,1,0
S01010653,272,224,43,174,7,48,47,0,0,0
S01010654,343,308,12,129,169,35,33,2,0,1
S01010655,429,414,323,69,19,9,2,5,1,6
S01010656,300,288,114,128,46,10,9,2,1,0
S01010657,274,265,246,17,2,7,6,0,1,0
S01010658,331,300,263,32,9,15,4,11,0,14
S01010659,309,297,240,46,14,10,2,2,1,0
S01010660,303,252,98,108,44,54,47,4,2,0
S01010661,357,275,81,97,97,82,60,13,9,0
S01010662,378,360,227,118,15,18,16,4,0,0
S01010663,392,371,333,27,5,12,9,2,1,8
S01010664,322,320,290,19,11,2,2,0,0,0
S01010665,492,450,314,84,52,26,25,0,4,16
S01010666,517,491,227,193,74,25,18,6,1,1
S01010667,293,281,198,54,25,8,4,2,3,4
S01010668,558,522,327,139,56,30,19,6,5,4
S01010669,282,263,199,57,7,5,3,1,0,14
S01010670,398,359,228,99,37,31,33,0,0,10
S01010671,339,311,207,65,43,20,15,4,1,4
S01010672,349,284,88,144,49,65,59,3,3,0
S01010673,480,412,305,82,25,61,51,2,7,6
S01010674,517,466,302,124,40,47,42,1,4,4
S01010675,357,349,277,52,15,6,2,1,2,5
S01010676,467,453,400,46,7,8,1,3,4,6
S01010677,273,265,201,24,40,5,2,2,1,3
S01010678,354,325,258,50,18,28,19,2,2,5
S01010679,297,215,102,71,39,82,75,5,2,0
S01010680,382,326,116,141,69,54,50,3,1,4
S01010681,465,371,105,238,27,94,88,6,0,0
S01010682,456,444,402,31,11,5,6,1,0,8
S01010683,465,450,387,44,16,8,3,2,2,6
S01010684,412,393,357,34,1,17,9,3,5,2
S01010685,331,324,273,44,7,3,0,0,2,3
S01010686,331,313,250,46,19,12,4,5,2,6
S01010687,434,416,297,105,11,18,14,0,4,1
S01010688,391,379,290,66,23,8,4,1,3,4
S01010689,404,389,279,97,13,13,8,3,2,2
S01010690,298,272,91,140,41,26,14,3,6,0
S01010691,362,344,308,26,10,9,3,4,2,8
S01010692,360,260,103,129,28,100,97,2,1,0
S01010693,241,235,208,15,12,5,2,0,2,1
S01010694,300,282,231,39,10,16,12,4,0,2
S01010695,303,294,246,24,21,4,5,1,0,5
S01010696,426,388,176,162,53,37,20,14,3,1
S01010697,469,465,318,123,24,2,1,1,0,1
S01010698,348,327,217,99,11,15,11,4,2,4
S01010699,248,241,165,54,22,6,6,1,0,1
S01010700,246,243,175,49,19,3,3,0,0,1
S01010701,446,410,194,145,71,35,28,7,2,0
S01010702,415,408,336,49,23,4,2,1,1,3
S01010703,358,352,293,50,12,7,4,2,0,1
S01010704,291,275,77,135,63,16,13,6,0,0
S01010705,627,552,287,239,26,78,77,0,1,0
S01010706,348,319,104,177,42,29,21,7,0,0
S01010707,524,488,317,139,32,35,32,1,1,2
S01010708,264,258,101,115,42,6,4,1,2,0
S01010709,308,300,157,117,25,8,5,2,0,0
S01010710,318,298,68,152,78,22,20,2,0,0
S01010711,350,346,250,74,22,8,5,1,1,0
S01010712,291,261,54,124,86,29,27,3,0,1
S01010713,287,280,22,90,171,7,6,1,0,0
S01010714,330,189,43,83,62,138,124,4,10,2
S01010715,373,333,77,123,130,42,31,8,3,1
S01010716,486,238,94,93,51,248,226,12,10,0
S01010717,293,270,209,56,8,23,22,0,1,0
S01010718,477,373,260,81,32,105,103,0,0,0
S01010719,292,269,115,114,40,23,14,5,1,0
S01010720,478,448,293,123,34,30,26,4,0,0
S01010721,302,279,190,50,39,29,14,8,4,1
S01010722,389,375,113,166,96,15,8,6,0,0
S01010723,386,365,295,58,12,20,14,5,0,0
S01010724,407,389,261,96,30,15,12,3,0,3
S01010725,490,466,324,128,14,22,21,0,0,2
S01010726,424,413,266,108,35,11,10,0,0,1
S01010727,282,277,229,40,5,4,0,4,0,1
S01010728,226,216,183,25,7,10,4,2,1,1
S01010729,283,276,237,32,7,4,2,1,1,3
S01010730,425,404,320,61,25,9,2,6,1,12
S01010731,418,387,155,106,127,28,21,5,3,3
S01010732,332,328,74,70,184,4,5,1,0,0
S01010733,245,239,33,119,87,6,5,2,0,0
S01010734,369,347,77,138,132,22,13,10,2,0
S01010735,291,251,54,44,153,44,36,3,1,0
S01010736,234,230,155,73,0,4,4,0,0,0
S01010737,664,555,194,264,100,106,95,3,8,0
S01010738,248,230,53,168,9,19,19,0,0,0
S01010739,411,355,68,191,99,54,45,4,5,0
S01010740,258,187,16,69,105,68,67,5,0,0
S01010741,387,370,171,163,35,16,14,1,0,0
S01010742,347,270,66,86,118,74,69,4,1,2
S01010743,270,252,22,57,173,18,17,1,0,0
S01010744,453,440,133,186,121,13,10,0,1,1
S01010745,338,233,79,88,66,105,94,9,2,0
S01010746,464,445,277,115,57,12,6,4,2,3
S01010747,373,364,137,123,103,9,8,1,0,0
S01010748,298,284,171,89,24,14,7,0,3,0
S01010749,277,272,173,62,37,3,1,4,0,2
S01010750,282,275,160,60,55,6,3,1,0,2
S01010751,368,357,76,146,135,11,6,4,2,0
S01010752,360,323,79,111,133,37,25,10,2,0
S01010753,500,413,207,132,74,89,86,1,3,2
S01010754,314,242,97,81,60,77,62,11,1,2
S01010755,258,240,37,182,21,18,11,4,7,0
S01010756,308,284,192,71,21,25,16,7,0,0
S01010757,360,353,251,92,10,2,0,2,1,2
S01010758,352,339,201,107,31,8,7,0,1,5
S01010759,300,256,63,159,34,44,42,1,1,0
S01010760,351,330,187,123,18,20,14,2,5,1
S01010761,219,213,173,35,5,3,2,2,1,2
S01010762,271,266,180,67,19,0,0,0,0,5
S01010763,330,314,158,128,28,14,6,5,3,2
S01010764,302,295,244,49,0,1,1,0,0,6
S01010765,507,489,304,161,24,15,8,3,1,3
S01010766,388,372,145,178,49,16,8,0,6,0
S01010767,357,329,114,139,76,28,26,0,1,0
S01010768,278,271,39,180,52,7,1,0,4,0
S01010769,253,250,228,14,8,3,3,2,0,0
S01010770,371,354,105,177,72,17,13,4,4,0
S01010771,444,432,198,180,57,11,8,2,1,1
S01010772,406,395,274,94,27,4,1,0,0,7
S01010773,360,350,282,66,2,1,1,0,0,9
S01010774,340,328,172,101,55,10,9,1,0,2
S01010775,355,348,210,132,6,1,3,1,0,5
S01010776,261,219,21,56,143,42,32,8,2,0
S01010777,251,178,21,57,100,76,68,7,1,0
S01010778,260,184,21,64,99,76,70,6,0,0
S01010779,352,210,49,113,46,146,137,5,0,0
S01010780,262,231,67,99,67,31,31,0,0,0
S01010781,351,295,99,72,124,52,44,10,2,1
S01010782,299,207,61,88,54,92,67,13,9,0
S01010783,264,180,30,75,79,89,82,4,3,0
S01010784,323,307,37,128,143,16,12,3,0,0
S01010785,294,261,189,34,38,33,33,0,0,0
S01010786,300,299,145,137,13,1,0,0,1,0
S01010787,395,390,248,123,19,0,0,0,0,5
S01010788,293,272,158,85,29,19,16,4,1,2
S01010789,301,296,185,88,23,3,2,1,0,3
S01010790,317,313,261,42,6,4,3,0,1,3
S01010791,417,405,334,68,1,5,3,1,1,5
S01010792,288,283,61,168,54,5,3,0,0,0
S01010793,275,273,184,68,17,2,2,0,0,0
S01010794,275,244,165,61,18,29,26,3,0,2
S01010795,480,458,252,170,33,22,14,8,0,0
S01010796,363,347,303,34,9,17,10,3,0,3
S01010797,334,332,235,93,5,2,2,0,0,0
S01010798,297,293,203,64,26,4,2,1,1,0
S01010799,420,266,41,102,123,151,120,11,22,1
S01010800,382,339,12,185,147,42,40,2,0,0
S01010801,341,327,25,119,179,18,13,1,2,0
S01010802,234,198,23,113,62,36,36,0,0,0
S01010803,277,216,28,134,58,61,54,11,0,0
S01010804,303,265,81,125,65,38,36,4,3,0
S01010805,414,338,105,155,84,76,70,6,0,0
S01010806,454,413,96,151,163,43,40,4,0,0
S01010807,239,208,6,185,18,29,25,1,0,0
S01010808,216,200,12,143,45,13,12,1,0,0
S01010809,302,300,156,125,16,2,2,0,0,0
S01010810,263,250,184,38,28,10,6,2,2,3
S01010811,426,412,323,64,25,8,5,1,2,6
S01010812,234,232,174,50,8,6,5,0,0,0
S01010813,235,202,92,78,28,34,25,4,1,1
S01010814,314,304,236,60,8,3,1,1,0,7
S01010815,197,197,114,75,7,3,1,0,2,0
S01010816,314,160,109,31,20,154,116,37,1,0
S01010817,377,317,221,53,43,60,43,17,0,0
S01010818,489,289,164,64,61,200,183,16,1,0
S01010819,380,298,79,108,109,81,61,19,1,2
S01010820,274,247,152,59,32,27,16,10,1,0
S01010821,240,239,212,16,7,2,3,0,0,0
S01010822,281,181,123,44,17,102,35,65,0,0
S01010823,126,122,16,49,57,4,3,1,0,0
S01010824,241,239,194,44,4,2,0,1,1,0
S01010825,332,316,253,36,27,10,7,4,0,3
S01010826,310,215,150,55,9,94,79,13,1,2
S01010827,215,202,94,104,4,13,9,7,0,0
S01010828,429,389,284,99,8,37,32,2,0,0
S01010829,467,286,135,43,112,181,165,16,0,0
S01010830,291,244,93,79,72,47,44,4,1,0
S01010831,200,197,158,34,6,3,3,0,0,0
S01010832,248,242,20,155,67,6,6,0,0,0
S01010833,348,286,232,49,5,51,50,4,0,11
S01010834,498,323,209,84,33,176,167,6,0,0
S01010835,229,200,111,85,4,29,16,10,0,0
S01010836,393,163,92,56,17,226,163,62,1,0
S01010837,318,234,46,149,39,84,81,1,0,0
S01010838,317,208,30,128,49,107,104,5,1,0
S01010839,337,208,35,82,91,129,97,32,0,0
S01010840,285,28,8,12,8,257,209,43,5,0
S01010841,407,74,10,45,19,333,310,23,0,0
S01010842,534,74,9,26,39,460,445,10,5,0
S01010843,444,37,10,20,7,407,391,15,1,0
S01010844,281,225,70,90,66,58,52,3,0,0
S01010845,231,183,27,98,58,48,45,3,0,0
S01010846,281,75,12,53,10,206,205,2,0,0
S01010847,251,231,62,120,49,19,19,0,0,0
S01010848,305,222,16,127,79,83,82,0,0,0
S01010849,366,323,12,193,118,43,40,3,0,0
S01010850,315,267,16,77,172,48,44,2,0,0
S01010851,407,383,15,199,165,28,27,0,0,0
S01010852,319,295,7,103,184,24,24,0,0,0
S01010853,400,382,29,138,215,15,14,1,0,0
S01010854,376,327,27,175,124,49,48,1,0,0
S01010855,216,190,8,88,93,25,27,0,1,0
S01010856,404,329,13,144,172,75,74,2,0,0
S01010857,329,246,58,156,32,83,82,0,2,0
S01010858,275,192,3,138,51,85,85,0,0,1
S01010859,363,279,10,152,117,84,79,5,3,0
S01010860,253,185,18,117,55,62,63,2,0,0
S01010861,320,77,16,37,24,243,242,0,0,0
S01010862,299,212,19,111,82,89,87,2,0,0
S01010863,301,244,72,90,78,56,40,16,0,0
S01010864,268,201,125,70,3,67,61,6,0,0
S01010865,429,162,51,96,15,266,208,58,0,0
S01010866,300,203,63,103,35,103,56,42,1,0
S01010867,292,140,56,62,21,152,72,82,0,0
S01010868,288,116,33,56,29,172,95,77,0,0
S01010869,279,202,63,117,22,77,25,51,1,0
S01010870,372,38,16,18,4,334,296,35,2,0
S01010871,383,58,18,35,5,327,267,58,2,0
S01010872,420,19,3,8,8,401,377,20,6,0
S01010873,339,4,0,3,1,335,314,17,4,0
S01010874,307,62,9,35,18,248,208,37,0,0
S01010875,277,28,6,7,15,249,241,7,1,0
S01010876,458,21,6,10,6,437,416,20,0,0
S01010877,421,130,16,89,25,291,282,9,0,0
S01010878,507,204,22,146,40,305,299,7,0,0
S01010879,399,266,51,140,76,133,127,6,0,0
S01010880,204,135,6,81,51,69,67,2,0,0
S01010881,266,157,7,127,27,108,106,2,1,0
S01010882,165,162,7,21,133,4,3,1,0,0
S01010883,281,188,164,17,7,93,93,0,0,0
S01010884,407,76,24,22,32,333,328,2,1,0
S01010885,556,63,25,23,15,492,469,20,3,0
S01010886,166,6,1,4,0,160,159,1,0,0
S01010887,443,91,9,23,59,352,348,2,0,0
S01010888,481,88,4,45,39,393,391,1,1,0
S01010889,254,11,4,3,1,246,245,2,0,0
S01010890,499,22,8,9,2,477,475,0,4,0
S01010891,312,10,3,5,4,302,265,9,24,0
S01010892,514,75,25,29,22,442,433,11,2,0
S01010893,305,48,15,16,17,257,249,6,1,0
S01010894,308,51,19,26,10,253,250,1,1,0
S01010895,183,82,8,43,34,101,97,2,1,0
S01010896,390,223,31,107,82,166,167,4,0,0
S01010897,367,273,26,151,96,94,93,0,0,0
S01010898,233,196,4,164,29,37,37,0,0,0
S01010899,207,195,23,91,85,13,10,1,0,0
S01010900,346,190,17,91,85,154,151,5,0,0
S01010901,252,197,14,153,32,51,51,0,0,0
S01010902,414,371,19,258,91,45,44,2,0,0
S01010903,455,211,14,140,54,244,235,5,1,0
S01010904,311,141,13,71,57,166,163,8,0,0
S01010905,545,290,48,105,135,255,254,1,0,0
S01010906,412,335,35,200,98,80,74,6,0,0
S01010907,266,256,71,55,130,12,10,2,2,0
S01010908,307,106,10,63,35,201,186,14,1,0
S01010909,272,141,40,65,35,131,97,34,0,0
S01010910,240,35,3,15,17,205,193,11,2,0
S01010911,373,29,2,7,19,344,338,4,2,0
S01010912,359,97,10,43,44,262,248,6,8,0
S01010913,327,217,47,81,87,110,102,9,0,0
S01010914,228,215,6,29,183,10,6,0,1,0
S01010915,259,251,8,42,202,8,6,0,1,0
S01010916,182,100,6,31,63,82,77,1,1,0
S01010917,262,164,20,66,75,97,92,6,1,1
S01010918,315,202,21,86,95,118,111,3,3,0
S01010919,317,229,17,83,127,87,84,2,0,0
S01010920,326,227,73,98,56,99,92,6,0,0
S01010921,257,226,7,111,105,31,29,1,1,0
S01010922,389,262,9,152,107,123,121,1,2,0
S01010923,385,285,8,66,211,100,99,1,0,0
S01010924,242,209,11,41,157,33,33,0,0,0
S01010925,314,273,14,65,194,41,41,0,0,0
S01010926,373,322,21,121,181,51,47,2,2,0
S01010927,253,218,5,157,56,35,35,0,0,0
S01010928,285,273,11,126,132,13,12,1,0,0
S01010929,254,237,10,119,106,13,12,1,0,0
S01010930,364,331,212,75,44,33,33,0,0,0
S01010931,433,391,194,105,91,42,40,2,0,0
S01010932,333,303,53,74,180,31,29,2,0,0
S01010933,493,481,331,101,49,12,12,2,0,0
S01010934,423,296,168,72,56,127,111,14,0,0
S01010935,325,220,128,69,23,100,85,12,2,2
S01010936,390,120,52,48,20,271,245,17,2,1
S01010937,333,300,54,173,73,33,30,2,0,0
S01010938,379,268,18,60,190,110,106,2,0,1
S01010939,197,157,34,85,38,44,38,0,0,0
S01010940,265,257,87,166,4,6,7,1,0,0
S01010941,320,313,78,183,52,7,7,0,0,0
S01010942,265,263,99,157,7,2,2,0,0,0
S01010943,250,179,6,60,117,74,73,1,0,0
S01010944,285,147,9,23,115,142,136,0,0,0
S01010945,239,208,9,34,165,31,29,2,0,0
S01010946,385,328,9,185,135,53,54,4,0,0
S01010947,230,217,25,32,161,14,13,0,1,0
S01010948,279,248,5,33,209,31,29,2,0,0
S01010949,341,336,107,215,14,7,2,3,0,0
S01010950,355,334,63,173,101,18,17,0,2,0
S01010951,284,262,15,78,169,20,20,0,0,1
S01010952,196,188,44,68,76,8,7,1,0,0
S01010953,225,189,34,91,68,40,35,1,0,0
S01010954,226,214,47,129,38,12,10,1,0,0
S01010955,745,692,354,215,123,53,46,6,1,0
S01010956,814,644,315,217,108,168,164,5,0,0
S01010957,230,225,74,125,26,5,5,0,0,0
S01010958,226,208,82,87,45,18,18,0,0,0
S01010959,307,138,51,62,23,170,162,7,1,0
S01010960,498,397,152,157,88,98,91,9,0,0
S01010961,262,244,31,104,109,18,14,3,0,0
S01010962,330,81,41,29,11,8,8,0,0,241
S01010963,376,300,101,87,106,46,47,2,0,27
S01010964,295,270,39,167,64,23,18,0,0,1
S01010965,214,74,8,37,32,134,131,4,0,3
S01010966,319,166,16,109,43,153,150,2,1,0
S01010967,305,172,18,75,76,133,134,1,1,0
S01010968,302,243,43,154,45,59,47,9,3,0
S01010969,345,241,80,131,28,106,86,8,8,0
S01010970,469,343,94,113,133,120,111,8,1,3
S01010971,409,389,111,175,103,17,15,5,0,0
S01010972,329,273,4,68,200,51,50,1,0,0
S01010973,200,196,5,43,148,4,4,0,0,0
S01010974,323,315,9,101,206,8,8,0,0,0
S01010975,186,144,3,51,90,46,41,0,5,0
S01010976,206,198,19,132,47,8,8,0,0,0
S01010977,300,268,54,82,132,34,30,3,0,0
S01010978,347,199,20,86,93,148,145,3,1,0
S01010979,348,266,23,124,122,86,86,0,0,0
S01010980,345,254,28,107,118,91,83,2,6,0
S01010981,346,214,46,121,47,132,118,5,9,0
S01010982,451,383,264,85,31,65,49,16,0,3
S01010983,375,267,46,166,51,103,104,0,0,2
S01010984,301,267,152,94,21,33,33,0,0,0
S01010985,242,148,20,114,22,90,89,0,0,0
S01010986,182,179,86,21,72,1,1,0,0,0
S01010987,218,217,194,12,7,2,0,2,0,0
S01010988,208,202,140,40,22,2,2,0,0,0
S01010989,396,306,111,52,143,90,90,0,0,0
S01010990,316,304,21,76,208,14,14,0,0,0
S01010991,1333,1167,580,276,311,166,163,3,0,0
S01010992,188,183,160,11,17,0,1,0,0,0
S01010993,250,233,137,85,11,17,12,0,5,0
S01010994,595,454,237,137,83,135,135,2,0,0
S01010995,290,280,79,171,30,6,6,0,0,0
S01010996,231,183,80,77,26,48,38,10,0,0
S01010997,285,278,185,90,6,7,7,0,0,0
S01010998,313,262,166,81,16,51,36,15,0,0
S01010999,470,302,184,34,84,166,122,28,16,0
S01011000,1127,899,508,210,185,226,218,5,1,1
S01011001,274,248,16,65,167,27,22,2,1,0
S01011002,305,240,11,124,103,65,64,0,0,0
S01011003,278,210,15,97,98,68,67,0,1,0
S01011004,276,265,94,71,96,11,10,1,0,0
S01011005,352,142,22,43,81,210,201,8,2,0
S01011006,840,646,263,191,192,192,190,2,0,2
S01011007,278,264,13,97,154,14,13,2,0,0
S01011008,365,265,19,115,131,100,100,0,0,0
S01011009,207,163,9,36,118,42,41,1,0,0
S01011010,339,46,12,19,15,293,260,14,19,0
S01011011,427,81,10,53,19,346,341,6,1,0
S01011012,319,117,12,38,69,202,199,3,0,0
S01011013,384,341,21,113,208,37,35,2,1,0
S01011014,364,267,56,115,92,97,96,0,1,0
S01011015,192,152,18,61,73,43,40,1,0,0
S01011016,661,545,290,134,121,116,114,2,0,0
S01011017,605,567,297,144,126,38,37,1,0,0
S01011018,365,316,60,141,117,49,44,9,0,0
S01011019,537,513,304,122,87,24,24,0,0,0
S01011020,519,495,279,149,71,24,16,5,0,0
S01011021,347,342,38,225,82,5,3,0,4,2
S01011022,245,207,13,65,126,39,39,0,0,0
S01011023,367,297,64,155,76,72,72,0,0,0
S01011024,301,244,14,99,131,59,56,3,0,0
S01011025,274,257,15,53,191,16,16,0,0,0
S01011026,234,229,12,32,186,4,4,0,0,0
S01011027,428,271,16,82,171,157,145,2,7,0
S01011028,414,319,24,113,183,95,95,0,0,0
S01011029,269,205,6,43,159,64,64,0,0,0
S01011030,361,312,66,125,129,45,45,0,0,0
S01011031,413,310,68,89,155,102,102,0,0,2
S01011032,344,132,13,74,39,212,209,2,1,0
S01011033,276,267,13,153,101,9,9,0,0,0
S01011034,329,283,24,76,183,46,38,6,4,0
S01011035,251,245,21,60,164,6,5,1,0,0
S01011036,288,222,119,44,59,66,60,0,6,0
S01011037,567,350,75,131,141,220,220,3,0,0
S01011038,373,250,23,155,72,123,122,0,0,0
S01011039,598,396,123,142,128,202,196,5,1,0
S01011040,290,211,6,146,59,79,79,0,0,0
S01011041,230,182,25,112,45,48,46,0,3,0
S01011042,328,261,129,88,44,66,52,12,2,1
S01011043,335,287,38,160,90,45,36,5,0,0
S01011044,309,120,52,36,32,189,188,1,0,0
S01011045,304,291,174,68,48,14,11,2,0,0
S01011046,372,364,281,73,10,7,4,1,3,1
S01011047,412,412,245,115,45,0,0,0,0,0
S01011048,439,375,127,139,106,64,51,3,13,0
S01011049,319,280,83,136,61,39,39,3,0,0
S01011050,254,247,160,57,30,3,3,0,1,0
S01011051,482,462,263,103,94,15,8,2,2,6
S01011052,365,322,125,160,37,43,32,9,5,0
S01011053,287,267,43,110,118,20,16,2,1,0
S01011054,244,236,107,88,39,11,3,3,0,0
S01011055,224,220,167,44,9,2,2,0,0,4
S01011056,311,304,240,55,6,3,1,2,0,4
S01011057,248,239,118,99,22,4,4,0,0,1
S01011058,269,266,235,20,11,0,0,0,0,4
S01011059,268,262,211,47,2,3,2,1,0,3
S01011060,381,320,153,98,65,61,49,3,9,0
S01011061,435,393,93,149,151,43,38,3,3,0
S01011062,441,374,167,140,67,67,45,8,14,0
S01011063,497,483,101,229,150,14,14,0,0,0
S01011064,474,439,135,160,144,32,22,8,6,3
S01011065,310,298,195,80,27,14,10,0,3,0
S01011066,201,182,84,74,24,17,7,6,4,0
S01011067,238,219,66,115,37,21,20,1,0,0
S01011068,226,221,77,120,25,5,2,2,0,0
S01011069,227,205,89,100,18,19,18,0,0,0
S01011070,231,225,84,111,30,6,4,1,1,0
S01011071,325,322,227,75,18,5,3,2,0,0
S01011072,573,541,316,199,26,34,29,2,0,1
S01011073,296,265,143,106,16,31,18,15,1,0
S01011074,284,255,60,134,61,29,11,18,0,0
S01011075,293,275,11,138,126,15,17,2,0,0
S01011076,373,263,67,161,35,109,96,7,6,0
S01011077,365,330,51,95,185,35,34,2,0,0
S01011078,725,654,452,182,20,71,62,8,1,0
S01011079,493,386,165,169,52,107,75,26,16,0
S01011080,473,418,127,255,33,55,51,4,0,0
S01011081,344,321,59,131,131,22,22,0,0,0
S01011082,272,239,38,153,48,26,29,1,0,0
S01011083,359,350,92,190,71,9,4,4,2,0
S01011084,327,324,264,44,16,3,4,1,0,0
S01011085,387,380,250,117,13,5,5,2,0,0
S01011086,356,329,206,99,24,26,23,3,0,0
S01011087,263,252,51,128,71,9,12,1,0,0
S01011088,466,405,204,150,54,61,51,6,4,0
S01011089,316,300,84,118,99,12,7,0,1,0
S01011090,408,393,310,71,11,11,10,0,1,4
S01011091,275,270,216,49,5,2,0,1,0,2
S01011092,276,204,61,130,13,73,70,0,1,1
S01011093,1251,1040,612,383,47,204,201,2,0,4
S01011094,439,421,342,68,11,18,16,0,0,0
S01011095,355,345,270,64,7,1,1,0,0,9
S01011096,446,379,259,99,21,65,49,14,2,2
S01011097,311,302,225,61,21,7,3,0,1,2
S01011098,350,301,135,119,49,49,43,6,0,0
S01011099,365,283,62,54,165,84,83,1,0,0
S01011100,205,201,66,87,48,2,2,0,0,0
S01011101,231,201,16,55,134,24,26,2,0,0
S01011102,265,95,8,27,60,169,168,0,0,1
S01011103,238,112,28,28,52,126,109,14,2,0
S01011104,288,199,68,76,55,89,70,18,2,0
S01011105,473,264,70,87,107,174,170,4,0,35
S01011106,367,273,27,126,120,93,93,0,0,1
S01011107,437,337,99,198,32,104,103,1,0,0
S01011108,238,220,43,138,39,18,11,8,0,0
S01011109,339,265,56,183,26,74,67,3,0,0
S01011110,312,225,14,129,81,87,86,0,0,0
S01011111,388,223,31,123,69,162,156,4,2,0
S01011112,265,255,164,84,4,12,7,0,2,0
S01011113,423,408,109,213,86,19,12,3,0,0
S01011114,294,292,126,148,18,2,2,0,0,0
S01011115,371,312,22,158,136,60,63,1,0,0
S01011116,296,274,42,128,103,22,20,3,0,0
S01011117,366,243,123,88,32,123,93,26,4,0
S01011118,438,339,173,134,32,99,83,14,2,0
S01011119,426,375,231,77,66,49,43,6,0,0
S01011120,291,289,272,15,2,2,2,0,0,0
S01011121,364,108,17,50,41,256,218,18,20,0
S01011122,297,225,69,83,74,71,57,9,2,0
S01011123,528,466,54,186,226,61,61,0,0,1
S01011124,280,272,77,101,98,8,7,0,1,0
S01011125,218,155,27,95,33,65,62,1,0,0
S01011126,179,147,33,78,36,32,31,2,0,0
S01011127,134,134,19,105,10,4,3,1,0,0
S01011128,374,275,56,110,111,97,97,0,0,0
S01011129,335,324,260,50,6,17,14,3,0,0
S01011130,295,200,40,84,76,92,86,4,2,0
S01011131,308,238,70,101,67,70,49,17,4,0
S01011132,354,313,143,126,44,39,28,14,2,0
S01011133,187,175,44,86,45,14,13,1,0,0
S01011134,404,296,103,104,88,103,99,3,0,0
S01011135,341,308,67,124,113,34,30,1,2,3
S01011136,274,226,105,52,65,52,47,6,0,0
S01011137,180,168,51,73,44,12,4,7,0,0
S01011138,249,213,25,99,89,36,36,0,0,0
S01011139,324,288,67,199,26,30,29,1,0,2
S01011140,230,207,27,83,96,27,22,0,1,0
S01011141,228,224,40,75,113,4,4,0,0,0
S01011142,341,333,240,80,11,7,6,1,0,1
S01011143,460,433,304,90,35,30,19,6,9,0
S01011144,254,245,106,103,37,7,4,1,3,0
S01011145,306,293,233,47,14,8,7,2,0,4
S01011146,346,324,168,114,42,26,19,4,0,0
S01011147,437,400,147,154,99,37,30,5,2,0
S01011148,335,329,188,113,27,4,3,1,0,3
S01011149,310,272,158,65,49,24,21,5,0,14
S01011150,352,340,40,107,193,12,10,0,2,0
S01011151,212,175,53,97,21,25,15,2,1,12
S01011152,292,265,178,61,27,23,11,11,4,4
S01011153,456,277,151,69,60,171,163,2,10,1
S01011154,307,143,61,48,34,164,129,9,22,0
S01011155,348,194,80,57,57,154,136,15,2,0
S01011156,243,236,124,110,4,8,4,2,2,0
S01011157,280,280,163,115,2,4,3,2,0,0
S01011158,273,261,217,38,6,12,7,2,4,0
S01011159,350,269,50,97,124,81,78,2,2,0
S01011160,377,327,114,111,102,50,47,3,0,0
S01011161,266,239,30,45,165,27,27,0,0,0
S01011162,196,186,50,50,86,10,10,0,0,0
S01011163,336,329,23,165,140,4,4,0,0,0
S01011164,340,284,126,127,32,53,52,2,0,0
S01011165,364,277,17,86,174,87,81,5,1,0
S01011166,195,189,129,41,21,2,2,0,0,0
S01011167,300,292,250,34,5,4,2,2,0,4
S01011168,564,540,378,145,17,19,17,0,0,5
S01011169,548,467,212,231,24,81,80,0,0,0
S01011170,480,398,278,94,29,7,4,3,0,75
S01011171,450,441,295,123,21,6,5,4,1,0
S01011172,376,345,224,87,34,18,9,8,0,13
S01011173,257,245,178,57,12,9,4,2,3,4
S01011174,211,204,133,51,20,6,3,3,0,1
S01011175,308,270,108,78,82,35,34,1,0,0
S01011176,282,267,192,54,21,18,9,6,3,1
S01011177,376,347,180,124,46,29,15,2,8,1
S01011178,203,191,57,78,54,14,14,0,0,0
S01011179,266,230,33,75,121,36,36,0,0,0
S01011180,302,251,42,123,86,51,49,4,0,0
S01011181,375,338,246,67,25,4,4,0,0,30
S01011182,303,291,213,57,21,9,8,2,0,3
S01011183,223,193,155,10,21,31,30,1,0,3
S01011184,456,434,229,174,31,22,22,0,0,0
S01011185,294,271,64,182,25,23,22,1,0,0
S01011186,462,273,50,151,68,189,184,5,0,0
S01011187,294,272,98,157,17,22,21,0,1,0
S01011188,435,383,11,44,324,51,51,0,0,0
S01011189,351,273,92,46,133,80,71,5,0,0
S01011190,279,231,30,103,98,48,46,1,1,0
S01011191,231,222,6,64,153,12,5,0,2,0
S01011192,282,277,13,38,226,5,1,3,1,0
S01011193,297,248,10,17,218,49,49,0,0,0
S01011194,281,259,6,50,206,19,16,0,2,0
S01011195,312,306,9,52,245,6,6,0,0,0
S01011196,393,358,16,68,274,35,21,4,10,0
S01011197,348,346,14,43,285,11,11,0,0,0
S01011198,274,268,15,54,199,6,5,1,0,0
S01011199,483,476,78,136,262,8,8,0,0,0
S01011200,359,303,43,132,125,56,52,1,0,0
S01011201,288,277,51,117,109,11,11,0,0,0
S01011202,392,266,16,104,143,126,124,2,0,0
S01011203,362,341,35,77,231,21,20,1,0,0
S01011204,235,230,118,42,67,6,4,2,0,0
S01011205,233,230,162,41,27,3,3,0,0,0
S01011206,262,257,108,100,49,5,4,1,0,0
S01011207,329,301,120,40,141,28,21,4,5,0
S01011208,343,336,159,104,73,7,7,0,0,1
S01011209,266,261,26,86,145,5,4,0,1,0
S01011210,248,245,162,31,49,3,0,1,0,0
S01011211,253,249,171,30,45,2,2,0,0,0
S01011212,212,208,8,18,185,4,3,0,2,0
S01011213,480,410,66,69,275,55,55,0,4,13
S01011214,316,261,14,20,225,57,57,0,0,0
S01011215,217,163,11,41,107,53,53,0,0,1
S01011216,253,114,6,15,90,139,136,3,0,0
S01011217,384,295,9,62,221,89,86,3,0,0
S01011218,445,426,22,133,268,19,19,0,0,0
S01011219,323,276,6,75,195,47,42,4,0,0
S01011220,412,284,6,69,209,128,126,2,1,0
S01011221,436,334,5,123,206,102,100,2,0,0
S01011222,360,335,22,159,154,27,27,0,0,0
S01011223,357,336,12,153,169,21,15,1,1,0
S01011224,343,156,30,28,98,187,185,1,1,0
S01011225,340,277,18,88,171,63,59,2,2,0
S01011226,485,406,146,156,104,77,65,10,0,0
S01011227,393,154,45,47,62,242,216,17,10,0
S01011228,475,240,32,97,111,236,221,12,2,2
S01011229,312,111,32,18,61,197,185,11,2,1
S01011230,292,101,5,24,72,191,187,2,4,0
S01011231,290,208,13,92,106,82,79,2,1,0
S01011232,468,159,16,31,112,309,297,9,5,0
S01011233,479,409,200,98,110,68,66,3,0,2
S01011234,483,432,45,235,150,49,50,2,0,2
S01011235,142,102,3,35,57,40,40,0,0,0
S01011236,264,160,12,75,77,101,96,4,0,0
S01011237,335,248,9,148,91,87,83,1,2,0
S01011238,290,82,7,43,35,208,206,2,0,0
S01011239,361,112,19,52,38,251,247,4,0,0
S01011240,441,86,14,19,53,355,320,17,18,0
S01011241,486,179,40,80,58,307,272,35,0,0
S01011242,402,188,85,92,11,214,179,34,2,0
S01011243,550,109,12,21,76,437,405,23,9,4
S01011244,377,79,11,44,24,298,293,4,2,0
S01011245,412,246,37,127,84,164,160,3,1,0
S01011246,530,271,83,131,53,259,241,17,2,0
S01011247,366,317,195,92,30,49,44,5,0,0
S01011248,320,302,80,151,69,18,18,0,0,0
S01011249,307,290,161,111,21,14,14,0,0,0
S01011250,439,381,13,167,201,57,57,0,0,2
S01011251,422,392,11,217,164,26,28,2,0,0
S01011252,335,321,25,133,163,14,14,0,0,0
S01011253,397,293,24,87,184,104,99,5,0,0
S01011254,355,354,148,198,8,2,2,0,0,0
S01011255,270,266,234,26,6,4,4,0,0,0
S01011256,165,165,89,79,1,0,0,0,0,0
S01011257,179,172,125,43,4,3,3,0,0,0
S01011258,194,176,46,95,35,18,18,0,0,0
S01011259,347,165,32,93,36,185,171,10,0,0
S01011260,336,242,146,68,31,94,94,0,0,0
S01011261,367,301,30,174,101,66,65,1,0,0
S01011262,184,170,20,108,42,14,14,0,0,0
S01011263,494,462,112,160,190,35,34,1,0,0
S01011264,258,257,12,164,82,5,5,0,0,0
S01011265,463,411,20,169,222,52,50,1,0,0
S01011266,369,346,15,214,113,23,20,3,0,0
S01011267,252,169,78,60,30,83,81,2,0,0
S01011268,150,138,64,39,34,12,9,4,0,0
S01011269,316,144,56,42,42,175,164,2,7,0
S01011270,337,225,30,51,144,106,104,3,3,0
S01011271,329,319,37,125,154,11,6,5,0,0
S01011272,383,193,26,91,77,190,187,3,1,0
S01011273,332,303,8,82,213,29,29,0,0,0
S01011274,393,286,11,125,147,109,107,4,0,0
S01011275,271,254,12,152,89,17,17,0,0,0
S01011276,407,380,92,134,156,23,23,0,0,0
S01011277,284,237,69,150,24,47,46,2,0,0
S01011278,211,196,24,147,25,15,15,0,0,0
S01011279,317,248,64,136,48,69,66,2,0,0
S01011280,230,225,174,20,31,4,4,0,0,1
S01011281,238,218,146,45,24,20,18,1,1,0
S01011282,351,342,185,76,83,7,7,0,0,0
S01011283,261,259,196,37,26,2,2,0,0,0
S01011284,196,193,177,12,4,3,3,0,0,0
S01011285,301,292,11,60,221,13,13,0,0,0
S01011286,267,253,12,67,171,12,8,2,2,0
S01011287,393,339,21,91,227,54,54,0,0,0
S01011288,346,337,13,41,283,9,10,1,0,0
S01011289,422,388,18,171,199,34,32,1,1,0
S01011290,554,414,88,157,172,140,136,3,2,0
S01011291,382,207,39,85,83,175,173,1,1,0
S01011292,317,195,8,89,98,120,115,5,0,0
S01011293,309,266,14,113,136,46,46,0,0,0
S01011294,504,271,38,111,120,233,208,13,15,0
S01011295,520,356,221,86,49,164,152,10,2,0
S01011296,272,221,61,125,35,51,49,0,1,0
S01011297,320,261,16,173,69,58,57,2,0,0
S01011298,235,212,10,145,55,23,22,2,0,0
S01011299,209,200,151,40,9,8,2,5,1,1
S01011300,409,375,18,156,204,30,26,2,2,1
S01011301,351,265,157,88,20,83,59,14,10,1
S01011302,477,210,28,91,91,267,243,10,14,0
S01011303,452,339,163,122,54,113,89,17,4,0
S01011304,273,260,42,120,98,13,9,4,0,0
S01011305,326,308,100,63,143,18,16,1,1,0
S01011306,276,270,43,119,99,9,9,0,0,0
S01011307,700,659,402,183,71,36,32,4,0,8
S01011308,221,195,125,51,19,10,2,7,1,16
S01011309,337,280,219,49,8,59,41,20,0,1
S01011310,360,277,79,108,93,83,76,5,3,0
S01011311,304,283,195,76,12,21,9,11,1,0
S01011312,480,376,243,107,23,104,84,19,2,2
S01011313,372,191,60,113,18,181,169,11,4,0
S01011314,491,366,221,121,24,125,100,13,16,0
S01011315,168,137,36,76,25,34,33,1,0,1
S01011316,333,301,64,101,136,31,29,4,0,1
S01011317,397,232,90,81,67,166,149,17,0,0
S01011318,517,166,54,37,77,350,312,37,1,1
S01011319,385,263,189,64,10,122,113,12,1,0
S01011320,353,148,40,38,70,208,201,4,0,0
S01011321,301,248,20,71,157,53,51,4,1,0
S01011322,253,189,100,40,50,63,61,1,1,0
S01011323,338,228,37,65,126,110,109,1,0,0
S01011324,295,171,45,76,50,124,123,1,0,0
S01011325,455,67,15,22,30,389,386,7,0,0
S01011326,478,44,16,20,12,430,383,29,21,0
S01011327,385,109,59,33,17,279,233,43,3,0
S01011328,364,249,61,140,48,115,84,31,0,0
S01011329,513,230,109,87,36,283,273,8,2,0
S01011330,349,324,216,48,59,25,22,3,0,0
S01011331,368,364,261,100,3,4,3,1,0,0
S01011332,331,287,179,85,23,43,26,16,1,1
S01011333,405,191,152,28,15,214,205,9,0,0
S01011334,204,193,134,47,9,10,3,6,1,1
S01011335,477,262,229,20,13,214,190,24,0,1
S01011336,281,219,51,85,83,62,39,20,0,0
S01011337,345,228,186,33,9,116,74,42,0,0
S01011338,278,266,49,122,95,9,3,4,0,0
S01011339,236,228,41,111,72,9,7,2,0,0
S01011340,289,279,13,177,89,10,10,2,1,0
S01011341,333,215,74,101,40,118,107,4,9,0
S01011342,358,242,98,83,62,116,108,8,0,0
S01011343,434,269,30,106,133,165,160,5,0,0
S01011344,378,369,12,114,239,18,14,2,0,0
S01011345,348,331,17,124,191,16,15,1,0,0
S01011346,321,288,10,71,207,36,36,0,0,0
S01011347,546,245,49,117,82,298,290,8,0,0
S01011348,407,392,51,165,176,11,10,1,0,0
S01011349,369,334,156,121,55,38,38,0,0,2
S01011350,261,248,147,80,21,13,12,1,0,0
S01011351,342,232,12,109,111,110,103,5,2,0
S01011352,345,213,33,68,112,132,104,16,8,0
S01011353,269,230,34,112,88,35,34,1,0,0
S01011354,298,296,165,69,65,2,2,0,0,0
S01011355,433,353,104,107,142,79,69,7,2,0
S01011356,490,423,274,92,57,53,44,7,2,14
S01011357,343,272,118,80,74,71,68,3,0,0
S01011358,167,164,48,110,4,3,3,0,0,0
S01011359,385,230,44,136,49,155,151,0,3,0
S01011360,227,102,8,23,67,129,129,0,0,0
S01011361,61,2,0,2,0,59,59,0,0,0
S01011362,292,235,101,114,18,57,55,1,1,0
S01011363,399,247,67,109,71,152,152,6,0,0
S01011364,265,247,39,63,145,18,18,0,0,0
S01011365,208,196,111,55,30,12,12,0,0,0
S01011366,239,143,1,35,104,92,92,0,0,0
S01011367,393,322,44,56,222,71,73,1,0,0
S01011368,320,265,236,14,19,48,44,0,4,0
S01011369,356,259,13,113,137,102,102,0,0,1
S01011370,246,229,110,15,103,21,20,2,0,0
S01011371,462,182,22,83,77,279,275,2,0,1
S01011372,388,101,13,14,74,282,281,3,2,1
S01011373,341,67,11,26,30,270,271,1,3,0
S01011374,294,232,31,127,74,62,62,0,0,0
S01011375,283,110,47,44,22,175,165,8,0,0
S01011376,307,17,5,2,10,290,285,1,4,0
S01011377,436,361,181,133,48,69,68,1,1,3
S01011378,363,274,56,160,59,88,87,2,0,1
S01011379,508,411,304,78,26,95,93,0,0,2
S01011380,352,157,15,56,86,195,190,3,0,0
S01011381,325,185,93,52,40,136,133,0,1,2
S01011382,438,227,82,48,97,215,204,0,9,0
S01011383,364,172,18,63,94,192,187,5,0,0
S01011384,316,163,10,44,101,153,153,0,0,0
S01011385,449,181,18,127,38,266,261,4,1,0
S01011386,209,163,10,62,90,43,42,0,0,0
S01011387,348,233,38,82,113,115,118,1,0,0
S01011388,449,346,103,168,75,102,96,1,4,1
S01011389,433,188,31,60,97,245,215,5,25,0
S01011390,313,267,13,144,113,47,45,0,1,0
S01011391,257,252,7,73,172,5,5,0,0,0
S01011392,286,217,11,50,158,67,66,0,1,0
S01011393,388,278,58,116,104,111,108,2,0,0
S01011394,174,169,149,10,7,4,3,1,0,1
S01011395,439,175,37,49,92,264,233,10,21,0
S01011396,411,195,47,77,69,216,201,9,8,0
S01011397,388,194,26,85,84,194,189,7,2,0
S01011398,313,221,22,109,90,92,86,4,3,0
S01011399,256,150,19,20,114,103,101,0,4,0
S01011400,349,162,70,39,53,187,182,1,2,0
S01011401,303,233,40,147,46,70,58,0,8,0
S01011402,506,284,60,199,30,221,219,2,0,0
S01011403,208,157,80,27,50,51,48,2,0,0
S01011404,424,217,47,85,87,205,198,4,5,0
S01011405,284,196,99,78,15,91,86,2,0,0
S01011406,350,334,65,125,140,15,14,0,2,0
S01011407,539,469,58,174,237,70,63,8,0,0
S01011408,370,349,12,110,223,22,22,3,0,0
S01011409,367,286,14,127,145,85,85,0,0,0
S01011410,289,266,21,107,138,20,19,1,0,0
S01011411,286,278,17,93,168,5,7,1,0,0
S01011412,351,347,182,156,9,4,4,0,0,0
S01011413,223,218,54,118,46,5,5,0,0,0
S01011414,367,313,23,174,112,56,56,0,0,0
S01011415,440,317,49,177,91,123,120,1,2,0
S01011416,254,248,87,141,20,6,6,0,0,0
S01011417,445,338,73,157,105,107,94,2,8,0
S01011418,272,169,6,16,147,106,102,1,0,0
S01011419,247,197,18,48,131,50,50,0,0,0
S01011420,277,148,13,31,103,130,127,2,1,0
S01011421,246,223,78,101,41,21,19,4,0,0
S01011422,264,213,31,170,12,51,51,0,0,0
S01011423,215,93,36,32,26,125,120,3,0,0
S01011424,230,179,23,57,99,53,52,0,0,0
S01011425,331,271,95,135,41,63,62,1,0,0
S01011426,473,461,329,90,43,10,12,0,1,0
S01011427,243,148,69,42,41,96,96,0,0,0
S01011428,296,182,40,76,66,114,114,0,0,0
S01011429,255,247,125,64,55,9,9,2,0,2
S01011430,393,310,128,122,60,83,77,1,6,0
S01011431,525,332,35,193,104,192,192,2,2,1
S01011432,466,397,29,61,307,69,66,0,0,0
S01011433,371,348,17,67,264,23,22,1,0,0
S01011434,258,215,56,78,81,49,46,0,1,0
S01011435,453,384,224,137,23,69,63,5,2,0
S01011436,350,238,25,83,130,112,112,0,0,0
S01011437,350,240,23,58,155,107,104,4,0,0
S01011438,228,116,3,41,73,112,112,0,0,0
S01011439,442,425,82,185,158,17,17,0,0,0
S01011440,271,213,14,106,93,59,55,3,1,0
S01011441,334,215,40,120,55,119,114,2,1,0
S01011442,355,255,35,92,130,99,96,3,0,1
S01011443,286,245,41,160,45,44,36,5,0,0
S01011444,311,153,20,30,103,156,157,1,0,0
S01011445,233,127,31,67,29,111,108,0,1,0
S01011446,741,634,466,118,50,104,101,1,2,3
S01011447,364,343,54,114,175,17,17,0,0,0
S01011448,327,284,99,98,87,42,41,1,0,1
S01011449,262,141,25,37,75,125,124,1,0,0
S01011450,250,220,121,52,51,30,29,0,1,0
S01011451,1208,1152,541,424,187,56,55,0,2,0
S01011452,409,306,101,133,69,103,101,2,0,0
S01011453,304,210,29,95,86,94,89,0,5,0
S01011454,349,298,6,104,186,50,50,0,0,0
S01011455,317,232,9,158,62,86,84,2,0,0
S01011456,348,334,16,134,185,14,14,0,0,0
S01011457,353,340,19,82,239,12,11,1,0,1
S01011458,472,434,245,122,69,38,38,0,0,0
S01011459,469,335,97,103,135,134,134,0,0,0
S01011460,192,192,51,43,95,4,4,0,0,0
S01011461,338,226,15,43,168,110,108,2,2,0
S01011462,434,367,141,66,160,67,65,3,0,0
S01011463,582,464,194,178,96,114,114,0,0,0
S01011464,215,128,117,5,4,87,87,0,0,0
S01011465,292,143,10,80,51,149,149,0,0,0
S01011466,369,191,47,76,69,178,177,0,1,0
S01011467,235,173,49,37,87,62,56,4,2,0
S01011468,310,262,162,61,37,45,44,0,1,0
S01011469,303,231,63,61,107,72,68,4,0,0
S01011470,488,343,71,178,94,144,142,2,0,1
S01011471,461,255,47,76,128,206,199,4,3,0
S01011472,267,165,11,48,108,97,93,0,4,0
S01011473,453,110,9,26,75,343,334,3,7,0
S01011474,455,48,2,16,31,410,394,9,10,0
S01011475,416,54,3,17,34,362,361,0,1,0
S01011476,177,172,47,121,4,5,6,0,0,0
S01011477,347,343,176,149,18,4,4,0,0,0
S01011478,532,391,197,177,17,141,138,2,0,0
S01011479,567,263,87,153,23,304,299,3,1,0
S01011480,460,277,53,199,22,183,182,1,0,0
S01011481,388,252,126,65,61,136,136,0,0,0
S01011482,430,252,27,66,160,177,171,6,0,1
S01011483,217,198,74,111,13,19,19,0,0,0
S01011484,384,247,22,112,113,137,132,5,0,0
S01011485,361,331,20,82,229,30,28,1,0,0
S01011486,233,180,21,62,97,56,56,0,0,0
S01011487,383,306,26,180,100,77,67,6,2,0
S01011488,328,248,14,73,161,80,78,0,0,0
S01011489,264,230,85,110,35,34,33,1,0,0
S01011490,474,247,21,146,80,230,221,6,0,0
S01011491,240,92,2,64,25,148,147,1,0,0
S01011492,352,63,4,25,35,289,282,4,3,0
S01011493,170,162,64,95,1,8,7,0,1,0
S01011494,326,210,16,73,118,117,115,0,3,0
S01011495,356,235,20,81,137,122,115,4,2,0
S01011496,298,113,9,59,41,185,184,2,0,0
S01011497,291,224,95,79,50,66,65,1,0,0
S01011498,228,218,71,95,50,8,7,1,0,0
S01011499,385,250,68,124,61,135,125,0,9,0
S01011500,219,182,14,94,74,37,36,1,0,0
S01011501,339,169,4,48,117,167,165,2,1,0
S01011502,300,294,11,79,204,6,5,0,0,0
S01011503,250,218,12,47,162,33,33,0,0,0
S01011504,381,323,56,169,95,61,60,0,1,0
S01011505,341,94,35,44,15,247,245,0,0,0
S01011506,221,190,6,137,47,31,27,4,0,0
S01011507,291,251,19,125,107,41,42,2,0,0
S01011508,431,256,25,162,69,172,165,3,1,0
S01011509,240,218,11,114,93,22,22,0,0,0
S01011510,418,276,8,147,121,142,140,2,0,0
S01011511,254,124,4,37,83,130,130,0,0,0
S01011512,453,234,8,50,176,219,217,1,0,0
S01011513,349,175,10,49,114,175,174,0,0,0
S01011514,341,309,16,50,244,31,31,0,0,0
S01011515,266,174,16,92,66,92,84,8,0,0
S01011516,385,313,96,158,56,72,71,1,0,0
S01011517,224,218,17,65,138,6,6,0,0,0
S01011518,299,229,11,44,174,70,65,1,0,0
S01011519,306,297,6,28,263,13,13,0,0,0
S01011520,297,230,10,44,176,67,65,1,0,0
S01011521,448,206,39,81,86,247,243,3,0,0
S01011522,457,109,30,51,31,345,342,1,1,0
S01011523,342,220,16,30,174,122,97,4,22,0
S01011524,364,273,39,131,104,92,88,4,4,0
S01011525,337,301,95,28,178,36,36,0,0,0
S01011526,416,346,25,57,268,67,66,1,0,0
S01011527,289,278,103,110,65,11,11,0,0,0
S01011528,488,252,30,125,97,236,231,2,2,0
S01011529,295,98,8,24,66,197,195,1,1,0
S01011530,478,291,20,87,186,188,186,1,1,0
S01011531,462,369,140,181,47,93,91,1,1,0
S01011532,221,193,154,36,3,28,27,1,0,0
S01011533,340,147,35,86,26,193,192,1,0,0
S01011534,344,280,36,213,29,64,62,3,0,0
S01011535,511,306,70,101,133,202,200,0,2,0
S01011536,264,224,93,121,8,40,40,0,0,0
S01011537,241,184,22,72,90,57,57,0,0,0
S01011538,308,295,101,147,51,13,7,3,0,0
S01011539,304,199,12,54,126,109,109,0,0,0
S01011540,450,385,21,144,220,65,65,0,0,0
S01011541,475,447,32,122,293,28,26,2,0,0
S01011542,420,398,39,70,289,20,19,1,0,2
S01011543,329,321,10,59,252,8,6,0,1,0
S01011544,291,276,8,73,199,13,13,0,0,0
S01011545,332,316,32,78,206,16,16,0,0,0
S01011546,233,232,159,58,15,1,1,0,0,0
S01011547,209,204,78,86,38,6,6,0,0,0
S01011548,337,293,19,122,151,46,46,0,0,0
S01011549,290,287,60,182,41,3,3,0,0,0
S01011550,266,256,95,158,3,10,0,9,0,0
S01011551,215,201,33,82,86,15,15,0,0,0
S01011552,253,250,37,152,61,2,2,1,0,0
S01011553,263,262,242,10,9,5,2,0,0,0
S01011554,426,345,83,40,222,80,78,2,0,0
S01011555,231,48,7,13,28,183,183,0,0,0
S01011556,236,53,11,17,25,183,182,0,1,0
S01011557,281,268,12,79,177,13,12,1,0,0
S01011558,236,206,23,67,120,30,30,0,0,0
S01011559,203,128,7,37,86,72,74,1,0,0
S01011560,323,241,16,74,149,82,80,2,0,0
S01011561,293,231,10,83,138,62,56,3,0,0
S01011562,350,293,10,148,131,58,58,0,0,0
S01011563,280,213,13,94,107,66,66,0,0,0
S01011564,395,369,39,141,189,26,24,2,0,0
S01011565,355,333,32,106,195,22,21,0,2,0
S01011566,339,206,12,55,144,133,129,2,3,0
S01011567,435,377,17,87,276,58,57,0,1,0
S01011568,285,271,12,125,134,14,13,1,0,0
S01011569,340,243,14,103,130,97,97,0,0,0
S01011570,314,70,6,13,51,244,242,2,0,0
S01011571,382,43,13,17,16,336,323,3,10,0
S01011572,326,90,29,31,31,235,219,7,6,1
S01011573,508,265,86,137,43,242,236,5,1,0
S01011574,288,271,43,79,149,17,16,0,0,0
S01011575,209,178,40,51,85,31,30,1,0,0
S01011576,351,130,5,37,84,225,223,0,2,0
S01011577,325,162,46,79,32,165,164,1,0,0
S01011578,305,116,38,62,18,189,189,0,0,0
S01011579,387,381,168,154,61,10,12,1,0,0
S01011580,299,161,123,27,11,138,138,0,0,0
S01011581,399,101,27,40,35,298,287,9,2,0
S01011582,498,300,63,172,62,201,172,27,4,0
S01011583,355,131,12,41,77,224,223,4,0,0
S01011584,307,161,16,25,120,147,145,1,0,0
S01011585,297,111,6,34,71,187,182,3,1,0
S01011586,289,122,8,77,37,171,162,9,0,0
S01011587,238,116,10,51,55,122,120,1,1,0
S01011588,293,247,16,196,36,46,45,2,0,0
S01011589,329,301,23,138,140,28,28,0,0,0
S01011590,278,244,7,140,96,35,34,0,1,0
S01011591,256,163,3,56,103,90,89,1,0,0
S01011592,317,34,8,15,12,283,278,0,4,0
S01011593,289,111,40,29,41,178,177,0,1,0
S01011594,210,58,25,16,17,152,150,4,0,0
S01011595,290,121,27,59,32,169,156,13,0,0
S01011596,652,163,29,42,92,489,459,30,0,0
S01011597,258,130,2,67,61,128,115,2,11,0
S01011598,0,0,0,0,0,0,0,0,0,0
S01011599,381,124,9,77,34,263,263,0,0,0
S01011600,371,119,15,49,55,254,239,6,6,0
S01011601,314,297,71,186,40,17,20,0,2,0
S01011602,531,451,181,127,143,79,78,0,2,0
S01011603,458,185,20,38,127,272,271,1,0,0
S01011604,172,161,3,34,124,11,11,0,0,0
S01011605,385,343,22,79,242,45,45,0,0,0
S01011606,358,351,161,184,6,7,7,0,0,0
S01011607,246,211,51,155,8,32,32,0,0,0
S01011608,355,309,137,153,23,42,43,1,2,0
S01011609,425,128,11,80,34,297,294,2,1,0
S01011610,362,238,19,99,122,124,122,0,3,0
S01011611,419,388,102,217,69,28,28,0,0,1
S01011612,206,203,163,38,2,5,5,0,0,0
S01011613,347,335,150,176,9,12,12,0,0,0
S01011614,186,157,58,26,73,29,25,0,0,0
S01011615,303,142,14,64,64,161,158,3,0,0
S01011616,215,139,12,96,31,73,73,1,1,0
S01011617,414,362,11,101,250,52,51,0,0,0
S01011618,267,210,16,84,110,57,57,0,0,0
S01011619,400,362,116,181,65,38,38,0,0,0
S01011620,367,357,180,133,40,10,10,0,0,0
S01011621,279,244,49,32,165,35,34,0,1,0
S01011622,233,227,158,42,24,5,5,0,0,0
S01011623,332,238,53,74,110,92,89,1,0,0
S01011624,300,209,94,57,60,89,89,0,0,0
S01011625,236,205,15,61,129,31,31,0,0,0
S01011626,295,245,138,41,65,49,49,0,0,1
S01011627,257,234,106,73,55,23,22,1,0,0
S01011628,441,428,215,140,73,13,13,0,0,0
S01011629,228,220,13,115,92,8,8,0,0,0
S01011630,290,281,29,150,102,9,8,0,2,0
S01011631,250,232,14,82,136,14,14,0,0,0
S01011632,317,305,15,88,199,12,12,0,0,0
S01011633,313,195,6,44,145,120,114,7,0,0
S01011634,204,174,12,46,114,30,30,0,0,0
S01011635,275,217,13,81,117,58,57,1,0,0
S01011636,263,94,7,37,47,172,172,0,0,0
S01011637,289,108,31,59,18,179,178,0,0,0
S01011638,228,74,8,39,24,154,151,2,1,0
S01011639,244,58,15,30,13,186,186,0,0,0
S01011640,278,162,13,69,78,116,115,2,0,0
S01011641,191,193,58,131,0,4,4,0,0,0
S01011642,334,252,53,184,15,82,80,4,0,0
S01011643,351,224,118,56,50,127,107,10,10,0
S01011644,331,258,39,128,92,76,68,5,0,0
S01011645,237,166,8,148,10,71,71,0,0,0
S01011646,256,254,99,143,11,4,4,0,0,0
S01011647,321,302,60,200,43,22,22,0,0,0
S01011648,403,291,196,73,25,109,110,1,0,0
S01011649,245,127,38,55,35,120,120,0,0,0
S01011650,331,254,63,87,104,77,70,9,0,0
S01011651,402,187,23,148,16,215,203,1,10,0
S01011652,290,252,51,157,44,38,35,0,1,0
S01011653,329,238,15,160,63,91,90,1,0,0
S01011654,485,182,59,69,56,303,277,15,11,0
S01011655,457,119,8,59,52,338,334,6,2,0
S01011656,226,88,12,17,59,138,137,0,0,0
S01011657,243,68,16,28,16,175,171,3,2,0
S01011658,339,276,14,51,211,63,63,0,0,0
S01011659,347,235,34,57,146,109,98,10,1,1
S01011660,374,333,68,162,105,36,38,1,0,0
S01011661,238,176,20,66,90,66,64,1,0,0
S01011662,234,231,137,85,6,6,6,0,0,0
S01011663,264,244,7,90,145,18,18,0,0,0
S01011664,407,366,20,125,222,42,42,0,0,0
S01011665,390,106,11,25,70,284,280,1,3,0
S01011666,416,124,34,44,42,292,288,4,0,0
S01011667,346,153,35,64,51,193,191,0,2,0
S01011668,400,90,13,45,32,306,305,2,1,0
S01011669,319,154,94,43,19,165,156,9,0,0
S01011670,217,76,18,43,16,137,137,0,0,0
S01011671,349,226,54,148,24,123,107,15,1,0
S01011672,264,175,38,52,83,89,88,0,1,0
S01011673,281,111,26,26,59,170,164,2,0,0
S01011674,499,407,129,181,97,92,88,0,3,0
S01011675,397,338,90,65,183,62,61,2,0,0
S01011676,299,274,26,90,161,25,24,0,2,0
S01011677,297,213,122,24,67,84,84,0,0,0
S01011678,223,85,48,27,10,137,134,2,1,2
S01011679,229,220,77,70,72,13,13,0,0,0
S01011680,452,371,60,170,144,77,74,3,0,0
S01011681,336,325,58,101,166,8,8,0,0,0
S01011682,209,204,145,33,23,10,8,3,0,0
S01011683,741,577,334,159,84,159,162,0,2,1
S01011684,231,177,89,47,39,54,51,3,0,0
S01011685,277,270,162,93,15,7,3,1,0,0
S01011686,375,312,185,85,42,63,62,1,0,0
S01011687,402,351,75,67,209,50,48,2,0,2
S01011688,527,435,240,142,53,90,89,2,1,0
S01011689,351,345,279,41,25,5,5,0,0,0
S01011690,387,283,205,44,30,105,105,0,0,0
S01011691,267,259,111,73,78,8,8,1,0,0
S01011692,445,310,26,64,216,134,131,1,2,0
S01011693,352,250,63,41,141,102,100,0,1,0
S01011694,201,171,119,33,19,23,24,2,0,1
S01011695,1276,1206,781,240,185,70,64,3,3,0
S01011696,350,336,317,15,4,14,13,0,1,0
S01011697,421,319,182,78,59,100,100,0,0,0
S01011698,405,315,128,105,82,61,60,0,0,28
S01011699,515,413,90,281,42,98,97,0,1,4
S01011700,337,252,70,145,33,88,88,0,0,1
S01011701,434,297,149,113,34,137,134,3,0,0
S01011702,301,269,63,153,57,28,27,4,0,0
S01011703,632,563,312,142,109,69,61,7,1,0
S01011704,257,205,114,57,34,52,54,1,0,0
S01011705,323,131,64,53,17,193,192,0,1,0
S01011706,462,320,66,149,104,142,137,1,4,0
S01011707,362,360,164,164,30,6,6,0,0,0
S01011708,437,254,77,132,46,183,179,4,0,0
S01011709,482,442,112,213,117,40,38,2,0,0
S01011710,216,155,5,14,136,61,61,0,0,0
S01011711,318,213,7,25,180,104,104,0,0,1
S01011712,330,201,24,36,135,132,126,6,0,0
S01011713,354,320,8,269,40,32,33,0,1,0
S01011714,164,161,57,76,27,1,1,0,0,0
S01011715,269,163,19,34,111,106,104,2,0,0
S01011716,333,308,96,140,72,25,23,2,0,0
S01011717,292,289,83,200,4,3,3,0,0,0
S01011718,269,245,152,54,36,21,21,0,0,0
S01011719,240,227,124,85,18,13,13,0,0,0
S01011720,194,162,106,44,12,32,32,0,0,0
S01011721,341,337,37,35,265,4,3,0,1,0
S01011722,363,327,43,69,215,36,35,0,0,0
S01011723,444,424,78,44,302,24,24,0,0,0
S01011724,291,275,69,111,92,19,19,0,0,0
S01011725,217,215,132,50,33,2,2,0,0,0
S01011726,218,213,93,104,20,1,1,0,0,0
S01011727,264,234,205,17,13,32,31,1,0,0
S01011728,400,325,19,42,264,73,74,1,2,0
S01011729,278,183,26,47,110,93,90,5,0,0
S01011730,415,321,103,179,36,94,92,2,0,0
S01011731,346,333,14,51,268,13,13,0,0,0
S01011732,298,292,106,154,32,2,2,0,0,0
S01011733,322,281,8,37,236,41,40,0,2,0
S01011734,327,271,87,62,122,56,56,0,0,0
S01011735,280,266,173,54,39,18,18,0,0,0
S01011736,299,193,7,21,168,105,105,0,0,2
S01011737,301,157,9,12,139,144,144,0,0,0
S01011738,486,217,74,45,98,268,261,5,3,1
S01011739,292,274,16,65,193,18,17,1,0,0
S01011740,349,256,13,31,212,94,93,1,0,0
S01011741,313,221,5,20,196,92,92,0,0,0
S01011742,337,274,11,18,245,63,62,0,0,0
S01011743,367,262,6,42,214,101,102,2,1,0
S01011744,484,254,22,57,174,231,230,1,0,0
S01011745,448,347,9,38,300,101,98,2,1,0
S01011746,217,210,16,23,175,5,5,0,0,0
S01011747,386,304,10,37,257,82,81,1,0,0
S01011748,296,256,11,16,226,40,40,0,0,0
S01011749,264,151,19,22,108,115,110,5,0,0
S01011750,424,305,11,23,267,123,120,1,1,0
S01011751,324,66,12,12,42,258,258,0,0,0
S01011752,448,305,15,22,266,145,145,2,0,0
S01011753,415,258,107,64,87,157,157,0,0,0
S01011754,366,324,23,70,231,42,42,0,0,0
S01011755,438,236,6,38,192,202,201,0,1,0
S01011756,442,264,3,38,225,178,178,0,0,0
S01011757,350,230,8,31,191,120,120,0,0,0
S01011758,225,219,10,30,179,6,6,0,0,0
S01011759,333,326,8,60,255,7,7,0,0,0
S01011760,422,238,9,47,182,184,184,0,0,0
S01011761,271,258,4,61,196,7,7,0,0,0
S01011762,296,131,7,12,115,164,163,1,0,0
S01011763,345,312,8,33,271,33,33,0,0,0
S01011764,131,132,2,11,116,1,1,0,0,0
S01011765,366,353,123,174,56,13,13,0,0,0
S01011766,223,203,125,55,23,20,17,5,0,0
S01011767,397,263,41,67,157,134,125,4,5,0
S01011768,396,149,11,37,101,247,247,0,0,0
S01011769,326,197,10,19,168,129,127,2,0,0
S01011770,410,268,13,25,230,142,142,0,0,0
S01011771,235,232,169,59,4,3,3,0,0,0
S01011772,382,378,348,26,6,4,4,0,0,0
S01011773,194,189,98,72,15,3,3,0,0,0
S01011774,345,263,155,70,42,79,78,1,0,0
S01011775,244,242,148,51,41,0,0,0,0,0
S01011776,323,318,262,41,18,5,5,0,0,0
S01011777,260,211,95,62,54,49,48,1,0,0
S01011778,266,193,112,19,62,73,72,1,0,0
S01011779,317,287,144,120,21,29,32,1,0,1
S01011780,334,331,268,53,10,1,1,0,0,0
S01011781,203,200,152,43,5,3,3,0,0,0
S01011782,249,231,173,51,7,16,15,1,0,0
S01011783,200,196,114,64,21,7,7,0,0,1
S01011784,381,341,16,60,262,43,43,0,0,0
S01011785,350,341,17,55,269,6,6,0,0,0
S01011786,126,123,66,53,7,3,3,0,0,0
S01011787,466,262,34,49,179,204,203,2,0,0
S01011788,225,221,190,15,14,6,5,1,0,1
S01011789,977,906,573,176,157,57,57,0,0,10
S01011790,554,359,228,89,42,195,194,0,0,0
S01011791,324,121,44,52,22,203,199,3,2,0
S01011792,598,266,134,56,76,332,296,13,23,0
S01011793,503,326,172,102,48,177,171,4,2,0
S01011794,401,223,79,69,74,178,173,5,0,0
S01011795,299,94,40,41,13,209,201,4,0,0
S01011796,407,104,14,53,37,303,300,3,0,0
S01011797,388,360,215,135,10,28,21,6,2,0
S01011798,240,76,11,41,24,164,164,0,0,0
S01011799,358,316,106,76,134,45,44,0,0,0
S01011800,250,205,6,48,147,45,44,1,0,0
S01011801,230,155,16,21,117,76,76,0,0,0
S01011802,319,214,6,63,145,105,105,0,0,0
S01011803,316,257,50,123,84,61,56,2,1,0
S01011804,369,328,69,169,90,47,31,13,0,0
S01011805,283,233,101,97,32,50,14,23,9,0
S01011806,404,392,268,110,14,12,10,0,0,0
S01011807,489,479,423,50,8,3,1,0,1,2
S01011808,345,334,215,117,3,11,6,2,0,0
S01011809,360,362,304,52,2,2,2,2,0,0
S01011810,440,439,339,97,0,1,1,0,0,1
S01011811,436,428,413,13,2,3,0,3,0,4
S01011812,285,281,255,26,0,3,2,1,0,2
S01011813,361,356,271,66,19,5,2,2,1,0
S01011814,351,346,303,41,0,3,3,0,0,0
S01011815,427,424,326,82,16,4,0,4,0,1
S01011816,330,319,274,37,8,10,7,1,4,2
S01011817,570,555,323,157,75,11,8,3,0,2
S01011818,480,461,230,201,30,19,15,5,0,0
S01011819,420,396,40,221,133,24,16,7,1,0
S01011820,410,354,163,136,55,55,50,6,0,0
S01011821,191,112,35,62,15,79,71,6,1,0
S01011822,406,218,65,82,71,188,128,45,15,0
S01011823,297,279,96,126,57,18,11,10,0,0
S01011824,307,304,49,120,132,3,2,0,1,0
S01011825,265,234,85,133,13,33,24,7,2,1
S01011826,323,260,130,89,41,63,42,13,6,0
S01011827,284,278,212,51,11,6,5,1,0,0
S01011828,460,435,312,95,28,23,20,2,2,2
S01011829,218,215,173,40,2,3,2,1,0,2
S01011830,289,283,227,42,14,1,0,0,0,4
S01011831,445,439,386,51,3,5,2,0,3,1
S01011832,384,378,313,63,2,1,0,1,0,5
S01011833,386,375,321,47,8,6,5,4,0,0
S01011834,441,386,255,85,46,55,56,0,0,0
S01011835,362,339,266,53,24,10,10,0,0,16
S01011836,347,337,276,45,16,7,6,0,2,2
S01011837,262,253,200,38,15,13,8,5,0,0
S01011838,433,402,286,77,43,29,17,8,2,0
S01011839,432,415,184,186,45,21,20,0,1,0
S01011840,512,470,214,184,72,42,42,0,0,0
S01011841,420,315,146,106,67,106,100,4,1,0
S01011842,503,390,95,155,140,113,93,11,9,0
S01011843,529,475,399,63,9,10,6,3,3,43
S01011844,375,343,278,34,31,33,29,1,2,0
S01011845,399,346,150,109,91,52,33,13,6,0
S01011846,441,388,243,92,57,53,44,9,1,0
S01011847,189,186,152,28,6,2,2,0,0,1
S01011848,312,294,204,61,31,18,9,4,3,0
S01011849,433,372,149,150,71,61,38,21,2,0
S01011850,554,486,376,67,43,64,62,6,0,0
S01011851,358,328,137,119,72,30,13,13,2,0
S01011852,496,338,137,89,111,158,137,12,11,0
S01011853,376,265,173,57,33,107,99,8,1,0
S01011854,392,343,243,56,42,52,31,15,6,0
S01011855,379,313,38,125,147,66,63,2,1,0
S01011856,311,309,299,8,6,2,0,1,0,0
S01011857,292,286,182,67,36,5,4,1,2,1
S01011858,435,428,317,71,40,6,2,3,0,0
S01011859,441,407,230,130,46,35,22,11,2,0
S01011860,200,195,145,40,10,5,1,4,0,0
S01011861,330,284,183,61,40,46,19,19,6,0
S01011862,440,352,307,43,2,64,48,14,0,21
S01011863,332,206,133,56,17,122,81,41,4,0
S01011864,349,307,189,94,23,41,31,10,0,2
S01011865,280,211,69,95,47,72,59,10,4,0
S01011866,350,301,193,68,38,49,49,0,0,0
S01011867,455,345,96,132,117,115,110,0,2,0
S01011868,437,226,77,72,77,211,163,22,26,0
S01011869,423,167,54,31,80,256,205,30,18,0
S01011870,346,231,94,83,57,105,94,13,0,10
S01011871,845,815,537,157,117,29,24,5,0,5
S01011872,383,372,317,28,26,3,0,2,2,5
S01011873,350,317,208,67,42,33,30,3,0,0
S01011874,283,259,140,73,47,21,18,4,0,0
S01011875,327,292,95,114,83,35,27,7,2,0
S01011876,428,403,237,91,75,19,13,9,2,3
S01011877,267,241,105,91,45,26,19,7,0,0
S01011878,757,718,501,146,71,39,37,4,1,0
S01011879,241,228,180,40,8,14,6,6,2,0
S01011880,257,250,181,53,16,6,6,1,0,1
S01011881,422,285,115,142,28,136,117,17,3,0
S01011882,462,401,76,233,92,61,60,1,0,0
S01011883,578,537,345,128,61,37,35,1,1,0
S01011884,196,193,138,39,17,2,2,0,0,0
S01011885,293,278,171,79,27,16,11,7,0,0
S01011886,348,328,216,63,49,22,14,8,0,0
S01011887,226,197,31,151,15,29,26,0,1,0
S01011888,376,263,18,220,24,111,107,3,2,0
S01011889,414,264,94,144,25,151,147,4,0,0
S01011890,284,212,36,153,26,69,66,3,0,0
S01011891,382,130,18,58,50,257,230,14,9,0
S01011892,471,176,20,88,68,292,262,32,1,0
S01011893,573,219,57,137,25,350,331,17,2,0
S01011894,305,184,61,113,12,121,116,4,1,0
S01011895,261,204,129,42,33,57,48,9,0,0
S01011896,422,257,51,185,21,165,156,8,0,0
S01011897,463,378,118,231,29,85,68,17,0,0
S01011898,305,237,154,71,12,65,57,11,0,0
S01011899,355,343,224,104,15,12,11,0,2,0
S01011900,301,298,227,68,3,2,1,0,1,1
S01011901,407,287,186,84,12,122,114,8,0,0
S01011902,462,448,331,98,19,14,12,2,0,0
S01011903,382,336,231,100,5,46,43,3,0,0
S01011904,315,295,189,87,16,19,18,2,0,0
S01011905,280,271,241,23,6,9,8,0,1,0
S01011906,200,187,97,58,33,15,13,2,1,0
S01011907,335,314,137,127,53,18,17,1,0,0
S01011908,326,287,134,93,60,39,38,0,2,0
S01011909,424,339,104,217,19,85,83,2,0,0
S01011910,399,145,16,38,91,255,255,0,0,2
S01011911,291,254,6,50,200,37,37,0,0,0
S01011912,314,196,11,83,98,122,121,0,0,0
S01011913,323,101,44,29,27,223,223,0,0,0
S01011914,379,120,33,54,33,259,255,3,1,0
S01011915,340,252,19,134,99,85,86,2,1,0
S01011916,213,151,16,72,63,62,61,1,0,0
S01011917,251,162,11,41,111,89,90,1,0,0
S01011918,373,106,15,54,37,266,262,2,0,1
S01011919,390,194,63,68,63,195,182,15,4,1
S01011920,281,168,8,40,120,113,109,3,2,0
S01011921,289,160,28,28,104,128,124,4,0,5
S01011922,329,206,18,39,149,121,121,0,0,0
S01011923,410,217,13,95,106,192,193,2,0,1
S01011924,194,130,8,24,101,64,64,0,0,0
S01011925,284,242,171,52,22,33,32,2,0,9
S01011926,309,228,16,34,177,83,82,0,0,0
S01011927,281,217,15,39,160,63,60,3,2,0
S01011928,342,268,38,46,184,74,73,0,2,0
S01011929,301,236,12,36,187,66,63,3,0,1
S01011930,294,222,9,38,178,70,66,3,3,0
S01011931,593,433,34,261,139,161,155,6,1,0
S01011932,299,84,4,48,32,215,211,3,1,0
S01011933,343,132,36,68,28,212,202,3,1,0
S01011934,407,144,56,77,7,263,255,7,0,0
S01011935,479,116,41,54,21,363,343,16,4,0
S01011936,413,109,22,67,20,304,256,46,2,0
S01011937,392,41,16,11,12,353,335,11,3,0
S01011938,373,94,17,54,23,279,239,36,4,0
S01011939,425,29,9,10,10,396,364,22,10,0
S01011940,343,26,8,7,11,316,279,6,25,0
S01011941,464,24,11,7,4,441,369,26,45,0
S01011942,585,42,15,12,15,543,488,15,40,0
S01011943,810,107,47,44,19,704,657,29,17,0
S01011944,200,162,125,27,7,34,21,12,1,1
S01011945,328,318,283,30,5,10,7,3,0,0
S01011946,368,232,73,71,88,136,113,22,4,0
S01011947,215,207,114,61,31,7,6,2,0,1
S01011948,574,317,99,183,31,261,228,26,6,0
S01011949,389,384,287,69,26,5,3,1,1,0
S01011950,382,356,126,116,117,26,28,0,1,0
S01011951,317,240,124,85,31,77,71,6,0,0
S01011952,204,203,152,48,3,1,1,0,0,0
S01011953,420,352,209,119,19,68,54,12,2,0
S01011954,245,183,37,97,51,60,60,0,0,0
S01011955,498,376,69,203,105,117,105,11,0,1
S01011956,387,366,224,82,61,15,9,6,0,0
S01011957,333,302,172,90,40,27,13,12,2,4
S01011958,583,557,365,123,69,25,24,0,1,2
S01011959,406,387,260,90,34,21,18,0,1,0
S01011960,368,332,238,73,21,23,22,1,0,13
S01011961,359,334,137,135,62,22,15,2,0,0
S01011962,281,274,217,46,11,5,6,1,0,2
S01011963,265,248,93,105,50,21,21,0,0,0
S01011964,489,411,221,115,75,78,64,10,1,0
S01011965,381,327,97,176,53,54,49,7,0,0
S01011966,356,344,194,92,55,12,8,3,1,0
S01011967,485,462,356,72,34,23,19,5,1,0
S01011968,478,254,110,106,38,224,199,14,7,0
S01011969,497,411,167,132,112,86,67,17,1,0
S01011970,430,211,35,84,91,219,183,21,9,0
S01011971,280,271,129,101,41,9,3,6,0,0
S01011972,477,466,335,100,27,12,7,2,0,2
S01011973,305,287,154,98,33,20,13,4,0,0
S01011974,361,354,227,98,28,10,8,2,0,0
S01011975,201,195,112,58,27,6,3,2,0,0
S01011976,352,274,169,61,41,81,45,21,13,0
S01011977,548,488,252,125,111,58,47,10,1,1
S01011978,383,264,94,85,85,112,107,8,3,0
S01011979,555,512,371,101,38,21,23,1,0,22
S01011980,311,304,209,65,31,7,6,1,0,0
S01011981,412,390,264,77,49,20,14,3,1,0
S01011982,431,399,340,50,9,8,4,2,1,24
S01011983,369,362,223,125,11,5,0,2,1,3
S01011984,326,196,37,67,93,130,124,6,0,0
S01011985,288,222,142,65,19,62,46,14,2,0
S01011986,295,162,35,47,80,129,123,10,0,0
S01011987,493,437,198,154,84,59,50,4,2,0
S01011988,258,251,176,68,6,9,5,7,0,1
S01011989,370,328,201,85,42,42,39,4,1,0
S01011990,452,406,245,142,23,46,41,4,5,0
S01011991,299,284,109,99,76,15,14,3,0,0
S01011992,549,366,224,73,66,186,156,22,8,0
S01011993,416,133,55,50,28,283,241,9,29,0
S01011994,337,334,313,11,6,3,3,0,0,0
S01011995,461,449,336,86,27,10,9,2,0,2
S01011996,228,194,80,58,56,33,30,4,0,0
S01011997,412,270,104,76,90,142,128,13,1,0
S01011998,238,215,187,22,6,22,18,6,0,0
S01011999,296,287,159,75,57,8,5,0,1,1
S01012000,199,172,102,62,13,23,12,7,2,0
S01012001,296,275,59,118,95,24,12,8,0,0
S01012002,238,222,109,77,38,11,9,2,0,0
S01012003,246,205,95,64,46,41,24,13,1,0
S01012004,418,388,211,123,54,30,23,9,1,0
S01012005,342,311,205,74,32,25,20,2,0,1
S01012006,648,540,325,161,51,111,95,6,10,0
S01012007,381,308,181,95,34,69,69,3,2,0
S01012008,418,336,208,73,55,82,61,9,12,0
S01012009,287,272,168,80,28,15,7,6,0,0
S01012010,584,434,274,140,20,147,117,19,11,3
S01012011,507,349,159,166,24,156,131,15,5,2
S01012012,364,306,189,72,45,57,55,0,0,1
S01012013,371,345,231,65,53,26,18,5,3,0
S01012014,388,248,79,95,77,140,101,30,9,0
S01012015,431,374,188,146,40,59,42,10,7,0
S01012016,310,303,172,98,33,6,4,2,0,2
S01012017,241,231,185,37,11,10,4,6,4,0
S01012018,385,376,247,84,43,7,10,0,1,0
S01012019,479,313,144,115,54,166,137,17,8,0
S01012020,345,209,84,42,85,136,124,8,3,0
S01012021,218,188,94,43,47,29,22,4,0,1
S01012022,288,196,41,98,60,93,93,0,0,0
S01012023,191,187,126,43,21,5,5,0,0,0
S01012024,361,324,148,122,54,37,29,2,1,0
S01012025,337,289,131,117,41,48,49,0,2,0
S01012026,367,340,271,55,14,26,25,1,0,0
S01012027,312,301,194,90,17,11,7,4,0,0
S01012028,380,344,271,60,12,37,9,25,0,0
S01012029,996,764,306,245,213,233,221,10,2,0
S01012030,2100,1951,1278,476,197,148,142,6,3,1
S01012031,327,326,242,76,8,1,1,0,0,0
S01012032,165,161,127,21,13,4,3,2,0,0
S01012033,372,294,66,95,129,78,77,0,1,0
S01012034,382,209,66,57,86,177,161,10,0,0
S01012035,446,260,91,125,44,186,170,13,3,0
S01012036,385,306,98,167,44,76,73,3,0,0
S01012037,514,349,72,80,196,164,162,1,0,1
S01012038,357,86,21,26,39,272,270,2,0,0
S01012039,453,418,7,177,234,35,28,1,2,0
S01012040,253,209,128,39,42,44,43,0,0,0
S01012041,384,285,32,72,181,98,96,4,0,0
S01012042,508,449,53,118,274,59,60,1,0,0
S01012043,373,188,40,74,74,181,173,8,0,0
S01012044,461,203,29,132,42,258,258,3,1,0
S01012045,653,120,36,63,21,533,510,19,8,0
S01012046,400,104,23,36,48,293,279,13,3,0
S01012047,436,105,19,48,40,331,327,0,2,0
S01012048,423,148,21,43,87,276,260,9,6,0
S01012049,337,193,25,111,57,144,141,2,1,0
S01012050,414,339,62,239,42,75,73,3,0,0
S01012051,287,123,99,17,7,164,149,10,2,0
S01012052,449,268,18,111,146,181,177,2,2,0
S01012053,388,328,10,92,230,61,61,0,0,0
S01012054,311,194,7,53,134,117,116,1,0,0
S01012055,453,360,15,145,206,91,90,0,2,0
S01012056,349,299,60,168,71,50,39,6,5,0
S01012057,324,312,53,234,25,12,12,0,0,0
S01012058,318,268,75,120,73,46,44,1,1,0
S01012059,396,307,8,115,184,89,89,0,0,0
S01012060,423,260,23,102,135,163,161,2,0,0
S01012061,419,302,80,165,62,113,101,4,6,0
S01012062,583,546,175,250,122,37,29,6,1,0
S01012063,233,191,40,85,66,44,43,1,0,0
S01012064,283,216,14,114,88,70,64,4,0,0
S01012065,268,199,24,112,63,69,67,2,0,0
S01012066,404,272,37,160,76,132,131,1,0,0
S01012067,252,192,45,93,58,59,57,3,0,0
S01012068,224,122,15,62,45,98,97,5,0,0
S01012069,227,73,9,47,22,154,153,0,1,0
S01012070,387,69,24,19,26,320,317,2,0,0
S01012071,745,197,46,67,84,548,534,11,4,0
S01012072,709,112,38,30,44,601,582,9,4,0
S01012073,448,285,70,45,170,164,160,4,0,0
S01012074,337,172,47,55,70,165,157,8,0,0
S01012075,263,252,128,39,81,11,11,0,0,0
S01012076,458,190,39,109,46,264,264,4,0,0
S01012077,394,170,83,42,44,222,221,1,0,0
S01012078,365,259,90,116,53,106,106,0,0,0
S01012079,408,258,27,88,143,150,144,8,0,0
S01012080,336,188,34,77,77,148,148,0,0,0
S01012081,400,239,17,83,139,155,155,2,0,1
S01012082,309,215,12,58,145,95,94,0,1,0
S01012083,374,217,8,60,145,157,155,2,0,0
S01012084,244,232,25,66,142,8,7,0,1,0
S01012085,295,271,43,131,97,23,23,0,0,0
S01012086,422,286,18,86,181,140,134,1,0,0
S01012087,425,315,26,101,190,110,107,2,0,0
S01012088,286,226,112,72,42,60,58,2,0,0
S01012089,360,279,83,180,16,83,78,5,0,0
S01012090,355,348,266,74,9,6,6,0,0,0
S01012091,243,227,18,87,122,16,19,1,0,0
S01012092,219,183,27,82,75,32,26,10,0,0
S01012093,225,118,33,43,39,107,104,3,0,0
S01012094,326,303,194,89,20,23,6,17,0,0
S01012095,396,295,90,143,66,101,100,1,0,0
S01012096,398,324,18,135,167,78,75,2,0,0
S01012097,302,271,26,110,132,33,32,1,0,0
S01012098,263,189,15,99,71,74,74,0,0,0
S01012099,346,206,12,88,106,140,131,12,0,0
S01012100,581,454,70,139,248,127,124,3,0,0
S01012101,305,260,117,122,21,48,38,6,0,0
S01012102,324,142,20,46,76,182,175,0,7,0
S01012103,431,308,56,113,143,119,115,1,0,0
S01012104,347,311,230,59,22,36,34,2,0,0
S01012105,500,266,146,86,42,230,216,12,0,0
S01012106,521,207,118,47,39,315,293,22,0,0
S01012107,338,206,103,59,44,132,83,53,0,0
S01012108,565,25,9,9,7,540,529,10,1,0
S01012109,609,105,6,48,51,504,500,4,0,0
S01012110,524,116,24,38,54,408,402,5,1,0
S01012111,394,143,7,70,66,251,249,2,0,0
S01012112,418,151,41,76,34,267,262,5,0,0
S01012113,503,274,73,64,137,228,226,1,1,2
S01012114,368,243,141,58,44,125,112,13,0,0
S01012115,259,192,9,71,112,67,67,0,0,0
S01012116,310,264,19,63,182,46,46,0,0,0
S01012117,534,458,202,88,166,76,76,1,0,0
S01012118,227,224,101,97,26,3,2,1,0,0
S01012119,345,341,125,197,20,4,4,0,0,0
S01012120,445,355,182,97,76,90,90,0,0,0
S01012121,453,352,37,147,161,108,100,4,0,0
S01012122,319,275,29,107,139,44,43,0,1,0
S01012123,255,123,27,66,29,132,117,12,0,0
S01012124,249,166,19,65,83,85,83,2,0,0
S01012125,489,87,3,27,57,399,389,10,0,0
S01012126,396,117,24,14,80,277,255,13,9,0
S01012127,755,28,3,14,11,726,687,17,22,1
S01012128,317,82,7,17,56,235,234,2,1,0
S01012129,437,54,10,13,31,383,363,17,0,0
S01012130,691,167,25,44,98,523,501,22,0,1
S01012131,643,49,10,13,26,590,575,12,7,0
S01012132,479,59,18,17,21,420,401,18,2,0
S01012133,335,108,12,48,48,227,183,44,0,0
S01012134,622,105,22,64,15,516,478,35,1,0
S01012135,625,18,7,7,4,607,602,2,2,0
S01012136,484,12,2,4,6,472,471,0,0,0
S01012137,574,90,12,36,42,484,477,0,5,0
S01012138,458,192,36,131,21,266,248,15,3,0
S01012139,453,251,49,175,27,205,203,4,0,0
S01012140,240,211,52,140,19,29,17,11,1,0
S01012141,398,371,43,271,57,27,24,5,0,0
S01012142,396,387,75,291,21,9,5,1,1,0
S01012143,379,362,181,152,29,17,15,0,0,0
S01012144,440,385,23,274,90,51,49,1,2,0
S01012145,390,367,82,276,9,23,7,15,1,0
S01012146,521,87,15,29,43,434,426,7,2,0
S01012147,407,77,8,27,42,330,329,1,0,0
S01012148,319,53,2,20,29,267,265,1,0,0
S01012149,349,156,84,43,35,190,189,2,0,0
S01012150,393,273,14,74,188,120,113,7,0,0
S01012151,260,199,6,69,122,63,57,5,0,0
S01012152,339,76,5,16,53,263,263,0,0,0
S01012153,482,147,13,46,88,335,322,9,4,0
S01012154,456,43,6,14,27,412,407,4,2,0
S01012155,432,36,6,15,15,389,379,9,1,7
S01012156,633,350,27,159,164,283,270,11,0,0
S01012157,511,338,55,93,188,173,172,1,0,0
S01012158,548,294,78,111,105,255,249,2,0,0
S01012159,232,225,9,146,73,4,4,0,0,0
S01012160,286,274,11,155,112,10,7,1,0,0
S01012161,203,36,9,19,9,167,163,3,1,0
S01012162,459,185,43,64,82,274,274,0,0,0
S01012163,412,180,15,68,97,232,231,1,0,0
S01012164,404,354,58,188,111,50,47,1,0,0
S01012165,418,144,7,39,99,274,266,3,1,0
S01012166,283,111,10,52,49,169,169,0,0,0
S01012167,386,190,18,46,130,196,190,2,3,0
S01012168,319,269,30,95,144,50,48,2,0,0
S01012169,410,214,13,76,127,196,196,0,0,0
S01012170,551,178,8,59,110,376,376,0,0,0
S01012171,490,267,8,18,241,223,222,1,0,0
S01012172,300,154,5,20,129,146,146,0,0,0
S01012173,282,270,60,201,6,12,12,0,0,0
S01012174,328,305,171,82,52,19,19,0,0,0
S01012175,349,251,43,118,91,97,100,0,0,0
S01012176,349,266,51,152,60,87,84,1,1,0
S01012177,239,212,41,137,35,27,27,0,0,0
S01012178,241,231,49,151,32,10,12,1,0,0
S01012179,280,158,56,86,16,122,117,5,0,0
S01012180,294,198,50,105,39,96,94,2,0,0
S01012181,358,161,35,95,31,197,188,8,2,0
S01012182,1082,783,305,222,256,296,294,2,2,0
S01012183,679,172,20,47,104,511,510,1,0,0
S01012184,602,84,8,16,61,518,516,2,1,0
S01012185,550,90,14,36,40,460,447,4,14,0
S01012186,339,191,13,59,121,149,144,4,2,0
S01012187,350,107,6,69,39,239,235,5,0,0
S01012188,258,215,40,170,4,43,42,0,0,0
S01012189,235,192,46,113,37,47,47,0,0,0
S01012190,204,196,75,69,52,5,5,0,0,0
S01012191,299,279,161,84,34,20,20,0,0,0
S01012192,271,268,138,95,31,1,1,0,0,0
S01012193,177,175,145,27,3,2,2,0,0,0
S01012194,180,176,120,41,14,5,5,0,0,0
S01012195,414,407,97,111,199,7,7,0,0,0
S01012196,200,167,103,29,38,33,31,0,0,0
S01012197,311,270,19,25,226,41,39,0,4,0
S01012198,401,299,76,87,135,102,100,2,0,0
S01012199,295,284,10,37,237,11,10,1,0,0
S01012200,265,252,14,40,198,13,10,3,0,0
S01012201,311,277,17,51,209,34,32,2,0,0
S01012202,238,229,63,60,106,9,9,0,0,0
S01012203,317,313,166,118,33,4,4,0,0,0
S01012204,266,261,168,90,6,4,4,0,0,0
S01012205,291,264,98,114,53,23,23,0,0,0
S01012206,325,306,37,121,148,19,19,0,0,0
S01012207,397,360,14,42,304,34,36,1,0,0
S01012208,451,348,10,76,262,107,100,3,0,0
S01012209,318,235,3,40,193,82,80,3,0,0
S01012210,394,266,10,36,221,125,125,1,0,0
S01012211,407,313,77,132,104,96,90,3,0,0
S01012212,308,303,112,187,4,5,5,0,0,0
S01012213,336,334,88,185,58,5,5,0,0,0
S01012214,297,292,85,185,22,5,4,0,0,0
S01012215,326,317,103,167,42,8,7,1,0,0
S01012216,289,271,138,127,5,18,11,7,0,0
S01012217,263,106,11,17,74,161,159,2,0,0
S01012218,245,110,9,31,71,130,125,5,0,0
S01012219,406,291,6,69,220,115,115,0,0,0
S01012220,367,93,3,31,59,272,271,1,0,0
S01012221,299,147,2,57,89,151,151,0,0,0
S01012222,427,266,18,69,179,161,155,1,2,0
S01012223,354,247,14,83,148,107,105,0,0,0
S01012224,370,249,34,46,168,122,119,7,0,0
S01012225,456,280,26,31,225,176,177,1,0,0
S01012226,293,253,4,13,236,37,37,0,0,0
S01012227,263,224,9,17,198,39,35,1,1,0
S01012228,254,249,10,25,216,5,5,0,0,0
S01012229,322,301,99,103,99,21,20,1,0,0
S01012230,404,392,185,157,49,12,11,0,1,0
S01012231,282,282,208,68,6,0,0,0,0,0
S01012232,314,307,172,107,30,4,4,0,0,0
S01012233,333,329,208,118,3,1,1,0,0,1
S01012234,384,331,262,60,9,53,53,0,0,0
S01012235,217,213,184,21,8,4,2,3,0,0
S01012236,335,288,93,88,104,48,40,8,0,0
S01012237,312,273,159,108,6,39,28,11,3,0
S01012238,313,164,30,48,86,149,138,9,3,0
S01012239,267,89,26,36,27,178,165,5,10,0
S01012240,385,248,90,83,75,137,127,10,2,0
S01012241,226,181,143,32,8,45,40,4,1,0
S01012242,336,320,240,52,25,19,17,2,0,0
S01012243,249,243,135,70,38,5,4,1,0,0
S01012244,339,334,260,38,39,3,2,2,1,0
S01012245,342,275,175,54,49,64,55,5,4,0
S01012246,413,404,251,71,82,6,4,4,1,0
S01012247,320,302,212,52,38,18,16,4,0,0
S01012248,338,326,225,80,21,12,9,4,0,0
S01012249,387,367,238,67,61,19,19,0,0,1
S01012250,479,451,310,88,56,23,20,2,2,0
S01012251,506,236,37,135,64,266,262,6,1,1
S01012252,352,168,74,91,5,184,177,7,0,0
S01012253,512,245,54,112,75,270,197,46,28,0
S01012254,411,233,50,124,61,171,149,24,0,0
S01012255,500,209,73,76,60,291,262,21,8,0
S01012256,276,272,178,52,42,3,2,1,0,0
S01012257,427,357,110,77,170,70,63,6,0,0
S01012258,308,293,222,51,17,15,12,3,0,0
S01012259,284,250,160,56,34,34,8,24,0,0
S01012260,398,369,125,131,113,31,24,7,0,0
S01012261,339,313,213,59,41,24,24,0,0,0
S01012262,525,494,324,87,85,28,17,11,1,0
S01012263,382,191,57,70,64,191,175,15,1,0
S01012264,224,129,101,14,12,95,86,9,0,0
S01012265,356,278,24,73,178,75,74,0,1,0
S01012266,566,335,196,80,55,233,208,25,2,0
S01012267,381,268,162,59,47,113,88,20,3,0
S01012268,302,295,150,79,66,7,2,1,2,0
S01012269,471,375,159,137,82,93,86,9,0,0
S01012270,363,300,44,128,128,63,51,8,4,0
S01012271,873,835,407,236,190,44,32,3,1,0
S01012272,315,264,143,86,35,51,35,15,1,0
S01012273,378,370,262,64,44,7,4,3,0,0
S01012274,458,295,152,81,62,160,136,27,0,0
S01012275,480,154,52,37,69,326,245,51,27,0
S01012276,508,301,121,73,107,207,177,27,3,0
S01012277,524,284,75,95,114,232,208,24,3,5
S01012278,440,139,48,31,60,294,246,30,21,0
S01012279,408,148,23,77,48,260,244,19,2,0
S01012280,417,284,16,163,101,135,134,1,0,0
S01012281,364,170,14,84,75,194,169,24,1,0
S01012282,483,328,174,126,28,155,147,10,0,0
S01012283,389,262,159,88,17,127,102,21,0,0
S01012284,445,128,27,57,44,317,284,27,9,0
S01012285,287,220,68,115,32,70,58,11,3,0
S01012286,477,362,56,61,248,110,95,15,0,1
S01012287,422,204,24,68,112,218,210,5,3,0
S01012288,359,205,37,81,92,150,147,3,0,0
S01012289,452,409,288,83,37,40,19,20,1,3
S01012290,303,223,66,107,50,80,68,5,7,0
S01012291,518,364,127,200,34,153,128,29,0,1
S01012292,352,257,134,93,30,95,44,33,15,0
S01012293,217,180,95,67,18,37,34,3,0,0
S01012294,379,329,16,86,229,50,44,6,0,0
S01012295,290,239,140,55,44,51,50,0,1,0
S01012296,380,364,204,95,65,16,5,6,8,0
S01012297,284,275,202,47,26,8,4,3,1,1
S01012298,409,370,177,103,91,39,28,7,3,0
S01012299,284,275,188,55,39,7,7,0,0,0
S01012300,297,270,93,103,74,26,25,1,0,0
S01012301,420,406,183,136,91,6,7,0,1,1
S01012302,250,241,142,55,44,9,6,1,0,0
S01012303,416,411,257,93,60,4,1,2,1,1
S01012304,444,431,215,107,109,12,7,3,2,1
S01012305,466,332,131,160,41,130,105,15,10,0
S01012306,330,182,46,69,67,144,134,7,3,0
S01012307,327,218,54,80,85,109,94,14,4,0
S01012308,371,357,73,257,30,14,9,1,0,0
S01012309,298,278,105,92,80,19,16,5,0,1
S01012310,534,492,244,147,95,40,32,6,6,0
S01012311,258,243,146,68,29,16,14,1,1,0
S01012312,480,461,263,118,80,17,14,2,0,1
S01012313,339,328,142,141,48,10,7,0,4,1
S01012314,381,370,47,201,122,12,10,2,0,0
S01012315,393,214,90,59,69,175,128,31,15,0
S01012316,299,192,35,63,93,107,104,2,0,0
S01012317,256,228,143,48,34,31,24,5,2,0
S01012318,324,315,43,90,184,9,7,2,0,0
S01012319,339,328,177,98,53,9,2,5,2,0
S01012320,273,253,47,125,81,20,13,3,0,0
S01012321,411,359,161,88,106,52,47,3,2,0
S01012322,468,452,255,117,83,12,8,2,0,1
S01012323,440,419,297,72,52,21,13,4,2,0
S01012324,494,487,239,150,95,10,7,2,1,0
S01012325,301,273,151,82,41,28,28,0,0,0
S01012326,302,149,23,36,90,153,136,11,7,0
S01012327,381,343,88,152,103,38,28,3,7,0
S01012328,299,290,74,134,78,8,9,2,0,0
S01012329,391,379,188,98,93,12,10,0,1,0
S01012330,286,245,114,93,42,38,33,1,2,0
S01012331,269,268,191,66,11,1,1,0,0,0
S01012332,457,446,244,105,100,11,5,5,1,0
S01012333,476,448,248,97,102,4,2,2,0,21
S01012334,416,321,53,207,61,95,93,2,0,0
S01012335,408,392,36,215,141,15,17,2,1,0
S01012336,286,280,6,221,51,7,7,0,0,0
S01012337,442,198,13,122,59,247,241,5,1,0
S01012338,400,195,54,84,51,211,194,14,4,0
S01012339,394,123,43,35,47,269,237,16,18,0
S01012340,569,461,193,191,77,108,95,9,0,0
S01012341,406,396,258,101,34,8,5,2,1,2
S01012342,432,423,235,122,66,9,8,1,0,0
S01012343,459,449,233,120,96,9,7,3,0,1
S01012344,324,242,56,114,69,82,72,9,0,0
S01012345,400,355,66,242,53,45,43,2,0,0
S01012346,353,333,193,72,68,19,10,5,0,2
S01012347,373,350,100,157,93,23,21,0,1,0
S01012348,308,270,132,101,37,38,31,3,2,0
S01012349,399,339,16,198,127,60,58,1,0,0
S01012350,389,296,153,107,36,93,92,1,0,0
S01012351,370,268,20,127,121,102,97,5,0,0
S01012352,349,180,88,66,24,173,163,7,3,0
S01012353,449,163,61,37,65,286,245,14,23,0
S01012354,393,359,86,141,132,34,26,5,2,0
S01012355,427,413,333,69,8,6,5,1,4,2
S01012356,340,319,108,152,59,21,10,8,1,0
S01012357,383,371,279,69,20,11,5,5,0,3
S01012358,386,365,246,82,39,20,8,9,1,1
S01012359,369,296,29,197,73,73,68,5,0,0
S01012360,310,240,23,141,76,66,62,3,4,0
S01012361,269,243,17,185,40,25,24,2,0,0
S01012362,292,280,20,207,53,12,12,0,0,0
S01012363,593,175,30,63,85,415,377,20,20,0
S01012364,351,103,18,48,35,249,237,8,4,0
S01012365,445,295,74,116,105,146,135,10,1,0
S01012366,490,140,30,24,80,350,315,14,21,0
S01012367,401,289,120,100,69,111,107,5,2,2
S01012368,302,249,172,56,20,55,37,15,1,0
S01012369,379,276,100,94,78,103,91,10,3,0
S01012370,488,166,91,34,41,322,313,9,0,0
S01012371,498,140,15,39,84,358,332,16,10,0
S01012372,385,79,16,17,48,304,290,8,4,0
S01012373,458,273,101,95,78,184,149,33,1,2
S01012374,400,251,49,93,111,147,142,3,0,0
S01012375,423,286,40,116,130,137,135,0,2,0
S01012376,433,419,292,93,35,11,7,4,0,2
S01012377,293,285,205,54,26,10,8,1,1,2
S01012378,284,265,195,51,14,19,12,8,0,4
S01012379,250,241,169,58,10,9,6,0,1,0
S01012380,426,268,43,67,158,158,151,7,0,0
S01012381,452,260,58,71,131,196,152,23,20,0
S01012382,436,383,134,172,77,53,39,14,0,0
S01012383,414,247,72,110,65,167,153,15,1,0
S01012384,278,175,67,56,57,103,91,12,0,0
S01012385,337,213,99,77,38,122,101,20,1,0
S01012386,425,325,44,75,206,100,93,6,1,0
S01012387,399,393,331,59,5,6,4,0,0,0
S01012388,346,343,294,44,1,3,3,0,0,0
S01012389,403,398,299,88,11,3,3,0,0,0
S01012390,346,341,275,57,7,3,2,0,1,2
S01012391,510,471,372,78,19,39,36,3,0,0
S01012392,334,293,181,111,1,41,41,0,0,0
S01012393,340,331,142,171,18,9,4,1,0,0
S01012394,282,266,84,71,111,17,17,0,0,0
S01012395,245,187,77,81,29,61,51,7,0,0
S01012396,322,216,44,118,53,106,78,21,7,0
S01012397,432,356,204,107,45,76,62,12,2,0
S01012398,423,245,60,126,66,177,128,35,12,0
S01012399,324,296,19,159,118,27,24,3,0,1
S01012400,313,181,47,93,41,132,109,18,5,0
S01012401,394,279,69,193,13,102,94,9,0,16
S01012402,357,314,188,118,8,43,41,2,0,0
S01012403,436,436,316,112,3,6,2,1,1,0
S01012404,403,353,163,130,60,50,32,15,3,0
S01012405,323,310,296,21,1,12,4,7,1,1
S01012406,289,287,225,51,11,2,2,0,0,0
S01012407,365,359,236,107,15,2,2,2,0,3
S01012408,260,256,233,18,5,1,2,1,0,2
S01012409,291,283,238,42,8,6,3,2,1,0
S01012410,452,435,270,134,34,9,8,4,2,1
S01012411,444,435,269,127,39,7,6,2,1,0
S01012412,306,297,230,61,7,8,7,1,0,0
S01012413,436,425,332,79,14,9,6,3,0,2
S01012414,344,338,197,123,20,6,3,1,2,1
S01012415,229,225,151,73,1,4,0,2,0,0
S01012416,223,220,170,45,7,2,2,0,0,0
S01012417,276,248,116,70,59,28,27,0,2,0
S01012418,356,349,204,97,50,0,1,2,0,3
S01012419,309,295,205,69,19,12,11,2,0,0
S01012420,357,318,83,99,140,39,39,0,0,0
S01012421,322,298,125,118,61,21,19,2,1,0
S01012422,407,380,190,108,86,25,18,7,0,2
S01012423,357,335,159,79,97,22,17,4,0,0
S01012424,425,371,98,105,168,54,54,0,0,0
S01012425,276,159,10,37,112,117,117,0,0,0
S01012426,249,190,6,61,122,59,56,2,1,0
S01012427,274,212,7,29,176,62,62,0,0,0
S01012428,284,281,67,35,176,3,3,0,0,0
S01012429,269,235,47,85,103,35,32,2,1,0
S01012430,282,211,44,43,124,71,53,3,11,0
S01012431,435,294,39,78,177,141,111,18,15,0
S01012432,357,264,142,75,47,93,89,4,0,0
S01012433,283,182,22,30,130,102,85,8,8,0
S01012434,291,119,30,50,41,170,168,4,0,0
S01012435,317,200,16,40,144,117,104,4,9,0
S01012436,292,244,18,96,132,48,43,7,1,0
S01012437,266,211,25,115,71,52,54,0,1,0
S01012438,326,317,93,133,89,11,11,0,0,0
S01012439,331,240,93,78,69,90,85,3,2,0
S01012440,239,185,136,33,19,48,46,3,2,0
S01012441,374,355,177,97,83,19,18,0,1,0
S01012442,754,707,370,208,123,49,43,4,0,0
S01012443,328,318,171,93,54,10,7,2,2,0
S01012444,389,359,305,35,17,30,29,1,0,0
S01012445,186,186,160,21,5,0,0,0,0,0
S01012446,260,184,49,79,56,76,74,2,0,0
S01012447,355,334,229,91,11,28,23,1,0,0
S01012448,374,354,277,44,33,18,15,4,1,2
S01012449,250,230,53,95,82,20,17,2,2,0
S01012450,427,406,206,116,84,20,20,0,0,1
S01012451,460,428,383,19,26,32,29,2,1,0
S01012452,322,320,158,154,8,1,1,0,0,0
S01012453,304,300,280,17,3,6,1,3,0,0
S01012454,296,294,243,48,4,5,3,0,3,0
S01012455,259,254,236,7,6,5,0,5,0,0
S01012456,307,302,293,9,0,5,5,0,0,0
S01012457,386,382,367,15,0,4,4,0,0,0
S01012458,355,326,284,25,13,33,29,6,1,0
S01012459,192,189,131,48,10,3,3,0,0,0
S01012460,245,245,217,15,12,0,0,0,0,0
S01012461,309,251,86,38,133,59,59,0,0,0
S01012462,373,306,17,83,206,67,65,1,0,0
S01012463,265,215,18,28,169,50,47,0,1,0
S01012464,248,214,10,16,188,34,34,0,0,0
S01012465,296,294,20,31,243,2,2,0,0,0
S01012466,351,287,90,174,27,60,50,10,0,0
S01012467,334,319,51,135,133,15,15,0,0,0
S01012468,312,307,39,153,115,5,5,0,0,0
S01012469,333,282,117,147,18,52,31,27,0,1
S01012470,485,363,120,101,142,122,122,3,0,0
S01012471,351,320,261,49,9,32,25,7,0,0
S01012472,320,319,222,91,6,0,0,0,0,0
S01012473,219,216,179,32,6,2,2,0,0,0
S01012474,374,279,123,138,17,98,89,4,0,0
S01012475,295,243,184,32,27,53,53,0,0,0
S01012476,420,407,52,171,188,11,9,2,0,0
S01012477,262,257,108,143,4,2,2,0,0,0
S01012478,415,407,21,222,168,8,7,0,1,0
S01012479,263,261,118,136,7,2,2,0,0,0
S01012480,312,32,8,11,13,280,268,6,6,0
S01012481,519,120,23,35,63,397,293,61,43,1
S01012482,449,145,29,34,86,304,240,53,11,0
S01012483,459,106,28,58,20,352,329,11,18,0
S01012484,376,187,30,72,85,189,119,69,1,0
S01012485,391,231,98,98,35,160,90,69,3,0
S01012486,242,153,82,56,10,89,65,23,1,0
S01012487,260,115,7,52,56,145,131,12,1,0
S01012488,539,317,23,94,203,222,218,4,0,0
S01012489,521,61,6,22,31,457,448,7,6,0
S01012490,675,68,22,19,27,599,574,10,15,8
S01012491,253,48,7,25,7,201,196,2,5,0
S01012492,481,35,5,17,18,443,437,0,4,0
S01012493,188,134,26,77,31,52,52,0,0,0
S01012494,378,371,11,172,189,7,7,0,0,0
S01012495,454,370,9,198,160,84,84,0,0,0
S01012496,303,285,36,196,55,20,20,0,0,0
S01012497,210,172,4,113,55,38,38,0,0,0
S01012498,359,284,12,184,88,75,73,1,1,0
S01012499,263,243,9,157,74,20,20,0,0,0
S01012500,255,182,9,100,73,73,73,0,0,0
S01012501,245,42,5,18,17,203,199,0,1,0
S01012502,337,111,12,72,27,226,226,0,0,0
S01012503,285,173,6,99,65,112,111,0,1,0
S01012504,331,193,24,104,65,135,137,0,0,0
S01012505,513,218,22,145,50,295,287,8,0,0
S01012506,307,183,83,61,37,122,113,5,1,0
S01012507,437,206,18,126,58,231,225,5,1,0
S01012508,433,262,52,159,51,171,165,1,0,0
S01012509,251,191,20,104,67,60,58,2,0,0
S01012510,422,356,55,246,55,66,66,0,0,0
S01012511,246,197,13,108,76,53,46,3,0,0
S01012512,194,165,62,93,11,31,31,1,0,0
S01012513,221,209,118,69,25,12,12,0,0,0
S01012514,413,374,97,221,56,39,38,1,0,0
S01012515,342,227,24,83,120,118,111,1,1,0
S01012516,348,308,53,185,70,41,39,1,1,0
S01012517,501,255,103,104,48,246,241,5,0,0
S01012518,271,183,59,76,50,88,73,13,0,0
S01012519,272,208,55,58,95,61,52,5,1,0
S01012520,332,231,55,124,51,100,70,30,0,0
S01012521,247,161,38,90,35,86,74,6,6,0
S01012522,400,347,164,148,35,53,41,11,0,0
S01012523,352,335,90,162,82,14,9,6,2,0
S01012524,458,338,108,199,31,120,113,7,0,0
S01012525,334,304,77,158,69,30,22,4,2,0
S01012526,341,313,167,139,7,28,26,2,0,0
S01012527,314,278,106,169,7,32,32,0,0,0
S01012528,336,292,8,152,133,44,44,0,0,0
S01012529,267,215,30,74,111,52,51,1,0,0
S01012530,398,381,139,198,45,17,16,0,1,0
S01012531,440,394,198,120,76,44,35,12,0,0
S01012532,442,399,189,88,126,43,34,8,0,0
S01012533,253,129,31,9,90,124,121,3,0,0
S01012534,289,182,46,72,64,107,107,0,0,0
S01012535,361,197,44,117,36,161,161,0,0,0
S01012536,355,308,95,149,64,46,46,1,0,0
S01012537,318,300,31,127,137,18,12,0,4,0
S01012538,504,397,129,127,140,96,96,0,0,11
S01012539,276,248,52,95,101,24,23,0,0,4
S01012540,302,256,21,149,87,44,41,3,0,0
S01012541,487,405,183,133,89,81,76,5,0,1
S01012542,565,538,283,127,128,28,28,0,0,0
S01012543,294,285,161,50,74,8,3,5,0,1
S01012544,358,333,158,84,93,23,22,1,0,0
S01012545,213,178,31,57,94,37,34,0,0,0
S01012546,352,338,127,30,181,14,14,0,0,0
S01012547,293,288,172,61,59,5,5,0,0,0
S01012548,821,782,482,199,101,39,37,2,0,0
S01012549,223,132,7,63,57,93,92,2,0,0
S01012550,346,260,48,139,73,84,83,0,0,0
S01012551,317,317,105,208,2,3,3,0,0,0
S01012552,390,376,247,95,33,14,12,2,1,0
S01012553,384,369,160,177,30,15,14,0,0,0
S01012554,191,188,46,112,29,3,2,0,1,0
S01012555,214,209,63,142,3,1,1,0,0,0
S01012556,213,213,154,55,2,2,1,0,2,0
S01012557,278,238,155,61,23,40,32,7,0,0
S01012558,284,220,25,92,104,64,64,0,0,0
S01012559,426,182,25,53,100,244,243,1,0,0
S01012560,264,224,64,53,107,40,39,1,0,0
S01012561,364,264,69,96,99,100,100,0,0,0
S01012562,424,146,25,49,72,278,277,1,0,0
S01012563,321,308,246,61,1,13,12,0,0,0
S01012564,292,248,81,160,6,44,34,13,0,0
S01012565,360,239,58,130,49,121,102,18,3,0
S01012566,459,115,35,36,44,344,274,35,35,0
S01012567,520,99,31,51,17,421,392,28,1,0
S01012568,248,197,39,134,24,54,34,18,0,0
S01012569,397,329,219,105,5,67,32,36,0,0
S01012570,209,198,122,41,35,11,8,2,1,0
S01012571,354,322,154,88,80,34,29,1,4,0
S01012572,206,194,109,48,36,12,10,2,0,0
S01012573,372,359,261,79,19,12,8,2,1,2
S01012574,382,356,271,64,20,29,28,1,0,1
S01012575,303,277,200,46,28,26,18,8,0,0
S01012576,352,266,156,65,47,86,62,13,17,0
S01012577,554,503,242,123,138,47,47,3,0,1
S01012578,449,342,196,101,45,107,92,9,6,0
S01012579,338,314,190,67,57,25,25,0,0,1
S01012580,356,349,244,64,41,6,1,2,0,1
S01012581,301,247,70,135,42,53,51,2,0,2
S01012582,418,388,247,114,28,17,15,1,0,13
S01012583,338,298,73,99,127,39,36,1,1,1
S01012584,356,329,152,104,71,25,27,1,2,0
S01012585,401,293,40,110,143,108,103,5,0,0
S01012586,319,298,141,64,93,17,12,11,0,1
S01012587,341,338,252,61,25,2,2,0,0,1
S01012588,270,267,154,44,69,4,4,0,0,0
S01012589,282,274,42,32,195,8,11,0,1,0
S01012590,375,287,62,99,132,90,85,1,3,0
S01012591,348,259,23,122,114,86,88,1,0,0
S01012592,281,275,196,47,29,3,3,1,0,0
S01012593,359,326,213,94,23,36,36,0,0,0
S01012594,217,182,73,93,18,32,29,1,2,0
S01012595,284,243,78,84,81,41,38,0,1,0
S01012596,305,233,68,98,67,80,74,1,1,0
S01012597,185,161,86,53,22,24,23,1,0,0
S01012598,301,246,122,106,18,55,55,0,0,0
S01012599,318,216,128,61,27,102,89,11,4,0
S01012600,309,285,117,155,15,24,21,3,0,0
S01012601,382,335,195,134,6,47,47,0,0,0
S01012602,351,149,39,85,23,203,187,4,15,1
S01012603,321,213,48,116,49,108,106,1,1,0
S01012604,279,267,54,42,177,12,11,0,1,0
S01012605,243,234,71,61,105,9,8,0,1,0
S01012606,278,275,218,42,15,3,3,0,0,0
S01012607,332,307,131,90,86,25,25,0,0,0
S01012608,369,358,83,108,167,11,10,1,0,0
S01012609,375,326,30,58,235,52,52,0,0,0
S01012610,469,244,54,103,87,226,223,0,0,0
S01012611,492,470,252,116,103,19,21,1,1,0
S01012612,297,284,89,110,89,16,11,1,0,0
S01012613,277,251,90,54,107,26,26,0,0,0
S01012614,506,356,140,154,62,148,128,6,14,2
S01012615,351,310,219,37,54,41,39,1,0,0
S01012616,413,385,244,67,76,30,26,4,0,0
S01012617,352,344,223,86,32,8,8,0,0,0
S01012618,216,203,111,37,59,13,12,1,0,0
S01012619,298,157,48,73,36,142,119,21,2,0
S01012620,344,296,243,39,15,45,34,13,1,0
S01012621,275,236,143,64,29,43,38,3,0,0
S01012622,342,312,97,113,102,29,29,0,0,0
S01012623,323,188,20,97,71,135,130,5,0,0
S01012624,345,244,19,74,151,101,82,9,11,0
S01012625,259,205,12,56,139,54,52,2,0,0
S01012626,223,210,111,72,30,13,13,0,0,0
S01012627,268,133,50,47,36,134,119,15,0,0
S01012628,465,398,285,30,87,63,48,8,5,0
S01012629,212,170,124,45,5,42,34,7,1,0
S01012630,538,210,117,39,54,327,285,18,20,1
S01012631,319,225,89,78,56,100,96,3,1,0
S01012632,326,316,234,57,25,10,7,3,0,0
S01012633,276,251,196,32,23,27,27,0,0,0
S01012634,336,210,66,64,84,87,86,4,0,36
S01012635,520,443,274,80,88,80,73,3,2,4
S01012636,308,300,195,63,42,6,5,0,1,2
S01012637,319,176,26,131,19,142,141,0,1,1
S01012638,413,328,102,101,125,84,80,2,1,0
S01012639,380,337,77,167,94,42,41,1,0,0
S01012640,407,368,77,169,123,36,36,0,0,0
S01012641,484,321,122,110,86,164,160,3,1,0
S01012642,375,243,28,57,162,130,129,2,0,2
S01012643,197,185,11,76,102,12,11,1,0,0
S01012644,305,208,44,71,97,97,96,2,0,0
S01012645,376,271,146,82,43,105,89,11,4,0
S01012646,408,359,224,117,18,48,50,1,0,1
S01012647,248,243,99,117,27,2,4,1,0,0
S01012648,227,226,12,32,182,4,3,1,0,0
S01012649,253,220,91,89,40,33,32,1,0,0
S01012650,320,295,137,138,20,22,19,0,1,0
S01012651,333,269,23,90,155,64,64,0,0,0
S01012652,451,409,251,148,7,45,45,0,0,0
S01012653,383,371,161,55,155,12,12,0,0,0
S01012654,584,558,283,147,121,26,24,2,0,0
S01012655,440,319,166,117,37,111,110,0,1,10
S01012656,384,330,43,50,241,49,46,3,0,1
S01012657,267,173,25,112,36,94,93,1,0,0
S01012658,412,396,109,212,75,16,13,3,0,0
S01012659,359,355,217,88,46,4,4,0,0,0
S01012660,341,276,54,140,82,65,65,0,0,0
S01012661,365,332,135,86,113,30,24,0,7,0
S01012662,413,244,56,49,135,169,168,0,0,0
S01012663,299,275,89,86,100,24,20,3,1,0
S01012664,473,294,61,91,142,179,150,12,17,0
S01012665,348,310,23,116,171,41,36,1,0,0
S01012666,317,312,22,79,210,9,9,0,0,0
S01012667,285,221,46,132,33,68,67,1,0,0
S01012668,322,231,26,87,118,90,88,0,0,1
S01012669,264,261,35,160,66,3,3,0,0,0
S01012670,298,293,76,111,106,5,3,3,0,0
S01012671,394,366,44,70,252,27,26,0,0,0
S01012672,386,310,22,93,192,76,75,0,0,0
S01012673,252,239,19,63,155,14,14,1,0,0
S01012674,245,207,16,40,151,41,41,0,0,0
S01012675,390,337,51,86,202,51,47,4,0,2
S01012676,302,290,29,69,192,10,10,0,2,0
S01012677,273,239,44,44,155,29,31,1,0,0
S01012678,338,334,59,241,34,4,4,0,0,0
S01012679,361,271,139,73,56,90,87,3,0,0
S01012680,222,213,133,46,34,8,8,0,0,1
S01012681,405,343,147,97,101,60,53,5,2,2
S01012682,303,280,130,70,84,27,20,6,0,0
S01012683,330,264,44,66,157,66,64,2,0,0
S01012684,229,196,51,90,53,33,32,0,0,0
S01012685,321,305,31,82,188,14,15,1,0,0
S01012686,426,304,161,112,31,123,85,27,7,0
S01012687,241,233,175,58,3,3,3,0,0,0
S01012688,450,163,51,60,55,287,219,44,27,0
S01012689,195,182,105,61,12,13,9,4,0,0
S01012690,197,190,69,130,2,5,5,0,0,0
S01012691,283,247,207,22,18,36,33,3,0,0
S01012692,336,248,66,108,74,88,83,5,0,0
S01012693,402,394,354,32,8,8,4,3,0,0
S01012694,190,185,54,42,89,6,4,1,0,0
S01012695,321,311,200,89,26,0,1,0,0,4
S01012696,347,334,264,43,29,11,4,3,1,3
S01012697,393,383,272,56,55,8,10,1,0,1
S01012698,385,366,247,48,75,20,17,2,1,0
S01012699,570,538,304,103,133,30,27,3,0,0
S01012700,316,300,189,69,46,19,17,2,0,1
S01012701,523,513,270,214,31,6,6,0,0,0
S01012702,487,355,169,124,62,132,129,1,2,0
S01012703,202,196,136,12,48,6,6,0,0,0
S01012704,325,281,18,67,198,44,44,0,0,0
S01012705,249,244,116,119,9,5,5,0,0,0
S01012706,310,275,26,68,181,35,33,1,1,0
S01012707,293,289,126,161,2,4,4,0,0,0
S01012708,291,110,17,39,54,181,181,0,0,0
S01012709,295,220,39,104,74,75,74,2,0,0
S01012710,354,164,64,74,23,193,186,7,0,0
S01012711,456,195,28,90,77,258,255,0,3,0
S01012712,314,309,184,125,1,5,5,0,0,0
S01012713,334,246,52,176,19,88,84,2,0,0
S01012714,279,244,131,100,12,35,28,5,2,0
S01012715,361,117,25,69,20,247,237,0,10,0
S01012716,380,276,193,77,4,104,101,3,0,0
S01012717,659,170,57,86,25,489,472,5,12,0
S01012718,458,131,41,73,16,328,299,24,4,0
S01012719,547,156,54,48,54,391,375,12,4,0
S01012720,277,35,31,6,2,237,216,1,15,1
S01012721,283,243,13,180,48,42,41,1,0,0
S01012722,387,119,8,105,8,266,263,1,2,0
S01012723,364,138,6,122,10,226,227,2,0,0
S01012724,395,146,17,105,26,248,248,0,0,0
S01012725,467,133,73,45,15,334,327,7,0,0
S01012726,265,204,11,110,86,59,57,0,1,0
S01012727,256,210,14,96,97,52,52,0,0,0
S01012728,326,153,13,81,62,176,173,0,1,0
S01012729,340,277,54,163,58,66,66,0,0,0
S01012730,261,180,8,21,151,81,84,1,0,0
S01012731,324,274,16,136,122,50,50,0,0,0
S01012732,277,270,9,27,234,7,7,0,0,0
S01012733,872,812,653,81,78,59,58,1,0,2
S01012734,192,189,168,18,2,3,3,0,0,0
S01012735,215,154,11,12,131,61,61,0,0,0
S01012736,387,346,48,220,78,41,41,0,0,0
S01012737,315,273,62,78,133,42,42,0,0,0
S01012738,251,215,36,87,91,41,36,2,0,0
S01012739,292,287,218,55,18,5,1,2,0,0
S01012740,329,310,227,46,37,19,16,3,1,0
S01012741,262,230,74,117,42,31,28,2,0,0
S01012742,274,272,124,146,6,2,2,0,0,0
S01012743,231,231,97,130,4,0,0,0,0,0
S01012744,268,264,87,164,18,5,5,0,0,0
S01012745,438,421,213,178,30,17,15,2,1,0
S01012746,301,294,76,120,94,7,10,1,0,0
S01012747,338,326,88,130,107,12,12,0,0,0
S01012748,358,254,13,115,126,104,103,1,0,0
S01012749,383,276,22,127,132,103,100,3,0,0
S01012750,389,268,25,83,161,120,120,0,0,1
S01012751,414,300,12,166,118,114,114,0,0,0
S01012752,331,291,80,45,169,40,39,2,0,0
S01012753,215,188,26,27,139,27,27,0,0,0
S01012754,268,256,34,101,121,12,10,2,1,0
S01012755,251,127,10,71,46,123,114,8,1,1
S01012756,261,184,31,99,55,76,75,1,0,0
S01012757,204,128,5,65,56,76,76,0,0,0
S01012758,272,225,50,54,121,47,46,0,1,0
S01012759,357,253,22,66,165,101,101,3,0,0
S01012760,426,235,30,110,95,191,189,0,2,0
S01012761,354,249,40,42,164,108,108,0,0,0
S01012762,298,271,48,38,185,27,24,3,0,0
S01012763,189,173,9,27,137,15,15,0,1,2
S01012764,335,306,29,57,220,29,26,1,2,0
S01012765,290,285,68,107,110,6,5,0,1,0
S01012766,364,353,73,89,195,10,10,0,0,1
S01012767,221,220,58,160,2,1,1,0,0,0
S01012768,292,285,85,196,4,7,7,0,0,0
S01012769,145,141,87,42,12,7,7,0,0,0
S01012770,413,300,71,67,162,117,105,2,4,0
S01012771,295,168,27,82,47,131,128,4,0,0
S01012772,286,277,23,39,215,9,9,0,0,0
S01012773,416,361,59,168,137,55,53,2,0,0
S01012774,418,243,43,135,68,175,173,3,0,0
S01012775,208,149,17,118,12,59,58,0,2,0
S01012776,309,226,5,54,167,83,83,0,0,0
S01012777,390,321,83,151,84,69,64,2,4,0
S01012778,282,215,16,135,65,66,66,0,0,0
S01012779,228,105,6,46,53,126,126,0,0,0
S01012780,318,119,17,59,42,204,201,2,1,0
S01012781,414,257,77,91,87,156,152,3,4,0
S01012782,257,91,3,69,16,166,166,0,0,0
S01012783,326,121,7,108,6,205,201,2,2,0
S01012784,345,177,21,71,85,166,164,1,0,2
S01012785,370,102,7,61,31,272,264,7,0,1
S01012786,365,32,10,14,8,333,330,3,2,0
S01012787,218,141,35,65,44,77,77,0,0,0
S01012788,272,235,18,160,60,33,30,2,0,1
S01012789,331,257,60,95,100,74,73,0,0,0
S01012790,315,164,103,21,40,155,154,1,0,0
S01012791,336,252,105,135,7,84,79,3,0,0
S01012792,486,246,15,109,121,238,233,2,0,2
S01012793,364,112,13,73,30,249,237,6,6,1
S01012794,395,53,9,24,16,341,340,1,0,1
S01012795,450,315,19,171,125,135,135,0,0,0
S01012796,326,265,24,136,105,61,61,0,0,0
S01012797,286,259,11,127,120,25,24,0,0,2
S01012798,457,290,222,47,21,167,160,10,0,0
S01012799,424,235,174,41,19,190,163,26,0,0
S01012800,387,239,190,39,11,148,134,13,1,0
S01012801,249,42,28,11,3,208,188,10,6,0
S01012802,208,205,196,4,0,6,6,1,1,0
S01012803,258,257,138,88,31,1,1,0,0,0
S01012804,330,320,59,109,152,9,9,0,0,1
S01012805,365,351,16,139,202,14,14,0,0,0
S01012806,333,319,122,34,161,16,13,3,0,0
S01012807,229,195,175,12,6,36,36,0,0,0
S01012808,905,606,365,68,173,296,284,9,3,0
S01012809,341,113,72,25,16,231,210,12,9,0
S01012810,433,136,41,36,60,297,291,2,1,0
S01012811,387,298,72,44,182,89,83,5,0,0
S01012812,284,221,60,35,126,63,62,1,0,0
S01012813,406,366,210,85,70,37,27,10,0,0
S01012814,335,327,139,139,52,5,5,0,0,0
S01012815,338,286,231,48,7,51,51,0,0,2
S01012816,231,191,66,67,58,39,39,0,0,0
S01012817,175,172,149,20,3,2,2,0,0,1
S01012818,275,272,193,17,62,3,2,1,0,0
S01012819,356,162,17,23,122,193,191,3,1,0
S01012820,1554,1528,998,370,159,26,24,1,2,0
S01012821,264,238,165,62,15,26,25,0,1,0
S01012822,233,49,15,20,14,181,180,0,2,0
S01012823,283,276,100,150,28,7,6,1,0,0
S01012824,267,215,49,42,121,52,52,0,0,0
S01012825,252,115,36,52,27,137,135,2,0,0
S01012826,226,175,25,129,21,51,50,1,0,0
S01012827,238,225,144,73,1,15,12,2,1,0
S01012828,361,283,148,33,102,82,80,0,0,0
S01012829,341,242,24,126,92,99,95,2,0,0
S01012830,320,208,64,115,29,115,115,0,0,0
S01012831,340,221,16,188,17,119,118,1,0,0
S01012832,253,240,33,112,95,13,13,0,0,0
S01012833,318,280,20,119,141,38,38,0,0,0
S01012834,309,192,39,131,22,117,109,2,0,2
S01012835,428,243,47,139,57,185,176,11,1,0
S01012836,236,228,169,25,37,7,7,0,0,0
S01012837,292,141,11,58,72,151,150,1,0,0
S01012838,368,72,11,33,28,293,294,1,1,0
S01012839,289,222,54,127,44,67,66,1,0,0
S01012840,309,266,210,44,12,44,44,0,0,0
S01012841,251,206,49,136,21,43,44,2,0,0
S01012842,213,177,38,67,68,36,29,7,0,0
S01012843,350,304,76,211,13,50,43,7,0,0
S01012844,253,221,51,167,3,31,5,26,0,1
S01012845,340,196,56,108,35,141,117,23,1,0
S01012846,513,97,13,72,10,416,406,0,9,0
S01012847,271,165,49,108,8,103,102,4,0,0
S01012848,254,211,54,126,31,47,43,4,0,0
S01012849,356,145,22,70,49,215,215,0,0,0
S01012850,329,225,8,81,136,104,103,1,0,0
S01012851,380,313,57,121,137,67,66,1,0,0
S01012852,299,232,39,161,32,67,63,4,0,0
S01012853,342,319,20,268,31,16,13,3,0,1
S01012854,371,122,6,72,44,249,242,7,0,0
S01012855,265,111,6,70,35,153,130,16,0,0
S01012856,712,341,95,148,98,367,365,1,1,4
S01012857,456,121,8,85,32,330,325,1,0,4
S01012858,446,82,0,45,35,363,357,6,0,1
S01012859,542,177,37,73,70,329,325,6,0,36
S01012860,391,195,49,71,75,196,191,4,1,0
S01012861,319,167,29,61,77,152,140,11,2,0
S01012862,299,22,4,2,18,273,274,3,0,0
S01012863,473,28,9,3,17,444,431,5,8,0
S01012864,435,18,3,6,10,420,416,2,2,0
S01012865,414,173,6,90,77,241,229,11,1,0
S01012866,393,151,19,61,71,242,240,0,0,0
S01012867,404,137,4,71,65,267,265,2,0,0
S01012868,303,34,3,21,10,268,261,4,0,2
S01012869,251,71,5,39,29,180,178,2,0,0
S01012870,448,365,49,123,194,82,81,1,0,0
S01012871,385,215,25,161,24,171,170,1,0,0
S01012872,329,42,5,30,10,286,282,3,2,1
S01012873,325,113,6,80,27,215,213,4,0,0
S01012874,390,211,14,83,111,175,173,2,0,2
S01012875,271,137,3,39,95,131,131,0,0,0
S01012876,478,307,10,131,166,171,170,0,1,0
S01012877,330,271,9,103,159,59,57,0,1,0
S01012878,560,500,93,269,138,59,57,2,0,0
S01012879,332,225,19,146,62,109,104,1,0,0
S01012880,380,301,50,201,50,79,72,7,0,0
S01012881,421,257,85,123,49,164,153,11,0,0
S01012882,225,104,6,78,18,121,117,4,0,0
S01012883,293,97,15,46,36,196,192,0,4,0
S01012884,269,91,10,56,21,182,157,25,0,0
S01012885,332,71,5,15,51,261,260,2,0,0
S01012886,346,293,53,186,54,53,33,20,0,0
S01012887,358,238,99,88,51,120,119,2,0,0
S01012888,333,292,91,167,34,38,25,15,0,0
S01012889,387,360,191,58,113,23,23,0,0,0
S01012890,345,275,57,67,151,70,68,2,0,0
S01012891,205,180,23,44,113,25,25,0,0,0
S01012892,636,393,15,143,235,243,241,4,0,0
S01012893,347,165,10,54,101,185,185,0,0,0
S01012894,829,781,534,156,91,48,43,1,1,0
S01012895,506,488,345,122,18,16,13,1,1,2
S01012896,460,133,15,13,107,327,326,1,0,0
S01012897,445,432,129,175,128,15,13,1,1,2
S01012898,178,177,165,9,1,3,3,0,0,0
S01012899,302,74,7,7,59,228,231,0,1,0
S01012900,1221,1057,531,254,269,164,163,1,0,0
S01012901,356,241,12,9,218,115,114,2,0,0
S01012902,343,220,15,31,174,123,123,0,0,0
S01012903,382,235,9,17,212,147,145,2,1,0
S01012904,430,205,5,9,189,225,224,1,0,0
S01012905,268,197,8,31,161,71,69,2,0,0
S01012906,451,264,31,27,210,187,185,3,0,0
S01012907,463,289,15,77,197,174,172,2,0,0
S01012908,354,206,5,21,181,147,147,0,0,0
S01012909,275,199,1,44,156,79,79,0,0,0
S01012910,477,169,5,19,145,308,308,0,0,0
S01012911,363,250,28,79,143,114,110,2,0,0
S01012912,343,202,7,48,147,137,131,0,6,0
S01012913,414,272,9,90,171,142,141,0,1,0
S01012914,385,221,8,57,156,164,164,0,0,0
S01012915,507,287,108,105,74,220,220,0,0,0
S01012916,342,198,23,41,134,144,143,1,0,0
S01012917,263,257,38,38,179,6,6,0,0,0
S01012918,263,139,6,3,125,127,126,0,1,0
S01012919,201,134,2,3,129,67,67,0,0,0
S01012920,250,184,92,68,24,66,64,2,0,0
S01012921,323,195,6,25,164,128,128,0,0,0
S01012922,547,425,132,74,223,122,122,0,0,0
S01012923,303,224,6,6,212,79,79,0,0,0
S01012924,223,135,2,6,123,88,87,0,0,0
S01012925,199,152,56,57,39,47,47,0,0,0
S01012926,312,186,17,23,144,126,125,1,0,0
S01012927,336,230,6,11,213,106,105,1,0,0
S01012928,426,247,77,19,151,180,175,0,1,0
S01012929,334,251,25,29,195,78,78,0,0,0
S01012930,414,154,27,92,35,260,249,5,6,0
S01012931,572,228,37,79,113,343,338,4,1,0
S01012932,210,169,62,63,44,41,41,0,0,0
S01012933,381,287,24,165,95,91,93,1,0,0
S01012934,388,193,36,121,36,197,192,2,0,0
S01012935,362,319,14,126,183,43,43,0,0,0
S01012936,391,137,36,45,56,253,252,0,1,0
S01012937,300,176,52,27,97,124,122,1,0,0
S01012938,310,265,202,55,8,45,42,3,0,0
S01012939,222,220,168,46,3,2,2,0,0,0
S01012940,269,226,145,76,5,43,43,0,0,0
S01012941,271,266,234,28,4,5,5,0,0,0
S01012942,355,219,10,35,168,138,136,2,0,0
S01012943,282,263,98,80,81,18,18,0,0,5
S01012944,194,193,124,66,3,1,1,0,0,0
S01012945,360,336,262,67,6,24,23,2,0,0
S01012946,325,250,148,95,6,74,72,2,0,1
S01012947,151,148,139,6,2,3,3,0,0,0
S01012948,247,242,104,138,0,5,5,0,0,0
S01012949,296,276,142,87,47,20,17,3,0,0
S01012950,293,284,258,19,7,8,8,0,0,0
S01012951,354,335,286,29,20,19,18,1,0,0
S01012952,469,395,318,55,22,74,72,2,0,0
S01012953,285,245,75,129,45,42,42,0,0,0
S01012954,173,166,19,132,14,7,6,1,0,0
S01012955,427,301,220,60,20,126,126,0,0,0
S01012956,448,307,81,48,178,137,128,6,4,0
S01012957,275,210,31,47,132,65,65,0,0,0
S01012958,235,235,72,80,88,0,0,0,0,0
S01012959,227,202,69,77,56,25,25,0,0,0
S01012960,229,226,82,119,24,3,3,0,0,0
S01012961,235,223,90,103,30,12,12,0,0,0
S01012962,235,219,124,67,28,20,20,0,0,0
S01012963,252,249,227,17,6,3,3,0,0,0
S01012964,218,217,193,14,10,2,2,0,0,0
S01012965,256,187,119,61,10,66,64,0,2,0
S01012966,501,490,172,141,173,15,18,0,1,0
S01012967,177,175,11,11,151,4,4,0,0,0
S01012968,250,200,7,19,172,50,50,0,0,0
S01012969,330,277,20,55,209,53,52,1,0,0
S01012970,241,233,4,59,170,8,8,0,0,0
S01012971,301,264,16,46,206,37,34,4,0,0
S01012972,326,264,7,56,204,62,61,0,0,0
S01012973,344,287,27,25,235,57,55,4,0,0
S01012974,545,377,10,91,276,168,162,6,3,0
S01012975,269,203,3,22,178,66,64,1,1,0
S01012976,253,207,2,23,182,46,45,0,1,0
S01012977,278,219,10,19,191,58,58,0,0,0
S01012978,306,241,4,13,224,65,65,0,0,0
S01012979,242,237,52,10,175,3,3,0,0,0
S01012980,311,154,2,12,140,157,149,8,1,0
S01012981,328,181,1,35,145,147,146,0,1,0
S01012982,369,223,8,8,205,148,148,0,0,0
S01012983,324,269,52,21,196,54,54,0,0,1
S01012984,274,189,7,19,160,85,85,0,0,0
S01012985,320,280,5,14,263,34,34,0,0,0
S01012986,444,269,63,56,150,173,173,0,0,2
S01012987,343,234,5,76,150,111,109,0,2,0
S01012988,439,239,8,38,193,200,195,3,1,0
S01012989,448,280,13,48,219,168,168,0,0,0
S01012990,288,185,8,38,137,103,101,2,0,0
S01012991,378,277,9,75,192,102,96,5,1,0
S01012992,366,234,7,67,157,132,131,1,0,0
S01012993,355,185,5,38,145,167,166,1,0,0
S01012994,509,138,6,61,68,374,373,0,1,0
S01012995,334,327,44,125,158,7,7,0,0,0
S01012996,241,205,6,72,125,36,35,1,0,0
S01012997,202,172,2,20,150,30,30,0,0,0
S01012998,404,320,90,55,171,87,87,0,0,0
S01012999,212,130,5,17,108,85,85,0,0,0
S01013000,321,216,5,28,186,105,99,3,0,0
S01013001,135,117,74,22,21,20,12,5,0,1
S01013002,225,190,138,38,14,34,17,16,1,2
S01013003,230,221,218,3,1,9,8,0,0,0
S01013004,288,271,160,79,34,17,8,6,2,0
S01013005,401,375,276,73,26,26,11,10,1,0
S01013006,138,129,89,23,17,9,2,4,1,0
S01013007,452,345,223,91,30,107,94,8,1,0
S01013008,399,337,180,70,87,61,51,8,2,0
S01013009,271,247,109,96,42,21,23,0,1,0
S01013010,289,260,193,43,24,27,18,5,4,1
S01013011,269,244,160,54,32,21,21,5,0,0
S01013012,289,182,54,61,66,107,99,4,2,0
S01013013,398,374,232,108,34,24,24,0,0,0
S01013014,370,312,184,86,42,56,46,10,2,2
S01013015,322,299,225,57,16,11,6,4,1,12
S01013016,231,216,171,38,7,12,8,1,1,1
S01013017,391,328,148,129,42,62,59,6,0,1
S01013018,390,366,249,79,38,21,11,7,3,1
S01013019,378,271,193,23,57,106,93,12,2,1
S01013020,230,184,26,61,96,46,41,5,0,0
S01013021,193,186,7,91,91,5,4,1,1,0
S01013022,207,144,55,57,36,63,60,2,0,0
S01013023,343,327,269,52,4,18,9,4,1,0
S01013024,229,201,96,84,21,28,25,3,0,0
S01013025,463,405,265,84,56,57,52,3,3,0
S01013026,399,323,128,121,74,76,73,2,1,0
S01013027,406,362,19,208,136,46,36,1,7,1
S01013028,206,203,98,43,62,2,2,1,0,0
S01013029,288,258,21,74,159,30,30,0,0,0
S01013030,245,224,28,110,84,20,18,2,0,0
S01013031,282,241,25,81,135,38,36,0,0,0
S01013032,301,280,147,104,29,18,16,1,0,0
S01013033,323,254,55,167,32,69,65,3,2,0
S01013034,294,279,10,155,110,12,12,0,0,0
S01013035,306,273,23,80,173,33,33,0,0,0
S01013036,284,266,14,155,97,18,18,0,0,0
S01013037,285,263,124,113,23,23,23,0,0,1
S01013038,449,277,75,71,131,172,167,3,2,0
S01013039,179,174,166,7,4,5,5,0,0,0
S01013040,334,202,48,83,69,132,116,12,4,0
S01013041,265,211,40,70,100,54,49,4,1,0
S01013042,326,302,87,112,103,24,20,2,2,0
S01013043,286,274,8,118,149,16,10,1,1,0
S01013044,297,283,12,138,133,14,14,0,0,0
S01013045,291,268,92,95,78,23,23,3,0,0
S01013046,220,207,14,84,109,9,9,0,0,0
S01013047,352,343,130,175,38,9,9,0,0,0
S01013048,360,266,61,189,16,94,93,1,0,0
S01013049,392,294,145,126,27,94,90,4,0,0
S01013050,378,258,53,131,70,122,102,18,0,0
S01013051,429,334,40,135,158,95,94,0,1,0
S01013052,412,308,39,153,119,100,93,5,2,2
S01013053,368,136,28,67,41,229,217,11,4,0
S01013054,249,240,47,132,60,11,11,0,0,1
S01013055,336,228,36,104,88,104,96,4,4,0
S01013056,559,437,29,226,182,124,122,2,0,0
S01013057,425,266,29,122,115,159,159,0,0,0
S01013058,253,221,121,72,28,32,31,0,1,0
S01013059,548,307,148,122,37,241,223,16,2,0
S01013060,230,157,64,81,14,73,55,17,1,0
S01013061,395,377,239,133,5,18,15,3,0,0
S01013062,411,182,84,93,5,228,146,77,5,1
S01013063,362,192,53,122,16,167,91,79,0,0
S01013064,385,345,23,111,214,40,39,1,0,0
S01013065,410,207,15,97,95,202,195,7,0,1
S01013066,372,249,43,131,77,125,103,19,1,2
S01013067,400,29,8,9,12,371,333,8,27,0
S01013068,428,51,18,20,9,376,351,14,12,0
S01013069,389,56,11,15,32,333,287,38,8,0
S01013070,249,56,6,25,25,194,183,7,3,0
S01013071,380,18,4,8,8,360,345,15,3,0
S01013072,288,192,11,136,45,96,94,1,0,0
S01013073,607,329,85,152,92,275,268,4,3,2
S01013074,471,171,24,96,53,300,288,4,5,0
S01013075,481,121,19,63,39,359,350,8,2,0
S01013076,197,152,77,44,30,45,45,2,0,0
S01013077,339,217,14,84,115,122,122,2,0,0
S01013078,258,155,24,48,82,105,99,5,4,0
S01013079,390,328,250,51,27,62,60,1,1,0
S01013080,334,270,106,96,68,65,53,8,3,0
S01013081,429,370,222,111,39,59,56,0,2,0
S01013082,397,389,217,163,9,8,6,3,0,0
S01013083,236,183,124,50,14,47,43,1,3,0
S01013084,312,304,183,117,5,8,7,2,0,0
S01013085,208,183,11,107,65,24,22,2,0,0
S01013086,446,170,62,71,37,272,169,94,12,0
S01013087,340,217,162,49,6,123,57,65,0,0
S01013088,377,305,259,26,21,72,46,21,0,0
S01013089,441,211,54,96,65,226,208,15,3,0
S01013090,366,139,16,41,81,222,204,16,2,5
S01013091,338,30,5,7,18,311,297,3,7,0
S01013092,440,211,14,142,55,229,220,8,1,0
S01013093,215,195,122,37,33,20,12,7,1,2
S01013094,226,225,177,40,4,1,1,0,0,0
S01013095,250,240,225,14,4,7,0,6,0,0
S01013096,217,203,45,56,97,12,6,2,6,0
S01013097,390,331,198,84,50,53,49,2,4,2
S01013098,216,214,202,10,4,2,1,0,2,0
S01013099,435,272,117,80,72,163,125,18,16,0
S01013100,280,242,170,62,9,37,31,5,1,1
S01013101,466,299,61,94,141,167,166,1,0,0
S01013102,280,199,172,25,8,77,74,3,0,0
S01013103,346,303,259,28,16,43,43,0,0,0
S01013104,373,357,192,157,10,16,14,0,0,0
S01013105,404,301,196,92,11,103,90,13,0,0
S01013106,368,240,93,87,60,124,101,18,6,0
S01013107,506,481,377,64,40,25,19,6,0,0
S01013108,284,232,136,81,15,52,49,1,1,0
S01013109,528,510,310,146,54,12,13,3,0,4
S01013110,256,243,165,49,31,11,5,5,1,0
S01013111,180,165,85,61,19,14,8,4,2,1
S01013112,255,200,87,81,32,55,43,12,2,0
S01013113,370,356,85,176,91,18,15,3,0,0
S01013114,380,359,218,83,58,19,18,1,1,3
S01013115,328,140,52,46,43,188,156,12,20,0
S01013116,372,309,225,56,25,63,41,21,1,0
S01013117,262,188,48,99,45,74,55,12,2,0
S01013118,235,228,160,58,10,6,3,3,0,1
S01013119,351,330,217,72,38,20,17,2,2,2
S01013120,460,377,180,142,55,83,72,6,5,0
S01013121,163,151,78,42,34,11,6,2,3,2
S01013122,83,33,0,8,23,52,52,0,0,0
S01013123,554,146,5,18,121,407,395,10,1,0
S01013124,298,146,2,70,71,159,159,0,0,0
S01013125,405,235,17,100,122,172,168,0,0,0
S01013126,347,184,2,88,94,163,163,0,0,0
S01013127,383,164,0,47,116,219,218,1,0,0
S01013128,488,44,1,19,25,444,443,2,2,0
S01013129,596,217,8,37,172,379,379,0,0,0
S01013130,361,91,13,20,61,263,266,0,0,0
S01013131,310,113,0,89,24,201,201,0,0,0
S01013132,322,58,4,30,19,264,262,2,1,0
S01013133,513,146,10,46,92,367,366,0,2,0
S01013134,367,224,45,60,122,143,142,0,1,0
S01013135,436,112,5,62,43,323,318,6,0,0
S01013136,375,152,7,118,30,223,221,2,0,0
S01013137,300,198,7,171,23,102,101,1,0,0
S01013138,491,202,65,61,75,286,286,3,0,0
S01013139,345,139,5,60,74,206,200,3,3,0
S01013140,287,161,18,78,64,126,126,0,0,0
S01013141,482,209,16,57,132,274,269,1,1,0
S01013142,534,109,17,19,73,425,419,2,4,0
S01013143,346,131,7,62,62,218,216,2,0,0
S01013144,409,166,27,78,57,243,242,1,0,0
S01013145,331,148,4,116,28,182,182,0,0,0
S01013146,204,65,10,37,22,143,143,0,0,0
S01013147,377,251,64,96,92,123,123,0,0,0
S01013148,354,148,38,73,37,206,206,0,0,0
S01013149,396,151,14,65,72,245,242,1,2,0
S01013150,394,259,43,126,90,135,134,2,0,0
S01013151,221,108,61,20,32,114,111,0,2,0
S01013152,368,257,98,69,90,110,107,4,0,1
S01013153,397,177,14,62,99,222,221,1,0,0
S01013154,414,186,37,61,92,224,229,0,1,0
S01013155,374,32,8,9,15,342,342,0,0,0
S01013156,331,118,7,41,67,213,212,0,1,0
S01013157,437,163,12,60,91,274,274,0,0,0
S01013158,265,264,119,144,3,5,5,0,0,0
S01013159,247,217,56,101,60,31,30,1,0,0
S01013160,301,298,89,195,7,6,6,1,0,0
S01013161,479,212,36,76,100,267,266,0,1,0
S01013162,398,160,17,72,77,234,233,0,1,0
S01013163,234,217,66,115,36,17,17,0,0,0
S01013164,444,247,74,111,62,196,196,0,0,0
S01013165,410,262,42,145,75,148,133,13,2,0
S01013166,446,45,6,15,24,398,397,1,0,0
S01013167,440,37,1,14,18,403,397,6,0,0
S01013168,386,263,10,38,215,123,123,0,0,0
S01013169,438,160,13,80,67,278,276,0,0,0
S01013170,205,132,1,50,80,73,73,0,0,0
S01013171,225,206,90,75,41,21,21,0,0,2
S01013172,309,230,29,54,144,79,79,0,0,0
S01013173,355,197,58,93,46,156,155,0,0,0
S01013174,279,263,99,112,56,15,15,0,0,0
S01013175,372,301,85,117,102,71,71,3,0,0
S01013176,328,108,36,29,41,218,214,8,0,0
S01013177,275,153,14,102,33,122,122,0,0,0
S01013178,348,106,28,44,34,235,230,8,1,7
S01013179,346,254,96,101,60,92,85,5,0,0
S01013180,168,162,25,77,58,8,6,4,0,0
S01013181,312,259,6,79,174,49,49,0,0,0
S01013182,342,152,19,95,42,190,187,1,2,0
S01013183,317,276,117,127,29,42,39,2,0,0
S01013184,164,78,8,58,8,85,85,0,0,0
S01013185,314,173,6,140,24,139,136,1,2,0
S01013186,269,151,4,94,53,118,118,0,0,0
S01013187,318,200,27,67,104,118,118,0,0,0
S01013188,444,324,39,182,104,120,120,0,0,0
S01013189,189,170,23,99,48,19,19,0,0,0
S01013190,376,175,61,95,19,199,199,0,0,0
S01013191,492,456,177,172,107,36,36,0,0,0
S01013192,387,169,38,61,69,218,217,0,1,0
S01013193,569,209,46,70,93,358,357,1,2,0
S01013194,268,67,3,24,40,201,195,1,5,0
S01013195,832,108,40,34,34,724,699,8,17,0
S01013196,348,52,9,22,21,300,294,2,0,0
S01013197,305,194,56,71,67,111,97,12,2,0
S01013198,582,377,122,165,91,203,201,1,1,1
S01013199,518,183,90,46,43,335,325,9,1,0
S01013200,329,165,56,64,45,154,149,5,0,10
S01013201,383,182,19,87,76,201,198,3,0,0
S01013202,262,149,31,79,38,113,109,1,1,0
S01013203,353,222,21,51,147,131,129,2,0,0
S01013204,290,253,58,146,53,37,36,0,1,0
S01013205,275,223,7,102,114,52,52,0,0,0
S01013206,282,220,5,121,93,62,62,0,0,0
S01013207,502,255,66,92,97,247,238,8,1,0
S01013208,427,260,26,125,112,167,162,4,1,0
S01013209,419,102,17,56,29,317,308,8,0,0
S01013210,308,169,52,85,32,143,114,17,7,0
S01013211,404,212,56,90,65,196,190,5,1,0
S01013212,190,184,118,64,4,6,6,0,0,0
S01013213,206,195,105,55,35,11,11,0,0,0
S01013214,152,150,44,95,8,2,2,0,0,0
S01013215,606,467,200,176,91,138,138,0,0,0
S01013216,190,165,4,23,138,25,24,1,0,0
S01013217,287,260,14,47,206,23,21,2,0,0
S01013218,217,204,9,21,173,10,10,0,0,0
S01013219,199,193,5,12,176,6,6,0,0,0
S01013220,247,194,8,23,164,53,52,0,1,0
S01013221,369,317,38,91,188,51,49,2,2,1
S01013222,303,166,11,68,87,134,130,4,0,0
S01013223,563,186,63,72,51,376,359,10,7,0
S01013224,376,233,42,74,120,137,132,5,0,0
S01013225,306,207,55,104,48,99,94,5,0,0
S01013226,202,142,38,65,36,60,59,1,0,0
S01013227,323,217,34,103,80,107,101,3,0,0
S01013228,411,94,12,28,54,317,307,4,4,0
S01013229,368,254,7,66,179,118,117,0,1,0
S01013230,286,216,12,66,138,70,69,0,0,0
S01013231,312,200,8,74,118,112,111,0,1,0
S01013232,339,213,7,162,44,126,123,2,0,0
S01013233,284,194,23,120,50,88,86,4,1,0
S01013234,139,135,118,16,1,5,3,1,0,0
S01013235,359,244,32,54,158,115,109,4,2,0
S01013236,409,322,96,204,22,87,81,5,1,0
S01013237,341,238,67,77,101,99,93,5,1,0
S01013238,472,326,20,167,139,146,144,0,0,0
S01013239,378,312,11,202,99,66,66,0,0,0
S01013240,245,150,9,70,74,95,98,0,2,0
S01013241,350,335,109,200,32,15,12,3,0,0
S01013242,257,242,176,43,21,18,18,0,0,1
S01013243,295,231,64,53,114,64,57,2,3,0
S01013244,333,273,37,165,69,64,56,3,4,0
S01013245,401,351,164,83,104,50,49,1,0,0
S01013246,238,220,67,97,56,14,14,0,0,0
S01013247,337,145,30,73,44,196,190,2,1,0
S01013248,293,186,14,79,93,107,102,1,4,0
S01013249,186,177,41,71,59,8,8,0,0,0
S01013250,507,446,275,96,72,63,58,5,0,2
S01013251,318,154,43,44,67,163,161,2,0,0
S01013252,197,186,18,94,74,9,10,1,0,0
S01013253,319,282,72,108,102,38,37,0,1,0
S01013254,288,188,24,90,74,100,100,0,0,0
S01013255,356,309,108,133,72,21,13,6,2,24
S01013256,361,207,118,36,41,157,144,6,10,0
S01013257,415,215,77,51,87,200,172,13,11,0
S01013258,306,289,115,131,40,24,12,8,0,0
S01013259,335,228,44,43,139,107,106,0,1,0
S01013260,381,276,35,147,98,101,97,5,0,0
S01013261,351,309,12,98,198,44,40,1,5,0
S01013262,272,249,19,55,178,15,15,0,0,1
S01013263,196,179,132,26,21,17,17,0,0,0
S01013264,164,162,156,0,8,3,3,0,0,0
S01013265,206,203,193,6,2,3,3,0,0,0
S01013266,188,184,156,26,3,4,3,1,0,0
S01013267,238,225,22,125,78,13,12,1,0,0
S01013268,289,277,22,42,213,10,8,1,0,0
S01013269,739,610,396,171,43,126,124,1,1,0
S01013270,276,274,242,30,0,3,3,0,0,0
S01013271,243,243,236,4,3,0,0,0,0,0
S01013272,258,259,234,20,0,2,2,0,0,0
S01013273,330,325,248,44,30,5,5,0,0,0
S01013274,348,326,180,97,49,19,19,0,0,0
S01013275,252,245,135,36,73,7,7,0,0,0
S01013276,235,226,100,97,26,9,9,0,0,0
S01013277,365,355,13,55,286,8,8,0,0,0
S01013278,369,317,16,61,240,52,48,1,0,0
S01013279,266,197,10,34,153,69,68,2,0,0
S01013280,254,250,4,36,213,8,8,0,0,0
S01013281,360,317,19,48,249,43,35,5,1,0
S01013282,346,262,9,46,203,88,81,3,0,0
S01013283,438,200,63,54,83,238,233,1,2,0
S01013284,304,248,49,84,115,56,53,4,0,0
S01013285,268,221,42,142,37,47,45,2,0,0
S01013286,290,279,64,95,121,6,6,0,0,0
S01013287,282,279,200,60,19,3,3,0,0,0
S01013288,325,242,81,75,86,83,65,11,7,0
S01013289,474,462,367,81,17,9,5,3,0,0
S01013290,342,319,67,146,106,23,20,2,1,0
S01013291,249,240,33,59,148,9,8,1,0,0
S01013292,595,546,295,158,91,50,49,1,0,0
S01013293,273,257,131,117,9,16,16,0,0,0
S01013294,273,244,64,130,50,29,29,0,0,0
S01013295,325,279,46,144,86,46,43,3,0,0
S01013296,292,262,37,127,98,29,29,0,0,0
S01013297,310,268,26,61,181,41,28,6,4,0
S01013298,1082,1021,694,184,146,58,51,5,2,0
S01013299,447,405,95,137,177,42,40,2,1,0
S01013300,349,289,81,83,126,60,55,3,2,0
S01013301,243,210,19,98,93,37,29,3,0,0
S01013302,332,316,157,93,67,19,18,0,0,0
S01013303,376,331,78,104,149,45,40,4,2,0
S01013304,435,294,19,68,207,141,140,1,0,0
S01013305,349,290,38,28,224,61,61,0,0,0
S01013306,494,191,12,46,136,299,297,3,0,0
S01013307,441,331,29,73,232,110,107,3,0,0
S01013308,389,288,16,82,188,103,102,1,0,0
S01013309,332,275,146,69,60,59,59,0,0,0
S01013310,245,238,9,23,206,7,6,1,0,0
S01013311,327,301,10,37,253,26,25,1,0,0
S01013312,519,322,41,84,197,197,194,1,0,0
S01013313,274,219,12,20,184,57,55,2,0,0
S01013314,335,274,12,63,199,61,58,3,0,0
S01013315,254,244,203,32,9,7,7,0,0,0
S01013316,254,254,191,37,23,0,0,0,0,0
S01013317,338,289,205,48,37,52,49,3,0,0
S01013318,245,224,115,99,10,23,23,0,0,0
S01013319,209,187,121,41,25,22,22,0,0,0
S01013320,356,323,200,72,50,33,33,0,0,0
S01013321,228,159,20,46,93,69,69,3,0,0
S01013322,268,265,80,30,157,4,4,0,0,0
S01013323,419,321,10,76,235,98,97,1,0,0
S01013324,279,227,13,24,190,54,54,0,0,0
S01013325,446,382,67,114,201,64,64,0,0,0
S01013326,210,187,16,18,153,26,26,0,0,0
S01013327,266,246,13,26,207,19,19,0,0,0
S01013328,236,215,15,30,174,17,16,0,0,0
S01013329,231,218,14,30,174,10,8,0,1,0
S01013330,450,239,149,61,29,215,215,0,0,0
S01013331,245,173,70,68,38,75,75,0,0,1
S01013332,285,274,13,40,221,10,11,0,0,1
S01013333,329,320,73,145,102,10,10,0,0,0
S01013334,316,240,6,38,196,78,74,4,0,0
S01013335,294,280,15,55,209,14,13,1,0,0
S01013336,342,311,25,127,155,31,21,10,0,0
S01013337,369,363,117,58,188,6,8,1,0,0
S01013338,167,160,137,23,2,1,1,0,0,0
S01013339,239,224,113,75,35,15,15,0,0,0
S01013340,332,328,275,35,19,8,8,0,0,0
S01013341,457,251,221,14,16,206,200,1,5,0
S01013342,319,221,14,49,160,94,94,0,0,0
S01013343,275,271,5,48,218,2,2,0,0,0
S01013344,352,284,25,97,159,69,67,0,0,0
S01013345,336,319,18,54,255,16,16,0,0,0
S01013346,287,268,167,82,18,19,19,0,0,0
S01013347,342,280,97,161,22,62,61,0,0,0
S01013348,317,263,166,46,51,54,54,0,0,0
S01013349,375,135,60,25,52,237,239,0,0,0
S01013350,286,219,13,43,159,71,68,2,1,0
S01013351,283,262,10,39,213,21,21,0,0,0
S01013352,330,328,16,40,268,8,2,1,0,0
S01013353,306,296,21,41,236,8,13,0,1,0
S01013354,331,316,153,86,78,14,13,0,1,0
S01013355,271,243,63,63,120,28,28,0,0,0
S01013356,308,265,42,97,129,36,34,4,0,0
S01013357,479,392,240,94,58,85,83,3,0,1
S01013358,374,283,100,93,93,90,83,6,4,0
S01013359,295,132,43,60,29,163,161,1,1,0
S01013360,300,259,25,158,76,41,38,2,1,0
S01013361,259,224,12,61,152,33,34,1,0,0
S01013362,205,172,8,67,96,33,33,0,0,0
S01013363,379,195,10,61,123,185,184,1,0,0
S01013364,405,391,177,113,101,12,13,1,0,0
S01013365,449,372,204,139,29,78,69,6,0,2
S01013366,341,327,76,196,55,14,12,1,0,0
S01013367,170,160,95,46,16,11,10,1,0,0
S01013368,304,273,65,135,71,31,31,0,0,0
S01013369,424,214,14,153,47,207,206,4,2,0
S01013370,355,216,15,126,71,143,137,2,0,0
S01013371,327,264,41,185,36,63,59,4,0,0
S01013372,581,327,24,154,150,253,250,2,1,1
S01013373,452,301,37,139,123,151,150,1,0,0
S01013374,447,141,34,57,55,303,296,4,3,1
S01013375,214,188,11,130,43,26,24,0,1,0
S01013376,265,192,5,121,69,66,64,1,5,0
S01013377,396,279,37,136,106,117,111,0,2,0
S01013378,412,269,90,136,44,148,142,3,1,0
S01013379,325,296,76,56,164,33,31,3,0,0
S01013380,1266,1225,759,301,164,41,40,1,1,0
S01013381,191,187,23,67,97,4,4,0,0,0
S01013382,223,217,90,82,48,3,2,2,0,0
S01013383,382,243,23,118,102,139,133,2,2,0
S01013384,376,273,38,136,99,101,89,16,1,0
S01013385,208,185,64,64,54,24,24,0,0,1
S01013386,302,298,139,145,14,6,6,0,0,0
S01013387,259,249,9,147,93,10,7,2,1,0
S01013388,401,295,48,129,122,102,84,11,7,0
S01013389,329,226,5,18,200,104,103,0,0,0
S01013390,206,174,8,58,102,36,36,0,0,0
S01013391,166,161,36,70,55,2,4,2,0,0
S01013392,287,280,191,72,13,7,6,0,0,0
S01013393,337,243,74,128,45,94,92,2,0,0
S01013394,284,178,45,80,50,105,101,3,2,1
S01013395,301,74,25,30,19,229,226,2,2,0
S01013396,263,254,149,54,53,9,9,0,0,0
S01013397,370,310,54,155,101,64,57,6,1,0
S01013398,184,181,174,5,2,3,2,1,0,0
S01013399,395,377,206,100,73,16,16,0,0,0
S01013400,435,230,41,103,86,204,194,5,5,1
S01013401,1283,1019,595,203,221,264,258,6,2,0
S01013402,457,305,157,44,104,152,152,0,0,0
S01013403,379,270,130,38,102,111,111,0,0,0
S01013404,220,183,97,46,40,35,35,1,0,0
S01013405,291,269,70,136,63,22,18,2,0,0
S01013406,284,244,7,92,143,40,39,1,0,0
S01013407,261,231,9,67,153,32,31,0,2,0
S01013408,289,228,13,117,98,61,59,0,2,0
S01013409,414,397,137,111,149,19,15,4,0,0
S01013410,298,164,21,88,55,134,132,2,0,0
S01013411,334,196,109,55,36,131,131,3,0,0
S01013412,333,195,94,67,33,135,136,1,1,0
S01013413,338,240,123,93,24,99,78,20,0,0
S01013414,462,120,42,37,41,344,320,12,10,0
S01013415,377,101,13,35,53,272,263,4,9,0
S01013416,273,181,10,108,63,92,91,1,0,0
S01013417,438,185,44,62,78,253,241,6,1,0
S01013418,255,216,44,94,78,40,39,1,0,0
S01013419,188,173,73,77,25,10,9,1,0,0
S01013420,256,209,26,92,92,47,47,0,0,0
S01013421,271,260,170,57,30,14,14,0,0,0
S01013422,311,300,21,198,83,9,9,0,0,0
S01013423,381,343,118,164,61,38,37,1,0,0
S01013424,179,174,120,38,13,8,7,1,0,0
S01013425,148,119,49,41,29,29,27,2,0,0
S01013426,337,316,17,136,163,25,19,2,0,0
S01013427,193,161,137,12,12,31,25,4,0,1
S01013428,354,271,45,178,51,83,82,1,0,0
S01013429,307,263,73,114,78,42,43,2,1,0
S01013430,362,346,149,137,60,15,18,0,1,0
S01013431,303,255,98,67,91,48,45,1,0,0
S01013432,321,288,119,77,92,31,28,1,0,0
S01013433,307,289,150,55,82,18,16,2,0,0
S01013434,238,224,151,41,32,8,4,4,1,2
S01013435,223,208,173,29,6,16,14,1,0,0
S01013436,336,325,67,114,145,11,11,0,0,0
S01013437,302,160,51,35,74,138,140,2,0,0
S01013438,283,133,49,27,57,150,145,5,0,0
S01013439,357,352,232,95,25,5,2,3,0,0
S01013440,382,381,320,39,22,1,1,0,0,0
S01013441,324,250,140,81,24,75,61,8,4,3
S01013442,330,202,42,134,26,128,121,6,1,0
S01013443,302,176,73,67,36,126,116,7,1,0
S01013444,553,112,54,19,39,441,393,24,24,0
S01013445,244,172,124,44,4,72,64,8,0,0
S01013446,332,273,80,63,130,62,57,0,1,0
S01013447,185,171,148,20,2,14,12,1,1,0
S01013448,364,240,142,78,21,127,112,4,6,0
S01013449,266,250,77,162,11,16,16,0,0,0
S01013450,248,222,56,101,58,23,21,1,0,0
S01013451,294,290,166,108,16,3,3,0,0,0
S01013452,329,308,175,99,35,21,20,2,0,0
S01013453,366,190,27,94,65,180,175,6,0,0
S01013454,344,295,125,66,104,49,43,5,0,0
S01013455,774,642,337,174,131,136,126,3,7,0
S01013456,371,297,41,82,174,74,71,2,1,0
S01013457,380,244,24,96,124,136,138,2,0,0
S01013458,528,441,186,167,91,87,84,3,0,0
S01013459,414,137,42,50,45,276,259,13,1,0
S01013460,361,288,17,195,76,73,70,3,0,0
S01013461,441,378,107,99,172,63,59,5,0,0
S01013462,356,306,106,77,123,50,42,5,0,0
S01013463,416,313,34,208,71,103,98,1,0,0
S01013464,324,294,86,88,124,29,28,1,1,0
S01013465,311,261,44,114,107,50,46,4,0,0
S01013466,134,129,88,34,7,1,0,1,0,0
S01013467,367,361,197,102,66,4,4,0,0,0
S01013468,334,155,45,73,39,182,170,11,4,0
S01013469,321,303,82,100,121,18,17,1,0,0
S01013470,332,134,15,82,35,200,196,0,0,0
S01013471,385,338,46,68,224,47,45,1,1,0
S01013472,250,239,180,34,25,7,10,1,0,0
S01013473,212,213,169,8,33,2,2,0,0,0
S01013474,212,206,96,82,28,6,6,0,0,0
S01013475,259,234,89,108,37,27,19,3,1,0
S01013476,256,203,76,100,27,56,51,7,0,0
S01013477,301,144,35,53,56,157,146,10,1,0
S01013478,355,241,109,50,82,113,103,9,0,1
S01013479,410,195,51,60,81,213,200,4,9,2
S01013480,303,285,17,71,197,18,18,0,0,0
S01013481,393,366,203,90,73,27,25,0,2,0
,,,,,,,,,,
,,,,,,,,,,
Cells in this table have been randomly adjusted to avoid the release of confidential data.,,,,,,,,,,